Gene_set,Term,Overlap,P-value,Odds Ratio,Combined Score,Genes,Adjusted P-value
KEGG_2021_Human,Fatty acid elongation,4/27,0.0020285138599879554,8.466796246229382,52.497962386796694,ACOT7;ELOVL1;MECR;PPT1,0.48481481253712133
KEGG_2021_Human,Various types of N-glycan biosynthesis,4/39,0.007855647073733905,5.560483162319183,26.949007498607397,B4GALT2;DDOST;MAN1C1;ST3GAL3,1.0
KEGG_2021_Human,Terpenoid backbone biosynthesis,3/22,0.00960128712356014,7.669452601907276,35.63118860146567,DHDDS;ICMT;ZMPSTE24,1.0
KEGG_2021_Human,Synthesis and degradation of ketone bodies,2/10,0.016608230698580723,12.120049211137395,49.66622706136711,HMGCL;OXCT2,1.0
KEGG_2021_Human,Spliceosome,7/150,0.03366926413778793,2.386332906699335,8.092460327388212,PPIE;PPIH;SF3A3;SNRNP40;SRSF10;SRSF4;SYF2,1.0
KEGG_2021_Human,Thyroid hormone signaling pathway,6/121,0.03702280577845019,2.540739068220654,8.374837939245237,CASP9;HDAC1;MTOR;PIK3CD;SLC2A1;SLC9A1,1.0
KEGG_2021_Human,Type II diabetes mellitus,3/46,0.0664369354158915,3.3846730090940396,9.177548042675847,MTOR;PIK3CD;PRKCZ,1.0
KEGG_2021_Human,Insulin resistance,5/108,0.069155419302931,2.3595137791371283,6.303202404852844,MTOR;PIK3CD;PRKCZ;PTPRF;SLC2A1,1.0
KEGG_2021_Human,Human papillomavirus infection,11/331,0.07600094082392052,1.6773259077733949,4.322484898746336,ATP6V0B;COL9A2;DVL1;HDAC1;HES4;HEYL;ISG15;MTOR;PIK3CD;PRKCZ;UBR4,1.0
KEGG_2021_Human,Mannose type O-glycan biosynthesis,2/23,0.07861646360379133,4.614097012145171,11.734452204765779,B4GALT2;ST3GAL3,1.0
KEGG_2021_Human,Arginine and proline metabolism,3/50,0.08094632220889833,3.0959821854647793,7.783203340247416,ALDH4A1;AZIN2;SRM,1.0
KEGG_2021_Human,N-Glycan biosynthesis,3/50,0.08094632220889833,3.0959821854647793,7.783203340247416,B4GALT2;DDOST;MAN1C1,1.0
KEGG_2021_Human,Peroxisome,4/82,0.08556087547866179,2.489603205067914,6.1207571034675485,HMGCL;PEX10;PEX14;PRDX1,1.0
KEGG_2021_Human,Glycosaminoglycan biosynthesis,3/53,0.09264500892703015,2.909776604223906,6.922300921733344,B3GALT6;B4GALT2;ST3GAL3,1.0
KEGG_2021_Human,Biosynthesis of unsaturated fatty acids,2/27,0.10352907053415962,3.8750494110136287,8.788235529457914,ACOT7;ELOVL1,1.0
KEGG_2021_Human,Butanoate metabolism,2/28,0.11005603014969592,3.725818645400529,8.222008708655835,HMGCL;OXCT2,1.0
KEGG_2021_Human,Notch signaling pathway,3/59,0.11795129485624908,2.5972172357124403,5.551508974729665,DVL1;HDAC1;HEYL,1.0
KEGG_2021_Human,Pentose phosphate pathway,2/30,0.12341749055433893,3.459335135377136,7.2375602203842995,H6PD;PGD,1.0
KEGG_2021_Human,Galactose metabolism,2/31,0.13023839108270976,3.3398770101942357,6.8079676581166435,B4GALT2;GALE,1.0
KEGG_2021_Human,Fc gamma R-mediated phagocytosis,4/97,0.1349966885360642,2.086449422232976,4.178125463294102,ASAP3;MARCKSL1;PIK3CD;WASF2,1.0
KEGG_2021_Human,Protein processing in endoplasmic reticulum,6/171,0.1356901112424406,1.766272684025001,3.527920536686878,DDOST;FBXO2;FBXO6;MAN1C1;UBE2J2;UBE4B,1.0
KEGG_2021_Human,Longevity regulating pathway,4/102,0.15358662175086762,1.9794902553584008,3.7085563071010355,HDAC1;MTOR;PIK3CD;SESN2,1.0
KEGG_2021_Human,Chagas disease,4/102,0.15358662175086762,1.9794902553584008,3.7085563071010355,C1QA;C1QB;C1QC;PIK3CD,1.0
KEGG_2021_Human,Nicotinate and nicotinamide metabolism,2/35,0.15830845520489012,2.9344433732098474,5.408795079373684,NADK;NMNAT1,1.0
KEGG_2021_Human,Adipocytokine signaling pathway,3/69,0.16490682467315199,2.202571568399984,3.9698591895059003,MTOR;SLC2A1;TNFRSF1B,1.0
KEGG_2021_Human,Central carbon metabolism in cancer,3/70,0.16987593886966892,2.169586258893271,3.845997095516413,MTOR;PIK3CD;SLC2A1,1.0
KEGG_2021_Human,"Alanine, aspartate and glutamate metabolism",2/37,0.17273335484087063,2.7664780093163155,4.857952467386849,ALDH4A1;RIMKLA,1.0
KEGG_2021_Human,HIF-1 signaling pathway,4/109,0.18110093992744244,1.8468608884339275,3.1557325372024554,ENO1;MTOR;PIK3CD;SLC2A1,1.0
KEGG_2021_Human,Inositol phosphate metabolism,3/73,0.18503266277025845,2.0762849548599975,3.5031555517771564,INPP5B;PIK3CD;PLCH2,1.0
KEGG_2021_Human,p53 signaling pathway,3/73,0.18503266277025845,2.0762849548599975,3.5031555517771564,CASP9;SESN2;TP73,1.0
KEGG_2021_Human,Prion disease,8/273,0.19255945798495583,1.4661230320922913,2.4152182171888636,C1QA;C1QB;C1QC;CASP9;NDUFS5;PIK3CD;PSMB2;SDHB,1.0
KEGG_2021_Human,Pertussis,3/76,0.20052747614989422,1.9906522511582265,3.198588006678188,C1QA;C1QB;C1QC,1.0
KEGG_2021_Human,Pancreatic cancer,3/76,0.20052747614989422,1.9906522511582265,3.198588006678188,CASP9;MTOR;PIK3CD,1.0
KEGG_2021_Human,mTOR signaling pathway,5/154,0.2041813686107856,1.62722384684993,2.585246383902719,DVL1;MTOR;PIK3CD;RRAGC;SESN2,1.0
KEGG_2021_Human,Bacterial invasion of epithelial cells,3/77,0.205759671811474,1.9636509481891993,3.1046233271749486,MAD2L2;PIK3CD;WASF2,1.0
KEGG_2021_Human,RNA degradation,3/79,0.2163150305305594,1.9117800240644895,2.926972418477339,ENO1;EXOSC10;PABPC4,1.0
KEGG_2021_Human,Diabetic cardiomyopathy,6/203,0.2318319694691647,1.4769288978483512,2.158889649747302,MTOR;NDUFS5;PIK3CD;PRKCZ;SDHB;SLC2A1,1.0
KEGG_2021_Human,Glycosphingolipid biosynthesis,2/45,0.23207551885733127,2.2508634038757043,3.287819175447391,B4GALT2;ST3GAL3,1.0
KEGG_2021_Human,Parkinson disease,7/249,0.2435083928551883,1.402928775191205,1.9817826164339094,CASP9;MFN2;NDUFS5;PINK1;PSMB2;SDHB;UBE2J2,1.0
KEGG_2021_Human,Carbohydrate digestion and absorption,2/47,0.24714505916966897,2.1506050083733634,3.006072304399674,PIK3CD;SLC2A5,1.0
KEGG_2021_Human,Other types of O-glycan biosynthesis,2/47,0.24714505916966897,2.1506050083733634,3.006072304399674,B4GALT2;ST3GAL3,1.0
KEGG_2021_Human,Complement and coagulation cascades,3/85,0.24859357298362783,1.7713489855805193,2.4656043384832835,C1QA;C1QB;C1QC,1.0
KEGG_2021_Human,Colorectal cancer,3/86,0.25404633861710374,1.7499177427596722,2.397804825884151,CASP9;MTOR;PIK3CD,1.0
KEGG_2021_Human,"Valine, leucine and isoleucine degradation",2/48,0.2546935009359511,2.103745106127704,2.877280429851786,HMGCL;OXCT2,1.0
KEGG_2021_Human,Ether lipid metabolism,2/49,0.26224645046489453,2.058879242275477,2.7557492662293295,PAFAH2;PLA2G5,1.0
KEGG_2021_Human,Lysosome,4/128,0.2624428581286423,1.562349504547557,2.0899891538842654,ATP6V0B;FUCA1;LAPTM5;PPT1,1.0
KEGG_2021_Human,Thiamine metabolism,1/15,0.2648950390319125,3.4532627030940426,4.587388801802879,ALPL,1.0
KEGG_2021_Human,ECM-receptor interaction,3/88,0.26500097329125955,1.7085680507288619,2.2690155843310986,AGRN;COL9A2;HSPG2,1.0
KEGG_2021_Human,Small cell lung cancer,3/92,0.2870667018762855,1.6314439060421817,2.0361083610743322,CASP9;PIK3CD;ZBTB17,1.0
KEGG_2021_Human,TGF-beta signaling pathway,3/94,0.2981557778901652,1.5954243879192815,1.9306855676677759,BMP8A;ID3;NBL1,1.0
KEGG_2021_Human,Fanconi anemia pathway,2/54,0.29996832872537305,1.8604340752367805,2.2401084489229586,CENPS;RPA2,1.0
KEGG_2021_Human,Insulin signaling pathway,4/137,0.3031652961539117,1.455953280656532,1.7376468850981712,MTOR;PIK3CD;PRKCZ;PTPRF,1.0
KEGG_2021_Human,Staphylococcus aureus infection,3/95,0.30370973390611744,1.5780019036098354,1.8804778158774251,C1QA;C1QB;C1QC,1.0
KEGG_2021_Human,Fatty acid biosynthesis,1/18,0.30879469444677227,2.8434276727112993,3.341251128771836,MECR,1.0
KEGG_2021_Human,Other glycan degradation,1/18,0.30879469444677227,2.8434276727112993,3.341251128771836,FUCA1,1.0
KEGG_2021_Human,Prostate cancer,3/97,0.3148301241348082,1.5442690084575033,1.7847457814008523,CASP9;MTOR;PIK3CD,1.0
KEGG_2021_Human,mRNA surveillance pathway,3/98,0.3203940861836539,1.5279351855416372,1.739101208902514,PABPC4;SRRM1;SSU72,1.0
KEGG_2021_Human,Choline metabolism in cancer,3/98,0.3203940861836539,1.5279351855416372,1.739101208902514,MTOR;PIK3CD;WASF2,1.0
KEGG_2021_Human,Glutathione metabolism,2/57,0.32246460773508284,1.7586858259551215,1.9904135982134301,PGD;SRM,1.0
KEGG_2021_Human,Apoptosis,4/142,0.32609561856218366,1.4028408339476468,1.571973823056129,CASP9;DFFA;DFFB;PIK3CD,1.0
KEGG_2021_Human,RNA transport,5/186,0.3267744932220966,1.337333429264222,1.4957873393850085,EIF2B3;EIF3I;EIF4G3;PABPC4;SRRM1,1.0
KEGG_2021_Human,Endometrial cancer,2/58,0.32992519472778353,1.727192320225084,1.9152651396971778,CASP9;PIK3CD,1.0
KEGG_2021_Human,Spinocerebellar ataxia,4/143,0.33069696417878874,1.3926768693256588,1.5410705435926382,MTOR;PIK3CD;PSMB2;PUM1,1.0
KEGG_2021_Human,Thermogenesis,6/232,0.33238246980140934,1.2854866941902665,1.4159236865574572,ARID1A;BMP8A;KDM1A;MTOR;NDUFS5;SDHB,1.0
KEGG_2021_Human,One carbon pool by folate,1/20,0.3365982456402897,2.543859587611004,2.769920202142577,MTHFR,1.0
KEGG_2021_Human,VEGF signaling pathway,2/59,0.3373628754250302,1.6968038497838198,1.8437405241455807,CASP9;PIK3CD,1.0
KEGG_2021_Human,Viral myocarditis,2/60,0.3447755082947065,1.667463257633634,1.7756178831760823,CASP9;EIF4G3,1.0
KEGG_2021_Human,Protein digestion and absorption,3/103,0.34820426262267234,1.4511662178370666,1.5309310344502591,COL16A1;COL8A2;COL9A2,1.0
KEGG_2021_Human,Breast cancer,4/147,0.34913002014349576,1.3534425443512712,1.4242423089273515,DVL1;HEYL;MTOR;PIK3CD,1.0
KEGG_2021_Human,Pantothenate and CoA biosynthesis,1/21,0.3500787817899415,2.4165431514433786,2.536396584700136,PPCS,1.0
KEGG_2021_Human,Arachidonic acid metabolism,2/61,0.3521610477474034,1.639117261827522,1.7106920806261854,PLA2G5;PRXL2B,1.0
KEGG_2021_Human,Basal cell carcinoma,2/63,0.36684312586294004,1.5852134009503258,1.589685244004497,DVL1;PTCH2,1.0
KEGG_2021_Human,Lysine degradation,2/63,0.36684312586294004,1.5852134009503258,1.589685244004497,PLOD1;PRDM2,1.0
KEGG_2021_Human,Pathways of neurodegeneration,11/475,0.3712884117598856,1.1481339741524355,1.1375437335628398,CASP9;DNALI1;DVL1;MFN2;MTOR;NDUFS5;PINK1;PSMB2;SDHB;TNFRSF1B;UBE2J2,1.0
KEGG_2021_Human,Mismatch repair,1/23,0.3762255768126393,2.1966329435174807,2.147354508526695,RPA2,1.0
KEGG_2021_Human,Vitamin digestion and absorption,1/24,0.38890277638284876,2.1010198096366555,1.9842575220700667,MMACHC,1.0
KEGG_2021_Human,Cytokine-cytokine receptor interaction,7/295,0.39178402541791135,1.1760477294188818,1.1020091113815311,BMP8A;CSF3R;IFNLR1;TNFRSF14;TNFRSF18;TNFRSF1B;TNFRSF25,1.0
KEGG_2021_Human,Pathways in cancer,12/531,0.3937310737755894,1.1193920087945164,1.0433709145971537,CASP9;CSF3R;DVL1;GNB1;HDAC1;HEYL;MTOR;PIK3CD;PLEKHG5;PTCH2;SLC2A1;ZBTB17,1.0
KEGG_2021_Human,Acute myeloid leukemia,2/67,0.3958021203638719,1.4873571612040306,1.378543433057296,MTOR;PIK3CD,1.0
KEGG_2021_Human,Glycolysis / Gluconeogenesis,2/67,0.3958021203638719,1.4873571612040306,1.378543433057296,AKR1A1;ENO1,1.0
KEGG_2021_Human,alpha-Linolenic acid metabolism,1/25,0.4013229542357001,2.0133744369125655,1.8381883184660535,PLA2G5,1.0
KEGG_2021_Human,Mitophagy,2/68,0.40294817954480944,1.4647464391414398,1.3313773386790626,MFN2;PINK1,1.0
KEGG_2021_Human,Cholinergic synapse,3/113,0.4033461207494495,1.3185652736200812,1.197204822809361,GNB1;KCNQ4;PIK3CD,1.0
KEGG_2021_Human,Endocytosis,6/252,0.4046223297382921,1.17975606867683,1.0674446666603645,ACAP3;ASAP3;CAPZB;LDLRAP1;PRKCZ;SMAP2,1.0
KEGG_2021_Human,Renal cell carcinoma,2/69,0.41005389163053085,1.4428106640060905,1.286217639609254,PIK3CD;SLC2A1,1.0
KEGG_2021_Human,Glycosylphosphatidylinositol (GPI)-anchor biosynthesis,1/26,0.4134913087078055,1.9327406940064027,1.7068396106737909,PIGV,1.0
KEGG_2021_Human,Folate biosynthesis,1/26,0.4134913087078055,1.9327406940064027,1.7068396106737909,ALPL,1.0
KEGG_2021_Human,JAK-STAT signaling pathway,4/162,0.41803597580861335,1.2240065197126662,1.0675635335806624,CSF3R;IFNLR1;MTOR;PIK3CD,1.0
KEGG_2021_Human,Hippo signaling pathway,4/163,0.4225856081239868,1.2162457853213366,1.0476293980349138,BMP8A;DVL1;PRKCZ;TP73,1.0
KEGG_2021_Human,Adherens junction,2/71,0.424139113707689,1.4008465724428134,1.2014973907915185,PTPRF;WASF2,1.0
KEGG_2021_Human,Huntington disease,7/306,0.4282562058239466,1.13213633318172,0.9600897077846419,CASP9;DNALI1;HDAC1;MTOR;NDUFS5;PSMB2;SDHB,1.0
KEGG_2021_Human,Non-small cell lung cancer,2/72,0.4311162145696749,1.3807637571946736,1.1617436766600513,CASP9;PIK3CD,1.0
KEGG_2021_Human,Human immunodeficiency virus 1 infection,5/212,0.43114982725300915,1.1677930491725805,0.9824638511345094,CASP9;GNB1;MTOR;PIK3CD;TNFRSF1B,1.0
KEGG_2021_Human,Phototransduction,1/28,0.43709281855306586,1.7893918177287802,1.4809180379879783,GNB1,1.0
KEGG_2021_Human,Hepatocellular carcinoma,4/168,0.44519444874806524,1.1788617598996893,0.9539869578395299,ARID1A;DVL1;MTOR;PIK3CD,1.0
KEGG_2021_Human,Linoleic acid metabolism,1/29,0.44853585458688644,1.7253967836762698,1.3833656118351094,PLA2G5,1.0
KEGG_2021_Human,Glioma,2/75,0.4517723859576435,1.3238165961485788,1.051873950617009,MTOR;PIK3CD,1.0
KEGG_2021_Human,Chronic myeloid leukemia,2/76,0.4585627889254206,1.3058602841070173,1.0181244858661687,HDAC1;PIK3CD,1.0
KEGG_2021_Human,Citrate cycle (TCA cycle),1/30,0.4597468326569739,1.6658152002480708,1.2944705177239204,SDHB,1.0
KEGG_2021_Human,Ascorbate and aldarate metabolism,1/30,0.4597468326569739,1.6658152002480708,1.2944705177239204,AKR1A1,1.0
KEGG_2021_Human,Glyoxylate and dicarboxylate metabolism,1/30,0.4597468326569739,1.6658152002480708,1.2944705177239204,HYI,1.0
KEGG_2021_Human,Amyotrophic lateral sclerosis,8/364,0.46016498850917503,1.0862175781510461,0.8430896965566762,CASP9;DNALI1;MTOR;NDUFS5;PINK1;PSMB2;SDHB;TNFRSF1B,1.0
KEGG_2021_Human,Cell cycle,3/124,0.46234500570655934,1.1980189606955491,0.924204420501927,HDAC1;MAD2L2;ZBTB17,1.0
KEGG_2021_Human,Circadian rhythm,1/31,0.4707304473761166,1.6102057223817519,1.213241137812878,PER3,1.0
KEGG_2021_Human,Synaptic vesicle cycle,2/78,0.471995823045005,1.271365263606123,0.9545221511357977,ATP6V0B;SLC6A9,1.0
KEGG_2021_Human,Relaxin signaling pathway,3/129,0.4883295290155462,1.150183122233433,0.8244108177151963,GNB1;PIK3CD;PRKCZ,1.0
KEGG_2021_Human,SNARE interactions in vesicular transport,1/33,0.4920338934036032,1.5094135437490483,1.0704876712298748,VAMP3,1.0
KEGG_2021_Human,Base excision repair,1/33,0.4920338934036032,1.5094135437490483,1.0704876712298748,MUTYH,1.0
KEGG_2021_Human,Tuberculosis,4/180,0.49822564348257903,1.0978063956900264,0.7648441367746085,ATP6V0B;CASP9;NFYC;PLK3,1.0
KEGG_2021_Human,Pentose and glucuronate interconversions,1/34,0.502362647812284,1.4635989170978194,1.007589813930351,AKR1A1,1.0
KEGG_2021_Human,Axon guidance,4/182,0.5068585258204947,1.0853596918226251,0.737527260367882,EPHA2;EPHB2;PIK3CD;PRKCZ,1.0
KEGG_2021_Human,Oxidative phosphorylation,3/133,0.5086710547142743,1.1145638209785653,0.7533935713054715,ATP6V0B;NDUFS5;SDHB,1.0
KEGG_2021_Human,Coronavirus disease,5/232,0.5092599215089852,1.0638052186182358,0.7178522950876309,C1QA;C1QB;C1QC;ISG15;PIK3CD,1.0
KEGG_2021_Human,ErbB signaling pathway,2/85,0.5173852254357802,1.163724175537067,0.7668564863300058,MTOR;PIK3CD,1.0
KEGG_2021_Human,Systemic lupus erythematosus,3/135,0.5186823722535243,1.0975636999251055,0.7205105986678547,C1QA;C1QB;C1QC,1.0
KEGG_2021_Human,DNA replication,1/36,0.5223958558716933,1.3798235997927155,0.8959603529216088,RPA2,1.0
KEGG_2021_Human,Apelin signaling pathway,3/137,0.5285827960708993,1.0810710451717493,0.6892431405273505,GNB1;MTOR;SLC9A1,1.0
KEGG_2021_Human,Autophagy,3/137,0.5285827960708993,1.0810710451717493,0.6892431405273505,MTOR;PIK3CD;RRAGC,1.0
KEGG_2021_Human,Aldosterone-regulated sodium reabsorption,1/37,0.5321087031225491,1.3414265793612092,0.8463160645807797,PIK3CD,1.0
KEGG_2021_Human,Measles,3/139,0.5383692161298376,1.065063468499374,0.6594986733641429,CASP9;PIK3CD;TP73,1.0
KEGG_2021_Human,GABAergic synapse,2/89,0.5421341290495703,1.1099920067801,0.67958354593806,GABRD;GNB1,1.0
KEGG_2021_Human,PD-L1 expression and PD-1 checkpoint pathway in cancer,2/89,0.5421341290495703,1.1099920067801,0.67958354593806,MTOR;PIK3CD,1.0
KEGG_2021_Human,Ubiquitin mediated proteolysis,3/140,0.5432187740160248,1.0572349456012051,0.6451703744541097,FBXO2;UBE2J2;UBE4B,1.0
KEGG_2021_Human,Bile secretion,2/90,0.5481823708095813,1.097322205624338,0.6596522306088085,SLC2A1;SLC9A1,1.0
KEGG_2021_Human,Chemokine signaling pathway,4/192,0.5489737375582607,1.0270985247837248,0.6159557874986239,FGR;GNB1;PIK3CD;PRKCZ,1.0
KEGG_2021_Human,Kaposi sarcoma-associated herpesvirus infection,4/193,0.5530820454873666,1.021611494237204,0.6050483083218419,CASP9;GNB1;MTOR;PIK3CD,1.0
KEGG_2021_Human,Morphine addiction,2/91,0.5541744646359392,1.0849371191012895,0.6404120431418843,GABRD;GNB1,1.0
KEGG_2021_Human,Signaling pathways regulating pluripotency of stem cells,3/143,0.5575888924464457,1.0344203931551126,0.6042394392425982,DVL1;ID3;PIK3CD,1.0
KEGG_2021_Human,Nicotine addiction,1/40,0.5600808180919766,1.23804998589177,0.7176656198349693,GABRD,1.0
KEGG_2021_Human,Homologous recombination,1/41,0.5690290739965186,1.207037007850938,0.6805561315596275,RPA2,1.0
KEGG_2021_Human,Retrograde endocannabinoid signaling,3/148,0.5809266437176741,0.9984940289583925,0.5423128495233277,GABRD;GNB1;NDUFS5,1.0
KEGG_2021_Human,PI3K-Akt signaling pathway,7/354,0.5809366470518476,0.9731027618999475,0.5285053143058175,CASP9;COL9A2;CSF3R;EPHA2;GNB1;MTOR;PIK3CD,1.0
KEGG_2021_Human,Gastric cancer,3/149,0.5855000597875992,0.9916040413042269,0.530794729548117,DVL1;MTOR;PIK3CD,1.0
KEGG_2021_Human,Fat digestion and absorption,1/43,0.5863845380984521,1.149441477203679,0.6135482926781658,PLA2G5,1.0
KEGG_2021_Human,Porphyrin and chlorophyll metabolism,1/43,0.5863845380984521,1.149441477203679,0.6135482926781658,UROD,1.0
KEGG_2021_Human,Circadian entrainment,2/97,0.5889378881401891,1.0161021118995048,0.5379595683951884,GNB1;PER3,1.0
KEGG_2021_Human,Phosphatidylinositol signaling system,2/97,0.5889378881401891,1.0161021118995048,0.5379595683951884,INPP5B;PIK3CD,1.0
KEGG_2021_Human,Epstein-Barr virus infection,4/202,0.5891373338697665,0.9747223241123901,0.5157216419034693,CASP9;HDAC1;ISG15;PIK3CD,1.0
KEGG_2021_Human,Phagosome,3/152,0.5990282395471824,0.9714889766762941,0.497836162309256,ATP6V0B;STX12;VAMP3,1.0
KEGG_2021_Human,Proteoglycans in cancer,4/205,0.6007719689777085,0.9600257185508814,0.4891713469777887,HSPG2;MTOR;PIK3CD;SLC9A1,1.0
KEGG_2021_Human,Basal transcription factors,1/45,0.6030427391237655,1.0970819038879889,0.5548680506880881,TAF12,1.0
KEGG_2021_Human,AGE-RAGE signaling pathway in diabetic complications,2/100,0.6055506937092178,0.9848453994456332,0.494015192203029,PIK3CD;PRKCZ,1.0
KEGG_2021_Human,Viral protein interaction with cytokine and cytokine receptor,2/100,0.6055506937092178,0.9848453994456332,0.494015192203029,TNFRSF14;TNFRSF1B,1.0
KEGG_2021_Human,Progesterone-mediated oocyte maturation,2/100,0.6055506937092178,0.9848453994456332,0.494015192203029,MAD2L2;PIK3CD,1.0
KEGG_2021_Human,Proteasome,1/46,0.6111191434292407,1.072647436340667,0.5282395406346738,PSMB2,1.0
KEGG_2021_Human,Non-alcoholic fatty liver disease,3/155,0.6122646891466732,0.9521679277573585,0.4671246267569814,NDUFS5;PIK3CD;SDHB,1.0
KEGG_2021_Human,Amoebiasis,2/102,0.6163407464821314,0.9650494815581812,0.4670408195764031,PIK3CD;PRDX1,1.0
KEGG_2021_Human,Pancreatic secretion,2/102,0.6163407464821314,0.9650494815581812,0.4670408195764031,PLA2G5;SLC9A1,1.0
KEGG_2021_Human,Cellular senescence,3/156,0.6166113169654245,0.945895953271691,0.4573562154445242,MTOR;PIK3CD;RBBP4,1.0
KEGG_2021_Human,Pyruvate metabolism,1/47,0.6190316235218402,1.0492753369475762,0.5032313178811124,AKR1A1,1.0
KEGG_2021_Human,Nucleotide excision repair,1/47,0.6190316235218402,1.0492753369475762,0.5032313178811124,RPA2,1.0
KEGG_2021_Human,Rap1 signaling pathway,4/210,0.6197170703379785,0.9364826125542894,0.44809966605648904,EPHA2;PIK3CD;PRKCZ;RAP1GAP,1.0
KEGG_2021_Human,Alzheimer disease,7/369,0.6245646970520526,0.9320538687600561,0.43871808841497617,CASP9;DVL1;MTOR;NDUFS5;PIK3CD;PSMB2;SDHB,1.0
KEGG_2021_Human,Amino sugar and nucleotide sugar metabolism,1/48,0.6267834984704764,1.0268977949754683,0.4797195105553678,GALE,1.0
KEGG_2021_Human,C-type lectin receptor signaling pathway,2/104,0.6269032016254474,0.9460298741761194,0.44176107456237956,PIK3CD;PLK3,1.0
KEGG_2021_Human,Cholesterol metabolism,1/50,0.6418183753616474,0.9848828182115101,0.43674620668751407,LDLRAP1,1.0
KEGG_2021_Human,Cysteine and methionine metabolism,1/50,0.6418183753616474,0.9848828182115101,0.43674620668751407,SRM,1.0
KEGG_2021_Human,Vibrio cholerae infection,1/50,0.6418183753616474,0.9848828182115101,0.43674620668751407,ATP6V0B,1.0
KEGG_2021_Human,Hepatitis B,3/162,0.6419952955911559,0.909920854335032,0.40325354045846373,CASP9;HSPG2;PIK3CD,1.0
KEGG_2021_Human,TNF signaling pathway,2/112,0.6668978262546574,0.8768676655140767,0.35523525094172187,PIK3CD;TNFRSF1B,1.0
KEGG_2021_Human,Human cytomegalovirus infection,4/225,0.6730712960103837,0.8722450880477518,0.3453253344632769,CASP9;GNB1;MTOR;PIK3CD,1.0
KEGG_2021_Human,Regulation of lipolysis in adipocytes,1/55,0.676814737208894,0.8934613409936385,0.3487695106169684,PIK3CD,1.0
KEGG_2021_Human,Influenza A,3/172,0.6816239736651253,0.8556389003181797,0.3279468232751028,CASP9;KPNA6;PIK3CD,1.0
KEGG_2021_Human,Pyrimidine metabolism,1/56,0.6833934896126639,0.8771716959620907,0.3339256385036218,CTPS1,1.0
KEGG_2021_Human,Hedgehog signaling pathway,1/56,0.6833934896126639,0.8771716959620907,0.3339256385036218,PTCH2,1.0
KEGG_2021_Human,Herpes simplex virus 1 infection,9/498,0.6846751453272262,0.8857071994915434,0.33551544714164117,CASP9;EIF2B3;MTOR;PIK3CD;SRSF4;TNFRSF14;ZFP69;ZNF436;ZNF684,1.0
KEGG_2021_Human,Legionellosis,1/57,0.6898386482176202,0.8614638239673836,0.31985940888887787,CASP9,1.0
KEGG_2021_Human,Ras signaling pathway,4/232,0.696131790629426,0.845160143504352,0.3061307650609766,EPHA2;GNB1;PIK3CD;PLA2G5,1.0
KEGG_2021_Human,Neurotrophin signaling pathway,2/119,0.6989947894569704,0.824109314034698,0.29512342729839364,PIK3CD;TP73,1.0
KEGG_2021_Human,Sphingolipid signaling pathway,2/119,0.6989947894569704,0.824109314034698,0.29512342729839364,PIK3CD;PRKCZ,1.0
KEGG_2021_Human,"Growth hormone synthesis, secretion and action",2/119,0.6989947894569704,0.824109314034698,0.29512342729839364,MTOR;PIK3CD,1.0
KEGG_2021_Human,AMPK signaling pathway,2/120,0.7033649578577466,0.817083383450277,0.2875147930794101,MTOR;PIK3CD,1.0
KEGG_2021_Human,Glycerolipid metabolism,1/61,0.7143366570360672,0.8038682933201244,0.27042203288015115,AKR1A1,1.0
KEGG_2021_Human,Chemical carcinogenesis,4/239,0.7180087885922644,0.8196887701252397,0.27154114289582915,KPNA6;MTOR;PAQR7;PIK3CD,1.0
KEGG_2021_Human,Platelet activation,2/124,0.7203207273498251,0.7901314530116789,0.25920950639456075,PIK3CD;PRKCZ,1.0
KEGG_2021_Human,GnRH secretion,1/64,0.7314347079777537,0.7654712728886184,0.2393990893057128,PIK3CD,1.0
KEGG_2021_Human,Shigellosis,4/246,0.7387062792137435,0.7956909472721918,0.24097889759356123,MTOR;PIK3CD;RRAGC;WASF2,1.0
KEGG_2021_Human,Neutrophil extracellular trap formation,3/189,0.7413417286145499,0.7767549639162701,0.23247777997169325,HDAC1;MTOR;PIK3CD,1.0
KEGG_2021_Human,FoxO signaling pathway,2/131,0.7480278786265796,0.7469874713405895,0.21686169075771283,PIK3CD;PLK3,1.0
KEGG_2021_Human,Retinol metabolism,1/68,0.7526544839709663,0.7196240843136859,0.20448047049339893,DHRS3,1.0
KEGG_2021_Human,Fc epsilon RI signaling pathway,1/68,0.7526544839709663,0.7196240843136859,0.20448047049339893,PIK3CD,1.0
KEGG_2021_Human,Amphetamine addiction,1/69,0.7576927279759729,0.7090050663716978,0.19673284524369125,HDAC1,1.0
KEGG_2021_Human,RIG-I-like receptor signaling pathway,1/70,0.762628594337006,0.6986938460512165,0.18933494848665977,ISG15,1.0
KEGG_2021_Human,Prolactin signaling pathway,1/70,0.762628594337006,0.6986938460512165,0.18933494848665977,PIK3CD,1.0
KEGG_2021_Human,Epithelial cell signaling in Helicobacter pylori infection,1/70,0.762628594337006,0.6986938460512165,0.18933494848665977,ATP6V0B,1.0
KEGG_2021_Human,Yersinia infection,2/137,0.7698712750799525,0.7135680061731425,0.18662083448867076,PIK3CD;WASF2,1.0
KEGG_2021_Human,Melanoma,1/72,0.7722014533287614,0.6789427761415625,0.1755133701599369,PIK3CD,1.0
KEGG_2021_Human,Fluid shear stress and atherosclerosis,2/139,0.7767778032029953,0.7030786849891993,0.1775983346655348,PIK3CD;PRKCZ,1.0
KEGG_2021_Human,PPAR signaling pathway,1/74,0.7813891647506905,0.6602739566379169,0.16287767568447573,FABP3,1.0
KEGG_2021_Human,Viral carcinogenesis,3/203,0.7835537228671734,0.7218610246436471,0.17607320229309656,HDAC1;PIK3CD;UBR4,1.0
KEGG_2021_Human,Metabolism of xenobiotics by cytochrome P450,1/76,0.7902071876334547,0.642600807507799,0.15130685365950441,AKR7A2,1.0
KEGG_2021_Human,Gastric acid secretion,1/76,0.7902071876334547,0.642600807507799,0.15130685365950441,SLC9A1,1.0
KEGG_2021_Human,Leishmaniasis,1/77,0.7944822268736084,0.634113045096624,0.14588700431493765,MARCKSL1,1.0
KEGG_2021_Human,Antigen processing and presentation,1/78,0.7986703619882654,0.6258457440467782,0.14069449264268788,NFYC,1.0
KEGG_2021_Human,Cell adhesion molecules,2/148,0.8056579700051769,0.6594330506108054,0.14250083222073287,PTPRF;SDC3,1.0
KEGG_2021_Human,Phospholipase D signaling pathway,2/148,0.8056579700051769,0.6594330506108054,0.14250083222073287,MTOR;PIK3CD,1.0
KEGG_2021_Human,B cell receptor signaling pathway,1/81,0.81073078840369,0.6022839360547178,0.12637075179759566,PIK3CD,1.0
KEGG_2021_Human,Lipid and atherosclerosis,3/215,0.8150629125850762,0.6805795986138309,0.13917170535419512,CASP9;MIB2;PIK3CD,1.0
KEGG_2021_Human,Regulation of actin cytoskeleton,3/218,0.8223063709496836,0.6709792669789899,0.13127188632629322,PIK3CD;SLC9A1;WASF2,1.0
KEGG_2021_Human,Insulin secretion,1/86,0.8292510661635999,0.5667102259490576,0.10610646779905766,SLC2A1,1.0
KEGG_2021_Human,Hepatitis C,2/157,0.8311713731346733,0.6208559415150637,0.11480823381039634,CASP9;PIK3CD,1.0
KEGG_2021_Human,Cardiac muscle contraction,1/87,0.8327322385617909,0.5600918612782371,0.10252096781932794,SLC9A1,1.0
KEGG_2021_Human,Salivary secretion,1/93,0.8521817093107091,0.5234031006030367,0.08372120520996221,SLC9A1,1.0
KEGG_2021_Human,Rheumatoid arthritis,1/93,0.8521817093107091,0.5234031006030367,0.08372120520996221,ATP6V0B,1.0
KEGG_2021_Human,Wnt signaling pathway,2/166,0.8536294342296116,0.5865129053688547,0.09282041634412781,CTNNBIP1;DVL1,1.0
KEGG_2021_Human,Glycerophospholipid metabolism,1/98,0.8666543162794382,0.49629628429661715,0.07102748947276744,PLA2G5,1.0
KEGG_2021_Human,Inflammatory mediator regulation of TRP channels,1/98,0.8666543162794382,0.49629628429661715,0.07102748947276744,PIK3CD,1.0
KEGG_2021_Human,Hematopoietic cell lineage,1/99,0.8693745628672458,0.4912068412350037,0.06875973247479089,CSF3R,1.0
KEGG_2021_Human,Melanogenesis,1/101,0.8746501028527698,0.48133332169547355,0.06446562400674406,DVL1,1.0
KEGG_2021_Human,MicroRNAs in cancer,4/310,0.8776215663651857,0.6271908278931818,0.08187336276964835,HDAC1;MTOR;PIK3CD;STMN1,1.0
KEGG_2021_Human,T cell receptor signaling pathway,1/104,0.8821675492648724,0.4672419879837169,0.05857965865450343,PIK3CD,1.0
KEGG_2021_Human,Toll-like receptor signaling pathway,1/104,0.8821675492648724,0.4672419879837169,0.05857965865450343,PIK3CD,1.0
KEGG_2021_Human,Glucagon signaling pathway,1/107,0.8892352053296279,0.45394827693489,0.05329057956198547,SLC2A1,1.0
KEGG_2021_Human,Th17 cell differentiation,1/107,0.8892352053296279,0.45394827693489,0.05329057956198547,MTOR,1.0
KEGG_2021_Human,Ribosome biogenesis in eukaryotes,1/108,0.8914958249765474,0.44968269363884894,0.05164809210421209,GNL2,1.0
KEGG_2021_Human,Alcoholism,2/186,0.8940976559629316,0.5222234053367001,0.05845783156119447,GNB1;HDAC1,1.0
KEGG_2021_Human,Toxoplasmosis,1/112,0.9000872965733121,0.43338893402153894,0.04562004653098925,CASP9,1.0
KEGG_2021_Human,Serotonergic synapse,1/113,0.9021269464924209,0.4294973441129403,0.044238239292982186,GNB1,1.0
KEGG_2021_Human,Transcriptional misregulation in cancer,2/192,0.904046156666672,0.5055758084862685,0.05099988972644643,HDAC1;ZBTB17,1.0
KEGG_2021_Human,Glutamatergic synapse,1/114,0.9041250588132373,0.4256746319018391,0.04290271974687759,GNB1,1.0
KEGG_2021_Human,Leukocyte transendothelial migration,1/114,0.9041250588132373,0.4256746319018391,0.04290271974687759,PIK3CD,1.0
KEGG_2021_Human,Pathogenic Escherichia coli infection,2/197,0.9116635767873563,0.49248539045003165,0.045547138063479244,CASP9;WASF2,1.0
KEGG_2021_Human,Focal adhesion,2/201,0.9173461068731747,0.4824866791861723,0.041624340061714775,COL9A2;PIK3CD,1.0
KEGG_2021_Human,Osteoclast differentiation,1/127,0.9266822178345784,0.3815010685735578,0.029049238357779877,PIK3CD,1.0
KEGG_2021_Human,Oocyte meiosis,1/129,0.9296474155559855,0.37550153413113496,0.027392794775419695,MAD2L2,1.0
KEGG_2021_Human,Natural killer cell mediated cytotoxicity,1/131,0.9324929749427082,0.36968660074847903,0.02583874997337291,PIK3CD,1.0
KEGG_2021_Human,Dopaminergic synapse,1/132,0.9338724028038617,0.36684571726382265,0.02509791988456987,GNB1,1.0
KEGG_2021_Human,Vascular smooth muscle contraction,1/133,0.9352237116654296,0.36404787746832773,0.024380109608509625,PLA2G5,1.0
KEGG_2021_Human,cAMP signaling pathway,2/216,0.9357395241260184,0.44832052212216716,0.029776609564872252,PIK3CD;SLC9A1,1.0
KEGG_2021_Human,Human T-cell leukemia virus 1 infection,2/219,0.9389206214529956,0.4420541025316261,0.027860167411391953,PIK3CD;SLC2A1,1.0
KEGG_2021_Human,MAPK signaling pathway,3/294,0.9397427427553495,0.4937965140573888,0.030689018360632925,EPHA2;MAP3K6;STMN1,1.0
KEGG_2021_Human,Estrogen signaling pathway,1/137,0.9403590206513813,0.35326796531509747,0.021723697676065974,PIK3CD,1.0
KEGG_2021_Human,Adrenergic signaling in cardiomyocytes,1/150,0.9544054811934294,0.3222305001222397,0.01503742284617935,SLC9A1,1.0
KEGG_2021_Human,Cushing syndrome,1/155,0.9588818492872551,0.31168830415263765,0.013086985766674103,DVL1,1.0
KEGG_2021_Human,Salmonella infection,2/249,0.9634948899576175,0.38776204616013693,0.014420131719440656,PIK3CD;PLEKHM2,1.0
KEGG_2021_Human,Tight junction,1/169,0.9692169680805102,0.2855085174947926,0.008926932829040606,PRKCZ,1.0
KEGG_2021_Human,NOD-like receptor signaling pathway,1/181,0.975985246882443,0.26631000727903964,0.0064734126805234046,MFN2,1.0
KEGG_2021_Human,Neuroactive ligand-receptor interaction,2/341,0.9929258483438331,0.2811851913518371,0.0019962158081741526,CORT;GABRD,1.0
KEGG_2021_Human,Olfactory transduction,1/440,0.9998911426021413,0.10773643542865124,1.1728546396331245e-05,GNB1,1.0
Reactome_2022,PTEN Regulation R-HSA-6807070,12/139,2.728398370325133e-05,4.668531799651557,49.06258436756605,AGO1;AGO3;AGO4;HDAC1;KDM1A;MTOR;OTUD3;PHC2;PSMB2;RBBP4;RRAGC;SCMH1,0.022018174848523822
Reactome_2022,Classical Antibody-Mediated Complement Activation R-HSA-173623,3/6,0.00015868801957796968,48.61290204434487,425.293397063444,C1QA;C1QB;C1QC,0.12806123179942153
Reactome_2022,Regulation Of PTEN Gene Transcription R-HSA-8943724,7/61,0.0002289637622406266,6.34827794680822,53.21092808789737,HDAC1;KDM1A;MTOR;PHC2;RBBP4;RRAGC;SCMH1,0.18477375612818567
Reactome_2022,Post-transcriptional Silencing By Small RNAs R-HSA-426496,3/7,0.00027351903067879236,36.45781549112121,299.1049989231875,AGO1;AGO3;AGO4,0.22072985775778545
Reactome_2022,Metabolism Of Vitamins And Cofactors R-HSA-196854,12/186,0.00043533261743593026,3.399264750062421,26.30827022283849,AGRN;HSPG2;LDLRAP1;MMACHC;MTHFR;NADK;NMNAT1;PANK4;PPCS;SDC3;SLC2A1;UBIAD1,0.3513134222707957
Reactome_2022,Defective B3GALT6 Causes EDSP2 And SEMDJL1 R-HSA-4420332,4/20,0.0006264124056022181,12.175372837677294,89.79948195301431,AGRN;B3GALT6;HSPG2;SDC3,0.50551481132099
Reactome_2022,Small Interfering RNA (siRNA) Biogenesis R-HSA-426486,3/9,0.0006368386518677125,24.302728937897548,178.843641984617,AGO1;AGO3;AGO4,0.513928792057244
Reactome_2022,NR1H3 And NR1H2 Regulate Gene Expression Linked To Cholesterol Transport And Efflux R-HSA-9029569,5/36,0.0007550367386109594,7.868634672248673,56.565601464569845,AGO1;AGO3;AGO4;KDM1A;KDM4A,0.6093146480590442
Reactome_2022,Competing Endogenous RNAs (ceRNAs) Regulate PTEN Translation R-HSA-8948700,3/10,0.0008961004327387058,20.82984706554793,146.1725782028529,AGO1;AGO3;AGO4,0.7231530492201356
Reactome_2022,Regulation Of PTEN mRNA Translation R-HSA-8943723,3/11,0.0012136442360103502,18.225185661285717,122.36622352803244,AGO1;AGO3;AGO4,0.9794108984603526
Reactome_2022,mRNA Splicing - Major Pathway R-HSA-72163,11/181,0.0012173738599418392,3.18189120924475,21.353860636482132,DNAJC8;HNRNPR;PPIE;PPIH;SF3A3;SNRNP40;SRRM1;SRSF10;SRSF4;SYF2;YBX1,0.9824207049730642
Reactome_2022,PIP3 Activates AKT Signaling R-HSA-1257604,14/268,0.0012254666990701303,2.7193475135872704,18.231684646297463,AGO1;AGO3;AGO4;CASP9;CLSTN1;HDAC1;KDM1A;MTOR;OTUD3;PHC2;PSMB2;RBBP4;RRAGC;SCMH1,0.9889516261495951
Reactome_2022,Diseases Associated With Glycosaminoglycan Metabolism R-HSA-3560782,5/40,0.0012332223958511279,6.967937129406628,46.67211180396604,AGRN;B3GALT6;HSPG2;SDC3;ST3GAL3,0.9952104734518602
Reactome_2022,TP53 Regulates Metabolic Genes R-HSA-5628897,7/81,0.0012908089776467655,4.627785566803451,30.786279354579523,AGO1;AGO3;AGO4;MTOR;PRDX1;RRAGC;SESN2,1.0
Reactome_2022,mRNA Splicing R-HSA-72172,11/189,0.0017204695544886235,3.037633262736635,19.33501575030314,DNAJC8;HNRNPR;PPIE;PPIH;SF3A3;SNRNP40;SRRM1;SRSF10;SRSF4;SYF2;YBX1,1.0
Reactome_2022,GAG Synthesis Requires Tetrasaccharide Linker Sequence R-HSA-1971475,4/26,0.0017558185009506379,8.852102905081114,56.16500086856025,AGRN;B3GALT6;HSPG2;SDC3,1.0
Reactome_2022,"Defective EXT1 Causes Exostoses 1, TRPS2 And CHDS R-HSA-3656253",3/13,0.002041069099331557,14.578659695318619,90.30432263013492,AGRN;HSPG2;SDC3,1.0
Reactome_2022,NR1H2 And NR1H3-mediated Signaling R-HSA-9024446,5/46,0.002326180048791467,5.946414306427234,36.056248581226505,AGO1;AGO3;AGO4;KDM1A;KDM4A,1.0
Reactome_2022,Transcriptional Regulation By TP53 R-HSA-3700989,16/354,0.0025250815822181814,2.337247703384181,13.980204849939373,AGO1;AGO3;AGO4;ARTN;ELOA;HDAC1;MEAF6;MTOR;NOC2L;PLK3;PRDX1;RBBP4;RRAGC;SESN2;TAF12;TP73,1.0
Reactome_2022,Creation Of C4 And C2 Activators R-HSA-166786,3/14,0.0025588528729155796,13.252650253148765,79.09441711180325,C1QA;C1QB;C1QC,1.0
Reactome_2022,TNFs Bind Their Physiological Receptors R-HSA-5669034,4/29,0.002659025246748158,7.788656526650335,46.185141761940976,TNFRSF14;TNFRSF18;TNFRSF1B;TNFRSF25,1.0
Reactome_2022,Regulation Of MECP2 Expression And Activity R-HSA-9022692,4/31,0.0034121484173209376,7.21098195071263,40.961356709281596,AGO1;AGO3;AGO4;HDAC1,1.0
Reactome_2022,Metabolism Of Water-Soluble Vitamins And Cofactors R-HSA-196849,8/122,0.003471942152526598,3.4347173623473113,19.450945739133342,LDLRAP1;MMACHC;MTHFR;NADK;NMNAT1;PANK4;PPCS;SLC2A1,1.0
Reactome_2022,Intracellular Signaling By Second Messengers R-HSA-9006925,14/306,0.004115178429316044,2.3608120740707013,12.968113263019745,AGO1;AGO3;AGO4;CASP9;CLSTN1;HDAC1;KDM1A;MTOR;OTUD3;PHC2;PSMB2;RBBP4;RRAGC;SCMH1,1.0
Reactome_2022,Regulation Of RUNX1 Expression And Activity R-HSA-8934593,3/17,0.0045693086794188036,10.41120144849908,56.099648746062805,AGO1;AGO3;AGO4,1.0
Reactome_2022,Regulation Of TP53 Activity R-HSA-5633007,9/157,0.0048598018332491,2.9786574253112366,15.86658612856869,ARTN;HDAC1;MEAF6;MTOR;NOC2L;PLK3;RBBP4;TAF12;TP73,1.0
Reactome_2022,Amino Acids Regulate mTORC1 R-HSA-9639288,5/55,0.005089524751675273,4.87381534229887,25.736527087390474,ATP6V0B;MTOR;RRAGC;SESN2;SZT2,1.0
Reactome_2022,Defective B3GAT3 Causes JDSSDHD R-HSA-3560801,3/20,0.007323284757840273,8.572616927843399,42.14895405261704,AGRN;HSPG2;SDC3,1.0
Reactome_2022,"Defective B4GALT7 Causes EDS, Progeroid Type R-HSA-3560783",3/20,0.007323284757840273,8.572616927843399,42.14895405261704,AGRN;HSPG2;SDC3,1.0
Reactome_2022,HS-GAG Degradation R-HSA-2024096,3/21,0.008416917307387863,8.095946866932668,38.678480339159734,AGRN;HSPG2;SDC3,1.0
Reactome_2022,Initial Triggering Of Complement R-HSA-166663,3/21,0.008416917307387863,8.095946866932668,38.678480339159734,C1QA;C1QB;C1QC,1.0
Reactome_2022,Transcriptional Regulation By RUNX1 R-HSA-8878171,10/204,0.009040320568936507,2.5252524627852004,11.883991231381371,AGO1;AGO3;AGO4;ARID1A;HDAC1;PHC2;PSMB2;SCMH1;TNFRSF18;TP73,1.0
Reactome_2022,Coenzyme A Biosynthesis R-HSA-196783,2/8,0.01061492331351352,16.161715779825517,73.46298870417887,PANK4;PPCS,1.0
Reactome_2022,Processing Of Capped Intron-Containing Pre-mRNA R-HSA-72203,11/242,0.010847142179474455,2.334297711850209,10.560021170920345,DNAJC8;HNRNPR;PPIE;PPIH;SF3A3;SNRNP40;SRRM1;SRSF10;SRSF4;SYF2;YBX1,1.0
Reactome_2022,RNA Polymerase II Transcription R-HSA-73857,39/1312,0.010959956381255291,1.5293937188876028,6.902929221211331,AGO1;AGO3;AGO4;ARID1A;ARTN;CITED4;DMAP1;ELOA;HDAC1;HIVEP3;INTS11;LSM10;MEAF6;MED8;MTOR;NFYC;NOC2L;PHC2;PINK1;PLK3;PRDX1;PSMB2;RBBP4;RRAGC;SCMH1;SESN2;SKI;SRRM1;SRSF4;SSU72;TAF12;TFAP2E;TNFRSF18;TP73;YBX1;ZFP69;ZNF436;ZNF684;ZNF691,1.0
Reactome_2022,Glycosaminoglycan Metabolism R-HSA-1630316,7/120,0.011315330292749762,3.024530278179537,13.554725245301874,AGRN;B3GALT6;B4GALT2;HSPG2;SDC3;SLC9A1;ST3GAL3,1.0
Reactome_2022,Collagen Biosynthesis And Modifying Enzymes R-HSA-1650814,5/67,0.011606861631989186,3.928082922314721,17.504161421830084,COL16A1;COL8A2;COL9A2;P3H1;PLOD1,1.0
Reactome_2022,Oxidative Stress Induced Senescence R-HSA-2559580,6/93,0.011691937144907308,3.3632757797112087,14.962728985308498,AGO1;AGO3;AGO4;PHC2;RBBP4;SCMH1,1.0
Reactome_2022,Other Interleukin Signaling R-HSA-449836,3/24,0.012247709569380873,6.938319576149462,30.545371428397793,CSF3R;IFNLR1;TXLNA,1.0
Reactome_2022,MicroRNA (miRNA) Biogenesis R-HSA-203927,3/24,0.012247709569380873,6.938319576149462,30.545371428397793,AGO1;AGO3;AGO4,1.0
Reactome_2022,Metabolism Of Fat-Soluble Vitamins R-HSA-6806667,4/47,0.015014874096929254,4.524123457979111,18.99550033215307,AGRN;HSPG2;SDC3;UBIAD1,1.0
Reactome_2022,Ketone Body Metabolism R-HSA-74182,2/10,0.016608230698580723,12.120049211137395,49.66622706136711,HMGCL;OXCT2,1.0
Reactome_2022,Chondroitin Sulfate/Dermatan Sulfate Metabolism R-HSA-1793185,4/50,0.0184940688235345,4.228422998860341,16.87269829045062,AGRN;B3GALT6;HSPG2;SDC3,1.0
Reactome_2022,Regulation Of TP53 Activity Thru Acetylation R-HSA-6804758,3/29,0.02052700748819854,5.602595779091917,21.771764633546383,HDAC1;MEAF6;RBBP4,1.0
Reactome_2022,Heparan Sulfate/Heparin (HS-GAG) Metabolism R-HSA-1638091,4/53,0.022434766443644814,3.968930759225502,15.070599435758327,AGRN;B3GALT6;HSPG2;SDC3,1.0
Reactome_2022,HS-GAG Biosynthesis R-HSA-2022928,3/30,0.022472276330802003,5.394816521771855,20.47587986885073,AGRN;HSPG2;SDC3,1.0
Reactome_2022,Signaling By NOTCH R-HSA-157118,9/203,0.023229086184706402,2.267002462956909,8.529256876773982,AGO1;AGO3;AGO4;HDAC1;HEYL;MIB2;PSMB2;ST3GAL3;YBX1,1.0
Reactome_2022,Antigen Processing: Ubiquitination And Proteasome Degradation R-HSA-983168,12/307,0.023573030260400325,1.9924975844629798,7.467187569371066,FBXO2;FBXO44;FBXO6;HECTD3;KLHL21;MIB2;PSMB2;RNF19B;RNF220;SPSB1;UBE2J2;UBR4,1.0
Reactome_2022,Activation Of TFAP2 (AP-2) Family Of Transcription Factors R-HSA-8866907,2/12,0.02371631416956426,9.695049269924523,36.27491981629173,CITED4;TFAP2E,1.0
Reactome_2022,Diseases Of Glycosylation R-HSA-3781865,7/143,0.0269211986122786,2.510061857885815,9.073475144498477,AGRN;B3GALT6;DHDDS;GALE;HSPG2;SDC3;ST3GAL3,1.0
Reactome_2022,Apoptosis Induced DNA Fragmentation R-HSA-140342,2/13,0.02765726781869747,8.813231109483478,31.620698725293106,DFFA;DFFB,1.0
Reactome_2022,Oncogene Induced Senescence R-HSA-2559585,3/33,0.028888860859607582,4.854590452739692,17.206121036358436,AGO1;AGO3;AGO4,1.0
Reactome_2022,Metabolism Of Carbohydrates R-HSA-71387,11/285,0.03181503098309034,1.9635959967638084,6.770118536473394,AGRN;AKR1A1;B3GALT6;B4GALT2;ENO1;GALE;HSPG2;SDC3;SLC2A1;SLC9A1;ST3GAL3,1.0
Reactome_2022,Transcriptional Regulation By MECP2 R-HSA-8986944,4/60,0.03349197524108615,3.4715706332587266,11.791014042605129,AGO1;AGO3;AGO4;HDAC1,1.0
Reactome_2022,RUNX1 Interacts With Co-Factors Whose Precise Effect On RUNX1 Targets Is Not Known R-HSA-8939243,3/35,0.03364795266898174,4.5507132889091,15.435123288878323,ARID1A;PHC2;SCMH1,1.0
Reactome_2022,Ca2+ Pathway R-HSA-4086398,4/61,0.03528879231361478,3.4104913195435085,11.40533050089723,AGO1;AGO3;AGO4;GNB1,1.0
Reactome_2022,Diseases Associated With Glycosylation Precursor Biosynthesis R-HSA-5609975,2/15,0.03625411909852887,7.456587785728026,24.735009957849513,DHDDS;GALE,1.0
Reactome_2022,Collagen Formation R-HSA-1474290,5/90,0.03637279918585522,2.861815978214946,9.48386944023172,COL16A1;COL8A2;COL9A2;P3H1;PLOD1,1.0
Reactome_2022,Early SARS-CoV-2 Infection Events R-HSA-9772572,3/37,0.03878753506616667,4.282586379646814,13.916934002270452,AGRN;HSPG2;SDC3,1.0
Reactome_2022,NCAM1 Interactions R-HSA-419037,3/37,0.03878753506616667,4.282586379646814,13.916934002270452,AGRN;ARTN;COL9A2,1.0
Reactome_2022,Transcription Of E2F Targets Under Negative Control By P107 (RBL1) And P130 (RBL2) In Complex With HDAC1 R-HSA-1362300,2/16,0.040887572817469076,6.92362076568124,22.13432473915053,HDAC1;RBBP4,1.0
Reactome_2022,Gap Junction Assembly R-HSA-190861,2/16,0.040887572817469076,6.92362076568124,22.13432473915053,GJA4;GJB3,1.0
Reactome_2022,FOXO-mediated Transcription Of Cell Death Genes R-HSA-9614657,2/16,0.040887572817469076,6.92362076568124,22.13432473915053,NFYC;PINK1,1.0
Reactome_2022,SUMOylation Of DNA Methylation Proteins R-HSA-4655427,2/16,0.040887572817469076,6.92362076568124,22.13432473915053,PHC2;SCMH1,1.0
Reactome_2022,Generic Transcription Pathway R-HSA-212436,33/1190,0.04319444019660944,1.4098145662338475,4.429698681587566,AGO1;AGO3;AGO4;ARID1A;ARTN;CITED4;ELOA;HDAC1;HIVEP3;MEAF6;MED8;MTOR;NFYC;NOC2L;PHC2;PINK1;PLK3;PRDX1;PSMB2;RBBP4;RRAGC;SCMH1;SESN2;SKI;TAF12;TFAP2E;TNFRSF18;TP73;YBX1;ZFP69;ZNF436;ZNF684;ZNF691,1.0
Reactome_2022,Gene Expression (Transcription) R-HSA-74160,39/1449,0.04363984197422693,1.3704678166201012,4.29201019358158,AGO1;AGO3;AGO4;ARID1A;ARTN;CITED4;DMAP1;ELOA;HDAC1;HIVEP3;INTS11;LSM10;MEAF6;MED8;MTOR;NFYC;NOC2L;PHC2;PINK1;PLK3;PRDX1;PSMB2;RBBP4;RRAGC;SCMH1;SESN2;SKI;SRRM1;SRSF4;SSU72;TAF12;TFAP2E;TNFRSF18;TP73;YBX1;ZFP69;ZNF436;ZNF684;ZNF691,1.0
Reactome_2022,Transcriptional Regulation By VENTX R-HSA-8853884,3/39,0.0443018061570585,4.044251349191447,12.604838827008733,AGO1;AGO3;AGO4,1.0
Reactome_2022,Integrin Cell Surface Interactions R-HSA-216083,4/66,0.045096520907222326,3.1346492576038143,9.714121872298001,AGRN;COL16A1;COL9A2;HSPG2,1.0
Reactome_2022,RUNX1 Regulates Genes Involved In Megakaryocyte Differentiation And Platelet Function R-HSA-8936459,4/66,0.045096520907222326,3.1346492576038143,9.714121872298001,AGO1;AGO3;AGO4;HDAC1,1.0
Reactome_2022,Vitamin B5 (Pantothenate) Metabolism R-HSA-199220,2/17,0.04573000803587579,6.4617160149740265,19.934397560862546,PANK4;PPCS,1.0
Reactome_2022,Class I MHC Mediated Antigen Processing And Presentation R-HSA-983169,13/378,0.04592277456313172,1.7426678780665918,5.3688009294238155,FBXO2;FBXO44;FBXO6;HECTD3;KLHL21;MIB2;PSMB2;RNF19B;RNF220;SPSB1;UBE2J2;UBR4;VAMP3,1.0
Reactome_2022,RET Signaling R-HSA-8853659,3/40,0.047197238653202994,3.934746064928171,12.014431901520158,ARTN;CLSTN1;RAP1GAP,1.0
Reactome_2022,Visual Phototransduction R-HSA-2187338,5/98,0.04942604331484589,2.6145656723367368,7.862725305929109,AGRN;DHRS3;GNB1;HSPG2;SDC3,1.0
Reactome_2022,Non-integrin membrane-ECM Interactions R-HSA-3000171,3/41,0.05018352561275882,3.8310042166787515,11.462626968031598,AGRN;HSPG2;SDC3,1.0
Reactome_2022,Cellular Senescence R-HSA-2559583,7/165,0.051693732873671065,2.1581167580371106,6.393245496531834,AGO1;AGO3;AGO4;ARTN;PHC2;RBBP4;SCMH1,1.0
Reactome_2022,TNFR2 Non-Canonical NF-kB Pathway R-HSA-5668541,5/100,0.053068057979857544,2.5592596828639795,7.5144472910828375,PSMB2;TNFRSF14;TNFRSF18;TNFRSF1B;TNFRSF25,1.0
Reactome_2022,RND1 GTPase Cycle R-HSA-9696273,3/42,0.053259566032830226,3.7325824632113536,10.946088642660161,EPHA2;PLEKHG5;UBXN11,1.0
Reactome_2022,RND3 GTPase Cycle R-HSA-9696264,3/42,0.053259566032830226,3.7325824632113536,10.946088642660161,EPHA2;PLEKHG5;UBXN11,1.0
Reactome_2022,Chromatin Modifying Enzymes R-HSA-3247509,9/238,0.05464034396207423,1.917052519441111,5.572838640668883,ARID1A;DMAP1;HDAC1;KDM1A;KDM4A;MEAF6;PADI2;RBBP4;TAF12,1.0
Reactome_2022,Transcription Of E2F Targets Under Negative Control By DREAM Complex R-HSA-1362277,2/19,0.056000761257752815,5.700931719691556,16.432308547886834,HDAC1;RBBP4,1.0
Reactome_2022,Retinoid Metabolism And Transport R-HSA-975634,3/43,0.056424190190322056,3.639081797417325,10.46184090097936,AGRN;HSPG2;SDC3,1.0
Reactome_2022,RND2 GTPase Cycle R-HSA-9696270,3/43,0.056424190190322056,3.639081797417325,10.46184090097936,EPHA2;NUDC;UBXN11,1.0
Reactome_2022,Collagen Chain Trimerization R-HSA-8948216,3/44,0.0596761643901573,3.550142139710811,10.00722087800485,COL16A1;COL8A2;COL9A2,1.0
Reactome_2022,RHOC GTPase Cycle R-HSA-9013106,4/73,0.0611254014565184,2.8156319164039942,7.869206251517213,ARHGEF10L;DHDDS;MACO1;VAMP3,1.0
Reactome_2022,Regulation Of Complement Cascade R-HSA-977606,3/45,0.06301419551970498,3.4654377037998443,9.579839535397518,C1QA;C1QB;C1QC,1.0
Reactome_2022,"Cobalamin (Cbl, Vitamin B12) Transport And Metabolism R-HSA-196741",2/21,0.06698752264725417,5.100312539205396,13.787414292270117,LDLRAP1;MMACHC,1.0
Reactome_2022,PINK1-PRKN Mediated Mitophagy R-HSA-5205685,2/22,0.07272614619962355,4.8450493874987774,12.699137598587185,MFN2;PINK1,1.0
Reactome_2022,G Alpha (12/13) Signaling Events R-HSA-416482,4/78,0.07418311260552017,2.6247142025585415,6.827455790864705,ARHGEF10L;ARHGEF16;GNB1;PLEKHG5,1.0
Reactome_2022,Pre-NOTCH Expression And Processing R-HSA-1912422,4/78,0.07418311260552017,2.6247142025585415,6.827455790864705,AGO1;AGO3;AGO4;ST3GAL3,1.0
Reactome_2022,Signaling By NOTCH3 R-HSA-9012852,3/49,0.07719918700577662,3.163447975769443,8.1027492046654,HEYL;MIB2;YBX1,1.0
Reactome_2022,EPH-ephrin Mediated Repulsion Of Cells R-HSA-3928665,3/49,0.07719918700577662,3.163447975769443,8.1027492046654,EPHA10;EPHA2;EPHB2,1.0
Reactome_2022,Miscellaneous Transport And Binding Events R-HSA-5223345,2/23,0.07861646360379133,4.614097012145171,11.734452204765779,NIPAL3;SLC66A1,1.0
Reactome_2022,Signaling By Nuclear Receptors R-HSA-9006931,9/260,0.08427690042624364,1.7470369976510798,4.321553645426895,AGO1;AGO3;AGO4;DHRS3;GNB1;HDAC1;KDM1A;KDM4A;PRKCZ,1.0
Reactome_2022,mTORC1-mediated Signaling R-HSA-166208,2/24,0.08464998669782865,4.404140307278255,10.874836813500051,MTOR;RRAGC,1.0
Reactome_2022,Transcriptional Activity Of SMAD2/SMAD3:SMAD4 Heterotrimer R-HSA-2173793,3/51,0.08477074011906037,3.0313274697561425,7.480724606012062,HDAC1;SKI;YBX1,1.0
Reactome_2022,Metabolism Of RNA R-HSA-8953854,19/666,0.08676608220956483,1.4377348481277357,3.5145996147494314,DNAJC8;EBNA1BP2;EXOSC10;HNRNPR;LSM10;NOL9;PNRC2;PPIE;PPIH;PSMB2;SF3A3;SNRNP40;SRRM1;SRSF10;SRSF4;SYF2;TRIT1;UTP11;YBX1,1.0
Reactome_2022,RHOD GTPase Cycle R-HSA-9013405,3/52,0.08867084425815938,2.9693117220356133,7.194120132056114,CAPZB;EFHD2;VAMP3,1.0
Reactome_2022,ESR-mediated Signaling R-HSA-8939211,7/188,0.08933976076960165,1.8816515967295395,4.544769360582555,AGO1;AGO3;AGO4;GNB1;HDAC1;KDM1A;PRKCZ,1.0
Reactome_2022,Gap Junction Trafficking R-HSA-190828,2/25,0.09081850791441015,4.212440707182376,10.1051910816592,GJA4;GJB3,1.0
Reactome_2022,NOTCH3 Activation And Transmission Of Signal To Nucleus R-HSA-9013507,2/25,0.09081850791441015,4.212440707182376,10.1051910816592,MIB2;YBX1,1.0
Reactome_2022,Estrogen-dependent Gene Expression R-HSA-9018519,5/119,0.09517704678005982,2.130638264450111,5.011296292809372,AGO1;AGO3;AGO4;HDAC1;KDM1A,1.0
Reactome_2022,HDMs Demethylate Histones R-HSA-3214842,2/26,0.09711409243306461,4.036716073761153,9.413092190254948,KDM1A;KDM4A,1.0
Reactome_2022,Constitutive Signaling By AKT1 E17K In Cancer R-HSA-5674400,2/26,0.09711409243306461,4.036716073761153,9.413092190254948,CASP9;MTOR,1.0
Reactome_2022,Synthesis Of IP3 And IP4 In Cytosol R-HSA-1855204,2/26,0.09711409243306461,4.036716073761153,9.413092190254948,INPP5B;PLCH2,1.0
Reactome_2022,N-glycan Antennae Elongation In medial/trans-Golgi R-HSA-975576,2/26,0.09711409243306461,4.036716073761153,9.413092190254948,B4GALT2;FUCA1,1.0
Reactome_2022,Chylomicron Clearance R-HSA-8964026,1/5,0.09747126057374132,12.092592300182906,28.1539456743534,LDLRAP1,1.0
Reactome_2022,Formation Of Xylulose-5-Phosphate R-HSA-5661270,1/5,0.09747126057374132,12.092592300182906,28.1539456743534,AKR1A1,1.0
Reactome_2022,N-glycan Trimming And Elongation In cis-Golgi R-HSA-964739,1/5,0.09747126057374132,12.092592300182906,28.1539456743534,MAN1C1,1.0
Reactome_2022,Estrogen-stimulated Signaling Thru PRKCZ R-HSA-9634635,1/5,0.09747126057374132,12.092592300182906,28.1539456743534,PRKCZ,1.0
Reactome_2022,Intestinal Absorption R-HSA-8963676,1/5,0.09747126057374132,12.092592300182906,28.1539456743534,SLC2A5,1.0
Reactome_2022,Diseases Of Base Excision Repair R-HSA-9605308,1/5,0.09747126057374132,12.092592300182906,28.1539456743534,MUTYH,1.0
Reactome_2022,Complement Cascade R-HSA-166658,3/55,0.10080888929195979,2.797575805271072,6.419118086999705,C1QA;C1QB;C1QC,1.0
Reactome_2022,ECM Proteoglycans R-HSA-3000178,3/55,0.10080888929195979,2.797575805271072,6.419118086999705,AGRN;COL9A2;HSPG2,1.0
Reactome_2022,Gap Junction Trafficking And Regulation R-HSA-157858,2/27,0.10352907053415962,3.8750494110136287,8.788235529457914,GJA4;GJB3,1.0
Reactome_2022,G0 And Early G1 R-HSA-1538133,2/27,0.10352907053415962,3.8750494110136287,8.788235529457914,HDAC1;RBBP4,1.0
Reactome_2022,E3 Ubiquitin Ligases Ubiquitinate Target Proteins R-HSA-8866654,3/56,0.10499523451889092,2.744650900104641,6.186004850324357,PEX10;PEX14;UBE2J2,1.0
Reactome_2022,NRAGE Signals Death Thru JNK R-HSA-193648,3/57,0.10924890482951045,2.6936861766110405,5.964161864162141,ARHGEF10L;ARHGEF16;PLEKHG5,1.0
Reactome_2022,NCAM Signaling For Neurite Out-Growth R-HSA-375165,3/57,0.10924890482951045,2.6936861766110405,5.964161864162141,AGRN;ARTN;COL9A2,1.0
Reactome_2022,SUMOylation Of Chromatin Organization Proteins R-HSA-4551638,3/57,0.10924890482951045,2.6936861766110405,5.964161864162141,HDAC1;PHC2;SCMH1,1.0
Reactome_2022,Mitophagy R-HSA-5205647,2/28,0.11005603014969592,3.725818645400529,8.222008708655835,MFN2;PINK1,1.0
Reactome_2022,Keratan Sulfate Biosynthesis R-HSA-2022854,2/28,0.11005603014969592,3.725818645400529,8.222008708655835,B4GALT2;ST3GAL3,1.0
Reactome_2022,Regulation Of TP53 Activity Thru Phosphorylation R-HSA-6804756,4/90,0.1106653919639383,2.2570866047352056,4.968398610680308,ARTN;NOC2L;PLK3;TAF12,1.0
Reactome_2022,MAPK6/MAPK4 Signaling R-HSA-5687128,4/90,0.1106653919639383,2.2570866047352056,4.968398610680308,AGO1;AGO3;AGO4;PSMB2,1.0
Reactome_2022,Neddylation R-HSA-8951664,8/237,0.11096688422478052,1.6997651597237036,3.7369735843916234,FBXO2;FBXO44;FBXO6;KLHL21;MUL1;PSMB2;SPSB1;WDTC1,1.0
Reactome_2022,Constitutive Signaling By NOTCH1 HD+PEST Domain Mutants R-HSA-2894862,3/58,0.11356817193946636,2.6445747157899353,5.752880866839084,HDAC1;HEYL;MIB2,1.0
Reactome_2022,Signaling By TGF-beta Receptor Complex R-HSA-170834,4/91,0.11401217640175877,2.231028709870333,4.8445673494963195,HDAC1;PRKCZ;SKI;YBX1,1.0
Reactome_2022,Sensory Perception Of Salty Taste R-HSA-9730628,1/6,0.11579717546281665,9.673580012998025,20.855417275770424,SCNN1D,1.0
Reactome_2022,Sensing Of DNA Double Strand Breaks R-HSA-5693548,1/6,0.11579717546281665,9.673580012998025,20.855417275770424,ARTN,1.0
Reactome_2022,LDL Remodeling R-HSA-8964041,1/6,0.11579717546281665,9.673580012998025,20.855417275770424,TRNP1,1.0
Reactome_2022,Synthesis Of Dolichyl-phosphate R-HSA-446199,1/6,0.11579717546281665,9.673580012998025,20.855417275770424,DHDDS,1.0
Reactome_2022,Activation Of Caspases Thru Apoptosome-Mediated Cleavage R-HSA-111459,1/6,0.11579717546281665,9.673580012998025,20.855417275770424,CASP9,1.0
Reactome_2022,Cobalamin (Cbl) Metabolism R-HSA-9759218,1/6,0.11579717546281665,9.673580012998025,20.855417275770424,MMACHC,1.0
Reactome_2022,Beta Oxidation Of decanoyl-CoA To octanoyl-CoA-CoA R-HSA-77346,1/6,0.11579717546281665,9.673580012998025,20.855417275770424,MECR,1.0
Reactome_2022,p75NTR Negatively Regulates Cell Cycle Via SC1 R-HSA-193670,1/6,0.11579717546281665,9.673580012998025,20.855417275770424,HDAC1,1.0
Reactome_2022,RHO GTPase Cycle R-HSA-9012999,13/441,0.11609802545455503,1.4812845936487953,3.189680330310038,ARHGEF10L;ARHGEF16;CAPZB;DHDDS;EFHD2;EPHA2;MACO1;NUDC;PLEKHG5;SRRM1;UBXN11;VAMP3;WASF2,1.0
Reactome_2022,Cristae Formation R-HSA-8949613,2/29,0.11668780960610317,3.5876420105735845,7.707163445422153,DNAJC11;MICOS10,1.0
Reactome_2022,Energy Dependent Regulation Of mTOR By LKB1-AMPK R-HSA-380972,2/29,0.11668780960610317,3.5876420105735845,7.707163445422153,MTOR;RRAGC,1.0
Reactome_2022,G1/S-Specific Transcription R-HSA-69205,2/29,0.11668780960610317,3.5876420105735845,7.707163445422153,HDAC1;RBBP4,1.0
Reactome_2022,Recruitment And ATM-mediated Phosphorylation Of Repair And Signal Proteins At DNA Double Strand Breaks R-HSA-5693565,3/60,0.12239652220441555,2.551521421602577,5.359443502640473,ARTN;EYA3;KDM4A,1.0
Reactome_2022,HDACs Deacetylate Histones R-HSA-3214815,3/60,0.12239652220441555,2.551521421602577,5.359443502640473,HDAC1;KDM1A;RBBP4,1.0
Reactome_2022,DNA Double Strand Break Response R-HSA-5693606,3/61,0.12690209444014655,2.50740132522064,5.176127346632068,ARTN;EYA3;KDM4A,1.0
Reactome_2022,P75 NTR Receptor-Mediated Signaling R-HSA-193704,4/95,0.1278344600676255,2.1325241402712547,4.386642957681845,ARHGEF10L;ARHGEF16;HDAC1;PLEKHG5,1.0
Reactome_2022,Nicotinate Metabolism R-HSA-196807,2/31,0.13023839108270976,3.3398770101942357,6.8079676581166435,NADK;NMNAT1,1.0
Reactome_2022,Downregulation Of SMAD2/3:SMAD4 Transcriptional Activity R-HSA-2173795,2/31,0.13023839108270976,3.3398770101942357,6.8079676581166435,HDAC1;SKI,1.0
Reactome_2022,Diseases Of Metabolism R-HSA-5668914,8/247,0.1313910894518709,1.6278042533751165,3.3037540530027227,AGRN;B3GALT6;DHDDS;GALE;HSPG2;MMACHC;SDC3;ST3GAL3,1.0
Reactome_2022,Pre-NOTCH Transcription And Translation R-HSA-1912408,3/62,0.1314662459590859,2.464776825326226,5.001044859950567,AGO1;AGO3;AGO4,1.0
Reactome_2022,Signaling By BRAF And RAF1 Fusions R-HSA-6802952,3/62,0.1314662459590859,2.464776825326226,5.001044859950567,AGTRAP;CLCN6;CNKSR1,1.0
Reactome_2022,GLI Proteins Bind Promoters Of Hh Responsive Genes To Promote Transcription R-HSA-5635851,1/7,0.13375187921204623,8.06090515487477,16.21667783793208,PTCH2,1.0
Reactome_2022,RHOT2 GTPase Cycle R-HSA-9013419,1/7,0.13375187921204623,8.06090515487477,16.21667783793208,MFN2,1.0
Reactome_2022,Retinoid Cycle In Cones (Daylight Vision) R-HSA-2187335,1/7,0.13375187921204623,8.06090515487477,16.21667783793208,DHRS3,1.0
Reactome_2022,Vitamin C (Ascorbate) Metabolism R-HSA-196836,1/7,0.13375187921204623,8.06090515487477,16.21667783793208,SLC2A1,1.0
Reactome_2022,MECP2 Regulates Transcription Of Neuronal Ligands R-HSA-9022702,1/7,0.13375187921204623,8.06090515487477,16.21667783793208,HDAC1,1.0
Reactome_2022,SMAC (DIABLO) Binds To IAPs R-HSA-111463,1/7,0.13375187921204623,8.06090515487477,16.21667783793208,CASP9,1.0
Reactome_2022,Aryl Hydrocarbon Receptor Signaling R-HSA-8937144,1/7,0.13375187921204623,8.06090515487477,16.21667783793208,AURKAIP1,1.0
Reactome_2022,Peroxisomal Protein Import R-HSA-9033241,3/63,0.13608720710128838,2.4235731420949596,4.833718162275604,HMGCL;PEX10;PEX14,1.0
Reactome_2022,GPVI-mediated Activation Cascade R-HSA-114604,2/32,0.13714405900793544,3.2283827600235293,6.413903508974267,PDPN;PRKCZ,1.0
Reactome_2022,Factors Involved In Megakaryocyte Development And Platelet Production R-HSA-983231,5/136,0.14365273941743611,1.8525251303647767,3.59455903668667,CAPZB;HDAC1;KDM1A;KIF1B;MFN2,1.0
Reactome_2022,Keratan Sulfate/Keratin Metabolism R-HSA-1638074,2/33,0.14412826534008571,3.1240816872831902,6.0515075694158575,B4GALT2;ST3GAL3,1.0
Reactome_2022,FOXO-mediated Transcription R-HSA-9614085,3/65,0.1454924706767534,2.345153228848355,4.520589926804832,HDAC1;NFYC;PINK1,1.0
Reactome_2022,KEAP1-NFE2L2 Pathway R-HSA-9755511,4/100,0.14603717667662272,2.020936932522299,3.888068549840508,MUL1;PRDX1;PSMB2;SESN2,1.0
Reactome_2022,Role Of ABL In ROBO-SLIT Signaling R-HSA-428890,1/8,0.15134287291183668,6.908994541929588,13.045614169703612,CAP1,1.0
Reactome_2022,"SMAC, XIAP-regulated Apoptotic Response R-HSA-111469",1/8,0.15134287291183668,6.908994541929588,13.045614169703612,CASP9,1.0
Reactome_2022,Synthesis Of diphthamide-EEF2 R-HSA-5358493,1/8,0.15134287291183668,6.908994541929588,13.045614169703612,DPH2,1.0
Reactome_2022,Noncanonical Activation Of NOTCH3 R-HSA-9017802,1/8,0.15134287291183668,6.908994541929588,13.045614169703612,YBX1,1.0
Reactome_2022,Miro GTPase Cycle R-HSA-9715370,1/8,0.15134287291183668,6.908994541929588,13.045614169703612,MFN2,1.0
Reactome_2022,Linoleic Acid (LA) Metabolism R-HSA-2046105,1/8,0.15134287291183668,6.908994541929588,13.045614169703612,ELOVL1,1.0
Reactome_2022,Recycling Of eIF2:GDP R-HSA-72731,1/8,0.15134287291183668,6.908994541929588,13.045614169703612,EIF2B3,1.0
Reactome_2022,Defective ST3GAL3 Causes MCT12 And EIEE15 R-HSA-3656243,1/8,0.15134287291183668,6.908994541929588,13.045614169703612,ST3GAL3,1.0
Reactome_2022,Transport Of RCbl Within Body R-HSA-9758890,1/8,0.15134287291183668,6.908994541929588,13.045614169703612,LDLRAP1,1.0
Reactome_2022,Sodium/Proton Exchangers R-HSA-425986,1/8,0.15134287291183668,6.908994541929588,13.045614169703612,SLC9A1,1.0
Reactome_2022,Synthesis Of Ketone Bodies R-HSA-77111,1/8,0.15134287291183668,6.908994541929588,13.045614169703612,HMGCL,1.0
Reactome_2022,Sensory Processing Of Sound By Inner Hair Cells Of Cochlea R-HSA-9662360,3/67,0.15510371683221316,2.2716345601796637,4.23355729257497,CAPZB;ESPN;KCNQ4,1.0
Reactome_2022,RNA Polymerase II Transcription Termination R-HSA-73856,3/67,0.15510371683221316,2.2716345601796637,4.23355729257497,LSM10;SRRM1;SRSF4,1.0
Reactome_2022,Beta-catenin Independent WNT Signaling R-HSA-3858494,5/142,0.16289507047441681,1.7708465628618275,3.2134649885187185,AGO1;AGO3;AGO4;GNB1;PSMB2,1.0
Reactome_2022,RHOB GTPase Cycle R-HSA-9013026,3/69,0.16490682467315199,2.202571568399984,3.9698591895059003,ARHGEF10L;DHDDS;VAMP3,1.0
Reactome_2022,SMAD2/SMAD3:SMAD4 Heterotrimer Regulates Transcription R-HSA-2173796,2/36,0.1654930402584542,2.8479906123822945,5.12303995395672,HDAC1;YBX1,1.0
Reactome_2022,Transcriptional Regulation By AP-2 (TFAP2) Family Of Transcription Factors R-HSA-8864260,2/36,0.1654930402584542,2.8479906123822945,5.12303995395672,CITED4;TFAP2E,1.0
Reactome_2022,Mitochondrial Fatty Acid Beta-Oxidation R-HSA-77289,2/36,0.1654930402584542,2.8479906123822945,5.12303995395672,ACOT7;MECR,1.0
Reactome_2022,Serine Biosynthesis R-HSA-977347,1/9,0.16857750644513964,6.0450615822207014,10.762383759291327,SERINC2,1.0
Reactome_2022,Chylomicron Assembly R-HSA-8963888,1/9,0.16857750644513964,6.0450615822207014,10.762383759291327,TRNP1,1.0
Reactome_2022,Maturation Of Protein 3A R-HSA-9683673,1/9,0.16857750644513964,6.0450615822207014,10.762383759291327,ST3GAL3,1.0
Reactome_2022,tRNA Modification In Mitochondrion R-HSA-6787450,1/9,0.16857750644513964,6.0450615822207014,10.762383759291327,TRIT1,1.0
Reactome_2022,ATF6 (ATF6-alpha) Activates Chaperone Genes R-HSA-381183,1/9,0.16857750644513964,6.0450615822207014,10.762383759291327,NFYC,1.0
Reactome_2022,Activation Of PUMA And Translocation To Mitochondria R-HSA-139915,1/9,0.16857750644513964,6.0450615822207014,10.762383759291327,TP73,1.0
Reactome_2022,Displacement Of DNA Glycosylase By APEX1 R-HSA-110357,1/9,0.16857750644513964,6.0450615822207014,10.762383759291327,MUTYH,1.0
Reactome_2022,Fatty acyl-CoA Biosynthesis R-HSA-75105,2/37,0.17273335484087063,2.7664780093163155,4.857952467386849,ELOVL1;PPT1,1.0
Reactome_2022,RHOA GTPase Cycle R-HSA-8980692,5/147,0.1796737115699995,1.7080537674223535,2.932066937263959,ARHGEF10L;DHDDS;MACO1;PLEKHG5;VAMP3,1.0
Reactome_2022,RUNX1 And FOXP3 Control Development Of Regulatory T Lymphocytes (Tregs) R-HSA-8877330,1/10,0.18546298152809074,5.373113724669346,9.053159192967247,TNFRSF18,1.0
Reactome_2022,SLBP Independent Processing Of Histone Pre-mRNAs R-HSA-111367,1/10,0.18546298152809074,5.373113724669346,9.053159192967247,LSM10,1.0
Reactome_2022,Negative Regulation Of Activity Of TFAP2 (AP-2) Family Transcription Factors R-HSA-8866904,1/10,0.18546298152809074,5.373113724669346,9.053159192967247,TFAP2E,1.0
Reactome_2022,Reactions Specific To Complex N-glycan Synthesis Pathway R-HSA-975578,1/10,0.18546298152809074,5.373113724669346,9.053159192967247,FUCA1,1.0
Reactome_2022,Caspase Activation Via Dependence Receptors In Absence Of Ligand R-HSA-418889,1/10,0.18546298152809074,5.373113724669346,9.053159192967247,CASP9,1.0
Reactome_2022,Urea Cycle R-HSA-70635,1/10,0.18546298152809074,5.373113724669346,9.053159192967247,TINAGL1,1.0
Reactome_2022,STAT3 Nuclear Events Downstream Of ALK Signaling R-HSA-9701898,1/10,0.18546298152809074,5.373113724669346,9.053159192967247,HDAC1,1.0
Reactome_2022,Translesion Synthesis By Y Family DNA Polymerases Bypasses Lesions On DNA Template R-HSA-110313,2/39,0.18736053896780133,2.6166710631410024,4.382192677725083,ISG15;MAD2L2,1.0
Reactome_2022,"Signaling By Rho GTPases, Miro GTPases And RHOBTB3 R-HSA-9716542",17/660,0.18882503010593316,1.2880136566147284,2.1470343483172156,ARHGEF10L;ARHGEF16;CAPZB;DHDDS;EFHD2;EPHA2;KDM1A;MACO1;MFN2;NUDC;PLEKHG5;PRKCZ;RCC2;SRRM1;UBXN11;VAMP3;WASF2,1.0
Reactome_2022,"Cell Death Signaling Via NRAGE, NRIF And NADE R-HSA-204998",3/74,0.19016229869467033,2.046936657347184,3.3976638308298988,ARHGEF10L;ARHGEF16;PLEKHG5,1.0
Reactome_2022,Signaling By NOTCH1 R-HSA-1980143,3/74,0.19016229869467033,2.046936657347184,3.3976638308298988,HDAC1;HEYL;MIB2,1.0
Reactome_2022,RHOG GTPase Cycle R-HSA-9013408,3/74,0.19016229869467033,2.046936657347184,3.3976638308298988,ARHGEF16;EPHA2;VAMP3,1.0
Reactome_2022,Immune System R-HSA-168256,45/1943,0.1942562491518813,1.1622089127077562,1.9043689325416013,ATAD3B;ATP6V0B;AURKAIP1;C1QA;C1QB;C1QC;CAP1;CAPZB;CASP9;CLSTN1;CSF3R;DDOST;EIF4G3;FBXO2;FBXO44;FBXO6;FGR;FUCA1;HECTD3;IFI6;IFNLR1;ISG15;KCNAB2;KLHL21;MIB2;MTOR;PADI2;PPIE;PSMB2;RAP1GAP;RNF19B;RNF220;SLC2A5;SPSB1;TINAGL1;TNFRSF14;TNFRSF18;TNFRSF1B;TNFRSF25;TRIM62;TXLNA;UBE2J2;UBR4;VAMP3;WASF2,1.0
Reactome_2022,Collagen Degradation R-HSA-1442490,2/40,0.1947375547738329,2.547681022139214,4.168267289202346,COL16A1;COL9A2,1.0
Reactome_2022,Sensory Processing Of Sound R-HSA-9659379,3/75,0.1953277966477002,2.0184035903208377,3.296206710499515,CAPZB;ESPN;KCNQ4,1.0
Reactome_2022,Protein Ubiquitination R-HSA-8852135,3/76,0.20052747614989422,1.9906522511582265,3.198588006678188,PEX10;PEX14;UBE2J2,1.0
Reactome_2022,Cellular Response To Starvation R-HSA-9711097,5/153,0.2006129201395118,1.6383028514071543,2.631733654648332,ATP6V0B;MTOR;RRAGC;SESN2;SZT2,1.0
Reactome_2022,Macroautophagy R-HSA-1632852,4/114,0.2016789938202376,1.7624603822092626,2.821836517577106,MFN2;MTOR;PINK1;RRAGC,1.0
Reactome_2022,SLBP Dependent Processing Of Replication-Dependent Histone Pre-mRNAs R-HSA-77588,1/11,0.20200635468965122,4.83555543862826,7.734258755464824,LSM10,1.0
Reactome_2022,Activation Of Phototransduction Cascade R-HSA-2485179,1/11,0.20200635468965122,4.83555543862826,7.734258755464824,GNB1,1.0
Reactome_2022,Formation Of Apoptosome R-HSA-111458,1/11,0.20200635468965122,4.83555543862826,7.734258755464824,CASP9,1.0
Reactome_2022,ATF6 (ATF6-alpha) Activates Chaperones R-HSA-381033,1/11,0.20200635468965122,4.83555543862826,7.734258755464824,NFYC,1.0
Reactome_2022,Mitochondrial Fatty Acid Beta-Oxidation Of Saturated Fatty Acids R-HSA-77286,1/11,0.20200635468965122,4.83555543862826,7.734258755464824,MECR,1.0
Reactome_2022,MTOR Signaling R-HSA-165159,2/41,0.20215058191029814,2.4822289319580295,3.968444650684286,MTOR;RRAGC,1.0
Reactome_2022,Deactivation Of Beta-Catenin Transactivating Complex R-HSA-3769402,2/42,0.2095951327041718,2.420049446285905,3.781514931355623,CTNNBIP1;HDAC1,1.0
Reactome_2022,RHOF GTPase Cycle R-HSA-9035034,2/42,0.2095951327041718,2.420049446285905,3.781514931355623,CAPZB;VAMP3,1.0
Reactome_2022,"Gamma Carboxylation, Hypusine Formation And Arylsulfatase Activation R-HSA-163841",2/42,0.2095951327041718,2.420049446285905,3.781514931355623,DPH2;ICMT,1.0
Reactome_2022,PPARA Activates Gene Expression R-HSA-1989781,4/116,0.2100989838567995,1.730810192375013,2.7003694012874444,MED18;MED8;NFYC;THRAP3,1.0
Reactome_2022,Oncogenic MAPK Signaling R-HSA-6802957,3/78,0.21102273417971207,1.9373696799660132,3.014139224337949,AGTRAP;CLCN6;CNKSR1,1.0
Reactome_2022,Asparagine N-linked Glycosylation R-HSA-446203,8/282,0.21612118850566875,1.4173054707532464,2.1711928860576775,B4GALT2;CAPZB;DDOST;DHDDS;FUCA1;MAN1C1;ST3GAL3;TRAPPC3,1.0
Reactome_2022,SUMOylation Of Transcription Cofactors R-HSA-3899300,2/43,0.2170668859975303,2.360903106256323,3.606396932103757,PHC2;SCMH1,1.0
Reactome_2022,Voltage Gated Potassium Channels R-HSA-1296072,2/43,0.2170668859975303,2.360903106256323,3.606396932103757,KCNAB2;KCNQ4,1.0
Reactome_2022,Cellular Responses To Stress R-HSA-2262752,18/722,0.2172456394013354,1.244801397817326,1.9004713893815641,AGO1;AGO3;AGO4;ARTN;ATP6V0B;CAPZB;MTOR;MUL1;NFYC;PHC2;PRDX1;PSMB2;RBBP4;RRAGC;SCMH1;SESN2;SZT2;ZBTB17,1.0
Reactome_2022,TP53 Regulates Transcription Of Caspase Activators And Caspases R-HSA-6803207,1/12,0.2182145401914772,4.395735022776464,6.691524436670892,TP73,1.0
Reactome_2022,TP53 Regulates Transcription Of Death Receptors And Ligands R-HSA-6803211,1/12,0.2182145401914772,4.395735022776464,6.691524436670892,TP73,1.0
Reactome_2022,Disorders Of Developmental Biology R-HSA-9675151,1/12,0.2182145401914772,4.395735022776464,6.691524436670892,HDAC1,1.0
Reactome_2022,Erythropoietin Activates Phosphoinositide-3-kinase (PI3K) R-HSA-9027276,1/12,0.2182145401914772,4.395735022776464,6.691524436670892,CLSTN1,1.0
Reactome_2022,Vitamin D (Calciferol) Metabolism R-HSA-196791,1/12,0.2182145401914772,4.395735022776464,6.691524436670892,LDLRAP1,1.0
Reactome_2022,HDR Thru MMEJ (alt-NHEJ) R-HSA-5685939,1/12,0.2182145401914772,4.395735022776464,6.691524436670892,ARTN,1.0
Reactome_2022,Hyaluronan Uptake And Degradation R-HSA-2160916,1/12,0.2182145401914772,4.395735022776464,6.691524436670892,SLC9A1,1.0
Reactome_2022,Regulation Of Lipid Metabolism By PPARalpha R-HSA-400206,4/118,0.2186168501362065,1.700270535517404,2.585150192639748,MED18;MED8;NFYC;THRAP3,1.0
Reactome_2022,RNA Polymerase II Pre-transcription Events R-HSA-674695,3/80,0.22163494560672767,1.8868550345500186,2.842969085357764,DMAP1;ELOA;TAF12,1.0
Reactome_2022,Signaling By TGFB Family Members R-HSA-9006936,4/119,0.22291040851381164,1.6853990504389162,2.529759273147812,HDAC1;PRKCZ;SKI;YBX1,1.0
Reactome_2022,ERCC6 (CSB) And EHMT2 (G9a) Positively Regulate rRNA Expression R-HSA-427389,2/45,0.23207551885733127,2.2508634038757043,3.287819175447391,HDAC1;RBBP4,1.0
Reactome_2022,Alpha-Linolenic (Omega3) And Linoleic (Omega6) Acid Metabolism R-HSA-2046104,1/13,0.2340943128892089,4.029218009566634,5.850550254605861,ELOVL1,1.0
Reactome_2022,FCGR Activation R-HSA-2029481,1/13,0.2340943128892089,4.029218009566634,5.850550254605861,FGR,1.0
Reactome_2022,Cytochrome C-Mediated Apoptotic Response R-HSA-111461,1/13,0.2340943128892089,4.029218009566634,5.850550254605861,CASP9,1.0
Reactome_2022,Defects In Cobalamin (B12) Metabolism R-HSA-3296469,1/13,0.2340943128892089,4.029218009566634,5.850550254605861,MMACHC,1.0
Reactome_2022,Advanced Glycosylation Endproduct Receptor Signaling R-HSA-879415,1/13,0.2340943128892089,4.029218009566634,5.850550254605861,DDOST,1.0
Reactome_2022,Glutamate And Glutamine Metabolism R-HSA-8964539,1/13,0.2340943128892089,4.029218009566634,5.850550254605861,RIMKLA,1.0
Reactome_2022,Adaptive Immune System R-HSA-1280218,18/733,0.23584248911986683,1.2249368878296492,1.769532945529503,CAPZB;CLSTN1;FBXO2;FBXO44;FBXO6;HECTD3;KLHL21;MIB2;MTOR;PSMB2;RAP1GAP;RNF19B;RNF220;SPSB1;TNFRSF14;UBE2J2;UBR4;VAMP3,1.0
Reactome_2022,Platelet Homeostasis R-HSA-418346,3/83,0.23774452669253987,1.8158188144337766,2.608530132271158,FGR;GNB1;PAFAH2,1.0
Reactome_2022,Signaling By Rho GTPases R-HSA-194315,16/644,0.23823416249424373,1.239000458839936,1.7773476610802488,ARHGEF10L;ARHGEF16;CAPZB;DHDDS;EFHD2;EPHA2;KDM1A;MACO1;NUDC;PLEKHG5;PRKCZ;RCC2;SRRM1;UBXN11;VAMP3;WASF2,1.0
Reactome_2022,RNA Polymerase I Transcription Initiation R-HSA-73762,2/46,0.2396045453773967,2.1995949061756437,3.142705188849947,HDAC1;RBBP4,1.0
Reactome_2022,Extracellular Matrix Organization R-HSA-1474244,8/291,0.24071120612374827,1.3715929133156248,1.9533641683234724,AGRN;COL16A1;COL8A2;COL9A2;HSPG2;P3H1;PLOD1;SDC3,1.0
Reactome_2022,Transport To Golgi And Subsequent Modification R-HSA-948021,5/164,0.2409452018121598,1.524098521411618,2.1690752968402647,B4GALT2;CAPZB;FUCA1;MAN1C1;TRAPPC3,1.0
Reactome_2022,Cellular Responses To Stimuli R-HSA-8953897,18/736,0.24102941308243775,1.219624929727095,1.7353266308810342,AGO1;AGO3;AGO4;ARTN;ATP6V0B;CAPZB;MTOR;MUL1;NFYC;PHC2;PRDX1;PSMB2;RBBP4;RRAGC;SCMH1;SESN2;SZT2;ZBTB17,1.0
Reactome_2022,Transcriptional Regulation Of White Adipocyte Differentiation R-HSA-381340,3/84,0.24315913644380605,1.7933093948907697,2.5358097238190243,MED18;MED8;THRAP3,1.0
Reactome_2022,Neutrophil Degranulation R-HSA-6798695,12/468,0.24445557904450504,1.2782527066700489,1.8007022842639393,ATAD3B;CAP1;DDOST;FGR;FUCA1;KCNAB2;PADI2;PPIE;SLC2A5;TINAGL1;TNFRSF1B;UBR4,1.0
Reactome_2022,SUMOylation Of RNA Binding Proteins R-HSA-4570464,2/47,0.24714505916966897,2.1506050083733634,3.006072304399674,PHC2;SCMH1,1.0
Reactome_2022,Sensory Perception Of Taste R-HSA-9717189,2/47,0.24714505916966897,2.1506050083733634,3.006072304399674,GNB1;SCNN1D,1.0
Reactome_2022,AKT Phosphorylates Targets In Cytosol R-HSA-198323,1/14,0.24965231103635377,3.7190882291583156,5.160926984389866,CASP9,1.0
Reactome_2022,Heme Biosynthesis R-HSA-189451,1/14,0.24965231103635377,3.7190882291583156,5.160926984389866,UROD,1.0
Reactome_2022,Regulation Of TP53 Activity Thru Association With Co-factors R-HSA-6804759,1/14,0.24965231103635377,3.7190882291583156,5.160926984389866,TP73,1.0
Reactome_2022,Repression Of WNT Target Genes R-HSA-4641265,1/14,0.24965231103635377,3.7190882291583156,5.160926984389866,HDAC1,1.0
Reactome_2022,TP53 Regulates Transcription Of Additional Cell Death Genes With Uncertain Roles In P53-Dependent Apoptosis R-HSA-6803205,1/14,0.24965231103635377,3.7190882291583156,5.160926984389866,TP73,1.0
Reactome_2022,"Synthesis Of IP2, IP, And Ins In Cytosol R-HSA-1855183",1/14,0.24965231103635377,3.7190882291583156,5.160926984389866,INPP5B,1.0
Reactome_2022,Inositol Phosphate Metabolism R-HSA-1483249,2/48,0.2546935009359511,2.103745106127704,2.877280429851786,INPP5B;PLCH2,1.0
Reactome_2022,DNA Damage Bypass R-HSA-73893,2/48,0.2546935009359511,2.103745106127704,2.877280429851786,ISG15;MAD2L2,1.0
Reactome_2022,NOTCH1 Intracellular Domain Regulates Transcription R-HSA-2122947,2/48,0.2546935009359511,2.103745106127704,2.877280429851786,HDAC1;HEYL,1.0
Reactome_2022,RAC2 GTPase Cycle R-HSA-9013404,3/87,0.25951595695430363,1.728996767625036,2.3323078633484404,EPHA2;VAMP3;WASF2,1.0
Reactome_2022,mRNA Splicing - Minor Pathway R-HSA-72165,2/49,0.26224645046489453,2.058879242275477,2.7557492662293295,SNRNP40;YBX1,1.0
Reactome_2022,Autophagy R-HSA-9612973,4/128,0.2624428581286423,1.562349504547557,2.0899891538842654,MFN2;MTOR;PINK1;RRAGC,1.0
Reactome_2022,Constitutive Signaling By NOTCH1 HD Domain Mutants R-HSA-2691232,1/15,0.2648950390319125,3.4532627030940426,4.587388801802879,MIB2,1.0
Reactome_2022,N-Glycan Antennae Elongation R-HSA-975577,1/15,0.2648950390319125,3.4532627030940426,4.587388801802879,B4GALT2,1.0
Reactome_2022,Synthesis Of Prostaglandins (PG) And Thromboxanes (TX) R-HSA-2162123,1/15,0.2648950390319125,3.4532627030940426,4.587388801802879,PRXL2B,1.0
Reactome_2022,Fatty Acid Metabolism R-HSA-8978868,5/173,0.27542159647429015,1.4417824134278225,1.8591096162095189,ACOT7;ELOVL1;MECR;PPT1;PRXL2B,1.0
Reactome_2022,Diseases Of DNA Repair R-HSA-9675135,2/51,0.2773528625717447,1.9746412938182343,2.5324077769581916,ARTN;MUTYH,1.0
Reactome_2022,Rap1 Signaling R-HSA-392517,1/16,0.27982887011287555,3.2228805805050063,4.104586712657392,RAP1GAP,1.0
Reactome_2022,Signaling By NTRK3 (TRKC) R-HSA-9034015,1/16,0.27982887011287555,3.2228805805050063,4.104586712657392,PTPRU,1.0
Reactome_2022,Hyaluronan Metabolism R-HSA-2142845,1/16,0.27982887011287555,3.2228805805050063,4.104586712657392,SLC9A1,1.0
Reactome_2022,Cell-extracellular Matrix Interactions R-HSA-446353,1/16,0.27982887011287555,3.2228805805050063,4.104586712657392,FBLIM1,1.0
Reactome_2022,Translesion Synthesis By REV1 R-HSA-110312,1/16,0.27982887011287555,3.2228805805050063,4.104586712657392,MAD2L2,1.0
Reactome_2022,Plasma Lipoprotein Assembly R-HSA-8963898,1/16,0.27982887011287555,3.2228805805050063,4.104586712657392,TRNP1,1.0
Reactome_2022,Polo-like Kinase Mediated Events R-HSA-156711,1/16,0.27982887011287555,3.2228805805050063,4.104586712657392,RBBP4,1.0
Reactome_2022,TGF-beta Receptor Signaling In EMT (Epithelial To Mesenchymal Transition) R-HSA-2173791,1/16,0.27982887011287555,3.2228805805050063,4.104586712657392,PRKCZ,1.0
Reactome_2022,EPH-Ephrin Signaling R-HSA-2682334,3/91,0.28153419553663395,1.6500676341625449,2.0914629747303195,EPHA10;EPHA2;EPHB2,1.0
Reactome_2022,Apoptotic Execution Phase R-HSA-75153,2/52,0.2849001433042884,1.9350494580433304,2.429680094555463,DFFA;DFFB,1.0
Reactome_2022,Sensory Processing Of Sound By Outer Hair Cells Of Cochlea R-HSA-9662361,2/53,0.29243956033869045,1.8970102432792069,2.3323689057548727,ESPN;KCNQ4,1.0
Reactome_2022,VEGFA-VEGFR2 Pathway R-HSA-4420097,3/93,0.2926076688388971,1.6132340385467157,1.9825397391295945,MTOR;PRKCZ;WASF2,1.0
Reactome_2022,RAC3 GTPase Cycle R-HSA-9013423,3/93,0.2926076688388971,1.6132340385467157,1.9825397391295945,EPHA2;VAMP3;WASF2,1.0
Reactome_2022,Acyl Chain Remodelling Of PI R-HSA-1482922,1/17,0.294460048992688,3.0212962232395992,3.693872843345954,PLA2G5,1.0
Reactome_2022,Translesion Synthesis By POLI R-HSA-5656121,1/17,0.294460048992688,3.0212962232395992,3.693872843345954,MAD2L2,1.0
Reactome_2022,Platelet Sensitization By LDL R-HSA-432142,1/17,0.294460048992688,3.0212962232395992,3.693872843345954,FGR,1.0
Reactome_2022,Metabolism Of Folate And Pterines R-HSA-196757,1/17,0.294460048992688,3.0212962232395992,3.693872843345954,MTHFR,1.0
Reactome_2022,Translesion Synthesis By POLK R-HSA-5655862,1/17,0.294460048992688,3.0212962232395992,3.693872843345954,MAD2L2,1.0
Reactome_2022,Apoptosis R-HSA-109581,5/178,0.2950018215465537,1.3997520307386013,1.7087805327336074,CASP9;DFFA;DFFB;PSMB2;TP73,1.0
Reactome_2022,DNA Repair R-HSA-73894,8/310,0.2953694580143612,1.2840360428151616,1.5659183003843509,ARTN;EYA3;FAAP20;ISG15;KDM4A;MAD2L2;MUTYH;PPIE,1.0
Reactome_2022,Intrinsic Pathway For Apoptosis R-HSA-109606,2/55,0.3074837792700304,1.8252381399506719,2.1525634681185832,CASP9;TP73,1.0
Reactome_2022,Post-translational Protein Modification R-HSA-597592,31/1383,0.30849369519877495,1.1153885310255367,1.3117570015920716,ALPL;B4GALT2;CAPZB;DDOST;DHDDS;DPH2;FBXO2;FBXO44;FBXO6;FUCA1;HDAC1;ICMT;KLHL21;MAN1C1;MUL1;MXRA8;OTUD3;PEX10;PEX14;PHC2;PIGV;PSMB2;SCMH1;SPSB1;ST3GAL3;SVBP;TRAPPC3;UBE2J2;USP48;VWA1;WDTC1,1.0
Reactome_2022,Regulation Of Signaling By CBL R-HSA-912631,1/18,0.30879469444677227,2.8434276727112993,3.341251128771836,CLSTN1,1.0
Reactome_2022,Acyl Chain Remodelling Of PG R-HSA-1482925,1/18,0.30879469444677227,2.8434276727112993,3.341251128771836,PLA2G5,1.0
Reactome_2022,G Beta:Gamma Signaling Thru BTK R-HSA-8964315,1/18,0.30879469444677227,2.8434276727112993,3.341251128771836,GNB1,1.0
Reactome_2022,VEGFR2 Mediated Cell Proliferation R-HSA-5218921,1/18,0.30879469444677227,2.8434276727112993,3.341251128771836,PRKCZ,1.0
Reactome_2022,Lewis Blood Group Biosynthesis R-HSA-9037629,1/18,0.30879469444677227,2.8434276727112993,3.341251128771836,ST3GAL3,1.0
Reactome_2022,LDL Clearance R-HSA-8964038,1/18,0.30879469444677227,2.8434276727112993,3.341251128771836,LDLRAP1,1.0
Reactome_2022,Ephrin Signaling R-HSA-3928664,1/18,0.30879469444677227,2.8434276727112993,3.341251128771836,EPHB2,1.0
Reactome_2022,MECP2 Regulates Neuronal Receptors And Channels R-HSA-9022699,1/18,0.30879469444677227,2.8434276727112993,3.341251128771836,HDAC1,1.0
Reactome_2022,Pre-NOTCH Processing In Golgi R-HSA-1912420,1/18,0.30879469444677227,2.8434276727112993,3.341251128771836,ST3GAL3,1.0
Reactome_2022,Synthesis Of Glycosylphosphatidylinositol (GPI) R-HSA-162710,1/18,0.30879469444677227,2.8434276727112993,3.341251128771836,PIGV,1.0
Reactome_2022,Death Receptor Signaling R-HSA-73887,4/139,0.3123192884681205,1.4342361913355657,1.6690626129658321,ARHGEF10L;ARHGEF16;HDAC1;PLEKHG5,1.0
Reactome_2022,Potential Therapeutics For SARS R-HSA-9679191,3/97,0.3148301241348082,1.5442690084575033,1.7847457814008523,HDAC1;KDM1A;RBBP4,1.0
Reactome_2022,Metabolism Of Lipids R-HSA-556833,17/732,0.3192344716400958,1.1539108415680783,1.3175693531644865,ACOT7;CLSTN1;CPTP;ELOVL1;FABP3;HMGCL;LDLRAP1;MECR;MED18;MED8;MFSD2A;NFYC;OXCT2;PLA2G5;PPT1;PRXL2B;THRAP3,1.0
Reactome_2022,Assembly Of Collagen Fibrils And Other Multimeric Structures R-HSA-2022090,2/57,0.32246460773508284,1.7586858259551215,1.9904135982134301,COL8A2;COL9A2,1.0
Reactome_2022,Prostacyclin Signaling Thru Prostacyclin Receptor R-HSA-392851,1/19,0.32283880184616226,2.6853222944639215,3.036031148354949,GNB1,1.0
Reactome_2022,RHO GTPases Activate CIT R-HSA-5625900,1/19,0.32283880184616226,2.6853222944639215,3.036031148354949,DHDDS,1.0
Reactome_2022,Na+/Cl- Dependent Neurotransmitter Transporters R-HSA-442660,1/19,0.32283880184616226,2.6853222944639215,3.036031148354949,SLC6A9,1.0
Reactome_2022,RAS Processing R-HSA-9648002,1/19,0.32283880184616226,2.6853222944639215,3.036031148354949,ICMT,1.0
Reactome_2022,Aflatoxin Activation And Detoxification R-HSA-5423646,1/19,0.32283880184616226,2.6853222944639215,3.036031148354949,AKR7A2,1.0
Reactome_2022,Metabolism Of Polyamines R-HSA-351202,2/58,0.32992519472778353,1.727192320225084,1.9152651396971778,AZIN2;PSMB2,1.0
Reactome_2022,Late SARS-CoV-2 Infection Events R-HSA-9772573,2/58,0.32992519472778353,1.727192320225084,1.9152651396971778,DDOST;ST3GAL3,1.0
Reactome_2022,Formation Of RNA Pol II Elongation Complex R-HSA-112382,2/58,0.32992519472778353,1.727192320225084,1.9152651396971778,DMAP1;ELOA,1.0
Reactome_2022,mRNA 3-End Processing R-HSA-72187,2/58,0.32992519472778353,1.727192320225084,1.9152651396971778,SRRM1;SRSF4,1.0
Reactome_2022,SARS-CoV Infections R-HSA-9679506,9/369,0.3353403345983256,1.2112090381307548,1.32337830616095,AGRN;DDOST;HDAC1;HSPG2;ISG15;KDM1A;RBBP4;SDC3;ST3GAL3,1.0
Reactome_2022,Class I Peroxisomal Membrane Protein Import R-HSA-9603798,1/20,0.3365982456402897,2.543859587611004,2.769920202142577,PEX14,1.0
Reactome_2022,G Beta:Gamma Signaling Thru PLC Beta R-HSA-418217,1/20,0.3365982456402897,2.543859587611004,2.769920202142577,GNB1,1.0
Reactome_2022,Apoptotic Factor-Mediated Response R-HSA-111471,1/20,0.3365982456402897,2.543859587611004,2.769920202142577,CASP9,1.0
Reactome_2022,TP53 Regulates Transcription Of Genes Involved In Cytochrome C Release R-HSA-6803204,1/20,0.3365982456402897,2.543859587611004,2.769920202142577,TP73,1.0
Reactome_2022,Receptor-type Tyrosine-Protein Phosphatases R-HSA-388844,1/20,0.3365982456402897,2.543859587611004,2.769920202142577,PTPRF,1.0
Reactome_2022,Signaling By Hippo R-HSA-2028269,1/20,0.3365982456402897,2.543859587611004,2.769920202142577,NPHP4,1.0
Reactome_2022,Syndecan Interactions R-HSA-3000170,1/20,0.3365982456402897,2.543859587611004,2.769920202142577,SDC3,1.0
Reactome_2022,G Beta:Gamma Signaling Thru CDC42 R-HSA-8964616,1/20,0.3365982456402897,2.543859587611004,2.769920202142577,GNB1,1.0
Reactome_2022,Potassium Channels R-HSA-1296071,3/102,0.3426473148705832,1.4658996560833986,1.570057099991903,GNB1;KCNAB2;KCNQ4,1.0
Reactome_2022,Signaling By VEGF R-HSA-194138,3/102,0.3426473148705832,1.4658996560833986,1.570057099991903,MTOR;PRKCZ;WASF2,1.0
Reactome_2022,FCGR3A-mediated Phagocytosis R-HSA-9664422,2/60,0.3447755082947065,1.667463257633634,1.7756178831760823,FGR;WASF2,1.0
Reactome_2022,Defects In Vitamin And Cofactor Metabolism R-HSA-3296482,1/21,0.3500787817899415,2.4165431514433786,2.536396584700136,MMACHC,1.0
Reactome_2022,Deregulated CDK5 Triggers Neurodegenerative Pathways In Alzheimers Disease Models R-HSA-8862803,1/21,0.3500787817899415,2.4165431514433786,2.536396584700136,PRDX1,1.0
Reactome_2022,Synaptic Adhesion-Like Molecules R-HSA-8849932,1/21,0.3500787817899415,2.4165431514433786,2.536396584700136,PTPRF,1.0
Reactome_2022,"Synthesis, Secretion, And Inactivation Of Glucagon-like Peptide-1 (GLP-1) R-HSA-381771",1/21,0.3500787817899415,2.4165431514433786,2.536396584700136,GNB1,1.0
Reactome_2022,Cellular Hexose Transport R-HSA-189200,1/21,0.3500787817899415,2.4165431514433786,2.536396584700136,SLC2A1,1.0
Reactome_2022,Presynaptic Function Of Kainate Receptors R-HSA-500657,1/21,0.3500787817899415,2.4165431514433786,2.536396584700136,GNB1,1.0
Reactome_2022,Citric Acid Cycle (TCA Cycle) R-HSA-71403,1/21,0.3500787817899415,2.4165431514433786,2.536396584700136,SDHB,1.0
Reactome_2022,NOTCH2 Activation And Transmission Of Signal To Nucleus R-HSA-2979096,1/21,0.3500787817899415,2.4165431514433786,2.536396584700136,MIB2,1.0
Reactome_2022,TP53 Regulates Transcription Of Additional Cell Cycle Genes With Uncertain Roles In P53 Pathway R-HSA-6804115,1/21,0.3500787817899415,2.4165431514433786,2.536396584700136,PLK3,1.0
Reactome_2022,Selective Autophagy R-HSA-9663891,2/61,0.3521610477474034,1.639117261827522,1.7106920806261854,MFN2;PINK1,1.0
Reactome_2022,Cargo Recognition For Clathrin-Mediated Endocytosis R-HSA-8856825,3/104,0.353756468048118,1.4367245308431376,1.4929673337171638,LDLRAP1;NECAP2;VAMP3,1.0
Reactome_2022,PI3K/AKT Signaling In Cancer R-HSA-2219528,3/105,0.359302873374075,1.4225660141824228,1.456123760004121,CASP9;CLSTN1;MTOR,1.0
Reactome_2022,Diseases Of Signal Transduction By Growth Factor Receptors And Second Messengers R-HSA-5663202,10/424,0.35986364195164533,1.169911648224795,1.195684909046929,AGTRAP;CASP9;CLCN6;CLSTN1;CNKSR1;HDAC1;HEYL;MIB2;MTOR;PSMB2,1.0
Reactome_2022,Blood Group Systems Biosynthesis R-HSA-9033658,1/22,0.363286050151385,2.301352090148861,2.330267976422873,ST3GAL3,1.0
Reactome_2022,Response Of Mtb To Phagocytosis R-HSA-9637690,1/22,0.363286050151385,2.301352090148861,2.330267976422873,ENO1,1.0
Reactome_2022,Laminin Interactions R-HSA-3000157,1/22,0.363286050151385,2.301352090148861,2.330267976422873,HSPG2,1.0
Reactome_2022,Insertion Of Tail-Anchored Proteins Into Endoplasmic Reticulum Membrane R-HSA-9609523,1/22,0.363286050151385,2.301352090148861,2.330267976422873,UBE2J2,1.0
Reactome_2022,ADP Signaling Thru P2Y Purinoceptor 12 R-HSA-392170,1/22,0.363286050151385,2.301352090148861,2.330267976422873,GNB1,1.0
Reactome_2022,RA Biosynthesis Pathway R-HSA-5365859,1/22,0.363286050151385,2.301352090148861,2.330267976422873,DHRS3,1.0
Reactome_2022,Acyl Chain Remodelling Of PS R-HSA-1482801,1/22,0.363286050151385,2.301352090148861,2.330267976422873,PLA2G5,1.0
Reactome_2022,HATs Acetylate Histones R-HSA-3214847,3/106,0.3648424444349713,1.408682420175314,1.4203599433829126,DMAP1;MEAF6;TAF12,1.0
Reactome_2022,Synthesis Of Substrates In N-glycan Biosythesis R-HSA-446219,2/63,0.36684312586294004,1.5852134009503258,1.589685244004497,DHDDS;ST3GAL3,1.0
Reactome_2022,Gene Silencing By RNA R-HSA-211000,3/108,0.3758970645644868,1.3817085803900744,1.3519188570797627,AGO1;AGO3;AGO4,1.0
Reactome_2022,RHOBTB2 GTPase Cycle R-HSA-9013418,1/23,0.3762255768126393,2.1966329435174807,2.147354508526695,SRRM1,1.0
Reactome_2022,RHOBTB1 GTPase Cycle R-HSA-9013422,1/23,0.3762255768126393,2.1966329435174807,2.147354508526695,SRRM1,1.0
Reactome_2022,CD28 Dependent PI3K/Akt Signaling R-HSA-389357,1/23,0.3762255768126393,2.1966329435174807,2.147354508526695,MTOR,1.0
Reactome_2022,Triglyceride Catabolism R-HSA-163560,1/23,0.3762255768126393,2.1966329435174807,2.147354508526695,FABP3,1.0
Reactome_2022,Degradation Of Extracellular Matrix R-HSA-1474228,3/109,0.38141016243157266,1.3686033657774341,1.3191693315891684,COL16A1;COL9A2;HSPG2,1.0
Reactome_2022,Signaling By WNT R-HSA-195721,7/294,0.38846555646103836,1.180206585128388,1.1159452463453923,AGO1;AGO3;AGO4;CTNNBIP1;GNB1;HDAC1;PSMB2,1.0
Reactome_2022,Signaling By Erythropoietin R-HSA-9006335,1/24,0.38890277638284876,2.1010198096366555,1.9842575220700667,CLSTN1,1.0
Reactome_2022,G-protein Activation R-HSA-202040,1/24,0.38890277638284876,2.1010198096366555,1.9842575220700667,GNB1,1.0
Reactome_2022,Synthesis Of Very Long-Chain Fatty acyl-CoAs R-HSA-75876,1/24,0.38890277638284876,2.1010198096366555,1.9842575220700667,ELOVL1,1.0
Reactome_2022,Thromboxane Signaling Thru TP Receptor R-HSA-428930,1/24,0.38890277638284876,2.1010198096366555,1.9842575220700667,GNB1,1.0
Reactome_2022,RHO GTPases Activate NADPH Oxidases R-HSA-5668599,1/24,0.38890277638284876,2.1010198096366555,1.9842575220700667,PRKCZ,1.0
Reactome_2022,"Incretin Synthesis, Secretion, And Inactivation R-HSA-400508",1/24,0.38890277638284876,2.1010198096366555,1.9842575220700667,GNB1,1.0
Reactome_2022,Defective Intrinsic Pathway For Apoptosis R-HSA-9734009,1/24,0.38890277638284876,2.1010198096366555,1.9842575220700667,PRDX1,1.0
Reactome_2022,Impaired BRCA2 Binding To PALB2 R-HSA-9709603,1/24,0.38890277638284876,2.1010198096366555,1.9842575220700667,ARTN,1.0
Reactome_2022,Regulation Of PTEN Stability And Activity R-HSA-8948751,2/67,0.3958021203638719,1.4873571612040306,1.378543433057296,OTUD3;PSMB2,1.0
Reactome_2022,ADP Signaling Thru P2Y Purinoceptor 1 R-HSA-418592,1/25,0.4013229542357001,2.0133744369125655,1.8381883184660535,GNB1,1.0
Reactome_2022,G Beta:Gamma Signaling Thru PI3Kgamma R-HSA-392451,1/25,0.4013229542357001,2.0133744369125655,1.8381883184660535,GNB1,1.0
Reactome_2022,Defective HDR Thru Homologous Recombination (HRR) Due To BRCA1 Loss-Of-Function R-HSA-9701192,1/25,0.4013229542357001,2.0133744369125655,1.8381883184660535,ARTN,1.0
Reactome_2022,Inactivation Of CSF3 (G-CSF) Signaling R-HSA-9705462,1/25,0.4013229542357001,2.0133744369125655,1.8381883184660535,CSF3R,1.0
Reactome_2022,NOTCH3 Intracellular Domain Regulates Transcription R-HSA-9013508,1/25,0.4013229542357001,2.0133744369125655,1.8381883184660535,HEYL,1.0
Reactome_2022,Termination Of O-glycan Biosynthesis R-HSA-977068,1/25,0.4013229542357001,2.0133744369125655,1.8381883184660535,ST3GAL3,1.0
Reactome_2022,Costimulation By CD28 Family R-HSA-388841,2/68,0.40294817954480944,1.4647464391414398,1.3313773386790626,MTOR;TNFRSF14,1.0
Reactome_2022,Transcription Of HIV Genome R-HSA-167172,2/69,0.41005389163053085,1.4428106640060905,1.286217639609254,ELOA;TAF12,1.0
Reactome_2022,Interleukin-20 Family Signaling R-HSA-8854691,1/26,0.4134913087078055,1.9327406940064027,1.7068396106737909,IFNLR1,1.0
Reactome_2022,Infection With Mycobacterium Tuberculosis R-HSA-9635486,1/26,0.4134913087078055,1.9327406940064027,1.7068396106737909,ENO1,1.0
Reactome_2022,Signaling By ALK R-HSA-201556,1/26,0.4134913087078055,1.9327406940064027,1.7068396106737909,HDAC1,1.0
Reactome_2022,Caspase Activation Via Extrinsic Apoptotic Signaling Pathway R-HSA-5357769,1/26,0.4134913087078055,1.9327406940064027,1.7068396106737909,CASP9,1.0
Reactome_2022,Insulin Receptor Recycling R-HSA-77387,1/26,0.4134913087078055,1.9327406940064027,1.7068396106737909,ATP6V0B,1.0
Reactome_2022,Programmed Cell Death R-HSA-5357801,5/208,0.4151705975333462,1.191049440833503,1.0470107876535573,CASP9;DFFA;DFFB;PSMB2;TP73,1.0
Reactome_2022,Diseases Of Programmed Cell Death R-HSA-9645723,2/71,0.424139113707689,1.4008465724428134,1.2014973907915185,PRDX1;RBBP4,1.0
Reactome_2022,"Plasma Lipoprotein Assembly, Remodeling, And Clearance R-HSA-174824",2/71,0.424139113707689,1.4008465724428134,1.2014973907915185,LDLRAP1;TRNP1,1.0
Reactome_2022,ATF4 Activates Genes In Response To Endoplasmic Reticulum Stress R-HSA-380994,1/27,0.42541293325294577,1.8583095467084063,1.5882878299103143,NFYC,1.0
Reactome_2022,Acyl Chain Remodelling Of PC R-HSA-1482788,1/27,0.42541293325294577,1.8583095467084063,1.5882878299103143,PLA2G5,1.0
Reactome_2022,Postmitotic Nuclear Pore Complex (NPC) Reformation R-HSA-9615933,1/27,0.42541293325294577,1.8583095467084063,1.5882878299103143,RCC1,1.0
Reactome_2022,Synthesis Of PC R-HSA-1483191,1/27,0.42541293325294577,1.8583095467084063,1.5882878299103143,MFSD2A,1.0
Reactome_2022,Interleukin Receptor SHC Signaling R-HSA-912526,1/27,0.42541293325294577,1.8583095467084063,1.5882878299103143,CLSTN1,1.0
Reactome_2022,Resolution Of D-loop Structures Thru Synthesis-Dependent Strand Annealing (SDSA) R-HSA-5693554,1/27,0.42541293325294577,1.8583095467084063,1.5882878299103143,ARTN,1.0
Reactome_2022,VEGFR2 Mediated Vascular Permeability R-HSA-5218920,1/27,0.42541293325294577,1.8583095467084063,1.5882878299103143,MTOR,1.0
Reactome_2022,Signaling By BMP R-HSA-201451,1/27,0.42541293325294577,1.8583095467084063,1.5882878299103143,SKI,1.0
Reactome_2022,Protein Localization R-HSA-9609507,4/164,0.4271266182817824,1.208582060109899,1.028110277825098,HMGCL;PEX10;PEX14;UBE2J2,1.0
Reactome_2022,Regulation Of RUNX2 Expression And Activity R-HSA-8939902,2/72,0.4311162145696749,1.3807637571946736,1.1617436766600513,HIVEP3;PSMB2,1.0
Reactome_2022,Interferon Alpha/Beta Signaling R-HSA-909733,2/72,0.4311162145696749,1.3807637571946736,1.1617436766600513,IFI6;ISG15,1.0
Reactome_2022,Digestion And Absorption R-HSA-8963743,1/28,0.43709281855306586,1.7893918177287802,1.4809180379879783,SLC2A5,1.0
Reactome_2022,Notch-HLH Transcription Pathway R-HSA-350054,1/28,0.43709281855306586,1.7893918177287802,1.4809180379879783,HDAC1,1.0
Reactome_2022,"Adrenaline,noradrenaline Inhibits Insulin Secretion R-HSA-400042",1/28,0.43709281855306586,1.7893918177287802,1.4809180379879783,GNB1,1.0
Reactome_2022,Interconversion Of Nucleotide Di- And Triphosphates R-HSA-499943,1/28,0.43709281855306586,1.7893918177287802,1.4809180379879783,CTPS1,1.0
Reactome_2022,Metabolism Of Porphyrins R-HSA-189445,1/28,0.43709281855306586,1.7893918177287802,1.4809180379879783,UROD,1.0
Reactome_2022,Extra-nuclear Estrogen Signaling R-HSA-9009391,2/73,0.43804814560627825,1.3612466550521152,1.1236089983706778,GNB1;PRKCZ,1.0
Reactome_2022,RNA Polymerase II Transcribes snRNA Genes R-HSA-6807505,2/74,0.4449338635760446,1.3422716946357391,1.0870113885357986,INTS11;SSU72,1.0
Reactome_2022,Positive Epigenetic Regulation Of rRNA Expression R-HSA-5250913,2/74,0.4449338635760446,1.3422716946357391,1.0870113885357986,HDAC1;RBBP4,1.0
Reactome_2022,Transport Of Mature mRNA Derived From An Intron-Containing Transcript R-HSA-159236,2/74,0.4449338635760446,1.3422716946357391,1.0870113885357986,SRRM1;SRSF4,1.0
Reactome_2022,Activation Of G Protein Gated Potassium Channels R-HSA-1296041,1/29,0.44853585458688644,1.7253967836762698,1.3833656118351094,GNB1,1.0
Reactome_2022,Activation Of Kainate Receptors Upon Glutamate Binding R-HSA-451326,1/29,0.44853585458688644,1.7253967836762698,1.3833656118351094,GNB1,1.0
Reactome_2022,"FOXO-mediated Transcription Of Oxidative Stress, Metabolic And Neuronal Genes R-HSA-9615017",1/29,0.44853585458688644,1.7253967836762698,1.3833656118351094,HDAC1,1.0
Reactome_2022,Acyl Chain Remodelling Of PE R-HSA-1482839,1/29,0.44853585458688644,1.7253967836762698,1.3833656118351094,PLA2G5,1.0
Reactome_2022,Processing Of Capped Intronless Pre-mRNA R-HSA-75067,1/29,0.44853585458688644,1.7253967836762698,1.3833656118351094,LSM10,1.0
Reactome_2022,ISG15 Antiviral Mechanism R-HSA-1169408,2/75,0.4517723859576435,1.3238165961485788,1.051873950617009,EIF4G3;ISG15,1.0
Reactome_2022,SUMOylation Of DNA Damage Response And Repair Proteins R-HSA-3108214,2/76,0.4585627889254206,1.3058602841070173,1.0181244858661687,PHC2;SCMH1,1.0
Reactome_2022,Translation Of Structural Proteins R-HSA-9683701,1/30,0.4597468326569739,1.6658152002480708,1.2944705177239204,ST3GAL3,1.0
Reactome_2022,Signaling By CSF3 (G-CSF) R-HSA-9674555,1/30,0.4597468326569739,1.6658152002480708,1.2944705177239204,CSF3R,1.0
Reactome_2022,Activation Of BH3-only Proteins R-HSA-114452,1/30,0.4597468326569739,1.6658152002480708,1.2944705177239204,TP73,1.0
Reactome_2022,Biosynthesis Of N-glycan Precursor (Dolichol LLO) And Transfer To Protein R-HSA-446193,2/77,0.4653042053817922,1.2883828070532308,0.9856951520872002,DHDDS;ST3GAL3,1.0
Reactome_2022,Regulation Of Insulin Secretion R-HSA-422356,2/77,0.4653042053817922,1.2883828070532308,0.9856951520872002,GNB1;SLC2A1,1.0
Reactome_2022,RHO GTPase Effectors R-HSA-195258,6/269,0.46566209611401443,1.1025284901173962,0.8426570382803974,DHDDS;KDM1A;NUDC;PRKCZ;RCC2;WASF2,1.0
Reactome_2022,MAPK Family Signaling Cascades R-HSA-5683057,7/318,0.46773308275102254,1.0877756826714506,0.826554490965394,AGO1;AGO3;AGO4;ARTN;CNKSR1;ICMT;PSMB2,1.0
Reactome_2022,Activated NOTCH1 Transmits Signal To Nucleus R-HSA-2122948,1/31,0.4707304473761166,1.6102057223817519,1.213241137812878,MIB2,1.0
Reactome_2022,Glyoxylate Metabolism And Glycine Degradation R-HSA-389661,1/31,0.4707304473761166,1.6102057223817519,1.213241137812878,ALDH4A1,1.0
Reactome_2022,Transferrin Endocytosis And Recycling R-HSA-917977,1/31,0.4707304473761166,1.6102057223817519,1.213241137812878,ATP6V0B,1.0
Reactome_2022,Antigen Activates B Cell Receptor Leading To Second Messenger Generation R-HSA-983695,1/31,0.4707304473761166,1.6102057223817519,1.213241137812878,CLSTN1,1.0
Reactome_2022,Pausing And Recovery Of Tat-mediated HIV Elongation R-HSA-167238,1/31,0.4707304473761166,1.6102057223817519,1.213241137812878,ELOA,1.0
Reactome_2022,Nuclear Events Mediated By NFE2L2 R-HSA-9759194,2/78,0.471995823045005,1.271365263606123,0.9545221511357977,PRDX1;PSMB2,1.0
Reactome_2022,RNA Polymerase I Promoter Clearance R-HSA-73854,2/78,0.471995823045005,1.271365263606123,0.9545221511357977,HDAC1;RBBP4,1.0
Reactome_2022,Ion Channel Transport R-HSA-983712,4/175,0.4763705462413188,1.130196940842036,0.8381080173923667,ATP13A2;ATP6V0B;CLCN6;SCNN1D,1.0
Reactome_2022,RNA Polymerase I Transcription R-HSA-73864,2/79,0.4786368825908351,1.2547897342745244,0.9245454424079348,HDAC1;RBBP4,1.0
Reactome_2022,Nuclear Signaling By ERBB4 R-HSA-1251985,1/32,0.4814912986137994,1.5581839527648724,1.1388254169310166,STMN1,1.0
Reactome_2022,PERK Regulates Gene Expression R-HSA-381042,1/32,0.4814912986137994,1.5581839527648724,1.1388254169310166,NFYC,1.0
Reactome_2022,Thrombin Signaling Thru Proteinase Activated Receptors (PARs) R-HSA-456926,1/32,0.4814912986137994,1.5581839527648724,1.1388254169310166,GNB1,1.0
Reactome_2022,Termination Of Translesion DNA Synthesis R-HSA-5656169,1/32,0.4814912986137994,1.5581839527648724,1.1388254169310166,ISG15,1.0
Reactome_2022,"Inactivation, Recovery And Regulation Of Phototransduction Cascade R-HSA-2514859",1/32,0.4814912986137994,1.5581839527648724,1.1388254169310166,GNB1,1.0
Reactome_2022,G-protein Beta:Gamma Signaling R-HSA-397795,1/32,0.4814912986137994,1.5581839527648724,1.1388254169310166,GNB1,1.0
Reactome_2022,Gluconeogenesis R-HSA-70263,1/32,0.4814912986137994,1.5581839527648724,1.1388254169310166,ENO1,1.0
Reactome_2022,Glucagon Signaling In Metabolic Regulation R-HSA-163359,1/32,0.4814912986137994,1.5581839527648724,1.1388254169310166,GNB1,1.0
Reactome_2022,Signaling By NOTCH2 R-HSA-1980145,1/32,0.4814912986137994,1.5581839527648724,1.1388254169310166,MIB2,1.0
Reactome_2022,G1/S Transition R-HSA-69206,3/129,0.4883295290155462,1.150183122233433,0.8244108177151963,HDAC1;PSMB2;RBBP4,1.0
Reactome_2022,RAC1 GTPase Cycle R-HSA-9013149,4/178,0.4895289263250962,1.1105392306808164,0.7932711937048146,DHDDS;EPHA2;VAMP3;WASF2,1.0
Reactome_2022,Centrosome Maturation R-HSA-380287,2/81,0.49176454403778624,1.2228975765732208,0.8679579703784271,CDK11A;CDK11B,1.0
Reactome_2022,Signal Amplification R-HSA-392518,1/33,0.4920338934036032,1.5094135437490483,1.0704876712298748,GNB1,1.0
Reactome_2022,Glucagon-type Ligand Receptors R-HSA-420092,1/33,0.4920338934036032,1.5094135437490483,1.0704876712298748,GNB1,1.0
Reactome_2022,Signaling By High-Kinase Activity BRAF Mutants R-HSA-6802948,1/33,0.4920338934036032,1.5094135437490483,1.0704876712298748,CNKSR1,1.0
Reactome_2022,Resolution Of D-loop Structures Thru Holliday Junction Intermediates R-HSA-5693568,1/33,0.4920338934036032,1.5094135437490483,1.0704876712298748,ARTN,1.0
Reactome_2022,Sialic Acid Metabolism R-HSA-4085001,1/33,0.4920338934036032,1.5094135437490483,1.0704876712298748,ST3GAL3,1.0
Reactome_2022,HIV Elongation Arrest And Recovery R-HSA-167287,1/33,0.4920338934036032,1.5094135437490483,1.0704876712298748,ELOA,1.0
Reactome_2022,Phototransduction Cascade R-HSA-2514856,1/33,0.4920338934036032,1.5094135437490483,1.0704876712298748,GNB1,1.0
Reactome_2022,Plasma Lipoprotein Remodeling R-HSA-8963899,1/33,0.4920338934036032,1.5094135437490483,1.0704876712298748,TRNP1,1.0
Reactome_2022,NOD1/2 Signaling Pathway R-HSA-168638,1/33,0.4920338934036032,1.5094135437490483,1.0704876712298748,CASP9,1.0
Reactome_2022,Major Pathway Of rRNA Processing In Nucleolus And Cytosol R-HSA-6791226,4/179,0.49388508629142364,1.1041364336568764,0.7789157055497127,EBNA1BP2;EXOSC10;NOL9;UTP11,1.0
Reactome_2022,Cyclin E Associated Events During G1/S Transition R-HSA-69202,2/82,0.49824987608097077,1.2075494756794685,0.8412436514905043,PSMB2;RBBP4,1.0
Reactome_2022,Resolution Of D-Loop Structures R-HSA-5693537,1/34,0.502362647812284,1.4635989170978194,1.007589813930351,ARTN,1.0
Reactome_2022,Detoxification Of Reactive Oxygen Species R-HSA-3299685,1/34,0.502362647812284,1.4635989170978194,1.007589813930351,PRDX1,1.0
Reactome_2022,CD28 Co-Stimulation R-HSA-389356,1/34,0.502362647812284,1.4635989170978194,1.007589813930351,MTOR,1.0
Reactome_2022,Nuclear Import Of Rev Protein R-HSA-180746,1/34,0.502362647812284,1.4635989170978194,1.007589813930351,RCC1,1.0
Reactome_2022,COPI-independent Golgi-to-ER Retrograde Traffic R-HSA-6811436,1/34,0.502362647812284,1.4635989170978194,1.007589813930351,CAPZB,1.0
Reactome_2022,Transcriptional Regulation By E2F6 R-HSA-8953750,1/34,0.502362647812284,1.4635989170978194,1.007589813930351,RBBP4,1.0
Reactome_2022,Intra-Golgi And Retrograde Golgi-to-ER Traffic R-HSA-6811442,4/181,0.5025502397406567,1.0915478835759094,0.7510500705186834,CAPZB;KIF1B;MAN1C1;VAMP3,1.0
Reactome_2022,Antiviral Mechanism By IFN-stimulated Genes R-HSA-1169410,2/83,0.5046821069300672,1.1925803402398827,0.8155180867211748,EIF4G3;ISG15,1.0
Reactome_2022,Transport Of Mature Transcript To Cytoplasm R-HSA-72202,2/83,0.5046821069300672,1.1925803402398827,0.8155180867211748,SRRM1;SRSF4,1.0
Reactome_2022,Hemostasis R-HSA-109582,12/576,0.5048506817287347,1.0276487486232362,0.7023902875152588,CAP1;CAPZB;FGR;GNB1;HDAC1;KDM1A;KIF1B;MFN2;PAFAH2;PDPN;PRKCZ;SDC3,1.0
Reactome_2022,Cellular Response To Chemical Stress R-HSA-9711123,4/182,0.5068585258204947,1.0853596918226251,0.737527260367882,MUL1;PRDX1;PSMB2;SESN2,1.0
Reactome_2022,G2/M Transition R-HSA-69275,4/182,0.5068585258204947,1.0853596918226251,0.737527260367882,CDK11A;CDK11B;PSMB2;RBBP4,1.0
Reactome_2022,Degradation Of Beta-Catenin By Destruction Complex R-HSA-195253,2/84,0.5110607159663176,1.1779763056646775,0.7907364769422005,HDAC1;PSMB2,1.0
Reactome_2022,Cyclin A:Cdk2-associated Events At S Phase Entry R-HSA-69656,2/84,0.5110607159663176,1.1779763056646775,0.7907364769422005,PSMB2;RBBP4,1.0
Reactome_2022,Negative Regulators Of DDX58/IFIH1 Signaling R-HSA-936440,1/35,0.5124818887713251,1.4204792684848984,0.9495760549042143,ISG15,1.0
Reactome_2022,Gene And Protein Expression By JAK-STAT Signaling After Interleukin-12 Stimulation R-HSA-8950505,1/35,0.5124818887713251,1.4204792684848984,0.9495760549042143,AURKAIP1,1.0
Reactome_2022,RHOBTB GTPase Cycle R-HSA-9706574,1/35,0.5124818887713251,1.4204792684848984,0.9495760549042143,SRRM1,1.0
Reactome_2022,Plasma Lipoprotein Clearance R-HSA-8964043,1/35,0.5124818887713251,1.4204792684848984,0.9495760549042143,LDLRAP1,1.0
Reactome_2022,Inwardly Rectifying K+ Channels R-HSA-1296065,1/35,0.5124818887713251,1.4204792684848984,0.9495760549042143,GNB1,1.0
Reactome_2022,Impaired BRCA2 Binding To RAD51 R-HSA-9709570,1/35,0.5124818887713251,1.4204792684848984,0.9495760549042143,ARTN,1.0
Reactome_2022,Rev-mediated Nuclear Export Of HIV RNA R-HSA-165054,1/35,0.5124818887713251,1.4204792684848984,0.9495760549042143,RCC1,1.0
Reactome_2022,SARS-CoV-2 Infection R-HSA-9694516,6/283,0.5146725016603612,1.046046905798286,0.694809982673723,AGRN;DDOST;HSPG2;ISG15;SDC3;ST3GAL3,1.0
Reactome_2022,Mitotic G2-G2/M Phases R-HSA-453274,4/184,0.5154248146635595,1.0731895813744992,0.7112712431762093,CDK11A;CDK11B;PSMB2;RBBP4,1.0
Reactome_2022,Hedgehog On State R-HSA-5632684,2/85,0.5173852254357802,1.163724175537067,0.7668564863300058,PSMB2;PTCH2,1.0
Reactome_2022,RHO GTPases Activate WASPs And WAVEs R-HSA-5663213,1/36,0.5223958558716933,1.3798235997927155,0.8959603529216088,WASF2,1.0
Reactome_2022,RHOH GTPase Cycle R-HSA-9013407,1/36,0.5223958558716933,1.3798235997927155,0.8959603529216088,VAMP3,1.0
Reactome_2022,Activated PKN1 Stimulates Transcription Of Androgen Receptor Regulated KLK2 And KLK3 R-HSA-5625886,1/36,0.5223958558716933,1.3798235997927155,0.8959603529216088,KDM1A,1.0
Reactome_2022,Glutathione Conjugation R-HSA-156590,1/36,0.5223958558716933,1.3798235997927155,0.8959603529216088,AKR1A1,1.0
Reactome_2022,Regulation Of TP53 Degradation R-HSA-6804757,1/36,0.5223958558716933,1.3798235997927155,0.8959603529216088,MTOR,1.0
Reactome_2022,ROS And RNS Production In Phagocytes R-HSA-1222556,1/36,0.5223958558716933,1.3798235997927155,0.8959603529216088,ATP6V0B,1.0
Reactome_2022,HSF1-dependent Transactivation R-HSA-3371571,1/36,0.5223958558716933,1.3798235997927155,0.8959603529216088,MTOR,1.0
Reactome_2022,Late Phase Of HIV Life Cycle R-HSA-162599,3/136,0.5236466464376808,1.0892553700869487,0.7046808659716566,ELOA;RCC1;TAF12,1.0
Reactome_2022,Fcgamma Receptor (FCGR) Dependent Phagocytosis R-HSA-2029480,2/87,0.5298702399191609,1.136225947996737,0.7216433836069509,FGR;WASF2,1.0
Reactome_2022,Triglyceride Metabolism R-HSA-8979227,1/37,0.5321087031225491,1.3414265793612092,0.8463160645807797,FABP3,1.0
Reactome_2022,MAP2K And MAPK Activation R-HSA-5674135,1/37,0.5321087031225491,1.3414265793612092,0.8463160645807797,CNKSR1,1.0
Reactome_2022,Cooperation Of PDCL (PhLP1) And TRiC/CCT In G-protein Beta Folding R-HSA-6814122,1/37,0.5321087031225491,1.3414265793612092,0.8463160645807797,GNB1,1.0
Reactome_2022,Cleavage Of Damaged Purine R-HSA-110331,1/37,0.5321087031225491,1.3414265793612092,0.8463160645807797,MUTYH,1.0
Reactome_2022,RHOV GTPase Cycle R-HSA-9013424,1/37,0.5321087031225491,1.3414265793612092,0.8463160645807797,EPHA2,1.0
Reactome_2022,Regulation Of TP53 Expression And Degradation R-HSA-6806003,1/37,0.5321087031225491,1.3414265793612092,0.8463160645807797,MTOR,1.0
Reactome_2022,HDR Thru Single Strand Annealing (SSA) R-HSA-5685938,1/37,0.5321087031225491,1.3414265793612092,0.8463160645807797,ARTN,1.0
Reactome_2022,Interactions Of Rev With Host Cellular Proteins R-HSA-177243,1/37,0.5321087031225491,1.3414265793612092,0.8463160645807797,RCC1,1.0
Reactome_2022,Protein-protein Interactions At Synapses R-HSA-6794362,2/88,0.5360299903058571,1.1229564544743682,0.7002365295322959,EPB41;PTPRF,1.0
Reactome_2022,rRNA Processing In Nucleus And Cytosol R-HSA-8868773,4/189,0.5365323494636229,1.0439155319181965,0.6499714798172401,EBNA1BP2;EXOSC10;NOL9;UTP11,1.0
Reactome_2022,FCGR3A-mediated IL10 Synthesis R-HSA-9664323,1/38,0.5416245006746325,1.3051050735476224,0.8002673579182176,FGR,1.0
Reactome_2022,Fanconi Anemia Pathway R-HSA-6783310,1/38,0.5416245006746325,1.3051050735476224,0.8002673579182176,FAAP20,1.0
Reactome_2022,HSP90 Chaperone Cycle For Steroid Hormone Receptors (SHR) In Presence Of Ligand R-HSA-3371497,1/38,0.5416245006746325,1.3051050735476224,0.8002673579182176,CAPZB,1.0
Reactome_2022,Resolution Of Abasic Sites (AP Sites) R-HSA-73933,1/38,0.5416245006746325,1.3051050735476224,0.8002673579182176,MUTYH,1.0
Reactome_2022,Signaling By RAF1 Mutants R-HSA-9656223,1/38,0.5416245006746325,1.3051050735476224,0.8002673579182176,CNKSR1,1.0
Reactome_2022,Assembly Of ORC Complex At Origin Of Replication R-HSA-68616,1/38,0.5416245006746325,1.3051050735476224,0.8002673579182176,KPNA6,1.0
Reactome_2022,Association Of TriC/CCT With Target Proteins During Biosynthesis R-HSA-390471,1/38,0.5416245006746325,1.3051050735476224,0.8002673579182176,FBXO6,1.0
Reactome_2022,Mitochondrial Biogenesis R-HSA-1592230,2/89,0.5421341290495703,1.1099920067801,0.67958354593806,DNAJC11;MICOS10,1.0
Reactome_2022,ER-Phagosome Pathway R-HSA-1236974,2/89,0.5421341290495703,1.1099920067801,0.67958354593806,PSMB2;VAMP3,1.0
Reactome_2022,Unfolded Protein Response (UPR) R-HSA-381119,2/89,0.5421341290495703,1.1099920067801,0.67958354593806,NFYC;ZBTB17,1.0
Reactome_2022,Chaperonin-mediated Protein Folding R-HSA-390466,2/90,0.5481823708095813,1.097322205624338,0.6596522306088085,FBXO6;GNB1,1.0
Reactome_2022,Respiratory Electron Transport R-HSA-611105,2/90,0.5481823708095813,1.097322205624338,0.6596522306088085,NDUFS5;SDHB,1.0
Reactome_2022,Synthesis Of PA R-HSA-1483166,1/39,0.5509472365090232,1.2706952259347508,0.7574820525522384,PLA2G5,1.0
Reactome_2022,NGF-stimulated Transcription R-HSA-9031628,1/39,0.5509472365090232,1.2706952259347508,0.7574820525522384,ID3,1.0
Reactome_2022,Ovarian Tumor Domain Proteases R-HSA-5689896,1/39,0.5509472365090232,1.2706952259347508,0.7574820525522384,OTUD3,1.0
Reactome_2022,RHOU GTPase Cycle R-HSA-9013420,1/39,0.5509472365090232,1.2706952259347508,0.7574820525522384,EPHA2,1.0
Reactome_2022,Clathrin-mediated Endocytosis R-HSA-8856828,3/142,0.5528289219233479,1.0419158216565867,0.6175504768011654,LDLRAP1;NECAP2;VAMP3,1.0
Reactome_2022,Presynaptic Phase Of Homologous DNA Pairing And Strand Exchange R-HSA-5693616,1/40,0.5600808180919766,1.23804998589177,0.7176656198349693,ARTN,1.0
Reactome_2022,Class B/2 (Secretin Family Receptors) R-HSA-373080,2/92,0.5601101926972653,1.0728272567231978,0.621834003338809,GNB1;PTCH2,1.0
Reactome_2022,Post-translational Modification: Synthesis Of GPI-anchored Proteins R-HSA-163125,2/92,0.5601101926972653,1.0728272567231978,0.621834003338809,ALPL;PIGV,1.0
Reactome_2022,Cytokine Signaling In Immune System R-HSA-1280215,14/702,0.5655085802238211,0.9814160884397889,0.5594364271421619,AURKAIP1;CLSTN1;CSF3R;EIF4G3;IFI6;IFNLR1;ISG15;PSMB2;TNFRSF14;TNFRSF18;TNFRSF1B;TNFRSF25;TRIM62;TXLNA,1.0
Reactome_2022,Unattached Kinetochores Signal Amplification Via A MAD2 Inhibitory Signal R-HSA-141444,2/93,0.5659893690458011,1.0609835451666025,0.603890596795293,NUDC;RCC2,1.0
Reactome_2022,Signaling By Retinoic Acid R-HSA-5362517,1/41,0.5690290739965186,1.207037007850938,0.6805561315596275,DHRS3,1.0
Reactome_2022,Paradoxical Activation Of RAF Signaling By Kinase Inactive BRAF R-HSA-6802955,1/41,0.5690290739965186,1.207037007850938,0.6805561315596275,CNKSR1,1.0
Reactome_2022,Defective Homologous Recombination Repair (HRR) Due To BRCA2 Loss Of Function R-HSA-9701190,1/41,0.5690290739965186,1.207037007850938,0.6805561315596275,ARTN,1.0
Reactome_2022,"Sensory Perception Of Sweet, Bitter, And Umami (Glutamate) Taste R-HSA-9717207",1/41,0.5690290739965186,1.207037007850938,0.6805561315596275,GNB1,1.0
Reactome_2022,Carboxyterminal Post-Translational Modifications Of Tubulin R-HSA-8955332,1/41,0.5690290739965186,1.207037007850938,0.6805561315596275,SVBP,1.0
Reactome_2022,Mitotic G1 Phase And G1/S Transition R-HSA-453279,3/147,0.5763215460645809,1.0054797108855325,0.5541093456688789,HDAC1;PSMB2;RBBP4,1.0
Reactome_2022,rRNA Processing R-HSA-72312,4/199,0.5773073457062825,0.9898711329219454,0.5438158907654572,EBNA1BP2;EXOSC10;NOL9;UTP11,1.0
Reactome_2022,NS1 Mediated Effects On Host Pathways R-HSA-168276,1/42,0.577795755491454,1.17753685800722,0.6459199884204812,ISG15,1.0
Reactome_2022,Kinesins R-HSA-983189,1/42,0.577795755491454,1.17753685800722,0.6459199884204812,KIF1B,1.0
Reactome_2022,Defective Pyroptosis R-HSA-9710421,1/42,0.577795755491454,1.17753685800722,0.6459199884204812,RBBP4,1.0
Reactome_2022,Intra-Golgi Traffic R-HSA-6811438,1/42,0.577795755491454,1.17753685800722,0.6459199884204812,MAN1C1,1.0
Reactome_2022,Signaling By SCF-KIT R-HSA-1433557,1/42,0.577795755491454,1.17753685800722,0.6459199884204812,PTPRU,1.0
Reactome_2022,Activation Of Gene Expression By SREBF (SREBP) R-HSA-2426168,1/42,0.577795755491454,1.17753685800722,0.6459199884204812,NFYC,1.0
Reactome_2022,PRC2 Methylates Histones And DNA R-HSA-212300,1/42,0.577795755491454,1.17753685800722,0.6459199884204812,RBBP4,1.0
Reactome_2022,Glucagon-like Peptide-1 (GLP1) Regulates Insulin Secretion R-HSA-381676,1/42,0.577795755491454,1.17753685800722,0.6459199884204812,GNB1,1.0
Reactome_2022,Vasopressin Regulates Renal Water Homeostasis Via Aquaporins R-HSA-432040,1/42,0.577795755491454,1.17753685800722,0.6459199884204812,GNB1,1.0
Reactome_2022,tRNA Modification In Nucleus And Cytosol R-HSA-6782315,1/42,0.577795755491454,1.17753685800722,0.6459199884204812,TRIT1,1.0
Reactome_2022,Activation Of GABAB Receptors R-HSA-991365,1/42,0.577795755491454,1.17753685800722,0.6459199884204812,GNB1,1.0
Reactome_2022,Interferon Signaling R-HSA-913531,4/200,0.5812720824995923,0.9847700034248502,0.5342735049358824,EIF4G3;IFI6;ISG15;TRIM62,1.0
Reactome_2022,Protein Folding R-HSA-391251,2/96,0.583286181665852,1.0269643736742544,0.553613218141537,FBXO6;GNB1,1.0
Reactome_2022,HIV Life Cycle R-HSA-162587,3/149,0.5855000597875992,0.9916040413042269,0.530794729548117,ELOA;RCC1;TAF12,1.0
Reactome_2022,DNA Double-Strand Break Repair R-HSA-5693532,3/149,0.5855000597875992,0.9916040413042269,0.530794729548117,ARTN;EYA3;KDM4A,1.0
Reactome_2022,Homologous DNA Pairing And Strand Exchange R-HSA-5693579,1/43,0.5863845380984521,1.149441477203679,0.6135482926781658,ARTN,1.0
Reactome_2022,GPER1 Signaling R-HSA-9634597,1/43,0.5863845380984521,1.149441477203679,0.6135482926781658,GNB1,1.0
Reactome_2022,Formation Of HIV-1 Elongation Complex Containing HIV-1 Tat R-HSA-167200,1/43,0.5863845380984521,1.149441477203679,0.6135482926781658,ELOA,1.0
Reactome_2022,EML4 And NUDC In Mitotic Spindle Formation R-HSA-9648025,2/97,0.5889378881401891,1.0161021118995048,0.5379595683951884,NUDC;RCC2,1.0
Reactome_2022,RUNX1 Regulates Transcription Of Genes Involved In Differentiation Of HSCs R-HSA-8939236,2/98,0.5945325506809507,1.0054661472450623,0.5228220975255212,PSMB2;TP73,1.0
Reactome_2022,TP53 Regulates Transcription Of Cell Death Genes R-HSA-5633008,1/44,0.5947990231178454,1.1226528582979771,0.5832537555798458,TP73,1.0
Reactome_2022,"Base-Excision Repair, AP Site Formation R-HSA-73929",1/44,0.5947990231178454,1.1226528582979771,0.5832537555798458,MUTYH,1.0
Reactome_2022,"Interleukin-3, Interleukin-5 And GM-CSF Signaling R-HSA-512988",1/44,0.5947990231178454,1.1226528582979771,0.5832537555798458,CLSTN1,1.0
Reactome_2022,Interleukin-2 Family Signaling R-HSA-451927,1/44,0.5947990231178454,1.1226528582979771,0.5832537555798458,CLSTN1,1.0
Reactome_2022,Interleukin-12 Signaling R-HSA-9020591,1/44,0.5947990231178454,1.1226528582979771,0.5832537555798458,AURKAIP1,1.0
Reactome_2022,TBC/RABGAPs R-HSA-8854214,1/45,0.6030427391237655,1.0970819038879889,0.5548680506880881,SYTL1,1.0
Reactome_2022,Interleukin-10 Signaling R-HSA-6783783,1/45,0.6030427391237655,1.0970819038879889,0.5548680506880881,TNFRSF1B,1.0
Reactome_2022,Glycosphingolipid Metabolism R-HSA-1660662,1/45,0.6030427391237655,1.0970819038879889,0.5548680506880881,CPTP,1.0
Reactome_2022,Formation Of HIV Elongation Complex In Absence Of HIV Tat R-HSA-167152,1/45,0.6030427391237655,1.0970819038879889,0.5548680506880881,ELOA,1.0
Reactome_2022,Stimuli-sensing Channels R-HSA-2672351,2/100,0.6055506937092178,0.9848453994456332,0.494015192203029,CLCN6;SCNN1D,1.0
Reactome_2022,XBP1(S) Activates Chaperone Genes R-HSA-381038,1/46,0.6111191434292407,1.072647436340667,0.5282395406346738,ZBTB17,1.0
Reactome_2022,HIV Transcription Initiation R-HSA-167161,1/46,0.6111191434292407,1.072647436340667,0.5282395406346738,TAF12,1.0
Reactome_2022,Axon Guidance R-HSA-422475,10/519,0.6112678821910182,0.9468456434708366,0.46605634700886206,AGRN;ARTN;CAP1;CLSTN1;COL9A2;EPHA10;EPHA2;EPHB2;PSMB2;RAP1GAP,1.0
Reactome_2022,G Alpha (Z) Signaling Events R-HSA-418597,1/47,0.6190316235218402,1.0492753369475762,0.5032313178811124,GNB1,1.0
Reactome_2022,PKMTs Methylate Histone Lysines R-HSA-3214841,1/47,0.6190316235218402,1.0492753369475762,0.5032313178811124,RBBP4,1.0
Reactome_2022,Innate Immune System R-HSA-168249,20/1035,0.6227403159245943,0.9484162193358059,0.44919427250318866,ATAD3B;ATP6V0B;C1QA;C1QB;C1QC;CAP1;CASP9;DDOST;FGR;FUCA1;ISG15;KCNAB2;PADI2;PPIE;PSMB2;SLC2A5;TINAGL1;TNFRSF1B;UBR4;WASF2,1.0
Reactome_2022,Retrograde Transport At Trans-Golgi-Network R-HSA-6811440,1/48,0.6267834984704764,1.0268977949754683,0.4797195105553678,VAMP3,1.0
Reactome_2022,Cross-presentation Of Soluble Exogenous Antigens (Endosomes) R-HSA-1236978,1/48,0.6267834984704764,1.0268977949754683,0.4797195105553678,PSMB2,1.0
Reactome_2022,IRE1alpha Activates Chaperones R-HSA-381070,1/48,0.6267834984704764,1.0268977949754683,0.4797195105553678,ZBTB17,1.0
Reactome_2022,Antigen processing-Cross Presentation R-HSA-1236975,2/104,0.6269032016254474,0.9460298741761194,0.44176107456237956,PSMB2;VAMP3,1.0
Reactome_2022,Integration Of Energy Metabolism R-HSA-163685,2/105,0.6320993245041152,0.9367970550586137,0.4297169950360345,GNB1;SLC2A1,1.0
Reactome_2022,Regulation Of Activated PAK-2p34 By Proteasome Mediated Degradation R-HSA-211733,1/49,0.6343780203039258,1.0054526505855312,0.45759181289527556,PSMB2,1.0
Reactome_2022,TP53 Regulates Transcription Of Cell Cycle Genes R-HSA-6791312,1/49,0.6343780203039258,1.0054526505855312,0.45759181289527556,PLK3,1.0
Reactome_2022,RMTs Methylate Histone Arginines R-HSA-3214858,1/49,0.6343780203039258,1.0054526505855312,0.45759181289527556,ARID1A,1.0
Reactome_2022,Post-translational Protein Phosphorylation R-HSA-8957275,2/106,0.6372388798900599,0.9277417901549061,0.4180503645213985,MXRA8;VWA1,1.0
Reactome_2022,Resolution Of Sister Chromatid Cohesion R-HSA-2500257,2/106,0.6372388798900599,0.9277417901549061,0.4180503645213985,NUDC;RCC2,1.0
Reactome_2022,Aquaporin-mediated Transport R-HSA-445717,1/50,0.6418183753616474,0.9848828182115101,0.43674620668751407,GNB1,1.0
Reactome_2022,Regulation Of Ornithine Decarboxylase (ODC) R-HSA-350562,1/50,0.6418183753616474,0.9848828182115101,0.43674620668751407,PSMB2,1.0
Reactome_2022,"Formation Of Ternary Complex, And Subsequently, 43S Complex R-HSA-72695",1/50,0.6418183753616474,0.9848828182115101,0.43674620668751407,EIF3I,1.0
Reactome_2022,Ubiquitin Mediated Degradation Of Phosphorylated Cdc25A R-HSA-69601,1/51,0.6491076856174456,0.96513577913245,0.41708984567593693,PSMB2,1.0
Reactome_2022,GSK3B And BTRC:CUL1-mediated-degradation Of NFE2L2 R-HSA-9762114,1/51,0.6491076856174456,0.96513577913245,0.41708984567593693,PSMB2,1.0
Reactome_2022,Ubiquitin-dependent Degradation Of Cyclin D R-HSA-75815,1/51,0.6491076856174456,0.96513577913245,0.41708984567593693,PSMB2,1.0
Reactome_2022,Synthesis Of PIPs At Plasma Membrane R-HSA-1660499,1/51,0.6491076856174456,0.96513577913245,0.41708984567593693,CLSTN1,1.0
Reactome_2022,Autodegradation Of E3 Ubiquitin Ligase COP1 R-HSA-349425,1/51,0.6491076856174456,0.96513577913245,0.41708984567593693,PSMB2,1.0
Reactome_2022,Vpu Mediated Degradation Of CD4 R-HSA-180534,1/51,0.6491076856174456,0.96513577913245,0.41708984567593693,PSMB2,1.0
Reactome_2022,Complex I Biogenesis R-HSA-6799198,1/51,0.6491076856174456,0.96513577913245,0.41708984567593693,NDUFS5,1.0
Reactome_2022,Nonhomologous End-Joining (NHEJ) R-HSA-5693571,1/51,0.6491076856174456,0.96513577913245,0.41708984567593693,ARTN,1.0
Reactome_2022,Signaling By B Cell Receptor (BCR) R-HSA-983705,2/109,0.6523197206919934,0.9015915391713023,0.3851783593886279,CLSTN1;PSMB2,1.0
Reactome_2022,Signaling By PDGF R-HSA-186797,1/52,0.6562490099765272,0.9461631337427646,0.39853807948083186,COL9A2,1.0
Reactome_2022,Regulation Of Apoptosis R-HSA-169911,1/52,0.6562490099765272,0.9461631337427646,0.39853807948083186,PSMB2,1.0
Reactome_2022,SARS-CoV-1 Infection R-HSA-9678108,1/52,0.6562490099765272,0.9461631337427646,0.39853807948083186,ST3GAL3,1.0
Reactome_2022,Signaling By Non-Receptor Tyrosine Kinases R-HSA-9006927,1/52,0.6562490099765272,0.9461631337427646,0.39853807948083186,KHDRBS1,1.0
Reactome_2022,Formation Of TC-NER Pre-Incision Complex R-HSA-6781823,1/52,0.6562490099765272,0.9461631337427646,0.39853807948083186,PPIE,1.0
Reactome_2022,Assembly Of Pre-Replicative Complex R-HSA-68867,2/110,0.6572346687904456,0.8931976314481701,0.37488767746834417,KPNA6;PSMB2,1.0
Reactome_2022,Mitotic Spindle Checkpoint R-HSA-69618,2/110,0.6572346687904456,0.8931976314481701,0.37488767746834417,NUDC;RCC2,1.0
Reactome_2022,Ion Transport By P-type ATPases R-HSA-936837,1/53,0.6632453455464855,0.9279202054834518,0.38101359732225565,ATP13A2,1.0
Reactome_2022,"Nucleotide-binding Domain, Leucine Rich Repeat Containing NLR Signaling Pathways R-HSA-168643",1/53,0.6632453455464855,0.9279202054834518,0.38101359732225565,CASP9,1.0
Reactome_2022,Deposition Of New CENPA-containing Nucleosomes At Centromere R-HSA-606279,1/53,0.6632453455464855,0.9279202054834518,0.38101359732225565,RBBP4,1.0
Reactome_2022,Negative Regulation Of NOTCH4 Signaling R-HSA-9604323,1/53,0.6632453455464855,0.9279202054834518,0.38101359732225565,PSMB2,1.0
Reactome_2022,Vif-mediated Degradation Of APOBEC3G R-HSA-180585,1/53,0.6632453455464855,0.9279202054834518,0.38101359732225565,PSMB2,1.0
Reactome_2022,SUMO E3 Ligases SUMOylate Target Proteins R-HSA-3108232,3/168,0.6661756098695686,0.87656212623013,0.3560612578702888,HDAC1;PHC2;SCMH1,1.0
Reactome_2022,"Respiratory Electron Transport, ATP Synthesis By Chemiosmotic Coupling, Heat Production By Uncoupling Proteins R-HSA-163200",2/112,0.6668978262546574,0.8768676655140767,0.35523525094172187,NDUFS5;SDHB,1.0
Reactome_2022,Golgi-to-ER Retrograde Transport R-HSA-8856688,2/112,0.6668978262546574,0.8768676655140767,0.35523525094172187,CAPZB;KIF1B,1.0
Reactome_2022,Pyruvate Metabolism And Citric Acid (TCA) Cycle R-HSA-71406,1/54,0.6700996288827328,0.9103656896112827,0.36444567493417185,SDHB,1.0
Reactome_2022,Degradation Of AXIN R-HSA-4641257,1/54,0.6700996288827328,0.9103656896112827,0.36444567493417185,PSMB2,1.0
Reactome_2022,Interleukin-12 Family Signaling R-HSA-447115,1/54,0.6700996288827328,0.9103656896112827,0.36444567493417185,AURKAIP1,1.0
Reactome_2022,SCF-beta-TrCP Mediated Degradation Of Emi1 R-HSA-174113,1/54,0.6700996288827328,0.9103656896112827,0.36444567493417185,PSMB2,1.0
Reactome_2022,FBXL7 Down-Regulates AURKA During Mitotic Entry And In Early Mitosis R-HSA-8854050,1/54,0.6700996288827328,0.9103656896112827,0.36444567493417185,PSMB2,1.0
Reactome_2022,AUF1 (hnRNP D0) Binds And Destabilizes mRNA R-HSA-450408,1/54,0.6700996288827328,0.9103656896112827,0.36444567493417185,PSMB2,1.0
Reactome_2022,RHOJ GTPase Cycle R-HSA-9013409,1/54,0.6700996288827328,0.9103656896112827,0.36444567493417185,VAMP3,1.0
Reactome_2022,Regulation Of RUNX3 Expression And Activity R-HSA-8941858,1/54,0.6700996288827328,0.9103656896112827,0.36444567493417185,PSMB2,1.0
Reactome_2022,Nervous System Development R-HSA-9675108,10/545,0.6716725100295902,0.8996034895077946,0.3580281491724889,AGRN;ARTN;CAP1;CLSTN1;COL9A2;EPHA10;EPHA2;EPHB2;PSMB2;RAP1GAP,1.0
Reactome_2022,Separation Of Sister Chromatids R-HSA-2467813,3/170,0.673966969385362,0.865975224496239,0.3416914607436382,NUDC;PSMB2;RCC2,1.0
Reactome_2022,Membrane Trafficking R-HSA-199991,11/599,0.6749022198537489,0.9001377543149488,0.35392287553974666,CAPZB;GJA4;GJB3;KIF1B;LDLRAP1;MAN1C1;NECAP2;PUM1;SYTL1;TRAPPC3;VAMP3,1.0
Reactome_2022,Degradation Of DVL R-HSA-4641258,1/55,0.676814737208894,0.8934613409936385,0.3487695106169684,PSMB2,1.0
Reactome_2022,Hh Mutants Are Degraded By ERAD R-HSA-5362768,1/55,0.676814737208894,0.8934613409936385,0.3487695106169684,PSMB2,1.0
Reactome_2022,Golgi Associated Vesicle Biogenesis R-HSA-432722,1/55,0.676814737208894,0.8934613409936385,0.3487695106169684,PUM1,1.0
Reactome_2022,Regulation Of Cholesterol Biosynthesis By SREBP (SREBF) R-HSA-1655829,1/55,0.676814737208894,0.8934613409936385,0.3487695106169684,NFYC,1.0
Reactome_2022,Transport Of Small Molecules R-HSA-382551,13/706,0.6795693365326942,0.902198994223445,0.3485158717646011,ATP13A2;ATP6V0B;CLCN6;GNB1;LDLRAP1;NIPAL3;PSMB2;SCNN1D;SLC2A1;SLC66A1;SLC6A9;SLC9A1;TRNP1,1.0
Reactome_2022,Signaling By Receptor Tyrosine Kinases R-HSA-9006934,9/496,0.6801158633912896,0.8894377014386048,0.342871214449902,ATP6V0B;COL9A2;HDAC1;ID3;MTOR;PRKCZ;PTPRU;STMN1;WASF2,1.0
Reactome_2022,Disease R-HSA-1643685,33/1736,0.6807850968369403,0.9294479297714674,0.3573807153947572,AGRN;AGTRAP;ARTN;B3GALT6;CASP9;CLCN6;CLSTN1;CNKSR1;DDOST;DHDDS;ELOA;ENO1;FGR;GALE;GNB1;HDAC1;HEYL;HSPG2;ISG15;KDM1A;MIB2;MMACHC;MTOR;MUTYH;PRDX1;PSMB2;RBBP4;RCC1;SDC3;SLC2A1;ST3GAL3;TAF12;WASF2,1.0
Reactome_2022,Metabolism Of Proteins R-HSA-392499,36/1890,0.6823558571210535,0.9309892170317793,0.35582777718424347,ALPL;AURKAIP1;B4GALT2;CAPZB;DDOST;DHDDS;DPH2;EIF2B3;EIF3I;FBXO2;FBXO44;FBXO6;FUCA1;GNB1;HDAC1;HSPG2;ICMT;KLHL21;MAN1C1;MUL1;MXRA8;OTUD3;PEX10;PEX14;PHC2;PIGV;PSMB2;SCMH1;SPSB1;ST3GAL3;SVBP;TRAPPC3;UBE2J2;USP48;VWA1;WDTC1,1.0
Reactome_2022,Meiotic Recombination R-HSA-912446,1/56,0.6833934896126639,0.8771716959620907,0.3339256385036218,ARTN,1.0
Reactome_2022,Stabilization Of P53 R-HSA-69541,1/56,0.6833934896126639,0.8771716959620907,0.3339256385036218,PSMB2,1.0
Reactome_2022,Epigenetic Regulation Of Gene Expression R-HSA-212165,2/116,0.6855640398922844,0.845926677428426,0.31934862538852454,HDAC1;RBBP4,1.0
Reactome_2022,Cap-dependent Translation Initiation R-HSA-72737,2/116,0.6855640398922844,0.845926677428426,0.31934862538852454,EIF2B3;EIF3I,1.0
Reactome_2022,HIV Infection R-HSA-162906,4/229,0.6863935165627332,0.8565616153978592,0.32232771323536735,ELOA;PSMB2;RCC1;TAF12,1.0
Reactome_2022,SUMOylation R-HSA-2990846,3/174,0.6891468250501477,0.8455443615010106,0.3147969537532117,HDAC1;PHC2;SCMH1,1.0
Reactome_2022,Neurexins And Neuroligins R-HSA-6794361,1/57,0.6898386482176202,0.8614638239673836,0.31985940888887787,EPB41,1.0
Reactome_2022,Signaling By ERBB4 R-HSA-1236394,1/57,0.6898386482176202,0.8614638239673836,0.31985940888887787,STMN1,1.0
Reactome_2022,Translation Initiation Complex Formation R-HSA-72649,1/57,0.6898386482176202,0.8614638239673836,0.31985940888887787,EIF3I,1.0
Reactome_2022,Ribosomal Scanning And Start Codon Recognition R-HSA-72702,1/57,0.6898386482176202,0.8614638239673836,0.31985940888887787,EIF3I,1.0
Reactome_2022,Mitotic Anaphase R-HSA-68882,4/232,0.696131790629426,0.845160143504352,0.3061307650609766,NUDC;PSMB2;RCC1;RCC2,1.0
Reactome_2022,Hh Mutants Abrogate Ligand Secretion R-HSA-5387390,1/58,0.696152919331477,0.8463071053759995,0.3065205269551518,PSMB2,1.0
Reactome_2022,"mRNA Activation Upon Binding Of Cap-Binding Complex And eIFs, Subsequent Binding To 43S R-HSA-72662",1/58,0.696152919331477,0.8463071053759995,0.3065205269551518,EIF3I,1.0
Reactome_2022,NIK To Noncanonical NF-kB Signaling R-HSA-5676590,1/58,0.696152919331477,0.8463071053759995,0.3065205269551518,PSMB2,1.0
Reactome_2022,Transcriptional Regulation By RUNX2 R-HSA-8878166,2/119,0.6989947894569704,0.824109314034698,0.29512342729839364,HIVEP3;PSMB2,1.0
Reactome_2022,RHO GTPases Activate Formins R-HSA-5663220,2/119,0.6989947894569704,0.824109314034698,0.29512342729839364,NUDC;RCC2,1.0
Reactome_2022,Mitotic Metaphase And Anaphase R-HSA-2555396,4/233,0.6993295489202602,0.8414260369890111,0.30092187789779185,NUDC;PSMB2;RCC1;RCC2,1.0
Reactome_2022,SCF(Skp2)-mediated Degradation Of P27/P21 R-HSA-187577,1/59,0.7023389545712438,0.831673032253284,0.29386264247484023,PSMB2,1.0
Reactome_2022,GLI3 Is Processed To GLI3R By Proteasome R-HSA-5610785,1/59,0.7023389545712438,0.831673032253284,0.29386264247484023,PSMB2,1.0
Reactome_2022,GABA Receptor Activation R-HSA-977443,1/59,0.7023389545712438,0.831673032253284,0.29386264247484023,GNB1,1.0
Reactome_2022,Role Of GTSE1 In G2/M Progression After G2 Checkpoint R-HSA-8852276,1/59,0.7023389545712438,0.831673032253284,0.29386264247484023,PSMB2,1.0
Reactome_2022,Transcriptional Regulation Of Granulopoiesis R-HSA-9616222,1/59,0.7023389545712438,0.831673032253284,0.29386264247484023,CSF3R,1.0
Reactome_2022,Iron Uptake And Transport R-HSA-917937,1/59,0.7023389545712438,0.831673032253284,0.29386264247484023,ATP6V0B,1.0
Reactome_2022,Degradation Of GLI2 By Proteasome R-HSA-5610783,1/59,0.7023389545712438,0.831673032253284,0.29386264247484023,PSMB2,1.0
Reactome_2022,Arachidonic Acid Metabolism R-HSA-2142753,1/59,0.7023389545712438,0.831673032253284,0.29386264247484023,PRXL2B,1.0
Reactome_2022,RHOQ GTPase Cycle R-HSA-9013406,1/59,0.7023389545712438,0.831673032253284,0.29386264247484023,VAMP3,1.0
Reactome_2022,Degradation Of GLI1 By Proteasome R-HSA-5610780,1/59,0.7023389545712438,0.831673032253284,0.29386264247484023,PSMB2,1.0
Reactome_2022,O-linked Glycosylation Of Mucins R-HSA-913709,1/59,0.7023389545712438,0.831673032253284,0.29386264247484023,ST3GAL3,1.0
Reactome_2022,Formation Of beta-catenin:TCF Transactivating Complex R-HSA-201722,1/60,0.7083993519657611,0.8175350294059147,0.28184298411794406,HDAC1,1.0
Reactome_2022,Defective CFTR Causes Cystic Fibrosis R-HSA-5678895,1/60,0.7083993519657611,0.8175350294059147,0.28184298411794406,PSMB2,1.0
Reactome_2022,rRNA Modification In Nucleus And Cytosol R-HSA-6790901,1/60,0.7083993519657611,0.8175350294059147,0.28184298411794406,UTP11,1.0
Reactome_2022,Rab Regulation Of Trafficking R-HSA-9007101,2/122,0.7119471353369204,0.8033828188106563,0.2729506129250329,SYTL1;TRAPPC3,1.0
Reactome_2022,Dectin-1 Mediated Noncanonical NF-kB Signaling R-HSA-5607761,1/61,0.7143366570360672,0.8038682933201244,0.27042203288015115,PSMB2,1.0
Reactome_2022,Nuclear Events (Kinase And Transcription Factor Activation) R-HSA-198725,1/61,0.7143366570360672,0.8038682933201244,0.27042203288015115,ID3,1.0
Reactome_2022,DNA Damage/Telomere Stress Induced Senescence R-HSA-2559586,1/61,0.7143366570360672,0.8038682933201244,0.27042203288015115,ARTN,1.0
Reactome_2022,Regulation Of IGF Transport And Uptake By IGFBPs R-HSA-381426,2/123,0.7161598286136437,0.7967023782012544,0.2659806127446993,MXRA8;VWA1,1.0
Reactome_2022,TP53 Regulates Transcription Of DNA Repair Genes R-HSA-6796648,1/62,0.7201533638540298,0.7906496469420651,0.2595632298973152,ELOA,1.0
Reactome_2022,RHO GTPases Activate PKNs R-HSA-5625740,1/62,0.7201533638540298,0.7906496469420651,0.2595632298973152,KDM1A,1.0
Reactome_2022,Regulation Of Actin Dynamics For Phagocytic Cup Formation R-HSA-2029482,1/62,0.7201533638540298,0.7906496469420651,0.2595632298973152,WASF2,1.0
Reactome_2022,Asymmetric Localization Of PCP Proteins R-HSA-4608870,1/62,0.7201533638540298,0.7906496469420651,0.2595632298973152,PSMB2,1.0
Reactome_2022,Autodegradation Of Cdh1 By Cdh1:APC/C R-HSA-174084,1/63,0.7258519160796926,0.7778574085116848,0.24923271455006946,PSMB2,1.0
Reactome_2022,Gap-filling DNA Repair Synthesis And Ligation In TC-NER R-HSA-6782210,1/64,0.7314347079777537,0.7654712728886184,0.2393990893057128,PPIE,1.0
Reactome_2022,Oxygen-dependent Proline Hydroxylation Of Hypoxia-inducible Factor Alpha R-HSA-1234176,1/64,0.7314347079777537,0.7654712728886184,0.2393990893057128,PSMB2,1.0
Reactome_2022,Hedgehog Ligand Biogenesis R-HSA-5358346,1/64,0.7314347079777537,0.7654712728886184,0.2393990893057128,PSMB2,1.0
Reactome_2022,DNA Replication Pre-Initiation R-HSA-69002,2/127,0.7324962981708496,0.7710494862611513,0.24002538559845119,KPNA6;PSMB2,1.0
Reactome_2022,Glycerophospholipid Biosynthesis R-HSA-1483206,2/127,0.7324962981708496,0.7710494862611513,0.24002538559845119,MFSD2A;PLA2G5,1.0
Reactome_2022,Regulation Of RAS By GAPs R-HSA-5658442,1/65,0.7369040854136,0.7534722040037728,0.23003320820860623,PSMB2,1.0
Reactome_2022,Dual Incision In TC-NER R-HSA-6782135,1/65,0.7369040854136,0.7534722040037728,0.23003320820860623,PPIE,1.0
Reactome_2022,p53-Dependent G1 DNA Damage Response R-HSA-69563,1/65,0.7369040854136,0.7534722040037728,0.23003320820860623,PSMB2,1.0
Reactome_2022,COPII-mediated Vesicle Transport R-HSA-204005,1/66,0.742262346829305,0.7418423372384608,0.22110798632778064,TRAPPC3,1.0
Reactome_2022,Activation Of NF-kappaB In B Cells R-HSA-1169091,1/66,0.742262346829305,0.7418423372384608,0.22110798632778064,PSMB2,1.0
Reactome_2022,Host Interactions Of HIV Factors R-HSA-162909,2/130,0.7442190899724307,0.7528619867020547,0.22241034636953758,PSMB2;RCC1,1.0
Reactome_2022,APC/C:Cdc20 Mediated Degradation Of Securin R-HSA-174154,1/67,0.7475117441999934,0.7305648906781583,0.2125982278116566,PSMB2,1.0
Reactome_2022,G1/S DNA Damage Checkpoints R-HSA-69615,1/67,0.7475117441999934,0.7305648906781583,0.2125982278116566,PSMB2,1.0
Reactome_2022,HDR Thru Homologous Recombination (HRR) R-HSA-5685942,1/67,0.7475117441999934,0.7305648906781583,0.2125982278116566,ARTN,1.0
Reactome_2022,Vesicle-mediated Transport R-HSA-5653656,11/637,0.7491133478432956,0.8438063445940562,0.24374609836636013,CAPZB;GJA4;GJB3;KIF1B;LDLRAP1;MAN1C1;NECAP2;PUM1;SYTL1;TRAPPC3;VAMP3,1.0
Reactome_2022,Metabolism Of Amino Acids And Derivatives R-HSA-71291,6/364,0.7514792229963292,0.8059776339008385,0.2302772540871702,ALDH4A1;AZIN2;PSMB2;RIMKLA;SERINC2;TINAGL1,1.0
Reactome_2022,Signaling By NTRKs R-HSA-166520,2/132,0.7517879251315889,0.7412033331385314,0.21146605901020502,ID3;PTPRU,1.0
Reactome_2022,Infectious Disease R-HSA-5663205,17/961,0.75430801334013,0.8633882837883279,0.24343620204795138,AGRN;DDOST;ELOA;ENO1;FGR;GNB1;HDAC1;HSPG2;ISG15;KDM1A;PSMB2;RBBP4;RCC1;SDC3;ST3GAL3;TAF12;WASF2,1.0
Reactome_2022,ER To Golgi Anterograde Transport R-HSA-199977,2/133,0.7554996330768915,0.7355075023899398,0.20621863894136494,CAPZB;TRAPPC3,1.0
Reactome_2022,Orc1 Removal From Chromatin R-HSA-68949,1/69,0.7576927279759729,0.7090050663716978,0.19673284524369125,PSMB2,1.0
Reactome_2022,Glycolysis R-HSA-70171,1/69,0.7576927279759729,0.7090050663716978,0.19673284524369125,ENO1,1.0
Reactome_2022,"Platelet Activation, Signaling And Aggregation R-HSA-76002",4/254,0.7609333694765625,0.7699104290072033,0.21034682910214283,CAP1;GNB1;PDPN;PRKCZ,1.0
Reactome_2022,Signaling By Hedgehog R-HSA-5358351,2/135,0.7627796659868649,0.7243727956633698,0.19615005725117332,PSMB2;PTCH2,1.0
Reactome_2022,trans-Golgi Network Vesicle Budding R-HSA-199992,1/71,0.7674641583459962,0.6886772320256063,0.1822677264843596,PUM1,1.0
Reactome_2022,TCF Dependent Signaling In Response To WNT R-HSA-201681,3/198,0.7691739695935499,0.7405611578024528,0.1943514681656369,CTNNBIP1;HDAC1;PSMB2,1.0
Reactome_2022,Base Excision Repair R-HSA-73884,1/72,0.7722014533287614,0.6789427761415625,0.1755133701599369,MUTYH,1.0
Reactome_2022,CDK-mediated Phosphorylation And Removal Of Cdc6 R-HSA-69017,1/72,0.7722014533287614,0.6789427761415625,0.1755133701599369,PSMB2,1.0
Reactome_2022,Cdc20:Phospho-APC/C Mediated Degradation Of Cyclin A R-HSA-174184,1/72,0.7722014533287614,0.6789427761415625,0.1755133701599369,PSMB2,1.0
Reactome_2022,APC/C:Cdh1 Mediated Degradation Of Cdc20 And APC/C:Cdh1 Targets In Late Mitosis/Early G1 R-HSA-174178,1/73,0.7768424714915736,0.6694787218098532,0.16905521937285392,PSMB2,1.0
Reactome_2022,APC:Cdc20 Mediated Degradation Of Cell Cycle Proteins Before Cycle Checkpoint Satisfied R-HSA-179419,1/73,0.7768424714915736,0.6694787218098532,0.16905521937285392,PSMB2,1.0
Reactome_2022,Cellular Response To Hypoxia R-HSA-1234174,1/73,0.7768424714915736,0.6694787218098532,0.16905521937285392,PSMB2,1.0
Reactome_2022,Ub-specific Processing Proteases R-HSA-5689880,3/201,0.7778926543391894,0.729227743766813,0.18315775566722098,MUL1;PSMB2;USP48,1.0
Reactome_2022,Formation Of Cornified Envelope R-HSA-6809371,1/74,0.7813891647506905,0.6602739566379169,0.16287767568447573,KAZN,1.0
Reactome_2022,NoRC Negatively Regulates rRNA Expression R-HSA-427413,1/74,0.7813891647506905,0.6602739566379169,0.16287767568447573,HDAC1,1.0
Reactome_2022,Nuclear Envelope (NE) Reassembly R-HSA-2995410,1/75,0.7858434455451913,0.6513179689030598,0.15696612276141603,RCC1,1.0
Reactome_2022,APC/C:Cdc20 Mediated Degradation Of Mitotic Proteins R-HSA-176409,1/75,0.7858434455451913,0.6513179689030598,0.15696612276141603,PSMB2,1.0
Reactome_2022,Transcriptional Regulation By Small RNAs R-HSA-5578749,1/76,0.7902071876334547,0.642600807507799,0.15130685365950441,AGO1,1.0
Reactome_2022,Activation Of APC/C And APC/C:Cdc20 Mediated Degradation Of Mitotic Proteins R-HSA-176814,1/76,0.7902071876334547,0.642600807507799,0.15130685365950441,PSMB2,1.0
Reactome_2022,ABC Transporter Disorders R-HSA-5619084,1/77,0.7944822268736084,0.634113045096624,0.14588700431493765,PSMB2,1.0
Reactome_2022,Signaling By Insulin Receptor R-HSA-74752,1/77,0.7944822268736084,0.634113045096624,0.14588700431493765,ATP6V0B,1.0
Reactome_2022,G2/M DNA Damage Checkpoint R-HSA-69473,1/77,0.7944822268736084,0.634113045096624,0.14588700431493765,ARTN,1.0
Reactome_2022,Negative Epigenetic Regulation Of rRNA Expression R-HSA-5250941,1/77,0.7944822268736084,0.634113045096624,0.14588700431493765,HDAC1,1.0
Reactome_2022,Transcription-Coupled Nucleotide Excision Repair (TC-NER) R-HSA-6781827,1/77,0.7944822268736084,0.634113045096624,0.14588700431493765,PPIE,1.0
Reactome_2022,Phospholipid Metabolism R-HSA-1483257,3/208,0.7971868600475511,0.7040730931023441,0.15958955381381837,CLSTN1;MFSD2A;PLA2G5,1.0
Reactome_2022,FCERI Mediated NF-kB Activation R-HSA-2871837,1/78,0.7986703619882654,0.6258457440467782,0.14069449264268788,PSMB2,1.0
Reactome_2022,Constitutive Signaling By Aberrant PI3K In Cancer R-HSA-2219530,1/78,0.7986703619882654,0.6258457440467782,0.14069449264268788,CLSTN1,1.0
Reactome_2022,COPI-dependent Golgi-to-ER Retrograde Traffic R-HSA-6811434,1/78,0.7986703619882654,0.6258457440467782,0.14069449264268788,KIF1B,1.0
Reactome_2022,Downstream Signaling Events Of B Cell Receptor (BCR) R-HSA-1168372,1/79,0.8027733553138734,0.6177904250751336,0.13571796270689818,PSMB2,1.0
Reactome_2022,Amyloid Fiber Formation R-HSA-977225,1/79,0.8027733553138734,0.6177904250751336,0.13571796270689818,HSPG2,1.0
Reactome_2022,Cell Cycle Checkpoints R-HSA-69620,4/271,0.8032664547623153,0.7202563783788498,0.15778569759709568,ARTN;NUDC;PSMB2;RCC2,1.0
Reactome_2022,RAF/MAP Kinase Cascade R-HSA-5673001,4/271,0.8032664547623153,0.7202563783788498,0.15778569759709568,ARTN;CNKSR1;ICMT;PSMB2,1.0
Reactome_2022,G2/M Checkpoints R-HSA-69481,2/148,0.8056579700051769,0.6594330506108054,0.14250083222073287,ARTN;PSMB2,1.0
Reactome_2022,Regulation Of APC/C Activators Between G1/S And Early Anaphase R-HSA-176408,1/80,0.8067929335349752,0.6099390382293534,0.1309467334850022,PSMB2,1.0
Reactome_2022,COPI-mediated Anterograde Transport R-HSA-6807878,1/80,0.8067929335349752,0.6099390382293534,0.1309467334850022,CAPZB,1.0
Reactome_2022,Processing Of DNA Double-Strand Break Ends R-HSA-5693607,1/80,0.8067929335349752,0.6099390382293534,0.1309467334850022,ARTN,1.0
Reactome_2022,CDC42 GTPase Cycle R-HSA-9013148,2/149,0.8086533157224227,0.6549134346547661,0.13909378202988606,ARHGEF16;VAMP3,1.0
Reactome_2022,DDX58/IFIH1-mediated Induction Of Interferon-Alpha/Beta R-HSA-168928,1/81,0.81073078840369,0.6022839360547178,0.12637075179759566,ISG15,1.0
Reactome_2022,Signaling By NOTCH4 R-HSA-9013694,1/81,0.81073078840369,0.6022839360547178,0.12637075179759566,PSMB2,1.0
Reactome_2022,Mitochondrial Translation Elongation R-HSA-5389840,1/82,0.8145885774447112,0.5948178487485914,0.12198054902056964,AURKAIP1,1.0
Reactome_2022,Mitochondrial Translation Initiation R-HSA-5368286,1/82,0.8145885774447112,0.5948178487485914,0.12198054902056964,AURKAIP1,1.0
Reactome_2022,Mitochondrial Translation Termination R-HSA-5419276,1/82,0.8145885774447112,0.5948178487485914,0.12198054902056964,AURKAIP1,1.0
Reactome_2022,PI Metabolism R-HSA-1483255,1/82,0.8145885774447112,0.5948178487485914,0.12198054902056964,CLSTN1,1.0
Reactome_2022,Signaling By Interleukins R-HSA-449147,7/453,0.816373479329343,0.7532058661828441,0.15281291692184495,AURKAIP1;CLSTN1;CSF3R;IFNLR1;PSMB2;TNFRSF1B;TXLNA,1.0
Reactome_2022,MAPK1/MAPK3 Signaling R-HSA-5684996,4/277,0.8166816027740809,0.7042078810846181,0.14260630367974791,ARTN;CNKSR1;ICMT;PSMB2,1.0
Reactome_2022,Metabolism Of Steroids R-HSA-8957322,2/153,0.8202276696125534,0.637433595460548,0.12632233915318347,LDLRAP1;NFYC,1.0
Reactome_2022,Deubiquitination R-HSA-5688426,4/279,0.8209834967574429,0.6990140037784848,0.13788209979237298,MUL1;OTUD3;PSMB2;USP48,1.0
Reactome_2022,Biological Oxidations R-HSA-211859,3/218,0.8223063709496836,0.6709792669789899,0.13127188632629322,AKR1A1;AKR7A2;AURKAIP1,1.0
Reactome_2022,Translation R-HSA-72766,4/281,0.8252020303377453,0.6938951283107073,0.1333160152471754,AURKAIP1;DDOST;EIF2B3;EIF3I,1.0
Reactome_2022,DNA Replication R-HSA-69306,2/155,0.8257766422732099,0.6290364178084236,0.12041703961081142,KPNA6;PSMB2,1.0
Reactome_2022,Cell Junction Organization R-HSA-446728,1/86,0.8292510661635999,0.5667102259490576,0.10610646779905766,FBLIM1,1.0
Reactome_2022,"Transport Of Bile Salts And Organic Acids, Metal Ions And Amine Compounds R-HSA-425366",1/86,0.8292510661635999,0.5667102259490576,0.10610646779905766,SLC6A9,1.0
Reactome_2022,APC/C-mediated Degradation Of Cell Cycle Proteins R-HSA-174143,1/87,0.8327322385617909,0.5600918612782371,0.10252096781932794,PSMB2,1.0
Reactome_2022,Opioid Signaling R-HSA-111885,1/88,0.8361426092313992,0.5536256429216884,0.09907468328222853,GNB1,1.0
Reactome_2022,Regulation Of mRNA Stability By Proteins That Bind AU-rich Elements R-HSA-450531,1/88,0.8361426092313992,0.5536256429216884,0.09907468328222853,PSMB2,1.0
Reactome_2022,Mitochondrial Translation R-HSA-5368287,1/88,0.8361426092313992,0.5536256429216884,0.09907468328222853,AURKAIP1,1.0
Reactome_2022,Meiosis R-HSA-1500620,1/88,0.8361426092313992,0.5536256429216884,0.09907468328222853,ARTN,1.0
Reactome_2022,PCP/CE Pathway R-HSA-4086400,1/88,0.8361426092313992,0.5536256429216884,0.09907468328222853,PSMB2,1.0
Reactome_2022,"Cell Cycle, Mitotic R-HSA-69278",8/523,0.8365511460980625,0.7446552970923805,0.13289685669362908,CDK11A;CDK11B;HDAC1;NUDC;PSMB2;RBBP4;RCC1;RCC2,1.0
Reactome_2022,Sphingolipid Metabolism R-HSA-428157,1/89,0.839483614688011,0.5473063840732431,0.09576127887311314,CPTP,1.0
Reactome_2022,RAB GEFs Exchange GTP For GDP On RABs R-HSA-8876198,1/89,0.839483614688011,0.5473063840732431,0.09576127887311314,TRAPPC3,1.0
Reactome_2022,Glucose Metabolism R-HSA-70326,1/89,0.839483614688011,0.5473063840732431,0.09576127887311314,ENO1,1.0
Reactome_2022,Interferon Gamma Signaling R-HSA-877300,1/89,0.839483614688011,0.5473063840732431,0.09576127887311314,TRIM62,1.0
Reactome_2022,Peptide Hormone Metabolism R-HSA-2980736,1/89,0.839483614688011,0.5473063840732431,0.09576127887311314,GNB1,1.0
Reactome_2022,S Phase R-HSA-69242,2/161,0.8415116771447717,0.6051123833655786,0.10441540261827709,PSMB2;RBBP4,1.0
Reactome_2022,Switching Of Origins To A Post-Replicative State R-HSA-69052,1/90,0.8427566623720384,0.5411291310416166,0.09257475884103698,PSMB2,1.0
Reactome_2022,Activation Of HOX Genes During Differentiation R-HSA-5619507,1/91,0.8459631312357727,0.535089150299582,0.08950944574501184,RBBP4,1.0
Reactome_2022,Citric Acid (TCA) Cycle And Respiratory Electron Transport R-HSA-1428517,2/163,0.8464639723450368,0.5975339625172241,0.09960152545890318,NDUFS5;SDHB,1.0
Reactome_2022,Anti-inflammatory Response Favoring Leishmania Infection R-HSA-9662851,2/165,0.8512754629491325,0.5901415151866205,0.0950242973368395,FGR;GNB1,1.0
Reactome_2022,Downstream TCR Signaling R-HSA-202424,1/94,0.8551964391052465,0.517748560427289,0.08098834383867912,PSMB2,1.0
Reactome_2022,Transcriptional Regulation By RUNX3 R-HSA-8878159,1/95,0.8581498323396115,0.5122143296169827,0.07835678867512759,PSMB2,1.0
Reactome_2022,Metabolism Of Nucleotides R-HSA-15869,1/95,0.8581498323396115,0.5122143296169827,0.07835678867512759,CTPS1,1.0
Reactome_2022,UCH Proteinases R-HSA-5689603,1/95,0.8581498323396115,0.5122143296169827,0.07835678867512759,PSMB2,1.0
Reactome_2022,HCMV Early Events R-HSA-9609690,1/96,0.861043133925651,0.5067966089289986,0.07582218443955158,RBBP4,1.0
Reactome_2022,Anchoring Of Basal Body To Plasma Membrane R-HSA-5620912,1/97,0.8638775635692496,0.5014917574220142,0.0733803947805145,NPHP4,1.0
Reactome_2022,Formation Of A Pool Of Free 40S Subunits R-HSA-72689,1/98,0.8666543162794382,0.49629628429661715,0.07102748947276744,EIF3I,1.0
Reactome_2022,Hedgehog Off State R-HSA-5610787,1/98,0.8666543162794382,0.49629628429661715,0.07102748947276744,PSMB2,1.0
Reactome_2022,Cellular Response To Heat Stress R-HSA-3371556,1/99,0.8693745628672458,0.4912068412350037,0.06875973247479089,MTOR,1.0
Reactome_2022,SLC Transporter Disorders R-HSA-5619102,1/99,0.8693745628672458,0.4912068412350037,0.06875973247479089,SLC2A1,1.0
Reactome_2022,L1CAM Interactions R-HSA-373760,1/99,0.8693745628672458,0.4912068412350037,0.06875973247479089,EPHB2,1.0
Reactome_2022,CLEC7A (Dectin-1) Signaling R-HSA-5607764,1/99,0.8693745628672458,0.4912068412350037,0.06875973247479089,PSMB2,1.0
Reactome_2022,Disorders Of Transmembrane Transporters R-HSA-5619115,2/176,0.8753666607631867,0.552520755926566,0.07354738570981155,PSMB2;SLC2A1,1.0
Reactome_2022,ABC-family Proteins Mediated Transport R-HSA-382556,1/102,0.877207621232677,0.47654319835451336,0.062432674657633205,PSMB2,1.0
Reactome_2022,Leishmania Infection R-HSA-9658195,3/247,0.8806418273645213,0.5903469734120468,0.0750356317745095,FGR;GNB1;WASF2,1.0
Reactome_2022,SLC-mediated Transmembrane Transport R-HSA-425407,3/247,0.8806418273645213,0.5903469734120468,0.0750356317745095,SLC2A1;SLC6A9;SLC9A1,1.0
Reactome_2022,Sensory Perception R-HSA-9709957,9/616,0.881698576893672,0.7091198643269432,0.08928175845732428,AGRN;CAPZB;DHRS3;ESPN;GNB1;HSPG2;KCNQ4;SCNN1D;SDC3,1.0
Reactome_2022,Phase I - Functionalization Of Compounds R-HSA-211945,1/104,0.8821675492648724,0.4672419879837169,0.05857965865450343,AURKAIP1,1.0
Reactome_2022,Transport Of Inorganic Cations/Anions And Amino Acids/Oligopeptides R-HSA-425393,1/104,0.8821675492648724,0.4672419879837169,0.05857965865450343,SLC9A1,1.0
Reactome_2022,MHC Class II Antigen Presentation R-HSA-2132295,1/104,0.8821675492648724,0.4672419879837169,0.05857965865450343,CAPZB,1.0
Reactome_2022,tRNA Processing R-HSA-72306,1/105,0.8845720514260336,0.46272553487097445,0.05675389239151245,TRIT1,1.0
Reactome_2022,"PI5P, PP2A And IER3 Regulate PI3K/AKT Signaling R-HSA-6811558",1/106,0.8869276054406618,0.4582951094365699,0.05499170887943624,CLSTN1,1.0
Reactome_2022,O-linked Glycosylation R-HSA-5173105,1/107,0.8892352053296279,0.45394827693489,0.05329057956198547,ST3GAL3,1.0
Reactome_2022,Phase II - Conjugation Of Compounds R-HSA-156580,1/107,0.8892352053296279,0.45394827693489,0.05329057956198547,AKR1A1,1.0
Reactome_2022,Interleukin-4 And Interleukin-13 Signaling R-HSA-6785807,1/107,0.8892352053296279,0.45394827693489,0.05329057956198547,TNFRSF1B,1.0
Reactome_2022,L13a-mediated Translational Silencing Of Ceruloplasmin Expression R-HSA-156827,1/108,0.8914958249765474,0.44968269363884894,0.05164809210421209,EIF3I,1.0
Reactome_2022,Nucleotide Excision Repair R-HSA-5696398,1/108,0.8914958249765474,0.44968269363884894,0.05164809210421209,PPIE,1.0
Reactome_2022,SRP-dependent Cotranslational Protein Targeting To Membrane R-HSA-1799339,1/108,0.8914958249765474,0.44968269363884894,0.05164809210421209,DDOST,1.0
Reactome_2022,GTP Hydrolysis And Joining Of 60S Ribosomal Subunit R-HSA-72706,1/109,0.8937104185347378,0.4454961026260679,0.050061944219406025,EIF3I,1.0
Reactome_2022,Mitotic Prometaphase R-HSA-68877,2/186,0.8940976559629316,0.5222234053367001,0.05845783156119447,NUDC;RCC2,1.0
Reactome_2022,Neuronal System R-HSA-112316,5/386,0.895287760039249,0.6287758141023043,0.06954895113989093,EPB41;GNB1;KCNAB2;KCNQ4;PTPRF,1.0
Reactome_2022,Nonsense Mediated Decay (NMD) Enhanced By Exon Junction Complex (EJC) R-HSA-975957,1/112,0.9000872965733121,0.43338893402153894,0.04562004653098925,PNRC2,1.0
Reactome_2022,Negative Regulation Of PI3K/AKT Network R-HSA-199418,1/113,0.9021269464924209,0.4294973441129403,0.044238239292982186,CLSTN1,1.0
Reactome_2022,Reproduction R-HSA-1474165,1/113,0.9021269464924209,0.4294973441129403,0.044238239292982186,ARTN,1.0
Reactome_2022,Interleukin-1 Signaling R-HSA-9020702,1/114,0.9041250588132373,0.4256746319018391,0.04290271974687759,PSMB2,1.0
Reactome_2022,Signaling By NTRK1 (TRKA) R-HSA-187037,1/114,0.9041250588132373,0.4256746319018391,0.04290271974687759,ID3,1.0
Reactome_2022,HDR Thru Homologous Recombination (HRR) Or Single Strand Annealing (SSA) R-HSA-5693567,1/114,0.9041250588132373,0.4256746319018391,0.04290271974687759,ARTN,1.0
Reactome_2022,TCR Signaling R-HSA-202403,1/116,0.9080000290358514,0.4182286533341288,0.04036361052430791,PSMB2,1.0
Reactome_2022,Peptide Ligand-Binding Receptors R-HSA-375276,2/196,0.910186855269575,0.49504949295197487,0.04658681327117647,CORT;ECE1,1.0
Reactome_2022,Chromosome Maintenance R-HSA-73886,1/118,0.9117187550373725,0.41103723813625476,0.03798959023795356,RBBP4,1.0
Reactome_2022,Synthesis Of DNA R-HSA-69239,1/119,0.913521500508393,0.407532946832206,0.036860689553280944,PSMB2,1.0
Reactome_2022,Homology Directed Repair R-HSA-5693538,1/119,0.913521500508393,0.407532946832206,0.036860689553280944,ARTN,1.0
Reactome_2022,Cell-Cell Communication R-HSA-1500931,1/120,0.9152875218752051,0.4040875511803261,0.03576863050038892,FBLIM1,1.0
Reactome_2022,SARS-CoV-2 Activates/Modulates Innate And Adaptive Immune Responses R-HSA-9705671,1/121,0.9170175654425424,0.40069957878931084,0.03471206419668893,ISG15,1.0
Reactome_2022,HCMV Infection R-HSA-9609646,1/121,0.9170175654425424,0.40069957878931084,0.03471206419668893,RBBP4,1.0
Reactome_2022,Cell Cycle R-HSA-1640170,9/654,0.9179445691244413,0.666006661567403,0.057022339771697225,ARTN;CDK11A;CDK11B;HDAC1;NUDC;PSMB2;RBBP4;RCC1;RCC2,1.0
Reactome_2022,Organelle Biogenesis And Maintenance R-HSA-1852241,3/275,0.9201560582872694,0.5288096499748007,0.04400330581810326,DNAJC11;MICOS10;NPHP4,1.0
Reactome_2022,Platelet Degranulation R-HSA-114608,1/125,0.9235923646590152,0.38769413638509104,0.03081566235980349,CAP1,1.0
Reactome_2022,Developmental Biology R-HSA-1266738,16/1073,0.9243522450800835,0.7194818246005316,0.05659592415813813,AGRN;ARTN;CAP1;CLSTN1;COL9A2;CSF3R;EPHA10;EPHA2;EPHB2;KAZN;MED18;MED8;PSMB2;RAP1GAP;RBBP4;THRAP3,1.0
Reactome_2022,Signaling By ROBO Receptors R-HSA-376176,2/209,0.9276969530969577,0.4636485275296258,0.03479689556783144,CAP1;PSMB2,1.0
Reactome_2022,Response To Elevated Platelet Cytosolic Ca2+ R-HSA-76005,1/130,0.9310848444364782,0.37257152893832385,0.02660342280880458,CAP1,1.0
Reactome_2022,Fc Epsilon Receptor (FCERI) Signaling R-HSA-2454202,1/130,0.9310848444364782,0.37257152893832385,0.02660342280880458,PSMB2,1.0
Reactome_2022,ADORA2B Mediated Anti-Inflammatory Cytokine Production R-HSA-9660821,1/131,0.9324929749427082,0.36968660074847903,0.02583874997337291,GNB1,1.0
Reactome_2022,Cell Surface Interactions At Vascular Wall R-HSA-202733,1/134,0.9365474733337155,0.3612921104517125,0.023684528177877064,SDC3,1.0
Reactome_2022,C-type Lectin Receptors (CLRs) R-HSA-5621481,1/141,0.9450881375801794,0.34310404814205175,0.019377517711150403,PSMB2,1.0
Reactome_2022,M Phase R-HSA-68886,4/380,0.951796866522197,0.5085741381375122,0.02512541488518012,NUDC;PSMB2;RCC1;RCC2,1.0
Reactome_2022,Interleukin-1 Family Signaling R-HSA-446652,1/152,0.9562515790396022,0.3179298426935809,0.014222350699961384,PSMB2,1.0
Reactome_2022,G Alpha (S) Signaling Events R-HSA-418555,1/153,0.9571464731805697,0.3158219546775606,0.013832636750724818,GNB1,1.0
Reactome_2022,Influenza Infection R-HSA-168255,1/157,0.9605471165062729,0.30766064466681536,0.012384031286528048,ISG15,1.0
Reactome_2022,Regulation Of Expression Of SLITs And ROBOs R-HSA-9010553,1/167,0.9679168358197272,0.28897812777474796,0.009423319211074255,PSMB2,1.0
Reactome_2022,Neurotransmitter Receptors And Postsynaptic Signal Transmission R-HSA-112314,1/182,0.9764771985331686,0.2648250396380421,0.006303863235325287,GNB1,1.0
Reactome_2022,Cilium Assembly R-HSA-5617833,1/186,0.9783464988631503,0.2590457061163222,0.005670867569858773,NPHP4,1.0
Reactome_2022,SARS-CoV-2-host Interactions R-HSA-9705683,1/196,0.9823967143760999,0.24563468858515175,0.00436248830123497,ISG15,1.0
Reactome_2022,GPCR Ligand Binding R-HSA-500792,4/458,0.9844463927960108,0.41948845056393386,0.006575831141042229,CORT;ECE1;GNB1;PTCH2,1.0
Reactome_2022,Keratinization R-HSA-6805567,1/208,0.9862718543332213,0.23125185818940364,0.003196651797270668,KAZN,1.0
Reactome_2022,G Alpha (Q) Signaling Events R-HSA-416476,1/212,0.9873641859666119,0.22682112844663765,0.0028843311552976076,GNB1,1.0
Reactome_2022,Signaling By GPCR R-HSA-372790,7/689,0.9875065367937077,0.48649481751337786,0.006116291994026904,ARHGEF10L;ARHGEF16;CORT;ECE1;GNB1;PLEKHG5;PTCH2,1.0
Reactome_2022,G Alpha (I) Signaling Events R-HSA-418594,2/312,0.9880316875766493,0.3079527232940479,0.0037079076295758536,CORT;GNB1,1.0
Reactome_2022,Class A/1 (Rhodopsin-like Receptors) R-HSA-373076,2/327,0.9908738085869467,0.2935110362992318,0.0026909356585257485,CORT;ECE1,1.0
Reactome_2022,Transmission Across Chemical Synapses R-HSA-112315,1/246,0.9937593130918668,0.19500125504909976,0.0012207549284939455,GNB1,1.0
Reactome_2022,GPCR Downstream Signaling R-HSA-388396,5/619,0.9956561648720053,0.38543704940993007,0.0016779219471302165,ARHGEF10L;ARHGEF16;CORT;GNB1;PLEKHG5,1.0
Reactome_2022,Olfactory Signaling Pathway R-HSA-381753,1/401,0.9997535341904157,0.11848147861774128,2.9205232741674602e-05,GNB1,1.0
GO_Biological_Process_2021,mRNA catabolic process (GO:0006402),7/44,2.7038038015684497e-05,9.273114992816328,97.53708891876185,AGO1;AGO3;AGO4;EXOSC10;MRTO4;THRAP3;YTHDF2,0.06232267762615277
GO_Biological_Process_2021,regulation of cell morphogenesis (GO:0022604),6/32,3.907580088120716e-05,11.289230492769239,114.5857706242231,CAPZB;MACF1;MFSD2A;PDPN;ZMYM4;ZMYM6,0.0900697210311825
GO_Biological_Process_2021,production of small RNA involved in gene silencing by RNA (GO:0070918),5/20,4.0547244641152717e-05,16.275145072107772,164.59123754059897,AGO1;AGO3;AGO4;PUM1;SNIP1,0.09346139889785701
GO_Biological_Process_2021,mRNA cleavage involved in gene silencing by miRNA (GO:0035279),3/5,8.055924493825928e-05,72.92307515079219,687.4106573528857,AGO1;AGO3;AGO4,0.18568905958268764
GO_Biological_Process_2021,"RNA splicing, via transesterification reactions (GO:0000375)",5/25,0.00012780469720341934,12.203241597176019,109.40214954299327,SF3A3;SNRNP40;SRRM1;SRSF10;SRSF4,0.2945898270538816
GO_Biological_Process_2021,mRNA metabolic process (GO:0016071),9/95,0.00013501479742124335,5.142405121771764,45.819478477939825,AGO3;AGO4;AURKAIP1;HNRNPR;LSM10;SF3A3;SFPQ;SRSF4;YTHDF2,0.3112091080559659
GO_Biological_Process_2021,cell junction disassembly (GO:0150146),3/6,0.00015868801957796968,48.61290204434487,425.293397063444,C1QA;C1QB;C1QC,0.3657758851272201
GO_Biological_Process_2021,production of miRNAs involved in gene silencing by miRNA (GO:0035196),5/29,0.00026722293280880075,10.167289859710145,83.65063809372859,AGO1;AGO3;AGO4;PUM1;SNIP1,0.6159488601242857
GO_Biological_Process_2021,miRNA loading onto RISC involved in gene silencing by miRNA (GO:0035280),3/7,0.00027351903067879236,36.45781549112121,299.1049989231875,AGO1;AGO3;AGO4,0.6304613657146164
GO_Biological_Process_2021,RNA secondary structure unwinding (GO:0010501),3/8,0.0004310419292158387,29.164763559187012,226.0066535859393,AGO1;AGO3;AGO4,0.9935516468425083
GO_Biological_Process_2021,gene silencing by miRNA (GO:0035195),5/32,0.0004310504902449836,9.036205561117992,70.02413517537614,AGO1;AGO3;AGO4;PUM1;SNIP1,0.9935713800146871
GO_Biological_Process_2021,carbohydrate derivative catabolic process (GO:1901136),4/19,0.0005092393734100047,12.987727710089693,98.48064504090482,FBXO2;FBXO44;FBXO6;FUCA1,1.0
GO_Biological_Process_2021,synapse pruning (GO:0098883),3/9,0.0006368386518677125,24.302728937897548,178.843641984617,C1QA;C1QB;C1QC,1.0
GO_Biological_Process_2021,small RNA loading onto RISC (GO:0070922),3/9,0.0006368386518677125,24.302728937897548,178.843641984617,AGO1;AGO3;AGO4,1.0
GO_Biological_Process_2021,"complement activation, classical pathway (GO:0006958)",3/9,0.0006368386518677125,24.302728937897548,178.843641984617,C1QA;C1QB;C1QC,1.0
GO_Biological_Process_2021,"RNA splicing, via transesterification reactions with bulged adenosine as nucleophile (GO:0000377)",14/251,0.0006511626801544286,2.916967980138486,21.401067903528997,DNAJC8;HNRNPR;PPIE;PPIH;SF3A3;SFPQ;SNIP1;SNRNP40;SPEN;SRRM1;SRSF10;SRSF4;SYF2;YBX1,1.0
GO_Biological_Process_2021,cellular macromolecule catabolic process (GO:0044265),6/53,0.0006915583285744016,6.238404102550536,45.39414084360631,DFFB;FBXO2;FBXO44;FBXO6;PABPC4;PPP1R8,1.0
GO_Biological_Process_2021,membrane lipid catabolic process (GO:0046466),3/10,0.0008961004327387058,20.82984706554793,146.1725782028529,FUCA1;PPT1;SMPDL3B,1.0
GO_Biological_Process_2021,regulation of peptidase activity (GO:0052547),4/23,0.0010911115748800488,10.251374455647927,69.92009722120018,ATP13A2;HDAC1;PINK1;SVBP,1.0
GO_Biological_Process_2021,humoral immune response mediated by circulating immunoglobulin (GO:0002455),3/11,0.0012136442360103502,18.225185661285717,122.36622352803244,C1QA;C1QB;C1QC,1.0
GO_Biological_Process_2021,coenzyme A biosynthetic process (GO:0015937),3/11,0.0012136442360103502,18.225185661285717,122.36622352803244,ACOT7;PANK4;PPCS,1.0
GO_Biological_Process_2021,"negative regulation of translation, ncRNA-mediated (GO:0040033)",3/11,0.0012136442360103502,18.225185661285717,122.36622352803244,AGO1;AGO3;AGO4,1.0
GO_Biological_Process_2021,ribonucleoside bisphosphate biosynthetic process (GO:0034030),3/11,0.0012136442360103502,18.225185661285717,122.36622352803244,ACOT7;PANK4;PPCS,1.0
GO_Biological_Process_2021,miRNA mediated inhibition of translation (GO:0035278),3/11,0.0012136442360103502,18.225185661285717,122.36622352803244,AGO1;AGO3;AGO4,1.0
GO_Biological_Process_2021,purine nucleoside bisphosphate biosynthetic process (GO:0034033),3/11,0.0012136442360103502,18.225185661285717,122.36622352803244,ACOT7;PANK4;PPCS,1.0
GO_Biological_Process_2021,mRNA processing (GO:0006397),15/300,0.001288667344798666,2.599138446111683,17.295048411724295,AURKAIP1;DNAJC8;HNRNPR;PPIE;PPIH;SF3A3;SFPQ;SNIP1;SNRNP40;SPEN;SRRM1;SRSF10;SRSF4;SYF2;YBX1,1.0
GO_Biological_Process_2021,"mRNA splicing, via spliceosome (GO:0000398)",14/274,0.0015099397077598337,2.655769164393644,17.2510414054385,DNAJC8;HNRNPR;PPIE;PPIH;SF3A3;SFPQ;SNIP1;SNRNP40;SPEN;SRRM1;SRSF10;SRSF4;SYF2;YBX1,1.0
GO_Biological_Process_2021,RNA metabolic process (GO:0016070),9/133,0.0015951941979782263,3.559559512394292,22.92626779867719,AGO1;AGO3;AGO4;HNRNPR;NOL9;PABPC4;PPP1R8;SNRNP40;ZC3H12A,1.0
GO_Biological_Process_2021,regulation of cell growth (GO:0001558),12/217,0.0016686130648177861,2.8806239224306176,18.423786453111816,ATAD3A;CDK11A;CDK11B;ENO1;MAD2L2;MFSD2A;MTOR;MUL1;PPT1;PTCH2;SESN2;SLC25A33,1.0
GO_Biological_Process_2021,protein catabolic process (GO:0030163),6/64,0.0018737839826297696,5.052413669379313,31.72812398118369,DDI2;FBXO2;FBXO44;FBXO6;MTOR;PPT1,1.0
GO_Biological_Process_2021,regulation of lamellipodium organization (GO:1902743),3/14,0.0025588528729155796,13.252650253148765,79.09441711180325,CAPZB;EPHA2;PDPN,1.0
GO_Biological_Process_2021,pre-miRNA processing (GO:0031054),3/14,0.0025588528729155796,13.252650253148765,79.09441711180325,AGO1;AGO3;AGO4,1.0
GO_Biological_Process_2021,coenzyme A metabolic process (GO:0015936),3/14,0.0025588528729155796,13.252650253148765,79.09441711180325,ACOT7;PANK4;PPCS,1.0
GO_Biological_Process_2021,RNA catabolic process (GO:0006401),5/49,0.0030796131936808775,5.540126820014974,32.03828346494766,AGO3;AGO4;PABPC4;PPP1R8;YTHDF2,1.0
GO_Biological_Process_2021,regulation of neuron projection arborization (GO:0150011),3/15,0.00315075318202088,12.147642384673887,69.97180192180632,DVL1;MACF1;MFSD2A,1.0
GO_Biological_Process_2021,aminoglycan catabolic process (GO:0006026),4/31,0.0034121484173209376,7.21098195071263,40.961356709281596,AGRN;FUCA1;HSPG2;SDC3,1.0
GO_Biological_Process_2021,RNA processing (GO:0006396),10/179,0.0036842504018556373,2.902546099974555,16.264963309475533,AURKAIP1;HNRNPR;NOL9;PABPC4;RRAGC;SF3A3;SFPQ;SNRNP40;SRRM1;SRSF4,1.0
GO_Biological_Process_2021,negative regulation of type I interferon-mediated signaling pathway (GO:0060339),3/16,0.0038199430659472825,11.212635726733605,62.42657097785937,ISG15;MUL1;YTHDF2,1.0
GO_Biological_Process_2021,RNA splicing (GO:0008380),7/98,0.0038328883946820384,3.7599767729329128,20.921024414913056,RRAGC;SF3A3;SFPQ;SNRNP40;SRRM1;SRSF10;SRSF4,1.0
GO_Biological_Process_2021,positive regulation of bicellular tight junction assembly (GO:1903348),2/5,0.003947353425435809,32.32838205457801,178.92821761502512,EPHA2;NPHP4,1.0
GO_Biological_Process_2021,regulation of antifungal innate immune response (GO:1905034),2/5,0.003947353425435809,32.32838205457801,178.92821761502512,PLA2G5;TRIM62,1.0
GO_Biological_Process_2021,regulation of stem cell proliferation (GO:0072091),3/17,0.0045693086794188036,10.41120144849908,56.099648746062805,AGO3;KDF1;KDM1A,1.0
GO_Biological_Process_2021,RNA interference (GO:0016246),3/17,0.0045693086794188036,10.41120144849908,56.099648746062805,AGO1;AGO3;AGO4,1.0
GO_Biological_Process_2021,regulation of signal transduction by p53 class mediator (GO:1901796),9/156,0.0046622822431770655,2.9990746188481694,16.099782919384197,HDAC1;MEAF6;MTOR;NOC2L;PLK3;RBBP4;RPA2;TAF12;TP73,1.0
GO_Biological_Process_2021,glycosaminoglycan metabolic process (GO:0030203),5/54,0.004703573958055318,4.973535427399239,26.65532811887338,AGRN;B3GALT6;FUCA1;HSPG2;SDC3,1.0
GO_Biological_Process_2021,regulation of megakaryocyte differentiation (GO:0045652),5/54,0.004703573958055318,4.973535427399239,26.65532811887338,AGO1;AGO3;AGO4;HDAC1;PITHD1,1.0
GO_Biological_Process_2021,neural tube closure (GO:0001843),4/34,0.004794800631673046,6.488888730790497,34.652113817226834,DVL1;MTHFR;PHACTR4;SKI,1.0
GO_Biological_Process_2021,regulation of lamellipodium assembly (GO:0010591),4/34,0.004794800631673046,6.488888730790497,34.652113817226834,AKIRIN1;CAPZB;EPHA2;WASF2,1.0
GO_Biological_Process_2021,glycoprotein catabolic process (GO:0006516),3/18,0.005401462136858055,9.716625074029155,50.731331215526644,FBXO2;FBXO44;FBXO6,1.0
GO_Biological_Process_2021,glycosaminoglycan catabolic process (GO:0006027),5/56,0.005497377943126229,4.778005848771064,24.862277167705916,AGRN;FUCA1;HSPG2;SDC3;SLC9A1,1.0
GO_Biological_Process_2021,transmembrane receptor protein tyrosine phosphatase signaling pathway (GO:0007185),2/6,0.005841686128364726,24.24504891720176,124.68588111690661,PTPRF;PTPRU,1.0
GO_Biological_Process_2021,positive regulation of autophagy of mitochondrion in response to mitochondrial depolarization (GO:1904925),2/6,0.005841686128364726,24.24504891720176,124.68588111690661,ATP5IF1;PINK1,1.0
GO_Biological_Process_2021,hexose import across plasma membrane (GO:0140271),2/6,0.005841686128364726,24.24504891720176,124.68588111690661,SLC2A1;SLC2A5,1.0
GO_Biological_Process_2021,regulation of protein targeting (GO:1903533),2/6,0.005841686128364726,24.24504891720176,124.68588111690661,ATP5IF1;PINK1,1.0
GO_Biological_Process_2021,regulation of mRNA processing (GO:0050684),4/36,0.005899829790465499,6.082711294584296,31.221533826565892,CDK11A;CDK11B;KHDRBS1;SRSF10,1.0
GO_Biological_Process_2021,"Wnt signaling pathway, calcium modulating pathway (GO:0007223)",4/36,0.005899829790465499,6.082711294584296,31.221533826565892,AGO1;AGO3;AGO4;GNB1,1.0
GO_Biological_Process_2021,positive regulation of cell junction assembly (GO:1901890),5/57,0.005927773237980144,4.6858813357635585,24.029699212903267,CLSTN1;COL16A1;EPHA2;EPHB2;NPHP4,1.0
GO_Biological_Process_2021,positive regulation of proteolysis (GO:0045862),5/57,0.005927773237980144,4.6858813357635585,24.029699212903267,ATP5IF1;AURKAIP1;PINK1;TNFRSF1B;ZC3H12A,1.0
GO_Biological_Process_2021,regulation of transport (GO:0051049),4/37,0.006510883879828644,5.898085187217842,29.692612646338617,EPB41;MUL1;PINK1;YRDC,1.0
GO_Biological_Process_2021,negative regulation of autophagy (GO:0010507),5/59,0.00685871639125141,4.51186836674938,22.479188355638772,CPTP;EIF4G3;KDM4A;MTOR;PINK1,1.0
GO_Biological_Process_2021,positive regulation of production of molecular mediator of immune response (GO:0002702),4/38,0.007162463824130312,5.724319439108238,28.271848419965686,EPHB2;LAPTM5;TNFRSF14;VAMP3,1.0
GO_Biological_Process_2021,positive regulation of signaling (GO:0023056),4/38,0.007162463824130312,5.724319439108238,28.271848419965686,CLSTN1;ECE1;RIMS3;VAMP3,1.0
GO_Biological_Process_2021,post-transcriptional gene silencing by RNA (GO:0035194),3/20,0.007323284757840273,8.572616927843399,42.14895405261704,AGO1;AGO3;AGO4,1.0
GO_Biological_Process_2021,glucose transmembrane transport (GO:1904659),3/20,0.007323284757840273,8.572616927843399,42.14895405261704,SLC2A1;SLC2A5;SLC45A1,1.0
GO_Biological_Process_2021,regulation of cellular component organization (GO:0051128),8/139,0.0075575669866494695,2.9863822196447756,14.589092241393558,ANGPTL7;ATAD3A;CDK11A;CDK11B;MAD2L2;MTOR;PINK1;PTCH2,1.0
GO_Biological_Process_2021,enzyme linked receptor protein signaling pathway (GO:0007167),8/140,0.007878079858178878,2.9636058353898336,14.354731870359029,CNKSR1;EPHA10;EPHA2;EPHB2;FGR;PTPRF;PTPRU;TIE1,1.0
GO_Biological_Process_2021,positive regulation of mitophagy in response to mitochondrial depolarization (GO:0098779),2/7,0.0080689529674391,19.395049034776015,93.47892972594212,MFN2;PINK1,1.0
GO_Biological_Process_2021,"maturation of 5.8S rRNA from tricistronic rRNA transcript (SSU-rRNA, 5.8S rRNA, LSU-rRNA) (GO:0000466)",3/22,0.00960128712356014,7.669452601907276,35.63118860146567,ERI3;EXOSC10;NOL9,1.0
GO_Biological_Process_2021,positive regulation of translational initiation (GO:0045948),3/22,0.00960128712356014,7.669452601907276,35.63118860146567,KHDRBS1;MTOR;YTHDF2,1.0
GO_Biological_Process_2021,mitochondrion organization (GO:0007005),9/175,0.009653364389350851,2.653212280138199,12.312095696431616,ATAD3A;ATAD3B;ATAD3C;MFN2;MTFR1L;MUL1;PINK1;SLC25A33;VPS13D,1.0
GO_Biological_Process_2021,ATP-dependent chromatin remodeling (GO:0043044),4/42,0.010195000151830034,5.120712103569613,23.482857849274566,ARID1A;DMAP1;HDAC1;RBBP4,1.0
GO_Biological_Process_2021,translesion synthesis (GO:0019985),4/42,0.010195000151830034,5.120712103569613,23.482857849274566,FAAP20;ISG15;MAD2L2;RPA2,1.0
GO_Biological_Process_2021,regulation of establishment of protein localization to mitochondrion (GO:1903747),2/8,0.01061492331351352,16.161715779825517,73.46298870417887,ATP5IF1;PINK1,1.0
GO_Biological_Process_2021,lymphatic endothelial cell differentiation (GO:0060836),2/8,0.01061492331351352,16.161715779825517,73.46298870417887,PDPN;TIE1,1.0
GO_Biological_Process_2021,regulation of chaperone-mediated autophagy (GO:1904714),2/8,0.01061492331351352,16.161715779825517,73.46298870417887,ATP13A2;PLK3,1.0
GO_Biological_Process_2021,glyoxylate metabolic process (GO:0046487),2/8,0.01061492331351352,16.161715779825517,73.46298870417887,ALDH4A1;HYI,1.0
GO_Biological_Process_2021,hexose transmembrane transport (GO:0008645),3/23,0.010877813455862147,7.285607763384423,32.938451462342435,SLC2A1;SLC2A5;SLC45A1,1.0
GO_Biological_Process_2021,regulation of cytokine production involved in immune response (GO:0002718),3/24,0.012247709569380873,6.938319576149462,30.545371428397793,LAPTM5;TNFRSF14;TNFRSF1B,1.0
GO_Biological_Process_2021,negative regulation of cellular catabolic process (GO:0031330),5/69,0.01307297583112619,3.804940680129285,16.502819511875842,CPTP;EIF4G3;KDM4A;MFSD2A;MTOR,1.0
GO_Biological_Process_2021,positive regulation of ATP biosynthetic process (GO:2001171),2/9,0.01346580464541232,13.852192026289448,59.669727253906515,ENO1;PINK1,1.0
GO_Biological_Process_2021,exonucleolytic trimming involved in rRNA processing (GO:0000459),2/9,0.01346580464541232,13.852192026289448,59.669727253906515,ERI3;EXOSC10,1.0
GO_Biological_Process_2021,"exonucleolytic trimming to generate mature 3'-end of 5.8S rRNA from tricistronic rRNA transcript (SSU-rRNA, 5.8S rRNA, LSU-rRNA) (GO:0000467)",2/9,0.01346580464541232,13.852192026289448,59.669727253906515,ERI3;EXOSC10,1.0
GO_Biological_Process_2021,skeletal muscle fiber development (GO:0048741),2/9,0.01346580464541232,13.852192026289448,59.669727253906515,SELENON;SKI,1.0
GO_Biological_Process_2021,regulation of cellular protein localization (GO:1903827),4/46,0.013954923674365592,4.632077593847868,19.787878261671686,ATP13A2;DVL1;KCNAB2;KDM1A,1.0
GO_Biological_Process_2021,glycosaminoglycan biosynthetic process (GO:0006024),6/97,0.014177369701731992,3.2147801410590677,13.682452340140882,AGRN;B3GALT6;B4GALT2;HSPG2;SDC3;ST3GAL3,1.0
GO_Biological_Process_2021,negative regulation of signaling receptor activity (GO:2000272),3/26,0.015271493690556944,6.334340120088658,26.488736672013754,EPHB2;ERRFI1;SLC6A9,1.0
GO_Biological_Process_2021,ubiquitin-dependent ERAD pathway (GO:0030433),5/73,0.0163696544442187,3.58038717967349,14.723719277976317,FBXO2;FBXO44;FBXO6;UBE2J2;UBE4B,1.0
GO_Biological_Process_2021,rRNA 3'-end processing (GO:0031125),2/10,0.016608230698580723,12.120049211137395,49.66622706136711,ERI3;EXOSC10,1.0
GO_Biological_Process_2021,cellular response to leucine (GO:0071233),2/10,0.016608230698580723,12.120049211137395,49.66622706136711,MTOR;SESN2,1.0
GO_Biological_Process_2021,response to leucine (GO:0043201),2/10,0.016608230698580723,12.120049211137395,49.66622706136711,MTOR;SESN2,1.0
GO_Biological_Process_2021,cellular response to leucine starvation (GO:1990253),2/10,0.016608230698580723,12.120049211137395,49.66622706136711,MTOR;SESN2,1.0
GO_Biological_Process_2021,positive regulation of receptor recycling (GO:0001921),2/10,0.016608230698580723,12.120049211137395,49.66622706136711,ECE1;VAMP3,1.0
GO_Biological_Process_2021,regulation of stress fiber assembly (GO:0051492),5/74,0.017272540493244896,3.5283168027562044,14.320158157987231,ARHGEF10L;ASAP3;SLC9A1;STMN1;WASF2,1.0
GO_Biological_Process_2021,cellular response to amino acid starvation (GO:0034198),5/74,0.017272540493244896,3.5283168027562044,14.320158157987231,ATP6V0B;MTOR;RRAGC;SESN2;SZT2,1.0
GO_Biological_Process_2021,negative regulation of protein binding (GO:0032091),5/74,0.017272540493244896,3.5283168027562044,14.320158157987231,CTNNBIP1;DVL1;KDM1A;PEX14;PTPRF,1.0
GO_Biological_Process_2021,aminoglycan biosynthetic process (GO:0006023),4/49,0.017283808815991866,4.322609071024098,17.541083299745342,AGRN;B3GALT6;HSPG2;SDC3,1.0
GO_Biological_Process_2021,response to amino acid starvation (GO:1990928),5/75,0.018207811645031848,3.477734150893698,13.931471113420749,ATP6V0B;MTOR;RRAGC;SESN2;SZT2,1.0
GO_Biological_Process_2021,protein localization to lysosome (GO:0061462),3/28,0.018678595532186443,5.826997376997584,23.19364654037334,ATP13A2;LAPTM5;SZT2,1.0
GO_Biological_Process_2021,cellular response to acid chemical (GO:0071229),3/28,0.018678595532186443,5.826997376997584,23.19364654037334,MTOR;RRAGC;SESN2,1.0
GO_Biological_Process_2021,positive regulation of synapse assembly (GO:0051965),3/28,0.018678595532186443,5.826997376997584,23.19364654037334,AGRN;CLSTN1;EPHB2,1.0
GO_Biological_Process_2021,intrinsic apoptotic signaling pathway in response to DNA damage (GO:0008630),4/51,0.019755635646306512,4.138244844661,16.23978243869882,CASP9;EPHA2;TNFRSF1B;TP73,1.0
GO_Biological_Process_2021,myotube cell development (GO:0014904),2/11,0.020029249912485256,10.77282702157469,42.12780343926161,SELENON;SKI,1.0
GO_Biological_Process_2021,chromatin-mediated maintenance of transcription (GO:0048096),2/11,0.020029249912485256,10.77282702157469,42.12780343926161,ARID1A;PADI2,1.0
GO_Biological_Process_2021,ketone body metabolic process (GO:1902224),2/11,0.020029249912485256,10.77282702157469,42.12780343926161,HMGCL;OXCT2,1.0
GO_Biological_Process_2021,positive regulation of cellular respiration (GO:1901857),2/11,0.020029249912485256,10.77282702157469,42.12780343926161,IFNLR1;PINK1,1.0
GO_Biological_Process_2021,positive regulation of protein modification by small protein conjugation or removal (GO:1903322),5/77,0.02017718590101127,3.3807840681572277,13.19588558300862,CENPS;LAPTM5;MUL1;PINK1;ZC3H12A,1.0
GO_Biological_Process_2021,mismatch repair (GO:0006298),3/29,0.02052700748819854,5.602595779091917,21.771764633546383,MUTYH;RPA2;TP73,1.0
GO_Biological_Process_2021,signal transduction in response to DNA damage (GO:0042770),4/52,0.021069039180444553,4.051824113553298,15.639841135032087,CASP9;FBXO6;MAD2L2;SESN2,1.0
GO_Biological_Process_2021,positive regulation of protein localization to cell periphery (GO:1904377),4/52,0.021069039180444553,4.051824113553298,15.639841135032087,ARHGEF16;EPB41;EPHA2;EPHB2,1.0
GO_Biological_Process_2021,ncRNA processing (GO:0034470),9/201,0.02195803053398323,2.290853218035813,8.747903300352622,AGO1;AGO3;AGO4;EBNA1BP2;EXOSC10;INTS11;MRTO4;NOL9;UTP11,1.0
GO_Biological_Process_2021,primary neural tube formation (GO:0014020),3/30,0.022472276330802003,5.394816521771855,20.47587986885073,MTHFR;PHACTR4;SKI,1.0
GO_Biological_Process_2021,regulation of type I interferon-mediated signaling pathway (GO:0060338),3/30,0.022472276330802003,5.394816521771855,20.47587986885073,ISG15;MUL1;YTHDF2,1.0
GO_Biological_Process_2021,skin development (GO:0043588),5/80,0.02338420456249362,3.2450539523261694,12.187431291478331,CLIC4;EPHA2;ERRFI1;KDF1;STMN1,1.0
GO_Biological_Process_2021,mitotic G1/S transition checkpoint signaling (GO:0044819),2/12,0.02371631416956426,9.695049269924523,36.27491981629173,PLK3;RPA2,1.0
GO_Biological_Process_2021,protein import into peroxisome matrix (GO:0016558),2/12,0.02371631416956426,9.695049269924523,36.27491981629173,PEX10;PEX14,1.0
GO_Biological_Process_2021,chromatin assembly or disassembly (GO:0006333),2/12,0.02371631416956426,9.695049269924523,36.27491981629173,NOC2L;RBBP4,1.0
GO_Biological_Process_2021,regulation of response to oxidative stress (GO:1902882),2/12,0.02371631416956426,9.695049269924523,36.27491981629173,PINK1;SELENON,1.0
GO_Biological_Process_2021,negative regulation of leukocyte chemotaxis (GO:0002689),2/12,0.02371631416956426,9.695049269924523,36.27491981629173,NBL1;PADI2,1.0
GO_Biological_Process_2021,histone H3-K9 demethylation (GO:0033169),2/12,0.02371631416956426,9.695049269924523,36.27491981629173,KDM1A;KDM4A,1.0
GO_Biological_Process_2021,regulation of focal adhesion assembly (GO:0051893),4/54,0.023853261842491973,3.889353139070818,14.529978885536242,COL16A1;MACF1;RCC2;SLC9A1,1.0
GO_Biological_Process_2021,tube closure (GO:0060606),3/31,0.02451443289296068,5.201878639974653,19.291131757130383,MTHFR;PHACTR4;SKI,1.0
GO_Biological_Process_2021,regulation of cellular component size (GO:0032535),3/31,0.02451443289296068,5.201878639974653,19.291131757130383,ATP13A2;HP1BP3;MTOR,1.0
GO_Biological_Process_2021,interstrand cross-link repair (GO:0036297),4/55,0.02532492749667371,3.812896209902592,14.016077179027326,CENPS;EXO5;FAAP20;RPA2,1.0
GO_Biological_Process_2021,negative regulation of cytokine-mediated signaling pathway (GO:0001960),4/55,0.02532492749667371,3.812896209902592,14.016077179027326,ISG15;MUL1;PADI2;YTHDF2,1.0
GO_Biological_Process_2021,glycoprotein metabolic process (GO:0009100),4/55,0.02532492749667371,3.812896209902592,14.016077179027326,FBXO2;FBXO44;FBXO6;MAN1C1,1.0
GO_Biological_Process_2021,positive regulation of protein ubiquitination (GO:0031398),5/82,0.025695053261477127,3.160442971028886,11.571825362109792,CENPS;KDM1A;LAPTM5;PEF1;PINK1,1.0
GO_Biological_Process_2021,mitochondrial membrane organization (GO:0007006),3/32,0.026653372204326238,5.022246818991052,18.20483914858273,DNAJC11;MFN2;MICOS10,1.0
GO_Biological_Process_2021,response to amino acid (GO:0043200),3/32,0.026653372204326238,5.022246818991052,18.20483914858273,MTOR;RRAGC;SESN2,1.0
GO_Biological_Process_2021,regulation of macroautophagy (GO:0016241),6/112,0.0267443564041461,2.7577357815283037,9.98695206472346,ATP13A2;ATP6V0B;MTOR;PINK1;RRAGC;SESN2,1.0
GO_Biological_Process_2021,Rho protein signal transduction (GO:0007266),4/56,0.02685012361617734,3.739379931856221,13.52715026715315,CNKSR1;PDPN;PHACTR4;PLEKHG5,1.0
GO_Biological_Process_2021,negative regulation of DNA-binding transcription factor activity (GO:0043433),7/143,0.0269211986122786,2.510061857885815,9.073475144498477,CTNNBIP1;HEYL;ID3;KDM1A;MAD2L2;PEX14;ZC3H12A,1.0
GO_Biological_Process_2021,positive regulation of calcineurin-mediated signaling (GO:0106058),2/13,0.02765726781869747,8.813231109483478,31.620698725293106,CAMTA1;SLC9A1,1.0
GO_Biological_Process_2021,chromatin organization involved in regulation of transcription (GO:0034401),2/13,0.02765726781869747,8.813231109483478,31.620698725293106,ARID1A;PADI2,1.0
GO_Biological_Process_2021,positive regulation of calcineurin-NFAT signaling cascade (GO:0070886),2/13,0.02765726781869747,8.813231109483478,31.620698725293106,CAMTA1;SLC9A1,1.0
GO_Biological_Process_2021,positive regulation of purine nucleotide biosynthetic process (GO:1900373),2/13,0.02765726781869747,8.813231109483478,31.620698725293106,ENO1;PINK1,1.0
GO_Biological_Process_2021,central nervous system projection neuron axonogenesis (GO:0021952),2/13,0.02765726781869747,8.813231109483478,31.620698725293106,EPHB2;SZT2,1.0
GO_Biological_Process_2021,positive regulation of insulin receptor signaling pathway (GO:0046628),2/13,0.02765726781869747,8.813231109483478,31.620698725293106,C1QTNF12;PRKCZ,1.0
GO_Biological_Process_2021,regulation of mRNA metabolic process (GO:1903311),2/13,0.02765726781869747,8.813231109483478,31.620698725293106,CDK11A;CDK11B,1.0
GO_Biological_Process_2021,regulation of actomyosin structure organization (GO:0110020),2/13,0.02765726781869747,8.813231109483478,31.620698725293106,ASAP3;SLC9A1,1.0
GO_Biological_Process_2021,protein localization to mitochondrion (GO:0070585),2/13,0.02765726781869747,8.813231109483478,31.620698725293106,ISG15;PINK1,1.0
GO_Biological_Process_2021,pentose-phosphate shunt (GO:0006098),2/13,0.02765726781869747,8.813231109483478,31.620698725293106,H6PD;PGD,1.0
GO_Biological_Process_2021,RNA stabilization (GO:0043489),3/33,0.028888860859607582,4.854590452739692,17.206121036358436,THRAP3;YBX1;ZCCHC17,1.0
GO_Biological_Process_2021,termination of RNA polymerase II transcription (GO:0006369),3/34,0.03122054410747224,4.697750626246483,16.285593142009475,LSM10;MED18;SSU72,1.0
GO_Biological_Process_2021,cellular response to amino acid stimulus (GO:0071230),3/34,0.03122054410747224,4.697750626246483,16.285593142009475,MTOR;RRAGC;SESN2,1.0
GO_Biological_Process_2021,positive regulation of cellular response to insulin stimulus (GO:1900078),2/14,0.0318403369763278,8.078382642449276,27.846357317864058,C1QTNF12;PRKCZ,1.0
GO_Biological_Process_2021,negative regulation of TORC1 signaling (GO:1904262),2/14,0.0318403369763278,8.078382642449276,27.846357317864058,SESN2;SZT2,1.0
GO_Biological_Process_2021,regulation of cell projection organization (GO:0031344),2/14,0.0318403369763278,8.078382642449276,27.846357317864058,MACF1;MFSD2A,1.0
GO_Biological_Process_2021,protein localization to vacuole (GO:0072665),2/14,0.0318403369763278,8.078382642449276,27.846357317864058,ATP13A2;SZT2,1.0
GO_Biological_Process_2021,"negative regulation of mRNA splicing, via spliceosome (GO:0048025)",2/14,0.0318403369763278,8.078382642449276,27.846357317864058,SRSF10;SRSF4,1.0
GO_Biological_Process_2021,ERAD pathway (GO:0036503),5/87,0.03209522005818523,2.9669727394040013,10.2035621632967,FBXO2;FBXO44;FBXO6;UBE2J2;UBE4B,1.0
GO_Biological_Process_2021,regulation of protein binding (GO:0043393),6/118,0.033354070540379505,2.609196364680805,8.872769125145004,CTNNBIP1;DVL1;EPB41;KDM1A;LDLRAP1;PEX14,1.0
GO_Biological_Process_2021,negative regulation of Ras protein signal transduction (GO:0046580),3/35,0.03364795266898174,4.5507132889091,15.435123288878323,EPHB2;MFN2;STMN1,1.0
GO_Biological_Process_2021,regulation of TORC1 signaling (GO:1903432),3/35,0.03364795266898174,4.5507132889091,15.435123288878323,RRAGC;SESN2;SZT2,1.0
GO_Biological_Process_2021,positive regulation of lipid biosynthetic process (GO:0046889),3/35,0.03364795266898174,4.5507132889091,15.435123288878323,FABP3;MFSD2A;MTOR,1.0
GO_Biological_Process_2021,positive regulation of immunoglobulin production (GO:0002639),3/35,0.03364795266898174,4.5507132889091,15.435123288878323,EPHB2;MAD2L2;VAMP3,1.0
GO_Biological_Process_2021,collagen fibril organization (GO:0030199),5/89,0.03490997375626774,2.896033654474876,9.716142837239238,COL16A1;COL8A2;COL9A2;P3H1;PLOD1,1.0
GO_Biological_Process_2021,"regulation of DNA-templated transcription, initiation (GO:2000142)",4/61,0.03528879231361478,3.4104913195435085,11.40533050089723,AGO1;AGO3;AGO4;MED8,1.0
GO_Biological_Process_2021,negative regulation of protein phosphorylation (GO:0001933),7/152,0.035786452371112866,2.3531759857902483,7.8365134471151245,CAMK2N1;CEP85;DVL1;EPHB2;ERRFI1;PRKCZ;ZC3H12A,1.0
GO_Biological_Process_2021,regulation of defense response to virus by host (GO:0050691),3/36,0.03617050929430139,4.41258730534974,14.647632771686498,IFNLR1;MUL1;ZC3H12A,1.0
GO_Biological_Process_2021,regulation of cardiac muscle contraction (GO:0055117),3/36,0.03617050929430139,4.41258730534974,14.647632771686498,RNF207;SLC9A1;ZC3H12A,1.0
GO_Biological_Process_2021,regulation of androgen receptor signaling pathway (GO:0060765),3/36,0.03617050929430139,4.41258730534974,14.647632771686498,HDAC1;HEYL;KDM1A,1.0
GO_Biological_Process_2021,aortic valve development (GO:0003176),3/36,0.03617050929430139,4.41258730534974,14.647632771686498,HEYL;TIE1;TNFRSF1B,1.0
GO_Biological_Process_2021,embryonic limb morphogenesis (GO:0030326),3/36,0.03617050929430139,4.41258730534974,14.647632771686498,ECE1;HDAC1;SKI,1.0
GO_Biological_Process_2021,regulation of extracellular matrix organization (GO:1903053),2/15,0.03625411909852887,7.456587785728026,24.735009957849513,ANGPTL7;TIE1,1.0
GO_Biological_Process_2021,regulation of aerobic respiration (GO:1903715),2/15,0.03625411909852887,7.456587785728026,24.735009957849513,PINK1;SLC25A33,1.0
GO_Biological_Process_2021,protein hydroxylation (GO:0018126),2/15,0.03625411909852887,7.456587785728026,24.735009957849513,P3H1;PLOD1,1.0
GO_Biological_Process_2021,negative regulation of mRNA processing (GO:0050686),2/15,0.03625411909852887,7.456587785728026,24.735009957849513,SRSF10;SRSF4,1.0
GO_Biological_Process_2021,negative regulation of androgen receptor signaling pathway (GO:0060766),2/15,0.03625411909852887,7.456587785728026,24.735009957849513,HDAC1;HEYL,1.0
GO_Biological_Process_2021,histone H3 deacetylation (GO:0070932),2/15,0.03625411909852887,7.456587785728026,24.735009957849513,HDAC1;SFPQ,1.0
GO_Biological_Process_2021,protein ubiquitination (GO:0016567),17/525,0.04047495845587563,1.6419144172877902,5.265737435275012,FBXO2;FBXO44;FBXO6;ISG15;KLHL21;MIB2;MUL1;PEX10;PEX14;PINK1;PSMB2;RNF19B;RNF220;SPSB1;TRIM62;UBE2J2;UBE4B,1.0
GO_Biological_Process_2021,regulation of oxidative phosphorylation (GO:0002082),2/16,0.040887572817469076,6.92362076568124,22.13432473915053,PINK1;SLC25A33,1.0
GO_Biological_Process_2021,histone H2A acetylation (GO:0043968),2/16,0.040887572817469076,6.92362076568124,22.13432473915053,DMAP1;MEAF6,1.0
GO_Biological_Process_2021,resolution of meiotic recombination intermediates (GO:0000712),2/16,0.040887572817469076,6.92362076568124,22.13432473915053,CENPS;CORT,1.0
GO_Biological_Process_2021,regulation of defense response to virus (GO:0050688),2/16,0.040887572817469076,6.92362076568124,22.13432473915053,IFNLR1;ZMPSTE24,1.0
GO_Biological_Process_2021,apoptotic DNA fragmentation (GO:0006309),2/16,0.040887572817469076,6.92362076568124,22.13432473915053,DFFA;DFFB,1.0
GO_Biological_Process_2021,negative regulation of transcription regulatory region DNA binding (GO:2000678),2/16,0.040887572817469076,6.92362076568124,22.13432473915053,MAD2L2;ZNF593,1.0
GO_Biological_Process_2021,regulation of ATP biosynthetic process (GO:2001169),2/16,0.040887572817469076,6.92362076568124,22.13432473915053,ENO1;PINK1,1.0
GO_Biological_Process_2021,non-canonical Wnt signaling pathway (GO:0035567),6/124,0.0409403447111494,2.475762651241527,7.91164437347563,AGO1;AGO3;AGO4;DVL1;GNB1;PSMB2,1.0
GO_Biological_Process_2021,regulation of transcription initiation from RNA polymerase II promoter (GO:0060260),4/64,0.04100856166880706,3.239469241140898,10.34678186754011,AGO1;AGO3;AGO4;MED8,1.0
GO_Biological_Process_2021,diterpenoid metabolic process (GO:0016101),4/64,0.04100856166880706,3.239469241140898,10.34678186754011,AGRN;DHRS3;HSPG2;SDC3,1.0
GO_Biological_Process_2021,cellular component assembly (GO:0022607),10/261,0.04118981804969574,1.9460541190330012,6.207064525754865,DVL1;ESPN;FBLIM1;NOC2L;PEX14;PPIH;RBBP4;SLC2A1;VAMP3;YTHDF2,1.0
GO_Biological_Process_2021,mRNA destabilization (GO:0061157),3/38,0.0414982554583412,4.160014078269768,13.237596979991185,PUM1;YTHDF2;ZC3H12A,1.0
GO_Biological_Process_2021,histone exchange (GO:0043486),3/38,0.0414982554583412,4.160014078269768,13.237596979991185,CENPS;DMAP1;RBBP4,1.0
GO_Biological_Process_2021,negative regulation of innate immune response (GO:0045824),3/38,0.0414982554583412,4.160014078269768,13.237596979991185,ISG15;MUL1;YTHDF2,1.0
GO_Biological_Process_2021,regulation of kinase activity (GO:0043549),5/94,0.042597664066502096,2.7326346386268927,8.624074304647666,EPHA10;EPHA2;EPHB2;FGR;TIE1,1.0
GO_Biological_Process_2021,T cell receptor signaling pathway (GO:0050852),7/158,0.04265969162874553,2.258975197247215,7.125939054575545,EIF2B3;ERMAP;KHDRBS1;PIK3CD;PSMB2;THEMIS2;ZC3H12A,1.0
GO_Biological_Process_2021,cellular response to starvation (GO:0009267),7/158,0.04265969162874553,2.258975197247215,7.125939054575545,ATP6V0B;MFSD2A;MTOR;RRAGC;SESN2;SZT2;ZC3H12A,1.0
GO_Biological_Process_2021,synapse organization (GO:0050808),6/126,0.04369215647404909,2.4342499403937516,7.620630436046706,AGRN;C1QA;C1QB;C1QC;DVL1;PTPRF,1.0
GO_Biological_Process_2021,regulation of protein targeting to mitochondrion (GO:1903214),3/39,0.0443018061570585,4.044251349191447,12.604838827008733,ATP5IF1;PINK1;UBE2J2,1.0
GO_Biological_Process_2021,acyl-CoA biosynthetic process (GO:0071616),2/17,0.04573000803587579,6.4617160149740265,19.934397560862546,PPCS;PPT1,1.0
GO_Biological_Process_2021,maturation of 5.8S rRNA (GO:0000460),2/17,0.04573000803587579,6.4617160149740265,19.934397560862546,EXOSC10;NOL9,1.0
GO_Biological_Process_2021,regulation of receptor recycling (GO:0001919),2/17,0.04573000803587579,6.4617160149740265,19.934397560862546,ECE1;VAMP3,1.0
GO_Biological_Process_2021,negative regulation of cell population proliferation (GO:0008285),13/379,0.046720305153347394,1.7378161109692367,5.32393244065474,CAMK2N1;CTNNBIP1;FABP3;IFNLR1;KDF1;MFN2;P3H1;PDPN;PTPRU;RBBP4;SKI;TP73;ZBTB17,1.0
GO_Biological_Process_2021,protein-containing complex assembly (GO:0065003),10/267,0.0467756341616786,1.900031395834997,5.818642559876332,COL16A1;HDAC1;PEF1;PEX14;PPIH;SLC2A1;SLC9A1;TRAPPC3;VAMP3;ZC3H12A,1.0
GO_Biological_Process_2021,regulation of autophagy (GO:0010506),9/231,0.04687374233341158,1.9782149420015298,6.053926489284929,ATP13A2;ATP6V0B;CPTP;EIF4G3;KDM4A;MTOR;PINK1;RRAGC;ZC3H12A,1.0
GO_Biological_Process_2021,negative regulation of protein kinase B signaling (GO:0051898),3/40,0.047197238653202994,3.934746064928171,12.014431901520158,EPHA2;MUL1;OTUD3,1.0
GO_Biological_Process_2021,regulation of myeloid cell differentiation (GO:0045637),4/68,0.04940395468332531,3.0363805230377983,9.132597012533692,AGO1;AGO3;AGO4;HDAC1,1.0
GO_Biological_Process_2021,nucleobase-containing compound catabolic process (GO:0034655),3/41,0.05018352561275882,3.8310042166787515,11.462626968031598,DFFB;PABPC4;PPP1R8,1.0
GO_Biological_Process_2021,regulation of mitochondrial membrane potential (GO:0051881),3/41,0.05018352561275882,3.8310042166787515,11.462626968031598,ATP5IF1;PINK1;SLC25A33,1.0
GO_Biological_Process_2021,intracellular estrogen receptor signaling pathway (GO:0030520),2/18,0.050771076273252995,6.057549358105214,18.054092451730128,ARID1A;PADI2,1.0
GO_Biological_Process_2021,G protein-coupled acetylcholine receptor signaling pathway (GO:0007213),2/18,0.050771076273252995,6.057549358105214,18.054092451730128,AGRN;GNB1,1.0
GO_Biological_Process_2021,carbohydrate derivative transport (GO:1901264),2/18,0.050771076273252995,6.057549358105214,18.054092451730128,CPTP;MFSD2A,1.0
GO_Biological_Process_2021,positive regulation of myoblast differentiation (GO:0045663),2/18,0.050771076273252995,6.057549358105214,18.054092451730128,AKIRIN1;XKR8,1.0
GO_Biological_Process_2021,mitochondrial fission (GO:0000266),2/18,0.050771076273252995,6.057549358105214,18.054092451730128,MTFR1L;MUL1,1.0
GO_Biological_Process_2021,pulmonary valve development (GO:0003177),2/18,0.050771076273252995,6.057549358105214,18.054092451730128,HEYL;TNFRSF1B,1.0
GO_Biological_Process_2021,embryonic digit morphogenesis (GO:0042733),2/18,0.050771076273252995,6.057549358105214,18.054092451730128,ECE1;HDAC1,1.0
GO_Biological_Process_2021,RNA destabilization (GO:0050779),2/18,0.050771076273252995,6.057549358105214,18.054092451730128,PUM1;YTHDF2,1.0
GO_Biological_Process_2021,positive regulation of macromolecule metabolic process (GO:0010604),13/384,0.05085253750027734,1.7139496016628397,5.105556361039631,AGO1;AGO3;AGO4;ATP13A2;CAMK2N1;ECE1;EPHB2;LAPTM5;MTOR;PIK3CD;RNF207;VAMP3;ZC3H12A,1.0
GO_Biological_Process_2021,response to UV (GO:0009411),5/99,0.05122803324589902,2.5866184968052903,7.686055054823788,CASP9;KDM1A;NOC2L;SDF4;UBE4B,1.0
GO_Biological_Process_2021,regulation of nervous system development (GO:0051960),3/42,0.053259566032830226,3.7325824632113536,10.946088642660161,HEYL;TNFRSF1B;YTHDF2,1.0
GO_Biological_Process_2021,cellular response to light stimulus (GO:0071482),4/70,0.053929940950938095,2.944067469354571,8.596881518849258,CASP9;GNB1;KDM1A;NOC2L,1.0
GO_Biological_Process_2021,cellular response to chemical stress (GO:0062197),5/101,0.05494612761383243,2.532470844213113,7.3477161539236855,ATP13A2;PINK1;PRDX1;SESN2;ZC3H12A,1.0
GO_Biological_Process_2021,cytoplasmic translational initiation (GO:0002183),2/19,0.056000761257752815,5.700931719691556,16.432308547886834,EIF2B3;EIF3I,1.0
GO_Biological_Process_2021,mesenchymal cell development (GO:0014031),2/19,0.056000761257752815,5.700931719691556,16.432308547886834,HEYL;PEF1,1.0
GO_Biological_Process_2021,mitochondrion localization (GO:0051646),2/19,0.056000761257752815,5.700931719691556,16.432308547886834,MFN2;MUL1,1.0
GO_Biological_Process_2021,regulation of cell-cell adhesion mediated by cadherin (GO:2000047),2/19,0.056000761257752815,5.700931719691556,16.432308547886834,MAD2L2;PTPRU,1.0
GO_Biological_Process_2021,negative regulation of RNA splicing (GO:0033119),2/19,0.056000761257752815,5.700931719691556,16.432308547886834,SRSF10;SRSF4,1.0
GO_Biological_Process_2021,regulation of water loss via skin (GO:0033561),2/19,0.056000761257752815,5.700931719691556,16.432308547886834,KDF1;STMN1,1.0
GO_Biological_Process_2021,regulation of glucose transmembrane transport (GO:0010827),2/19,0.056000761257752815,5.700931719691556,16.432308547886834,C1QTNF12;SLC2A1,1.0
GO_Biological_Process_2021,positive regulation of cilium assembly (GO:0045724),2/19,0.056000761257752815,5.700931719691556,16.432308547886834,CROCC;WRAP73,1.0
GO_Biological_Process_2021,establishment of skin barrier (GO:0061436),2/19,0.056000761257752815,5.700931719691556,16.432308547886834,KDF1;STMN1,1.0
GO_Biological_Process_2021,regulation of RIG-I signaling pathway (GO:0039535),2/19,0.056000761257752815,5.700931719691556,16.432308547886834,GPATCH3;PUM1,1.0
GO_Biological_Process_2021,positive regulation of mitochondrial fission (GO:0090141),2/19,0.056000761257752815,5.700931719691556,16.432308547886834,MUL1;PINK1,1.0
GO_Biological_Process_2021,regulation of bicellular tight junction assembly (GO:2000810),2/19,0.056000761257752815,5.700931719691556,16.432308547886834,EPHA2;NPHP4,1.0
GO_Biological_Process_2021,regulation of autophagy of mitochondrion (GO:1903146),2/19,0.056000761257752815,5.700931719691556,16.432308547886834,ATP13A2;PINK1,1.0
GO_Biological_Process_2021,DNA synthesis involved in DNA repair (GO:0000731),3/43,0.056424190190322056,3.639081797417325,10.46184090097936,FAAP20;ISG15;RPA2,1.0
GO_Biological_Process_2021,cellular response to glucose starvation (GO:0042149),3/43,0.056424190190322056,3.639081797417325,10.46184090097936,SESN2;SZT2;ZC3H12A,1.0
GO_Biological_Process_2021,protein polyubiquitination (GO:0000209),11/314,0.05665887539246083,1.7729957366238287,5.089750621632319,FBXO2;FBXO44;FBXO6;MIB2;MUL1;PSMB2;RNF19B;SPSB1;TRIM62;UBE2J2;UBE4B,1.0
GO_Biological_Process_2021,intrinsic apoptotic signaling pathway (GO:0097193),5/102,0.056862236320557695,2.5062343527509237,7.185684269514237,CASP9;EPHA2;IFI6;TNFRSF1B;TP73,1.0
GO_Biological_Process_2021,cell junction organization (GO:0034330),4/72,0.058673031757214354,2.857184595299769,8.10233288184171,AGRN;C1QA;DVL1;FBLIM1,1.0
GO_Biological_Process_2021,positive regulation of mRNA catabolic process (GO:0061014),3/44,0.0596761643901573,3.550142139710811,10.00722087800485,PUM1;YTHDF2;ZC3H12A,1.0
GO_Biological_Process_2021,positive regulation of synaptic transmission (GO:0050806),4/73,0.0611254014565184,2.8156319164039942,7.869206251517213,CLSTN1;EPHB2;PRKCZ;RIMS3,1.0
GO_Biological_Process_2021,fatty acid transport (GO:0015908),2/20,0.0614093697577431,5.38393826332386,15.022226066301481,FABP3;MFSD2A,1.0
GO_Biological_Process_2021,positive regulation of nervous system development (GO:0051962),3/45,0.06301419551970498,3.4654377037998443,9.579839535397518,CLSTN1;EPHB2;SPEN,1.0
GO_Biological_Process_2021,regulation of cell cycle process (GO:0010564),5/106,0.06490639736382427,2.406483731746165,6.581273578495332,CEP85;KLHL21;PLK3;RCC1;YTHDF2,1.0
GO_Biological_Process_2021,integrin-mediated signaling pathway (GO:0007229),4/75,0.06619034782195077,2.7360380526036363,7.428946964793973,COL16A1;FGR;ISG15;RCC2,1.0
GO_Biological_Process_2021,positive regulation of nucleocytoplasmic transport (GO:0046824),3/46,0.0664369354158915,3.3846730090940396,9.177548042675847,DMAP1;KHDRBS1;ZC3H12A,1.0
GO_Biological_Process_2021,postreplication repair (GO:0006301),3/46,0.0664369354158915,3.3846730090940396,9.177548042675847,FAAP20;ISG15;RPA2,1.0
GO_Biological_Process_2021,regulation of double-strand break repair via homologous recombination (GO:0010569),3/46,0.0664369354158915,3.3846730090940396,9.177548042675847,KDM1A;MAD2L2;RPA2,1.0
GO_Biological_Process_2021,positive regulation of vascular associated smooth muscle cell proliferation (GO:1904707),2/21,0.06698752264725417,5.100312539205396,13.787414292270117,LDLRAP1;MFN2,1.0
GO_Biological_Process_2021,acetylcholine receptor signaling pathway (GO:0095500),2/21,0.06698752264725417,5.100312539205396,13.787414292270117,AGRN;GNB1,1.0
GO_Biological_Process_2021,positive regulation of immune system process (GO:0002684),2/21,0.06698752264725417,5.100312539205396,13.787414292270117,PIK3CD;TNFRSF18,1.0
GO_Biological_Process_2021,aerobic respiration (GO:0009060),2/21,0.06698752264725417,5.100312539205396,13.787414292270117,MTFR1L;SDHB,1.0
GO_Biological_Process_2021,negative regulation of small GTPase mediated signal transduction (GO:0051058),2/21,0.06698752264725417,5.100312539205396,13.787414292270117,EPHB2;MFN2,1.0
GO_Biological_Process_2021,focal adhesion assembly (GO:0048041),2/21,0.06698752264725417,5.100312539205396,13.787414292270117,RCC2;TESK2,1.0
GO_Biological_Process_2021,error-prone translesion synthesis (GO:0042276),2/21,0.06698752264725417,5.100312539205396,13.787414292270117,MAD2L2;RPA2,1.0
GO_Biological_Process_2021,regulation of cell-substrate junction assembly (GO:0090109),2/21,0.06698752264725417,5.100312539205396,13.787414292270117,MACF1;SLC9A1,1.0
GO_Biological_Process_2021,phosphate-containing compound metabolic process (GO:0006796),8/212,0.06822191096612522,1.91053301042606,5.129761054376056,ALPL;EPHB2;INPP5B;MTOR;NADK;PIK3CD;PLA2G5;PLCH2,1.0
GO_Biological_Process_2021,protein localization to organelle (GO:0033365),6/142,0.06983125173856919,2.1461028886268396,5.712225480458059,CROCC;DVL1;ISG15;RPA2;UBE2J2;YBX1,1.0
GO_Biological_Process_2021,chromatin organization (GO:0006325),6/142,0.06983125173856919,2.1461028886268396,5.712225480458059,ARID1A;HDAC1;HP1BP3;KDM4A;PADI2;RBBP4,1.0
GO_Biological_Process_2021,regulation of protein ubiquitination (GO:0031396),5/109,0.07133633724219147,2.3367062540721633,6.1697210555602595,CENPS;ISG15;LAPTM5;PINK1;SVBP,1.0
GO_Biological_Process_2021,regulation of execution phase of apoptosis (GO:1900117),2/22,0.07272614619962355,4.8450493874987774,12.699137598587185,DFFA;ZC3H12A,1.0
GO_Biological_Process_2021,heme biosynthetic process (GO:0006783),2/22,0.07272614619962355,4.8450493874987774,12.699137598587185,ATP5IF1;UROD,1.0
GO_Biological_Process_2021,protein stabilization (GO:0050821),7/179,0.07314286733201072,1.9810281031449506,5.181063354073808,DVL1;MUL1;OTUD3;P3H1;PER3;PINK1;STX12,1.0
GO_Biological_Process_2021,purine ribonucleotide biosynthetic process (GO:0009152),3/48,0.07353089854517753,3.2339122456432037,8.44067127499384,ACOT7;PANK4;PPCS,1.0
GO_Biological_Process_2021,regulation of mitochondrion organization (GO:0010821),3/48,0.07353089854517753,3.2339122456432037,8.44067127499384,ATP13A2;MUL1;PINK1,1.0
GO_Biological_Process_2021,regulation of cellular localization (GO:0060341),3/49,0.07719918700577662,3.163447975769443,8.1027492046654,DVL1;KDM1A;PINK1,1.0
GO_Biological_Process_2021,negative regulation of extrinsic apoptotic signaling pathway in absence of ligand (GO:2001240),2/23,0.07861646360379133,4.614097012145171,11.734452204765779,EYA3;IFI6,1.0
GO_Biological_Process_2021,protein deacylation (GO:0035601),2/23,0.07861646360379133,4.614097012145171,11.734452204765779,HDAC1;PPT1,1.0
GO_Biological_Process_2021,"DNA catabolic process, endonucleolytic (GO:0000737)",2/23,0.07861646360379133,4.614097012145171,11.734452204765779,DFFA;DFFB,1.0
GO_Biological_Process_2021,glucose 6-phosphate metabolic process (GO:0051156),2/23,0.07861646360379133,4.614097012145171,11.734452204765779,H6PD;PGD,1.0
GO_Biological_Process_2021,negative regulation of signal transduction in absence of ligand (GO:1901099),2/23,0.07861646360379133,4.614097012145171,11.734452204765779,EYA3;IFI6,1.0
GO_Biological_Process_2021,regulation of protein localization to plasma membrane (GO:1903076),4/80,0.07977054357556959,2.5553809275304564,6.46153869410866,ARHGEF16;EPHA2;EPHB2;LDLRAP1,1.0
GO_Biological_Process_2021,regulation of organelle organization (GO:0033043),4/80,0.07977054357556959,2.5553809275304564,6.46153869410866,ATP13A2;CLIC4;MUL1;PINK1,1.0
GO_Biological_Process_2021,regulation of cell cycle (GO:0051726),10/296,0.08087455954781683,1.704810299006168,4.287352362028774,CAMK2N1;CDK11A;CDK11B;MFN2;PHACTR4;PUM1;RBBP4;TP73;TRNP1;ZBTB17,1.0
GO_Biological_Process_2021,regulation of complement activation (GO:0030449),3/50,0.08094632220889833,3.0959821854647793,7.783203340247416,C1QA;C1QB;C1QC,1.0
GO_Biological_Process_2021,positive regulation of cell differentiation (GO:0045597),9/258,0.08124946692787968,1.761251511886172,4.421148176836243,AKIRIN1;CTNNBIP1;HEYL;MTOR;NBL1;PDPN;PLA2G5;XKR8;ZC3H12A,1.0
GO_Biological_Process_2021,positive regulation of intracellular protein transport (GO:0090316),6/148,0.08153876617478448,2.054788682080987,5.1506909399988094,DMAP1;PINK1;PLK3;TP73;UBE2J2;ZC3H12A,1.0
GO_Biological_Process_2021,negative regulation of protein modification process (GO:0031400),4/81,0.08264059146806745,2.5220649382312463,6.288149244638642,EPHB2;P3H1;PPP1R8;ZC3H12A,1.0
GO_Biological_Process_2021,DNA repair (GO:0006281),10/298,0.08367433642753226,1.6927959738421332,4.199527122348034,CENPS;EXO5;EYA3;FAAP20;FBXO6;KDM4A;MAD2L2;MUTYH;RPA2;TP73,1.0
GO_Biological_Process_2021,antigen receptor-mediated signaling pathway (GO:0050851),7/185,0.08373202236980147,1.9136605089082863,4.746134089948126,EIF2B3;ERMAP;KHDRBS1;PIK3CD;PSMB2;THEMIS2;ZC3H12A,1.0
GO_Biological_Process_2021,long-chain fatty-acyl-CoA metabolic process (GO:0035336),2/24,0.08464998669782865,4.404140307278255,10.874836813500051,ACOT7;ELOVL1,1.0
GO_Biological_Process_2021,cellular response to catecholamine stimulus (GO:0071870),2/24,0.08464998669782865,4.404140307278255,10.874836813500051,GNB1;SLC9A1,1.0
GO_Biological_Process_2021,DNA packaging (GO:0006323),2/24,0.08464998669782865,4.404140307278255,10.874836813500051,NOC2L;RBBP4,1.0
GO_Biological_Process_2021,protein kinase B signaling (GO:0043491),2/24,0.08464998669782865,4.404140307278255,10.874836813500051,EPHA2;PLK3,1.0
GO_Biological_Process_2021,negative regulation of stress fiber assembly (GO:0051497),2/24,0.08464998669782865,4.404140307278255,10.874836813500051,STMN1;WASF2,1.0
GO_Biological_Process_2021,porphyrin-containing compound biosynthetic process (GO:0006779),2/24,0.08464998669782865,4.404140307278255,10.874836813500051,ATP5IF1;UROD,1.0
GO_Biological_Process_2021,positive regulation of lamellipodium assembly (GO:0010592),2/24,0.08464998669782865,4.404140307278255,10.874836813500051,AKIRIN1;WASF2,1.0
GO_Biological_Process_2021,apoptotic nuclear changes (GO:0030262),2/24,0.08464998669782865,4.404140307278255,10.874836813500051,DFFA;DFFB,1.0
GO_Biological_Process_2021,neuromuscular junction development (GO:0007528),2/24,0.08464998669782865,4.404140307278255,10.874836813500051,AGRN;DVL1,1.0
GO_Biological_Process_2021,tumor necrosis factor-mediated signaling pathway (GO:0033209),5/116,0.08764225741970615,2.188560077749283,5.328032015500179,PSMB2;TNFRSF14;TNFRSF18;TNFRSF1B;TNFRSF25,1.0
GO_Biological_Process_2021,organelle organization (GO:0006996),13/420,0.08807740441938246,1.5594212839129196,3.7886752250455307,ATAD3A;ATAD3B;ATAD3C;CAPZB;PEX10;PEX14;PINK1;PLEKHM2;SLC25A33;VPS13D;YTHDF2;ZMYM4;ZMYM6,1.0
GO_Biological_Process_2021,positive regulation of plasma membrane bounded cell projection assembly (GO:0120034),4/83,0.0885308787868852,2.457963287934033,5.959095719820968,AGRN;AKIRIN1;CROCC;WASF2,1.0
GO_Biological_Process_2021,positive regulation of protein localization to plasma membrane (GO:1903078),3/52,0.08867084425815938,2.9693117220356133,7.194120132056114,ARHGEF16;EPHA2;EPHB2,1.0
GO_Biological_Process_2021,negative regulation of cellular biosynthetic process (GO:0031327),3/52,0.08867084425815938,2.9693117220356133,7.194120132056114,C1QTNF12;WDTC1;ZC3H12A,1.0
GO_Biological_Process_2021,peripheral nervous system development (GO:0007422),2/25,0.09081850791441015,4.212440707182376,10.1051910816592,ADGRB2;ARTN,1.0
GO_Biological_Process_2021,regulation of mitochondrial fission (GO:0090140),2/25,0.09081850791441015,4.212440707182376,10.1051910816592,MUL1;PINK1,1.0
GO_Biological_Process_2021,divalent inorganic cation homeostasis (GO:0072507),2/25,0.09081850791441015,4.212440707182376,10.1051910816592,ATP13A2;SELENON,1.0
GO_Biological_Process_2021,response to hexose (GO:0009746),2/25,0.09081850791441015,4.212440707182376,10.1051910816592,EIF2B3;SLC2A5,1.0
GO_Biological_Process_2021,regulation of epidermal cell differentiation (GO:0045604),2/25,0.09081850791441015,4.212440707182376,10.1051910816592,ERRFI1;KDF1,1.0
GO_Biological_Process_2021,regulation of proteolysis involved in cellular protein catabolic process (GO:1903050),2/25,0.09081850791441015,4.212440707182376,10.1051910816592,ATP5IF1;PINK1,1.0
GO_Biological_Process_2021,peroxisome organization (GO:0007031),2/25,0.09081850791441015,4.212440707182376,10.1051910816592,PEX10;PEX14,1.0
GO_Biological_Process_2021,negative regulation of nucleic acid-templated transcription (GO:1903507),14/464,0.09224426550350365,1.519365041399418,3.621125737588015,DMAP1;ENO1;HDAC1;HEYL;ID3;KDM1A;KDM4A;KHDRBS1;PEX14;PHC2;SAMD11;SCMH1;SFPQ;SPEN,1.0
GO_Biological_Process_2021,positive regulation of macroautophagy (GO:0016239),3/53,0.09264500892703015,2.909776604223906,6.922300921733344,PINK1;SESN2;VPS13D,1.0
GO_Biological_Process_2021,regulation of immune effector process (GO:0002697),3/53,0.09264500892703015,2.909776604223906,6.922300921733344,C1QA;C1QB;C1QC,1.0
GO_Biological_Process_2021,epidermal cell differentiation (GO:0009913),3/53,0.09264500892703015,2.909776604223906,6.922300921733344,CLIC4;EPHA2;HDAC1,1.0
GO_Biological_Process_2021,negative regulation of Wnt signaling pathway (GO:0030178),7/191,0.09515462969270334,1.8506864534261869,4.353280966304116,CTNNBIP1;DVL1;HDAC1;MAD2L2;NPHP4;PSMB2;PTPRU,1.0
GO_Biological_Process_2021,regulation of humoral immune response (GO:0002920),3/54,0.09669158228494422,2.8525761969146184,6.664271036562777,C1QA;C1QB;C1QC,1.0
GO_Biological_Process_2021,central nervous system development (GO:0007417),9/268,0.09705522173011324,1.6923742324844708,3.9474208693215385,C1QA;HSPG2;KLHL17;MARCKSL1;MFSD2A;MTF1;PPT1;SLC2A1;SZT2,1.0
GO_Biological_Process_2021,TOR signaling (GO:0031929),2/26,0.09711409243306461,4.036716073761153,9.413092190254948,MTOR;PINK1,1.0
GO_Biological_Process_2021,organelle fission (GO:0048285),2/26,0.09711409243306461,4.036716073761153,9.413092190254948,MTFR1L;MUL1,1.0
GO_Biological_Process_2021,negative regulation of macroautophagy (GO:0016242),2/26,0.09711409243306461,4.036716073761153,9.413092190254948,MTOR;PINK1,1.0
GO_Biological_Process_2021,snRNA processing (GO:0016180),2/26,0.09711409243306461,4.036716073761153,9.413092190254948,INTS11;TOE1,1.0
GO_Biological_Process_2021,glial cell development (GO:0021782),2/26,0.09711409243306461,4.036716073761153,9.413092190254948,EIF2B3;MXRA8,1.0
GO_Biological_Process_2021,regulation of actin filament bundle assembly (GO:0032231),2/26,0.09711409243306461,4.036716073761153,9.413092190254948,ASAP3;SLC9A1,1.0
GO_Biological_Process_2021,negative regulation of interleukin-1 beta production (GO:0032691),2/26,0.09711409243306461,4.036716073761153,9.413092190254948,CPTP;ZC3H12A,1.0
GO_Biological_Process_2021,histone lysine demethylation (GO:0070076),2/26,0.09711409243306461,4.036716073761153,9.413092190254948,KDM1A;KDM4A,1.0
GO_Biological_Process_2021,regulation of viral life cycle (GO:1903900),2/26,0.09711409243306461,4.036716073761153,9.413092190254948,KPNA6;TRIM62,1.0
GO_Biological_Process_2021,leucine catabolic process (GO:0006552),1/5,0.09747126057374132,12.092592300182906,28.1539456743534,HMGCL,1.0
GO_Biological_Process_2021,regulation of microvillus assembly (GO:0032534),1/5,0.09747126057374132,12.092592300182906,28.1539456743534,RAP1GAP,1.0
GO_Biological_Process_2021,regulation of miRNA catabolic process (GO:2000625),1/5,0.09747126057374132,12.092592300182906,28.1539456743534,ZC3H12A,1.0
GO_Biological_Process_2021,positive regulation of attachment of spindle microtubules to kinetochore (GO:0051987),1/5,0.09747126057374132,12.092592300182906,28.1539456743534,RCC2,1.0
GO_Biological_Process_2021,lipid transport across blood-brain barrier (GO:1990379),1/5,0.09747126057374132,12.092592300182906,28.1539456743534,MFSD2A,1.0
GO_Biological_Process_2021,negative regulation of adaptive immune response (GO:0002820),1/5,0.09747126057374132,12.092592300182906,28.1539456743534,TNFRSF14,1.0
GO_Biological_Process_2021,xylulose 5-phosphate biosynthetic process (GO:1901159),1/5,0.09747126057374132,12.092592300182906,28.1539456743534,AKR1A1,1.0
GO_Biological_Process_2021,positive regulation of membrane permeability (GO:1905710),1/5,0.09747126057374132,12.092592300182906,28.1539456743534,LAPTM5,1.0
GO_Biological_Process_2021,regulation of guanyl-nucleotide exchange factor activity (GO:1905097),1/5,0.09747126057374132,12.092592300182906,28.1539456743534,STMN1,1.0
GO_Biological_Process_2021,positive regulation of RNA export from nucleus (GO:0046833),1/5,0.09747126057374132,12.092592300182906,28.1539456743534,KHDRBS1,1.0
GO_Biological_Process_2021,extracellular exosome biogenesis (GO:0097734),1/5,0.09747126057374132,12.092592300182906,28.1539456743534,ATP13A2,1.0
GO_Biological_Process_2021,negative regulation of skeletal muscle cell differentiation (GO:2001015),1/5,0.09747126057374132,12.092592300182906,28.1539456743534,AKIRIN1,1.0
GO_Biological_Process_2021,fatty acid derivative catabolic process (GO:1901569),1/5,0.09747126057374132,12.092592300182906,28.1539456743534,OXCT2,1.0
GO_Biological_Process_2021,regulation of receptor catabolic process (GO:2000644),1/5,0.09747126057374132,12.092592300182906,28.1539456743534,LAPTM5,1.0
GO_Biological_Process_2021,"RNA phosphodiester bond hydrolysis, exonucleolytic (GO:0090503)",1/5,0.09747126057374132,12.092592300182906,28.1539456743534,TOE1,1.0
GO_Biological_Process_2021,protein citrullination (GO:0018101),1/5,0.09747126057374132,12.092592300182906,28.1539456743534,PADI2,1.0
GO_Biological_Process_2021,positive regulation of mast cell activation involved in immune response (GO:0033008),1/5,0.09747126057374132,12.092592300182906,28.1539456743534,FGR,1.0
GO_Biological_Process_2021,glucose import across plasma membrane (GO:0098708),1/5,0.09747126057374132,12.092592300182906,28.1539456743534,SLC2A1,1.0
GO_Biological_Process_2021,negative regulation of macrophage differentiation (GO:0045650),1/5,0.09747126057374132,12.092592300182906,28.1539456743534,C1QC,1.0
GO_Biological_Process_2021,regulation of systemic arterial blood pressure by endothelin (GO:0003100),1/5,0.09747126057374132,12.092592300182906,28.1539456743534,ECE1,1.0
GO_Biological_Process_2021,cellular response to sodium arsenite (GO:1903936),1/5,0.09747126057374132,12.092592300182906,28.1539456743534,ZC3H12A,1.0
GO_Biological_Process_2021,mammary gland duct morphogenesis (GO:0060603),1/5,0.09747126057374132,12.092592300182906,28.1539456743534,EPHA2,1.0
GO_Biological_Process_2021,apoptotic chromosome condensation (GO:0030263),1/5,0.09747126057374132,12.092592300182906,28.1539456743534,DFFB,1.0
GO_Biological_Process_2021,glucuronate catabolic process to xylulose 5-phosphate (GO:0019640),1/5,0.09747126057374132,12.092592300182906,28.1539456743534,AKR1A1,1.0
GO_Biological_Process_2021,menaquinone metabolic process (GO:0009233),1/5,0.09747126057374132,12.092592300182906,28.1539456743534,UBIAD1,1.0
GO_Biological_Process_2021,glucuronate catabolic process (GO:0006064),1/5,0.09747126057374132,12.092592300182906,28.1539456743534,AKR1A1,1.0
GO_Biological_Process_2021,regulation of lyase activity (GO:0051339),1/5,0.09747126057374132,12.092592300182906,28.1539456743534,CAP1,1.0
GO_Biological_Process_2021,CRD-mediated mRNA stabilization (GO:0070934),1/5,0.09747126057374132,12.092592300182906,28.1539456743534,YBX1,1.0
GO_Biological_Process_2021,deadenylation-independent decapping of nuclear-transcribed mRNA (GO:0031087),1/5,0.09747126057374132,12.092592300182906,28.1539456743534,PNRC2,1.0
GO_Biological_Process_2021,protein retention in Golgi apparatus (GO:0045053),1/5,0.09747126057374132,12.092592300182906,28.1539456743534,VPS13D,1.0
GO_Biological_Process_2021,fructose transmembrane transport (GO:0015755),1/5,0.09747126057374132,12.092592300182906,28.1539456743534,SLC2A5,1.0
GO_Biological_Process_2021,pyrimidine nucleobase biosynthetic process (GO:0019856),1/5,0.09747126057374132,12.092592300182906,28.1539456743534,CTPS1,1.0
GO_Biological_Process_2021,negative regulation of hydrogen peroxide-induced neuron death (GO:1903208),1/5,0.09747126057374132,12.092592300182906,28.1539456743534,PINK1,1.0
GO_Biological_Process_2021,response to sodium arsenite (GO:1903935),1/5,0.09747126057374132,12.092592300182906,28.1539456743534,ZC3H12A,1.0
GO_Biological_Process_2021,regulation of cyclase activity (GO:0031279),1/5,0.09747126057374132,12.092592300182906,28.1539456743534,CAP1,1.0
GO_Biological_Process_2021,negative regulation of RNA polymerase II regulatory region sequence-specific DNA binding (GO:1903026),1/5,0.09747126057374132,12.092592300182906,28.1539456743534,ZNF593,1.0
GO_Biological_Process_2021,positive regulation of vascular associated smooth muscle cell apoptotic process (GO:1905461),1/5,0.09747126057374132,12.092592300182906,28.1539456743534,MFN2,1.0
GO_Biological_Process_2021,positive regulation of protein monoubiquitination (GO:1902527),1/5,0.09747126057374132,12.092592300182906,28.1539456743534,PEF1,1.0
GO_Biological_Process_2021,regulation of protein monoubiquitination (GO:1902525),1/5,0.09747126057374132,12.092592300182906,28.1539456743534,PEF1,1.0
GO_Biological_Process_2021,negative regulation of cardiac muscle cell proliferation (GO:0060044),1/5,0.09747126057374132,12.092592300182906,28.1539456743534,TP73,1.0
GO_Biological_Process_2021,regulation of circadian sleep/wake cycle (GO:0042749),1/5,0.09747126057374132,12.092592300182906,28.1539456743534,PER3,1.0
GO_Biological_Process_2021,nuclear retention of pre-mRNA at the site of transcription (GO:0071033),1/5,0.09747126057374132,12.092592300182906,28.1539456743534,EXOSC10,1.0
GO_Biological_Process_2021,positive regulation of non-motile cilium assembly (GO:1902857),1/5,0.09747126057374132,12.092592300182906,28.1539456743534,WRAP73,1.0
GO_Biological_Process_2021,positive regulation of the force of heart contraction (GO:0098735),1/5,0.09747126057374132,12.092592300182906,28.1539456743534,SLC9A1,1.0
GO_Biological_Process_2021,positive regulation of nucleobase-containing compound transport (GO:0032241),1/5,0.09747126057374132,12.092592300182906,28.1539456743534,KHDRBS1,1.0
GO_Biological_Process_2021,positive regulation of protein localization to cell cortex (GO:1904778),1/5,0.09747126057374132,12.092592300182906,28.1539456743534,EPB41,1.0
GO_Biological_Process_2021,response to fructose (GO:0009750),1/5,0.09747126057374132,12.092592300182906,28.1539456743534,SLC2A5,1.0
GO_Biological_Process_2021,negative regulation of oxidative stress-induced neuron intrinsic apoptotic signaling pathway (GO:1903377),1/5,0.09747126057374132,12.092592300182906,28.1539456743534,PINK1,1.0
GO_Biological_Process_2021,positive regulation of histone ubiquitination (GO:0033184),1/5,0.09747126057374132,12.092592300182906,28.1539456743534,KDM1A,1.0
GO_Biological_Process_2021,regulation of mitophagy (GO:1901524),1/5,0.09747126057374132,12.092592300182906,28.1539456743534,VPS13D,1.0
GO_Biological_Process_2021,histone citrullination (GO:0036414),1/5,0.09747126057374132,12.092592300182906,28.1539456743534,PADI2,1.0
GO_Biological_Process_2021,disaccharide biosynthetic process (GO:0046351),1/5,0.09747126057374132,12.092592300182906,28.1539456743534,SLC2A1,1.0
GO_Biological_Process_2021,determination of dorsal/ventral asymmetry (GO:0048262),1/5,0.09747126057374132,12.092592300182906,28.1539456743534,NBL1,1.0
GO_Biological_Process_2021,dephosphorylation of RNA polymerase II C-terminal domain (GO:0070940),1/5,0.09747126057374132,12.092592300182906,28.1539456743534,SSU72,1.0
GO_Biological_Process_2021,lymph node development (GO:0048535),1/5,0.09747126057374132,12.092592300182906,28.1539456743534,PDPN,1.0
GO_Biological_Process_2021,positive regulation of protein localization to synapse (GO:1902474),1/5,0.09747126057374132,12.092592300182906,28.1539456743534,DVL1,1.0
GO_Biological_Process_2021,positive regulation of protein localization to cilium (GO:1903566),1/5,0.09747126057374132,12.092592300182906,28.1539456743534,CROCC,1.0
GO_Biological_Process_2021,chromatin maintenance (GO:0070827),1/5,0.09747126057374132,12.092592300182906,28.1539456743534,MTHFR,1.0
GO_Biological_Process_2021,apoptotic process (GO:0006915),8/231,0.09960867147583045,1.7460395721469653,4.027250845725145,CASP9;CDK11A;CDK11B;IFI6;MTOR;PLK3;RRAGC;TNFRSF25,1.0
GO_Biological_Process_2021,mitotic spindle organization (GO:0007052),6/157,0.10101860626559934,1.9314237937673853,4.4276935550233265,CENPS;NUDC;RCC1;RCC2;STMN1;WRAP73,1.0
GO_Biological_Process_2021,negative regulation of macromolecule metabolic process (GO:0010605),7/194,0.10117486752253967,1.8207148441325676,4.1710845535751355,AGO1;AGO3;AGO4;HDAC1;KDM4A;PINK1;ZC3H12A,1.0
GO_Biological_Process_2021,cellular response to DNA damage stimulus (GO:0006974),11/350,0.10203803530222498,1.5817556831174955,3.6102144194083614,CASP9;CENPS;EPHA2;FAAP20;FBXO6;MUTYH;PLK3;TNFRSF1B;TP73;ZBTB40;ZC3H12A,1.0
GO_Biological_Process_2021,calcium-ion regulated exocytosis (GO:0017156),2/27,0.10352907053415962,3.8750494110136287,8.788235529457914,RIMS3;SDF4,1.0
GO_Biological_Process_2021,peroxisomal membrane transport (GO:0015919),2/27,0.10352907053415962,3.8750494110136287,8.788235529457914,PEX10;PEX14,1.0
GO_Biological_Process_2021,negative regulation of plasma membrane bounded cell projection assembly (GO:0120033),2/27,0.10352907053415962,3.8750494110136287,8.788235529457914,CAPZB;RAP1GAP,1.0
GO_Biological_Process_2021,negative regulation of cation channel activity (GO:2001258),2/27,0.10352907053415962,3.8750494110136287,8.788235529457914,EPHB2;SLC6A9,1.0
GO_Biological_Process_2021,protein peptidyl-prolyl isomerization (GO:0000413),2/27,0.10352907053415962,3.8750494110136287,8.788235529457914,PPIE;PPIH,1.0
GO_Biological_Process_2021,negative regulation of actin filament bundle assembly (GO:0032232),2/27,0.10352907053415962,3.8750494110136287,8.788235529457914,STMN1;WASF2,1.0
GO_Biological_Process_2021,negative regulation of binding (GO:0051100),4/88,0.10410716074055387,2.3110636726695843,5.228399121348676,CTNNBIP1;DVL1;KDM1A;PEX14,1.0
GO_Biological_Process_2021,regulation of ATP metabolic process (GO:1903578),3/56,0.10499523451889092,2.744650900104641,6.186004850324357,ATP5IF1;PINK1;SLC25A33,1.0
GO_Biological_Process_2021,positive regulation of establishment of protein localization to mitochondrion (GO:1903749),3/56,0.10499523451889092,2.744650900104641,6.186004850324357,PINK1;TP73;UBE2J2,1.0
GO_Biological_Process_2021,regulation of endothelial cell migration (GO:0010594),4/89,0.10736349895157911,2.2837576265380752,5.096285110441643,EPHA2;PIK3CD;SVBP;ZC3H12A,1.0
GO_Biological_Process_2021,SCF-dependent proteasomal ubiquitin-dependent protein catabolic process (GO:0031146),4/89,0.10736349895157911,2.2837576265380752,5.096285110441643,FBXO2;FBXO44;FBXO6;PSMB2,1.0
GO_Biological_Process_2021,ribosomal large subunit biogenesis (GO:0042273),3/57,0.10924890482951045,2.6936861766110405,5.964161864162141,EBNA1BP2;MRTO4;NOC2L,1.0
GO_Biological_Process_2021,regulation of reactive oxygen species metabolic process (GO:2000377),3/57,0.10924890482951045,2.6936861766110405,5.964161864162141,PINK1;SLC25A33;ZC3H12A,1.0
GO_Biological_Process_2021,regulation of gene expression (GO:0010468),28/1079,0.10967900421864574,1.3069034442995706,2.8885144936687612,AGO1;AGO3;AGO4;ATP13A2;CAMK2N1;CDK11A;CDK11B;DVL1;EPHB2;ERMAP;HDAC1;HP1BP3;KDM4A;MTOR;MYCBP;NFYC;PIK3CD;PINK1;PPIE;PRDM2;PUM1;RNF207;SFPQ;SRSF10;TP73;YBX1;YTHDF2;ZC3H12A,1.0
GO_Biological_Process_2021,regulation of B cell activation (GO:0050864),2/28,0.11005603014969592,3.725818645400529,8.222008708655835,LAPTM5;THEMIS2,1.0
GO_Biological_Process_2021,regulation of extrinsic apoptotic signaling pathway in absence of ligand (GO:2001239),2/28,0.11005603014969592,3.725818645400529,8.222008708655835,EYA3;IFI6,1.0
GO_Biological_Process_2021,receptor clustering (GO:0043113),2/28,0.11005603014969592,3.725818645400529,8.222008708655835,AGRN;DVL1,1.0
GO_Biological_Process_2021,keratan sulfate biosynthetic process (GO:0018146),2/28,0.11005603014969592,3.725818645400529,8.222008708655835,B4GALT2;ST3GAL3,1.0
GO_Biological_Process_2021,regulation of protein transport (GO:0051223),2/28,0.11005603014969592,3.725818645400529,8.222008708655835,ATP13A2;P3H1,1.0
GO_Biological_Process_2021,positive regulation of cell communication (GO:0010647),2/28,0.11005603014969592,3.725818645400529,8.222008708655835,CLSTN1;RIMS3,1.0
GO_Biological_Process_2021,RNA phosphodiester bond hydrolysis (GO:0090501),2/28,0.11005603014969592,3.725818645400529,8.222008708655835,TOE1;ZC3H12A,1.0
GO_Biological_Process_2021,regulation of calcineurin-NFAT signaling cascade (GO:0070884),2/28,0.11005603014969592,3.725818645400529,8.222008708655835,CAMTA1;SLC9A1,1.0
GO_Biological_Process_2021,amide transport (GO:0042886),2/28,0.11005603014969592,3.725818645400529,8.222008708655835,CPTP;PDPN,1.0
GO_Biological_Process_2021,regulation of immunoglobulin production (GO:0002637),2/28,0.11005603014969592,3.725818645400529,8.222008708655835,EPHB2;VAMP3,1.0
GO_Biological_Process_2021,histone mRNA metabolic process (GO:0008334),2/28,0.11005603014969592,3.725818645400529,8.222008708655835,EXOSC10;LSM10,1.0
GO_Biological_Process_2021,macromolecule catabolic process (GO:0009057),2/28,0.11005603014969592,3.725818645400529,8.222008708655835,MTOR;PPT1,1.0
GO_Biological_Process_2021,positive regulation of protein import into nucleus (GO:0042307),2/28,0.11005603014969592,3.725818645400529,8.222008708655835,DMAP1;ZC3H12A,1.0
GO_Biological_Process_2021,regulation of intracellular signal transduction (GO:1902531),13/437,0.11039938420663124,1.4955710415093069,3.295716206909639,ARHGEF16;HDAC1;INPP5B;MEAF6;MTOR;NOC2L;PLEKHG5;PLK3;RBBP4;RPA2;RRAGC;TAF12;TP73,1.0
GO_Biological_Process_2021,positive regulation of autophagy (GO:0010508),4/90,0.1106653919639383,2.2570866047352056,4.968398610680308,PINK1;PLK3;SESN2;ZC3H12A,1.0
GO_Biological_Process_2021,"regulation of mRNA splicing, via spliceosome (GO:0048024)",4/90,0.1106653919639383,2.2570866047352056,4.968398610680308,KHDRBS1;SRSF10;SRSF4;THRAP3,1.0
GO_Biological_Process_2021,cellular response to oxidative stress (GO:0034599),5/125,0.11119565390489972,2.0234829098466443,4.444507328696321,ATP13A2;PINK1;PRDX1;SESN2;ZC3H12A,1.0
GO_Biological_Process_2021,negative regulation of cellular process (GO:0048523),16/566,0.11562172590335609,1.4205314328535064,3.0646991180131824,CAMK2N1;ENO1;EPHB2;FABP3;IFNLR1;MUL1;P3H1;PDPN;PPT1;PTPRU;RBBP4;SESN2;SKI;TNFRSF1B;VAMP3;ZBTB17,1.0
GO_Biological_Process_2021,negative regulation of glial cell proliferation (GO:0060253),1/6,0.11579717546281665,9.673580012998025,20.855417275770424,SKI,1.0
GO_Biological_Process_2021,mRNA 3'-splice site recognition (GO:0000389),1/6,0.11579717546281665,9.673580012998025,20.855417275770424,SF3A3,1.0
GO_Biological_Process_2021,protein K27-linked ubiquitination (GO:0044314),1/6,0.11579717546281665,9.673580012998025,20.855417275770424,TRIM62,1.0
GO_Biological_Process_2021,negative regulation of cardiac muscle tissue growth (GO:0055022),1/6,0.11579717546281665,9.673580012998025,20.855417275770424,TP73,1.0
GO_Biological_Process_2021,regulation of cell cycle checkpoint (GO:1901976),1/6,0.11579717546281665,9.673580012998025,20.855417275770424,RPA2,1.0
GO_Biological_Process_2021,B cell chemotaxis (GO:0035754),1/6,0.11579717546281665,9.673580012998025,20.855417275770424,PIK3CD,1.0
GO_Biological_Process_2021,nuclear polyadenylation-dependent rRNA catabolic process (GO:0071035),1/6,0.11579717546281665,9.673580012998025,20.855417275770424,EXOSC10,1.0
GO_Biological_Process_2021,peptidyl-diphthamide metabolic process (GO:0017182),1/6,0.11579717546281665,9.673580012998025,20.855417275770424,DPH2,1.0
GO_Biological_Process_2021,neuroblast proliferation (GO:0007405),1/6,0.11579717546281665,9.673580012998025,20.855417275770424,ARTN,1.0
GO_Biological_Process_2021,glycoside metabolic process (GO:0016137),1/6,0.11579717546281665,9.673580012998025,20.855417275770424,FUCA1,1.0
GO_Biological_Process_2021,response to manganese ion (GO:0010042),1/6,0.11579717546281665,9.673580012998025,20.855417275770424,ATP13A2,1.0
GO_Biological_Process_2021,regulation of macromolecule biosynthetic process (GO:0010556),1/6,0.11579717546281665,9.673580012998025,20.855417275770424,TNFRSF1B,1.0
GO_Biological_Process_2021,positive regulation of T-helper 2 cell differentiation (GO:0045630),1/6,0.11579717546281665,9.673580012998025,20.855417275770424,PRKCZ,1.0
GO_Biological_Process_2021,negative regulation of monocyte chemotaxis (GO:0090027),1/6,0.11579717546281665,9.673580012998025,20.855417275770424,NBL1,1.0
GO_Biological_Process_2021,medium-chain fatty acid biosynthetic process (GO:0051792),1/6,0.11579717546281665,9.673580012998025,20.855417275770424,ACOT7,1.0
GO_Biological_Process_2021,negative regulation of histone H3-K9 methylation (GO:0051573),1/6,0.11579717546281665,9.673580012998025,20.855417275770424,KDM1A,1.0
GO_Biological_Process_2021,ear development (GO:0043583),1/6,0.11579717546281665,9.673580012998025,20.855417275770424,ECE1,1.0
GO_Biological_Process_2021,positive regulation of cholesterol metabolic process (GO:0090205),1/6,0.11579717546281665,9.673580012998025,20.855417275770424,LDLRAP1,1.0
GO_Biological_Process_2021,regulation of membrane tubulation (GO:1903525),1/6,0.11579717546281665,9.673580012998025,20.855417275770424,PLEKHM2,1.0
GO_Biological_Process_2021,photoreceptor cell outer segment organization (GO:0035845),1/6,0.11579717546281665,9.673580012998025,20.855417275770424,MFSD2A,1.0
GO_Biological_Process_2021,ISG15-protein conjugation (GO:0032020),1/6,0.11579717546281665,9.673580012998025,20.855417275770424,ISG15,1.0
GO_Biological_Process_2021,regulation of digestive system process (GO:0044058),1/6,0.11579717546281665,9.673580012998025,20.855417275770424,EPB41,1.0
GO_Biological_Process_2021,negative regulation of chemokine-mediated signaling pathway (GO:0070100),1/6,0.11579717546281665,9.673580012998025,20.855417275770424,PADI2,1.0
GO_Biological_Process_2021,cellular response to salt (GO:1902075),1/6,0.11579717546281665,9.673580012998025,20.855417275770424,ZC3H12A,1.0
GO_Biological_Process_2021,nuclear polyadenylation-dependent tRNA catabolic process (GO:0071038),1/6,0.11579717546281665,9.673580012998025,20.855417275770424,EXOSC10,1.0
GO_Biological_Process_2021,protein localization to ciliary transition zone (GO:1904491),1/6,0.11579717546281665,9.673580012998025,20.855417275770424,NPHP4,1.0
GO_Biological_Process_2021,nuclear polyadenylation-dependent ncRNA catabolic process (GO:0071046),1/6,0.11579717546281665,9.673580012998025,20.855417275770424,EXOSC10,1.0
GO_Biological_Process_2021,histone H4-K12 acetylation (GO:0043983),1/6,0.11579717546281665,9.673580012998025,20.855417275770424,MEAF6,1.0
GO_Biological_Process_2021,response to catecholamine (GO:0071869),1/6,0.11579717546281665,9.673580012998025,20.855417275770424,GNB1,1.0
GO_Biological_Process_2021,neutrophil extravasation (GO:0072672),1/6,0.11579717546281665,9.673580012998025,20.855417275770424,PIK3CD,1.0
GO_Biological_Process_2021,nucleotide transport (GO:0006862),1/6,0.11579717546281665,9.673580012998025,20.855417275770424,SLC25A33,1.0
GO_Biological_Process_2021,regulation of non-motile cilium assembly (GO:1902855),1/6,0.11579717546281665,9.673580012998025,20.855417275770424,WRAP73,1.0
GO_Biological_Process_2021,positive regulation of hemoglobin biosynthetic process (GO:0046985),1/6,0.11579717546281665,9.673580012998025,20.855417275770424,SLC6A9,1.0
GO_Biological_Process_2021,TORC2 signaling (GO:0038203),1/6,0.11579717546281665,9.673580012998025,20.855417275770424,PINK1,1.0
GO_Biological_Process_2021,positive regulation of plasminogen activation (GO:0010756),1/6,0.11579717546281665,9.673580012998025,20.855417275770424,ENO1,1.0
GO_Biological_Process_2021,galactose catabolic process (GO:0019388),1/6,0.11579717546281665,9.673580012998025,20.855417275770424,GALE,1.0
GO_Biological_Process_2021,regulation of protein localization to cilium (GO:1903564),1/6,0.11579717546281665,9.673580012998025,20.855417275770424,CROCC,1.0
GO_Biological_Process_2021,glycolipid transport (GO:0046836),1/6,0.11579717546281665,9.673580012998025,20.855417275770424,CPTP,1.0
GO_Biological_Process_2021,negative regulation of cellular response to hypoxia (GO:1900038),1/6,0.11579717546281665,9.673580012998025,20.855417275770424,ENO1,1.0
GO_Biological_Process_2021,peptidyl-diphthamide biosynthetic process from peptidyl-histidine (GO:0017183),1/6,0.11579717546281665,9.673580012998025,20.855417275770424,DPH2,1.0
GO_Biological_Process_2021,glycosyl compound catabolic process (GO:1901658),1/6,0.11579717546281665,9.673580012998025,20.855417275770424,FUCA1,1.0
GO_Biological_Process_2021,activation of cysteine-type endopeptidase activity involved in apoptotic process by cytochrome c (GO:0008635),1/6,0.11579717546281665,9.673580012998025,20.855417275770424,CASP9,1.0
GO_Biological_Process_2021,vacuole organization (GO:0007033),1/6,0.11579717546281665,9.673580012998025,20.855417275770424,ATP13A2,1.0
GO_Biological_Process_2021,tRNA surveillance (GO:0106354),1/6,0.11579717546281665,9.673580012998025,20.855417275770424,EXOSC10,1.0
GO_Biological_Process_2021,tRNA pseudouridine synthesis (GO:0031119),1/6,0.11579717546281665,9.673580012998025,20.855417275770424,PUSL1,1.0
GO_Biological_Process_2021,positive regulation of lipoprotein particle clearance (GO:0010986),1/6,0.11579717546281665,9.673580012998025,20.855417275770424,LDLRAP1,1.0
GO_Biological_Process_2021,negative regulation of mRNA catabolic process (GO:1902373),2/29,0.11668780960610317,3.5876420105735845,7.707163445422153,THRAP3;YBX1,1.0
GO_Biological_Process_2021,protein targeting to peroxisome (GO:0006625),2/29,0.11668780960610317,3.5876420105735845,7.707163445422153,PEX10;PEX14,1.0
GO_Biological_Process_2021,negative regulation of interferon-gamma production (GO:0032689),2/29,0.11668780960610317,3.5876420105735845,7.707163445422153,LAPTM5;ZC3H12A,1.0
GO_Biological_Process_2021,regulation of neuronal synaptic plasticity (GO:0048168),2/29,0.11668780960610317,3.5876420105735845,7.707163445422153,EPHB2;NCDN,1.0
GO_Biological_Process_2021,regulation of response to biotic stimulus (GO:0002831),2/29,0.11668780960610317,3.5876420105735845,7.707163445422153,FGR;ZMPSTE24,1.0
GO_Biological_Process_2021,positive regulation of viral genome replication (GO:0045070),2/29,0.11668780960610317,3.5876420105735845,7.707163445422153,PPIE;PPIH,1.0
GO_Biological_Process_2021,retinoid metabolic process (GO:0001523),4/92,0.11740317412697625,2.2055630398887534,4.724627754907726,AGRN;DHRS3;HSPG2;SDC3,1.0
GO_Biological_Process_2021,microtubule cytoskeleton organization involved in mitosis (GO:1902850),5/128,0.11966349923588968,1.973825550396257,4.1905730647228765,CENPS;NUDC;RCC1;RCC2;STMN1,1.0
GO_Biological_Process_2021,negative regulation of canonical Wnt signaling pathway (GO:0090090),6/165,0.12020323057475246,1.833490521143869,3.8843805446607678,DVL1;HDAC1;MAD2L2;NPHP4;PSMB2;PTPRU,1.0
GO_Biological_Process_2021,negative regulation of gene expression (GO:0010629),10/322,0.12182260214246352,1.5606383970377513,3.2854393689294272,AGO1;AGO3;AGO4;HDAC1;KDM4A;PINK1;RBBP4;YBX1;YTHDF2;ZC3H12A,1.0
GO_Biological_Process_2021,ribonucleoprotein complex biogenesis (GO:0022613),3/60,0.12239652220441555,2.551521421602577,5.359443502640473,EBNA1BP2;MRTO4;NOC2L,1.0
GO_Biological_Process_2021,positive regulation of protein import (GO:1904591),2/30,0.12341749055433893,3.459335135377136,7.2375602203842995,DMAP1;ZC3H12A,1.0
GO_Biological_Process_2021,CENP-A containing chromatin organization (GO:0061641),2/30,0.12341749055433893,3.459335135377136,7.2375602203842995,CENPS;RBBP4,1.0
GO_Biological_Process_2021,CENP-A containing nucleosome assembly (GO:0034080),2/30,0.12341749055433893,3.459335135377136,7.2375602203842995,CENPS;RBBP4,1.0
GO_Biological_Process_2021,negative regulation of interleukin-1 production (GO:0032692),2/30,0.12341749055433893,3.459335135377136,7.2375602203842995,CPTP;ZC3H12A,1.0
GO_Biological_Process_2021,mRNA splice site selection (GO:0006376),2/30,0.12341749055433893,3.459335135377136,7.2375602203842995,SF3A3;SRSF10,1.0
GO_Biological_Process_2021,fatty-acyl-CoA biosynthetic process (GO:0046949),2/30,0.12341749055433893,3.459335135377136,7.2375602203842995,ELOVL1;PPT1,1.0
GO_Biological_Process_2021,"positive regulation of transcription, DNA-templated (GO:0045893)",30/1183,0.12353676466782708,1.2761113136554882,2.6686250063640893,AGO1;AGRN;AKIRIN1;ARID1A;CITED4;DVL1;FOXJ3;GPATCH3;HDAC1;HEYL;HIVEP3;KDM1A;MAD2L2;MTF1;MTOR;PADI2;PITHD1;PRDM2;RLF;SFPQ;SKI;SLC9A1;THAP3;THRAP3;TP73;YBX1;ZBTB17;ZBTB48;ZC3H12A;ZNF593,1.0
GO_Biological_Process_2021,proteasomal protein catabolic process (GO:0010498),7/205,0.12496674871864868,1.7185893606135676,3.5741633327514095,DDI2;FBXO44;HECTD3;PSMB2;SPSB1;UBE4B;UBXN11,1.0
GO_Biological_Process_2021,cellular response to hypoxia (GO:0071456),5/131,0.12842500562701772,1.9265328271101738,3.9540355456480425,HP1BP3;MTOR;PINK1;PLK3;PSMB2,1.0
GO_Biological_Process_2021,negative regulation of DNA binding (GO:0043392),2/31,0.13023839108270976,3.3398770101942357,6.8079676581166435,KDM1A;MAD2L2,1.0
GO_Biological_Process_2021,positive regulation of protein targeting to mitochondrion (GO:1903955),2/31,0.13023839108270976,3.3398770101942357,6.8079676581166435,PINK1;UBE2J2,1.0
GO_Biological_Process_2021,positive regulation of proteolysis involved in cellular protein catabolic process (GO:1903052),2/31,0.13023839108270976,3.3398770101942357,6.8079676581166435,ATP5IF1;LAPTM5,1.0
GO_Biological_Process_2021,activation of protein kinase B activity (GO:0032148),2/31,0.13023839108270976,3.3398770101942357,6.8079676581166435,MTOR;PINK1,1.0
GO_Biological_Process_2021,organelle transport along microtubule (GO:0072384),2/31,0.13023839108270976,3.3398770101942357,6.8079676581166435,PEX14;TMEM201,1.0
GO_Biological_Process_2021,protein modification by small protein conjugation (GO:0032446),12/409,0.13052360157284562,1.4727460667774688,2.9988073285077106,FBXO2;ISG15;KLHL21;MIB2;MUL1;PEX10;PEX14;PINK1;RNF220;SPSB1;TRIM62;UBE2J2,1.0
GO_Biological_Process_2021,regulation of neurogenesis (GO:0050767),3/62,0.1314662459590859,2.464776825326226,5.001044859950567,HEYL;SPEN;YTHDF2,1.0
GO_Biological_Process_2021,negative regulation of kinase activity (GO:0033673),3/62,0.1314662459590859,2.464776825326226,5.001044859950567,CAMK2N1;CEP85;DVL1,1.0
GO_Biological_Process_2021,Golgi disassembly (GO:0090166),1/7,0.13375187921204623,8.06090515487477,16.21667783793208,PLK3,1.0
GO_Biological_Process_2021,regulation of protein deubiquitination (GO:0090085),1/7,0.13375187921204623,8.06090515487477,16.21667783793208,ZC3H12A,1.0
GO_Biological_Process_2021,regulation of vascular associated smooth muscle cell apoptotic process (GO:1905459),1/7,0.13375187921204623,8.06090515487477,16.21667783793208,MFN2,1.0
GO_Biological_Process_2021,selenocysteine incorporation (GO:0001514),1/7,0.13375187921204623,8.06090515487477,16.21667783793208,TRNAU1AP,1.0
GO_Biological_Process_2021,hexose catabolic process (GO:0019320),1/7,0.13375187921204623,8.06090515487477,16.21667783793208,GALE,1.0
GO_Biological_Process_2021,cellular protein complex disassembly (GO:0043624),1/7,0.13375187921204623,8.06090515487477,16.21667783793208,PEX14,1.0
GO_Biological_Process_2021,cellular ion homeostasis (GO:0006873),1/7,0.13375187921204623,8.06090515487477,16.21667783793208,ATP13A2,1.0
GO_Biological_Process_2021,regulation of ketone biosynthetic process (GO:0010566),1/7,0.13375187921204623,8.06090515487477,16.21667783793208,H6PD,1.0
GO_Biological_Process_2021,nicotinamide nucleotide biosynthetic process (GO:0019359),1/7,0.13375187921204623,8.06090515487477,16.21667783793208,NMNAT1,1.0
GO_Biological_Process_2021,positive regulation of epithelial tube formation (GO:1905278),1/7,0.13375187921204623,8.06090515487477,16.21667783793208,PIK3CD,1.0
GO_Biological_Process_2021,regulation of histamine secretion by mast cell (GO:1903593),1/7,0.13375187921204623,8.06090515487477,16.21667783793208,VAMP3,1.0
GO_Biological_Process_2021,cation homeostasis (GO:0055080),1/7,0.13375187921204623,8.06090515487477,16.21667783793208,ATP13A2,1.0
GO_Biological_Process_2021,translational readthrough (GO:0006451),1/7,0.13375187921204623,8.06090515487477,16.21667783793208,TRNAU1AP,1.0
GO_Biological_Process_2021,positive regulation of protein deubiquitination (GO:1903003),1/7,0.13375187921204623,8.06090515487477,16.21667783793208,ZC3H12A,1.0
GO_Biological_Process_2021,adenylate cyclase-activating dopamine receptor signaling pathway (GO:0007191),1/7,0.13375187921204623,8.06090515487477,16.21667783793208,GNB1,1.0
GO_Biological_Process_2021,positive regulation of synaptic plasticity (GO:0031915),1/7,0.13375187921204623,8.06090515487477,16.21667783793208,EPHB2,1.0
GO_Biological_Process_2021,regulation of cortisol biosynthetic process (GO:2000064),1/7,0.13375187921204623,8.06090515487477,16.21667783793208,H6PD,1.0
GO_Biological_Process_2021,negative regulation of T-helper 17 type immune response (GO:2000317),1/7,0.13375187921204623,8.06090515487477,16.21667783793208,ZC3H12A,1.0
GO_Biological_Process_2021,positive regulation of oxidative stress-induced cell death (GO:1903209),1/7,0.13375187921204623,8.06090515487477,16.21667783793208,SFPQ,1.0
GO_Biological_Process_2021,regulation of metallopeptidase activity (GO:1905048),1/7,0.13375187921204623,8.06090515487477,16.21667783793208,SVBP,1.0
GO_Biological_Process_2021,proline metabolic process (GO:0006560),1/7,0.13375187921204623,8.06090515487477,16.21667783793208,ALDH4A1,1.0
GO_Biological_Process_2021,protein localization to cytoplasmic stress granule (GO:1903608),1/7,0.13375187921204623,8.06090515487477,16.21667783793208,YBX1,1.0
GO_Biological_Process_2021,"nuclear-transcribed mRNA catabolic process, deadenylation-independent decay (GO:0031086)",1/7,0.13375187921204623,8.06090515487477,16.21667783793208,PNRC2,1.0
GO_Biological_Process_2021,regulation of lysosomal protein catabolic process (GO:1905165),1/7,0.13375187921204623,8.06090515487477,16.21667783793208,ATP13A2,1.0
GO_Biological_Process_2021,histone H3-K14 acetylation (GO:0044154),1/7,0.13375187921204623,8.06090515487477,16.21667783793208,MEAF6,1.0
GO_Biological_Process_2021,intermembrane lipid transfer (GO:0120009),1/7,0.13375187921204623,8.06090515487477,16.21667783793208,CPTP,1.0
GO_Biological_Process_2021,positive regulation of phospholipid biosynthetic process (GO:0071073),1/7,0.13375187921204623,8.06090515487477,16.21667783793208,FABP3,1.0
GO_Biological_Process_2021,skin morphogenesis (GO:0043589),1/7,0.13375187921204623,8.06090515487477,16.21667783793208,ERRFI1,1.0
GO_Biological_Process_2021,delamination (GO:0060232),1/7,0.13375187921204623,8.06090515487477,16.21667783793208,YTHDF2,1.0
GO_Biological_Process_2021,cellular response to monoamine stimulus (GO:0071868),1/7,0.13375187921204623,8.06090515487477,16.21667783793208,GNB1,1.0
GO_Biological_Process_2021,leucine metabolic process (GO:0006551),1/7,0.13375187921204623,8.06090515487477,16.21667783793208,HMGCL,1.0
GO_Biological_Process_2021,regulation of cardiac muscle cell membrane potential (GO:0086036),1/7,0.13375187921204623,8.06090515487477,16.21667783793208,SLC9A1,1.0
GO_Biological_Process_2021,dolichyl diphosphate biosynthetic process (GO:0006489),1/7,0.13375187921204623,8.06090515487477,16.21667783793208,DHDDS,1.0
GO_Biological_Process_2021,regulation of chromatin assembly or disassembly (GO:0001672),1/7,0.13375187921204623,8.06090515487477,16.21667783793208,PADI2,1.0
GO_Biological_Process_2021,dolichyl diphosphate metabolic process (GO:0046465),1/7,0.13375187921204623,8.06090515487477,16.21667783793208,DHDDS,1.0
GO_Biological_Process_2021,parallel actin filament bundle assembly (GO:0030046),1/7,0.13375187921204623,8.06090515487477,16.21667783793208,ESPN,1.0
GO_Biological_Process_2021,"fatty acid elongation, polyunsaturated fatty acid (GO:0034626)",1/7,0.13375187921204623,8.06090515487477,16.21667783793208,ELOVL1,1.0
GO_Biological_Process_2021,"fatty acid elongation, saturated fatty acid (GO:0019367)",1/7,0.13375187921204623,8.06090515487477,16.21667783793208,ELOVL1,1.0
GO_Biological_Process_2021,negative regulation of RIG-I signaling pathway (GO:0039536),1/7,0.13375187921204623,8.06090515487477,16.21667783793208,GPATCH3,1.0
GO_Biological_Process_2021,modulation by symbiont of host apoptotic process (GO:0052150),1/7,0.13375187921204623,8.06090515487477,16.21667783793208,SFPQ,1.0
GO_Biological_Process_2021,cellular cation homeostasis (GO:0030003),1/7,0.13375187921204623,8.06090515487477,16.21667783793208,ATP13A2,1.0
GO_Biological_Process_2021,regulation of hemoglobin biosynthetic process (GO:0046984),1/7,0.13375187921204623,8.06090515487477,16.21667783793208,SLC6A9,1.0
GO_Biological_Process_2021,nose development (GO:0043584),1/7,0.13375187921204623,8.06090515487477,16.21667783793208,SKI,1.0
GO_Biological_Process_2021,cardiolipin acyl-chain remodeling (GO:0035965),1/7,0.13375187921204623,8.06090515487477,16.21667783793208,PLA2G5,1.0
GO_Biological_Process_2021,negative regulation of NLRP3 inflammasome complex assembly (GO:1900226),1/7,0.13375187921204623,8.06090515487477,16.21667783793208,CPTP,1.0
GO_Biological_Process_2021,tRNA threonylcarbamoyladenosine metabolic process (GO:0070525),1/7,0.13375187921204623,8.06090515487477,16.21667783793208,TRIT1,1.0
GO_Biological_Process_2021,positive regulation of pinocytosis (GO:0048549),1/7,0.13375187921204623,8.06090515487477,16.21667783793208,PPT1,1.0
GO_Biological_Process_2021,nucleobase biosynthetic process (GO:0046112),1/7,0.13375187921204623,8.06090515487477,16.21667783793208,CTPS1,1.0
GO_Biological_Process_2021,positive regulation of interleukin-5 production (GO:0032754),1/7,0.13375187921204623,8.06090515487477,16.21667783793208,PRKCZ,1.0
GO_Biological_Process_2021,pyrimidine ribonucleotide biosynthetic process (GO:0009220),1/7,0.13375187921204623,8.06090515487477,16.21667783793208,CTPS1,1.0
GO_Biological_Process_2021,polyadenylation-dependent snoRNA 3'-end processing (GO:0071051),1/7,0.13375187921204623,8.06090515487477,16.21667783793208,EXOSC10,1.0
GO_Biological_Process_2021,"fatty acid elongation, monounsaturated fatty acid (GO:0034625)",1/7,0.13375187921204623,8.06090515487477,16.21667783793208,ELOVL1,1.0
GO_Biological_Process_2021,positive regulation of receptor catabolic process (GO:2000646),1/7,0.13375187921204623,8.06090515487477,16.21667783793208,LAPTM5,1.0
GO_Biological_Process_2021,regulation of mitochondrial membrane permeability involved in apoptotic process (GO:1902108),1/7,0.13375187921204623,8.06090515487477,16.21667783793208,STPG1,1.0
GO_Biological_Process_2021,regulation of morphogenesis of an epithelium (GO:1905330),1/7,0.13375187921204623,8.06090515487477,16.21667783793208,RNF207,1.0
GO_Biological_Process_2021,cellular response to prostaglandin E stimulus (GO:0071380),1/7,0.13375187921204623,8.06090515487477,16.21667783793208,GNB1,1.0
GO_Biological_Process_2021,negative regulation by host of viral genome replication (GO:0044828),1/7,0.13375187921204623,8.06090515487477,16.21667783793208,ZC3H12A,1.0
GO_Biological_Process_2021,regulation of extracellular matrix assembly (GO:1901201),1/7,0.13375187921204623,8.06090515487477,16.21667783793208,TIE1,1.0
GO_Biological_Process_2021,regulation of skeletal muscle satellite cell proliferation (GO:0014842),1/7,0.13375187921204623,8.06090515487477,16.21667783793208,AKIRIN1,1.0
GO_Biological_Process_2021,pyrimidine-containing compound biosynthetic process (GO:0072528),1/7,0.13375187921204623,8.06090515487477,16.21667783793208,CTPS1,1.0
GO_Biological_Process_2021,positive regulation of miRNA metabolic process (GO:2000630),1/7,0.13375187921204623,8.06090515487477,16.21667783793208,ZC3H12A,1.0
GO_Biological_Process_2021,maintenance of protein location in extracellular region (GO:0071694),1/7,0.13375187921204623,8.06090515487477,16.21667783793208,NBL1,1.0
GO_Biological_Process_2021,"fatty acid elongation, unsaturated fatty acid (GO:0019368)",1/7,0.13375187921204623,8.06090515487477,16.21667783793208,ELOVL1,1.0
GO_Biological_Process_2021,polyamine biosynthetic process (GO:0006596),1/7,0.13375187921204623,8.06090515487477,16.21667783793208,SRM,1.0
GO_Biological_Process_2021,nuclear-transcribed mRNA catabolic process (GO:0000956),6/171,0.1356901112424406,1.766272684025001,3.527920536686878,AGO1;EXOSC10;MRTO4;PNRC2;THRAP3;ZC3H12A,1.0
GO_Biological_Process_2021,anterior/posterior pattern specification (GO:0009952),3/63,0.13608720710128838,2.4235731420949596,4.833718162275604,HES4;HEYL;SKI,1.0
GO_Biological_Process_2021,organonitrogen compound catabolic process (GO:1901565),3/63,0.13608720710128838,2.4235731420949596,4.833718162275604,MTOR;PLA2G5;PPT1,1.0
GO_Biological_Process_2021,positive regulation of viral process (GO:0048524),3/63,0.13608720710128838,2.4235731420949596,4.833718162275604,KPNA6;PPIE;PPIH,1.0
GO_Biological_Process_2021,cell cycle G1/S phase transition (GO:0044843),3/63,0.13608720710128838,2.4235731420949596,4.833718162275604,KHDRBS1;PLK3;RCC1,1.0
GO_Biological_Process_2021,protein transmembrane import into intracellular organelle (GO:0044743),2/32,0.13714405900793544,3.2283827600235293,6.413903508974267,PEX10;PEX14,1.0
GO_Biological_Process_2021,positive regulation of interleukin-10 production (GO:0032733),2/32,0.13714405900793544,3.2283827600235293,6.413903508974267,ISG15;PRKCZ,1.0
GO_Biological_Process_2021,peptidyl-proline modification (GO:0018208),2/32,0.13714405900793544,3.2283827600235293,6.413903508974267,PPIE;PPIH,1.0
GO_Biological_Process_2021,chromatin remodeling at centromere (GO:0031055),2/32,0.13714405900793544,3.2283827600235293,6.413903508974267,CENPS;RBBP4,1.0
GO_Biological_Process_2021,positive regulation of lamellipodium organization (GO:1902745),2/32,0.13714405900793544,3.2283827600235293,6.413903508974267,AKIRIN1;WASF2,1.0
GO_Biological_Process_2021,aortic valve morphogenesis (GO:0003180),2/32,0.13714405900793544,3.2283827600235293,6.413903508974267,HEYL;TIE1,1.0
GO_Biological_Process_2021,regulation of intracellular protein transport (GO:0033157),2/32,0.13714405900793544,3.2283827600235293,6.413903508974267,ATP13A2;PLK3,1.0
GO_Biological_Process_2021,regulation of NMDA receptor activity (GO:2000310),2/32,0.13714405900793544,3.2283827600235293,6.413903508974267,EPHB2;SLC6A9,1.0
GO_Biological_Process_2021,negative regulation of intracellular steroid hormone receptor signaling pathway (GO:0033144),2/32,0.13714405900793544,3.2283827600235293,6.413903508974267,HDAC1;HEYL,1.0
GO_Biological_Process_2021,negative regulation of cell-matrix adhesion (GO:0001953),2/32,0.13714405900793544,3.2283827600235293,6.413903508974267,AJAP1;RCC2,1.0
GO_Biological_Process_2021,long-chain fatty acid transport (GO:0015909),2/32,0.13714405900793544,3.2283827600235293,6.413903508974267,FABP3;MFSD2A,1.0
GO_Biological_Process_2021,negative regulation of neuron death (GO:1901215),4/98,0.13863799258803086,2.0641472980761497,4.078526173881987,ATP13A2;PINK1;PPT1;TNFRSF1B,1.0
GO_Biological_Process_2021,negative regulation of intrinsic apoptotic signaling pathway (GO:2001243),3/64,0.14076320605698414,2.383720399297505,4.673703830582795,ENO1;NOC2L;PINK1,1.0
GO_Biological_Process_2021,keratan sulfate metabolic process (GO:0042339),2/33,0.14412826534008571,3.1240816872831902,6.0515075694158575,B4GALT2;ST3GAL3,1.0
GO_Biological_Process_2021,positive regulation of ATP metabolic process (GO:1903580),2/33,0.14412826534008571,3.1240816872831902,6.0515075694158575,ENO1;PINK1,1.0
GO_Biological_Process_2021,positive regulation of cytokine production involved in immune response (GO:0002720),2/33,0.14412826534008571,3.1240816872831902,6.0515075694158575,LAPTM5;TNFRSF14,1.0
GO_Biological_Process_2021,regulation of cell-matrix adhesion (GO:0001952),3/65,0.1454924706767534,2.345153228848355,4.520589926804832,AJAP1;MACF1;SLC9A1,1.0
GO_Biological_Process_2021,negative regulation of cellular macromolecule biosynthetic process (GO:2000113),15/547,0.14837259096374178,1.3745841241717422,2.622745907685965,DMAP1;ENO1;HDAC1;HEYL;ID3;KDM1A;KDM4A;KHDRBS1;PEX14;PHC2;SAMD11;SCMH1;SFPQ;SPEN;YBX1,1.0
GO_Biological_Process_2021,positive regulation of protein localization to membrane (GO:1905477),4/101,0.14979350859673796,1.9999999512745565,3.796994992771055,ARHGEF16;EPHA2;EPHB2;TP73,1.0
GO_Biological_Process_2021,cellular response to nutrient levels (GO:0031669),3/66,0.15027323018958832,2.307810413016639,4.37399332335134,MFSD2A;MTOR;RRAGC,1.0
GO_Biological_Process_2021,regulation of protein localization (GO:0032880),3/66,0.15027323018958832,2.307810413016639,4.37399332335134,DVL1;KDM1A;PLEKHM2,1.0
GO_Biological_Process_2021,positive regulation of protein dephosphorylation (GO:0035307),2/34,0.15118499791712403,3.026299431589123,5.717439349341176,CAMTA1;MTOR,1.0
GO_Biological_Process_2021,cell-substrate junction assembly (GO:0007044),2/34,0.15118499791712403,3.026299431589123,5.717439349341176,RCC2;TESK2,1.0
GO_Biological_Process_2021,regulation of myoblast differentiation (GO:0045661),2/34,0.15118499791712403,3.026299431589123,5.717439349341176,AKIRIN1;XKR8,1.0
GO_Biological_Process_2021,negative regulation of mitochondrion organization (GO:0010823),2/34,0.15118499791712403,3.026299431589123,5.717439349341176,MUL1;PINK1,1.0
GO_Biological_Process_2021,mast cell activation involved in immune response (GO:0002279),1/8,0.15134287291183668,6.908994541929588,13.045614169703612,PIK3CD,1.0
GO_Biological_Process_2021,lens fiber cell development (GO:0070307),1/8,0.15134287291183668,6.908994541929588,13.045614169703612,EPHA2,1.0
GO_Biological_Process_2021,mast cell degranulation (GO:0043303),1/8,0.15134287291183668,6.908994541929588,13.045614169703612,PIK3CD,1.0
GO_Biological_Process_2021,autophagosome-lysosome fusion (GO:0061909),1/8,0.15134287291183668,6.908994541929588,13.045614169703612,ATP13A2,1.0
GO_Biological_Process_2021,aspartate family amino acid biosynthetic process (GO:0009067),1/8,0.15134287291183668,6.908994541929588,13.045614169703612,MTHFR,1.0
GO_Biological_Process_2021,negative regulation of muscle cell apoptotic process (GO:0010656),1/8,0.15134287291183668,6.908994541929588,13.045614169703612,ZC3H12A,1.0
GO_Biological_Process_2021,negative regulation of mitotic nuclear division (GO:0045839),1/8,0.15134287291183668,6.908994541929588,13.045614169703612,AURKAIP1,1.0
GO_Biological_Process_2021,vitamin K metabolic process (GO:0042373),1/8,0.15134287291183668,6.908994541929588,13.045614169703612,UBIAD1,1.0
GO_Biological_Process_2021,regulation of alpha-beta T cell proliferation (GO:0046640),1/8,0.15134287291183668,6.908994541929588,13.045614169703612,TNFRSF14,1.0
GO_Biological_Process_2021,regulation of myeloid leukocyte differentiation (GO:0002761),1/8,0.15134287291183668,6.908994541929588,13.045614169703612,MTOR,1.0
GO_Biological_Process_2021,regulation of nitrogen compound metabolic process (GO:0051171),1/8,0.15134287291183668,6.908994541929588,13.045614169703612,MFSD2A,1.0
GO_Biological_Process_2021,integrin activation (GO:0033622),1/8,0.15134287291183668,6.908994541929588,13.045614169703612,COL16A1,1.0
GO_Biological_Process_2021,protein depalmitoylation (GO:0002084),1/8,0.15134287291183668,6.908994541929588,13.045614169703612,PPT1,1.0
GO_Biological_Process_2021,methionine metabolic process (GO:0006555),1/8,0.15134287291183668,6.908994541929588,13.045614169703612,MTHFR,1.0
GO_Biological_Process_2021,basic amino acid transport (GO:0015802),1/8,0.15134287291183668,6.908994541929588,13.045614169703612,SLC66A1,1.0
GO_Biological_Process_2021,sulfur amino acid biosynthetic process (GO:0000097),1/8,0.15134287291183668,6.908994541929588,13.045614169703612,MTHFR,1.0
GO_Biological_Process_2021,regulation of oxidative stress-induced neuron death (GO:1903203),1/8,0.15134287291183668,6.908994541929588,13.045614169703612,PINK1,1.0
GO_Biological_Process_2021,mitochondrial tRNA processing (GO:0090646),1/8,0.15134287291183668,6.908994541929588,13.045614169703612,TRIT1,1.0
GO_Biological_Process_2021,peptidyl-serine autophosphorylation (GO:0036289),1/8,0.15134287291183668,6.908994541929588,13.045614169703612,PINK1,1.0
GO_Biological_Process_2021,mitochondrial respiratory chain complex III assembly (GO:0034551),1/8,0.15134287291183668,6.908994541929588,13.045614169703612,SLC25A33,1.0
GO_Biological_Process_2021,peptidyl-lysine hydroxylation (GO:0017185),1/8,0.15134287291183668,6.908994541929588,13.045614169703612,PLOD1,1.0
GO_Biological_Process_2021,positive regulation of homotypic cell-cell adhesion (GO:0034112),1/8,0.15134287291183668,6.908994541929588,13.045614169703612,PDPN,1.0
GO_Biological_Process_2021,SREBP signaling pathway (GO:0032933),1/8,0.15134287291183668,6.908994541929588,13.045614169703612,ARHGEF10L,1.0
GO_Biological_Process_2021,positive regulation of extracellular matrix disassembly (GO:0090091),1/8,0.15134287291183668,6.908994541929588,13.045614169703612,PDPN,1.0
GO_Biological_Process_2021,histone H3-K4 demethylation (GO:0034720),1/8,0.15134287291183668,6.908994541929588,13.045614169703612,KDM1A,1.0
GO_Biological_Process_2021,positive regulation of execution phase of apoptosis (GO:1900119),1/8,0.15134287291183668,6.908994541929588,13.045614169703612,ZC3H12A,1.0
GO_Biological_Process_2021,glycoside catabolic process (GO:0016139),1/8,0.15134287291183668,6.908994541929588,13.045614169703612,FUCA1,1.0
GO_Biological_Process_2021,protein retention in ER lumen (GO:0006621),1/8,0.15134287291183668,6.908994541929588,13.045614169703612,RER1,1.0
GO_Biological_Process_2021,sequestering of BMP from receptor via BMP binding (GO:0038098),1/8,0.15134287291183668,6.908994541929588,13.045614169703612,NBL1,1.0
GO_Biological_Process_2021,positive regulation of myeloid cell apoptotic process (GO:0033034),1/8,0.15134287291183668,6.908994541929588,13.045614169703612,PIK3CD,1.0
GO_Biological_Process_2021,negative regulation of mitochondrial fusion (GO:0010637),1/8,0.15134287291183668,6.908994541929588,13.045614169703612,MUL1,1.0
GO_Biological_Process_2021,spermidine metabolic process (GO:0008216),1/8,0.15134287291183668,6.908994541929588,13.045614169703612,SRM,1.0
GO_Biological_Process_2021,folic acid transport (GO:0015884),1/8,0.15134287291183668,6.908994541929588,13.045614169703612,PDPN,1.0
GO_Biological_Process_2021,positive regulation of T-helper 2 cell cytokine production (GO:2000553),1/8,0.15134287291183668,6.908994541929588,13.045614169703612,PRKCZ,1.0
GO_Biological_Process_2021,phosphatidylinositol-3-phosphate biosynthetic process (GO:0036092),1/8,0.15134287291183668,6.908994541929588,13.045614169703612,PIK3CD,1.0
GO_Biological_Process_2021,negative regulation of T-helper 17 cell differentiation (GO:2000320),1/8,0.15134287291183668,6.908994541929588,13.045614169703612,ZC3H12A,1.0
GO_Biological_Process_2021,skeletal muscle tissue regeneration (GO:0043403),1/8,0.15134287291183668,6.908994541929588,13.045614169703612,AKIRIN1,1.0
GO_Biological_Process_2021,negative regulation of fatty acid oxidation (GO:0046322),1/8,0.15134287291183668,6.908994541929588,13.045614169703612,MFSD2A,1.0
GO_Biological_Process_2021,positive regulation of oligodendrocyte differentiation (GO:0048714),1/8,0.15134287291183668,6.908994541929588,13.045614169703612,TNFRSF1B,1.0
GO_Biological_Process_2021,regulation of protein localization to cell cortex (GO:1904776),1/8,0.15134287291183668,6.908994541929588,13.045614169703612,EPB41,1.0
GO_Biological_Process_2021,positive regulation of muscle contraction (GO:0045933),1/8,0.15134287291183668,6.908994541929588,13.045614169703612,ENO1,1.0
GO_Biological_Process_2021,myoblast migration (GO:0051451),1/8,0.15134287291183668,6.908994541929588,13.045614169703612,AKIRIN1,1.0
GO_Biological_Process_2021,regulation of RNA biosynthetic process (GO:2001141),1/8,0.15134287291183668,6.908994541929588,13.045614169703612,TNFRSF1B,1.0
GO_Biological_Process_2021,positive regulation of neuron projection arborization (GO:0150012),1/8,0.15134287291183668,6.908994541929588,13.045614169703612,DVL1,1.0
GO_Biological_Process_2021,natural killer cell differentiation (GO:0001779),1/8,0.15134287291183668,6.908994541929588,13.045614169703612,PIK3CD,1.0
GO_Biological_Process_2021,TORC1 signaling (GO:0038202),1/8,0.15134287291183668,6.908994541929588,13.045614169703612,MTOR,1.0
GO_Biological_Process_2021,macromolecule depalmitoylation (GO:0098734),1/8,0.15134287291183668,6.908994541929588,13.045614169703612,PPT1,1.0
GO_Biological_Process_2021,regulation of chemokine (C-C motif) ligand 5 production (GO:0071649),1/8,0.15134287291183668,6.908994541929588,13.045614169703612,MUL1,1.0
GO_Biological_Process_2021,respiratory chain complex III assembly (GO:0017062),1/8,0.15134287291183668,6.908994541929588,13.045614169703612,SLC25A33,1.0
GO_Biological_Process_2021,regulation of chemokine-mediated signaling pathway (GO:0070099),1/8,0.15134287291183668,6.908994541929588,13.045614169703612,PADI2,1.0
GO_Biological_Process_2021,"regulation of wound healing, spreading of epidermal cells (GO:1903689)",1/8,0.15134287291183668,6.908994541929588,13.045614169703612,MTOR,1.0
GO_Biological_Process_2021,commissural neuron axon guidance (GO:0071679),1/8,0.15134287291183668,6.908994541929588,13.045614169703612,EPHB2,1.0
GO_Biological_Process_2021,positive regulation of cell migration by vascular endothelial growth factor signaling pathway (GO:0038089),1/8,0.15134287291183668,6.908994541929588,13.045614169703612,PIK3CD,1.0
GO_Biological_Process_2021,response to epinephrine (GO:0071871),1/8,0.15134287291183668,6.908994541929588,13.045614169703612,SLC9A1,1.0
GO_Biological_Process_2021,regulation of cytoplasmic translational elongation (GO:1900247),1/8,0.15134287291183668,6.908994541929588,13.045614169703612,DPH2,1.0
GO_Biological_Process_2021,regulation of transcription from RNA polymerase II promoter in response to oxidative stress (GO:0043619),1/8,0.15134287291183668,6.908994541929588,13.045614169703612,SESN2,1.0
GO_Biological_Process_2021,cellular response to epinephrine stimulus (GO:0071872),1/8,0.15134287291183668,6.908994541929588,13.045614169703612,SLC9A1,1.0
GO_Biological_Process_2021,negative regulation of B cell apoptotic process (GO:0002903),1/8,0.15134287291183668,6.908994541929588,13.045614169703612,NOC2L,1.0
GO_Biological_Process_2021,regulation of T-helper 2 cell differentiation (GO:0045628),1/8,0.15134287291183668,6.908994541929588,13.045614169703612,PRKCZ,1.0
GO_Biological_Process_2021,positive regulation of chromosome segregation (GO:0051984),1/8,0.15134287291183668,6.908994541929588,13.045614169703612,RCC2,1.0
GO_Biological_Process_2021,negative regulation by symbiont of host programmed cell death (GO:0052041),1/8,0.15134287291183668,6.908994541929588,13.045614169703612,SFPQ,1.0
GO_Biological_Process_2021,negative regulation by symbiont of host apoptotic process (GO:0033668),1/8,0.15134287291183668,6.908994541929588,13.045614169703612,SFPQ,1.0
GO_Biological_Process_2021,regulation of extracellular matrix constituent secretion (GO:0003330),1/8,0.15134287291183668,6.908994541929588,13.045614169703612,TNFRSF1B,1.0
GO_Biological_Process_2021,positive regulation of Arp2/3 complex-mediated actin nucleation (GO:2000601),1/8,0.15134287291183668,6.908994541929588,13.045614169703612,WASF2,1.0
GO_Biological_Process_2021,regulation of viral genome replication (GO:0045069),3/67,0.15510371683221316,2.2716345601796637,4.23355729257497,ISG15;PPIE;PPIH,1.0
GO_Biological_Process_2021,chromatin remodeling (GO:0006338),4/103,0.15741572313428537,1.9593948967334807,3.622656753789636,ARID1A;HDAC1;KDM4A;RBBP4,1.0
GO_Biological_Process_2021,lung development (GO:0030324),2/35,0.15830845520489012,2.9344433732098474,5.408795079373684,ERRFI1;PDPN,1.0
GO_Biological_Process_2021,cellular response to virus (GO:0098586),2/35,0.15830845520489012,2.9344433732098474,5.408795079373684,IFI6;ZC3H12A,1.0
GO_Biological_Process_2021,"base-excision repair, gap-filling (GO:0006287)",2/35,0.15830845520489012,2.9344433732098474,5.408795079373684,MUTYH;RPA2,1.0
GO_Biological_Process_2021,regulation of blood circulation (GO:1903522),2/35,0.15830845520489012,2.9344433732098474,5.408795079373684,ECE1;HSPB7,1.0
GO_Biological_Process_2021,regulation of translational initiation (GO:0006446),3/68,0.15998216739293153,2.236571810506903,4.098949330583489,EIF4G3;KHDRBS1;YTHDF2,1.0
GO_Biological_Process_2021,positive regulation of protein localization to nucleus (GO:1900182),3/68,0.15998216739293153,2.236571810506903,4.098949330583489,DMAP1;SESN2;ZC3H12A,1.0
GO_Biological_Process_2021,Ras protein signal transduction (GO:0007265),5/142,0.16289507047441681,1.7708465628618275,3.2134649885187185,CNKSR1;GNB1;PDPN;PHACTR4;PLEKHG5,1.0
GO_Biological_Process_2021,cell chemotaxis (GO:0060326),3/69,0.16490682467315199,2.202571568399984,3.9698591895059003,ARHGEF16;EPHA2;PLEKHG5,1.0
GO_Biological_Process_2021,cellular response to decreased oxygen levels (GO:0036294),3/69,0.16490682467315199,2.202571568399984,3.9698591895059003,HP1BP3;MTOR;PINK1,1.0
GO_Biological_Process_2021,positive regulation of cellular metabolic process (GO:0031325),4/105,0.16517868696557883,1.9203979631643284,3.4581133074980444,ECE1;IFNLR1;VAMP3;ZC3H12A,1.0
GO_Biological_Process_2021,dendrite morphogenesis (GO:0048813),2/36,0.1654930402584542,2.8479906123822945,5.12303995395672,DVL1;EPHB2,1.0
GO_Biological_Process_2021,positive regulation of innate immune response (GO:0045089),2/36,0.1654930402584542,2.8479906123822945,5.12303995395672,PLA2G5;TRIM62,1.0
GO_Biological_Process_2021,regulation of protein import into nucleus (GO:0042306),2/36,0.1654930402584542,2.8479906123822945,5.12303995395672,DMAP1;ZC3H12A,1.0
GO_Biological_Process_2021,post-translational protein modification (GO:0043687),10/345,0.16598034912802834,1.4517563337601107,2.6071886957445884,FBXO2;FBXO44;FBXO6;ICMT;KLHL21;MXRA8;PSMB2;SPSB1;VWA1;WDTC1,1.0
GO_Biological_Process_2021,galactose metabolic process (GO:0006012),1/9,0.16857750644513964,6.0450615822207014,10.762383759291327,GALE,1.0
GO_Biological_Process_2021,positive regulation of smooth muscle cell apoptotic process (GO:0034393),1/9,0.16857750644513964,6.0450615822207014,10.762383759291327,MFN2,1.0
GO_Biological_Process_2021,ketone body biosynthetic process (GO:0046951),1/9,0.16857750644513964,6.0450615822207014,10.762383759291327,HMGCL,1.0
GO_Biological_Process_2021,ornithine metabolic process (GO:0006591),1/9,0.16857750644513964,6.0450615822207014,10.762383759291327,AZIN2,1.0
GO_Biological_Process_2021,positive regulation of mitochondrial membrane permeability involved in apoptotic process (GO:1902110),1/9,0.16857750644513964,6.0450615822207014,10.762383759291327,STPG1,1.0
GO_Biological_Process_2021,negative regulation of alpha-beta T cell activation (GO:0046636),1/9,0.16857750644513964,6.0450615822207014,10.762383759291327,TNFRSF14,1.0
GO_Biological_Process_2021,negative regulation of ubiquitin protein ligase activity (GO:1904667),1/9,0.16857750644513964,6.0450615822207014,10.762383759291327,MAD2L2,1.0
GO_Biological_Process_2021,endothelial cell chemotaxis (GO:0035767),1/9,0.16857750644513964,6.0450615822207014,10.762383759291327,PLEKHG5,1.0
GO_Biological_Process_2021,negative regulation of nitric oxide biosynthetic process (GO:0045019),1/9,0.16857750644513964,6.0450615822207014,10.762383759291327,ZC3H12A,1.0
GO_Biological_Process_2021,lysosomal lumen acidification (GO:0007042),1/9,0.16857750644513964,6.0450615822207014,10.762383759291327,PPT1,1.0
GO_Biological_Process_2021,anoikis (GO:0043276),1/9,0.16857750644513964,6.0450615822207014,10.762383759291327,MTOR,1.0
GO_Biological_Process_2021,response to vitamin D (GO:0033280),1/9,0.16857750644513964,6.0450615822207014,10.762383759291327,ALPL,1.0
GO_Biological_Process_2021,positive regulation of macrophage cytokine production (GO:0060907),1/9,0.16857750644513964,6.0450615822207014,10.762383759291327,LAPTM5,1.0
GO_Biological_Process_2021,negative regulation of nitric oxide metabolic process (GO:1904406),1/9,0.16857750644513964,6.0450615822207014,10.762383759291327,ZC3H12A,1.0
GO_Biological_Process_2021,actin-mediated cell contraction (GO:0070252),1/9,0.16857750644513964,6.0450615822207014,10.762383759291327,PDPN,1.0
GO_Biological_Process_2021,response to vitamin (GO:0033273),1/9,0.16857750644513964,6.0450615822207014,10.762383759291327,ALPL,1.0
GO_Biological_Process_2021,response to type I interferon (GO:0034340),1/9,0.16857750644513964,6.0450615822207014,10.762383759291327,ISG15,1.0
GO_Biological_Process_2021,cellular response to sterol depletion (GO:0071501),1/9,0.16857750644513964,6.0450615822207014,10.762383759291327,ARHGEF10L,1.0
GO_Biological_Process_2021,positive regulation of cell-cell adhesion mediated by cadherin (GO:2000049),1/9,0.16857750644513964,6.0450615822207014,10.762383759291327,PTPRU,1.0
GO_Biological_Process_2021,regulation of cellular response to oxidative stress (GO:1900407),1/9,0.16857750644513964,6.0450615822207014,10.762383759291327,PINK1,1.0
GO_Biological_Process_2021,mast cell mediated immunity (GO:0002448),1/9,0.16857750644513964,6.0450615822207014,10.762383759291327,PIK3CD,1.0
GO_Biological_Process_2021,L-ascorbic acid metabolic process (GO:0019852),1/9,0.16857750644513964,6.0450615822207014,10.762383759291327,SLC2A1,1.0
GO_Biological_Process_2021,epithelial to mesenchymal transition involved in endocardial cushion formation (GO:0003198),1/9,0.16857750644513964,6.0450615822207014,10.762383759291327,HEYL,1.0
GO_Biological_Process_2021,negative regulation of RNA catabolic process (GO:1902369),1/9,0.16857750644513964,6.0450615822207014,10.762383759291327,ZCCHC17,1.0
GO_Biological_Process_2021,positive regulation of tumor necrosis factor-mediated signaling pathway (GO:1903265),1/9,0.16857750644513964,6.0450615822207014,10.762383759291327,LAPTM5,1.0
GO_Biological_Process_2021,sensory organ morphogenesis (GO:0090596),1/9,0.16857750644513964,6.0450615822207014,10.762383759291327,SKI,1.0
GO_Biological_Process_2021,positive regulation of autophagy of mitochondrion (GO:1903599),1/9,0.16857750644513964,6.0450615822207014,10.762383759291327,VPS13D,1.0
GO_Biological_Process_2021,Schwann cell development (GO:0014044),1/9,0.16857750644513964,6.0450615822207014,10.762383759291327,SKI,1.0
GO_Biological_Process_2021,regulation of RNA polymerase II regulatory region sequence-specific DNA binding (GO:1903025),1/9,0.16857750644513964,6.0450615822207014,10.762383759291327,ZNF593,1.0
GO_Biological_Process_2021,positive regulation of mast cell degranulation (GO:0043306),1/9,0.16857750644513964,6.0450615822207014,10.762383759291327,FGR,1.0
GO_Biological_Process_2021,regulation of animal organ morphogenesis (GO:2000027),1/9,0.16857750644513964,6.0450615822207014,10.762383759291327,AJAP1,1.0
GO_Biological_Process_2021,regulation of mitotic centrosome separation (GO:0046602),1/9,0.16857750644513964,6.0450615822207014,10.762383759291327,CEP85,1.0
GO_Biological_Process_2021,tetrahydrofolate interconversion (GO:0035999),1/9,0.16857750644513964,6.0450615822207014,10.762383759291327,MTHFR,1.0
GO_Biological_Process_2021,isoprenoid biosynthetic process (GO:0008299),1/9,0.16857750644513964,6.0450615822207014,10.762383759291327,DHDDS,1.0
GO_Biological_Process_2021,peripheral nervous system axon ensheathment (GO:0032292),1/9,0.16857750644513964,6.0450615822207014,10.762383759291327,SKI,1.0
GO_Biological_Process_2021,mitochondrial tRNA modification (GO:0070900),1/9,0.16857750644513964,6.0450615822207014,10.762383759291327,TRIT1,1.0
GO_Biological_Process_2021,regulation of pinocytosis (GO:0048548),1/9,0.16857750644513964,6.0450615822207014,10.762383759291327,PPT1,1.0
GO_Biological_Process_2021,neuronal ion channel clustering (GO:0045161),1/9,0.16857750644513964,6.0450615822207014,10.762383759291327,AGRN,1.0
GO_Biological_Process_2021,nuclear RNA surveillance (GO:0071027),1/9,0.16857750644513964,6.0450615822207014,10.762383759291327,EXOSC10,1.0
GO_Biological_Process_2021,positive regulation of megakaryocyte differentiation (GO:0045654),1/9,0.16857750644513964,6.0450615822207014,10.762383759291327,PITHD1,1.0
GO_Biological_Process_2021,"DNA-templated transcription, termination (GO:0006353)",3/70,0.16987593886966892,2.169586258893271,3.845997095516413,LSM10;MED18;SSU72,1.0
GO_Biological_Process_2021,centromere complex assembly (GO:0034508),2/37,0.17273335484087063,2.7664780093163155,4.857952467386849,CENPS;RBBP4,1.0
GO_Biological_Process_2021,regulation of vascular associated smooth muscle cell proliferation (GO:1904705),2/37,0.17273335484087063,2.7664780093163155,4.857952467386849,LDLRAP1;MFN2,1.0
GO_Biological_Process_2021,lysosome localization (GO:0032418),2/37,0.17273335484087063,2.7664780093163155,4.857952467386849,PIK3CD;PLEKHM2,1.0
GO_Biological_Process_2021,protein insertion into ER membrane (GO:0045048),2/37,0.17273335484087063,2.7664780093163155,4.857952467386849,EMC1;UBE2J2,1.0
GO_Biological_Process_2021,skeletal muscle tissue development (GO:0007519),2/37,0.17273335484087063,2.7664780093163155,4.857952467386849,SELENON;SKI,1.0
GO_Biological_Process_2021,positive regulation of signaling receptor activity (GO:2000273),2/37,0.17273335484087063,2.7664780093163155,4.857952467386849,EPHB2;HDAC1,1.0
GO_Biological_Process_2021,glutamine family amino acid metabolic process (GO:0009064),2/37,0.17273335484087063,2.7664780093163155,4.857952467386849,ALDH4A1;RIMKLA,1.0
GO_Biological_Process_2021,histone acetylation (GO:0016573),3/71,0.1748877688806464,2.1375711055485205,3.7270921326817756,DMAP1;MEAF6;TAF12,1.0
GO_Biological_Process_2021,regulation of hematopoietic stem cell differentiation (GO:1902036),3/71,0.1748877688806464,2.1375711055485205,3.7270921326817756,PSMB2;TP73;YTHDF2,1.0
GO_Biological_Process_2021,regulation of mRNA stability (GO:0043488),5/146,0.1762669774795065,1.7202560553304498,2.9859439366349854,PSMB2;PUM1;THRAP3;YBX1;YTHDF2,1.0
GO_Biological_Process_2021,supramolecular fiber organization (GO:0097435),10/351,0.17863302232250103,1.4257679080995544,2.4557736299954778,COL16A1;COL8A2;COL9A2;HSPG2;MAD2L2;MARCKSL1;P3H1;PLK3;PLOD1;STMN1,1.0
GO_Biological_Process_2021,cell morphogenesis involved in differentiation (GO:0000904),3/72,0.179940583538187,2.106483927663038,3.6128907750879646,EPHA2;VAMP3;YTHDF2,1.0
GO_Biological_Process_2021,negative regulation of TOR signaling (GO:0032007),2/38,0.18002419369545558,2.689493884198446,4.611578415967297,SESN2;SZT2,1.0
GO_Biological_Process_2021,positive regulation of transferase activity (GO:0051347),5/148,0.18310500336703514,1.6960221408836014,2.8793291595375896,EPHA10;EPHA2;EPHB2;PINK1;TIE1,1.0
GO_Biological_Process_2021,regulation of protein kinase activity (GO:0045859),4/110,0.18515928876204932,1.8293438022363553,3.0852593083903055,CAMK2N1;CEP85;DVL1;FGR,1.0
GO_Biological_Process_2021,negative regulation of peptidyl-lysine acetylation (GO:2000757),1/10,0.18546298152809074,5.373113724669346,9.053159192967247,NOC2L,1.0
GO_Biological_Process_2021,arachidonic acid secretion (GO:0050482),1/10,0.18546298152809074,5.373113724669346,9.053159192967247,PLA2G5,1.0
GO_Biological_Process_2021,arachidonate transport (GO:1903963),1/10,0.18546298152809074,5.373113724669346,9.053159192967247,PLA2G5,1.0
GO_Biological_Process_2021,positive regulation of lipase activity (GO:0060193),1/10,0.18546298152809074,5.373113724669346,9.053159192967247,PLA2G5,1.0
GO_Biological_Process_2021,positive regulation of keratinocyte migration (GO:0051549),1/10,0.18546298152809074,5.373113724669346,9.053159192967247,MTOR,1.0
GO_Biological_Process_2021,UV protection (GO:0009650),1/10,0.18546298152809074,5.373113724669346,9.053159192967247,SDF4,1.0
GO_Biological_Process_2021,lung epithelium development (GO:0060428),1/10,0.18546298152809074,5.373113724669346,9.053159192967247,ERRFI1,1.0
GO_Biological_Process_2021,positive regulation of RIG-I signaling pathway (GO:1900246),1/10,0.18546298152809074,5.373113724669346,9.053159192967247,PUM1,1.0
GO_Biological_Process_2021,nuclear mRNA surveillance (GO:0071028),1/10,0.18546298152809074,5.373113724669346,9.053159192967247,EXOSC10,1.0
GO_Biological_Process_2021,morphogenesis of an epithelial sheet (GO:0002011),1/10,0.18546298152809074,5.373113724669346,9.053159192967247,PHACTR4,1.0
GO_Biological_Process_2021,regulation of actin filament-based movement (GO:1903115),1/10,0.18546298152809074,5.373113724669346,9.053159192967247,PDPN,1.0
GO_Biological_Process_2021,phosphatidylcholine catabolic process (GO:0034638),1/10,0.18546298152809074,5.373113724669346,9.053159192967247,PLA2G5,1.0
GO_Biological_Process_2021,regulation of phospholipid metabolic process (GO:1903725),1/10,0.18546298152809074,5.373113724669346,9.053159192967247,MFSD2A,1.0
GO_Biological_Process_2021,negative regulation of lymphocyte apoptotic process (GO:0070229),1/10,0.18546298152809074,5.373113724669346,9.053159192967247,NOC2L,1.0
GO_Biological_Process_2021,phagosome-lysosome fusion (GO:0090385),1/10,0.18546298152809074,5.373113724669346,9.053159192967247,PLA2G5,1.0
GO_Biological_Process_2021,positive regulation of transcription of nucleolar large rRNA by RNA polymerase I (GO:1901838),1/10,0.18546298152809074,5.373113724669346,9.053159192967247,MTOR,1.0
GO_Biological_Process_2021,modulation by symbiont of host process (GO:0044003),1/10,0.18546298152809074,5.373113724669346,9.053159192967247,ENO1,1.0
GO_Biological_Process_2021,positive regulation of monocyte differentiation (GO:0045657),1/10,0.18546298152809074,5.373113724669346,9.053159192967247,CTNNBIP1,1.0
GO_Biological_Process_2021,histone H4 deacetylation (GO:0070933),1/10,0.18546298152809074,5.373113724669346,9.053159192967247,HDAC1,1.0
GO_Biological_Process_2021,nucleic acid transport (GO:0050657),1/10,0.18546298152809074,5.373113724669346,9.053159192967247,YBX1,1.0
GO_Biological_Process_2021,methylguanosine-cap decapping (GO:0110156),1/10,0.18546298152809074,5.373113724669346,9.053159192967247,PNRC2,1.0
GO_Biological_Process_2021,SNARE complex assembly (GO:0035493),1/10,0.18546298152809074,5.373113724669346,9.053159192967247,VAMP3,1.0
GO_Biological_Process_2021,glycine transport (GO:0015816),1/10,0.18546298152809074,5.373113724669346,9.053159192967247,SLC6A9,1.0
GO_Biological_Process_2021,neuron projection fasciculation (GO:0106030),1/10,0.18546298152809074,5.373113724669346,9.053159192967247,EPHB2,1.0
GO_Biological_Process_2021,regulation of attachment of spindle microtubules to kinetochore (GO:0051988),1/10,0.18546298152809074,5.373113724669346,9.053159192967247,RCC2,1.0
GO_Biological_Process_2021,histone H3-K36 demethylation (GO:0070544),1/10,0.18546298152809074,5.373113724669346,9.053159192967247,KDM4A,1.0
GO_Biological_Process_2021,regulation of low-density lipoprotein particle clearance (GO:0010988),1/10,0.18546298152809074,5.373113724669346,9.053159192967247,LDLRAP1,1.0
GO_Biological_Process_2021,negative regulation of protein autophosphorylation (GO:0031953),1/10,0.18546298152809074,5.373113724669346,9.053159192967247,ERRFI1,1.0
GO_Biological_Process_2021,regulation of axon guidance (GO:1902667),1/10,0.18546298152809074,5.373113724669346,9.053159192967247,ZSWIM5,1.0
GO_Biological_Process_2021,protein insertion into ER membrane by stop-transfer membrane-anchor sequence (GO:0045050),1/10,0.18546298152809074,5.373113724669346,9.053159192967247,EMC1,1.0
GO_Biological_Process_2021,long-chain fatty acid import into cell (GO:0044539),1/10,0.18546298152809074,5.373113724669346,9.053159192967247,SLC2A1,1.0
GO_Biological_Process_2021,protein K11-linked deubiquitination (GO:0035871),1/10,0.18546298152809074,5.373113724669346,9.053159192967247,OTUD3,1.0
GO_Biological_Process_2021,negative regulation of receptor binding (GO:1900121),1/10,0.18546298152809074,5.373113724669346,9.053159192967247,PTPRF,1.0
GO_Biological_Process_2021,positive regulation of epidermis development (GO:0045684),1/10,0.18546298152809074,5.373113724669346,9.053159192967247,KDF1,1.0
GO_Biological_Process_2021,regulation of receptor binding (GO:1900120),1/10,0.18546298152809074,5.373113724669346,9.053159192967247,PTPRF,1.0
GO_Biological_Process_2021,positive regulation of transcription by RNA polymerase III (GO:0045945),1/10,0.18546298152809074,5.373113724669346,9.053159192967247,MTOR,1.0
GO_Biological_Process_2021,regulation of granulocyte differentiation (GO:0030852),1/10,0.18546298152809074,5.373113724669346,9.053159192967247,C1QC,1.0
GO_Biological_Process_2021,modification-dependent macromolecule catabolic process (GO:0043632),1/10,0.18546298152809074,5.373113724669346,9.053159192967247,ISG15,1.0
GO_Biological_Process_2021,pinocytosis (GO:0006907),1/10,0.18546298152809074,5.373113724669346,9.053159192967247,PPT1,1.0
GO_Biological_Process_2021,neuron remodeling (GO:0016322),1/10,0.18546298152809074,5.373113724669346,9.053159192967247,C1QA,1.0
GO_Biological_Process_2021,regulation of DNA damage checkpoint (GO:2000001),1/10,0.18546298152809074,5.373113724669346,9.053159192967247,RPA2,1.0
GO_Biological_Process_2021,cellular response to prostaglandin stimulus (GO:0071379),1/10,0.18546298152809074,5.373113724669346,9.053159192967247,GNB1,1.0
GO_Biological_Process_2021,defense response to tumor cell (GO:0002357),1/10,0.18546298152809074,5.373113724669346,9.053159192967247,LAPTM5,1.0
GO_Biological_Process_2021,removal of superoxide radicals (GO:0019430),1/10,0.18546298152809074,5.373113724669346,9.053159192967247,PRDX1,1.0
GO_Biological_Process_2021,cellular response to acidic pH (GO:0071468),1/10,0.18546298152809074,5.373113724669346,9.053159192967247,SLC9A1,1.0
GO_Biological_Process_2021,DNA replication-dependent nucleosome organization (GO:0034723),1/10,0.18546298152809074,5.373113724669346,9.053159192967247,RBBP4,1.0
GO_Biological_Process_2021,negative regulation of viral-induced cytoplasmic pattern recognition receptor signaling pathway (GO:0039532),1/10,0.18546298152809074,5.373113724669346,9.053159192967247,GPATCH3,1.0
GO_Biological_Process_2021,negative regulation of circadian rhythm (GO:0042754),1/10,0.18546298152809074,5.373113724669346,9.053159192967247,SFPQ,1.0
GO_Biological_Process_2021,RNA polymerase II preinitiation complex assembly (GO:0051123),1/10,0.18546298152809074,5.373113724669346,9.053159192967247,TAF12,1.0
GO_Biological_Process_2021,positive regulation of protein sumoylation (GO:0033235),1/10,0.18546298152809074,5.373113724669346,9.053159192967247,MUL1,1.0
GO_Biological_Process_2021,negative regulation of alpha-beta T cell proliferation (GO:0046642),1/10,0.18546298152809074,5.373113724669346,9.053159192967247,TNFRSF14,1.0
GO_Biological_Process_2021,regulation of T-helper 17 cell differentiation (GO:2000319),1/10,0.18546298152809074,5.373113724669346,9.053159192967247,ZC3H12A,1.0
GO_Biological_Process_2021,positive regulation of circadian rhythm (GO:0042753),1/10,0.18546298152809074,5.373113724669346,9.053159192967247,THRAP3,1.0
GO_Biological_Process_2021,negative regulation of extracellular matrix organization (GO:1903054),1/10,0.18546298152809074,5.373113724669346,9.053159192967247,TNFRSF1B,1.0
GO_Biological_Process_2021,cellular response to hydroxyurea (GO:0072711),1/10,0.18546298152809074,5.373113724669346,9.053159192967247,DDI2,1.0
GO_Biological_Process_2021,DNA replication-dependent nucleosome assembly (GO:0006335),1/10,0.18546298152809074,5.373113724669346,9.053159192967247,RBBP4,1.0
GO_Biological_Process_2021,negative regulation of transcription by competitive promoter binding (GO:0010944),1/10,0.18546298152809074,5.373113724669346,9.053159192967247,MAD2L2,1.0
GO_Biological_Process_2021,negative regulation of cell-cell adhesion mediated by cadherin (GO:2000048),1/10,0.18546298152809074,5.373113724669346,9.053159192967247,MAD2L2,1.0
GO_Biological_Process_2021,acetyl-CoA biosynthetic process (GO:0006085),1/10,0.18546298152809074,5.373113724669346,9.053159192967247,PPCS,1.0
GO_Biological_Process_2021,negative regulation of secretion by cell (GO:1903531),2/39,0.18736053896780133,2.6166710631410024,4.382192677725083,TNFRSF1B;VAMP3,1.0
GO_Biological_Process_2021,DNA replication-independent nucleosome assembly (GO:0006336),2/39,0.18736053896780133,2.6166710631410024,4.382192677725083,CENPS;RBBP4,1.0
GO_Biological_Process_2021,replication fork processing (GO:0031297),2/39,0.18736053896780133,2.6166710631410024,4.382192677725083,CENPS;CORT,1.0
GO_Biological_Process_2021,regulation of receptor-mediated endocytosis (GO:0048259),2/39,0.18736053896780133,2.6166710631410024,4.382192677725083,LDLRAP1;PPT1,1.0
GO_Biological_Process_2021,regulation of cellular component biogenesis (GO:0044087),2/39,0.18736053896780133,2.6166710631410024,4.382192677725083,PINK1;TIE1,1.0
GO_Biological_Process_2021,regulation of cytokine production (GO:0001817),5/150,0.19003933796650108,1.6724567482145967,2.777154880989311,ERMAP;FGR;ISG15;PIK3CD;TNFRSF1B,1.0
GO_Biological_Process_2021,proteolysis involved in cellular protein catabolic process (GO:0051603),3/74,0.19016229869467033,2.046936657347184,3.3976638308298988,DDI2;FBXO44;ISG15,1.0
GO_Biological_Process_2021,phosphorylation (GO:0016310),11/400,0.19224296452508563,1.3748657366292818,2.267147092069214,CDK11A;CDK11B;EPHB2;FGR;MAP3K6;MTOR;NADK;PIK3CD;PINK1;PRKCZ;TESK2,1.0
GO_Biological_Process_2021,protein-containing complex subunit organization (GO:0043933),4/112,0.19336354167616687,1.7952828012966322,2.9499785854951894,PEX14;PPIH;SLC2A1;VAMP3,1.0
GO_Biological_Process_2021,negative regulation of cell-substrate adhesion (GO:0010812),2/40,0.1947375547738329,2.547681022139214,4.168267289202346,AJAP1;RCC2,1.0
GO_Biological_Process_2021,response to organonitrogen compound (GO:0010243),2/40,0.1947375547738329,2.547681022139214,4.168267289202346,MTOR;RRAGC,1.0
GO_Biological_Process_2021,bone development (GO:0060348),2/40,0.1947375547738329,2.547681022139214,4.168267289202346,P3H1;SKI,1.0
GO_Biological_Process_2021,fatty acid derivative biosynthetic process (GO:1901570),2/40,0.1947375547738329,2.547681022139214,4.168267289202346,HMGCL;PPT1,1.0
GO_Biological_Process_2021,positive regulation of catalytic activity (GO:0043085),2/40,0.1947375547738329,2.547681022139214,4.168267289202346,AZIN2;PHACTR4,1.0
GO_Biological_Process_2021,nucleic acid phosphodiester bond hydrolysis (GO:0090305),3/75,0.1953277966477002,2.0184035903208377,3.296206710499515,PNRC2;RPA2;ZC3H12A,1.0
GO_Biological_Process_2021,regulation of hematopoietic progenitor cell differentiation (GO:1901532),3/75,0.1953277966477002,2.0184035903208377,3.296206710499515,PSMB2;TP73;YTHDF2,1.0
GO_Biological_Process_2021,ribosome biogenesis (GO:0042254),6/192,0.1965140440276613,1.5651612520000011,2.546550819131169,EBNA1BP2;EXOSC10;MRTO4;NOC2L;NOL9;UTP11,1.0
GO_Biological_Process_2021,cellular protein modification process (GO:0006464),25/1025,0.19767510184433776,1.220078708790585,1.9779068021141,CDK11A;CDK11B;DDOST;FBXO2;FBXO44;FBXO6;FGR;ICMT;ISG15;KLHL21;MAP3K6;MTOR;MXRA8;P3H1;PIK3CD;PINK1;PRKCZ;PSMB2;PTPRF;PTPRU;SPSB1;ST3GAL3;TESK2;VWA1;WDTC1,1.0
GO_Biological_Process_2021,water-soluble vitamin metabolic process (GO:0006767),3/76,0.20052747614989422,1.9906522511582265,3.198588006678188,MMACHC;MTHFR;SLC2A1,1.0
GO_Biological_Process_2021,regulation of epithelial to mesenchymal transition (GO:0010717),3/76,0.20052747614989422,1.9906522511582265,3.198588006678188,MAD2L2;MTOR;PDPN,1.0
GO_Biological_Process_2021,chloride transport (GO:0006821),3/76,0.20052747614989422,1.9906522511582265,3.198588006678188,CLCN6;CLIC4;GABRD,1.0
GO_Biological_Process_2021,RNA transport (GO:0050658),3/76,0.20052747614989422,1.9906522511582265,3.198588006678188,SRRM1;SRSF4;YBX1,1.0
GO_Biological_Process_2021,regulation of cell division (GO:0051302),3/76,0.20052747614989422,1.9906522511582265,3.198588006678188,KDF1;KLHL21;PLK3,1.0
GO_Biological_Process_2021,histone modification (GO:0016570),4/114,0.2016789938202376,1.7624603822092626,2.821836517577106,EYA3;HDAC1;KDM4A;PADI2,1.0
GO_Biological_Process_2021,positive regulation of kinase activity (GO:0033674),4/114,0.2016789938202376,1.7624603822092626,2.821836517577106,EPHA10;EPHA2;EPHB2;TIE1,1.0
GO_Biological_Process_2021,aminoglycan metabolic process (GO:0006022),1/11,0.20200635468965122,4.83555543862826,7.734258755464824,B3GALT6,1.0
GO_Biological_Process_2021,regulation of coagulation (GO:0050818),1/11,0.20200635468965122,4.83555543862826,7.734258755464824,EPHB2,1.0
GO_Biological_Process_2021,response to hydroxyurea (GO:0072710),1/11,0.20200635468965122,4.83555543862826,7.734258755464824,DDI2,1.0
GO_Biological_Process_2021,"DNA damage response, signal transduction resulting in transcription (GO:0042772)",1/11,0.20200635468965122,4.83555543862826,7.734258755464824,MAD2L2,1.0
GO_Biological_Process_2021,rhodopsin mediated signaling pathway (GO:0016056),1/11,0.20200635468965122,4.83555543862826,7.734258755464824,GNB1,1.0
GO_Biological_Process_2021,cellular response to superoxide (GO:0071451),1/11,0.20200635468965122,4.83555543862826,7.734258755464824,PRDX1,1.0
GO_Biological_Process_2021,negative regulation of oxidative stress-induced neuron death (GO:1903204),1/11,0.20200635468965122,4.83555543862826,7.734258755464824,PINK1,1.0
GO_Biological_Process_2021,negative regulation of nuclear division (GO:0051784),1/11,0.20200635468965122,4.83555543862826,7.734258755464824,AURKAIP1,1.0
GO_Biological_Process_2021,negative regulation of defense response to virus (GO:0050687),1/11,0.20200635468965122,4.83555543862826,7.734258755464824,MUL1,1.0
GO_Biological_Process_2021,negative regulation of activin receptor signaling pathway (GO:0032926),1/11,0.20200635468965122,4.83555543862826,7.734258755464824,SKI,1.0
GO_Biological_Process_2021,enteric nervous system development (GO:0048484),1/11,0.20200635468965122,4.83555543862826,7.734258755464824,PHACTR4,1.0
GO_Biological_Process_2021,positive regulation of actin nucleation (GO:0051127),1/11,0.20200635468965122,4.83555543862826,7.734258755464824,WASF2,1.0
GO_Biological_Process_2021,regulation of T cell mediated immunity (GO:0002709),1/11,0.20200635468965122,4.83555543862826,7.734258755464824,TNFRSF1B,1.0
GO_Biological_Process_2021,negative regulation of T-helper cell differentiation (GO:0045623),1/11,0.20200635468965122,4.83555543862826,7.734258755464824,ZC3H12A,1.0
GO_Biological_Process_2021,phosphorylated carbohydrate dephosphorylation (GO:0046838),1/11,0.20200635468965122,4.83555543862826,7.734258755464824,INPP5B,1.0
GO_Biological_Process_2021,Notch signaling involved in heart development (GO:0061314),1/11,0.20200635468965122,4.83555543862826,7.734258755464824,HEYL,1.0
GO_Biological_Process_2021,regulation of T-helper 2 cell cytokine production (GO:2000551),1/11,0.20200635468965122,4.83555543862826,7.734258755464824,PRKCZ,1.0
GO_Biological_Process_2021,positive regulation of posttranscriptional gene silencing (GO:0060148),1/11,0.20200635468965122,4.83555543862826,7.734258755464824,PUM1,1.0
GO_Biological_Process_2021,response to prostaglandin E (GO:0034695),1/11,0.20200635468965122,4.83555543862826,7.734258755464824,GNB1,1.0
GO_Biological_Process_2021,positive regulation of lipid localization (GO:1905954),1/11,0.20200635468965122,4.83555543862826,7.734258755464824,ZC3H12A,1.0
GO_Biological_Process_2021,positive regulation of myelination (GO:0031643),1/11,0.20200635468965122,4.83555543862826,7.734258755464824,TNFRSF1B,1.0
GO_Biological_Process_2021,positive regulation of neuroblast proliferation (GO:0002052),1/11,0.20200635468965122,4.83555543862826,7.734258755464824,KDM1A,1.0
GO_Biological_Process_2021,positive regulation of interleukin-13 production (GO:0032736),1/11,0.20200635468965122,4.83555543862826,7.734258755464824,PRKCZ,1.0
GO_Biological_Process_2021,positive regulation of leukocyte apoptotic process (GO:2000108),1/11,0.20200635468965122,4.83555543862826,7.734258755464824,PIK3CD,1.0
GO_Biological_Process_2021,positive regulation of triglyceride biosynthetic process (GO:0010867),1/11,0.20200635468965122,4.83555543862826,7.734258755464824,MFSD2A,1.0
GO_Biological_Process_2021,calcineurin-NFAT signaling cascade (GO:0033173),1/11,0.20200635468965122,4.83555543862826,7.734258755464824,ADGRB2,1.0
GO_Biological_Process_2021,mitochondrial transcription (GO:0006390),1/11,0.20200635468965122,4.83555543862826,7.734258755464824,SLC25A33,1.0
GO_Biological_Process_2021,hepatocyte growth factor receptor signaling pathway (GO:0048012),1/11,0.20200635468965122,4.83555543862826,7.734258755464824,STMN1,1.0
GO_Biological_Process_2021,positive regulation of voltage-gated potassium channel activity (GO:1903818),1/11,0.20200635468965122,4.83555543862826,7.734258755464824,RNF207,1.0
GO_Biological_Process_2021,protein localization to phagophore assembly site (GO:0034497),1/11,0.20200635468965122,4.83555543862826,7.734258755464824,MFN2,1.0
GO_Biological_Process_2021,nucleus localization (GO:0051647),1/11,0.20200635468965122,4.83555543862826,7.734258755464824,MTOR,1.0
GO_Biological_Process_2021,inositol phosphate dephosphorylation (GO:0046855),1/11,0.20200635468965122,4.83555543862826,7.734258755464824,INPP5B,1.0
GO_Biological_Process_2021,lipoprotein catabolic process (GO:0042159),1/11,0.20200635468965122,4.83555543862826,7.734258755464824,PPT1,1.0
GO_Biological_Process_2021,regulation of mitochondrial depolarization (GO:0051900),1/11,0.20200635468965122,4.83555543862826,7.734258755464824,IFI6,1.0
GO_Biological_Process_2021,regulation of mitochondrial fusion (GO:0010635),1/11,0.20200635468965122,4.83555543862826,7.734258755464824,MUL1,1.0
GO_Biological_Process_2021,regulation of mesenchymal cell proliferation (GO:0010464),1/11,0.20200635468965122,4.83555543862826,7.734258755464824,CTNNBIP1,1.0
GO_Biological_Process_2021,regulation of lamellipodium morphogenesis (GO:2000392),1/11,0.20200635468965122,4.83555543862826,7.734258755464824,PDPN,1.0
GO_Biological_Process_2021,tetrahydrofolate metabolic process (GO:0046653),1/11,0.20200635468965122,4.83555543862826,7.734258755464824,MTHFR,1.0
GO_Biological_Process_2021,T cell chemotaxis (GO:0010818),1/11,0.20200635468965122,4.83555543862826,7.734258755464824,PIK3CD,1.0
GO_Biological_Process_2021,regulation of biosynthetic process (GO:0009889),1/11,0.20200635468965122,4.83555543862826,7.734258755464824,SLC25A33,1.0
GO_Biological_Process_2021,regulation of pH (GO:0006885),1/11,0.20200635468965122,4.83555543862826,7.734258755464824,SLC9A1,1.0
GO_Biological_Process_2021,Golgi inheritance (GO:0048313),1/11,0.20200635468965122,4.83555543862826,7.734258755464824,PLK3,1.0
GO_Biological_Process_2021,Golgi to lysosome transport (GO:0090160),1/11,0.20200635468965122,4.83555543862826,7.734258755464824,LAPTM5,1.0
GO_Biological_Process_2021,hematopoietic stem cell proliferation (GO:0071425),1/11,0.20200635468965122,4.83555543862826,7.734258755464824,YTHDF2,1.0
GO_Biological_Process_2021,regulation of phospholipase activity (GO:0010517),1/11,0.20200635468965122,4.83555543862826,7.734258755464824,PLA2G5,1.0
GO_Biological_Process_2021,camera-type eye morphogenesis (GO:0048593),1/11,0.20200635468965122,4.83555543862826,7.734258755464824,SKI,1.0
GO_Biological_Process_2021,negative regulation of lymphocyte migration (GO:2000402),1/11,0.20200635468965122,4.83555543862826,7.734258755464824,PADI2,1.0
GO_Biological_Process_2021,keratinocyte differentiation (GO:0030216),2/41,0.20215058191029814,2.4822289319580295,3.968444650684286,CLIC4;EPHA2,1.0
GO_Biological_Process_2021,regulation of filopodium assembly (GO:0051489),2/41,0.20215058191029814,2.4822289319580295,3.968444650684286,AGRN;CAPZB,1.0
GO_Biological_Process_2021,regulation of protein dephosphorylation (GO:0035304),2/41,0.20215058191029814,2.4822289319580295,3.968444650684286,CAMTA1;PPP1R8,1.0
GO_Biological_Process_2021,hexose metabolic process (GO:0019318),2/41,0.20215058191029814,2.4822289319580295,3.968444650684286,AKR1A1;FUCA1,1.0
GO_Biological_Process_2021,regulation of cell development (GO:0060284),2/41,0.20215058191029814,2.4822289319580295,3.968444650684286,HEYL;YTHDF2,1.0
GO_Biological_Process_2021,regulation of response to DNA damage stimulus (GO:2001020),2/41,0.20215058191029814,2.4822289319580295,3.968444650684286,CASP9;RPA2,1.0
GO_Biological_Process_2021,cellular response to tumor necrosis factor (GO:0071356),6/194,0.20278061657298085,1.5483510259188842,2.4705962623483684,PSMB2;TNFRSF14;TNFRSF18;TNFRSF1B;TNFRSF25;ZC3H12A,1.0
GO_Biological_Process_2021,cellular response to UV (GO:0034644),3/77,0.205759671811474,1.9636509481891993,3.1046233271749486,CASP9;KDM1A;NOC2L,1.0
GO_Biological_Process_2021,proteasome-mediated ubiquitin-dependent protein catabolic process (GO:0043161),9/321,0.20707604740139438,1.40103658624593,2.206169124614469,FBXO2;FBXO44;FBXO6;HECTD3;PSMB2;SPSB1;UBE2J2;UBE4B;UBXN11,1.0
GO_Biological_Process_2021,histone H3 acetylation (GO:0043966),2/42,0.2095951327041718,2.420049446285905,3.781514931355623,MEAF6;TAF12,1.0
GO_Biological_Process_2021,positive regulation of epithelial to mesenchymal transition (GO:0010718),2/42,0.2095951327041718,2.420049446285905,3.781514931355623,MTOR;PDPN,1.0
GO_Biological_Process_2021,negative regulation of protein catabolic process (GO:0042177),2/42,0.2095951327041718,2.420049446285905,3.781514931355623,AZIN2;MAD2L2,1.0
GO_Biological_Process_2021,regulation of double-strand break repair (GO:2000779),2/42,0.2095951327041718,2.420049446285905,3.781514931355623,KDM1A;RPA2,1.0
GO_Biological_Process_2021,cellular respiration (GO:0045333),2/42,0.2095951327041718,2.420049446285905,3.781514931355623,MTFR1L;SDHB,1.0
GO_Biological_Process_2021,regulation of DNA recombination (GO:0000018),2/42,0.2095951327041718,2.420049446285905,3.781514931355623,KDM1A;RPA2,1.0
GO_Biological_Process_2021,negative regulation of intracellular signal transduction (GO:1902532),6/198,0.21552697432338938,1.5157812128867199,2.3262227510528803,EPHA2;MUL1;NOC2L;OTUD3;PINK1;ZC3H12A,1.0
GO_Biological_Process_2021,positive regulation of ubiquitin-dependent protein catabolic process (GO:2000060),3/79,0.2163150305305594,1.9117800240644895,2.926972418477339,DVL1;LAPTM5;RNF19B,1.0
GO_Biological_Process_2021,mRNA 3'-end processing (GO:0031124),3/79,0.2163150305305594,1.9117800240644895,2.926972418477339,SRRM1;SRSF4;SSU72,1.0
GO_Biological_Process_2021,positive regulation of proteasomal ubiquitin-dependent protein catabolic process (GO:0032436),3/79,0.2163150305305594,1.9117800240644895,2.926972418477339,DVL1;PLK3;RNF19B,1.0
GO_Biological_Process_2021,"negative regulation of transcription, DNA-templated (GO:0045892)",23/948,0.21690945848349752,1.2120160582001311,1.8522941498316152,DMAP1;ENO1;HDAC1;HEYL;ID3;KDM1A;KDM4A;KHDRBS1;MAD2L2;NOC2L;PER3;PEX14;PHC2;PLK3;PRDM2;SAMD11;SCMH1;SFPQ;SKI;SPEN;ZFP69;ZNF436;ZNF684,1.0
GO_Biological_Process_2021,natural killer cell activation (GO:0030101),2/43,0.2170668859975303,2.360903106256323,3.606396932103757,PIK3CD;PRDX1,1.0
GO_Biological_Process_2021,DNA-dependent DNA replication maintenance of fidelity (GO:0045005),2/43,0.2170668859975303,2.360903106256323,3.606396932103757,CENPS;CORT,1.0
GO_Biological_Process_2021,positive regulation of neuron differentiation (GO:0045666),2/43,0.2170668859975303,2.360903106256323,3.606396932103757,HEYL;NBL1,1.0
GO_Biological_Process_2021,negative regulation of type I interferon production (GO:0032480),2/43,0.2170668859975303,2.360903106256323,3.606396932103757,GPATCH3;ISG15,1.0
GO_Biological_Process_2021,homocysteine metabolic process (GO:0050667),1/12,0.2182145401914772,4.395735022776464,6.691524436670892,MTHFR,1.0
GO_Biological_Process_2021,magnesium ion transport (GO:0015693),1/12,0.2182145401914772,4.395735022776464,6.691524436670892,NIPAL3,1.0
GO_Biological_Process_2021,regulation of alcohol biosynthetic process (GO:1902930),1/12,0.2182145401914772,4.395735022776464,6.691524436670892,H6PD,1.0
GO_Biological_Process_2021,maintenance of protein localization in endoplasmic reticulum (GO:0035437),1/12,0.2182145401914772,4.395735022776464,6.691524436670892,RER1,1.0
GO_Biological_Process_2021,urogenital system development (GO:0001655),1/12,0.2182145401914772,4.395735022776464,6.691524436670892,EPHB2,1.0
GO_Biological_Process_2021,pyrimidine nucleobase metabolic process (GO:0006206),1/12,0.2182145401914772,4.395735022776464,6.691524436670892,CTPS1,1.0
GO_Biological_Process_2021,very-low-density lipoprotein particle assembly (GO:0034379),1/12,0.2182145401914772,4.395735022776464,6.691524436670892,MFSD2A,1.0
GO_Biological_Process_2021,microtubule anchoring (GO:0034453),1/12,0.2182145401914772,4.395735022776464,6.691524436670892,PEX14,1.0
GO_Biological_Process_2021,negative regulation of heart contraction (GO:0045822),1/12,0.2182145401914772,4.395735022776464,6.691524436670892,ZC3H12A,1.0
GO_Biological_Process_2021,negative regulation of fatty acid biosynthetic process (GO:0045717),1/12,0.2182145401914772,4.395735022776464,6.691524436670892,WDTC1,1.0
GO_Biological_Process_2021,regulation of RNA export from nucleus (GO:0046831),1/12,0.2182145401914772,4.395735022776464,6.691524436670892,KHDRBS1,1.0
GO_Biological_Process_2021,negative regulation of histone acetylation (GO:0035067),1/12,0.2182145401914772,4.395735022776464,6.691524436670892,NOC2L,1.0
GO_Biological_Process_2021,phospholipid homeostasis (GO:0055091),1/12,0.2182145401914772,4.395735022776464,6.691524436670892,FABP3,1.0
GO_Biological_Process_2021,negative regulation by host of viral process (GO:0044793),1/12,0.2182145401914772,4.395735022776464,6.691524436670892,ZC3H12A,1.0
GO_Biological_Process_2021,depurination (GO:0045007),1/12,0.2182145401914772,4.395735022776464,6.691524436670892,MUTYH,1.0
GO_Biological_Process_2021,negative regulation of gene silencing by miRNA (GO:0060965),1/12,0.2182145401914772,4.395735022776464,6.691524436670892,ZC3H12A,1.0
GO_Biological_Process_2021,regulation of plasminogen activation (GO:0010755),1/12,0.2182145401914772,4.395735022776464,6.691524436670892,ENO1,1.0
GO_Biological_Process_2021,inositol phosphate catabolic process (GO:0071545),1/12,0.2182145401914772,4.395735022776464,6.691524436670892,INPP5B,1.0
GO_Biological_Process_2021,regulation of B cell apoptotic process (GO:0002902),1/12,0.2182145401914772,4.395735022776464,6.691524436670892,NOC2L,1.0
GO_Biological_Process_2021,C-terminal protein amino acid modification (GO:0018410),1/12,0.2182145401914772,4.395735022776464,6.691524436670892,ICMT,1.0
GO_Biological_Process_2021,negative regulation of production of miRNAs involved in gene silencing by miRNA (GO:1903799),1/12,0.2182145401914772,4.395735022776464,6.691524436670892,ZC3H12A,1.0
GO_Biological_Process_2021,presynapse organization (GO:0099172),1/12,0.2182145401914772,4.395735022776464,6.691524436670892,DVL1,1.0
GO_Biological_Process_2021,axonal fasciculation (GO:0007413),1/12,0.2182145401914772,4.395735022776464,6.691524436670892,EPHB2,1.0
GO_Biological_Process_2021,regulation of histone H3-K9 methylation (GO:0051570),1/12,0.2182145401914772,4.395735022776464,6.691524436670892,KDM1A,1.0
GO_Biological_Process_2021,regulation of oxidative stress-induced cell death (GO:1903201),1/12,0.2182145401914772,4.395735022776464,6.691524436670892,PINK1,1.0
GO_Biological_Process_2021,phagolysosome assembly (GO:0001845),1/12,0.2182145401914772,4.395735022776464,6.691524436670892,PLA2G5,1.0
GO_Biological_Process_2021,sno(s)RNA 3'-end processing (GO:0031126),1/12,0.2182145401914772,4.395735022776464,6.691524436670892,EXOSC10,1.0
GO_Biological_Process_2021,regulation of keratinocyte migration (GO:0051547),1/12,0.2182145401914772,4.395735022776464,6.691524436670892,MTOR,1.0
GO_Biological_Process_2021,mitochondrial genome maintenance (GO:0000002),1/12,0.2182145401914772,4.395735022776464,6.691524436670892,SLC25A33,1.0
GO_Biological_Process_2021,calcineurin-mediated signaling (GO:0097720),1/12,0.2182145401914772,4.395735022776464,6.691524436670892,ADGRB2,1.0
GO_Biological_Process_2021,calcium ion-regulated exocytosis of neurotransmitter (GO:0048791),1/12,0.2182145401914772,4.395735022776464,6.691524436670892,RIMS3,1.0
GO_Biological_Process_2021,negative regulation of microtubule polymerization (GO:0031115),1/12,0.2182145401914772,4.395735022776464,6.691524436670892,STMN1,1.0
GO_Biological_Process_2021,regulation of cellular response to stress (GO:0080135),4/118,0.2186168501362065,1.700270535517404,2.585150192639748,CASP9;MTOR;PINK1;RPA2,1.0
GO_Biological_Process_2021,intracellular steroid hormone receptor signaling pathway (GO:0030518),2/44,0.22456168226454779,2.3045732586091012,3.4421218090878454,ARID1A;PADI2,1.0
GO_Biological_Process_2021,intracellular protein transmembrane transport (GO:0065002),2/44,0.22456168226454779,2.3045732586091012,3.4421218090878454,PEX10;PEX14,1.0
GO_Biological_Process_2021,cation transmembrane transport (GO:0098655),2/44,0.22456168226454779,2.3045732586091012,3.4421218090878454,ATP13A2;SLC6A9,1.0
GO_Biological_Process_2021,branching morphogenesis of an epithelial tube (GO:0048754),2/44,0.22456168226454779,2.3045732586091012,3.4421218090878454,EPHA2;TIE1,1.0
GO_Biological_Process_2021,mRNA stabilization (GO:0048255),2/44,0.22456168226454779,2.3045732586091012,3.4421218090878454,THRAP3;YBX1,1.0
GO_Biological_Process_2021,positive regulation of receptor-mediated endocytosis (GO:0048260),2/44,0.22456168226454779,2.3045732586091012,3.4421218090878454,LDLRAP1;PPT1,1.0
GO_Biological_Process_2021,positive regulation of transcription by RNA polymerase II (GO:0045944),22/908,0.22508513191645327,1.2097206237710312,1.8040280397336672,AGO1;AGRN;AKIRIN1;CITED4;DVL1;FOXJ3;HDAC1;HEYL;KDM1A;MTF1;PRDM2;RLF;SFPQ;SKI;SLC9A1;THAP3;THRAP3;TP73;YBX1;ZBTB17;ZC3H12A;ZNF593,1.0
GO_Biological_Process_2021,modification-dependent protein catabolic process (GO:0019941),6/201,0.22526274716823394,1.492230732694232,2.224151691260501,ISG15;PINK1;RNF19B;SPSB1;UBE4B;UBR4,1.0
GO_Biological_Process_2021,activation of cysteine-type endopeptidase activity involved in apoptotic process (GO:0006919),3/81,0.2269808823043681,1.8625691473307906,2.761984201745347,CASP9;LAPTM5;MUL1,1.0
GO_Biological_Process_2021,proteolysis (GO:0006508),8/287,0.22966402951403192,1.3915455070836984,2.047155166981452,DDI2;ECE1;FBXO2;FBXO6;MMP23B;SVBP;TINAGL1;ZMPSTE24,1.0
GO_Biological_Process_2021,axon guidance (GO:0007411),6/203,0.2318319694691647,1.4769288978483512,2.158889649747302,ARTN;EPHA10;EPHA2;EPHB2;PIK3CD;RAP1GAP,1.0
GO_Biological_Process_2021,regulation of angiogenesis (GO:0045765),6/203,0.2318319694691647,1.4769288978483512,2.158889649747302,AGO1;EPHA2;HSPG2;PIK3CD;TIE1;ZC3H12A,1.0
GO_Biological_Process_2021,chromosome condensation (GO:0030261),2/45,0.23207551885733127,2.2508634038757043,3.287819175447391,DFFB;PHF13,1.0
GO_Biological_Process_2021,neural crest cell development (GO:0014032),2/45,0.23207551885733127,2.2508634038757043,3.287819175447391,PEF1;PHACTR4,1.0
GO_Biological_Process_2021,regulation of insulin receptor signaling pathway (GO:0046626),2/45,0.23207551885733127,2.2508634038757043,3.287819175447391,C1QTNF12;PRKCZ,1.0
GO_Biological_Process_2021,ephrin receptor signaling pathway (GO:0048013),3/82,0.23235126231040784,1.8388980926993912,2.6838809436260913,EPHA10;EPHA2;EPHB2,1.0
GO_Biological_Process_2021,rRNA metabolic process (GO:0016072),5/162,0.2334475659801272,1.543672627768699,2.2457315179760693,EBNA1BP2;EXOSC10;MRTO4;NOL9;UTP11,1.0
GO_Biological_Process_2021,cellular biogenic amine metabolic process (GO:0006576),1/13,0.2340943128892089,4.029218009566634,5.850550254605861,SRM,1.0
GO_Biological_Process_2021,negative regulation of histone methylation (GO:0031061),1/13,0.2340943128892089,4.029218009566634,5.850550254605861,KDM1A,1.0
GO_Biological_Process_2021,negative regulation of myotube differentiation (GO:0010832),1/13,0.2340943128892089,4.029218009566634,5.850550254605861,HDAC1,1.0
GO_Biological_Process_2021,negative regulation of gluconeogenesis (GO:0045721),1/13,0.2340943128892089,4.029218009566634,5.850550254605861,C1QTNF12,1.0
GO_Biological_Process_2021,sodium ion export across plasma membrane (GO:0036376),1/13,0.2340943128892089,4.029218009566634,5.850550254605861,SLC9A1,1.0
GO_Biological_Process_2021,central nervous system neuron axonogenesis (GO:0021955),1/13,0.2340943128892089,4.029218009566634,5.850550254605861,EPHB2,1.0
GO_Biological_Process_2021,DNA catabolic process (GO:0006308),1/13,0.2340943128892089,4.029218009566634,5.850550254605861,DFFB,1.0
GO_Biological_Process_2021,negative regulation of substrate adhesion-dependent cell spreading (GO:1900025),1/13,0.2340943128892089,4.029218009566634,5.850550254605861,RCC2,1.0
GO_Biological_Process_2021,negative regulation of stem cell differentiation (GO:2000737),1/13,0.2340943128892089,4.029218009566634,5.850550254605861,YTHDF2,1.0
GO_Biological_Process_2021,spliceosomal tri-snRNP complex assembly (GO:0000244),1/13,0.2340943128892089,4.029218009566634,5.850550254605861,SRSF10,1.0
GO_Biological_Process_2021,negative regulation of mononuclear cell migration (GO:0071676),1/13,0.2340943128892089,4.029218009566634,5.850550254605861,NBL1,1.0
GO_Biological_Process_2021,"endonucleolytic cleavage of tricistronic rRNA transcript (SSU-rRNA, 5.8S rRNA, LSU-rRNA) (GO:0000479)",1/13,0.2340943128892089,4.029218009566634,5.850550254605861,NOL9,1.0
GO_Biological_Process_2021,embryonic appendage morphogenesis (GO:0035113),1/13,0.2340943128892089,4.029218009566634,5.850550254605861,SKI,1.0
GO_Biological_Process_2021,negative regulation of epidermal growth factor-activated receptor activity (GO:0007175),1/13,0.2340943128892089,4.029218009566634,5.850550254605861,ERRFI1,1.0
GO_Biological_Process_2021,negative regulation of cellular senescence (GO:2000773),1/13,0.2340943128892089,4.029218009566634,5.850550254605861,YBX1,1.0
GO_Biological_Process_2021,negative regulation of cell morphogenesis involved in differentiation (GO:0010771),1/13,0.2340943128892089,4.029218009566634,5.850550254605861,RCC2,1.0
GO_Biological_Process_2021,polyamine metabolic process (GO:0006595),1/13,0.2340943128892089,4.029218009566634,5.850550254605861,SRM,1.0
GO_Biological_Process_2021,glucose import (GO:0046323),1/13,0.2340943128892089,4.029218009566634,5.850550254605861,SLC2A1,1.0
GO_Biological_Process_2021,pseudouridine synthesis (GO:0001522),1/13,0.2340943128892089,4.029218009566634,5.850550254605861,PUSL1,1.0
GO_Biological_Process_2021,DNA replication-independent nucleosome organization (GO:0034724),1/13,0.2340943128892089,4.029218009566634,5.850550254605861,RBBP4,1.0
GO_Biological_Process_2021,myelination in peripheral nervous system (GO:0022011),1/13,0.2340943128892089,4.029218009566634,5.850550254605861,SKI,1.0
GO_Biological_Process_2021,regulation of oxidoreductase activity (GO:0051341),1/13,0.2340943128892089,4.029218009566634,5.850550254605861,SZT2,1.0
GO_Biological_Process_2021,negative regulation by host of viral transcription (GO:0043922),1/13,0.2340943128892089,4.029218009566634,5.850550254605861,HDAC1,1.0
GO_Biological_Process_2021,positive regulation of steroid metabolic process (GO:0045940),1/13,0.2340943128892089,4.029218009566634,5.850550254605861,LDLRAP1,1.0
GO_Biological_Process_2021,negative regulation of autophagosome assembly (GO:1902902),1/13,0.2340943128892089,4.029218009566634,5.850550254605861,PINK1,1.0
GO_Biological_Process_2021,negative regulation of intrinsic apoptotic signaling pathway in response to DNA damage by p53 class mediator (GO:1902166),1/13,0.2340943128892089,4.029218009566634,5.850550254605861,KDM1A,1.0
GO_Biological_Process_2021,positive regulation of mRNA metabolic process (GO:1903313),1/13,0.2340943128892089,4.029218009566634,5.850550254605861,ZC3H12A,1.0
GO_Biological_Process_2021,regulation of nucleocytoplasmic transport (GO:0046822),1/13,0.2340943128892089,4.029218009566634,5.850550254605861,KHDRBS1,1.0
GO_Biological_Process_2021,regulation of histone modification (GO:0031056),1/13,0.2340943128892089,4.029218009566634,5.850550254605861,MTHFR,1.0
GO_Biological_Process_2021,regulation of lysosomal lumen pH (GO:0035751),1/13,0.2340943128892089,4.029218009566634,5.850550254605861,PPT1,1.0
GO_Biological_Process_2021,regulation of interleukin-5 production (GO:0032674),1/13,0.2340943128892089,4.029218009566634,5.850550254605861,PRKCZ,1.0
GO_Biological_Process_2021,very long-chain fatty acid biosynthetic process (GO:0042761),1/13,0.2340943128892089,4.029218009566634,5.850550254605861,ELOVL1,1.0
GO_Biological_Process_2021,transcription preinitiation complex assembly (GO:0070897),1/13,0.2340943128892089,4.029218009566634,5.850550254605861,TAF12,1.0
GO_Biological_Process_2021,alpha-linolenic acid metabolic process (GO:0036109),1/13,0.2340943128892089,4.029218009566634,5.850550254605861,ELOVL1,1.0
GO_Biological_Process_2021,icosanoid secretion (GO:0032309),1/13,0.2340943128892089,4.029218009566634,5.850550254605861,PLA2G5,1.0
GO_Biological_Process_2021,fatty acid elongation (GO:0030497),1/13,0.2340943128892089,4.029218009566634,5.850550254605861,ELOVL1,1.0
GO_Biological_Process_2021,regulation of mRNA catabolic process (GO:0061013),4/122,0.2359196472891035,1.642296949618214,2.371910377279252,PSMB2;PUM1;YTHDF2;ZC3H12A,1.0
GO_Biological_Process_2021,glycoprotein biosynthetic process (GO:0009101),3/83,0.23774452669253987,1.8158188144337766,2.608530132271158,B3GALT6;DDOST;ST3GAL3,1.0
GO_Biological_Process_2021,epidermis development (GO:0008544),3/83,0.23774452669253987,1.8158188144337766,2.608530132271158,HDAC1;PLOD1;YBX1,1.0
GO_Biological_Process_2021,spliceosomal complex assembly (GO:0000245),2/46,0.2396045453773967,2.1995949061756437,3.142705188849947,SF3A3;SRSF10,1.0
GO_Biological_Process_2021,alpha-amino acid metabolic process (GO:1901605),2/46,0.2396045453773967,2.1995949061756437,3.142705188849947,MTHFR;RIMKLA,1.0
GO_Biological_Process_2021,positive regulation of smooth muscle cell proliferation (GO:0048661),2/46,0.2396045453773967,2.1995949061756437,3.142705188849947,LDLRAP1;MFN2,1.0
GO_Biological_Process_2021,regulation of anatomical structure morphogenesis (GO:0022603),4/123,0.24029616796781408,1.6284125193818535,2.3219258639131293,CAPZB;EPHA2;ZMYM4;ZMYM6,1.0
GO_Biological_Process_2021,double-strand break repair (GO:0006302),5/164,0.2409452018121598,1.524098521411618,2.1690752968402647,EYA3;KDM4A;MAD2L2;RPA2;SFPQ,1.0
GO_Biological_Process_2021,vascular transport (GO:0010232),3/84,0.24315913644380605,1.7933093948907697,2.5358097238190243,MFSD2A;SLC2A1;SLC6A9,1.0
GO_Biological_Process_2021,regulation of protein localization to nucleus (GO:1900180),2/47,0.24714505916966897,2.1506050083733634,3.006072304399674,ATP13A2;SESN2,1.0
GO_Biological_Process_2021,polyol metabolic process (GO:0019751),2/47,0.24714505916966897,2.1506050083733634,3.006072304399674,INPP5B;PLCH2,1.0
GO_Biological_Process_2021,regulation of T cell activation (GO:0050863),2/47,0.24714505916966897,2.1506050083733634,3.006072304399674,LAPTM5;TNFRSF1B,1.0
GO_Biological_Process_2021,regulation of wound healing (GO:0061041),2/47,0.24714505916966897,2.1506050083733634,3.006072304399674,AJAP1;EPHB2,1.0
GO_Biological_Process_2021,regulation of DNA binding (GO:0051101),2/47,0.24714505916966897,2.1506050083733634,3.006072304399674,KDM1A;SKI,1.0
GO_Biological_Process_2021,regulation of synapse assembly (GO:0051963),2/47,0.24714505916966897,2.1506050083733634,3.006072304399674,CLSTN1;EPHB2,1.0
GO_Biological_Process_2021,histone deacetylation (GO:0016575),2/47,0.24714505916966897,2.1506050083733634,3.006072304399674,HDAC1;SFPQ,1.0
GO_Biological_Process_2021,B cell activation (GO:0042113),3/85,0.24859357298362783,1.7713489855805193,2.4656043384832835,CTPS1;EPHB2;PIK3CD,1.0
GO_Biological_Process_2021,G1/S transition of mitotic cell cycle (GO:0000082),3/85,0.24859357298362783,1.7713489855805193,2.4656043384832835,KHDRBS1;PLK3;RCC1,1.0
GO_Biological_Process_2021,bone morphogenesis (GO:0060349),1/14,0.24965231103635377,3.7190882291583156,5.160926984389866,SKI,1.0
GO_Biological_Process_2021,cardiolipin metabolic process (GO:0032048),1/14,0.24965231103635377,3.7190882291583156,5.160926984389866,PLA2G5,1.0
GO_Biological_Process_2021,atrioventricular valve development (GO:0003171),1/14,0.24965231103635377,3.7190882291583156,5.160926984389866,HEYL,1.0
GO_Biological_Process_2021,covalent chromatin modification (GO:0016569),1/14,0.24965231103635377,3.7190882291583156,5.160926984389866,HDAC1,1.0
GO_Biological_Process_2021,respiratory electron transport chain (GO:0022904),1/14,0.24965231103635377,3.7190882291583156,5.160926984389866,SDHB,1.0
GO_Biological_Process_2021,positive regulation of leukocyte degranulation (GO:0043302),1/14,0.24965231103635377,3.7190882291583156,5.160926984389866,FGR,1.0
GO_Biological_Process_2021,vascular endothelial growth factor signaling pathway (GO:0038084),1/14,0.24965231103635377,3.7190882291583156,5.160926984389866,PIK3CD,1.0
GO_Biological_Process_2021,positive regulation of lymphocyte migration (GO:2000403),1/14,0.24965231103635377,3.7190882291583156,5.160926984389866,TNFRSF14,1.0
GO_Biological_Process_2021,positive regulation of long-term synaptic potentiation (GO:1900273),1/14,0.24965231103635377,3.7190882291583156,5.160926984389866,EPHB2,1.0
GO_Biological_Process_2021,antiviral innate immune response (GO:0140374),1/14,0.24965231103635377,3.7190882291583156,5.160926984389866,ATAD3A,1.0
GO_Biological_Process_2021,protein localization to kinetochore (GO:0034501),1/14,0.24965231103635377,3.7190882291583156,5.160926984389866,RCC2,1.0
GO_Biological_Process_2021,nuclear migration (GO:0007097),1/14,0.24965231103635377,3.7190882291583156,5.160926984389866,TMEM201,1.0
GO_Biological_Process_2021,regulation of retinoic acid receptor signaling pathway (GO:0048385),1/14,0.24965231103635377,3.7190882291583156,5.160926984389866,DHRS3,1.0
GO_Biological_Process_2021,response to chemokine (GO:1990868),1/14,0.24965231103635377,3.7190882291583156,5.160926984389866,ZC3H12A,1.0
GO_Biological_Process_2021,"negative regulation of DNA damage response, signal transduction by p53 class mediator (GO:0043518)",1/14,0.24965231103635377,3.7190882291583156,5.160926984389866,KDM1A,1.0
GO_Biological_Process_2021,sequestering of extracellular ligand from receptor (GO:0035581),1/14,0.24965231103635377,3.7190882291583156,5.160926984389866,NBL1,1.0
GO_Biological_Process_2021,negative regulation of secretion (GO:0051048),1/14,0.24965231103635377,3.7190882291583156,5.160926984389866,VAMP3,1.0
GO_Biological_Process_2021,positive regulation of brown fat cell differentiation (GO:0090336),1/14,0.24965231103635377,3.7190882291583156,5.160926984389866,FNDC5,1.0
GO_Biological_Process_2021,regulation of transcription of nucleolar large rRNA by RNA polymerase I (GO:1901836),1/14,0.24965231103635377,3.7190882291583156,5.160926984389866,MTOR,1.0
GO_Biological_Process_2021,positive regulation of sodium ion transmembrane transporter activity (GO:2000651),1/14,0.24965231103635377,3.7190882291583156,5.160926984389866,SLC9A1,1.0
GO_Biological_Process_2021,endothelial cell differentiation (GO:0045446),1/14,0.24965231103635377,3.7190882291583156,5.160926984389866,TIE1,1.0
GO_Biological_Process_2021,negative regulation of neuroinflammatory response (GO:0150079),1/14,0.24965231103635377,3.7190882291583156,5.160926984389866,TNFRSF1B,1.0
GO_Biological_Process_2021,ceramide transport (GO:0035627),1/14,0.24965231103635377,3.7190882291583156,5.160926984389866,CPTP,1.0
GO_Biological_Process_2021,quinone biosynthetic process (GO:1901663),1/14,0.24965231103635377,3.7190882291583156,5.160926984389866,UBIAD1,1.0
GO_Biological_Process_2021,carbohydrate transport (GO:0008643),1/14,0.24965231103635377,3.7190882291583156,5.160926984389866,SLC2A5,1.0
GO_Biological_Process_2021,cAMP metabolic process (GO:0046058),1/14,0.24965231103635377,3.7190882291583156,5.160926984389866,EPHA2,1.0
GO_Biological_Process_2021,synaptic membrane adhesion (GO:0099560),1/14,0.24965231103635377,3.7190882291583156,5.160926984389866,PTPRF,1.0
GO_Biological_Process_2021,heterochromatin organization (GO:0070828),1/14,0.24965231103635377,3.7190882291583156,5.160926984389866,HP1BP3,1.0
GO_Biological_Process_2021,immune response-regulating cell surface receptor signaling pathway (GO:0002768),1/14,0.24965231103635377,3.7190882291583156,5.160926984389866,FGR,1.0
GO_Biological_Process_2021,"maturation of LSU-rRNA from tricistronic rRNA transcript (SSU-rRNA, 5.8S rRNA, LSU-rRNA) (GO:0000463)",1/14,0.24965231103635377,3.7190882291583156,5.160926984389866,NOL9,1.0
GO_Biological_Process_2021,regulation of macrophage cytokine production (GO:0010935),1/14,0.24965231103635377,3.7190882291583156,5.160926984389866,LAPTM5,1.0
GO_Biological_Process_2021,heart process (GO:0003015),1/14,0.24965231103635377,3.7190882291583156,5.160926984389866,PPCS,1.0
GO_Biological_Process_2021,positive regulation of type 2 immune response (GO:0002830),1/14,0.24965231103635377,3.7190882291583156,5.160926984389866,PRKCZ,1.0
GO_Biological_Process_2021,positive regulation of transmembrane transport (GO:0034764),1/14,0.24965231103635377,3.7190882291583156,5.160926984389866,AZIN2,1.0
GO_Biological_Process_2021,negative regulation of viral transcription (GO:0032897),1/14,0.24965231103635377,3.7190882291583156,5.160926984389866,TRIM62,1.0
GO_Biological_Process_2021,regulation of fatty acid beta-oxidation (GO:0031998),1/14,0.24965231103635377,3.7190882291583156,5.160926984389866,MFSD2A,1.0
GO_Biological_Process_2021,positive regulation of T-helper cell differentiation (GO:0045624),1/14,0.24965231103635377,3.7190882291583156,5.160926984389866,PRKCZ,1.0
GO_Biological_Process_2021,nucleoside phosphate biosynthetic process (GO:1901293),1/14,0.24965231103635377,3.7190882291583156,5.160926984389866,NMNAT1,1.0
GO_Biological_Process_2021,intestinal absorption (GO:0050892),1/14,0.24965231103635377,3.7190882291583156,5.160926984389866,SLC2A5,1.0
GO_Biological_Process_2021,regulation of integrin-mediated signaling pathway (GO:2001044),1/14,0.24965231103635377,3.7190882291583156,5.160926984389866,PHACTR4,1.0
GO_Biological_Process_2021,regulation of intrinsic apoptotic signaling pathway in response to DNA damage by p53 class mediator (GO:1902165),1/14,0.24965231103635377,3.7190882291583156,5.160926984389866,KDM1A,1.0
GO_Biological_Process_2021,positive regulation of macrophage chemotaxis (GO:0010759),1/14,0.24965231103635377,3.7190882291583156,5.160926984389866,AKIRIN1,1.0
GO_Biological_Process_2021,regulation of histone methylation (GO:0031060),1/14,0.24965231103635377,3.7190882291583156,5.160926984389866,MTHFR,1.0
GO_Biological_Process_2021,low-density lipoprotein particle remodeling (GO:0034374),1/14,0.24965231103635377,3.7190882291583156,5.160926984389866,PLA2G5,1.0
GO_Biological_Process_2021,negative regulation of growth (GO:0045926),4/126,0.2535346025512317,1.5881249103353645,2.179312294915671,ENO1;MUL1;PPT1;SESN2,1.0
GO_Biological_Process_2021,negative regulation of cell growth (GO:0030308),4/126,0.2535346025512317,1.5881249103353645,2.179312294915671,ENO1;MUL1;PPT1;SESN2,1.0
GO_Biological_Process_2021,transport across blood-brain barrier (GO:0150104),3/86,0.25404633861710374,1.7499177427596722,2.397804825884151,MFSD2A;SLC2A1;SLC6A9,1.0
GO_Biological_Process_2021,regulation of neuron death (GO:1901214),3/86,0.25404633861710374,1.7499177427596722,2.397804825884151,ATP13A2;C1QA;TNFRSF1B,1.0
GO_Biological_Process_2021,regulation of interferon-gamma production (GO:0032649),3/86,0.25404633861710374,1.7499177427596722,2.397804825884151,ISG15;LAPTM5;ZC3H12A,1.0
GO_Biological_Process_2021,base-excision repair (GO:0006284),2/48,0.2546935009359511,2.103745106127704,2.877280429851786,MUTYH;RPA2,1.0
GO_Biological_Process_2021,inositol phosphate metabolic process (GO:0043647),2/48,0.2546935009359511,2.103745106127704,2.877280429851786,INPP5B;PLCH2,1.0
GO_Biological_Process_2021,establishment of protein localization to mitochondrion (GO:0072655),2/48,0.2546935009359511,2.103745106127704,2.877280429851786,MFN2;PINK1,1.0
GO_Biological_Process_2021,positive regulation of endocytosis (GO:0045807),2/48,0.2546935009359511,2.103745106127704,2.877280429851786,LDLRAP1;PPT1,1.0
GO_Biological_Process_2021,histone H4 acetylation (GO:0043967),2/48,0.2546935009359511,2.103745106127704,2.877280429851786,DMAP1;MEAF6,1.0
GO_Biological_Process_2021,regulation of interleukin-10 production (GO:0032653),2/48,0.2546935009359511,2.103745106127704,2.877280429851786,ISG15;PRKCZ,1.0
GO_Biological_Process_2021,regulation of canonical Wnt signaling pathway (GO:0060828),7/253,0.25575050364612434,1.3798316591846906,1.8814734671011861,DVL1;HDAC1;MAD2L2;NPHP4;PSMB2;PTPRU;RNF220,1.0
GO_Biological_Process_2021,regulation of nucleic acid-templated transcription (GO:1903506),11/430,0.25926897675298255,1.2744327649927598,1.7203430713291692,CDK11A;CDK11B;DVL1;HP1BP3;MYCBP;NFYC;PPIE;PRDM2;SFPQ;SRSF10;YBX1,1.0
GO_Biological_Process_2021,sodium ion transmembrane transport (GO:0035725),3/87,0.25951595695430363,1.728996767625036,2.3323078633484404,SCNN1D;SLC6A9;SLC9A1,1.0
GO_Biological_Process_2021,protein targeting to membrane (GO:0006612),3/87,0.25951595695430363,1.728996767625036,2.3323078633484404,ICMT;PEX14;ZDHHC18,1.0
GO_Biological_Process_2021,inner mitochondrial membrane organization (GO:0007007),2/49,0.26224645046489453,2.058879242275477,2.7557492662293295,DNAJC11;MICOS10,1.0
GO_Biological_Process_2021,negative regulation of catabolic process (GO:0009895),2/49,0.26224645046489453,2.058879242275477,2.7557492662293295,AZIN2;MAD2L2,1.0
GO_Biological_Process_2021,aflatoxin metabolic process (GO:0046222),1/15,0.2648950390319125,3.4532627030940426,4.587388801802879,AKR7A2,1.0
GO_Biological_Process_2021,androgen receptor signaling pathway (GO:0030521),1/15,0.2648950390319125,3.4532627030940426,4.587388801802879,ARID1A,1.0
GO_Biological_Process_2021,ubiquinone biosynthetic process (GO:0006744),1/15,0.2648950390319125,3.4532627030940426,4.587388801802879,UBIAD1,1.0
GO_Biological_Process_2021,regulation of lymphocyte activation (GO:0051249),1/15,0.2648950390319125,3.4532627030940426,4.587388801802879,THEMIS2,1.0
GO_Biological_Process_2021,mitochondrial RNA metabolic process (GO:0000959),1/15,0.2648950390319125,3.4532627030940426,4.587388801802879,SLC25A33,1.0
GO_Biological_Process_2021,microvillus assembly (GO:0030033),1/15,0.2648950390319125,3.4532627030940426,4.587388801802879,ESPN,1.0
GO_Biological_Process_2021,positive regulation of exosomal secretion (GO:1903543),1/15,0.2648950390319125,3.4532627030940426,4.587388801802879,ATP13A2,1.0
GO_Biological_Process_2021,regulation of integrin activation (GO:0033623),1/15,0.2648950390319125,3.4532627030940426,4.587388801802879,FBLIM1,1.0
GO_Biological_Process_2021,mammary gland epithelium development (GO:0061180),1/15,0.2648950390319125,3.4532627030940426,4.587388801802879,EPHA2,1.0
GO_Biological_Process_2021,"RNA phosphodiester bond hydrolysis, endonucleolytic (GO:0090502)",1/15,0.2648950390319125,3.4532627030940426,4.587388801802879,ZC3H12A,1.0
GO_Biological_Process_2021,cellular response to arsenic-containing substance (GO:0071243),1/15,0.2648950390319125,3.4532627030940426,4.587388801802879,ZC3H12A,1.0
GO_Biological_Process_2021,regulation of macrophage differentiation (GO:0045649),1/15,0.2648950390319125,3.4532627030940426,4.587388801802879,C1QC,1.0
GO_Biological_Process_2021,positive regulation of pattern recognition receptor signaling pathway (GO:0062208),1/15,0.2648950390319125,3.4532627030940426,4.587388801802879,PUM1,1.0
GO_Biological_Process_2021,cellular sodium ion homeostasis (GO:0006883),1/15,0.2648950390319125,3.4532627030940426,4.587388801802879,SLC9A1,1.0
GO_Biological_Process_2021,cellular response to exogenous dsRNA (GO:0071360),1/15,0.2648950390319125,3.4532627030940426,4.587388801802879,MUL1,1.0
GO_Biological_Process_2021,medium-chain fatty acid metabolic process (GO:0051791),1/15,0.2648950390319125,3.4532627030940426,4.587388801802879,ACOT7,1.0
GO_Biological_Process_2021,prostanoid biosynthetic process (GO:0046457),1/15,0.2648950390319125,3.4532627030940426,4.587388801802879,PRXL2B,1.0
GO_Biological_Process_2021,organic heteropentacyclic compound metabolic process (GO:1901376),1/15,0.2648950390319125,3.4532627030940426,4.587388801802879,AKR7A2,1.0
GO_Biological_Process_2021,response to acidic pH (GO:0010447),1/15,0.2648950390319125,3.4532627030940426,4.587388801802879,SLC9A1,1.0
GO_Biological_Process_2021,peptidyl-arginine modification (GO:0018195),1/15,0.2648950390319125,3.4532627030940426,4.587388801802879,PADI2,1.0
GO_Biological_Process_2021,engulfment of apoptotic cell (GO:0043652),1/15,0.2648950390319125,3.4532627030940426,4.587388801802879,XKR8,1.0
GO_Biological_Process_2021,electron transport chain (GO:0022900),1/15,0.2648950390319125,3.4532627030940426,4.587388801802879,SDHB,1.0
GO_Biological_Process_2021,modulation by host of viral genome replication (GO:0044827),1/15,0.2648950390319125,3.4532627030940426,4.587388801802879,ZC3H12A,1.0
GO_Biological_Process_2021,response to ethanol (GO:0045471),1/15,0.2648950390319125,3.4532627030940426,4.587388801802879,SDF4,1.0
GO_Biological_Process_2021,intracellular cholesterol transport (GO:0032367),1/15,0.2648950390319125,3.4532627030940426,4.587388801802879,LDLRAP1,1.0
GO_Biological_Process_2021,icosanoid biosynthetic process (GO:0046456),1/15,0.2648950390319125,3.4532627030940426,4.587388801802879,PLA2G5,1.0
GO_Biological_Process_2021,response to muscle stretch (GO:0035994),1/15,0.2648950390319125,3.4532627030940426,4.587388801802879,SLC9A1,1.0
GO_Biological_Process_2021,histone H4-K8 acetylation (GO:0043982),1/15,0.2648950390319125,3.4532627030940426,4.587388801802879,MEAF6,1.0
GO_Biological_Process_2021,histone H4-K5 acetylation (GO:0043981),1/15,0.2648950390319125,3.4532627030940426,4.587388801802879,MEAF6,1.0
GO_Biological_Process_2021,"phototransduction, visible light (GO:0007603)",1/15,0.2648950390319125,3.4532627030940426,4.587388801802879,GNB1,1.0
GO_Biological_Process_2021,photoreceptor cell development (GO:0042461),1/15,0.2648950390319125,3.4532627030940426,4.587388801802879,MFSD2A,1.0
GO_Biological_Process_2021,regulation of triglyceride biosynthetic process (GO:0010866),1/15,0.2648950390319125,3.4532627030940426,4.587388801802879,MFSD2A,1.0
GO_Biological_Process_2021,negative regulation of ubiquitin-protein transferase activity (GO:0051444),1/15,0.2648950390319125,3.4532627030940426,4.587388801802879,MAD2L2,1.0
GO_Biological_Process_2021,membrane raft organization (GO:0031579),1/15,0.2648950390319125,3.4532627030940426,4.587388801802879,PPT1,1.0
GO_Biological_Process_2021,negative regulation of leukocyte activation (GO:0002695),1/15,0.2648950390319125,3.4532627030940426,4.587388801802879,ZC3H12A,1.0
GO_Biological_Process_2021,positive regulation of membrane protein ectodomain proteolysis (GO:0051044),1/15,0.2648950390319125,3.4532627030940426,4.587388801802879,TNFRSF1B,1.0
GO_Biological_Process_2021,ubiquinone metabolic process (GO:0006743),1/15,0.2648950390319125,3.4532627030940426,4.587388801802879,UBIAD1,1.0
GO_Biological_Process_2021,acetyl-CoA metabolic process (GO:0006084),1/15,0.2648950390319125,3.4532627030940426,4.587388801802879,PPCS,1.0
GO_Biological_Process_2021,regulation of extracellular matrix disassembly (GO:0010715),1/15,0.2648950390319125,3.4532627030940426,4.587388801802879,PDPN,1.0
GO_Biological_Process_2021,T cell proliferation (GO:0042098),1/15,0.2648950390319125,3.4532627030940426,4.587388801802879,CTPS1,1.0
GO_Biological_Process_2021,mycotoxin metabolic process (GO:0043385),1/15,0.2648950390319125,3.4532627030940426,4.587388801802879,AKR7A2,1.0
GO_Biological_Process_2021,histone mRNA catabolic process (GO:0071044),1/15,0.2648950390319125,3.4532627030940426,4.587388801802879,EXOSC10,1.0
GO_Biological_Process_2021,extracellular matrix organization (GO:0030198),8/300,0.2661911676421977,1.3286982532542946,1.7585860208521475,AGRN;COL16A1;COL8A2;COL9A2;HSPG2;MMP23B;P3H1;PLOD1,1.0
GO_Biological_Process_2021,positive regulation of I-kappaB kinase/NF-kappaB signaling (GO:0043123),5/171,0.2676666118911979,1.459303512717546,1.9233810858491525,MIB2;MUL1;PINK1;PLEKHG5;TRIM62,1.0
GO_Biological_Process_2021,neuron projection development (GO:0031175),5/171,0.2676666118911979,1.459303512717546,1.9233810858491525,EPHB2;NBL1;NCDN;STMN1;SVBP,1.0
GO_Biological_Process_2021,positive regulation of multicellular organismal process (GO:0051240),9/345,0.2688502459484982,1.2993432568985146,1.7068182909452432,ENO1;FGR;GPR3;KDM1A;MAD2L2;MFN2;MTOR;PDPN;PIK3CD,1.0
GO_Biological_Process_2021,regulation of cellular component movement (GO:0051270),2/50,0.26980062247556125,2.015882789417093,2.6409516542166966,PDPN;ZSWIM5,1.0
GO_Biological_Process_2021,negative regulation of ERK1 and ERK2 cascade (GO:0070373),2/50,0.26980062247556125,2.015882789417093,2.6409516542166966,CAMK2N1;EPHB2,1.0
GO_Biological_Process_2021,protein glycosylation (GO:0006486),4/130,0.2714097480272983,1.537392365610156,2.004952763776174,DDOST;MAN1C1;PLOD1;ST3GAL3,1.0
GO_Biological_Process_2021,rRNA processing (GO:0006364),5/173,0.27542159647429015,1.4417824134278225,1.8591096162095189,EBNA1BP2;EXOSC10;MRTO4;NOL9;UTP11,1.0
GO_Biological_Process_2021,extracellular structure organization (GO:0043062),6/216,0.27586344603315016,1.3845713946714295,1.7831192965109068,AGRN;COL16A1;COL8A2;COL9A2;HSPG2;MMP23B,1.0
GO_Biological_Process_2021,positive regulation of binding (GO:0051099),3/90,0.27601149160911054,1.6691194939638356,2.1486788523663054,EPB41;SKI;STMN1,1.0
GO_Biological_Process_2021,negative regulation of translation (GO:0017148),3/90,0.27601149160911054,1.6691194939638356,2.1486788523663054,PUM1;YBX1;YTHDF2,1.0
GO_Biological_Process_2021,negative regulation of protein kinase activity (GO:0006469),3/90,0.27601149160911054,1.6691194939638356,2.1486788523663054,CAMK2N1;CEP85;DVL1,1.0
GO_Biological_Process_2021,regulation of substrate adhesion-dependent cell spreading (GO:1900024),2/51,0.2773528625717447,1.9746412938182343,2.5324077769581916,PDPN;RCC2,1.0
GO_Biological_Process_2021,cholesterol transport (GO:0030301),2/51,0.2773528625717447,1.9746412938182343,2.5324077769581916,LDLRAP1;STX12,1.0
GO_Biological_Process_2021,positive regulation of fat cell differentiation (GO:0045600),2/51,0.2773528625717447,1.9746412938182343,2.5324077769581916,FNDC5;ZC3H12A,1.0
GO_Biological_Process_2021,inositol lipid-mediated signaling (GO:0048017),2/51,0.2773528625717447,1.9746412938182343,2.5324077769581916,PIK3CD;PLCH2,1.0
GO_Biological_Process_2021,negative regulation of protein ubiquitination (GO:0031397),2/51,0.2773528625717447,1.9746412938182343,2.5324077769581916,ISG15;SVBP,1.0
GO_Biological_Process_2021,external encapsulating structure organization (GO:0045229),6/217,0.2793329733256378,1.3779383548880342,1.7573547225994055,AGRN;COL16A1;COL8A2;COL9A2;HSPG2;MMP23B,1.0
GO_Biological_Process_2021,positive regulation of myeloid leukocyte cytokine production involved in immune response (GO:0061081),1/16,0.27982887011287555,3.2228805805050063,4.104586712657392,LAPTM5,1.0
GO_Biological_Process_2021,regulation of hormone secretion (GO:0046883),1/16,0.27982887011287555,3.2228805805050063,4.104586712657392,VAMP3,1.0
GO_Biological_Process_2021,negative regulation of focal adhesion assembly (GO:0051895),1/16,0.27982887011287555,3.2228805805050063,4.104586712657392,RCC2,1.0
GO_Biological_Process_2021,positive regulation of double-strand break repair via nonhomologous end joining (GO:2001034),1/16,0.27982887011287555,3.2228805805050063,4.104586712657392,MAD2L2,1.0
GO_Biological_Process_2021,positive regulation of immunoglobulin mediated immune response (GO:0002891),1/16,0.27982887011287555,3.2228805805050063,4.104586712657392,MAD2L2,1.0
GO_Biological_Process_2021,negative regulation of histone modification (GO:0031057),1/16,0.27982887011287555,3.2228805805050063,4.104586712657392,NOC2L,1.0
GO_Biological_Process_2021,regulation of interleukin-13 production (GO:0032656),1/16,0.27982887011287555,3.2228805805050063,4.104586712657392,PRKCZ,1.0
GO_Biological_Process_2021,regulation of activin receptor signaling pathway (GO:0032925),1/16,0.27982887011287555,3.2228805805050063,4.104586712657392,SKI,1.0
GO_Biological_Process_2021,regulation of isotype switching (GO:0045191),1/16,0.27982887011287555,3.2228805805050063,4.104586712657392,MAD2L2,1.0
GO_Biological_Process_2021,sphingolipid catabolic process (GO:0030149),1/16,0.27982887011287555,3.2228805805050063,4.104586712657392,PPT1,1.0
GO_Biological_Process_2021,dendritic spine morphogenesis (GO:0060997),1/16,0.27982887011287555,3.2228805805050063,4.104586712657392,EPHB2,1.0
GO_Biological_Process_2021,regulation of systemic arterial blood pressure (GO:0003073),1/16,0.27982887011287555,3.2228805805050063,4.104586712657392,SLC2A5,1.0
GO_Biological_Process_2021,late endosome to vacuole transport via multivesicular body sorting pathway (GO:0032511),1/16,0.27982887011287555,3.2228805805050063,4.104586712657392,TMEM50A,1.0
GO_Biological_Process_2021,regulation of monocyte differentiation (GO:0045655),1/16,0.27982887011287555,3.2228805805050063,4.104586712657392,CTNNBIP1,1.0
GO_Biological_Process_2021,oligodendrocyte development (GO:0014003),1/16,0.27982887011287555,3.2228805805050063,4.104586712657392,EIF2B3,1.0
GO_Biological_Process_2021,negative regulation of cell-substrate junction organization (GO:0150118),1/16,0.27982887011287555,3.2228805805050063,4.104586712657392,RCC2,1.0
GO_Biological_Process_2021,odontogenesis of dentin-containing tooth (GO:0042475),1/16,0.27982887011287555,3.2228805805050063,4.104586712657392,HDAC1,1.0
GO_Biological_Process_2021,male meiosis I (GO:0007141),1/16,0.27982887011287555,3.2228805805050063,4.104586712657392,FOXJ3,1.0
GO_Biological_Process_2021,regulation of systemic arterial blood pressure by hormone (GO:0001990),1/16,0.27982887011287555,3.2228805805050063,4.104586712657392,ECE1,1.0
GO_Biological_Process_2021,epiboly involved in wound healing (GO:0090505),1/16,0.27982887011287555,3.2228805805050063,4.104586712657392,PDPN,1.0
GO_Biological_Process_2021,regulation of mast cell degranulation (GO:0043304),1/16,0.27982887011287555,3.2228805805050063,4.104586712657392,FGR,1.0
GO_Biological_Process_2021,positive regulation of isotype switching (GO:0045830),1/16,0.27982887011287555,3.2228805805050063,4.104586712657392,MAD2L2,1.0
GO_Biological_Process_2021,glutamine family amino acid catabolic process (GO:0009065),1/16,0.27982887011287555,3.2228805805050063,4.104586712657392,ALDH4A1,1.0
GO_Biological_Process_2021,regulation of fatty acid oxidation (GO:0046320),1/16,0.27982887011287555,3.2228805805050063,4.104586712657392,FABP3,1.0
GO_Biological_Process_2021,regulation of amyloid-beta clearance (GO:1900221),1/16,0.27982887011287555,3.2228805805050063,4.104586712657392,HDAC1,1.0
GO_Biological_Process_2021,regulation of ERBB signaling pathway (GO:1901184),1/16,0.27982887011287555,3.2228805805050063,4.104586712657392,IFI6,1.0
GO_Biological_Process_2021,negative regulation of macrophage activation (GO:0043031),1/16,0.27982887011287555,3.2228805805050063,4.104586712657392,ZC3H12A,1.0
GO_Biological_Process_2021,positive regulation of small molecule metabolic process (GO:0062013),1/16,0.27982887011287555,3.2228805805050063,4.104586712657392,LDLRAP1,1.0
GO_Biological_Process_2021,3'-UTR-mediated mRNA destabilization (GO:0061158),1/16,0.27982887011287555,3.2228805805050063,4.104586712657392,ZC3H12A,1.0
GO_Biological_Process_2021,neural tube development (GO:0021915),1/16,0.27982887011287555,3.2228805805050063,4.104586712657392,DVL1,1.0
GO_Biological_Process_2021,regulation of rRNA processing (GO:2000232),1/16,0.27982887011287555,3.2228805805050063,4.104586712657392,YTHDF2,1.0
GO_Biological_Process_2021,regulation of stem cell differentiation (GO:2000736),3/91,0.28153419553663395,1.6500676341625449,2.0914629747303195,PSMB2;TP73;YTHDF2,1.0
GO_Biological_Process_2021,regulation of intrinsic apoptotic signaling pathway (GO:2001242),2/52,0.2849001433042884,1.9350494580433304,2.429680094555463,NOC2L;PINK1,1.0
GO_Biological_Process_2021,negative regulation of protein metabolic process (GO:0051248),2/52,0.2849001433042884,1.9350494580433304,2.429680094555463,AZIN2;MAD2L2,1.0
GO_Biological_Process_2021,positive regulation of developmental growth (GO:0048639),2/52,0.2849001433042884,1.9350494580433304,2.429680094555463,AGRN;MACF1,1.0
GO_Biological_Process_2021,negative regulation of protein-containing complex assembly (GO:0031333),2/52,0.2849001433042884,1.9350494580433304,2.429680094555463,CPTP;PRKCZ,1.0
GO_Biological_Process_2021,negative regulation of BMP signaling pathway (GO:0030514),2/52,0.2849001433042884,1.9350494580433304,2.429680094555463,NBL1;SKI,1.0
GO_Biological_Process_2021,glycolipid metabolic process (GO:0006664),2/52,0.2849001433042884,1.9350494580433304,2.429680094555463,CPTP;FUCA1,1.0
GO_Biological_Process_2021,regulation of cell adhesion (GO:0030155),4/133,0.28495623622435806,1.5014076536539036,1.8848966975004442,EPHA2;EPHB2;TNFRSF18;YTHDF2,1.0
GO_Biological_Process_2021,defense response to virus (GO:0051607),4/133,0.28495623622435806,1.5014076536539036,1.8848966975004442,ATAD3A;IFI6;IFNLR1;ISG15,1.0
GO_Biological_Process_2021,T cell activation (GO:0042110),3/92,0.2870667018762855,1.6314439060421817,2.0361083610743322,CTPS1;DDOST;PIK3CD,1.0
GO_Biological_Process_2021,regulation of endothelial cell proliferation (GO:0001936),3/92,0.2870667018762855,1.6314439060421817,2.0361083610743322,ATP5IF1;PIK3CD;TIE1,1.0
GO_Biological_Process_2021,positive regulation of B cell activation (GO:0050871),2/53,0.29243956033869045,1.8970102432792069,2.3323689057548727,EPHB2;MAD2L2,1.0
GO_Biological_Process_2021,regulation of Arp2/3 complex-mediated actin nucleation (GO:0034315),1/17,0.294460048992688,3.0212962232395992,3.693872843345954,WASF2,1.0
GO_Biological_Process_2021,vasculature development (GO:0001944),1/17,0.294460048992688,3.0212962232395992,3.693872843345954,ERRFI1,1.0
GO_Biological_Process_2021,positive regulation of transcription of Notch receptor target (GO:0007221),1/17,0.294460048992688,3.0212962232395992,3.693872843345954,HEYL,1.0
GO_Biological_Process_2021,negative regulation of chemokine production (GO:0032682),1/17,0.294460048992688,3.0212962232395992,3.693872843345954,MUL1,1.0
GO_Biological_Process_2021,negative regulation of cell aging (GO:0090344),1/17,0.294460048992688,3.0212962232395992,3.693872843345954,YBX1,1.0
GO_Biological_Process_2021,positive regulation of stem cell proliferation (GO:2000648),1/17,0.294460048992688,3.0212962232395992,3.693872843345954,KDM1A,1.0
GO_Biological_Process_2021,regulation of NLRP3 inflammasome complex assembly (GO:1900225),1/17,0.294460048992688,3.0212962232395992,3.693872843345954,CPTP,1.0
GO_Biological_Process_2021,negative regulation of ATPase activity (GO:0032780),1/17,0.294460048992688,3.0212962232395992,3.693872843345954,ATP5IF1,1.0
GO_Biological_Process_2021,negative regulation of execution phase of apoptosis (GO:1900118),1/17,0.294460048992688,3.0212962232395992,3.693872843345954,DFFA,1.0
GO_Biological_Process_2021,regulation of cellular respiration (GO:0043457),1/17,0.294460048992688,3.0212962232395992,3.693872843345954,IFNLR1,1.0
GO_Biological_Process_2021,cellular biogenic amine biosynthetic process (GO:0042401),1/17,0.294460048992688,3.0212962232395992,3.693872843345954,SRM,1.0
GO_Biological_Process_2021,modified amino acid transport (GO:0072337),1/17,0.294460048992688,3.0212962232395992,3.693872843345954,PDPN,1.0
GO_Biological_Process_2021,dolichol-linked oligosaccharide biosynthetic process (GO:0006488),1/17,0.294460048992688,3.0212962232395992,3.693872843345954,DHDDS,1.0
GO_Biological_Process_2021,preassembly of GPI anchor in ER membrane (GO:0016254),1/17,0.294460048992688,3.0212962232395992,3.693872843345954,PIGV,1.0
GO_Biological_Process_2021,regulation of neuroblast proliferation (GO:1902692),1/17,0.294460048992688,3.0212962232395992,3.693872843345954,KDM1A,1.0
GO_Biological_Process_2021,pulmonary valve morphogenesis (GO:0003184),1/17,0.294460048992688,3.0212962232395992,3.693872843345954,HEYL,1.0
GO_Biological_Process_2021,cellular response to fatty acid (GO:0071398),1/17,0.294460048992688,3.0212962232395992,3.693872843345954,ZC3H12A,1.0
GO_Biological_Process_2021,regulation of metal ion transport (GO:0010959),1/17,0.294460048992688,3.0212962232395992,3.693872843345954,EPB41,1.0
GO_Biological_Process_2021,cellular response to gamma radiation (GO:0071480),1/17,0.294460048992688,3.0212962232395992,3.693872843345954,KDM1A,1.0
GO_Biological_Process_2021,cell surface receptor signaling pathway involved in heart development (GO:0061311),1/17,0.294460048992688,3.0212962232395992,3.693872843345954,HEYL,1.0
GO_Biological_Process_2021,negative regulation of insulin secretion (GO:0046676),1/17,0.294460048992688,3.0212962232395992,3.693872843345954,BMP8A,1.0
GO_Biological_Process_2021,snRNA metabolic process (GO:0016073),1/17,0.294460048992688,3.0212962232395992,3.693872843345954,INTS11,1.0
GO_Biological_Process_2021,mesenchyme morphogenesis (GO:0072132),1/17,0.294460048992688,3.0212962232395992,3.693872843345954,HEYL,1.0
GO_Biological_Process_2021,regulation of leukocyte migration (GO:0002685),1/17,0.294460048992688,3.0212962232395992,3.693872843345954,TNFRSF18,1.0
GO_Biological_Process_2021,stem cell development (GO:0048864),1/17,0.294460048992688,3.0212962232395992,3.693872843345954,PEF1,1.0
GO_Biological_Process_2021,positive regulation of muscle hypertrophy (GO:0014742),1/17,0.294460048992688,3.0212962232395992,3.693872843345954,SLC9A1,1.0
GO_Biological_Process_2021,tail-anchored membrane protein insertion into ER membrane (GO:0071816),1/17,0.294460048992688,3.0212962232395992,3.693872843345954,EMC1,1.0
GO_Biological_Process_2021,negative regulation of intrinsic apoptotic signaling pathway by p53 class mediator (GO:1902254),1/17,0.294460048992688,3.0212962232395992,3.693872843345954,KDM1A,1.0
GO_Biological_Process_2021,cellular modified amino acid catabolic process (GO:0042219),1/17,0.294460048992688,3.0212962232395992,3.693872843345954,ALDH4A1,1.0
GO_Biological_Process_2021,negative regulation of fatty acid metabolic process (GO:0045922),1/17,0.294460048992688,3.0212962232395992,3.693872843345954,WDTC1,1.0
GO_Biological_Process_2021,regulation of mitotic cell cycle (GO:0007346),5/178,0.2950018215465537,1.3997520307386013,1.7087805327336074,CDK11A;CDK11B;PSMB2;RCC1;TP73,1.0
GO_Biological_Process_2021,negative regulation of cell death (GO:0060548),3/94,0.2981557778901652,1.5954243879192815,1.9306855676677759,ATP13A2;PINK1;TNFRSF1B,1.0
GO_Biological_Process_2021,positive regulation of epithelial cell migration (GO:0010634),3/94,0.2981557778901652,1.5954243879192815,1.9306855676677759,MTOR;PIK3CD;ZC3H12A,1.0
GO_Biological_Process_2021,regulation of potassium ion transmembrane transport (GO:1901379),2/54,0.29996832872537305,1.8604340752367805,2.2401084489229586,GNB1;KCNAB2,1.0
GO_Biological_Process_2021,inorganic anion transport (GO:0015698),2/54,0.29996832872537305,1.8604340752367805,2.2401084489229586,CLCN6;CLIC4,1.0
GO_Biological_Process_2021,regulation of proteolysis (GO:0030162),2/54,0.29996832872537305,1.8604340752367805,2.2401084489229586,AURKAIP1;CAMK2N1,1.0
GO_Biological_Process_2021,"regulation of alternative mRNA splicing, via spliceosome (GO:0000381)",2/54,0.29996832872537305,1.8604340752367805,2.2401084489229586,KHDRBS1;THRAP3,1.0
GO_Biological_Process_2021,nervous system development (GO:0007399),11/447,0.30038797370368375,1.2236557587670474,1.471666790280998,ADGRB2;ARTN;DVL1;EPHB2;MARCKSL1;MTF1;NBL1;PPT1;SLC2A1;SZT2;UTP11,1.0
GO_Biological_Process_2021,regulation of I-kappaB kinase/NF-kappaB signaling (GO:0043122),6/224,0.30388059908375736,1.333210976532111,1.5880148195162258,MIB2;MUL1;PINK1;PLEKHG5;TRIM62;ZC3H12A,1.0
GO_Biological_Process_2021,regulation of gene silencing by RNA (GO:0060966),2/55,0.3074837792700304,1.8252381399506719,2.1525634681185832,AGO1;PUM1,1.0
GO_Biological_Process_2021,negative regulation of protein modification by small protein conjugation or removal (GO:1903321),2/55,0.3074837792700304,1.8252381399506719,2.1525634681185832,ISG15;SVBP,1.0
GO_Biological_Process_2021,regulation of posttranscriptional gene silencing (GO:0060147),2/55,0.3074837792700304,1.8252381399506719,2.1525634681185832,AGO1;PUM1,1.0
GO_Biological_Process_2021,regulation of telomerase RNA localization to Cajal body (GO:1904872),1/18,0.30879469444677227,2.8434276727112993,3.341251128771836,EXOSC10,1.0
GO_Biological_Process_2021,negative regulation of double-strand break repair via homologous recombination (GO:2000042),1/18,0.30879469444677227,2.8434276727112993,3.341251128771836,MAD2L2,1.0
GO_Biological_Process_2021,nucleosome disassembly (GO:0006337),1/18,0.30879469444677227,2.8434276727112993,3.341251128771836,ARID1A,1.0
GO_Biological_Process_2021,nucleotide biosynthetic process (GO:0009165),1/18,0.30879469444677227,2.8434276727112993,3.341251128771836,NMNAT1,1.0
GO_Biological_Process_2021,long-chain fatty-acyl-CoA biosynthetic process (GO:0035338),1/18,0.30879469444677227,2.8434276727112993,3.341251128771836,ELOVL1,1.0
GO_Biological_Process_2021,hyaluronan catabolic process (GO:0030214),1/18,0.30879469444677227,2.8434276727112993,3.341251128771836,SLC9A1,1.0
GO_Biological_Process_2021,neuron maturation (GO:0042551),1/18,0.30879469444677227,2.8434276727112993,3.341251128771836,C1QA,1.0
GO_Biological_Process_2021,regulation of production of miRNAs involved in gene silencing by miRNA (GO:1903798),1/18,0.30879469444677227,2.8434276727112993,3.341251128771836,ZC3H12A,1.0
GO_Biological_Process_2021,regulation of fatty acid metabolic process (GO:0019217),1/18,0.30879469444677227,2.8434276727112993,3.341251128771836,FABP3,1.0
GO_Biological_Process_2021,phosphatidylinositol acyl-chain remodeling (GO:0036149),1/18,0.30879469444677227,2.8434276727112993,3.341251128771836,PLA2G5,1.0
GO_Biological_Process_2021,release of cytochrome c from mitochondria (GO:0001836),1/18,0.30879469444677227,2.8434276727112993,3.341251128771836,IFI6,1.0
GO_Biological_Process_2021,chromatin disassembly (GO:0031498),1/18,0.30879469444677227,2.8434276727112993,3.341251128771836,ARID1A,1.0
GO_Biological_Process_2021,positive regulation of cardiac muscle hypertrophy (GO:0010613),1/18,0.30879469444677227,2.8434276727112993,3.341251128771836,SLC9A1,1.0
GO_Biological_Process_2021,regulation of chromosome segregation (GO:0051983),1/18,0.30879469444677227,2.8434276727112993,3.341251128771836,PUM1,1.0
GO_Biological_Process_2021,presynapse assembly (GO:0099054),1/18,0.30879469444677227,2.8434276727112993,3.341251128771836,DVL1,1.0
GO_Biological_Process_2021,cellular response to pH (GO:0071467),1/18,0.30879469444677227,2.8434276727112993,3.341251128771836,SLC9A1,1.0
GO_Biological_Process_2021,cellular response to zinc ion (GO:0071294),1/18,0.30879469444677227,2.8434276727112993,3.341251128771836,ATP13A2,1.0
GO_Biological_Process_2021,negative regulation of signal transduction by p53 class mediator (GO:1901797),1/18,0.30879469444677227,2.8434276727112993,3.341251128771836,KDM1A,1.0
GO_Biological_Process_2021,regulation of mitochondrial outer membrane permeabilization involved in apoptotic signaling pathway (GO:1901028),1/18,0.30879469444677227,2.8434276727112993,3.341251128771836,MUL1,1.0
GO_Biological_Process_2021,regulation of multicellular organism growth (GO:0040014),1/18,0.30879469444677227,2.8434276727112993,3.341251128771836,MFSD2A,1.0
GO_Biological_Process_2021,phosphatidylglycerol acyl-chain remodeling (GO:0036148),1/18,0.30879469444677227,2.8434276727112993,3.341251128771836,PLA2G5,1.0
GO_Biological_Process_2021,positive regulation of macrophage derived foam cell differentiation (GO:0010744),1/18,0.30879469444677227,2.8434276727112993,3.341251128771836,PLA2G5,1.0
GO_Biological_Process_2021,rRNA catabolic process (GO:0016075),1/18,0.30879469444677227,2.8434276727112993,3.341251128771836,EXOSC10,1.0
GO_Biological_Process_2021,positive regulation of phosphoprotein phosphatase activity (GO:0032516),1/18,0.30879469444677227,2.8434276727112993,3.341251128771836,MTOR,1.0
GO_Biological_Process_2021,"positive regulation of mRNA splicing, via spliceosome (GO:0048026)",1/18,0.30879469444677227,2.8434276727112993,3.341251128771836,THRAP3,1.0
GO_Biological_Process_2021,positive regulation of excitatory postsynaptic potential (GO:2000463),1/18,0.30879469444677227,2.8434276727112993,3.341251128771836,PRKCZ,1.0
GO_Biological_Process_2021,regulation of delayed rectifier potassium channel activity (GO:1902259),1/18,0.30879469444677227,2.8434276727112993,3.341251128771836,RNF207,1.0
GO_Biological_Process_2021,regulation of oxidative stress-induced intrinsic apoptotic signaling pathway (GO:1902175),1/18,0.30879469444677227,2.8434276727112993,3.341251128771836,SFPQ,1.0
GO_Biological_Process_2021,fluid transport (GO:0042044),1/18,0.30879469444677227,2.8434276727112993,3.341251128771836,PDPN,1.0
GO_Biological_Process_2021,negative regulation of Rho protein signal transduction (GO:0035024),1/18,0.30879469444677227,2.8434276727112993,3.341251128771836,STMN1,1.0
GO_Biological_Process_2021,water transport (GO:0006833),1/18,0.30879469444677227,2.8434276727112993,3.341251128771836,PDPN,1.0
GO_Biological_Process_2021,negative regulation of fibroblast proliferation (GO:0048147),1/18,0.30879469444677227,2.8434276727112993,3.341251128771836,SKI,1.0
GO_Biological_Process_2021,cellular response to dsRNA (GO:0071359),1/18,0.30879469444677227,2.8434276727112993,3.341251128771836,MUL1,1.0
GO_Biological_Process_2021,positive regulation of glial cell differentiation (GO:0045687),1/18,0.30879469444677227,2.8434276727112993,3.341251128771836,TNFRSF1B,1.0
GO_Biological_Process_2021,microtubule depolymerization (GO:0007019),1/18,0.30879469444677227,2.8434276727112993,3.341251128771836,STMN1,1.0
GO_Biological_Process_2021,regulation of brown fat cell differentiation (GO:0090335),1/18,0.30879469444677227,2.8434276727112993,3.341251128771836,FNDC5,1.0
GO_Biological_Process_2021,sodium ion import across plasma membrane (GO:0098719),1/18,0.30879469444677227,2.8434276727112993,3.341251128771836,SLC9A1,1.0
GO_Biological_Process_2021,mitochondrial fusion (GO:0008053),1/18,0.30879469444677227,2.8434276727112993,3.341251128771836,MFN2,1.0
GO_Biological_Process_2021,positive regulation of extracellular matrix organization (GO:1903055),1/18,0.30879469444677227,2.8434276727112993,3.341251128771836,PDPN,1.0
GO_Biological_Process_2021,positive regulation of nervous system process (GO:0031646),1/18,0.30879469444677227,2.8434276727112993,3.341251128771836,TNFRSF1B,1.0
GO_Biological_Process_2021,T cell migration (GO:0072678),1/18,0.30879469444677227,2.8434276727112993,3.341251128771836,PIK3CD,1.0
GO_Biological_Process_2021,regulation of platelet aggregation (GO:0090330),1/18,0.30879469444677227,2.8434276727112993,3.341251128771836,PDPN,1.0
GO_Biological_Process_2021,positive regulation of interleukin-4 production (GO:0032753),1/18,0.30879469444677227,2.8434276727112993,3.341251128771836,PRKCZ,1.0
GO_Biological_Process_2021,amyloid precursor protein metabolic process (GO:0042982),1/18,0.30879469444677227,2.8434276727112993,3.341251128771836,LDLRAP1,1.0
GO_Biological_Process_2021,negative regulation of lipid catabolic process (GO:0050995),1/18,0.30879469444677227,2.8434276727112993,3.341251128771836,MFSD2A,1.0
GO_Biological_Process_2021,regulation of protein sumoylation (GO:0033233),1/18,0.30879469444677227,2.8434276727112993,3.341251128771836,MUL1,1.0
GO_Biological_Process_2021,negative regulation of peptide hormone secretion (GO:0090278),1/18,0.30879469444677227,2.8434276727112993,3.341251128771836,BMP8A,1.0
GO_Biological_Process_2021,"alternative mRNA splicing, via spliceosome (GO:0000380)",1/18,0.30879469444677227,2.8434276727112993,3.341251128771836,SFPQ,1.0
GO_Biological_Process_2021,negative regulation of leukocyte cell-cell adhesion (GO:1903038),1/18,0.30879469444677227,2.8434276727112993,3.341251128771836,LAPTM5,1.0
GO_Biological_Process_2021,protein dephosphorylation (GO:0006470),4/139,0.3123192884681205,1.4342361913355657,1.6690626129658321,EYA3;PTPRF;PTPRU;SSU72,1.0
GO_Biological_Process_2021,positive regulation of cold-induced thermogenesis (GO:0120162),3/97,0.3148301241348082,1.5442690084575033,1.7847457814008523,GPR3;KDM1A;MFN2,1.0
GO_Biological_Process_2021,peptidyl-tyrosine modification (GO:0018212),2/56,0.31498335500155406,1.791345757823308,2.069426181432193,EPHB2;FGR,1.0
GO_Biological_Process_2021,telomere maintenance (GO:0000723),2/56,0.31498335500155406,1.791345757823308,2.069426181432193,RPA2;ZBTB48,1.0
GO_Biological_Process_2021,autophagosome organization (GO:1905037),2/56,0.31498335500155406,1.791345757823308,2.069426181432193,ATP13A2;STX12,1.0
GO_Biological_Process_2021,negative regulation of transcription by RNA polymerase II (GO:0000122),16/684,0.316222354904242,1.1623521894498978,1.3382273018086355,DMAP1;ENO1;HDAC1;ID3;KDM1A;MAD2L2;NOC2L;PER3;PLK3;PRDM2;SFPQ;SKI;SPEN;ZFP69;ZNF436;ZNF684,1.0
GO_Biological_Process_2021,carboxylic acid transport (GO:0046942),2/57,0.32246460773508284,1.7586858259551215,1.9904135982134301,SLC66A1;SLC6A9,1.0
GO_Biological_Process_2021,"positive regulation of gene expression, epigenetic (GO:0045815)",2/57,0.32246460773508284,1.7586858259551215,1.9904135982134301,ARID1A;PADI2,1.0
GO_Biological_Process_2021,regulation of mitotic nuclear division (GO:0007088),2/57,0.32246460773508284,1.7586858259551215,1.9904135982134301,AURKAIP1;RCC1,1.0
GO_Biological_Process_2021,regulation of mitochondrial membrane permeability (GO:0046902),1/19,0.32283880184616226,2.6853222944639215,3.036031148354949,MUL1,1.0
GO_Biological_Process_2021,leukotriene biosynthetic process (GO:0019370),1/19,0.32283880184616226,2.6853222944639215,3.036031148354949,PLA2G5,1.0
GO_Biological_Process_2021,aspartate family amino acid metabolic process (GO:0009066),1/19,0.32283880184616226,2.6853222944639215,3.036031148354949,MTHFR,1.0
GO_Biological_Process_2021,negative regulation of RNA metabolic process (GO:0051253),1/19,0.32283880184616226,2.6853222944639215,3.036031148354949,ZC3H12A,1.0
GO_Biological_Process_2021,negative regulation of striated muscle cell differentiation (GO:0051154),1/19,0.32283880184616226,2.6853222944639215,3.036031148354949,HDAC1,1.0
GO_Biological_Process_2021,maintenance of protein localization in organelle (GO:0072595),1/19,0.32283880184616226,2.6853222944639215,3.036031148354949,PINK1,1.0
GO_Biological_Process_2021,negative regulation of cytokine production involved in inflammatory response (GO:1900016),1/19,0.32283880184616226,2.6853222944639215,3.036031148354949,ZC3H12A,1.0
GO_Biological_Process_2021,prostaglandin biosynthetic process (GO:0001516),1/19,0.32283880184616226,2.6853222944639215,3.036031148354949,PRXL2B,1.0
GO_Biological_Process_2021,regulation of T cell cytokine production (GO:0002724),1/19,0.32283880184616226,2.6853222944639215,3.036031148354949,TNFRSF1B,1.0
GO_Biological_Process_2021,positive regulation of cellular protein catabolic process (GO:1903364),1/19,0.32283880184616226,2.6853222944639215,3.036031148354949,ATP5IF1,1.0
GO_Biological_Process_2021,regulation of neuroinflammatory response (GO:0150077),1/19,0.32283880184616226,2.6853222944639215,3.036031148354949,TNFRSF1B,1.0
GO_Biological_Process_2021,negative regulation of T cell receptor signaling pathway (GO:0050860),1/19,0.32283880184616226,2.6853222944639215,3.036031148354949,LAPTM5,1.0
GO_Biological_Process_2021,fatty acid transmembrane transport (GO:1902001),1/19,0.32283880184616226,2.6853222944639215,3.036031148354949,SLC2A1,1.0
GO_Biological_Process_2021,neural crest cell differentiation (GO:0014033),1/19,0.32283880184616226,2.6853222944639215,3.036031148354949,PEF1,1.0
GO_Biological_Process_2021,establishment or maintenance of apical/basal cell polarity (GO:0035088),1/19,0.32283880184616226,2.6853222944639215,3.036031148354949,CLIC4,1.0
GO_Biological_Process_2021,histone H4-K16 acetylation (GO:0043984),1/19,0.32283880184616226,2.6853222944639215,3.036031148354949,MEAF6,1.0
GO_Biological_Process_2021,folic acid metabolic process (GO:0046655),1/19,0.32283880184616226,2.6853222944639215,3.036031148354949,MTHFR,1.0
GO_Biological_Process_2021,positive regulation of triglyceride metabolic process (GO:0090208),1/19,0.32283880184616226,2.6853222944639215,3.036031148354949,MFSD2A,1.0
GO_Biological_Process_2021,barbed-end actin filament capping (GO:0051016),1/19,0.32283880184616226,2.6853222944639215,3.036031148354949,CAPZB,1.0
GO_Biological_Process_2021,positive regulation of macrophage migration (GO:1905523),1/19,0.32283880184616226,2.6853222944639215,3.036031148354949,AKIRIN1,1.0
GO_Biological_Process_2021,regulation of epithelial cell differentiation (GO:0030856),1/19,0.32283880184616226,2.6853222944639215,3.036031148354949,AJAP1,1.0
GO_Biological_Process_2021,N-glycan processing (GO:0006491),1/19,0.32283880184616226,2.6853222944639215,3.036031148354949,MAN1C1,1.0
GO_Biological_Process_2021,regulation of synaptic vesicle exocytosis (GO:2000300),1/19,0.32283880184616226,2.6853222944639215,3.036031148354949,RIMS3,1.0
GO_Biological_Process_2021,endocardial cushion morphogenesis (GO:0003203),1/19,0.32283880184616226,2.6853222944639215,3.036031148354949,HEYL,1.0
GO_Biological_Process_2021,regulation of exosomal secretion (GO:1903541),1/19,0.32283880184616226,2.6853222944639215,3.036031148354949,ATP13A2,1.0
GO_Biological_Process_2021,regulation of oligodendrocyte differentiation (GO:0048713),1/19,0.32283880184616226,2.6853222944639215,3.036031148354949,TNFRSF1B,1.0
GO_Biological_Process_2021,DNA methylation or demethylation (GO:0044728),1/19,0.32283880184616226,2.6853222944639215,3.036031148354949,DMAP1,1.0
GO_Biological_Process_2021,DNA alkylation (GO:0006305),1/19,0.32283880184616226,2.6853222944639215,3.036031148354949,DMAP1,1.0
GO_Biological_Process_2021,regulation of lymphocyte proliferation (GO:0050670),1/19,0.32283880184616226,2.6853222944639215,3.036031148354949,TNFRSF1B,1.0
GO_Biological_Process_2021,negative regulation of oxidative stress-induced intrinsic apoptotic signaling pathway (GO:1902176),1/19,0.32283880184616226,2.6853222944639215,3.036031148354949,PINK1,1.0
GO_Biological_Process_2021,NLS-bearing protein import into nucleus (GO:0006607),1/19,0.32283880184616226,2.6853222944639215,3.036031148354949,KPNA6,1.0
GO_Biological_Process_2021,regulation of histone H3-K4 methylation (GO:0051569),1/19,0.32283880184616226,2.6853222944639215,3.036031148354949,KDM1A,1.0
GO_Biological_Process_2021,actin filament capping (GO:0051693),1/19,0.32283880184616226,2.6853222944639215,3.036031148354949,CAPZB,1.0
GO_Biological_Process_2021,striated muscle cell differentiation (GO:0051146),1/19,0.32283880184616226,2.6853222944639215,3.036031148354949,SKI,1.0
GO_Biological_Process_2021,atrioventricular valve morphogenesis (GO:0003181),1/19,0.32283880184616226,2.6853222944639215,3.036031148354949,HEYL,1.0
GO_Biological_Process_2021,positive regulation of focal adhesion assembly (GO:0051894),1/19,0.32283880184616226,2.6853222944639215,3.036031148354949,COL16A1,1.0
GO_Biological_Process_2021,positive regulation of mitotic cell cycle phase transition (GO:1901992),2/58,0.32992519472778353,1.727192320225084,1.9152651396971778,LSM10;RCC2,1.0
GO_Biological_Process_2021,regulation of phagocytosis (GO:0050764),2/58,0.32992519472778353,1.727192320225084,1.9152651396971778,FGR;PLA2G5,1.0
GO_Biological_Process_2021,negative regulation of hydrolase activity (GO:0051346),2/58,0.32992519472778353,1.727192320225084,1.9152651396971778,ATP5IF1;RCC2,1.0
GO_Biological_Process_2021,autophagosome assembly (GO:0000045),2/58,0.32992519472778353,1.727192320225084,1.9152651396971778,MFN2;STX12,1.0
GO_Biological_Process_2021,positive regulation of mitochondrion organization (GO:0010822),2/58,0.32992519472778353,1.727192320225084,1.9152651396971778,MUL1;PINK1,1.0
GO_Biological_Process_2021,monocarboxylic acid metabolic process (GO:0032787),4/143,0.33069696417878874,1.3926768693256588,1.5410705435926382,ACOT7;ALDH4A1;HYI;MECR,1.0
GO_Biological_Process_2021,positive regulation of translation (GO:0045727),3/100,0.3315235419627019,1.4962778792717113,1.6519752516807016,KHDRBS1;MTOR;YTHDF2,1.0
GO_Biological_Process_2021,inositol phosphate-mediated signaling (GO:0048016),1/20,0.3365982456402897,2.543859587611004,2.769920202142577,ADGRB2,1.0
GO_Biological_Process_2021,regulation of protein modification by small protein conjugation or removal (GO:1903320),1/20,0.3365982456402897,2.543859587611004,2.769920202142577,PINK1,1.0
GO_Biological_Process_2021,natural killer cell mediated immunity (GO:0002228),1/20,0.3365982456402897,2.543859587611004,2.769920202142577,PLEKHM2,1.0
GO_Biological_Process_2021,protein-DNA complex disassembly (GO:0032986),1/20,0.3365982456402897,2.543859587611004,2.769920202142577,ARID1A,1.0
GO_Biological_Process_2021,eye morphogenesis (GO:0048592),1/20,0.3365982456402897,2.543859587611004,2.769920202142577,SKI,1.0
GO_Biological_Process_2021,"base-excision repair, AP site formation (GO:0006285)",1/20,0.3365982456402897,2.543859587611004,2.769920202142577,MUTYH,1.0
GO_Biological_Process_2021,regulation of nuclear division (GO:0051783),1/20,0.3365982456402897,2.543859587611004,2.769920202142577,RCC1,1.0
GO_Biological_Process_2021,regulation of protein localization to cell periphery (GO:1904375),1/20,0.3365982456402897,2.543859587611004,2.769920202142577,LDLRAP1,1.0
GO_Biological_Process_2021,folic acid-containing compound metabolic process (GO:0006760),1/20,0.3365982456402897,2.543859587611004,2.769920202142577,MTHFR,1.0
GO_Biological_Process_2021,negative regulation of telomere maintenance via telomerase (GO:0032211),1/20,0.3365982456402897,2.543859587611004,2.769920202142577,EXOSC10,1.0
GO_Biological_Process_2021,protein targeting to lysosome (GO:0006622),1/20,0.3365982456402897,2.543859587611004,2.769920202142577,LAPTM5,1.0
GO_Biological_Process_2021,regulation of granulocyte chemotaxis (GO:0071622),1/20,0.3365982456402897,2.543859587611004,2.769920202142577,AKIRIN1,1.0
GO_Biological_Process_2021,neuromuscular synaptic transmission (GO:0007274),1/20,0.3365982456402897,2.543859587611004,2.769920202142577,KIF1B,1.0
GO_Biological_Process_2021,negative regulation of dephosphorylation (GO:0035305),1/20,0.3365982456402897,2.543859587611004,2.769920202142577,PPP1R8,1.0
GO_Biological_Process_2021,positive regulation of protein processing (GO:0010954),1/20,0.3365982456402897,2.543859587611004,2.769920202142577,ENO1,1.0
GO_Biological_Process_2021,regulation of T cell migration (GO:2000404),1/20,0.3365982456402897,2.543859587611004,2.769920202142577,TNFRSF14,1.0
GO_Biological_Process_2021,cellular response to nitrogen compound (GO:1901699),1/20,0.3365982456402897,2.543859587611004,2.769920202142577,DDI2,1.0
GO_Biological_Process_2021,modulation by symbiont of entry into host (GO:0052372),1/20,0.3365982456402897,2.543859587611004,2.769920202142577,TRIM62,1.0
GO_Biological_Process_2021,mesoderm development (GO:0007498),1/20,0.3365982456402897,2.543859587611004,2.769920202142577,TIE1,1.0
GO_Biological_Process_2021,cardiac ventricle development (GO:0003231),1/20,0.3365982456402897,2.543859587611004,2.769920202142577,HEYL,1.0
GO_Biological_Process_2021,positive regulation of G2/M transition of mitotic cell cycle (GO:0010971),1/20,0.3365982456402897,2.543859587611004,2.769920202142577,RCC2,1.0
GO_Biological_Process_2021,positive regulation of epidermal cell differentiation (GO:0045606),1/20,0.3365982456402897,2.543859587611004,2.769920202142577,KDF1,1.0
GO_Biological_Process_2021,cellular monovalent inorganic cation homeostasis (GO:0030004),1/20,0.3365982456402897,2.543859587611004,2.769920202142577,SLC9A1,1.0
GO_Biological_Process_2021,positive regulation of epithelial cell differentiation (GO:0030858),1/20,0.3365982456402897,2.543859587611004,2.769920202142577,KDF1,1.0
GO_Biological_Process_2021,oligodendrocyte differentiation (GO:0048709),1/20,0.3365982456402897,2.543859587611004,2.769920202142577,EIF2B3,1.0
GO_Biological_Process_2021,cardiac epithelial to mesenchymal transition (GO:0060317),1/20,0.3365982456402897,2.543859587611004,2.769920202142577,HEYL,1.0
GO_Biological_Process_2021,regulation of secretion by cell (GO:1903530),2/59,0.3373628754250302,1.6968038497838198,1.8437405241455807,P3H1;VAMP3,1.0
GO_Biological_Process_2021,phospholipid transport (GO:0015914),2/59,0.3373628754250302,1.6968038497838198,1.8437405241455807,CPTP;MFSD2A,1.0
GO_Biological_Process_2021,mitotic sister chromatid segregation (GO:0000070),3/102,0.3426473148705832,1.4658996560833986,1.570057099991903,NUDC;PHF13;WRAP73,1.0
GO_Biological_Process_2021,regulation of protein catabolic process (GO:0042176),3/102,0.3426473148705832,1.4658996560833986,1.570057099991903,ATP13A2;AZIN2;MAD2L2,1.0
GO_Biological_Process_2021,positive regulation of vasculature development (GO:1904018),3/102,0.3426473148705832,1.4658996560833986,1.570057099991903,PIK3CD;TIE1;ZC3H12A,1.0
GO_Biological_Process_2021,positive regulation of cell growth (GO:0030307),3/102,0.3426473148705832,1.4658996560833986,1.570057099991903,MACF1;MFSD2A;SLC25A33,1.0
GO_Biological_Process_2021,response to organic cyclic compound (GO:0014070),2/60,0.3447755082947065,1.667463257633634,1.7756178831760823,ALPL;PAQR7,1.0
GO_Biological_Process_2021,Notch signaling pathway (GO:0007219),2/60,0.3447755082947065,1.667463257633634,1.7756178831760823,HEYL;YBX1,1.0
GO_Biological_Process_2021,cellular response to organonitrogen compound (GO:0071417),3/103,0.34820426262267234,1.4511662178370666,1.5309310344502591,MTOR;RRAGC;SESN2,1.0
GO_Biological_Process_2021,regulation of ubiquitin protein ligase activity (GO:1904666),1/21,0.3500787817899415,2.4165431514433786,2.536396584700136,MAD2L2,1.0
GO_Biological_Process_2021,regulation of cholesterol metabolic process (GO:0090181),1/21,0.3500787817899415,2.4165431514433786,2.536396584700136,LDLRAP1,1.0
GO_Biological_Process_2021,regulation of cardiac muscle cell proliferation (GO:0060043),1/21,0.3500787817899415,2.4165431514433786,2.536396584700136,TP73,1.0
GO_Biological_Process_2021,regulation of cardiac muscle contraction by calcium ion signaling (GO:0010882),1/21,0.3500787817899415,2.4165431514433786,2.536396584700136,SLC9A1,1.0
GO_Biological_Process_2021,regulation of transcription by RNA polymerase III (GO:0006359),1/21,0.3500787817899415,2.4165431514433786,2.536396584700136,MTOR,1.0
GO_Biological_Process_2021,positive regulation of phosphatase activity (GO:0010922),1/21,0.3500787817899415,2.4165431514433786,2.536396584700136,MTOR,1.0
GO_Biological_Process_2021,endocardial cushion development (GO:0003197),1/21,0.3500787817899415,2.4165431514433786,2.536396584700136,HEYL,1.0
GO_Biological_Process_2021,extrinsic apoptotic signaling pathway in absence of ligand (GO:0097192),1/21,0.3500787817899415,2.4165431514433786,2.536396584700136,CASP9,1.0
GO_Biological_Process_2021,beta-catenin destruction complex disassembly (GO:1904886),1/21,0.3500787817899415,2.4165431514433786,2.536396584700136,DVL1,1.0
GO_Biological_Process_2021,hydrogen peroxide catabolic process (GO:0042744),1/21,0.3500787817899415,2.4165431514433786,2.536396584700136,PRDX1,1.0
GO_Biological_Process_2021,positive regulation of T cell cytokine production (GO:0002726),1/21,0.3500787817899415,2.4165431514433786,2.536396584700136,PRKCZ,1.0
GO_Biological_Process_2021,positive regulation of transcription from RNA polymerase II promoter involved in cellular response to chemical stimulus (GO:1901522),1/21,0.3500787817899415,2.4165431514433786,2.536396584700136,SESN2,1.0
GO_Biological_Process_2021,negative regulation of response to wounding (GO:1903035),1/21,0.3500787817899415,2.4165431514433786,2.536396584700136,AJAP1,1.0
GO_Biological_Process_2021,autonomic nervous system development (GO:0048483),1/21,0.3500787817899415,2.4165431514433786,2.536396584700136,PHACTR4,1.0
GO_Biological_Process_2021,cellular response to inorganic substance (GO:0071241),1/21,0.3500787817899415,2.4165431514433786,2.536396584700136,DDI2,1.0
GO_Biological_Process_2021,anterior/posterior axis specification (GO:0009948),1/21,0.3500787817899415,2.4165431514433786,2.536396584700136,SKI,1.0
GO_Biological_Process_2021,retinol metabolic process (GO:0042572),1/21,0.3500787817899415,2.4165431514433786,2.536396584700136,DHRS3,1.0
GO_Biological_Process_2021,spindle assembly checkpoint signaling (GO:0071173),1/21,0.3500787817899415,2.4165431514433786,2.536396584700136,MAD2L2,1.0
GO_Biological_Process_2021,positive regulation of lipid storage (GO:0010884),1/21,0.3500787817899415,2.4165431514433786,2.536396584700136,ZC3H12A,1.0
GO_Biological_Process_2021,"nucleotide-excision repair, DNA incision, 3'-to lesion (GO:0006295)",1/21,0.3500787817899415,2.4165431514433786,2.536396584700136,RPA2,1.0
GO_Biological_Process_2021,long-term synaptic potentiation (GO:0060291),1/21,0.3500787817899415,2.4165431514433786,2.536396584700136,PRKCZ,1.0
GO_Biological_Process_2021,"nucleotide-excision repair, preincision complex stabilization (GO:0006293)",1/21,0.3500787817899415,2.4165431514433786,2.536396584700136,RPA2,1.0
GO_Biological_Process_2021,mitotic spindle checkpoint signaling (GO:0071174),1/21,0.3500787817899415,2.4165431514433786,2.536396584700136,MAD2L2,1.0
GO_Biological_Process_2021,mitotic spindle assembly checkpoint signaling (GO:0007094),1/21,0.3500787817899415,2.4165431514433786,2.536396584700136,MAD2L2,1.0
GO_Biological_Process_2021,intrinsic apoptotic signaling pathway in response to DNA damage by p53 class mediator (GO:0042771),1/21,0.3500787817899415,2.4165431514433786,2.536396584700136,TP73,1.0
GO_Biological_Process_2021,stress granule assembly (GO:0034063),1/21,0.3500787817899415,2.4165431514433786,2.536396584700136,YTHDF2,1.0
GO_Biological_Process_2021,sterol transport (GO:0015918),1/21,0.3500787817899415,2.4165431514433786,2.536396584700136,LDLRAP1,1.0
GO_Biological_Process_2021,linoleic acid metabolic process (GO:0043651),1/21,0.3500787817899415,2.4165431514433786,2.536396584700136,ELOVL1,1.0
GO_Biological_Process_2021,cobalamin metabolic process (GO:0009235),1/21,0.3500787817899415,2.4165431514433786,2.536396584700136,MMACHC,1.0
GO_Biological_Process_2021,NAD biosynthetic process (GO:0009435),1/21,0.3500787817899415,2.4165431514433786,2.536396584700136,NMNAT1,1.0
GO_Biological_Process_2021,intracellular lipid transport (GO:0032365),1/21,0.3500787817899415,2.4165431514433786,2.536396584700136,FABP3,1.0
GO_Biological_Process_2021,myotube differentiation (GO:0014902),1/21,0.3500787817899415,2.4165431514433786,2.536396584700136,SKI,1.0
GO_Biological_Process_2021,vacuolar acidification (GO:0007035),1/21,0.3500787817899415,2.4165431514433786,2.536396584700136,PPT1,1.0
GO_Biological_Process_2021,protein lipidation (GO:0006497),2/61,0.3521610477474034,1.639117261827522,1.7106920806261854,PIGV;ZDHHC18,1.0
GO_Biological_Process_2021,regulation of cellular macromolecule biosynthetic process (GO:2000112),11/468,0.3533026793953475,1.1661468286885246,1.213294309091183,CDK11A;CDK11B;DVL1;HP1BP3;MYCBP;NFYC;PPIE;PRDM2;SFPQ;SRSF10;YBX1,1.0
GO_Biological_Process_2021,positive regulation of hydrolase activity (GO:0051345),4/149,0.35835372831465656,1.3346371265187198,1.3696509477996723,AGRN;ASAP3;PINK1;RAP1GAP,1.0
GO_Biological_Process_2021,activation of GTPase activity (GO:0090630),3/105,0.359302873374075,1.4225660141824228,1.456123760004121,ARHGEF16;EPHA2;RAP1GAP,1.0
GO_Biological_Process_2021,glucose metabolic process (GO:0006006),2/62,0.35951754114034773,1.6117161325482805,1.6487732092633127,AKR1A1;ENO1,1.0
GO_Biological_Process_2021,axonogenesis (GO:0007409),6/240,0.3611935451009575,1.2410256106410265,1.2637876688008116,ARTN;EPHA10;EPHA2;EPHB2;PIK3CD;RAP1GAP,1.0
GO_Biological_Process_2021,response to cytokine (GO:0034097),4/150,0.3629650814748801,1.3254276239500387,1.3432528277196831,DDOST;IFNLR1;ISG15;LDLRAP1,1.0
GO_Biological_Process_2021,brain development (GO:0007420),4/150,0.3629650814748801,1.3254276239500387,1.3432528277196831,HSPG2;KLHL17;MFSD2A;PPT1,1.0
GO_Biological_Process_2021,microglial cell activation (GO:0001774),1/22,0.363286050151385,2.301352090148861,2.330267976422873,C1QA,1.0
GO_Biological_Process_2021,regulation of membrane protein ectodomain proteolysis (GO:0051043),1/22,0.363286050151385,2.301352090148861,2.330267976422873,TNFRSF1B,1.0
GO_Biological_Process_2021,regulation of lipid storage (GO:0010883),1/22,0.363286050151385,2.301352090148861,2.330267976422873,ZC3H12A,1.0
GO_Biological_Process_2021,regulation of viral release from host cell (GO:1902186),1/22,0.363286050151385,2.301352090148861,2.330267976422873,TRIM62,1.0
GO_Biological_Process_2021,negative regulation of B cell activation (GO:0050869),1/22,0.363286050151385,2.301352090148861,2.330267976422873,LAPTM5,1.0
GO_Biological_Process_2021,negative regulation of small molecule metabolic process (GO:0062014),1/22,0.363286050151385,2.301352090148861,2.330267976422873,C1QTNF12,1.0
GO_Biological_Process_2021,regulation of adenylate cyclase activity (GO:0045761),1/22,0.363286050151385,2.301352090148861,2.330267976422873,CAP1,1.0
GO_Biological_Process_2021,fatty-acyl-CoA metabolic process (GO:0035337),1/22,0.363286050151385,2.301352090148861,2.330267976422873,PPT1,1.0
GO_Biological_Process_2021,phosphatidylserine acyl-chain remodeling (GO:0036150),1/22,0.363286050151385,2.301352090148861,2.330267976422873,PLA2G5,1.0
GO_Biological_Process_2021,positive regulation of axon extension (GO:0045773),1/22,0.363286050151385,2.301352090148861,2.330267976422873,MACF1,1.0
GO_Biological_Process_2021,tetrapyrrole metabolic process (GO:0033013),1/22,0.363286050151385,2.301352090148861,2.330267976422873,MMACHC,1.0
GO_Biological_Process_2021,negative regulation of protein dephosphorylation (GO:0035308),1/22,0.363286050151385,2.301352090148861,2.330267976422873,PPP1R8,1.0
GO_Biological_Process_2021,glutathione derivative biosynthetic process (GO:1901687),1/22,0.363286050151385,2.301352090148861,2.330267976422873,AKR1A1,1.0
GO_Biological_Process_2021,glutathione derivative metabolic process (GO:1901685),1/22,0.363286050151385,2.301352090148861,2.330267976422873,AKR1A1,1.0
GO_Biological_Process_2021,positive regulation of calcium ion transmembrane transporter activity (GO:1901021),1/22,0.363286050151385,2.301352090148861,2.330267976422873,SLC9A1,1.0
GO_Biological_Process_2021,error-free translesion synthesis (GO:0070987),1/22,0.363286050151385,2.301352090148861,2.330267976422873,RPA2,1.0
GO_Biological_Process_2021,positive regulation of peptidase activity (GO:0010952),1/22,0.363286050151385,2.301352090148861,2.330267976422873,PINK1,1.0
GO_Biological_Process_2021,negative regulation of lymphocyte activation (GO:0051250),1/22,0.363286050151385,2.301352090148861,2.330267976422873,LAPTM5,1.0
GO_Biological_Process_2021,regulation of vacuole organization (GO:0044088),1/22,0.363286050151385,2.301352090148861,2.330267976422873,ENO1,1.0
GO_Biological_Process_2021,negative regulation of mitotic metaphase/anaphase transition (GO:0045841),1/22,0.363286050151385,2.301352090148861,2.330267976422873,MAD2L2,1.0
GO_Biological_Process_2021,negative regulation of cyclin-dependent protein kinase activity (GO:1904030),1/22,0.363286050151385,2.301352090148861,2.330267976422873,CAMK2N1,1.0
GO_Biological_Process_2021,negative regulation of lipid biosynthetic process (GO:0051055),1/22,0.363286050151385,2.301352090148861,2.330267976422873,WDTC1,1.0
GO_Biological_Process_2021,positive regulation of neural precursor cell proliferation (GO:2000179),1/22,0.363286050151385,2.301352090148861,2.330267976422873,KDM1A,1.0
GO_Biological_Process_2021,proteasomal ubiquitin-independent protein catabolic process (GO:0010499),1/22,0.363286050151385,2.301352090148861,2.330267976422873,PSMB2,1.0
GO_Biological_Process_2021,natural killer cell mediated cytotoxicity (GO:0042267),1/22,0.363286050151385,2.301352090148861,2.330267976422873,PLEKHM2,1.0
GO_Biological_Process_2021,limb morphogenesis (GO:0035108),1/22,0.363286050151385,2.301352090148861,2.330267976422873,SKI,1.0
GO_Biological_Process_2021,negative regulation of interleukin-2 production (GO:0032703),1/22,0.363286050151385,2.301352090148861,2.330267976422873,LAPTM5,1.0
GO_Biological_Process_2021,organelle fusion (GO:0048284),1/22,0.363286050151385,2.301352090148861,2.330267976422873,MFN2,1.0
GO_Biological_Process_2021,regulation of macrophage chemotaxis (GO:0010758),1/22,0.363286050151385,2.301352090148861,2.330267976422873,AKIRIN1,1.0
GO_Biological_Process_2021,protein import into peroxisome membrane (GO:0045046),1/22,0.363286050151385,2.301352090148861,2.330267976422873,PEX14,1.0
GO_Biological_Process_2021,osteoclast differentiation (GO:0030316),1/22,0.363286050151385,2.301352090148861,2.330267976422873,EPHA2,1.0
GO_Biological_Process_2021,membrane lipid metabolic process (GO:0006643),1/22,0.363286050151385,2.301352090148861,2.330267976422873,SMPDL3B,1.0
GO_Biological_Process_2021,small GTPase mediated signal transduction (GO:0007264),3/106,0.3648424444349713,1.408682420175314,1.4203599433829126,CNKSR1;GNB1;RRAGC,1.0
GO_Biological_Process_2021,chromosome organization (GO:0051276),3/106,0.3648424444349713,1.408682420175314,1.4203599433829126,HDAC1;MTHFR;PADI2,1.0
GO_Biological_Process_2021,protein processing (GO:0016485),3/106,0.3648424444349713,1.408682420175314,1.4203599433829126,DDI2;ECE1;ZMPSTE24,1.0
GO_Biological_Process_2021,"vesicle targeting, rough ER to cis-Golgi (GO:0048207)",2/63,0.36684312586294004,1.5852134009503258,1.589685244004497,PEF1;TRAPPC3,1.0
GO_Biological_Process_2021,vesicle coating (GO:0006901),2/63,0.36684312586294004,1.5852134009503258,1.589685244004497,PEF1;TRAPPC3,1.0
GO_Biological_Process_2021,COPII vesicle coating (GO:0048208),2/63,0.36684312586294004,1.5852134009503258,1.589685244004497,PEF1;TRAPPC3,1.0
GO_Biological_Process_2021,membrane organization (GO:0061024),6/242,0.36842463821406857,1.2303813258082634,1.2285592514737385,AZIN2;CPTP;LDLRAP1;MFN2;PPT1;VAMP3,1.0
GO_Biological_Process_2021,negative regulation of cell cycle process (GO:0010948),2/64,0.3741360265018415,1.5595655961781112,1.5332648331648966,AURKAIP1;RBBP4,1.0
GO_Biological_Process_2021,regulation of innate immune response (GO:0045088),2/64,0.3741360265018415,1.5595655961781112,1.5332648331648966,FGR;MUL1,1.0
GO_Biological_Process_2021,lipid homeostasis (GO:0055088),2/64,0.3741360265018415,1.5595655961781112,1.5332648331648966,ATP13A2;FABP3,1.0
GO_Biological_Process_2021,triglyceride catabolic process (GO:0019433),1/23,0.3762255768126393,2.1966329435174807,2.147354508526695,FABP3,1.0
GO_Biological_Process_2021,nucleotide metabolic process (GO:0009117),1/23,0.3762255768126393,2.1966329435174807,2.147354508526695,NMNAT1,1.0
GO_Biological_Process_2021,regulation of mononuclear cell migration (GO:0071675),1/23,0.3762255768126393,2.1966329435174807,2.147354508526695,AKIRIN1,1.0
GO_Biological_Process_2021,negative regulation of smoothened signaling pathway (GO:0045879),1/23,0.3762255768126393,2.1966329435174807,2.147354508526695,PTCH2,1.0
GO_Biological_Process_2021,peptidyl-S-diacylglycerol-L-cysteine biosynthetic process from peptidyl-cysteine (GO:0018231),1/23,0.3762255768126393,2.1966329435174807,2.147354508526695,ZDHHC18,1.0
GO_Biological_Process_2021,peptidyl-L-cysteine S-palmitoylation (GO:0018230),1/23,0.3762255768126393,2.1966329435174807,2.147354508526695,ZDHHC18,1.0
GO_Biological_Process_2021,mitotic cell cycle checkpoint signaling (GO:0007093),1/23,0.3762255768126393,2.1966329435174807,2.147354508526695,PLK3,1.0
GO_Biological_Process_2021,regulation of interleukin-4 production (GO:0032673),1/23,0.3762255768126393,2.1966329435174807,2.147354508526695,PRKCZ,1.0
GO_Biological_Process_2021,regulation of neural precursor cell proliferation (GO:2000177),1/23,0.3762255768126393,2.1966329435174807,2.147354508526695,KDM1A,1.0
GO_Biological_Process_2021,response to nutrient levels (GO:0031667),1/23,0.3762255768126393,2.1966329435174807,2.147354508526695,MTOR,1.0
GO_Biological_Process_2021,positive regulation of cell cycle G2/M phase transition (GO:1902751),1/23,0.3762255768126393,2.1966329435174807,2.147354508526695,RCC2,1.0
GO_Biological_Process_2021,positive regulation of transcription by RNA polymerase I (GO:0045943),1/23,0.3762255768126393,2.1966329435174807,2.147354508526695,MTOR,1.0
GO_Biological_Process_2021,oligosaccharide biosynthetic process (GO:0009312),1/23,0.3762255768126393,2.1966329435174807,2.147354508526695,ST3GAL3,1.0
GO_Biological_Process_2021,ear morphogenesis (GO:0042471),1/23,0.3762255768126393,2.1966329435174807,2.147354508526695,EPHB2,1.0
GO_Biological_Process_2021,cytoskeleton-dependent intracellular transport (GO:0030705),1/23,0.3762255768126393,2.1966329435174807,2.147354508526695,KIF1B,1.0
GO_Biological_Process_2021,negative regulation of reactive oxygen species metabolic process (GO:2000378),1/23,0.3762255768126393,2.1966329435174807,2.147354508526695,PINK1,1.0
GO_Biological_Process_2021,negative regulation of GTPase activity (GO:0034260),1/23,0.3762255768126393,2.1966329435174807,2.147354508526695,RCC2,1.0
GO_Biological_Process_2021,DNA methylation (GO:0006306),1/23,0.3762255768126393,2.1966329435174807,2.147354508526695,DMAP1,1.0
GO_Biological_Process_2021,negative regulation of G protein-coupled receptor signaling pathway (GO:0045744),1/23,0.3762255768126393,2.1966329435174807,2.147354508526695,STMN1,1.0
GO_Biological_Process_2021,positive regulation of mRNA processing (GO:0050685),1/23,0.3762255768126393,2.1966329435174807,2.147354508526695,THRAP3,1.0
GO_Biological_Process_2021,positive regulation of morphogenesis of an epithelium (GO:1905332),1/23,0.3762255768126393,2.1966329435174807,2.147354508526695,PIK3CD,1.0
GO_Biological_Process_2021,hyaluronan metabolic process (GO:0030212),1/23,0.3762255768126393,2.1966329435174807,2.147354508526695,SLC9A1,1.0
GO_Biological_Process_2021,positive regulation of Wnt signaling pathway (GO:0030177),4/153,0.3767895291180437,1.298540821148856,1.2674648247703009,MACF1;PSMB2;RNF220;SKI,1.0
GO_Biological_Process_2021,mitotic G1 DNA damage checkpoint signaling (GO:0031571),2/65,0.3813945520835902,1.5347320074304116,1.4793602116882751,PLK3;RPA2,1.0
GO_Biological_Process_2021,chemical homeostasis (GO:0048878),2/65,0.3813945520835902,1.5347320074304116,1.4793602116882751,ATP13A2;SLC66A1,1.0
GO_Biological_Process_2021,cellular response to type I interferon (GO:0071357),2/65,0.3813945520835902,1.5347320074304116,1.4793602116882751,IFI6;ISG15,1.0
GO_Biological_Process_2021,protein autoubiquitination (GO:0051865),2/65,0.3813945520835902,1.5347320074304116,1.4793602116882751,RNF19B;RNF220,1.0
GO_Biological_Process_2021,tRNA modification (GO:0006400),2/65,0.3813945520835902,1.5347320074304116,1.4793602116882751,PUSL1;TRIT1,1.0
GO_Biological_Process_2021,type I interferon signaling pathway (GO:0060337),2/65,0.3813945520835902,1.5347320074304116,1.4793602116882751,IFI6;ISG15,1.0
GO_Biological_Process_2021,regulation of RNA metabolic process (GO:0051252),2/65,0.3813945520835902,1.5347320074304116,1.4793602116882751,TNFRSF1B;YTHDF2,1.0
GO_Biological_Process_2021,modulation of chemical synaptic transmission (GO:0050804),3/109,0.38141016243157266,1.3686033657774341,1.3191693315891684,CLSTN1;RIMS3;TPRG1L,1.0
GO_Biological_Process_2021,lipid transport (GO:0006869),3/109,0.38141016243157266,1.3686033657774341,1.3191693315891684,CPTP;FABP3;MFSD2A,1.0
GO_Biological_Process_2021,neutrophil degranulation (GO:0043312),11/481,0.3867907095848114,1.1331214370284366,1.0763197979893966,ATAD3B;CAP1;DDOST;FGR;FUCA1;KCNAB2;PADI2;PPIE;SLC2A5;TNFRSF1B;UBR4,1.0
GO_Biological_Process_2021,positive regulation of cell death (GO:0010942),2/66,0.3886170933927778,1.5106744683310775,1.4278302223937696,C1QA;ZC3H12A,1.0
GO_Biological_Process_2021,response to gamma radiation (GO:0010332),1/24,0.38890277638284876,2.1010198096366555,1.9842575220700667,KDM1A,1.0
GO_Biological_Process_2021,positive regulation of transcription from RNA polymerase II promoter in response to stress (GO:0036003),1/24,0.38890277638284876,2.1010198096366555,1.9842575220700667,SESN2,1.0
GO_Biological_Process_2021,ncRNA 3'-end processing (GO:0043628),1/24,0.38890277638284876,2.1010198096366555,1.9842575220700667,TOE1,1.0
GO_Biological_Process_2021,heterochromatin assembly (GO:0031507),1/24,0.38890277638284876,2.1010198096366555,1.9842575220700667,HDAC1,1.0
GO_Biological_Process_2021,inner ear morphogenesis (GO:0042472),1/24,0.38890277638284876,2.1010198096366555,1.9842575220700667,EPHB2,1.0
GO_Biological_Process_2021,positive regulation of p38MAPK cascade (GO:1900745),1/24,0.38890277638284876,2.1010198096366555,1.9842575220700667,ZC3H12A,1.0
GO_Biological_Process_2021,negative regulation of NIK/NF-kappaB signaling (GO:1901223),1/24,0.38890277638284876,2.1010198096366555,1.9842575220700667,ZC3H12A,1.0
GO_Biological_Process_2021,"wound healing, spreading of cells (GO:0044319)",1/24,0.38890277638284876,2.1010198096366555,1.9842575220700667,PDPN,1.0
GO_Biological_Process_2021,positive regulation of phospholipase activity (GO:0010518),1/24,0.38890277638284876,2.1010198096366555,1.9842575220700667,PLA2G5,1.0
GO_Biological_Process_2021,dorsal/ventral pattern formation (GO:0009953),1/24,0.38890277638284876,2.1010198096366555,1.9842575220700667,NBL1,1.0
GO_Biological_Process_2021,regulation of cardiac muscle hypertrophy (GO:0010611),1/24,0.38890277638284876,2.1010198096366555,1.9842575220700667,SLC9A1,1.0
GO_Biological_Process_2021,regulation of cell size (GO:0008361),1/24,0.38890277638284876,2.1010198096366555,1.9842575220700667,MTOR,1.0
GO_Biological_Process_2021,"nucleotide-excision repair, DNA gap filling (GO:0006297)",1/24,0.38890277638284876,2.1010198096366555,1.9842575220700667,RPA2,1.0
GO_Biological_Process_2021,cholesterol efflux (GO:0033344),1/24,0.38890277638284876,2.1010198096366555,1.9842575220700667,STX12,1.0
GO_Biological_Process_2021,amino acid import across plasma membrane (GO:0089718),1/24,0.38890277638284876,2.1010198096366555,1.9842575220700667,SLC6A9,1.0
GO_Biological_Process_2021,carbohydrate biosynthetic process (GO:0016051),1/24,0.38890277638284876,2.1010198096366555,1.9842575220700667,ST3GAL3,1.0
GO_Biological_Process_2021,leukotriene metabolic process (GO:0006691),1/24,0.38890277638284876,2.1010198096366555,1.9842575220700667,PLA2G5,1.0
GO_Biological_Process_2021,"protein alpha-1,2-demannosylation (GO:0036508)",1/24,0.38890277638284876,2.1010198096366555,1.9842575220700667,MAN1C1,1.0
GO_Biological_Process_2021,protein K48-linked deubiquitination (GO:0071108),1/24,0.38890277638284876,2.1010198096366555,1.9842575220700667,OTUD3,1.0
GO_Biological_Process_2021,negative regulation of protein tyrosine kinase activity (GO:0061099),1/24,0.38890277638284876,2.1010198096366555,1.9842575220700667,ERRFI1,1.0
GO_Biological_Process_2021,glucose catabolic process to pyruvate (GO:0061718),1/24,0.38890277638284876,2.1010198096366555,1.9842575220700667,ENO1,1.0
GO_Biological_Process_2021,positive regulation of cell-substrate junction organization (GO:0150117),1/24,0.38890277638284876,2.1010198096366555,1.9842575220700667,COL16A1,1.0
GO_Biological_Process_2021,canonical glycolysis (GO:0061621),1/24,0.38890277638284876,2.1010198096366555,1.9842575220700667,ENO1,1.0
GO_Biological_Process_2021,positive regulation of viral life cycle (GO:1903902),1/24,0.38890277638284876,2.1010198096366555,1.9842575220700667,KPNA6,1.0
GO_Biological_Process_2021,sulfur amino acid metabolic process (GO:0000096),1/24,0.38890277638284876,2.1010198096366555,1.9842575220700667,MTHFR,1.0
GO_Biological_Process_2021,positive regulation of gene expression (GO:0010628),11/482,0.38938022451072835,1.1306565335516017,1.0664340799572625,AGO1;AGO3;AGO4;ATP13A2;CAMK2N1;EPHB2;FGR;MTOR;PIK3CD;RNF207;ZC3H12A,1.0
GO_Biological_Process_2021,regulation of Wnt signaling pathway (GO:0030111),3/111,0.39240322959717716,1.3431210040306343,1.256443121116682,CTNNBIP1;MACF1;SKI,1.0
GO_Biological_Process_2021,protein N-linked glycosylation (GO:0006487),2/67,0.3958021203638719,1.4873571612040306,1.378543433057296,DDOST;MAN1C1,1.0
GO_Biological_Process_2021,regulation of gene silencing by miRNA (GO:0060964),2/67,0.3958021203638719,1.4873571612040306,1.378543433057296,AGO1;PUM1,1.0
GO_Biological_Process_2021,regulation of epidermal growth factor receptor signaling pathway (GO:0042058),2/67,0.3958021203638719,1.4873571612040306,1.378543433057296,ERRFI1;IFI6,1.0
GO_Biological_Process_2021,neutrophil activation involved in immune response (GO:0002283),11/485,0.3971563850699865,1.1233242257407636,1.0373058515464542,ATAD3B;CAP1;DDOST;FGR;FUCA1;KCNAB2;PADI2;PPIE;SLC2A5;TNFRSF1B;UBR4,1.0
GO_Biological_Process_2021,phosphatidylinositol metabolic process (GO:0046488),3/112,0.3978813861454617,1.3307304978601717,1.2264030138340456,INPP5B;PIK3CD;PLA2G5,1.0
GO_Biological_Process_2021,skeletal system development (GO:0001501),4/158,0.39976168568317577,1.256057344861273,1.1516622679330095,ALPL;COL9A2;P3H1;PRDX1,1.0
GO_Biological_Process_2021,glycolytic process through glucose-6-phosphate (GO:0061620),1/25,0.4013229542357001,2.0133744369125655,1.8381883184660535,ENO1,1.0
GO_Biological_Process_2021,cellular response to hexose stimulus (GO:0071331),1/25,0.4013229542357001,2.0133744369125655,1.8381883184660535,SLC2A5,1.0
GO_Biological_Process_2021,phosphatidylglycerol metabolic process (GO:0046471),1/25,0.4013229542357001,2.0133744369125655,1.8381883184660535,PLA2G5,1.0
GO_Biological_Process_2021,sodium ion homeostasis (GO:0055078),1/25,0.4013229542357001,2.0133744369125655,1.8381883184660535,SLC9A1,1.0
GO_Biological_Process_2021,negative regulation of antigen receptor-mediated signaling pathway (GO:0050858),1/25,0.4013229542357001,2.0133744369125655,1.8381883184660535,LAPTM5,1.0
GO_Biological_Process_2021,peptide catabolic process (GO:0043171),1/25,0.4013229542357001,2.0133744369125655,1.8381883184660535,ECE1,1.0
GO_Biological_Process_2021,regulation of myotube differentiation (GO:0010830),1/25,0.4013229542357001,2.0133744369125655,1.8381883184660535,HDAC1,1.0
GO_Biological_Process_2021,cAMP-mediated signaling (GO:0019933),1/25,0.4013229542357001,2.0133744369125655,1.8381883184660535,CAP1,1.0
GO_Biological_Process_2021,positive regulation of lipid metabolic process (GO:0045834),1/25,0.4013229542357001,2.0133744369125655,1.8381883184660535,MTOR,1.0
GO_Biological_Process_2021,fat-soluble vitamin metabolic process (GO:0006775),1/25,0.4013229542357001,2.0133744369125655,1.8381883184660535,UBIAD1,1.0
GO_Biological_Process_2021,negative regulation of cell junction assembly (GO:1901889),1/25,0.4013229542357001,2.0133744369125655,1.8381883184660535,RCC2,1.0
GO_Biological_Process_2021,endosome transport via multivesicular body sorting pathway (GO:0032509),1/25,0.4013229542357001,2.0133744369125655,1.8381883184660535,TMEM50A,1.0
GO_Biological_Process_2021,positive regulation of T cell migration (GO:2000406),1/25,0.4013229542357001,2.0133744369125655,1.8381883184660535,TNFRSF14,1.0
GO_Biological_Process_2021,phosphatidylinositol dephosphorylation (GO:0046856),1/25,0.4013229542357001,2.0133744369125655,1.8381883184660535,INPP5B,1.0
GO_Biological_Process_2021,positive regulation of release of cytochrome c from mitochondria (GO:0090200),1/25,0.4013229542357001,2.0133744369125655,1.8381883184660535,PINK1,1.0
GO_Biological_Process_2021,regulation of ryanodine-sensitive calcium-release channel activity (GO:0060314),1/25,0.4013229542357001,2.0133744369125655,1.8381883184660535,SELENON,1.0
GO_Biological_Process_2021,negative regulation of cellular carbohydrate metabolic process (GO:0010677),1/25,0.4013229542357001,2.0133744369125655,1.8381883184660535,C1QTNF12,1.0
GO_Biological_Process_2021,sulfur compound biosynthetic process (GO:0044272),3/113,0.4033461207494495,1.3185652736200812,1.197204822809361,AKR1A1;B4GALT2;ST3GAL3,1.0
GO_Biological_Process_2021,positive regulation of metabolic process (GO:0009893),3/113,0.4033461207494495,1.3185652736200812,1.197204822809361,GPR3;KDM1A;MFN2,1.0
GO_Biological_Process_2021,protein autophosphorylation (GO:0046777),4/159,0.4043405526953833,1.2478895539363057,1.1299612505858183,ATP13A2;FGR;MTOR;PINK1,1.0
GO_Biological_Process_2021,neutrophil mediated immunity (GO:0002446),11/488,0.4049415487017627,1.1160841482168544,1.0089540729205166,ATAD3B;CAP1;DDOST;FGR;FUCA1;KCNAB2;PADI2;PPIE;SLC2A5;TNFRSF1B;UBR4,1.0
GO_Biological_Process_2021,RNA 3'-end processing (GO:0031123),2/69,0.41005389163053085,1.4428106640060905,1.286217639609254,SRRM1;SRSF4,1.0
GO_Biological_Process_2021,peptidyl-tyrosine phosphorylation (GO:0018108),2/69,0.41005389163053085,1.4428106640060905,1.286217639609254,EPHB2;FGR,1.0
GO_Biological_Process_2021,positive regulation of protein transport (GO:0051222),2/69,0.41005389163053085,1.4428106640060905,1.286217639609254,ATP13A2;PLK3,1.0
GO_Biological_Process_2021,regulation of protein kinase B signaling (GO:0051896),5/207,0.4111643414618804,1.197007452063467,1.0638550804558395,EPHA2;MUL1;OTUD3;PIK3CD;PINK1,1.0
GO_Biological_Process_2021,hippo signaling (GO:0035329),1/26,0.4134913087078055,1.9327406940064027,1.7068396106737909,NPHP4,1.0
GO_Biological_Process_2021,negative regulation of intrinsic apoptotic signaling pathway in response to DNA damage (GO:1902230),1/26,0.4134913087078055,1.9327406940064027,1.7068396106737909,KDM1A,1.0
GO_Biological_Process_2021,DNA modification (GO:0006304),1/26,0.4134913087078055,1.9327406940064027,1.7068396106737909,MUTYH,1.0
GO_Biological_Process_2021,regulation of regulatory T cell differentiation (GO:0045589),1/26,0.4134913087078055,1.9327406940064027,1.7068396106737909,TNFRSF18,1.0
GO_Biological_Process_2021,positive regulation of protein insertion into mitochondrial membrane involved in apoptotic signaling pathway (GO:1900740),1/26,0.4134913087078055,1.9327406940064027,1.7068396106737909,TP73,1.0
GO_Biological_Process_2021,RNA polyadenylation (GO:0043631),1/26,0.4134913087078055,1.9327406940064027,1.7068396106737909,SSU72,1.0
GO_Biological_Process_2021,meiosis I (GO:0007127),1/26,0.4134913087078055,1.9327406940064027,1.7068396106737909,FOXJ3,1.0
GO_Biological_Process_2021,positive regulation of glucose import (GO:0046326),1/26,0.4134913087078055,1.9327406940064027,1.7068396106737909,C1QTNF12,1.0
GO_Biological_Process_2021,positive regulation of ion transmembrane transporter activity (GO:0032414),1/26,0.4134913087078055,1.9327406940064027,1.7068396106737909,SLC6A9,1.0
GO_Biological_Process_2021,proteoglycan metabolic process (GO:0006029),1/26,0.4134913087078055,1.9327406940064027,1.7068396106737909,B3GALT6,1.0
GO_Biological_Process_2021,regulation of myelination (GO:0031641),1/26,0.4134913087078055,1.9327406940064027,1.7068396106737909,TNFRSF1B,1.0
GO_Biological_Process_2021,negative regulation of telomere maintenance via telomere lengthening (GO:1904357),1/26,0.4134913087078055,1.9327406940064027,1.7068396106737909,EXOSC10,1.0
GO_Biological_Process_2021,phosphatidylethanolamine acyl-chain remodeling (GO:0036152),1/26,0.4134913087078055,1.9327406940064027,1.7068396106737909,PLA2G5,1.0
GO_Biological_Process_2021,positive regulation of G1/S transition of mitotic cell cycle (GO:1900087),1/26,0.4134913087078055,1.9327406940064027,1.7068396106737909,LSM10,1.0
GO_Biological_Process_2021,positive regulation of filopodium assembly (GO:0051491),1/26,0.4134913087078055,1.9327406940064027,1.7068396106737909,AGRN,1.0
GO_Biological_Process_2021,regulation of monocyte chemotaxis (GO:0090025),1/26,0.4134913087078055,1.9327406940064027,1.7068396106737909,NBL1,1.0
GO_Biological_Process_2021,regulation of protein insertion into mitochondrial membrane involved in apoptotic signaling pathway (GO:1900739),1/26,0.4134913087078055,1.9327406940064027,1.7068396106737909,TP73,1.0
GO_Biological_Process_2021,mRNA polyadenylation (GO:0006378),1/26,0.4134913087078055,1.9327406940064027,1.7068396106737909,SSU72,1.0
GO_Biological_Process_2021,innate immune response (GO:0045087),7/302,0.41500875666633613,1.1477252171463457,1.0093734367065506,ATAD3A;FGR;IFI6;IFNLR1;ISG15;PIK3CD;TRIM62,1.0
GO_Biological_Process_2021,negative regulation of viral process (GO:0048525),2/70,0.41711794906467364,1.421520058727663,1.2429575873441412,ISG15;TRIM62,1.0
GO_Biological_Process_2021,establishment of protein localization to membrane (GO:0090150),2/70,0.41711794906467364,1.421520058727663,1.2429575873441412,ICMT;ZDHHC18,1.0
GO_Biological_Process_2021,defense response to Gram-positive bacterium (GO:0050830),2/70,0.41711794906467364,1.421520058727663,1.2429575873441412,FGR;TNFRSF14,1.0
GO_Biological_Process_2021,COPII-coated vesicle budding (GO:0090114),2/70,0.41711794906467364,1.421520058727663,1.2429575873441412,PEF1;TRAPPC3,1.0
GO_Biological_Process_2021,regulation of plasma membrane bounded cell projection assembly (GO:0120032),2/70,0.41711794906467364,1.421520058727663,1.2429575873441412,CAPZB;EPHA2,1.0
GO_Biological_Process_2021,sphingolipid metabolic process (GO:0006665),3/116,0.4196514065667805,1.2833614831199966,1.1143824274243064,CPTP;ELOVL1;PPT1,1.0
GO_Biological_Process_2021,positive regulation of angiogenesis (GO:0045766),3/116,0.4196514065667805,1.2833614831199966,1.1143824274243064,PIK3CD;TIE1;ZC3H12A,1.0
GO_Biological_Process_2021,regulation of protein-containing complex assembly (GO:0043254),3/116,0.4196514065667805,1.2833614831199966,1.1143824274243064,FBLIM1;PINK1;PRKCZ,1.0
GO_Biological_Process_2021,myeloid leukocyte differentiation (GO:0002573),2/71,0.424139113707689,1.4008465724428134,1.2014973907915185,EPHA2;PIK3CD,1.0
GO_Biological_Process_2021,cholesterol homeostasis (GO:0042632),2/71,0.424139113707689,1.4008465724428134,1.2014973907915185,FABP3;LDLRAP1,1.0
GO_Biological_Process_2021,fatty acid biosynthetic process (GO:0006633),2/71,0.424139113707689,1.4008465724428134,1.2014973907915185,ACOT7;ELOVL1,1.0
GO_Biological_Process_2021,phosphatidylinositol-mediated signaling (GO:0048015),2/71,0.424139113707689,1.4008465724428134,1.2014973907915185,PIK3CD;PLCH2,1.0
GO_Biological_Process_2021,response to metal ion (GO:0010038),2/71,0.424139113707689,1.4008465724428134,1.2014973907915185,MTF1;PEF1,1.0
GO_Biological_Process_2021,Fc-gamma receptor signaling pathway involved in phagocytosis (GO:0038096),2/71,0.424139113707689,1.4008465724428134,1.2014973907915185,FGR;WASF2,1.0
GO_Biological_Process_2021,negative regulation of neuron apoptotic process (GO:0043524),2/71,0.424139113707689,1.4008465724428134,1.2014973907915185,PINK1;PPT1,1.0
GO_Biological_Process_2021,positive regulation of cellular protein localization (GO:1903829),2/71,0.424139113707689,1.4008465724428134,1.2014973907915185,CROCC;SESN2,1.0
GO_Biological_Process_2021,regulation of endopeptidase activity (GO:0052548),2/71,0.424139113707689,1.4008465724428134,1.2014973907915185,ATP13A2;HDAC1,1.0
GO_Biological_Process_2021,dendritic spine organization (GO:0097061),1/27,0.42541293325294577,1.8583095467084063,1.5882878299103143,EPHB2,1.0
GO_Biological_Process_2021,modulation of excitatory postsynaptic potential (GO:0098815),1/27,0.42541293325294577,1.8583095467084063,1.5882878299103143,PRKCZ,1.0
GO_Biological_Process_2021,monovalent inorganic cation homeostasis (GO:0055067),1/27,0.42541293325294577,1.8583095467084063,1.5882878299103143,SLC9A1,1.0
GO_Biological_Process_2021,camera-type eye development (GO:0043010),1/27,0.42541293325294577,1.8583095467084063,1.5882878299103143,SKI,1.0
GO_Biological_Process_2021,negative regulation of catalytic activity (GO:0043086),1/27,0.42541293325294577,1.8583095467084063,1.5882878299103143,ATP5IF1,1.0
GO_Biological_Process_2021,regulation of epidermal growth factor-activated receptor activity (GO:0007176),1/27,0.42541293325294577,1.8583095467084063,1.5882878299103143,ERRFI1,1.0
GO_Biological_Process_2021,entrainment of circadian clock by photoperiod (GO:0043153),1/27,0.42541293325294577,1.8583095467084063,1.5882878299103143,PER3,1.0
GO_Biological_Process_2021,regulation of blood coagulation (GO:0030193),1/27,0.42541293325294577,1.8583095467084063,1.5882878299103143,EPHB2,1.0
GO_Biological_Process_2021,negative regulation of protein polymerization (GO:0032272),1/27,0.42541293325294577,1.8583095467084063,1.5882878299103143,STMN1,1.0
GO_Biological_Process_2021,regulation of vasculature development (GO:1901342),1/27,0.42541293325294577,1.8583095467084063,1.5882878299103143,EPHA2,1.0
GO_Biological_Process_2021,positive regulation of cellular component movement (GO:0051272),1/27,0.42541293325294577,1.8583095467084063,1.5882878299103143,PDPN,1.0
GO_Biological_Process_2021,regulation of toll-like receptor signaling pathway (GO:0034121),1/27,0.42541293325294577,1.8583095467084063,1.5882878299103143,SMPDL3B,1.0
GO_Biological_Process_2021,regulation of transcription regulatory region DNA binding (GO:2000677),1/27,0.42541293325294577,1.8583095467084063,1.5882878299103143,MAD2L2,1.0
GO_Biological_Process_2021,acute inflammatory response (GO:0002526),1/27,0.42541293325294577,1.8583095467084063,1.5882878299103143,CTNNBIP1,1.0
GO_Biological_Process_2021,cellular lipid catabolic process (GO:0044242),1/27,0.42541293325294577,1.8583095467084063,1.5882878299103143,SMPDL3B,1.0
GO_Biological_Process_2021,negative regulation of insulin receptor signaling pathway (GO:0046627),1/27,0.42541293325294577,1.8583095467084063,1.5882878299103143,PRKCZ,1.0
GO_Biological_Process_2021,positive regulation of gene silencing by miRNA (GO:2000637),1/27,0.42541293325294577,1.8583095467084063,1.5882878299103143,PUM1,1.0
GO_Biological_Process_2021,mitotic chromosome condensation (GO:0007076),1/27,0.42541293325294577,1.8583095467084063,1.5882878299103143,PHF13,1.0
GO_Biological_Process_2021,nucleobase-containing small molecule interconversion (GO:0015949),1/27,0.42541293325294577,1.8583095467084063,1.5882878299103143,CTPS1,1.0
GO_Biological_Process_2021,microtubule polymerization or depolymerization (GO:0031109),1/27,0.42541293325294577,1.8583095467084063,1.5882878299103143,STMN1,1.0
GO_Biological_Process_2021,L-alpha-amino acid transmembrane transport (GO:1902475),1/27,0.42541293325294577,1.8583095467084063,1.5882878299103143,SLC6A9,1.0
GO_Biological_Process_2021,protein phosphorylation (GO:0006468),11/496,0.42572260408699664,1.0972151626700062,0.9369858797794552,ATP13A2;CDK11A;CDK11B;EPHB2;FGR;MAP3K6;MTOR;PIK3CD;PINK1;PRKCZ;TESK2,1.0
GO_Biological_Process_2021,ubiquitin-dependent protein catabolic process (GO:0006511),8/354,0.4295078320022712,1.1181920891382882,0.9450012457341319,HECTD3;PINK1;PSMB2;RNF19B;SPSB1;UBE4B;UBR4;UBXN11,1.0
GO_Biological_Process_2021,adenylate cyclase-activating G protein-coupled receptor signaling pathway (GO:0007189),3/118,0.4304394994253996,1.2609126891779137,1.0628844607144199,ADGRB2;GNB1;GPR3,1.0
GO_Biological_Process_2021,negative regulation of response to external stimulus (GO:0032102),3/118,0.4304394994253996,1.2609126891779137,1.0628844607144199,AJAP1;MUL1;SMPDL3B,1.0
GO_Biological_Process_2021,sterol homeostasis (GO:0055092),2/72,0.4311162145696749,1.3807637571946736,1.1617436766600513,FABP3;LDLRAP1,1.0
GO_Biological_Process_2021,Fc-gamma receptor signaling pathway (GO:0038094),2/72,0.4311162145696749,1.3807637571946736,1.1617436766600513,FGR;WASF2,1.0
GO_Biological_Process_2021,extrinsic apoptotic signaling pathway (GO:0097191),2/72,0.4311162145696749,1.3807637571946736,1.1617436766600513,CASP9;TNFRSF1B,1.0
GO_Biological_Process_2021,positive regulation of neurogenesis (GO:0050769),2/72,0.4311162145696749,1.3807637571946736,1.1617436766600513,KDM1A;SPEN,1.0
GO_Biological_Process_2021,adenylate cyclase-modulating G protein-coupled receptor signaling pathway (GO:0007188),4/165,0.43165849976919696,1.201013536453883,1.0089961085447468,ADGRB2;CORT;GPR3;WASF2,1.0
GO_Biological_Process_2021,positive regulation of cysteine-type endopeptidase activity involved in apoptotic process (GO:0043280),3/119,0.43580663108690604,1.2499785783354336,1.0381780089600965,CASP9;LAPTM5;MUL1,1.0
GO_Biological_Process_2021,transmembrane receptor protein tyrosine kinase signaling pathway (GO:0007169),9/404,0.43605452026757924,1.1018779819378373,0.9145454991289586,ATP6V0B;CNKSR1;EPHA10;EPHA2;EPHB2;FGR;STMN1;TIE1;WASF2,1.0
GO_Biological_Process_2021,ventricular septum morphogenesis (GO:0060412),1/28,0.43709281855306586,1.7893918177287802,1.4809180379879783,HEYL,1.0
GO_Biological_Process_2021,protein localization to Golgi apparatus (GO:0034067),1/28,0.43709281855306586,1.7893918177287802,1.4809180379879783,VPS13D,1.0
GO_Biological_Process_2021,protein localization to cell surface (GO:0034394),1/28,0.43709281855306586,1.7893918177287802,1.4809180379879783,PTPRU,1.0
GO_Biological_Process_2021,cellular zinc ion homeostasis (GO:0006882),1/28,0.43709281855306586,1.7893918177287802,1.4809180379879783,ATP13A2,1.0
GO_Biological_Process_2021,mucosal immune response (GO:0002385),1/28,0.43709281855306586,1.7893918177287802,1.4809180379879783,IFNLR1,1.0
GO_Biological_Process_2021,neutral amino acid transport (GO:0015804),1/28,0.43709281855306586,1.7893918177287802,1.4809180379879783,SLC6A9,1.0
GO_Biological_Process_2021,regulation of microtubule polymerization or depolymerization (GO:0031110),1/28,0.43709281855306586,1.7893918177287802,1.4809180379879783,STMN1,1.0
GO_Biological_Process_2021,protein depolymerization (GO:0051261),1/28,0.43709281855306586,1.7893918177287802,1.4809180379879783,STMN1,1.0
GO_Biological_Process_2021,photoperiodism (GO:0009648),1/28,0.43709281855306586,1.7893918177287802,1.4809180379879783,PER3,1.0
GO_Biological_Process_2021,cristae formation (GO:0042407),1/28,0.43709281855306586,1.7893918177287802,1.4809180379879783,DNAJC11,1.0
GO_Biological_Process_2021,phagosome acidification (GO:0090383),1/28,0.43709281855306586,1.7893918177287802,1.4809180379879783,ATP6V0B,1.0
GO_Biological_Process_2021,GPI anchor metabolic process (GO:0006505),1/28,0.43709281855306586,1.7893918177287802,1.4809180379879783,PIGV,1.0
GO_Biological_Process_2021,regulation of muscle contraction (GO:0006937),1/28,0.43709281855306586,1.7893918177287802,1.4809180379879783,ENO1,1.0
GO_Biological_Process_2021,"regulation of DNA damage response, signal transduction by p53 class mediator (GO:0043516)",1/28,0.43709281855306586,1.7893918177287802,1.4809180379879783,KDM1A,1.0
GO_Biological_Process_2021,regulation of reactive oxygen species biosynthetic process (GO:1903426),1/28,0.43709281855306586,1.7893918177287802,1.4809180379879783,SLC25A33,1.0
GO_Biological_Process_2021,glycerophospholipid catabolic process (GO:0046475),1/28,0.43709281855306586,1.7893918177287802,1.4809180379879783,PLA2G5,1.0
GO_Biological_Process_2021,negative regulation of cellular response to insulin stimulus (GO:1900077),1/28,0.43709281855306586,1.7893918177287802,1.4809180379879783,PRKCZ,1.0
GO_Biological_Process_2021,positive regulation of phosphatidylinositol 3-kinase activity (GO:0043552),1/28,0.43709281855306586,1.7893918177287802,1.4809180379879783,FGR,1.0
GO_Biological_Process_2021,positive regulation of defense response to virus by host (GO:0002230),1/28,0.43709281855306586,1.7893918177287802,1.4809180379879783,ZC3H12A,1.0
GO_Biological_Process_2021,negative regulation of oxidative stress-induced cell death (GO:1903202),1/28,0.43709281855306586,1.7893918177287802,1.4809180379879783,PINK1,1.0
GO_Biological_Process_2021,transcription-coupled nucleotide-excision repair (GO:0006283),2/73,0.43804814560627825,1.3612466550521152,1.1236089983706778,PPIE;RPA2,1.0
GO_Biological_Process_2021,"antigen processing and presentation of exogenous peptide antigen via MHC class I, TAP-dependent (GO:0002479)",2/73,0.43804814560627825,1.3612466550521152,1.1236089983706778,PSMB2;VAMP3,1.0
GO_Biological_Process_2021,chromatin assembly (GO:0031497),2/73,0.43804814560627825,1.3612466550521152,1.1236089983706778,NOC2L;RBBP4,1.0
GO_Biological_Process_2021,regulation of hydrolase activity (GO:0051336),2/73,0.43804814560627825,1.3612466550521152,1.1236089983706778,ATP5IF1;RAP1GAP,1.0
GO_Biological_Process_2021,positive regulation of GTPase activity (GO:0043547),5/214,0.43910683894421554,1.1564986771458645,0.9518128983139048,AGRN;ARHGEF16;ASAP3;EPHA2;RAP1GAP,1.0
GO_Biological_Process_2021,macroautophagy (GO:0016236),3/120,0.4411548538111908,1.2392313753706028,1.0141365490693688,ATP13A2;MFN2;PINK1,1.0
GO_Biological_Process_2021,cytoskeleton organization (GO:0007010),3/120,0.4411548538111908,1.2392313753706028,1.0141365490693688,CAPZB;ZMYM4;ZMYM6,1.0
GO_Biological_Process_2021,Fc receptor mediated stimulatory signaling pathway (GO:0002431),2/74,0.4449338635760446,1.3422716946357391,1.0870113885357986,FGR;WASF2,1.0
GO_Biological_Process_2021,"DNA damage response, signal transduction by p53 class mediator (GO:0030330)",2/74,0.4449338635760446,1.3422716946357391,1.0870113885357986,PLK3;SESN2,1.0
GO_Biological_Process_2021,regulation of fatty acid biosynthetic process (GO:0042304),1/29,0.44853585458688644,1.7253967836762698,1.3833656118351094,WDTC1,1.0
GO_Biological_Process_2021,regulation of gluconeogenesis (GO:0006111),1/29,0.44853585458688644,1.7253967836762698,1.3833656118351094,C1QTNF12,1.0
GO_Biological_Process_2021,"nucleotide-excision repair, preincision complex assembly (GO:0006294)",1/29,0.44853585458688644,1.7253967836762698,1.3833656118351094,RPA2,1.0
GO_Biological_Process_2021,regulation of calcium ion transmembrane transporter activity (GO:1901019),1/29,0.44853585458688644,1.7253967836762698,1.3833656118351094,SELENON,1.0
GO_Biological_Process_2021,negative regulation of myeloid leukocyte differentiation (GO:0002762),1/29,0.44853585458688644,1.7253967836762698,1.3833656118351094,C1QC,1.0
GO_Biological_Process_2021,transition metal ion homeostasis (GO:0055076),1/29,0.44853585458688644,1.7253967836762698,1.3833656118351094,ATP13A2,1.0
GO_Biological_Process_2021,regulation of double-strand break repair via nonhomologous end joining (GO:2001032),1/29,0.44853585458688644,1.7253967836762698,1.3833656118351094,MAD2L2,1.0
GO_Biological_Process_2021,beta-catenin-TCF complex assembly (GO:1904837),1/29,0.44853585458688644,1.7253967836762698,1.3833656118351094,HDAC1,1.0
GO_Biological_Process_2021,lipid catabolic process (GO:0016042),1/29,0.44853585458688644,1.7253967836762698,1.3833656118351094,PPT1,1.0
GO_Biological_Process_2021,limb development (GO:0060173),1/29,0.44853585458688644,1.7253967836762698,1.3833656118351094,KDF1,1.0
GO_Biological_Process_2021,hydrogen peroxide metabolic process (GO:0042743),1/29,0.44853585458688644,1.7253967836762698,1.3833656118351094,PRDX1,1.0
GO_Biological_Process_2021,response to zinc ion (GO:0010043),1/29,0.44853585458688644,1.7253967836762698,1.3833656118351094,ATP13A2,1.0
GO_Biological_Process_2021,positive regulation of leukocyte migration (GO:0002687),1/29,0.44853585458688644,1.7253967836762698,1.3833656118351094,TNFRSF18,1.0
GO_Biological_Process_2021,negative regulation of wound healing (GO:0061045),1/29,0.44853585458688644,1.7253967836762698,1.3833656118351094,AJAP1,1.0
GO_Biological_Process_2021,glycolytic process (GO:0006096),1/29,0.44853585458688644,1.7253967836762698,1.3833656118351094,ENO1,1.0
GO_Biological_Process_2021,regulation of ubiquitin-protein transferase activity (GO:0051438),1/29,0.44853585458688644,1.7253967836762698,1.3833656118351094,PINK1,1.0
GO_Biological_Process_2021,dicarboxylic acid transport (GO:0006835),1/29,0.44853585458688644,1.7253967836762698,1.3833656118351094,PDPN,1.0
GO_Biological_Process_2021,negative regulation of epithelial to mesenchymal transition (GO:0010719),1/29,0.44853585458688644,1.7253967836762698,1.3833656118351094,MAD2L2,1.0
GO_Biological_Process_2021,positive regulation of dephosphorylation (GO:0035306),1/29,0.44853585458688644,1.7253967836762698,1.3833656118351094,CAMTA1,1.0
GO_Biological_Process_2021,epithelium development (GO:0060429),3/122,0.45179180126280105,1.2182788452206805,0.9679637470837503,DVL1;ERRFI1;MFSD2A,1.0
GO_Biological_Process_2021,potassium ion transport (GO:0006813),3/122,0.45179180126280105,1.2182788452206805,0.9679637470837503,KCNAB2;KCNQ4;SLC9A1,1.0
GO_Biological_Process_2021,negative regulation of signal transduction (GO:0009968),6/267,0.45854812198771905,1.111091926820403,0.8663073061228053,CTNNBIP1;PHACTR4;PRKCZ;PTCH2;SMPDL3B;YTHDF2,1.0
GO_Biological_Process_2021,regulation of BMP signaling pathway (GO:0030510),2/76,0.4585627889254206,1.3058602841070173,1.0181244858661687,NBL1;SKI,1.0
GO_Biological_Process_2021,regulation of RNA splicing (GO:0043484),2/76,0.4585627889254206,1.3058602841070173,1.0181244858661687,KHDRBS1;SRSF10,1.0
GO_Biological_Process_2021,cell morphogenesis involved in neuron differentiation (GO:0048667),2/76,0.4585627889254206,1.3058602841070173,1.0181244858661687,DVL1;MFSD2A,1.0
GO_Biological_Process_2021,protein import into nucleus (GO:0006606),2/76,0.4585627889254206,1.3058602841070173,1.0181244858661687,IPO13;KPNA6,1.0
GO_Biological_Process_2021,establishment of protein localization to organelle (GO:0072594),2/76,0.4585627889254206,1.3058602841070173,1.0181244858661687,IPO13;PINK1,1.0
GO_Biological_Process_2021,positive regulation of growth (GO:0045927),2/76,0.4585627889254206,1.3058602841070173,1.0181244858661687,MFSD2A;SLC25A33,1.0
GO_Biological_Process_2021,positive regulation of B cell proliferation (GO:0030890),1/30,0.4597468326569739,1.6658152002480708,1.2944705177239204,EPHB2,1.0
GO_Biological_Process_2021,snRNA 3'-end processing (GO:0034472),1/30,0.4597468326569739,1.6658152002480708,1.2944705177239204,TOE1,1.0
GO_Biological_Process_2021,ncRNA catabolic process (GO:0034661),1/30,0.4597468326569739,1.6658152002480708,1.2944705177239204,EXOSC10,1.0
GO_Biological_Process_2021,long-chain fatty acid biosynthetic process (GO:0042759),1/30,0.4597468326569739,1.6658152002480708,1.2944705177239204,ACOT7,1.0
GO_Biological_Process_2021,morphogenesis of an epithelium (GO:0002009),1/30,0.4597468326569739,1.6658152002480708,1.2944705177239204,KDF1,1.0
GO_Biological_Process_2021,positive regulation of lipid kinase activity (GO:0090218),1/30,0.4597468326569739,1.6658152002480708,1.2944705177239204,FGR,1.0
GO_Biological_Process_2021,Golgi to plasma membrane protein transport (GO:0043001),1/30,0.4597468326569739,1.6658152002480708,1.2944705177239204,MACF1,1.0
GO_Biological_Process_2021,zinc ion homeostasis (GO:0055069),1/30,0.4597468326569739,1.6658152002480708,1.2944705177239204,ATP13A2,1.0
GO_Biological_Process_2021,regulation of cation transmembrane transport (GO:1904062),1/30,0.4597468326569739,1.6658152002480708,1.2944705177239204,KCNAB2,1.0
GO_Biological_Process_2021,"negative regulation of gene expression, epigenetic (GO:0045814)",1/30,0.4597468326569739,1.6658152002480708,1.2944705177239204,RBBP4,1.0
GO_Biological_Process_2021,alpha-amino acid catabolic process (GO:1901606),1/30,0.4597468326569739,1.6658152002480708,1.2944705177239204,ALDH4A1,1.0
GO_Biological_Process_2021,maintenance of blood-brain barrier (GO:0035633),1/30,0.4597468326569739,1.6658152002480708,1.2944705177239204,MFSD2A,1.0
GO_Biological_Process_2021,regulation of macrophage activation (GO:0043030),1/30,0.4597468326569739,1.6658152002480708,1.2944705177239204,ZC3H12A,1.0
GO_Biological_Process_2021,regulation of long-term synaptic potentiation (GO:1900271),1/30,0.4597468326569739,1.6658152002480708,1.2944705177239204,EPHB2,1.0
GO_Biological_Process_2021,protein N-linked glycosylation via asparagine (GO:0018279),1/30,0.4597468326569739,1.6658152002480708,1.2944705177239204,DDOST,1.0
GO_Biological_Process_2021,phosphatidylcholine acyl-chain remodeling (GO:0036151),1/30,0.4597468326569739,1.6658152002480708,1.2944705177239204,PLA2G5,1.0
GO_Biological_Process_2021,positive regulation of DNA recombination (GO:0045911),1/30,0.4597468326569739,1.6658152002480708,1.2944705177239204,MAD2L2,1.0
GO_Biological_Process_2021,respiratory tube development (GO:0030323),1/30,0.4597468326569739,1.6658152002480708,1.2944705177239204,PDPN,1.0
GO_Biological_Process_2021,negative regulation of Notch signaling pathway (GO:0045746),1/30,0.4597468326569739,1.6658152002480708,1.2944705177239204,YTHDF2,1.0
GO_Biological_Process_2021,regulation of striated muscle contraction (GO:0006942),1/30,0.4597468326569739,1.6658152002480708,1.2944705177239204,RNF207,1.0
GO_Biological_Process_2021,regulation of protein localization to membrane (GO:1905475),1/30,0.4597468326569739,1.6658152002480708,1.2944705177239204,LDLRAP1,1.0
GO_Biological_Process_2021,response to alcohol (GO:0097305),1/30,0.4597468326569739,1.6658152002480708,1.2944705177239204,SDF4,1.0
GO_Biological_Process_2021,regulation of vasoconstriction (GO:0019229),1/30,0.4597468326569739,1.6658152002480708,1.2944705177239204,ECE1,1.0
GO_Biological_Process_2021,defense response to symbiont (GO:0140546),3/124,0.46234500570655934,1.1980189606955491,0.924204420501927,IFI6;IFNLR1;ISG15,1.0
GO_Biological_Process_2021,negative regulation of developmental process (GO:0051093),2/77,0.4653042053817922,1.2883828070532308,0.9856951520872002,MUL1;PINK1,1.0
GO_Biological_Process_2021,phosphatidylcholine metabolic process (GO:0046470),2/77,0.4653042053817922,1.2883828070532308,0.9856951520872002,MFSD2A;PLA2G5,1.0
GO_Biological_Process_2021,purine ribonucleotide metabolic process (GO:0009150),2/77,0.4653042053817922,1.2883828070532308,0.9856951520872002,ACOT7;EPHA2,1.0
GO_Biological_Process_2021,positive regulation of phosphatidylinositol 3-kinase signaling (GO:0014068),2/77,0.4653042053817922,1.2883828070532308,0.9856951520872002,FGR;PIK3CD,1.0
GO_Biological_Process_2021,positive regulation of cell migration (GO:0030335),6/269,0.46566209611401443,1.1025284901173962,0.8426570382803974,EPHB2;FGR;MTOR;PDPN;PIK3CD;TNFRSF18,1.0
GO_Biological_Process_2021,protein targeting (GO:0006605),3/125,0.4675886257278854,1.1881381153738662,0.9031826435342476,ICMT;MFN2;ZDHHC18,1.0
GO_Biological_Process_2021,regulation of protein secretion (GO:0050708),3/125,0.4675886257278854,1.1881381153738662,0.9031826435342476,ATP13A2;P3H1;SLC2A1,1.0
GO_Biological_Process_2021,peptidyl-asparagine modification (GO:0018196),1/31,0.4707304473761166,1.6102057223817519,1.213241137812878,DDOST,1.0
GO_Biological_Process_2021,protein palmitoylation (GO:0018345),1/31,0.4707304473761166,1.6102057223817519,1.213241137812878,ZDHHC18,1.0
GO_Biological_Process_2021,negative regulation of interleukin-6 production (GO:0032715),1/31,0.4707304473761166,1.6102057223817519,1.213241137812878,ZC3H12A,1.0
GO_Biological_Process_2021,ribonucleoside bisphosphate metabolic process (GO:0033875),1/31,0.4707304473761166,1.6102057223817519,1.213241137812878,ACOT7,1.0
GO_Biological_Process_2021,proteoglycan biosynthetic process (GO:0030166),1/31,0.4707304473761166,1.6102057223817519,1.213241137812878,B3GALT6,1.0
GO_Biological_Process_2021,regulation of macrophage derived foam cell differentiation (GO:0010743),1/31,0.4707304473761166,1.6102057223817519,1.213241137812878,PLA2G5,1.0
GO_Biological_Process_2021,prostaglandin metabolic process (GO:0006693),1/31,0.4707304473761166,1.6102057223817519,1.213241137812878,PRXL2B,1.0
GO_Biological_Process_2021,purine nucleoside bisphosphate metabolic process (GO:0034032),1/31,0.4707304473761166,1.6102057223817519,1.213241137812878,ACOT7,1.0
GO_Biological_Process_2021,regulation of cellular senescence (GO:2000772),1/31,0.4707304473761166,1.6102057223817519,1.213241137812878,YBX1,1.0
GO_Biological_Process_2021,regulation of developmental growth (GO:0048638),1/31,0.4707304473761166,1.6102057223817519,1.213241137812878,MFSD2A,1.0
GO_Biological_Process_2021,negative regulation of osteoblast differentiation (GO:0045668),1/31,0.4707304473761166,1.6102057223817519,1.213241137812878,SKI,1.0
GO_Biological_Process_2021,negative regulation of peptidyl-tyrosine phosphorylation (GO:0050732),1/31,0.4707304473761166,1.6102057223817519,1.213241137812878,PRKCZ,1.0
GO_Biological_Process_2021,negative regulation of response to DNA damage stimulus (GO:2001021),1/31,0.4707304473761166,1.6102057223817519,1.213241137812878,KDM1A,1.0
GO_Biological_Process_2021,positive regulation of ubiquitin-protein transferase activity (GO:0051443),1/31,0.4707304473761166,1.6102057223817519,1.213241137812878,PINK1,1.0
GO_Biological_Process_2021,positive regulation of RNA splicing (GO:0033120),1/31,0.4707304473761166,1.6102057223817519,1.213241137812878,THRAP3,1.0
GO_Biological_Process_2021,phospholipid translocation (GO:0045332),1/31,0.4707304473761166,1.6102057223817519,1.213241137812878,MFSD2A,1.0
GO_Biological_Process_2021,vitamin transport (GO:0051180),1/31,0.4707304473761166,1.6102057223817519,1.213241137812878,PDPN,1.0
GO_Biological_Process_2021,negative regulation of response to biotic stimulus (GO:0002832),1/31,0.4707304473761166,1.6102057223817519,1.213241137812878,MUL1,1.0
GO_Biological_Process_2021,regulation of potassium ion transport (GO:0043266),1/31,0.4707304473761166,1.6102057223817519,1.213241137812878,KCNAB2,1.0
GO_Biological_Process_2021,regulation of cellular pH (GO:0030641),1/31,0.4707304473761166,1.6102057223817519,1.213241137812878,SLC9A1,1.0
GO_Biological_Process_2021,cation transport (GO:0006812),4/174,0.4719557369760161,1.1369036890146875,0.8536669586783977,KCNQ4;SCNN1D;SLC66A1;SLC6A9,1.0
GO_Biological_Process_2021,negative regulation of blood vessel morphogenesis (GO:2000181),2/78,0.471995823045005,1.271365263606123,0.9545221511357977,AGO1;HSPG2,1.0
GO_Biological_Process_2021,protein modification process (GO:0036211),2/78,0.471995823045005,1.271365263606123,0.9545221511357977,FBXO2;ICMT,1.0
GO_Biological_Process_2021,antigen processing and presentation of exogenous peptide antigen via MHC class I (GO:0042590),2/78,0.471995823045005,1.271365263606123,0.9545221511357977,PSMB2;VAMP3,1.0
GO_Biological_Process_2021,negative regulation of apoptotic signaling pathway (GO:2001234),2/78,0.471995823045005,1.271365263606123,0.9545221511357977,NOC2L;PINK1,1.0
GO_Biological_Process_2021,transcription by RNA polymerase II (GO:0006366),7/320,0.4742564189902079,1.0807129379948954,0.8062195628729829,ELOA;HDAC1;INTS11;LSM10;MED18;SSU72;TAF12,1.0
GO_Biological_Process_2021,regulation of cellular response to heat (GO:1900034),2/79,0.4786368825908351,1.2547897342745244,0.9245454424079348,MTOR;RPA2,1.0
GO_Biological_Process_2021,axon development (GO:0061564),2/79,0.4786368825908351,1.2547897342745244,0.9245454424079348,EPHB2;SVBP,1.0
GO_Biological_Process_2021,regulation of neuron differentiation (GO:0045664),2/79,0.4786368825908351,1.2547897342745244,0.9245454424079348,HEYL;NBL1,1.0
GO_Biological_Process_2021,recombinational repair (GO:0000725),2/79,0.4786368825908351,1.2547897342745244,0.9245454424079348,RPA2;SFPQ,1.0
GO_Biological_Process_2021,B cell proliferation (GO:0042100),1/32,0.4814912986137994,1.5581839527648724,1.1388254169310166,CTPS1,1.0
GO_Biological_Process_2021,negative regulation of DNA biosynthetic process (GO:2000279),1/32,0.4814912986137994,1.5581839527648724,1.1388254169310166,EXOSC10,1.0
GO_Biological_Process_2021,negative regulation of microtubule polymerization or depolymerization (GO:0031111),1/32,0.4814912986137994,1.5581839527648724,1.1388254169310166,STMN1,1.0
GO_Biological_Process_2021,regulation of cellular biosynthetic process (GO:0031326),1/32,0.4814912986137994,1.5581839527648724,1.1388254169310166,TNFRSF1B,1.0
GO_Biological_Process_2021,GPI anchor biosynthetic process (GO:0006506),1/32,0.4814912986137994,1.5581839527648724,1.1388254169310166,PIGV,1.0
GO_Biological_Process_2021,regulation of chemotaxis (GO:0050920),1/32,0.4814912986137994,1.5581839527648724,1.1388254169310166,ZSWIM5,1.0
GO_Biological_Process_2021,negative regulation of double-strand break repair (GO:2000780),1/32,0.4814912986137994,1.5581839527648724,1.1388254169310166,MAD2L2,1.0
GO_Biological_Process_2021,RNA biosynthetic process (GO:0032774),1/32,0.4814912986137994,1.5581839527648724,1.1388254169310166,TAF12,1.0
GO_Biological_Process_2021,superoxide metabolic process (GO:0006801),1/32,0.4814912986137994,1.5581839527648724,1.1388254169310166,PRDX1,1.0
GO_Biological_Process_2021,membrane depolarization (GO:0051899),1/32,0.4814912986137994,1.5581839527648724,1.1388254169310166,ATP5IF1,1.0
GO_Biological_Process_2021,intra-Golgi vesicle-mediated transport (GO:0006891),1/32,0.4814912986137994,1.5581839527648724,1.1388254169310166,TRAPPC3,1.0
GO_Biological_Process_2021,DNA damage checkpoint signaling (GO:0000077),1/32,0.4814912986137994,1.5581839527648724,1.1388254169310166,FBXO6,1.0
GO_Biological_Process_2021,modulation by host of symbiont process (GO:0051851),1/32,0.4814912986137994,1.5581839527648724,1.1388254169310166,HDAC1,1.0
GO_Biological_Process_2021,positive regulation of immune effector process (GO:0002699),1/32,0.4814912986137994,1.5581839527648724,1.1388254169310166,PLA2G5,1.0
GO_Biological_Process_2021,metal ion export (GO:0070839),1/32,0.4814912986137994,1.5581839527648724,1.1388254169310166,SLC9A1,1.0
GO_Biological_Process_2021,positive regulation of glucose transmembrane transport (GO:0010828),1/32,0.4814912986137994,1.5581839527648724,1.1388254169310166,C1QTNF12,1.0
GO_Biological_Process_2021,positive regulation of developmental process (GO:0051094),4/177,0.4851575307120948,1.1170160484795997,0.8079171940784905,DVL1;MAD2L2;MUL1;PINK1,1.0
GO_Biological_Process_2021,negative regulation of extrinsic apoptotic signaling pathway (GO:2001237),2/80,0.485226675846838,1.238639218515531,0.895708479861972,EYA3;IFI6,1.0
GO_Biological_Process_2021,regulation of NIK/NF-kappaB signaling (GO:1901222),2/80,0.485226675846838,1.238639218515531,0.895708479861972,LAPTM5;ZC3H12A,1.0
GO_Biological_Process_2021,negative regulation of cell cycle (GO:0045786),2/80,0.485226675846838,1.238639218515531,0.895708479861972,CAMK2N1;ZBTB17,1.0
GO_Biological_Process_2021,negative regulation of cellular response to growth factor stimulus (GO:0090288),2/80,0.485226675846838,1.238639218515531,0.895708479861972,NBL1;SKI,1.0
GO_Biological_Process_2021,regulation of protein localization to cell surface (GO:2000008),1/33,0.4920338934036032,1.5094135437490483,1.0704876712298748,KCNAB2,1.0
GO_Biological_Process_2021,apoptotic mitochondrial changes (GO:0008637),1/33,0.4920338934036032,1.5094135437490483,1.0704876712298748,IFI6,1.0
GO_Biological_Process_2021,negative regulation of JNK cascade (GO:0046329),1/33,0.4920338934036032,1.5094135437490483,1.0704876712298748,PINK1,1.0
GO_Biological_Process_2021,phosphatidylcholine biosynthetic process (GO:0006656),1/33,0.4920338934036032,1.5094135437490483,1.0704876712298748,MFSD2A,1.0
GO_Biological_Process_2021,apoptotic cell clearance (GO:0043277),1/33,0.4920338934036032,1.5094135437490483,1.0704876712298748,XKR8,1.0
GO_Biological_Process_2021,positive regulation of organelle organization (GO:0010638),1/33,0.4920338934036032,1.5094135437490483,1.0704876712298748,PLA2G5,1.0
GO_Biological_Process_2021,signal transduction by p53 class mediator (GO:0072331),1/33,0.4920338934036032,1.5094135437490483,1.0704876712298748,SESN2,1.0
GO_Biological_Process_2021,negative regulation of smooth muscle cell proliferation (GO:0048662),1/33,0.4920338934036032,1.5094135437490483,1.0704876712298748,MFN2,1.0
GO_Biological_Process_2021,primary alcohol metabolic process (GO:0034308),1/33,0.4920338934036032,1.5094135437490483,1.0704876712298748,DHRS3,1.0
GO_Biological_Process_2021,lytic vacuole organization (GO:0080171),1/33,0.4920338934036032,1.5094135437490483,1.0704876712298748,MTOR,1.0
GO_Biological_Process_2021,very long-chain fatty acid metabolic process (GO:0000038),1/33,0.4920338934036032,1.5094135437490483,1.0704876712298748,ELOVL1,1.0
GO_Biological_Process_2021,muscle cell development (GO:0055001),1/33,0.4920338934036032,1.5094135437490483,1.0704876712298748,KDM1A,1.0
GO_Biological_Process_2021,regulation of neurotransmitter secretion (GO:0046928),1/33,0.4920338934036032,1.5094135437490483,1.0704876712298748,RIMS3,1.0
GO_Biological_Process_2021,positive regulation of histone modification (GO:0031058),1/33,0.4920338934036032,1.5094135437490483,1.0704876712298748,KDM1A,1.0
GO_Biological_Process_2021,regulation of histone acetylation (GO:0035065),1/33,0.4920338934036032,1.5094135437490483,1.0704876712298748,NOC2L,1.0
GO_Biological_Process_2021,actin filament bundle assembly (GO:0051017),1/33,0.4920338934036032,1.5094135437490483,1.0704876712298748,ESPN,1.0
GO_Biological_Process_2021,actin filament bundle organization (GO:0061572),1/33,0.4920338934036032,1.5094135437490483,1.0704876712298748,ESPN,1.0
GO_Biological_Process_2021,regulation of primary metabolic process (GO:0080090),3/130,0.49345361833022955,1.1410679467154552,0.8059664259952418,NFYC;PSMB2;ZFP69,1.0
GO_Biological_Process_2021,regulation of response to external stimulus (GO:0032101),3/130,0.49345361833022955,1.1410679467154552,0.8059664259952418,EPHB2;FGR;ZMPSTE24,1.0
GO_Biological_Process_2021,positive regulation of cellular biosynthetic process (GO:0031328),4/180,0.49822564348257903,1.0978063956900264,0.7648441367746085,FABP3;MFSD2A;MTOR;SLC6A9,1.0
GO_Biological_Process_2021,positive regulation of mitochondrial outer membrane permeabilization involved in apoptotic signaling pathway (GO:1901030),1/34,0.502362647812284,1.4635989170978194,1.007589813930351,TP73,1.0
GO_Biological_Process_2021,organelle disassembly (GO:1903008),1/34,0.502362647812284,1.4635989170978194,1.007589813930351,PLK3,1.0
GO_Biological_Process_2021,response to steroid hormone (GO:0048545),1/34,0.502362647812284,1.4635989170978194,1.007589813930351,PAQR7,1.0
GO_Biological_Process_2021,positive regulation of interleukin-12 production (GO:0032735),1/34,0.502362647812284,1.4635989170978194,1.007589813930351,LAPTM5,1.0
GO_Biological_Process_2021,phosphatidylserine metabolic process (GO:0006658),1/34,0.502362647812284,1.4635989170978194,1.007589813930351,PLA2G5,1.0
GO_Biological_Process_2021,phosphatidylinositol 3-kinase signaling (GO:0014065),1/34,0.502362647812284,1.4635989170978194,1.007589813930351,PIK3CD,1.0
GO_Biological_Process_2021,B cell receptor signaling pathway (GO:0050853),1/34,0.502362647812284,1.4635989170978194,1.007589813930351,PIK3CD,1.0
GO_Biological_Process_2021,protein insertion into membrane (GO:0051205),1/34,0.502362647812284,1.4635989170978194,1.007589813930351,UBE2J2,1.0
GO_Biological_Process_2021,protein destabilization (GO:0031648),1/34,0.502362647812284,1.4635989170978194,1.007589813930351,MUL1,1.0
GO_Biological_Process_2021,regulation of keratinocyte differentiation (GO:0045616),1/34,0.502362647812284,1.4635989170978194,1.007589813930351,ERRFI1,1.0
GO_Biological_Process_2021,protein localization to chromosome (GO:0034502),1/34,0.502362647812284,1.4635989170978194,1.007589813930351,RPA2,1.0
GO_Biological_Process_2021,regulation of cell adhesion mediated by integrin (GO:0033628),1/34,0.502362647812284,1.4635989170978194,1.007589813930351,EPHA2,1.0
GO_Biological_Process_2021,positive regulation of DNA binding (GO:0043388),1/34,0.502362647812284,1.4635989170978194,1.007589813930351,SKI,1.0
GO_Biological_Process_2021,regulation of transmembrane transport (GO:0034762),1/34,0.502362647812284,1.4635989170978194,1.007589813930351,SLC2A1,1.0
GO_Biological_Process_2021,sister chromatid segregation (GO:0000819),1/34,0.502362647812284,1.4635989170978194,1.007589813930351,WRAP73,1.0
GO_Biological_Process_2021,regulation of defense response (GO:0031347),2/83,0.5046821069300672,1.1925803402398827,0.8155180867211748,FGR;ZMPSTE24,1.0
GO_Biological_Process_2021,regulation of osteoblast differentiation (GO:0045667),2/83,0.5046821069300672,1.1925803402398827,0.8155180867211748,CTNNBIP1;SKI,1.0
GO_Biological_Process_2021,regulation of interleukin-1 beta production (GO:0032651),2/83,0.5046821069300672,1.1925803402398827,0.8155180867211748,CPTP;ZC3H12A,1.0
GO_Biological_Process_2021,negative regulation of cytokine production (GO:0001818),4/182,0.5068585258204947,1.0853596918226251,0.737527260367882,GPATCH3;ISG15;LAPTM5;ZC3H12A,1.0
GO_Biological_Process_2021,transmembrane receptor protein serine/threonine kinase signaling pathway (GO:0007178),3/133,0.5086710547142743,1.1145638209785653,0.7533935713054715,BMP8A;PRKCZ;SKI,1.0
GO_Biological_Process_2021,regulation of cytokinesis (GO:0032465),2/84,0.5110607159663176,1.1779763056646775,0.7907364769422005,KLHL21;PLK3,1.0
GO_Biological_Process_2021,spindle assembly (GO:0051225),2/84,0.5110607159663176,1.1779763056646775,0.7907364769422005,RCC1;WRAP73,1.0
GO_Biological_Process_2021,nuclear export (GO:0051168),2/84,0.5110607159663176,1.1779763056646775,0.7907364769422005,SRRM1;SRSF4,1.0
GO_Biological_Process_2021,protein localization to cilium (GO:0061512),1/35,0.5124818887713251,1.4204792684848984,0.9495760549042143,NPHP4,1.0
GO_Biological_Process_2021,muscle cell differentiation (GO:0042692),1/35,0.5124818887713251,1.4204792684848984,0.9495760549042143,KDM1A,1.0
GO_Biological_Process_2021,intracellular pH reduction (GO:0051452),1/35,0.5124818887713251,1.4204792684848984,0.9495760549042143,ATP6V0B,1.0
GO_Biological_Process_2021,smoothened signaling pathway (GO:0007224),1/35,0.5124818887713251,1.4204792684848984,0.9495760549042143,PTCH2,1.0
GO_Biological_Process_2021,negative regulation of organelle assembly (GO:1902116),1/35,0.5124818887713251,1.4204792684848984,0.9495760549042143,PINK1,1.0
GO_Biological_Process_2021,negative regulation of epithelial cell migration (GO:0010633),1/35,0.5124818887713251,1.4204792684848984,0.9495760549042143,SVBP,1.0
GO_Biological_Process_2021,response to exogenous dsRNA (GO:0043330),1/35,0.5124818887713251,1.4204792684848984,0.9495760549042143,MUL1,1.0
GO_Biological_Process_2021,response to estrogen (GO:0043627),1/35,0.5124818887713251,1.4204792684848984,0.9495760549042143,CITED4,1.0
GO_Biological_Process_2021,regulation of lipid biosynthetic process (GO:0046890),1/35,0.5124818887713251,1.4204792684848984,0.9495760549042143,MTOR,1.0
GO_Biological_Process_2021,acylglycerol catabolic process (GO:0046464),1/35,0.5124818887713251,1.4204792684848984,0.9495760549042143,FABP3,1.0
GO_Biological_Process_2021,negative regulation of T cell proliferation (GO:0042130),1/35,0.5124818887713251,1.4204792684848984,0.9495760549042143,TNFRSF14,1.0
GO_Biological_Process_2021,peptidyl-tyrosine dephosphorylation (GO:0035335),1/35,0.5124818887713251,1.4204792684848984,0.9495760549042143,PTPRF,1.0
GO_Biological_Process_2021,regulation of phosphatidylinositol 3-kinase activity (GO:0043551),1/35,0.5124818887713251,1.4204792684848984,0.9495760549042143,FGR,1.0
GO_Biological_Process_2021,regulation of regulated secretory pathway (GO:1903305),1/35,0.5124818887713251,1.4204792684848984,0.9495760549042143,RIMS3,1.0
GO_Biological_Process_2021,blood vessel diameter maintenance (GO:0097746),1/35,0.5124818887713251,1.4204792684848984,0.9495760549042143,ECE1,1.0
GO_Biological_Process_2021,positive regulation of cell cycle G1/S phase transition (GO:1902808),1/35,0.5124818887713251,1.4204792684848984,0.9495760549042143,LSM10,1.0
GO_Biological_Process_2021,regulation of T cell receptor signaling pathway (GO:0050856),1/35,0.5124818887713251,1.4204792684848984,0.9495760549042143,LAPTM5,1.0
GO_Biological_Process_2021,respiratory system development (GO:0060541),1/35,0.5124818887713251,1.4204792684848984,0.9495760549042143,PDPN,1.0
GO_Biological_Process_2021,regulation of autophagosome assembly (GO:2000785),1/35,0.5124818887713251,1.4204792684848984,0.9495760549042143,PINK1,1.0
GO_Biological_Process_2021,positive regulation of protein catabolic process (GO:0045732),2/85,0.5173852254357802,1.163724175537067,0.7668564863300058,PLK3;TNFRSF1B,1.0
GO_Biological_Process_2021,"Wnt signaling pathway, planar cell polarity pathway (GO:0060071)",2/85,0.5173852254357802,1.163724175537067,0.7668564863300058,DVL1;PSMB2,1.0
GO_Biological_Process_2021,negative regulation of defense response (GO:0031348),2/85,0.5173852254357802,1.163724175537067,0.7668564863300058,MUL1;SMPDL3B,1.0
GO_Biological_Process_2021,establishment of protein localization to plasma membrane (GO:0061951),1/36,0.5223958558716933,1.3798235997927155,0.8959603529216088,MACF1,1.0
GO_Biological_Process_2021,transferrin transport (GO:0033572),1/36,0.5223958558716933,1.3798235997927155,0.8959603529216088,ATP6V0B,1.0
GO_Biological_Process_2021,telomere maintenance via telomere lengthening (GO:0010833),1/36,0.5223958558716933,1.3798235997927155,0.8959603529216088,ZBTB48,1.0
GO_Biological_Process_2021,positive regulation of bone mineralization (GO:0030501),1/36,0.5223958558716933,1.3798235997927155,0.8959603529216088,ISG15,1.0
GO_Biological_Process_2021,positive regulation of cytokine-mediated signaling pathway (GO:0001961),1/36,0.5223958558716933,1.3798235997927155,0.8959603529216088,LAPTM5,1.0
GO_Biological_Process_2021,cyclic-nucleotide-mediated signaling (GO:0019935),1/36,0.5223958558716933,1.3798235997927155,0.8959603529216088,CAP1,1.0
GO_Biological_Process_2021,positive regulation of myeloid leukocyte differentiation (GO:0002763),1/36,0.5223958558716933,1.3798235997927155,0.8959603529216088,CTNNBIP1,1.0
GO_Biological_Process_2021,positive regulation of interferon-beta production (GO:0032728),1/36,0.5223958558716933,1.3798235997927155,0.8959603529216088,ISG15,1.0
GO_Biological_Process_2021,mitochondrion disassembly (GO:0061726),1/36,0.5223958558716933,1.3798235997927155,0.8959603529216088,PINK1,1.0
GO_Biological_Process_2021,retina homeostasis (GO:0001895),1/36,0.5223958558716933,1.3798235997927155,0.8959603529216088,PRDX1,1.0
GO_Biological_Process_2021,axonal transport (GO:0098930),1/36,0.5223958558716933,1.3798235997927155,0.8959603529216088,KIF1B,1.0
GO_Biological_Process_2021,regulation of osteoclast differentiation (GO:0045670),1/36,0.5223958558716933,1.3798235997927155,0.8959603529216088,MTOR,1.0
GO_Biological_Process_2021,negative regulation of DNA metabolic process (GO:0051053),1/36,0.5223958558716933,1.3798235997927155,0.8959603529216088,DFFA,1.0
GO_Biological_Process_2021,membrane fusion (GO:0061025),1/36,0.5223958558716933,1.3798235997927155,0.8959603529216088,VAMP3,1.0
GO_Biological_Process_2021,negative regulation of toll-like receptor signaling pathway (GO:0034122),1/36,0.5223958558716933,1.3798235997927155,0.8959603529216088,SMPDL3B,1.0
GO_Biological_Process_2021,regulation of microtubule-based process (GO:0032886),1/36,0.5223958558716933,1.3798235997927155,0.8959603529216088,MACF1,1.0
GO_Biological_Process_2021,macrophage activation (GO:0042116),1/36,0.5223958558716933,1.3798235997927155,0.8959603529216088,C1QA,1.0
GO_Biological_Process_2021,activation of adenylate cyclase activity (GO:0007190),1/36,0.5223958558716933,1.3798235997927155,0.8959603529216088,CAP1,1.0
GO_Biological_Process_2021,intrinsic apoptotic signaling pathway by p53 class mediator (GO:0072332),1/36,0.5223958558716933,1.3798235997927155,0.8959603529216088,TP73,1.0
GO_Biological_Process_2021,negative regulation of phosphorylation (GO:0042326),2/86,0.5236551989314628,1.1498113818410667,0.7438380816349713,EPHB2;ZC3H12A,1.0
GO_Biological_Process_2021,regulation of Ras protein signal transduction (GO:0046578),2/86,0.5236551989314628,1.1498113818410667,0.7438380816349713,EPHB2;MFN2,1.0
GO_Biological_Process_2021,positive regulation of proteasomal protein catabolic process (GO:1901800),2/86,0.5236551989314628,1.1498113818410667,0.7438380816349713,DVL1;RNF19B,1.0
GO_Biological_Process_2021,positive regulation of endothelial cell migration (GO:0010595),2/86,0.5236551989314628,1.1498113818410667,0.7438380816349713,PIK3CD;ZC3H12A,1.0
GO_Biological_Process_2021,positive regulation of programmed cell death (GO:0043068),6/286,0.5249599402585006,1.034678546097322,0.6667813342894726,ARHGEF16;CASP9;LAPTM5;PLEKHG5;STPG1;UTP11,1.0
GO_Biological_Process_2021,negative regulation of apoptotic process (GO:0043066),10/485,0.5249997091700724,1.0164274070811794,0.6549426944664507,ATAD3A;DFFA;HDAC1;IFI6;PDPN;PINK1;PLK3;PPT1;SFPQ;ZC3H12A,1.0
GO_Biological_Process_2021,negative regulation of angiogenesis (GO:0016525),2/87,0.5298702399191609,1.136225947996737,0.7216433836069509,AGO1;HSPG2,1.0
GO_Biological_Process_2021,regulation of ERK1 and ERK2 cascade (GO:0070372),5/238,0.5318753930440587,1.0360900071271424,0.6541313237842244,CAMK2N1;EPHA2;EPHB2;PLA2G5;PRKCZ,1.0
GO_Biological_Process_2021,anterograde axonal transport (GO:0008089),1/37,0.5321087031225491,1.3414265793612092,0.8463160645807797,KIF1B,1.0
GO_Biological_Process_2021,acyl-CoA metabolic process (GO:0006637),1/37,0.5321087031225491,1.3414265793612092,0.8463160645807797,ACOT7,1.0
GO_Biological_Process_2021,negative regulation of stress-activated MAPK cascade (GO:0032873),1/37,0.5321087031225491,1.3414265793612092,0.8463160645807797,PINK1,1.0
GO_Biological_Process_2021,proton transmembrane transport (GO:1902600),1/37,0.5321087031225491,1.3414265793612092,0.8463160645807797,SLC9A1,1.0
GO_Biological_Process_2021,regulation of glucose import (GO:0046324),1/37,0.5321087031225491,1.3414265793612092,0.8463160645807797,C1QTNF12,1.0
GO_Biological_Process_2021,positive regulation of myeloid cell differentiation (GO:0045639),1/37,0.5321087031225491,1.3414265793612092,0.8463160645807797,PITHD1,1.0
GO_Biological_Process_2021,positive regulation of exocytosis (GO:0045921),1/37,0.5321087031225491,1.3414265793612092,0.8463160645807797,ATP13A2,1.0
GO_Biological_Process_2021,regulation of intracellular pH (GO:0051453),1/37,0.5321087031225491,1.3414265793612092,0.8463160645807797,SLC9A1,1.0
GO_Biological_Process_2021,regulation of intracellular steroid hormone receptor signaling pathway (GO:0033143),1/37,0.5321087031225491,1.3414265793612092,0.8463160645807797,KDM1A,1.0
GO_Biological_Process_2021,negative regulation of G1/S transition of mitotic cell cycle (GO:2000134),1/37,0.5321087031225491,1.3414265793612092,0.8463160645807797,PLK3,1.0
GO_Biological_Process_2021,"nucleotide-excision repair, DNA incision, 5'-to lesion (GO:0006296)",1/37,0.5321087031225491,1.3414265793612092,0.8463160645807797,RPA2,1.0
GO_Biological_Process_2021,regulation of protein autophosphorylation (GO:0031952),1/37,0.5321087031225491,1.3414265793612092,0.8463160645807797,ERRFI1,1.0
GO_Biological_Process_2021,negative regulation of endothelial cell proliferation (GO:0001937),1/37,0.5321087031225491,1.3414265793612092,0.8463160645807797,ATP5IF1,1.0
GO_Biological_Process_2021,phagosome maturation (GO:0090382),1/37,0.5321087031225491,1.3414265793612092,0.8463160645807797,ATP6V0B,1.0
GO_Biological_Process_2021,regulation of microtubule cytoskeleton organization (GO:0070507),1/37,0.5321087031225491,1.3414265793612092,0.8463160645807797,STMN1,1.0
GO_Biological_Process_2021,"phagocytosis, engulfment (GO:0006911)",1/37,0.5321087031225491,1.3414265793612092,0.8463160645807797,XKR8,1.0
GO_Biological_Process_2021,regulation of p38MAPK cascade (GO:1900744),1/37,0.5321087031225491,1.3414265793612092,0.8463160645807797,ZC3H12A,1.0
GO_Biological_Process_2021,neural crest cell migration (GO:0001755),1/37,0.5321087031225491,1.3414265793612092,0.8463160645807797,PHACTR4,1.0
GO_Biological_Process_2021,phospholipid biosynthetic process (GO:0008654),1/37,0.5321087031225491,1.3414265793612092,0.8463160645807797,DHDDS,1.0
GO_Biological_Process_2021,tRNA transport (GO:0051031),1/37,0.5321087031225491,1.3414265793612092,0.8463160645807797,YBX1,1.0
GO_Biological_Process_2021,regulation of establishment of planar polarity (GO:0090175),2/88,0.5360299903058571,1.1229564544743682,0.7002365295322959,DVL1;PSMB2,1.0
GO_Biological_Process_2021,regulation of GTPase activity (GO:0043087),4/189,0.5365323494636229,1.0439155319181965,0.6499714798172401,AGRN;ASAP3;RAP1GAP;RCC2,1.0
GO_Biological_Process_2021,potassium ion transmembrane transport (GO:0071805),3/139,0.5383692161298376,1.065063468499374,0.6594986733641429,KCNAB2;KCNQ4;SLC9A1,1.0
GO_Biological_Process_2021,lysosome organization (GO:0007040),1/38,0.5416245006746325,1.3051050735476224,0.8002673579182176,MTOR,1.0
GO_Biological_Process_2021,spliceosomal snRNP assembly (GO:0000387),1/38,0.5416245006746325,1.3051050735476224,0.8002673579182176,SRSF10,1.0
GO_Biological_Process_2021,positive regulation of potassium ion transport (GO:0043268),1/38,0.5416245006746325,1.3051050735476224,0.8002673579182176,GNB1,1.0
GO_Biological_Process_2021,DNA replication initiation (GO:0006270),1/38,0.5416245006746325,1.3051050735476224,0.8002673579182176,RPA2,1.0
GO_Biological_Process_2021,lymphocyte proliferation (GO:0046651),1/38,0.5416245006746325,1.3051050735476224,0.8002673579182176,CTPS1,1.0
GO_Biological_Process_2021,regulation of phosphoprotein phosphatase activity (GO:0043666),1/38,0.5416245006746325,1.3051050735476224,0.8002673579182176,MTOR,1.0
GO_Biological_Process_2021,positive regulation of cell development (GO:0010720),1/38,0.5416245006746325,1.3051050735476224,0.8002673579182176,SPEN,1.0
GO_Biological_Process_2021,negative regulation of endothelial cell migration (GO:0010596),1/38,0.5416245006746325,1.3051050735476224,0.8002673579182176,SVBP,1.0
GO_Biological_Process_2021,regulation of axon extension (GO:0030516),1/38,0.5416245006746325,1.3051050735476224,0.8002673579182176,MACF1,1.0
GO_Biological_Process_2021,negative regulation of G0 to G1 transition (GO:0070317),1/38,0.5416245006746325,1.3051050735476224,0.8002673579182176,RBBP4,1.0
GO_Biological_Process_2021,ventricular septum development (GO:0003281),1/38,0.5416245006746325,1.3051050735476224,0.8002673579182176,HEYL,1.0
GO_Biological_Process_2021,protein import (GO:0017038),2/89,0.5421341290495703,1.1099920067801,0.67958354593806,IPO13;PEX14,1.0
GO_Biological_Process_2021,transforming growth factor beta receptor signaling pathway (GO:0007179),2/89,0.5421341290495703,1.1099920067801,0.67958354593806,PRKCZ;SKI,1.0
GO_Biological_Process_2021,regulation of type I interferon production (GO:0032479),2/89,0.5421341290495703,1.1099920067801,0.67958354593806,GPATCH3;ISG15,1.0
GO_Biological_Process_2021,neuron projection morphogenesis (GO:0048812),3/140,0.5432187740160248,1.0572349456012051,0.6451703744541097,DVL1;EPHB2;NBL1,1.0
GO_Biological_Process_2021,regulation of apoptotic process (GO:0042981),15/742,0.54389504022418,0.9955955100912928,0.6063166615935301,ARHGEF16;ATAD3A;CASP9;DFFA;HDAC1;IFI6;PDPN;PINK1;PLEKHG5;PLK3;PPT1;STPG1;TNFRSF25;TP73;UTP11,1.0
GO_Biological_Process_2021,positive regulation of cellular catabolic process (GO:0031331),3/141,0.5480387817114925,1.0495198795566327,0.631190937377481,LAPTM5;TNFRSF1B;ZC3H12A,1.0
GO_Biological_Process_2021,regulation of small GTPase mediated signal transduction (GO:0051056),3/141,0.5480387817114925,1.0495198795566327,0.631190937377481,ARHGEF16;INPP5B;PLEKHG5,1.0
GO_Biological_Process_2021,mitochondrial respiratory chain complex assembly (GO:0033108),2/90,0.5481823708095813,1.097322205624338,0.6596522306088085,NDUFS5;SLC25A33,1.0
GO_Biological_Process_2021,protein complex oligomerization (GO:0051259),2/90,0.5481823708095813,1.097322205624338,0.6596522306088085,SLC9A1;ZC3H12A,1.0
GO_Biological_Process_2021,sodium ion transport (GO:0006814),2/90,0.5481823708095813,1.097322205624338,0.6596522306088085,SCNN1D;SLC6A9,1.0
GO_Biological_Process_2021,cellular amino acid catabolic process (GO:0009063),2/90,0.5481823708095813,1.097322205624338,0.6596522306088085,ALDH4A1;HMGCL,1.0
GO_Biological_Process_2021,DNA integrity checkpoint signaling (GO:0031570),1/39,0.5509472365090232,1.2706952259347508,0.7574820525522384,FBXO6,1.0
GO_Biological_Process_2021,endothelial cell migration (GO:0043542),1/39,0.5509472365090232,1.2706952259347508,0.7574820525522384,PLEKHG5,1.0
GO_Biological_Process_2021,"mitochondrial electron transport, NADH to ubiquinone (GO:0006120)",1/39,0.5509472365090232,1.2706952259347508,0.7574820525522384,NDUFS5,1.0
GO_Biological_Process_2021,regulation of viral entry into host cell (GO:0046596),1/39,0.5509472365090232,1.2706952259347508,0.7574820525522384,TRIM62,1.0
GO_Biological_Process_2021,cellular response to ketone (GO:1901655),1/39,0.5509472365090232,1.2706952259347508,0.7574820525522384,GNB1,1.0
GO_Biological_Process_2021,negative regulation of protein secretion (GO:0050709),1/39,0.5509472365090232,1.2706952259347508,0.7574820525522384,BMP8A,1.0
GO_Biological_Process_2021,regulation of T cell differentiation (GO:0045580),1/39,0.5509472365090232,1.2706952259347508,0.7574820525522384,TNFRSF18,1.0
GO_Biological_Process_2021,response to peptide (GO:1901652),1/39,0.5509472365090232,1.2706952259347508,0.7574820525522384,EIF2B3,1.0
GO_Biological_Process_2021,positive regulation of intracellular transport (GO:0032388),1/39,0.5509472365090232,1.2706952259347508,0.7574820525522384,PLK3,1.0
GO_Biological_Process_2021,regulation of dendrite development (GO:0050773),1/39,0.5509472365090232,1.2706952259347508,0.7574820525522384,MFSD2A,1.0
GO_Biological_Process_2021,negative regulation of cellular metabolic process (GO:0031324),1/39,0.5509472365090232,1.2706952259347508,0.7574820525522384,PINK1,1.0
GO_Biological_Process_2021,phospholipid dephosphorylation (GO:0046839),1/39,0.5509472365090232,1.2706952259347508,0.7574820525522384,INPP5B,1.0
GO_Biological_Process_2021,odontogenesis (GO:0042476),1/39,0.5509472365090232,1.2706952259347508,0.7574820525522384,HDAC1,1.0
GO_Biological_Process_2021,protein acylation (GO:0043543),1/39,0.5509472365090232,1.2706952259347508,0.7574820525522384,ZDHHC18,1.0
GO_Biological_Process_2021,regulation of intracellular transport (GO:0032386),1/39,0.5509472365090232,1.2706952259347508,0.7574820525522384,ATP13A2,1.0
GO_Biological_Process_2021,"nucleotide-excision repair, DNA incision (GO:0033683)",1/39,0.5509472365090232,1.2706952259347508,0.7574820525522384,RPA2,1.0
GO_Biological_Process_2021,regulation of programmed cell death (GO:0043067),4/194,0.5571705232624515,1.0161822219069623,0.5943486617219909,DFFA;PINK1;TNFRSF25;TP73,1.0
GO_Biological_Process_2021,receptor-mediated endocytosis (GO:0006898),3/143,0.5575888924464457,1.0344203931551126,0.6042394392425982,HSPG2;LDLRAP1;PPT1,1.0
GO_Biological_Process_2021,neuron development (GO:0048666),3/143,0.5575888924464457,1.0344203931551126,0.6042394392425982,NCDN;PPT1;STMN1,1.0
GO_Biological_Process_2021,positive regulation of wound healing (GO:0090303),1/40,0.5600808180919766,1.23804998589177,0.7176656198349693,MTOR,1.0
GO_Biological_Process_2021,regulation of nitric oxide biosynthetic process (GO:0045428),1/40,0.5600808180919766,1.23804998589177,0.7176656198349693,ZC3H12A,1.0
GO_Biological_Process_2021,positive regulation of intrinsic apoptotic signaling pathway (GO:2001244),1/40,0.5600808180919766,1.23804998589177,0.7176656198349693,SFPQ,1.0
GO_Biological_Process_2021,positive regulation of cation channel activity (GO:2001259),1/40,0.5600808180919766,1.23804998589177,0.7176656198349693,EPHB2,1.0
GO_Biological_Process_2021,negative regulation of ERBB signaling pathway (GO:1901185),1/40,0.5600808180919766,1.23804998589177,0.7176656198349693,ERRFI1,1.0
GO_Biological_Process_2021,positive regulation of double-strand break repair (GO:2000781),1/40,0.5600808180919766,1.23804998589177,0.7176656198349693,MAD2L2,1.0
GO_Biological_Process_2021,glycolipid biosynthetic process (GO:0009247),1/40,0.5600808180919766,1.23804998589177,0.7176656198349693,PIGV,1.0
GO_Biological_Process_2021,autophagy of mitochondrion (GO:0000422),1/40,0.5600808180919766,1.23804998589177,0.7176656198349693,PINK1,1.0
GO_Biological_Process_2021,stem cell differentiation (GO:0048863),1/40,0.5600808180919766,1.23804998589177,0.7176656198349693,PUM1,1.0
GO_Biological_Process_2021,regulation of microtubule polymerization (GO:0031113),1/40,0.5600808180919766,1.23804998589177,0.7176656198349693,STMN1,1.0
GO_Biological_Process_2021,positive regulation of ossification (GO:0045778),1/40,0.5600808180919766,1.23804998589177,0.7176656198349693,ISG15,1.0
GO_Biological_Process_2021,synaptic vesicle exocytosis (GO:0016079),1/40,0.5600808180919766,1.23804998589177,0.7176656198349693,RIMS3,1.0
GO_Biological_Process_2021,carboxylic acid metabolic process (GO:0019752),1/40,0.5600808180919766,1.23804998589177,0.7176656198349693,SLC2A1,1.0
GO_Biological_Process_2021,negative regulation of I-kappaB kinase/NF-kappaB signaling (GO:0043124),1/40,0.5600808180919766,1.23804998589177,0.7176656198349693,ZC3H12A,1.0
GO_Biological_Process_2021,regulation of lipid metabolic process (GO:0019216),2/92,0.5601101926972653,1.0728272567231978,0.621834003338809,NFYC;ZFP69,1.0
GO_Biological_Process_2021,regulation of peptidyl-tyrosine phosphorylation (GO:0050730),2/92,0.5601101926972653,1.0728272567231978,0.621834003338809,PRKCZ;TNFRSF14,1.0
GO_Biological_Process_2021,positive regulation of peptidyl-serine phosphorylation (GO:0033138),2/93,0.5659893690458011,1.0609835451666025,0.603890596795293,MAD2L2;PINK1,1.0
GO_Biological_Process_2021,cytoplasmic translation (GO:0002181),2/93,0.5659893690458011,1.0609835451666025,0.603890596795293,EIF2B3;EIF3I,1.0
GO_Biological_Process_2021,regulation of heart contraction (GO:0008016),2/93,0.5659893690458011,1.0609835451666025,0.603890596795293,HSPB7;RNF207,1.0
GO_Biological_Process_2021,visual perception (GO:0007601),2/93,0.5659893690458011,1.0609835451666025,0.603890596795293,DHRS3;EYA3,1.0
GO_Biological_Process_2021,visual system development (GO:0150063),1/41,0.5690290739965186,1.207037007850938,0.6805561315596275,C1QA,1.0
GO_Biological_Process_2021,positive regulation of cation transmembrane transport (GO:1904064),1/41,0.5690290739965186,1.207037007850938,0.6805561315596275,GNB1,1.0
GO_Biological_Process_2021,negative regulation of cell-cell adhesion (GO:0022408),1/41,0.5690290739965186,1.207037007850938,0.6805561315596275,MAD2L2,1.0
GO_Biological_Process_2021,T cell differentiation (GO:0030217),1/41,0.5690290739965186,1.207037007850938,0.6805561315596275,PIK3CD,1.0
GO_Biological_Process_2021,regulation of release of cytochrome c from mitochondria (GO:0090199),1/41,0.5690290739965186,1.207037007850938,0.6805561315596275,PINK1,1.0
GO_Biological_Process_2021,carbohydrate catabolic process (GO:0016052),1/41,0.5690290739965186,1.207037007850938,0.6805561315596275,ENO1,1.0
GO_Biological_Process_2021,regulation of G0 to G1 transition (GO:0070316),1/41,0.5690290739965186,1.207037007850938,0.6805561315596275,RBBP4,1.0
GO_Biological_Process_2021,response to growth factor (GO:0070848),1/41,0.5690290739965186,1.207037007850938,0.6805561315596275,EPHA2,1.0
GO_Biological_Process_2021,regulation of viral transcription (GO:0046782),1/41,0.5690290739965186,1.207037007850938,0.6805561315596275,TRIM62,1.0
GO_Biological_Process_2021,protein methylation (GO:0006479),1/41,0.5690290739965186,1.207037007850938,0.6805561315596275,ICMT,1.0
GO_Biological_Process_2021,gluconeogenesis (GO:0006094),1/41,0.5690290739965186,1.207037007850938,0.6805561315596275,ENO1,1.0
GO_Biological_Process_2021,epithelial cell migration (GO:0010631),1/41,0.5690290739965186,1.207037007850938,0.6805561315596275,PLEKHG5,1.0
GO_Biological_Process_2021,positive regulation of biomineral tissue development (GO:0070169),1/41,0.5690290739965186,1.207037007850938,0.6805561315596275,ISG15,1.0
GO_Biological_Process_2021,positive regulation of TOR signaling (GO:0032008),1/41,0.5690290739965186,1.207037007850938,0.6805561315596275,RRAGC,1.0
GO_Biological_Process_2021,negative regulation of cellular protein metabolic process (GO:0032269),2/94,0.571811838418749,1.049397305600368,0.5865556871102132,CAMK2N1;YBX1,1.0
GO_Biological_Process_2021,negative regulation of MAPK cascade (GO:0043409),2/94,0.571811838418749,1.049397305600368,0.5865556871102132,CAMK2N1;EPHB2,1.0
GO_Biological_Process_2021,nucleosome organization (GO:0034728),2/94,0.571811838418749,1.049397305600368,0.5865556871102132,ARID1A;DMAP1,1.0
GO_Biological_Process_2021,sensory perception of light stimulus (GO:0050953),2/95,0.5775774750749358,1.038060232476418,0.5698044341862067,DHRS3;EYA3,1.0
GO_Biological_Process_2021,heterophilic cell-cell adhesion via plasma membrane cell adhesion molecules (GO:0007157),1/42,0.577795755491454,1.17753685800722,0.6459199884204812,IGSF21,1.0
GO_Biological_Process_2021,phosphatidylinositol phosphate biosynthetic process (GO:0046854),1/42,0.577795755491454,1.17753685800722,0.6459199884204812,PIK3CD,1.0
GO_Biological_Process_2021,mitochondrial gene expression (GO:0140053),1/42,0.577795755491454,1.17753685800722,0.6459199884204812,SLC25A33,1.0
GO_Biological_Process_2021,regulation of ubiquitin-dependent protein catabolic process (GO:2000058),1/42,0.577795755491454,1.17753685800722,0.6459199884204812,LAPTM5,1.0
GO_Biological_Process_2021,skeletal system morphogenesis (GO:0048705),1/42,0.577795755491454,1.17753685800722,0.6459199884204812,SKI,1.0
GO_Biological_Process_2021,nucleic acid-templated transcription (GO:0097659),1/42,0.577795755491454,1.17753685800722,0.6459199884204812,RRAGC,1.0
GO_Biological_Process_2021,regulation of macromolecule metabolic process (GO:0060255),4/200,0.5812720824995923,0.9847700034248502,0.5342735049358824,PRDM2;TP73;YBX1;ZC3H12A,1.0
GO_Biological_Process_2021,positive regulation of phosphorylation (GO:0042327),5/253,0.5862324646149704,0.9726691098642568,0.519443113068193,EPHA10;EPHA2;EPHB2;PINK1;TIE1,1.0
GO_Biological_Process_2021,positive regulation of axonogenesis (GO:0050772),1/43,0.5863845380984521,1.149441477203679,0.6135482926781658,MACF1,1.0
GO_Biological_Process_2021,regulation of cell-substrate adhesion (GO:0010810),1/43,0.5863845380984521,1.149441477203679,0.6135482926781658,PDPN,1.0
GO_Biological_Process_2021,signal release from synapse (GO:0099643),1/43,0.5863845380984521,1.149441477203679,0.6135482926781658,DVL1,1.0
GO_Biological_Process_2021,substantia nigra development (GO:0021762),1/43,0.5863845380984521,1.149441477203679,0.6135482926781658,PADI2,1.0
GO_Biological_Process_2021,glutathione metabolic process (GO:0006749),1/43,0.5863845380984521,1.149441477203679,0.6135482926781658,MMACHC,1.0
GO_Biological_Process_2021,regulation of cytokine production involved in inflammatory response (GO:1900015),1/43,0.5863845380984521,1.149441477203679,0.6135482926781658,ZC3H12A,1.0
GO_Biological_Process_2021,negative regulation of proteolysis (GO:0045861),1/43,0.5863845380984521,1.149441477203679,0.6135482926781658,CAMK2N1,1.0
GO_Biological_Process_2021,double-strand break repair via homologous recombination (GO:0000724),2/97,0.5889378881401891,1.0161021118995048,0.5379595683951884,RPA2;SFPQ,1.0
GO_Biological_Process_2021,protein maturation (GO:0051604),2/97,0.5889378881401891,1.0161021118995048,0.5379595683951884,DDI2;ECE1,1.0
GO_Biological_Process_2021,calcium ion homeostasis (GO:0055074),2/97,0.5889378881401891,1.0161021118995048,0.5379595683951884,ATP13A2;SELENON,1.0
GO_Biological_Process_2021,regulation of cell migration (GO:0030334),8/408,0.5892484731809333,0.9645225893336035,0.5101430658016973,CLIC4;EPHB2;FGR;MACF1;PDPN;PIK3CD;PTPRU;RCC2,1.0
GO_Biological_Process_2021,regulation of cell population proliferation (GO:0042127),15/764,0.5899093153853376,0.9652255622004464,0.5094329793249465,AGO3;CAMK2N1;FABP3;HDAC1;HP1BP3;IFNLR1;P3H1;PDPN;PTPRU;RBBP4;SKI;SLC25A33;TFAP2E;TRNP1;ZBTB17,1.0
GO_Biological_Process_2021,positive regulation of nucleic acid-templated transcription (GO:1903508),10/511,0.5916328457888709,0.9623681691089311,0.5051172468663697,ARID1A;GPATCH3;HDAC1;HIVEP3;MAD2L2;PITHD1;RLF;THRAP3;TP73;ZBTB48,1.0
GO_Biological_Process_2021,regulation of neuron apoptotic process (GO:0043523),2/98,0.5945325506809507,1.0054661472450623,0.5228220975255212,PINK1;PPT1,1.0
GO_Biological_Process_2021,regulation of peptidyl-serine phosphorylation (GO:0033135),2/98,0.5945325506809507,1.0054661472450623,0.5228220975255212,MAD2L2;PINK1,1.0
GO_Biological_Process_2021,positive regulation of potassium ion transmembrane transport (GO:1901381),1/44,0.5947990231178454,1.1226528582979771,0.5832537555798458,GNB1,1.0
GO_Biological_Process_2021,positive regulation of cell-matrix adhesion (GO:0001954),1/44,0.5947990231178454,1.1226528582979771,0.5832537555798458,COL16A1,1.0
GO_Biological_Process_2021,positive regulation of osteoblast differentiation (GO:0045669),1/44,0.5947990231178454,1.1226528582979771,0.5832537555798458,CTNNBIP1,1.0
GO_Biological_Process_2021,cardiac ventricle morphogenesis (GO:0003208),1/44,0.5947990231178454,1.1226528582979771,0.5832537555798458,HEYL,1.0
GO_Biological_Process_2021,positive regulation of biosynthetic process (GO:0009891),1/44,0.5947990231178454,1.1226528582979771,0.5832537555798458,MTOR,1.0
GO_Biological_Process_2021,positive regulation of stress fiber assembly (GO:0051496),1/44,0.5947990231178454,1.1226528582979771,0.5832537555798458,ARHGEF10L,1.0
GO_Biological_Process_2021,hexose biosynthetic process (GO:0019319),1/44,0.5947990231178454,1.1226528582979771,0.5832537555798458,ENO1,1.0
GO_Biological_Process_2021,neurotransmitter secretion (GO:0007269),1/44,0.5947990231178454,1.1226528582979771,0.5832537555798458,DVL1,1.0
GO_Biological_Process_2021,negative regulation of epidermal growth factor receptor signaling pathway (GO:0042059),1/44,0.5947990231178454,1.1226528582979771,0.5832537555798458,ERRFI1,1.0
GO_Biological_Process_2021,metal ion homeostasis (GO:0055065),1/44,0.5947990231178454,1.1226528582979771,0.5832537555798458,SELENON,1.0
GO_Biological_Process_2021,mitotic spindle assembly (GO:0090307),1/44,0.5947990231178454,1.1226528582979771,0.5832537555798458,WRAP73,1.0
GO_Biological_Process_2021,lymphocyte chemotaxis (GO:0048247),1/44,0.5947990231178454,1.1226528582979771,0.5832537555798458,PIK3CD,1.0
GO_Biological_Process_2021,mRNA-containing ribonucleoprotein complex export from nucleus (GO:0071427),2/99,0.6000701506742876,0.9950494808309177,0.5081804395372793,SRRM1;SRSF4,1.0
GO_Biological_Process_2021,protein deacetylation (GO:0006476),1/45,0.6030427391237655,1.0970819038879889,0.5548680506880881,HDAC1,1.0
GO_Biological_Process_2021,negative regulation of T cell activation (GO:0050868),1/45,0.6030427391237655,1.0970819038879889,0.5548680506880881,LAPTM5,1.0
GO_Biological_Process_2021,regulation of DNA repair (GO:0006282),1/45,0.6030427391237655,1.0970819038879889,0.5548680506880881,EYA3,1.0
GO_Biological_Process_2021,positive regulation of response to biotic stimulus (GO:0002833),1/45,0.6030427391237655,1.0970819038879889,0.5548680506880881,PUM1,1.0
GO_Biological_Process_2021,dephosphorylation (GO:0016311),3/153,0.6034730137557647,0.9649627557081203,0.4873582568478963,ALPL;PTPRF;PTPRU,1.0
GO_Biological_Process_2021,positive regulation of apoptotic process (GO:0043065),6/310,0.6037116714231323,0.9518091872245072,0.4803386540249356,ARHGEF16;CASP9;PLEKHG5;STPG1;UTP11;ZC3H12A,1.0
GO_Biological_Process_2021,cell-matrix adhesion (GO:0007160),2/100,0.6055506937092178,0.9848453994456332,0.494015192203029,RCC2;TESK2,1.0
GO_Biological_Process_2021,organic acid transport (GO:0015849),2/100,0.6055506937092178,0.9848453994456332,0.494015192203029,MFSD2A;PDPN,1.0
GO_Biological_Process_2021,cytokine-mediated signaling pathway (GO:0019221),12/621,0.6102052726936207,0.9494636057186477,0.46899691527221987,CSF3R;IFI6;IFNLR1;ISG15;PIK3CD;PSMB2;TNFRSF14;TNFRSF18;TNFRSF1B;TNFRSF25;TRIM62;TXLNA,1.0
GO_Biological_Process_2021,regulation of fibroblast proliferation (GO:0048145),1/46,0.6111191434292407,1.072647436340667,0.5282395406346738,SKI,1.0
GO_Biological_Process_2021,establishment of protein localization to extracellular region (GO:0035592),1/46,0.6111191434292407,1.072647436340667,0.5282395406346738,SVBP,1.0
GO_Biological_Process_2021,posttranscriptional regulation of gene expression (GO:0010608),1/46,0.6111191434292407,1.072647436340667,0.5282395406346738,PUM1,1.0
GO_Biological_Process_2021,erythrocyte differentiation (GO:0030218),1/46,0.6111191434292407,1.072647436340667,0.5282395406346738,ATP5IF1,1.0
GO_Biological_Process_2021,positive regulation of organelle assembly (GO:1902117),1/46,0.6111191434292407,1.072647436340667,0.5282395406346738,CROCC,1.0
GO_Biological_Process_2021,positive regulation of response to stimulus (GO:0048584),1/46,0.6111191434292407,1.072647436340667,0.5282395406346738,SELENON,1.0
GO_Biological_Process_2021,negative regulation of tumor necrosis factor production (GO:0032720),1/46,0.6111191434292407,1.072647436340667,0.5282395406346738,ZC3H12A,1.0
GO_Biological_Process_2021,"regulation of synaptic transmission, glutamatergic (GO:0051966)",1/46,0.6111191434292407,1.072647436340667,0.5282395406346738,TPRG1L,1.0
GO_Biological_Process_2021,regulation of B cell proliferation (GO:0030888),1/46,0.6111191434292407,1.072647436340667,0.5282395406346738,EPHB2,1.0
GO_Biological_Process_2021,regulation of proteasomal ubiquitin-dependent protein catabolic process (GO:0032434),2/102,0.6163407464821314,0.9650494815581812,0.4670408195764031,DVL1;RNF19B,1.0
GO_Biological_Process_2021,calcium-mediated signaling (GO:0019722),2/102,0.6163407464821314,0.9650494815581812,0.4670408195764031,RCAN3;SLC9A1,1.0
GO_Biological_Process_2021,positive regulation of cellular protein metabolic process (GO:0032270),2/102,0.6163407464821314,0.9650494815581812,0.4670408195764031,AURKAIP1;MTOR,1.0
GO_Biological_Process_2021,protein O-linked glycosylation (GO:0006493),2/102,0.6163407464821314,0.9650494815581812,0.4670408195764031,PLOD1;ST3GAL3,1.0
GO_Biological_Process_2021,regulation of cell death (GO:0010941),2/102,0.6163407464821314,0.9650494815581812,0.4670408195764031,TNFRSF1B;ZC3H12A,1.0
GO_Biological_Process_2021,cell junction assembly (GO:0034329),2/102,0.6163407464821314,0.9650494815581812,0.4670408195764031,FBLIM1;GJA4,1.0
GO_Biological_Process_2021,peptidyl-serine phosphorylation (GO:0018105),3/156,0.6166113169654245,0.945895953271691,0.4573562154445242,MTOR;PINK1;PRKCZ,1.0
GO_Biological_Process_2021,telomere organization (GO:0032200),1/47,0.6190316235218402,1.0492753369475762,0.5032313178811124,RPA2,1.0
GO_Biological_Process_2021,regulation of cellular metabolic process (GO:0031323),1/47,0.6190316235218402,1.0492753369475762,0.5032313178811124,PINK1,1.0
GO_Biological_Process_2021,positive regulation of pathway-restricted SMAD protein phosphorylation (GO:0010862),1/47,0.6190316235218402,1.0492753369475762,0.5032313178811124,BMP8A,1.0
GO_Biological_Process_2021,positive regulation of cell-cell adhesion (GO:0022409),1/47,0.6190316235218402,1.0492753369475762,0.5032313178811124,PTPRU,1.0
GO_Biological_Process_2021,epithelial to mesenchymal transition (GO:0001837),1/47,0.6190316235218402,1.0492753369475762,0.5032313178811124,HEYL,1.0
GO_Biological_Process_2021,positive regulation of neuron death (GO:1901216),1/47,0.6190316235218402,1.0492753369475762,0.5032313178811124,C1QA,1.0
GO_Biological_Process_2021,glycosphingolipid metabolic process (GO:0006687),1/47,0.6190316235218402,1.0492753369475762,0.5032313178811124,CPTP,1.0
GO_Biological_Process_2021,organonitrogen compound biosynthetic process (GO:1901566),3/158,0.6252055548053463,0.9335947904094787,0.4384859423857593,AKR1A1;ELOVL1;MFSD2A,1.0
GO_Biological_Process_2021,cellular response to alcohol (GO:0097306),1/48,0.6267834984704764,1.0268977949754683,0.4797195105553678,GNB1,1.0
GO_Biological_Process_2021,regulation of interleukin-2 production (GO:0032663),1/48,0.6267834984704764,1.0268977949754683,0.4797195105553678,LAPTM5,1.0
GO_Biological_Process_2021,negative regulation of tumor necrosis factor superfamily cytokine production (GO:1903556),1/48,0.6267834984704764,1.0268977949754683,0.4797195105553678,ZC3H12A,1.0
GO_Biological_Process_2021,cognition (GO:0050890),1/48,0.6267834984704764,1.0268977949754683,0.4797195105553678,MFSD2A,1.0
GO_Biological_Process_2021,phosphatidic acid biosynthetic process (GO:0006654),1/48,0.6267834984704764,1.0268977949754683,0.4797195105553678,PLA2G5,1.0
GO_Biological_Process_2021,positive regulation of DNA repair (GO:0045739),1/48,0.6267834984704764,1.0268977949754683,0.4797195105553678,EYA3,1.0
GO_Biological_Process_2021,cellular response to ionizing radiation (GO:0071479),1/48,0.6267834984704764,1.0268977949754683,0.4797195105553678,KDM1A,1.0
GO_Biological_Process_2021,Golgi to plasma membrane transport (GO:0006893),1/48,0.6267834984704764,1.0268977949754683,0.4797195105553678,MACF1,1.0
GO_Biological_Process_2021,substrate adhesion-dependent cell spreading (GO:0034446),1/48,0.6267834984704764,1.0268977949754683,0.4797195105553678,VAMP3,1.0
GO_Biological_Process_2021,negative regulation of mitotic cell cycle (GO:0045930),1/48,0.6267834984704764,1.0268977949754683,0.4797195105553678,AURKAIP1,1.0
GO_Biological_Process_2021,myelination (GO:0042552),1/48,0.6267834984704764,1.0268977949754683,0.4797195105553678,SKI,1.0
GO_Biological_Process_2021,mRNA transport (GO:0051028),2/104,0.6269032016254474,0.9460298741761194,0.44176107456237956,SRRM1;SRSF4,1.0
GO_Biological_Process_2021,cellular metal ion homeostasis (GO:0006875),2/104,0.6269032016254474,0.9460298741761194,0.44176107456237956,ATP13A2;SLC9A1,1.0
GO_Biological_Process_2021,regulation of insulin secretion (GO:0050796),2/104,0.6269032016254474,0.9460298741761194,0.44176107456237956,BMP8A;SLC2A1,1.0
GO_Biological_Process_2021,negative regulation of inflammatory response (GO:0050728),4/212,0.6271357772248736,0.92738229658253,0.4327093563855646,FGR;GNB1;SMPDL3B;TNFRSF1B,1.0
GO_Biological_Process_2021,regulation of protein phosphorylation (GO:0001932),5/266,0.6304491797332711,0.9236009367328953,0.42607810551345565,EPHB2;FGR;PINK1;SESN2;ZC3H12A,1.0
GO_Biological_Process_2021,nucleotide-excision repair (GO:0006289),2/105,0.6320993245041152,0.9367970550586137,0.4297169950360345,PPIE;RPA2,1.0
GO_Biological_Process_2021,response to unfolded protein (GO:0006986),1/49,0.6343780203039258,1.0054526505855312,0.45759181289527556,HSPB7,1.0
GO_Biological_Process_2021,oligosaccharide metabolic process (GO:0009311),1/49,0.6343780203039258,1.0054526505855312,0.45759181289527556,ST3GAL3,1.0
GO_Biological_Process_2021,positive regulation of reactive oxygen species metabolic process (GO:2000379),1/49,0.6343780203039258,1.0054526505855312,0.45759181289527556,ZC3H12A,1.0
GO_Biological_Process_2021,regulation of smooth muscle cell proliferation (GO:0048660),1/49,0.6343780203039258,1.0054526505855312,0.45759181289527556,MFN2,1.0
GO_Biological_Process_2021,receptor internalization (GO:0031623),1/49,0.6343780203039258,1.0054526505855312,0.45759181289527556,LDLRAP1,1.0
GO_Biological_Process_2021,response to glucose (GO:0009749),1/49,0.6343780203039258,1.0054526505855312,0.45759181289527556,EIF2B3,1.0
GO_Biological_Process_2021,cellular response to mechanical stimulus (GO:0071260),1/49,0.6343780203039258,1.0054526505855312,0.45759181289527556,SLC9A1,1.0
GO_Biological_Process_2021,mitotic cytokinesis (GO:0000281),1/49,0.6343780203039258,1.0054526505855312,0.45759181289527556,STMN1,1.0
GO_Biological_Process_2021,regulation of interferon-beta production (GO:0032648),1/49,0.6343780203039258,1.0054526505855312,0.45759181289527556,ISG15,1.0
GO_Biological_Process_2021,secondary alcohol metabolic process (GO:1902652),1/49,0.6343780203039258,1.0054526505855312,0.45759181289527556,LDLRAP1,1.0
GO_Biological_Process_2021,RNA export from nucleus (GO:0006405),2/106,0.6372388798900599,0.9277417901549061,0.4180503645213985,SRRM1;SRSF4,1.0
GO_Biological_Process_2021,protein localization to nucleus (GO:0034504),2/106,0.6372388798900599,0.9277417901549061,0.4180503645213985,DVL1;IPO13,1.0
GO_Biological_Process_2021,regulation of phosphatidylinositol 3-kinase signaling (GO:0014066),2/106,0.6372388798900599,0.9277417901549061,0.4180503645213985,FGR;PIK3CD,1.0
GO_Biological_Process_2021,phosphatidic acid metabolic process (GO:0046473),1/50,0.6418183753616474,0.9848828182115101,0.43674620668751407,PLA2G5,1.0
GO_Biological_Process_2021,iron ion transport (GO:0006826),1/50,0.6418183753616474,0.9848828182115101,0.43674620668751407,ATP6V0B,1.0
GO_Biological_Process_2021,chloride transmembrane transport (GO:1902476),1/50,0.6418183753616474,0.9848828182115101,0.43674620668751407,GABRD,1.0
GO_Biological_Process_2021,amino acid transport (GO:0006865),1/50,0.6418183753616474,0.9848828182115101,0.43674620668751407,PDPN,1.0
GO_Biological_Process_2021,mRNA export from nucleus (GO:0006406),2/107,0.6423220172102564,0.9188590064874598,0.4067471967929632,SRRM1;SRSF4,1.0
GO_Biological_Process_2021,response to calcium ion (GO:0051592),2/107,0.6423220172102564,0.9188590064874598,0.4067471967929632,CLIC4;PEF1,1.0
GO_Biological_Process_2021,cellular response to oxygen-containing compound (GO:1901701),6/323,0.6432811061911126,0.9121608609499218,0.40242117325704435,GNB1;MTOR;RRAGC;SESN2;TNFRSF1B;ZC3H12A,1.0
GO_Biological_Process_2021,negative regulation of transmembrane receptor protein serine/threonine kinase signaling pathway (GO:0090101),2/108,0.6473489031092333,0.9101438225118519,0.3957941229658176,NBL1;SKI,1.0
GO_Biological_Process_2021,mitotic nuclear membrane organization (GO:0101024),1/51,0.6491076856174456,0.96513577913245,0.41708984567593693,RCC1,1.0
GO_Biological_Process_2021,mitotic nuclear membrane reassembly (GO:0007084),1/51,0.6491076856174456,0.96513577913245,0.41708984567593693,RCC1,1.0
GO_Biological_Process_2021,regulation of protein modification process (GO:0031399),1/51,0.6491076856174456,0.96513577913245,0.41708984567593693,SESN2,1.0
GO_Biological_Process_2021,regulation of smoothened signaling pathway (GO:0008589),1/51,0.6491076856174456,0.96513577913245,0.41708984567593693,PTCH2,1.0
GO_Biological_Process_2021,regulation of cellular amine metabolic process (GO:0033238),1/51,0.6491076856174456,0.96513577913245,0.41708984567593693,PSMB2,1.0
GO_Biological_Process_2021,negative regulation of transport (GO:0051051),1/51,0.6491076856174456,0.96513577913245,0.41708984567593693,YRDC,1.0
GO_Biological_Process_2021,regulation of interleukin-12 production (GO:0032655),1/51,0.6491076856174456,0.96513577913245,0.41708984567593693,LAPTM5,1.0
GO_Biological_Process_2021,mesenchymal cell differentiation (GO:0048762),1/51,0.6491076856174456,0.96513577913245,0.41708984567593693,HEYL,1.0
GO_Biological_Process_2021,regulation of epithelial cell migration (GO:0010632),1/51,0.6491076856174456,0.96513577913245,0.41708984567593693,MACF1,1.0
GO_Biological_Process_2021,positive regulation of actin filament bundle assembly (GO:0032233),1/51,0.6491076856174456,0.96513577913245,0.41708984567593693,ARHGEF10L,1.0
GO_Biological_Process_2021,mitotic metaphase plate congression (GO:0007080),1/51,0.6491076856174456,0.96513577913245,0.41708984567593693,NUDC,1.0
GO_Biological_Process_2021,inorganic cation transmembrane transport (GO:0098662),5/274,0.656190814363724,0.8957624307298582,0.3773879876723455,KCNAB2;KCNQ4;SCNN1D;SLC6A9;SLC9A1,1.0
GO_Biological_Process_2021,fatty acid beta-oxidation (GO:0006635),1/52,0.6562490099765272,0.9461631337427646,0.39853807948083186,MECR,1.0
GO_Biological_Process_2021,plasma membrane bounded cell projection morphogenesis (GO:0120039),1/52,0.6562490099765272,0.9461631337427646,0.39853807948083186,NBL1,1.0
GO_Biological_Process_2021,response to peptide hormone (GO:0043434),1/52,0.6562490099765272,0.9461631337427646,0.39853807948083186,EIF2B3,1.0
GO_Biological_Process_2021,regulation of telomere maintenance via telomerase (GO:0032210),1/52,0.6562490099765272,0.9461631337427646,0.39853807948083186,EXOSC10,1.0
GO_Biological_Process_2021,ameboidal-type cell migration (GO:0001667),1/52,0.6562490099765272,0.9461631337427646,0.39853807948083186,PHACTR4,1.0
GO_Biological_Process_2021,myeloid cell differentiation (GO:0030099),1/52,0.6562490099765272,0.9461631337427646,0.39853807948083186,ATP5IF1,1.0
GO_Biological_Process_2021,regulation of release of sequestered calcium ion into cytosol (GO:0051279),1/52,0.6562490099765272,0.9461631337427646,0.39853807948083186,SELENON,1.0
GO_Biological_Process_2021,negative regulation of programmed cell death (GO:0043069),7/381,0.6575912573537276,0.9015854924615702,0.3779191507144308,ATAD3A;HDAC1;IFI6;LAPTM5;PDPN;PLK3;PPT1,1.0
GO_Biological_Process_2021,positive regulation of cell motility (GO:2000147),4/221,0.6593645366479595,0.8885067532377324,0.37004416510393134,EPHB2;FGR;PDPN;PIK3CD,1.0
GO_Biological_Process_2021,"transcription, DNA-templated (GO:0006351)",4/221,0.6593645366479595,0.8885067532377324,0.37004416510393134,ELOA;RRAGC;SLC25A33;TAF12,1.0
GO_Biological_Process_2021,cellular protein localization (GO:0034613),6/329,0.6607250028924216,0.8949380585863009,0.37087804446816225,CROCC;LAPTM5;MFN2;PTPRU;RRAGC;STX12,1.0
GO_Biological_Process_2021,positive regulation of NIK/NF-kappaB signaling (GO:1901224),1/53,0.6632453455464855,0.9279202054834518,0.38101359732225565,LAPTM5,1.0
GO_Biological_Process_2021,negative regulation of cysteine-type endopeptidase activity (GO:2000117),1/53,0.6632453455464855,0.9279202054834518,0.38101359732225565,IFI6,1.0
GO_Biological_Process_2021,IRE1-mediated unfolded protein response (GO:0036498),1/53,0.6632453455464855,0.9279202054834518,0.38101359732225565,ZBTB17,1.0
GO_Biological_Process_2021,heart morphogenesis (GO:0003007),1/53,0.6632453455464855,0.9279202054834518,0.38101359732225565,HEYL,1.0
GO_Biological_Process_2021,positive regulation of phagocytosis (GO:0050766),1/53,0.6632453455464855,0.9279202054834518,0.38101359732225565,PLA2G5,1.0
GO_Biological_Process_2021,DNA metabolic process (GO:0006259),5/277,0.6655433614541914,0.885745174203949,0.36063246483769446,CENPS;DFFB;FBXO6;MUTYH;RPA2,1.0
GO_Biological_Process_2021,regulation of cytoskeleton organization (GO:0051493),2/112,0.6668978262546574,0.8768676655140767,0.35523525094172187,CLIC4;MTOR,1.0
GO_Biological_Process_2021,peptidyl-serine modification (GO:0018209),3/169,0.6700880918684462,0.8712367871049498,0.3487962453977601,MTOR;PINK1;PRKCZ,1.0
GO_Biological_Process_2021,regulation of cellular amino acid metabolic process (GO:0006521),1/54,0.6700996288827328,0.9103656896112827,0.36444567493417185,PSMB2,1.0
GO_Biological_Process_2021,nuclear membrane reassembly (GO:0031468),1/54,0.6700996288827328,0.9103656896112827,0.36444567493417185,RCC1,1.0
GO_Biological_Process_2021,unsaturated fatty acid metabolic process (GO:0033559),1/54,0.6700996288827328,0.9103656896112827,0.36444567493417185,ELOVL1,1.0
GO_Biological_Process_2021,regulation of proteasomal protein catabolic process (GO:0061136),1/54,0.6700996288827328,0.9103656896112827,0.36444567493417185,PINK1,1.0
GO_Biological_Process_2021,positive regulation of leukocyte chemotaxis (GO:0002690),1/54,0.6700996288827328,0.9103656896112827,0.36444567493417185,AKIRIN1,1.0
GO_Biological_Process_2021,cytoplasmic microtubule organization (GO:0031122),1/54,0.6700996288827328,0.9103656896112827,0.36444567493417185,PLK3,1.0
GO_Biological_Process_2021,regulation of cyclin-dependent protein kinase activity (GO:1904029),1/54,0.6700996288827328,0.9103656896112827,0.36444567493417185,CAMK2N1,1.0
GO_Biological_Process_2021,negative regulation of viral genome replication (GO:0045071),1/54,0.6700996288827328,0.9103656896112827,0.36444567493417185,ISG15,1.0
GO_Biological_Process_2021,positive regulation of intracellular signal transduction (GO:1902533),10/546,0.6738835723478895,0.8978780118695061,0.354390587572915,FGR;LAPTM5;MIB2;MUL1;PIK3CD;PINK1;PLEKHG5;PUM1;RRAGC;TRIM62,1.0
GO_Biological_Process_2021,activation of protein kinase activity (GO:0032147),2/114,0.67634025424016,0.861120912649058,0.33674907858342157,MTOR;PINK1,1.0
GO_Biological_Process_2021,response to lipid (GO:0033993),2/114,0.67634025424016,0.861120912649058,0.33674907858342157,ALPL;PAQR7,1.0
GO_Biological_Process_2021,negative regulation of cell motility (GO:2000146),2/114,0.67634025424016,0.861120912649058,0.33674907858342157,CLIC4;PTPRU,1.0
GO_Biological_Process_2021,cellular response to transforming growth factor beta stimulus (GO:0071560),2/114,0.67634025424016,0.861120912649058,0.33674907858342157,PRKCZ;SKI,1.0
GO_Biological_Process_2021,protein targeting to mitochondrion (GO:0006626),1/55,0.676814737208894,0.8934613409936385,0.3487695106169684,MFN2,1.0
GO_Biological_Process_2021,pyruvate metabolic process (GO:0006090),1/55,0.676814737208894,0.8934613409936385,0.3487695106169684,ENO1,1.0
GO_Biological_Process_2021,positive regulation of response to DNA damage stimulus (GO:2001022),1/55,0.676814737208894,0.8934613409936385,0.3487695106169684,EYA3,1.0
GO_Biological_Process_2021,triglyceride metabolic process (GO:0006641),1/55,0.676814737208894,0.8934613409936385,0.3487695106169684,FABP3,1.0
GO_Biological_Process_2021,negative regulation of cysteine-type endopeptidase activity involved in apoptotic process (GO:0043154),1/55,0.676814737208894,0.8934613409936385,0.3487695106169684,IFI6,1.0
GO_Biological_Process_2021,regulation of blood vessel endothelial cell migration (GO:0043535),1/55,0.676814737208894,0.8934613409936385,0.3487695106169684,EPHA2,1.0
GO_Biological_Process_2021,positive regulation of cytokine production (GO:0001819),6/335,0.6776301829186613,0.8783434435429337,0.34181050674740815,FGR;ISG15;LAPTM5;PIK3CD;PRKCZ;TNFRSF14,1.0
GO_Biological_Process_2021,cellular amide metabolic process (GO:0043603),2/115,0.6809793393177068,0.8534565639094471,0.3279179076619079,ACOT7;MTHFR,1.0
GO_Biological_Process_2021,cellular response to molecule of bacterial origin (GO:0071219),2/115,0.6809793393177068,0.8534565639094471,0.3279179076619079,TNFRSF1B;ZC3H12A,1.0
GO_Biological_Process_2021,sensory organ development (GO:0007423),1/56,0.6833934896126639,0.8771716959620907,0.3339256385036218,ECE1,1.0
GO_Biological_Process_2021,protein-containing complex disassembly (GO:0032984),1/56,0.6833934896126639,0.8771716959620907,0.3339256385036218,DVL1,1.0
GO_Biological_Process_2021,"DNA damage response, signal transduction by p53 class mediator resulting in cell cycle arrest (GO:0006977)",1/56,0.6833934896126639,0.8771716959620907,0.3339256385036218,PLK3,1.0
GO_Biological_Process_2021,mitochondrial transport (GO:0006839),1/56,0.6833934896126639,0.8771716959620907,0.3339256385036218,MFN2,1.0
GO_Biological_Process_2021,cytosolic transport (GO:0016482),2/116,0.6855640398922844,0.845926677428426,0.31934862538852454,LAPTM5;VAMP3,1.0
GO_Biological_Process_2021,regulation of bone mineralization (GO:0030500),1/57,0.6898386482176202,0.8614638239673836,0.31985940888887787,ISG15,1.0
GO_Biological_Process_2021,negative regulation of DNA recombination (GO:0045910),1/57,0.6898386482176202,0.8614638239673836,0.31985940888887787,MAD2L2,1.0
GO_Biological_Process_2021,positive regulation of interferon-gamma production (GO:0032729),1/57,0.6898386482176202,0.8614638239673836,0.31985940888887787,ISG15,1.0
GO_Biological_Process_2021,dicarboxylic acid metabolic process (GO:0043648),1/57,0.6898386482176202,0.8614638239673836,0.31985940888887787,MTHFR,1.0
GO_Biological_Process_2021,negative regulation of cell cycle G2/M phase transition (GO:1902750),1/57,0.6898386482176202,0.8614638239673836,0.31985940888887787,PSMB2,1.0
GO_Biological_Process_2021,positive regulation of cell projection organization (GO:0031346),2/117,0.6900946461889628,0.8385277454949008,0.3110321805788368,DVL1;P3H1,1.0
GO_Biological_Process_2021,positive regulation of protein-containing complex assembly (GO:0031334),2/118,0.6945714590641964,0.8312563813533329,0.3029598913217268,ISG15;RPA2,1.0
GO_Biological_Process_2021,regulation of tumor necrosis factor-mediated signaling pathway (GO:0010803),1/58,0.696152919331477,0.8463071053759995,0.3065205269551518,LAPTM5,1.0
GO_Biological_Process_2021,fat cell differentiation (GO:0045444),1/58,0.696152919331477,0.8463071053759995,0.3065205269551518,SDF4,1.0
GO_Biological_Process_2021,eye development (GO:0001654),1/58,0.696152919331477,0.8463071053759995,0.3065205269551518,SKI,1.0
GO_Biological_Process_2021,regulation of calcium ion transport (GO:0051924),1/58,0.696152919331477,0.8463071053759995,0.3065205269551518,EPB41,1.0
GO_Biological_Process_2021,mitochondrial respiratory chain complex I assembly (GO:0032981),1/58,0.696152919331477,0.8463071053759995,0.3065205269551518,NDUFS5,1.0
GO_Biological_Process_2021,membrane lipid biosynthetic process (GO:0046467),1/58,0.696152919331477,0.8463071053759995,0.3065205269551518,ELOVL1,1.0
GO_Biological_Process_2021,receptor metabolic process (GO:0043112),1/58,0.696152919331477,0.8463071053759995,0.3065205269551518,LDLRAP1,1.0
GO_Biological_Process_2021,NADH dehydrogenase complex assembly (GO:0010257),1/58,0.696152919331477,0.8463071053759995,0.3065205269551518,NDUFS5,1.0
GO_Biological_Process_2021,nucleosome assembly (GO:0006334),1/58,0.696152919331477,0.8463071053759995,0.3065205269551518,RBBP4,1.0
GO_Biological_Process_2021,regulation of pathway-restricted SMAD protein phosphorylation (GO:0060393),1/58,0.696152919331477,0.8463071053759995,0.3065205269551518,BMP8A,1.0
GO_Biological_Process_2021,positive regulation of protein binding (GO:0032092),1/58,0.696152919331477,0.8463071053759995,0.3065205269551518,EPB41,1.0
GO_Biological_Process_2021,cellular iron ion homeostasis (GO:0006879),1/58,0.696152919331477,0.8463071053759995,0.3065205269551518,ATP13A2,1.0
GO_Biological_Process_2021,RNA modification (GO:0009451),1/58,0.696152919331477,0.8463071053759995,0.3065205269551518,TRIT1,1.0
GO_Biological_Process_2021,chordate embryonic development (GO:0043009),1/58,0.696152919331477,0.8463071053759995,0.3065205269551518,DVL1,1.0
GO_Biological_Process_2021,muscle organ development (GO:0007517),1/58,0.696152919331477,0.8463071053759995,0.3065205269551518,FHL3,1.0
GO_Biological_Process_2021,defense response to bacterium (GO:0042742),3/176,0.6965358443647023,0.835683222425279,0.3022131574914759,FGR;ISG15;TNFRSF14,1.0
GO_Biological_Process_2021,glycerophospholipid biosynthetic process (GO:0046474),3/177,0.7001802980483678,0.8308376627070316,0.29612500659575647,MFSD2A;PIK3CD;PLA2G5,1.0
GO_Biological_Process_2021,positive regulation of tyrosine phosphorylation of STAT protein (GO:0042531),1/59,0.7023389545712438,0.831673032253284,0.29386264247484023,TNFRSF18,1.0
GO_Biological_Process_2021,fatty acid oxidation (GO:0019395),1/59,0.7023389545712438,0.831673032253284,0.29386264247484023,MECR,1.0
GO_Biological_Process_2021,response to reactive oxygen species (GO:0000302),1/59,0.7023389545712438,0.831673032253284,0.29386264247484023,PLK3,1.0
GO_Biological_Process_2021,mitotic DNA damage checkpoint signaling (GO:0044773),1/59,0.7023389545712438,0.831673032253284,0.29386264247484023,RPA2,1.0
GO_Biological_Process_2021,cellular response to lipopolysaccharide (GO:0071222),2/120,0.7033649578577466,0.817083383450277,0.2875147930794101,TNFRSF1B;ZC3H12A,1.0
GO_Biological_Process_2021,regulation of translation (GO:0006417),3/178,0.7037914644207668,0.8260474808141357,0.2901683270818202,EIF4G3;MTOR;YBX1,1.0
GO_Biological_Process_2021,negative regulation of immune response (GO:0050777),3/178,0.7037914644207668,0.8260474808141357,0.2901683270818202,FGR;GNB1;MUL1,1.0
GO_Biological_Process_2021,homophilic cell adhesion via plasma membrane adhesion molecules (GO:0007156),1/60,0.7083993519657611,0.8175350294059147,0.28184298411794406,IGSF21,1.0
GO_Biological_Process_2021,cellular response to chemokine (GO:1990869),1/60,0.7083993519657611,0.8175350294059147,0.28184298411794406,ZC3H12A,1.0
GO_Biological_Process_2021,adenylate cyclase-inhibiting G protein-coupled receptor signaling pathway (GO:0007193),1/60,0.7083993519657611,0.8175350294059147,0.28184298411794406,CORT,1.0
GO_Biological_Process_2021,iron ion homeostasis (GO:0055072),1/61,0.7143366570360672,0.8038682933201244,0.27042203288015115,ATP13A2,1.0
GO_Biological_Process_2021,O-glycan processing (GO:0016266),1/61,0.7143366570360672,0.8038682933201244,0.27042203288015115,ST3GAL3,1.0
GO_Biological_Process_2021,response to light stimulus (GO:0009416),1/61,0.7143366570360672,0.8038682933201244,0.27042203288015115,UBE4B,1.0
GO_Biological_Process_2021,negative regulation of response to stimulus (GO:0048585),1/61,0.7143366570360672,0.8038682933201244,0.27042203288015115,YBX1,1.0
GO_Biological_Process_2021,regulation of tumor necrosis factor production (GO:0032680),2/124,0.7203207273498251,0.7901314530116789,0.25920950639456075,EPHB2;ZC3H12A,1.0
GO_Biological_Process_2021,fatty acid metabolic process (GO:0006631),2/124,0.7203207273498251,0.7901314530116789,0.25920950639456075,ACOT7;MECR,1.0
GO_Biological_Process_2021,amyloid fibril formation (GO:1990000),1/63,0.7258519160796926,0.7778574085116848,0.24923271455006946,HSPG2,1.0
GO_Biological_Process_2021,positive regulation of DNA metabolic process (GO:0051054),1/63,0.7258519160796926,0.7778574085116848,0.24923271455006946,EYA3,1.0
GO_Biological_Process_2021,endoplasmic reticulum to Golgi vesicle-mediated transport (GO:0006888),3/185,0.7281442727005436,0.7939901096847545,0.251898184702349,CAPZB;PEF1;TRAPPC3,1.0
GO_Biological_Process_2021,circulatory system development (GO:0072359),2/126,0.728488591398387,0.7773075506255717,0.24623806178318122,ECE1;HSPG2,1.0
GO_Biological_Process_2021,phosphatidylinositol biosynthetic process (GO:0006661),2/126,0.728488591398387,0.7773075506255717,0.24623806178318122,PIGV;PIK3CD,1.0
GO_Biological_Process_2021,regulation of cellular ketone metabolic process (GO:0010565),1/64,0.7314347079777537,0.7654712728886184,0.2393990893057128,PSMB2,1.0
GO_Biological_Process_2021,protein secretion (GO:0009306),1/64,0.7314347079777537,0.7654712728886184,0.2393990893057128,SVBP,1.0
GO_Biological_Process_2021,pre-replicative complex assembly (GO:0036388),1/64,0.7314347079777537,0.7654712728886184,0.2393990893057128,PSMB2,1.0
GO_Biological_Process_2021,regulation of cilium assembly (GO:1902017),1/64,0.7314347079777537,0.7654712728886184,0.2393990893057128,CROCC,1.0
GO_Biological_Process_2021,tRNA processing (GO:0008033),1/64,0.7314347079777537,0.7654712728886184,0.2393990893057128,TRIT1,1.0
GO_Biological_Process_2021,gene expression (GO:0010467),6/356,0.7324228457836159,0.8247428369528577,0.25682267087030586,NOL9;PABPC4;RRAGC;SNRNP40;SRRM1;SRSF4,1.0
GO_Biological_Process_2021,plasma membrane bounded cell projection organization (GO:0120036),2/128,0.7364536924980174,0.7648907562517218,0.23398690527288113,NCDN;STMN1,1.0
GO_Biological_Process_2021,inorganic anion transmembrane transport (GO:0098661),1/65,0.7369040854136,0.7534722040037728,0.23003320820860623,GABRD,1.0
GO_Biological_Process_2021,regulation of cellular catabolic process (GO:0031329),1/65,0.7369040854136,0.7534722040037728,0.23003320820860623,RRAGC,1.0
GO_Biological_Process_2021,BMP signaling pathway (GO:0030509),1/65,0.7369040854136,0.7534722040037728,0.23003320820860623,BMP8A,1.0
GO_Biological_Process_2021,positive regulation of DNA-binding transcription factor activity (GO:0051091),4/246,0.7387062792137435,0.7956909472721918,0.24097889759356123,KDM1A;PRKCZ;TAF12;TRIM62,1.0
GO_Biological_Process_2021,positive regulation of macromolecule biosynthetic process (GO:0010557),2/129,0.7403611596394738,0.7588290141164565,0.22811702184142388,MTOR;SLC6A9,1.0
GO_Biological_Process_2021,DNA-dependent DNA replication (GO:0006261),2/129,0.7403611596394738,0.7588290141164565,0.22811702184142388,PSMB2;RPA2,1.0
GO_Biological_Process_2021,cellular response to insulin stimulus (GO:0032869),2/129,0.7403611596394738,0.7588290141164565,0.22811702184142388,ATP6V0B;SLC25A33,1.0
GO_Biological_Process_2021,embryonic organ development (GO:0048568),1/66,0.742262346829305,0.7418423372384608,0.22110798632778064,MFSD2A,1.0
GO_Biological_Process_2021,negative regulation of G2/M transition of mitotic cell cycle (GO:0010972),1/66,0.742262346829305,0.7418423372384608,0.22110798632778064,PSMB2,1.0
GO_Biological_Process_2021,cell-cell junction assembly (GO:0007043),1/66,0.742262346829305,0.7418423372384608,0.22110798632778064,GJA4,1.0
GO_Biological_Process_2021,G2/M transition of mitotic cell cycle (GO:0000086),2/130,0.7442190899724307,0.7528619867020547,0.22241034636953758,KHDRBS1;PLK3,1.0
GO_Biological_Process_2021,Golgi organization (GO:0007030),2/130,0.7442190899724307,0.7528619867020547,0.22241034636953758,PLEKHM2;PLK3,1.0
GO_Biological_Process_2021,positive regulation of canonical Wnt signaling pathway (GO:0090263),2/130,0.7442190899724307,0.7528619867020547,0.22241034636953758,PSMB2;RNF220,1.0
GO_Biological_Process_2021,vascular endothelial growth factor receptor signaling pathway (GO:0048010),1/67,0.7475117441999934,0.7305648906781583,0.2125982278116566,WASF2,1.0
GO_Biological_Process_2021,transcription elongation from RNA polymerase II promoter (GO:0006368),1/67,0.7475117441999934,0.7305648906781583,0.2125982278116566,ELOA,1.0
GO_Biological_Process_2021,anion transmembrane transport (GO:0098656),1/67,0.7475117441999934,0.7305648906781583,0.2125982278116566,SLC6A9,1.0
GO_Biological_Process_2021,negative regulation of cell differentiation (GO:0045596),3/191,0.7477475394333748,0.7684124199538654,0.22336970808018652,MAD2L2;SKI;YTHDF2,1.0
GO_Biological_Process_2021,cellular response to metal ion (GO:0071248),2/131,0.7480278786265796,0.7469874713405895,0.21686169075771283,ATP13A2;CLIC4,1.0
GO_Biological_Process_2021,cell cycle G2/M phase transition (GO:0044839),2/131,0.7480278786265796,0.7469874713405895,0.21686169075771283,KHDRBS1;PLK3,1.0
GO_Biological_Process_2021,interferon-gamma-mediated signaling pathway (GO:0060333),1/68,0.7526544839709663,0.7196240843136859,0.20448047049339893,TRIM62,1.0
GO_Biological_Process_2021,canonical Wnt signaling pathway (GO:0060070),1/68,0.7526544839709663,0.7196240843136859,0.20448047049339893,DVL1,1.0
GO_Biological_Process_2021,negative regulation of transforming growth factor beta receptor signaling pathway (GO:0030512),1/68,0.7526544839709663,0.7196240843136859,0.20448047049339893,SKI,1.0
GO_Biological_Process_2021,regulation of tyrosine phosphorylation of STAT protein (GO:0042509),1/68,0.7526544839709663,0.7196240843136859,0.20448047049339893,TNFRSF18,1.0
GO_Biological_Process_2021,regulation of cell motility (GO:2000145),2/133,0.7554996330768915,0.7355075023899398,0.20621863894136494,MACF1;RCC2,1.0
GO_Biological_Process_2021,positive regulation of signal transduction (GO:0009967),4/252,0.7555178730048456,0.7761996280194283,0.2176089942036082,C1QTNF12;MACF1;PRKCZ;SKI,1.0
GO_Biological_Process_2021,cellular response to calcium ion (GO:0071277),1/69,0.7576927279759729,0.7090050663716978,0.19673284524369125,CLIC4,1.0
GO_Biological_Process_2021,"DNA-templated transcription, elongation (GO:0006354)",1/69,0.7576927279759729,0.7090050663716978,0.19673284524369125,ELOA,1.0
GO_Biological_Process_2021,synapse assembly (GO:0007416),1/69,0.7576927279759729,0.7090050663716978,0.19673284524369125,DVL1,1.0
GO_Biological_Process_2021,positive regulation of protein polymerization (GO:0032273),1/69,0.7576927279759729,0.7090050663716978,0.19673284524369125,PINK1,1.0
GO_Biological_Process_2021,positive regulation of peptidyl-tyrosine phosphorylation (GO:0050731),2/134,0.7591634097834081,0.7298979721072358,0.2011147942946742,TNFRSF14;TNFRSF18,1.0
GO_Biological_Process_2021,protein localization to membrane (GO:0072657),3/195,0.7601787488097366,0.7522487410267062,0.20626786672715963,AGRN;DVL1;EPHA2,1.0
GO_Biological_Process_2021,wound healing (GO:0042060),1/70,0.762628594337006,0.6986938460512165,0.18933494848665977,MACF1,1.0
GO_Biological_Process_2021,neutrophil chemotaxis (GO:0030593),1/70,0.762628594337006,0.6986938460512165,0.18933494848665977,PIK3CD,1.0
GO_Biological_Process_2021,sterol metabolic process (GO:0016125),1/70,0.762628594337006,0.6986938460512165,0.18933494848665977,LDLRAP1,1.0
GO_Biological_Process_2021,snRNA transcription by RNA polymerase II (GO:0042795),1/70,0.762628594337006,0.6986938460512165,0.18933494848665977,INTS11,1.0
GO_Biological_Process_2021,aerobic electron transport chain (GO:0019646),1/70,0.762628594337006,0.6986938460512165,0.18933494848665977,NDUFS5,1.0
GO_Biological_Process_2021,fatty acid catabolic process (GO:0009062),1/70,0.762628594337006,0.6986938460512165,0.18933494848665977,MECR,1.0
GO_Biological_Process_2021,protein transport (GO:0015031),6/369,0.7628804355371079,0.7946694020340914,0.21508042299396282,ATP6V0B;LAPTM5;MACF1;PPT1;STX12;SVBP,1.0
GO_Biological_Process_2021,negative regulation of inflammatory response to antigenic stimulus (GO:0002862),2/136,0.7663488155323749,0.7189300845395612,0.1913201213054418,FGR;GNB1,1.0
GO_Biological_Process_2021,organic substance transport (GO:0071702),2/136,0.7663488155323749,0.7189300845395612,0.1913201213054418,MFSD2A;PPT1,1.0
GO_Biological_Process_2021,nucleic acid metabolic process (GO:0090304),1/71,0.7674641583459962,0.6886772320256063,0.1822677264843596,HNRNPR,1.0
GO_Biological_Process_2021,mitochondrial ATP synthesis coupled electron transport (GO:0042775),1/71,0.7674641583459962,0.6886772320256063,0.1822677264843596,NDUFS5,1.0
GO_Biological_Process_2021,snRNA transcription (GO:0009301),1/71,0.7674641583459962,0.6886772320256063,0.1822677264843596,INTS11,1.0
GO_Biological_Process_2021,regulation of G1/S transition of mitotic cell cycle (GO:2000045),1/71,0.7674641583459962,0.6886772320256063,0.1822677264843596,LSM10,1.0
GO_Biological_Process_2021,regulation of TOR signaling (GO:0032006),1/71,0.7674641583459962,0.6886772320256063,0.1822677264843596,RRAGC,1.0
GO_Biological_Process_2021,cellular response to BMP stimulus (GO:0071773),1/71,0.7674641583459962,0.6886772320256063,0.1822677264843596,BMP8A,1.0
GO_Biological_Process_2021,regulation of inflammatory response to antigenic stimulus (GO:0002861),2/137,0.7698712750799525,0.7135680061731425,0.18662083448867076,FGR;GNB1,1.0
GO_Biological_Process_2021,negative regulation of epithelial cell proliferation (GO:0050680),1/72,0.7722014533287614,0.6789427761415625,0.1755133701599369,ATP5IF1,1.0
GO_Biological_Process_2021,cytoskeleton-dependent cytokinesis (GO:0061640),1/72,0.7722014533287614,0.6789427761415625,0.1755133701599369,STMN1,1.0
GO_Biological_Process_2021,response to ionizing radiation (GO:0010212),1/72,0.7722014533287614,0.6789427761415625,0.1755133701599369,EYA3,1.0
GO_Biological_Process_2021,negative regulation of supramolecular fiber organization (GO:1902904),1/72,0.7722014533287614,0.6789427761415625,0.1755133701599369,STMN1,1.0
GO_Biological_Process_2021,positive regulation of secretion by cell (GO:1903532),1/72,0.7722014533287614,0.6789427761415625,0.1755133701599369,ATP13A2,1.0
GO_Biological_Process_2021,positive regulation of protein secretion (GO:0050714),1/72,0.7722014533287614,0.6789427761415625,0.1755133701599369,ATP13A2,1.0
GO_Biological_Process_2021,neurotransmitter transport (GO:0006836),1/73,0.7768424714915736,0.6694787218098532,0.16905521937285392,DVL1,1.0
GO_Biological_Process_2021,granulocyte chemotaxis (GO:0071621),1/73,0.7768424714915736,0.6694787218098532,0.16905521937285392,PIK3CD,1.0
GO_Biological_Process_2021,regulation of actin filament-based process (GO:0032970),1/73,0.7768424714915736,0.6694787218098532,0.16905521937285392,MTOR,1.0
GO_Biological_Process_2021,defense response to Gram-negative bacterium (GO:0050829),1/73,0.7768424714915736,0.6694787218098532,0.16905521937285392,TNFRSF14,1.0
GO_Biological_Process_2021,regulation of Rho protein signal transduction (GO:0035023),1/73,0.7768424714915736,0.6694787218098532,0.16905521937285392,STMN1,1.0
GO_Biological_Process_2021,negative regulation of cell adhesion (GO:0007162),1/73,0.7768424714915736,0.6694787218098532,0.16905521937285392,EPHB2,1.0
GO_Biological_Process_2021,endoplasmic reticulum organization (GO:0007029),1/73,0.7768424714915736,0.6694787218098532,0.16905521937285392,UBE2J2,1.0
GO_Biological_Process_2021,insulin receptor signaling pathway (GO:0008286),1/73,0.7768424714915736,0.6694787218098532,0.16905521937285392,ATP6V0B,1.0
GO_Biological_Process_2021,transcription initiation from RNA polymerase II promoter (GO:0006367),2/140,0.7801627166694729,0.6979480387579228,0.17326753389588836,HDAC1;TAF12,1.0
GO_Biological_Process_2021,generation of neurons (GO:0048699),3/202,0.7807382119342057,0.7255258748606994,0.17957881357375544,ARTN;HEYL;YTHDF2,1.0
GO_Biological_Process_2021,mitotic nuclear division (GO:0140014),1/74,0.7813891647506905,0.6602739566379169,0.16287767568447573,WRAP73,1.0
GO_Biological_Process_2021,regulation of peptide hormone secretion (GO:0090276),1/74,0.7813891647506905,0.6602739566379169,0.16287767568447573,SLC2A1,1.0
GO_Biological_Process_2021,sphingolipid biosynthetic process (GO:0030148),1/74,0.7813891647506905,0.6602739566379169,0.16287767568447573,ELOVL1,1.0
GO_Biological_Process_2021,NIK/NF-kappaB signaling (GO:0038061),1/74,0.7813891647506905,0.6602739566379169,0.16287767568447573,PSMB2,1.0
GO_Biological_Process_2021,regulation of transcription from RNA polymerase II promoter in response to hypoxia (GO:0061418),1/75,0.7858434455451913,0.6513179689030598,0.15696612276141603,PSMB2,1.0
GO_Biological_Process_2021,positive regulation of lymphocyte proliferation (GO:0050671),1/75,0.7858434455451913,0.6513179689030598,0.15696612276141603,EPHB2,1.0
GO_Biological_Process_2021,protein-DNA complex assembly (GO:0065004),2/143,0.7900491606431492,0.6829927508071804,0.16095414459541543,PSMB2;RPA2,1.0
GO_Biological_Process_2021,nitrogen compound transport (GO:0071705),2/143,0.7900491606431492,0.6829927508071804,0.16095414459541543,PDPN;PPT1,1.0
GO_Biological_Process_2021,actomyosin structure organization (GO:0031032),1/76,0.7902071876334547,0.642600807507799,0.15130685365950441,EPB41,1.0
GO_Biological_Process_2021,regulation of T cell proliferation (GO:0042129),1/76,0.7902071876334547,0.642600807507799,0.15130685365950441,TNFRSF1B,1.0
GO_Biological_Process_2021,phospholipid metabolic process (GO:0006644),1/76,0.7902071876334547,0.642600807507799,0.15130685365950441,PLA2G5,1.0
GO_Biological_Process_2021,regulation of inflammatory response (GO:0050727),3/206,0.7918217590117907,0.7110831153846311,0.16598028428763828,SMPDL3B;TNFRSF1B;VAMP3,1.0
GO_Biological_Process_2021,negative regulation of cell migration (GO:0030336),2/144,0.7932566360622764,0.6781480800625737,0.15706484799853007,CLIC4;PTPRU,1.0
GO_Biological_Process_2021,protein deubiquitination (GO:0016579),4/267,0.7938895307560694,0.7313621825900674,0.16880640560240032,OTUD3;PSMB2;USP48;ZC3H12A,1.0
GO_Biological_Process_2021,positive regulation of tumor necrosis factor production (GO:0032760),1/77,0.7944822268736084,0.634113045096624,0.14588700431493765,EPHB2,1.0
GO_Biological_Process_2021,positive regulation of type I interferon production (GO:0032481),1/77,0.7944822268736084,0.634113045096624,0.14588700431493765,ISG15,1.0
GO_Biological_Process_2021,inorganic cation import across plasma membrane (GO:0098659),1/77,0.7944822268736084,0.634113045096624,0.14588700431493765,SLC9A1,1.0
GO_Biological_Process_2021,positive regulation of endothelial cell proliferation (GO:0001938),1/77,0.7944822268736084,0.634113045096624,0.14588700431493765,PIK3CD,1.0
GO_Biological_Process_2021,neutrophil migration (GO:1990266),1/77,0.7944822268736084,0.634113045096624,0.14588700431493765,PIK3CD,1.0
GO_Biological_Process_2021,cholesterol metabolic process (GO:0008203),1/77,0.7944822268736084,0.634113045096624,0.14588700431493765,LDLRAP1,1.0
GO_Biological_Process_2021,import into nucleus (GO:0051170),1/77,0.7944822268736084,0.634113045096624,0.14588700431493765,IPO13,1.0
GO_Biological_Process_2021,mitotic cell cycle phase transition (GO:0044772),3/209,0.799825892201937,0.7006191258127707,0.15649113551389238,KHDRBS1;PLK3;RCC1,1.0
GO_Biological_Process_2021,negative regulation of NF-kappaB transcription factor activity (GO:0032088),1/79,0.8027733553138734,0.6177904250751336,0.13571796270689818,ZC3H12A,1.0
GO_Biological_Process_2021,regulation of ion transport (GO:0043269),1/79,0.8027733553138734,0.6177904250751336,0.13571796270689818,VAMP3,1.0
GO_Biological_Process_2021,positive regulation of cell adhesion (GO:0045785),1/80,0.8067929335349752,0.6099390382293534,0.1309467334850022,TNFRSF18,1.0
GO_Biological_Process_2021,negative regulation of cellular component organization (GO:0051129),1/80,0.8067929335349752,0.6099390382293534,0.1309467334850022,PRKCZ,1.0
GO_Biological_Process_2021,glycerophospholipid metabolic process (GO:0006650),1/80,0.8067929335349752,0.6099390382293534,0.1309467334850022,PIGV,1.0
GO_Biological_Process_2021,regulation of fat cell differentiation (GO:0045598),1/80,0.8067929335349752,0.6099390382293534,0.1309467334850022,ZC3H12A,1.0
GO_Biological_Process_2021,regulation of G2/M transition of mitotic cell cycle (GO:0010389),2/149,0.8086533157224227,0.6549134346547661,0.13909378202988606,PSMB2;RCC2,1.0
GO_Biological_Process_2021,positive regulation of cellular amide metabolic process (GO:0034250),1/81,0.81073078840369,0.6022839360547178,0.12637075179759566,MTOR,1.0
GO_Biological_Process_2021,positive regulation of tumor necrosis factor superfamily cytokine production (GO:1903557),1/81,0.81073078840369,0.6022839360547178,0.12637075179759566,EPHB2,1.0
GO_Biological_Process_2021,cellular response to organic cyclic compound (GO:0071407),2/150,0.8116075282327629,0.6504548945900247,0.13577491089973587,GNB1;ZC3H12A,1.0
GO_Biological_Process_2021,protein modification by small protein removal (GO:0070646),4/276,0.8144991010943714,0.706833462443417,0.14502947137920355,OTUD3;PSMB2;USP48;ZC3H12A,1.0
GO_Biological_Process_2021,"regulation of gene expression, epigenetic (GO:0040029)",1/82,0.8145885774447112,0.5948178487485914,0.12198054902056964,RBBP4,1.0
GO_Biological_Process_2021,cell-cell junction organization (GO:0045216),1/82,0.8145885774447112,0.5948178487485914,0.12198054902056964,GJA4,1.0
GO_Biological_Process_2021,actin filament organization (GO:0007015),2/152,0.8173942754183472,0.6417161560631314,0.12939161013504485,MAD2L2;MARCKSL1,1.0
GO_Biological_Process_2021,peptide metabolic process (GO:0006518),1/83,0.8183679246461095,0.5875338611328587,0.1177672012353995,MMACHC,1.0
GO_Biological_Process_2021,long-chain fatty acid metabolic process (GO:0001676),1/83,0.8183679246461095,0.5875338611328587,0.1177672012353995,ELOVL1,1.0
GO_Biological_Process_2021,regulation of Notch signaling pathway (GO:0008593),1/83,0.8183679246461095,0.5875338611328587,0.1177672012353995,YTHDF2,1.0
GO_Biological_Process_2021,response to insulin (GO:0032868),1/84,0.8220704211362273,0.5804253912909988,0.11372229250840384,SLC25A33,1.0
GO_Biological_Process_2021,lymphocyte differentiation (GO:0030098),1/84,0.8220704211362273,0.5804253912909988,0.11372229250840384,PIK3CD,1.0
GO_Biological_Process_2021,anaphase-promoting complex-dependent catabolic process (GO:0031145),1/84,0.8220704211362273,0.5804253912909988,0.11372229250840384,PSMB2,1.0
GO_Biological_Process_2021,"retrograde vesicle-mediated transport, Golgi to endoplasmic reticulum (GO:0006890)",1/85,0.8256976258469468,0.5734861707310881,0.10983788102081046,RER1,1.0
GO_Biological_Process_2021,positive regulation of NF-kappaB transcription factor activity (GO:0051092),2/155,0.8257766422732099,0.6290364178084236,0.12041703961081142,PRKCZ;TRIM62,1.0
GO_Biological_Process_2021,cellular response to interleukin-1 (GO:0071347),2/155,0.8257766422732099,0.6290364178084236,0.12041703961081142,PSMB2;ZC3H12A,1.0
GO_Biological_Process_2021,response to interleukin-1 (GO:0070555),1/86,0.8292510661635999,0.5667102259490576,0.10610646779905766,ZC3H12A,1.0
GO_Biological_Process_2021,negative regulation of cellular amide metabolic process (GO:0034249),1/86,0.8292510661635999,0.5667102259490576,0.10610646779905766,YBX1,1.0
GO_Biological_Process_2021,regulation of transcription from RNA polymerase II promoter in response to stress (GO:0043618),1/87,0.8327322385617909,0.5600918612782371,0.10252096781932794,PSMB2,1.0
GO_Biological_Process_2021,positive regulation of neuron projection development (GO:0010976),1/88,0.8361426092313992,0.5536256429216884,0.09907468328222853,P3H1,1.0
GO_Biological_Process_2021,metal ion transport (GO:0030001),1/88,0.8361426092313992,0.5536256429216884,0.09907468328222853,NIPAL3,1.0
GO_Biological_Process_2021,"retrograde transport, endosome to Golgi (GO:0042147)",1/88,0.8361426092313992,0.5536256429216884,0.09907468328222853,VAMP3,1.0
GO_Biological_Process_2021,response to lipopolysaccharide (GO:0032496),2/159,0.8364152599358661,0.6128838849998786,0.10947948932543494,TNFRSF1B;ZC3H12A,1.0
GO_Biological_Process_2021,mitochondrial translational termination (GO:0070126),1/89,0.839483614688011,0.5473063840732431,0.09576127887311314,AURKAIP1,1.0
GO_Biological_Process_2021,mitochondrial translational elongation (GO:0070125),1/89,0.839483614688011,0.5473063840732431,0.09576127887311314,AURKAIP1,1.0
GO_Biological_Process_2021,post-Golgi vesicle-mediated transport (GO:0006892),1/89,0.839483614688011,0.5473063840732431,0.09576127887311314,PUM1,1.0
GO_Biological_Process_2021,second-messenger-mediated signaling (GO:0019932),1/89,0.839483614688011,0.5473063840732431,0.09576127887311314,RCAN3,1.0
GO_Biological_Process_2021,regulation of cation channel activity (GO:2001257),1/89,0.839483614688011,0.5473063840732431,0.09576127887311314,SELENON,1.0
GO_Biological_Process_2021,regulation of cysteine-type endopeptidase activity involved in apoptotic process (GO:0043281),1/89,0.839483614688011,0.5473063840732431,0.09576127887311314,IFI6,1.0
GO_Biological_Process_2021,positive regulation of protein kinase B signaling (GO:0051897),2/161,0.8415116771447717,0.6051123833655786,0.10441540261827709,PIK3CD;PINK1,1.0
GO_Biological_Process_2021,regulation of actin cytoskeleton organization (GO:0032956),1/91,0.8459631312357727,0.535089150299582,0.08950944574501184,MTOR,1.0
GO_Biological_Process_2021,positive regulation of transport (GO:0051050),1/91,0.8459631312357727,0.535089150299582,0.08950944574501184,PLA2G5,1.0
GO_Biological_Process_2021,positive regulation of transmembrane receptor protein serine/threonine kinase signaling pathway (GO:0090100),1/92,0.8491043723186134,0.5291819163870426,0.08655996073028323,BMP8A,1.0
GO_Biological_Process_2021,Wnt signaling pathway (GO:0016055),1/92,0.8491043723186134,0.5291819163870426,0.08655996073028323,DVL1,1.0
GO_Biological_Process_2021,positive regulation of cellular component biogenesis (GO:0044089),1/92,0.8491043723186134,0.5291819163870426,0.08655996073028323,ATP13A2,1.0
GO_Biological_Process_2021,negative regulation of mitotic cell cycle phase transition (GO:1901991),1/92,0.8491043723186134,0.5291819163870426,0.08655996073028323,PSMB2,1.0
GO_Biological_Process_2021,regulation of neuron projection development (GO:0010975),2/165,0.8512754629491325,0.5901415151866205,0.0950242973368395,MFSD2A;P3H1,1.0
GO_Biological_Process_2021,regulation of epithelial cell proliferation (GO:0050678),1/93,0.8521817093107091,0.5234031006030367,0.08372120520996221,TIE1,1.0
GO_Biological_Process_2021,regulation of MAPK cascade (GO:0043408),2/166,0.8536294342296116,0.5865129053688547,0.09282041634412781,EPHA2;LAPTM5,1.0
GO_Biological_Process_2021,hemopoiesis (GO:0030097),1/94,0.8551964391052465,0.517748560427289,0.08098834383867912,YTHDF2,1.0
GO_Biological_Process_2021,interleukin-1-mediated signaling pathway (GO:0070498),1/94,0.8551964391052465,0.517748560427289,0.08098834383867912,PSMB2,1.0
GO_Biological_Process_2021,ciliary basal body-plasma membrane docking (GO:0097711),1/95,0.8581498323396115,0.5122143296169827,0.07835678867512759,NPHP4,1.0
GO_Biological_Process_2021,regulation of cell cycle phase transition (GO:1901987),1/95,0.8581498323396115,0.5122143296169827,0.07835678867512759,PSMB2,1.0
GO_Biological_Process_2021,"DNA-templated transcription, initiation (GO:0006352)",2/168,0.8582358648243732,0.5793868403050495,0.08857452600033588,HDAC1;TAF12,1.0
GO_Biological_Process_2021,regulation of vesicle-mediated transport (GO:0060627),1/96,0.861043133925651,0.5067966089289986,0.07582218443955158,FGR,1.0
GO_Biological_Process_2021,cellular transition metal ion homeostasis (GO:0046916),1/96,0.861043133925651,0.5067966089289986,0.07582218443955158,ATP13A2,1.0
GO_Biological_Process_2021,translational termination (GO:0006415),1/96,0.861043133925651,0.5067966089289986,0.07582218443955158,AURKAIP1,1.0
GO_Biological_Process_2021,cellular response to cytokine stimulus (GO:0071345),7/482,0.8614695431889616,0.706149567158895,0.10529790006553962,CSF3R;IFNLR1;LDLRAP1;PIK3CD;TNFRSF1B;TXLNA;ZC3H12A,1.0
GO_Biological_Process_2021,cell-cell adhesion via plasma-membrane adhesion molecules (GO:0098742),2/170,0.8627096334970864,0.5724304434570494,0.08453487143593708,IGSF21;PTPRF,1.0
GO_Biological_Process_2021,antigen processing and presentation of exogenous peptide antigen via MHC class II (GO:0019886),1/98,0.8666543162794382,0.49629628429661715,0.07102748947276744,CAPZB,1.0
GO_Biological_Process_2021,positive regulation of ERK1 and ERK2 cascade (GO:0070374),2/172,0.8670539304283358,0.5656377265348845,0.08069054116873271,PLA2G5;PRKCZ,1.0
GO_Biological_Process_2021,organic anion transport (GO:0015711),1/99,0.8693745628672458,0.4912068412350037,0.06875973247479089,CPTP,1.0
GO_Biological_Process_2021,positive regulation of stress-activated MAPK cascade (GO:0032874),1/99,0.8693745628672458,0.4912068412350037,0.06875973247479089,ZC3H12A,1.0
GO_Biological_Process_2021,chemical synaptic transmission (GO:0007268),4/306,0.8713062462086112,0.6356297825475113,0.08756547814489983,CORT;DVL1;GABRD;KIF1B,1.0
GO_Biological_Process_2021,regulation of transforming growth factor beta receptor signaling pathway (GO:0017015),1/100,0.8720394504344988,0.48622021520493797,0.06657357078070049,SKI,1.0
GO_Biological_Process_2021,antigen processing and presentation of peptide antigen via MHC class II (GO:0002495),1/100,0.8720394504344988,0.48622021520493797,0.06657357078070049,CAPZB,1.0
GO_Biological_Process_2021,positive regulation of cell cycle process (GO:0090068),1/101,0.8746501028527698,0.48133332169547355,0.06446562400674406,RCC2,1.0
GO_Biological_Process_2021,epithelial cell differentiation (GO:0030855),1/101,0.8746501028527698,0.48133332169547355,0.06446562400674406,HDAC1,1.0
GO_Biological_Process_2021,antigen processing and presentation of exogenous peptide antigen (GO:0002478),1/103,0.879713084383724,0.4718469990006309,0.06047165902251293,CAPZB,1.0
GO_Biological_Process_2021,regulation of immune response (GO:0050776),2/179,0.8812844449414369,0.543072090657862,0.06863064810979415,FGR;ZMPSTE24,1.0
GO_Biological_Process_2021,translational elongation (GO:0006414),1/104,0.8821675492648724,0.4672419879837169,0.05857965865450343,AURKAIP1,1.0
GO_Biological_Process_2021,regulated exocytosis (GO:0045055),2/180,0.8831987170900084,0.5399933120871608,0.06706989958390797,RIMS3;SDF4,1.0
GO_Biological_Process_2021,mitochondrial translation (GO:0032543),1/105,0.8845720514260336,0.46272553487097445,0.05675389239151245,AURKAIP1,1.0
GO_Biological_Process_2021,regulation of JNK cascade (GO:0046328),1/105,0.8845720514260336,0.46272553487097445,0.05675389239151245,PINK1,1.0
GO_Biological_Process_2021,peptidyl-lysine modification (GO:0018205),1/106,0.8869276054406618,0.4582951094365699,0.05499170887943624,PLOD1,1.0
GO_Biological_Process_2021,cellular response to peptide hormone stimulus (GO:0071375),1/106,0.8869276054406618,0.4582951094365699,0.05499170887943624,SLC25A33,1.0
GO_Biological_Process_2021,DNA replication (GO:0006260),1/108,0.8914958249765474,0.44968269363884894,0.05164809210421209,RPA2,1.0
GO_Biological_Process_2021,regulation of interleukin-6 production (GO:0032675),1/110,0.8958799208259698,0.44138632979700765,0.04852993787139636,ZC3H12A,1.0
GO_Biological_Process_2021,response to tumor necrosis factor (GO:0034612),1/110,0.8958799208259698,0.44138632979700765,0.04852993787139636,ZC3H12A,1.0
GO_Biological_Process_2021,Fc-epsilon receptor signaling pathway (GO:0038095),1/111,0.8980052477311813,0.4373512801102939,0.0470499738264564,PSMB2,1.0
GO_Biological_Process_2021,cellular divalent inorganic cation homeostasis (GO:0072503),1/111,0.8980052477311813,0.4373512801102939,0.0470499738264564,ATP13A2,1.0
GO_Biological_Process_2021,Fc receptor signaling pathway (GO:0038093),1/112,0.9000872965733121,0.43338893402153894,0.04562004653098925,PSMB2,1.0
GO_Biological_Process_2021,"nuclear-transcribed mRNA catabolic process, nonsense-mediated decay (GO:0000184)",1/113,0.9021269464924209,0.4294973441129403,0.044238239292982186,PNRC2,1.0
GO_Biological_Process_2021,positive regulation of cellular component organization (GO:0051130),1/114,0.9041250588132373,0.4256746319018391,0.04290271974687759,PLEKHM2,1.0
GO_Biological_Process_2021,cellular response to lectin (GO:1990858),1/115,0.9060824774053035,0.4219189848172484,0.04161173558302913,PSMB2,1.0
GO_Biological_Process_2021,stimulatory C-type lectin receptor signaling pathway (GO:0002223),1/115,0.9060824774053035,0.4219189848172484,0.04161173558302913,PSMB2,1.0
GO_Biological_Process_2021,positive regulation of protein metabolic process (GO:0051247),1/115,0.9060824774053035,0.4219189848172484,0.04161173558302913,SLC6A9,1.0
GO_Biological_Process_2021,ion transport (GO:0006811),1/116,0.9080000290358514,0.4182286533341288,0.04036361052430791,SLC9A1,1.0
GO_Biological_Process_2021,innate immune response activating cell surface receptor signaling pathway (GO:0002220),1/119,0.913521500508393,0.407532946832206,0.036860689553280944,PSMB2,1.0
GO_Biological_Process_2021,cellular response to interferon-gamma (GO:0071346),1/121,0.9170175654425424,0.40069957878931084,0.03471206419668893,TRIM62,1.0
GO_Biological_Process_2021,positive regulation of MAPK cascade (GO:0043410),3/274,0.9189793966501547,0.5307884463531202,0.04484715245691479,LAPTM5;PLA2G5;PRKCZ,1.0
GO_Biological_Process_2021,cellular response to organic substance (GO:0071310),1/123,0.9203726290558258,0.3940902556002811,0.032700292895953206,LDLRAP1,1.0
GO_Biological_Process_2021,positive regulation of epithelial cell proliferation (GO:0050679),1/123,0.9203726290558258,0.3940902556002811,0.032700292895953206,PIK3CD,1.0
GO_Biological_Process_2021,regulation of phosphorylation (GO:0042325),1/125,0.9235923646590152,0.38769413638509104,0.03081566235980349,SESN2,1.0
GO_Biological_Process_2021,cellular protein metabolic process (GO:0044267),5/417,0.9281990640365935,0.5805268240698587,0.043254508279428346,FBXO2;ICMT;MXRA8;PABPC4;VWA1,1.0
GO_Biological_Process_2021,positive regulation of protein modification process (GO:0031401),2/214,0.9335323681230872,0.452596663792442,0.031129436805377705,CAMTA1;PINK1,1.0
GO_Biological_Process_2021,organelle assembly (GO:0070925),5/425,0.9350428993526027,0.5692316687995903,0.0382312320508749,CCDC28B;RCC1;STX12;UBXN10;YTHDF2,1.0
GO_Biological_Process_2021,cellular response to lipid (GO:0071396),2/219,0.9389206214529956,0.4420541025316261,0.027860167411391953,TNFRSF1B;ZC3H12A,1.0
GO_Biological_Process_2021,protein localization to plasma membrane (GO:0072659),1/136,0.9391145845523199,0.35590305495255375,0.022357039430609304,EPHA2,1.0
GO_Biological_Process_2021,cellular calcium ion homeostasis (GO:0006874),1/136,0.9391145845523199,0.35590305495255375,0.022357039430609304,ATP13A2,1.0
GO_Biological_Process_2021,ribonucleoprotein complex assembly (GO:0022618),1/136,0.9391145845523199,0.35590305495255375,0.022357039430609304,SRSF10,1.0
GO_Biological_Process_2021,positive regulation of cellular process (GO:0048522),8/625,0.9412374118562717,0.618228892703093,0.037439863731098,HDAC1;MFSD2A;PDPN;PLA2G5;SLC25A33;TNFRSF18;TNFRSF1B;ZC3H12A,1.0
GO_Biological_Process_2021,positive regulation of response to external stimulus (GO:0032103),1/139,0.9427722880368622,0.3481123551548569,0.02051443570578016,PUM1,1.0
GO_Biological_Process_2021,protein localization to cell periphery (GO:1990778),1/140,0.9439421410682823,0.3455901861556025,0.019937238133811513,EPHA2,1.0
GO_Biological_Process_2021,positive regulation of protein phosphorylation (GO:0001934),4/371,0.9453937355217387,0.5212899950307436,0.029272407303289196,BMP8A;MAD2L2;PINK1;TNFRSF14,1.0
GO_Biological_Process_2021,MAPK cascade (GO:0000165),3/303,0.9473796150579447,0.4787592935791739,0.025879527725263966,ARTN;ICMT;PSMB2,1.0
GO_Biological_Process_2021,cilium organization (GO:0044782),2/228,0.9475918801392369,0.42425303449123963,0.02283812445072644,CCDC28B;UBXN10,1.0
GO_Biological_Process_2021,inflammatory response (GO:0006954),2/230,0.9493530835530272,0.42048809125072906,0.021854654527072893,HSPG2;PIK3CD,1.0
GO_Biological_Process_2021,cilium assembly (GO:0060271),3/314,0.9554918841002037,0.46156238655853593,0.021014478151022198,CCDC28B;NPHP4;UBXN10,1.0
GO_Biological_Process_2021,cellular macromolecule biosynthetic process (GO:0034645),3/314,0.9554918841002037,0.46156238655853593,0.021014478151022198,PABPC4;RPA2;RRAGC,1.0
GO_Biological_Process_2021,anterograde trans-synaptic signaling (GO:0098916),2/244,0.9601918258381245,0.39587594163714324,0.016081350053260477,CORT;GABRD,1.0
GO_Biological_Process_2021,peptide biosynthetic process (GO:0043043),1/162,0.9644218231909922,0.2980292850268055,0.010796559132558938,PABPC4,1.0
GO_Biological_Process_2021,heart development (GO:0007507),1/164,0.9658632270661768,0.29434218783946425,0.010223399479000196,ECE1,1.0
GO_Biological_Process_2021,intracellular protein transport (GO:0006886),3/336,0.9683332419104249,0.4305769685033324,0.013855533159359902,IPO13;LAPTM5;STX12,1.0
GO_Biological_Process_2021,cellular protein-containing complex assembly (GO:0034622),1/168,0.9685736081011365,0.28723293458003996,0.009171576483746988,VAMP3,1.0
GO_Biological_Process_2021,neuron differentiation (GO:0030182),1/174,0.9722419547499028,0.27718546393305,0.007802931815241765,PPT1,1.0
GO_Biological_Process_2021,plasma membrane bounded cell projection assembly (GO:0120031),2/278,0.9780396752744847,0.3464987719154774,0.0076940197850109025,CCDC28B;UBXN10,1.0
GO_Biological_Process_2021,regulation of mitotic cell cycle phase transition (GO:1901990),1/188,0.9792248141163289,0.2562487559360247,0.005379693129557148,PSMB2,1.0
GO_Biological_Process_2021,regulation of signal transduction (GO:0009966),1/198,0.9831111004994703,0.2431158680336121,0.004141027430919452,DHRS3,1.0
GO_Biological_Process_2021,endomembrane system organization (GO:0010256),1/199,0.9834573732596569,0.24187553973171758,0.004034722001893549,PLEKHM2,1.0
GO_Biological_Process_2021,negative regulation of multicellular organismal process (GO:0051241),1/214,0.9878773897952623,0.22466816821951893,0.002740207626061835,MAD2L2,1.0
GO_Biological_Process_2021,translation (GO:0006412),1/214,0.9878773897952623,0.22466816821951893,0.002740207626061835,PABPC4,1.0
GO_Biological_Process_2021,positive regulation of cell population proliferation (GO:0008284),3/474,0.9967221057827066,0.30223956529032076,0.0009923366004844182,HDAC1;KDM1A;SLC25A33,1.0
GO_Molecular_Function_2021,miRNA binding (GO:0035198),6/30,2.6497748740997155e-05,12.231249700468757,128.8984229672319,AGO1;AGO3;AGO4;PUM1;YBX1;ZC3H12A,0.010175135516542907
GO_Molecular_Function_2021,regulatory RNA binding (GO:0061980),6/40,0.00014432634983287433,8.62941155338236,76.3136272537759,AGO1;AGO3;AGO4;PUM1;YBX1;ZC3H12A,0.05542131833582374
GO_Molecular_Function_2021,tumor necrosis factor-activated receptor activity (GO:0005031),3/9,0.0006368386518677125,24.302728937897548,178.843641984617,TNFRSF14;TNFRSF1B;TNFRSF25,0.24454604231720162
GO_Molecular_Function_2021,death receptor activity (GO:0005035),3/12,0.0015939286270902375,16.19933790241511,104.34890136763146,TNFRSF14;TNFRSF1B;TNFRSF25,0.6120685928026512
GO_Molecular_Function_2021,RNA binding (GO:0003723),45/1406,0.0016463092858699899,1.6699570702695068,10.70312107304822,AGO1;AGO3;AGO4;CDK11B;EBNA1BP2;EIF3I;EIF4G3;ENO1;ERI3;EXOSC10;GNL2;HNRNPR;KDM1A;KHDRBS1;LRRC47;LSM10;MACF1;MRTO4;NOC2L;PABPC4;PEF1;PPIE;PPP1R8;PRDX1;PUM1;RCAN3;RCC2;SF3A3;SFPQ;SNIP1;SNRNP40;SPEN;SRRM1;SRSF10;SRSF4;SYF2;THRAP3;TOE1;TRNAU1AP;UTP11;YBX1;YRDC;YTHDF2;ZC3H12A;ZCCHC17,0.6321827657740762
GO_Molecular_Function_2021,ribonuclease activity (GO:0004540),6/66,0.0021951653022109227,4.883499880412503,29.89433439330594,AGO1;AGO3;EXOSC10;INTS11;PPP1R8;ZC3H12A,0.8429434760489943
GO_Molecular_Function_2021,kinesin binding (GO:0019894),4/29,0.002659025246748158,7.788656526650335,46.185141761940976,CLSTN1;CROCC;KIF1B;PLEKHM2,1.0
GO_Molecular_Function_2021,transmembrane-ephrin receptor activity (GO:0005005),3/17,0.0045693086794188036,10.41120144849908,56.099648746062805,EPHA10;EPHA2;EPHB2,1.0
GO_Molecular_Function_2021,ephrin receptor activity (GO:0005003),3/17,0.0045693086794188036,10.41120144849908,56.099648746062805,EPHA10;EPHA2;EPHB2,1.0
GO_Molecular_Function_2021,endoribonuclease activity (GO:0004521),4/34,0.004794800631673046,6.488888730790497,34.652113817226834,AGO1;AGO3;INTS11;ZC3H12A,1.0
GO_Molecular_Function_2021,palmitoyl-CoA hydrolase activity (GO:0016290),2/6,0.005841686128364726,24.24504891720176,124.68588111690661,ACOT7;PPT1,1.0
GO_Molecular_Function_2021,"oxidoreductase activity, acting on the CH-OH group of donors, NAD or NADP as acceptor (GO:0016616)",6/87,0.008564664199796231,3.6135184300324097,17.200746493418336,AKR1A1;DHRS3;H6PD;KCNAB2;PGD;PRXL2B,1.0
GO_Molecular_Function_2021,poly(A) binding (GO:0008143),3/22,0.00960128712356014,7.669452601907276,35.63118860146567,KHDRBS1;PABPC4;PPIE,1.0
GO_Molecular_Function_2021,DNA-binding transcription factor binding (GO:0140297),10/208,0.010276157264164485,2.4737271095043916,11.324546814988675,DMAP1;HDAC1;KDM1A;MAD2L2;NOC2L;RERE;SKI;SPEN;TP73;ZBTB17,1.0
GO_Molecular_Function_2021,single-stranded RNA binding (GO:0003727),4/45,0.012943728576489594,4.745297785124858,20.628492263087345,AGO1;AGO3;AGO4;EXOSC10,1.0
GO_Molecular_Function_2021,prenyltransferase activity (GO:0004659),2/9,0.01346580464541232,13.852192026289448,59.669727253906515,DHDDS;UBIAD1,1.0
GO_Molecular_Function_2021,ubiquitination-like modification-dependent protein binding (GO:0140035),2/10,0.016608230698580723,12.120049211137395,49.66622706136711,FAAP20;LAPTM5,1.0
GO_Molecular_Function_2021,poly-purine tract binding (GO:0070717),3/28,0.018678595532186443,5.826997376997584,23.19364654037334,KHDRBS1;PABPC4;PPIE,1.0
GO_Molecular_Function_2021,mRNA binding (GO:0003729),11/263,0.01904366968000131,2.137452227482624,8.466492161142408,EIF4G3;HNRNPR;KHDRBS1;PABPC4;PPIE;PPP1R8;PUM1;SNIP1;SRSF4;YTHDF2;ZC3H12A,1.0
GO_Molecular_Function_2021,endonuclease activity (GO:0004519),4/51,0.019755635646306512,4.138244844661,16.23978243869882,AGO1;AGO3;INTS11;ZC3H12A,1.0
GO_Molecular_Function_2021,ubiquitin protein ligase binding (GO:0031625),11/265,0.02001383239617057,2.120402618600392,8.293597819182455,ISG15;KDM4A;LAPTM5;MFN2;MUL1;PINK1;RPA2;SKI;TNFRSF14;TNFRSF1B;UBE2J2,1.0
GO_Molecular_Function_2021,ubiquitin-dependent protein binding (GO:0140036),2/11,0.020029249912485256,10.77282702157469,42.12780343926161,FAAP20;LAPTM5,1.0
GO_Molecular_Function_2021,alditol:NADP+ 1-oxidoreductase activity (GO:0004032),2/11,0.020029249912485256,10.77282702157469,42.12780343926161,AKR1A1;AKR7A2,1.0
GO_Molecular_Function_2021,galactosyltransferase activity (GO:0008378),2/11,0.020029249912485256,10.77282702157469,42.12780343926161,B3GALT6;B4GALT2,1.0
GO_Molecular_Function_2021,amyloid-beta binding (GO:0001540),5/80,0.02338420456249362,3.2450539523261694,12.187431291478331,C1QA;CLSTN1;EPHB2;HSPG2;LDLRAP1,1.0
GO_Molecular_Function_2021,histone demethylase activity (H3-K9 specific) (GO:0032454),2/13,0.02765726781869747,8.813231109483478,31.620698725293106,KDM1A;KDM4A,1.0
GO_Molecular_Function_2021,exoribonuclease activity (GO:0004532),2/13,0.02765726781869747,8.813231109483478,31.620698725293106,EXOSC10;ZC3H12A,1.0
GO_Molecular_Function_2021,"exoribonuclease activity, producing 5'-phosphomonoesters (GO:0016896)",3/33,0.028888860859607582,4.854590452739692,17.206121036358436,ERI3;EXOSC10;TOE1,1.0
GO_Molecular_Function_2021,nucleosomal DNA binding (GO:0031492),3/33,0.028888860859607582,4.854590452739692,17.206121036358436,HDAC1;RBBP4;RCC1,1.0
GO_Molecular_Function_2021,ubiquitin-like protein ligase binding (GO:0044389),11/282,0.02978766021264134,1.985641503376258,6.976871225665949,ISG15;KDM4A;LAPTM5;MFN2;MUL1;PINK1;RPA2;SKI;TNFRSF14;TNFRSF1B;UBE2J2,1.0
GO_Molecular_Function_2021,3'-5'-exoribonuclease activity (GO:0000175),3/34,0.03122054410747224,4.697750626246483,16.285593142009475,ERI3;EXOSC10;TOE1,1.0
GO_Molecular_Function_2021,"4 iron, 4 sulfur cluster binding (GO:0051539)",2/14,0.0318403369763278,8.078382642449276,27.846357317864058,EXO5;SDHB,1.0
GO_Molecular_Function_2021,transmembrane receptor protein kinase activity (GO:0019199),4/60,0.03349197524108615,3.4715706332587266,11.791014042605129,EPHA10;EPHA2;EPHB2;TIE1,1.0
GO_Molecular_Function_2021,transmembrane receptor protein tyrosine kinase activity (GO:0004714),4/60,0.03349197524108615,3.4715706332587266,11.791014042605129,EPHA10;EPHA2;EPHB2;TIE1,1.0
GO_Molecular_Function_2021,hexose transmembrane transporter activity (GO:0015149),2/15,0.03625411909852887,7.456587785728026,24.735009957849513,SLC2A1;SLC2A5,1.0
GO_Molecular_Function_2021,"oxidoreductase activity, acting on the CH-NH group of donors, NAD or NADP as acceptor (GO:0016646)",2/15,0.03625411909852887,7.456587785728026,24.735009957849513,ALDH4A1;MTHFR,1.0
GO_Molecular_Function_2021,SH3 domain binding (GO:0017124),4/62,0.03714044790100592,3.35151818905985,11.036712492607561,CASP9;ESPN;KHDRBS1;WASF2,1.0
GO_Molecular_Function_2021,core promoter sequence-specific DNA binding (GO:0001046),3/37,0.03878753506616667,4.282586379646814,13.916934002270452,AGO1;HDAC1;ZBTB17,1.0
GO_Molecular_Function_2021,transmembrane receptor protein tyrosine phosphatase activity (GO:0005001),2/16,0.040887572817469076,6.92362076568124,22.13432473915053,PTPRF;PTPRU,1.0
GO_Molecular_Function_2021,transmembrane receptor protein phosphatase activity (GO:0019198),2/16,0.040887572817469076,6.92362076568124,22.13432473915053,PTPRF;PTPRU,1.0
GO_Molecular_Function_2021,alcohol dehydrogenase (NADP+) activity (GO:0008106),2/17,0.04573000803587579,6.4617160149740265,19.934397560862546,AKR1A1;AKR7A2,1.0
GO_Molecular_Function_2021,translation initiation factor activity (GO:0003743),3/41,0.05018352561275882,3.8310042166787515,11.462626968031598,EIF2B3;EIF3I;EIF4G3,1.0
GO_Molecular_Function_2021,acyl-CoA hydrolase activity (GO:0047617),2/18,0.050771076273252995,6.057549358105214,18.054092451730128,ACOT7;PPT1,1.0
GO_Molecular_Function_2021,GTPase binding (GO:0051020),8/201,0.053254582137179075,2.0205691173523266,5.925665319910359,ARHGEF16;ENO1;GNB1;RAP1GAP;RCC1;RCC2;RRAGC;YBX1,1.0
GO_Molecular_Function_2021,NAD-retinol dehydrogenase activity (GO:0004745),2/19,0.056000761257752815,5.700931719691556,16.432308547886834,AKR1A1;DHRS3,1.0
GO_Molecular_Function_2021,"phosphotransferase activity, alcohol group as acceptor (GO:0016773)",4/75,0.06619034782195077,2.7360380526036363,7.428946964793973,NADK;NOL9;PANK4;PIK3CD,1.0
GO_Molecular_Function_2021,glucose transmembrane transporter activity (GO:0005355),2/21,0.06698752264725417,5.100312539205396,13.787414292270117,SLC2A1;SLC2A5,1.0
GO_Molecular_Function_2021,protein tyrosine kinase activity (GO:0004713),5/108,0.069155419302931,2.3595137791371283,6.303202404852844,EPHA10;EPHA2;EPHB2;FGR;TIE1,1.0
GO_Molecular_Function_2021,poly(U) RNA binding (GO:0008266),2/22,0.07272614619962355,4.8450493874987774,12.699137598587185,KHDRBS1;PABPC4,1.0
GO_Molecular_Function_2021,3'-5' exonuclease activity (GO:0008408),3/48,0.07353089854517753,3.2339122456432037,8.44067127499384,ERI3;EXOSC10;TOE1,1.0
GO_Molecular_Function_2021,kinase activity (GO:0016301),5/112,0.07810315788777113,2.270841532155582,5.7900209465449874,MTOR;NADK;PANK4;PIK3CD;PINK1,1.0
GO_Molecular_Function_2021,cyclin-dependent protein kinase activity (GO:0097472),2/23,0.07861646360379133,4.614097012145171,11.734452204765779,CDK11A;CDK11B,1.0
GO_Molecular_Function_2021,cyclin-dependent protein serine/threonine kinase activity (GO:0004693),2/23,0.07861646360379133,4.614097012145171,11.734452204765779,CDK11A;CDK11B,1.0
GO_Molecular_Function_2021,carboxy-lyase activity (GO:0016831),2/23,0.07861646360379133,4.614097012145171,11.734452204765779,AZIN2;UROD,1.0
GO_Molecular_Function_2021,low-density lipoprotein particle receptor binding (GO:0050750),2/23,0.07861646360379133,4.614097012145171,11.734452204765779,HSPG2;LDLRAP1,1.0
GO_Molecular_Function_2021,zinc ion binding (GO:0008270),11/336,0.08239715412289865,1.6510924614913303,4.121464234170521,ATAD3A;ATAD3B;ATAD3C;ATP13A2;ECE1;KDM4A;MMP23B;PRDM2;SKI;SMPDL3B;ZNF593,1.0
GO_Molecular_Function_2021,gap junction channel activity (GO:0005243),2/24,0.08464998669782865,4.404140307278255,10.874836813500051,GJA4;GJB3,1.0
GO_Molecular_Function_2021,ubiquitin protein ligase activity (GO:0061630),9/263,0.08894355488164761,1.7261349462069582,4.176820775935614,FBXO2;FBXO44;FBXO6;MUL1;RNF19B;RNF220;TRIM62;UBE4B;UBR4,1.0
GO_Molecular_Function_2021,wide pore channel activity (GO:0022829),2/25,0.09081850791441015,4.212440707182376,10.1051910816592,GJA4;GJB3,1.0
GO_Molecular_Function_2021,poly-pyrimidine tract binding (GO:0008187),2/25,0.09081850791441015,4.212440707182376,10.1051910816592,KHDRBS1;PABPC4,1.0
GO_Molecular_Function_2021,FAD binding (GO:0071949),2/25,0.09081850791441015,4.212440707182376,10.1051910816592,MMACHC;MTHFR,1.0
GO_Molecular_Function_2021,RNA polymerase II-specific DNA-binding transcription factor binding (GO:0061629),7/190,0.09319342572661034,1.8608953622384035,4.4160500290171365,ARID1A;DMAP1;HDAC1;KDM1A;MAD2L2;RERE;SPEN,1.0
GO_Molecular_Function_2021,transcription cis-regulatory region binding (GO:0000976),16/549,0.09530064889619667,1.467147699716663,3.4488514737624203,AGO1;ENO1;HDAC1;MTF1;NFYC;PER3;PRDM2;SFPQ;TFAP2E;TP73;ZBTB17;ZBTB48;ZBTB8A;ZFP69;ZNF436;ZNF684,1.0
GO_Molecular_Function_2021,ATPase inhibitor activity (GO:0042030),1/5,0.09747126057374132,12.092592300182906,28.1539456743534,ATP5IF1,1.0
GO_Molecular_Function_2021,troponin I binding (GO:0031013),1/5,0.09747126057374132,12.092592300182906,28.1539456743534,RCAN3,1.0
GO_Molecular_Function_2021,solute:proton antiporter activity (GO:0015299),1/5,0.09747126057374132,12.092592300182906,28.1539456743534,SLC9A1,1.0
GO_Molecular_Function_2021,folic acid transmembrane transporter activity (GO:0008517),1/5,0.09747126057374132,12.092592300182906,28.1539456743534,PDPN,1.0
GO_Molecular_Function_2021,histone acetyltransferase activity (H3-K23 specific) (GO:0043994),1/5,0.09747126057374132,12.092592300182906,28.1539456743534,MEAF6,1.0
GO_Molecular_Function_2021,L-lysine transmembrane transporter activity (GO:0015189),1/5,0.09747126057374132,12.092592300182906,28.1539456743534,SLC66A1,1.0
GO_Molecular_Function_2021,fructose transmembrane transporter activity (GO:0005353),1/5,0.09747126057374132,12.092592300182906,28.1539456743534,SLC2A5,1.0
GO_Molecular_Function_2021,"oxidoreductase activity, acting on metal ions, NAD or NADP as acceptor (GO:0016723)",1/5,0.09747126057374132,12.092592300182906,28.1539456743534,MMACHC,1.0
GO_Molecular_Function_2021,oxo-acid-lyase activity (GO:0016833),1/5,0.09747126057374132,12.092592300182906,28.1539456743534,HMGCL,1.0
GO_Molecular_Function_2021,thiolester hydrolase activity (GO:0016790),1/5,0.09747126057374132,12.092592300182906,28.1539456743534,PPT1,1.0
GO_Molecular_Function_2021,single-stranded DNA 3'-5' exodeoxyribonuclease activity (GO:0008310),1/5,0.09747126057374132,12.092592300182906,28.1539456743534,EXO5,1.0
GO_Molecular_Function_2021,tumor necrosis factor binding (GO:0043120),1/5,0.09747126057374132,12.092592300182906,28.1539456743534,TNFRSF1B,1.0
GO_Molecular_Function_2021,protein-arginine deiminase activity (GO:0004668),1/5,0.09747126057374132,12.092592300182906,28.1539456743534,PADI2,1.0
GO_Molecular_Function_2021,flavin adenine dinucleotide binding (GO:0050660),3/55,0.10080888929195979,2.797575805271072,6.419118086999705,KDM1A;MMACHC;MTHFR,1.0
GO_Molecular_Function_2021,ubiquitin-protein transferase activity (GO:0004842),12/392,0.10452523240661711,1.539994618407831,3.4778110851684767,FBXO2;FBXO44;FBXO6;HECTD3;KLHL21;MIB2;MUL1;RNF19B;RNF220;TRIM62;UBE2J2;UBR4,1.0
GO_Molecular_Function_2021,histone demethylase activity (GO:0032452),2/28,0.11005603014969592,3.725818645400529,8.222008708655835,KDM1A;KDM4A,1.0
GO_Molecular_Function_2021,lipoprotein particle receptor binding (GO:0070325),2/28,0.11005603014969592,3.725818645400529,8.222008708655835,HSPG2;LDLRAP1,1.0
GO_Molecular_Function_2021,protein phosphatase 2B binding (GO:0030346),1/6,0.11579717546281665,9.673580012998025,20.855417275770424,SLC9A1,1.0
GO_Molecular_Function_2021,mismatched DNA binding (GO:0030983),1/6,0.11579717546281665,9.673580012998025,20.855417275770424,MUTYH,1.0
GO_Molecular_Function_2021,protein carboxyl O-methyltransferase activity (GO:0051998),1/6,0.11579717546281665,9.673580012998025,20.855417275770424,ICMT,1.0
GO_Molecular_Function_2021,C3HC4-type RING finger domain binding (GO:0055131),1/6,0.11579717546281665,9.673580012998025,20.855417275770424,PINK1,1.0
GO_Molecular_Function_2021,immunoglobulin receptor binding (GO:0034987),1/6,0.11579717546281665,9.673580012998025,20.855417275770424,FGR,1.0
GO_Molecular_Function_2021,RNA polymerase III type 3 promoter sequence-specific DNA binding (GO:0001006),1/6,0.11579717546281665,9.673580012998025,20.855417275770424,MTOR,1.0
GO_Molecular_Function_2021,RNA polymerase III cis-regulatory region sequence-specific DNA binding (GO:0000992),1/6,0.11579717546281665,9.673580012998025,20.855417275770424,MTOR,1.0
GO_Molecular_Function_2021,alkaline phosphatase activity (GO:0004035),1/6,0.11579717546281665,9.673580012998025,20.855417275770424,ALPL,1.0
GO_Molecular_Function_2021,sulfatide binding (GO:0120146),1/6,0.11579717546281665,9.673580012998025,20.855417275770424,PPT1,1.0
GO_Molecular_Function_2021,long-chain fatty acyl-CoA binding (GO:0036042),1/6,0.11579717546281665,9.673580012998025,20.855417275770424,ACOT7,1.0
GO_Molecular_Function_2021,fructose binding (GO:0070061),1/6,0.11579717546281665,9.673580012998025,20.855417275770424,SLC2A5,1.0
GO_Molecular_Function_2021,Hsp70 protein binding (GO:0030544),2/31,0.13023839108270976,3.3398770101942357,6.8079676581166435,DNAJC8;RNF207,1.0
GO_Molecular_Function_2021,ceramide 1-phosphate transfer activity (GO:1902388),1/7,0.13375187921204623,8.06090515487477,16.21667783793208,CPTP,1.0
GO_Molecular_Function_2021,ceramide 1-phosphate binding (GO:1902387),1/7,0.13375187921204623,8.06090515487477,16.21667783793208,CPTP,1.0
GO_Molecular_Function_2021,1-phosphatidylinositol-4-phosphate 3-kinase activity (GO:0035005),1/7,0.13375187921204623,8.06090515487477,16.21667783793208,PIK3CD,1.0
GO_Molecular_Function_2021,1-alkyl-2-acetylglycerophosphocholine esterase activity (GO:0003847),1/7,0.13375187921204623,8.06090515487477,16.21667783793208,PAFAH2,1.0
GO_Molecular_Function_2021,"hydrolase activity, acting on acid anhydrides, in phosphorus-containing anhydrides (GO:0016818)",1/7,0.13375187921204623,8.06090515487477,16.21667783793208,ALPL,1.0
GO_Molecular_Function_2021,alpha-mannosidase activity (GO:0004559),1/7,0.13375187921204623,8.06090515487477,16.21667783793208,MANEAL,1.0
GO_Molecular_Function_2021,leucine binding (GO:0070728),1/7,0.13375187921204623,8.06090515487477,16.21667783793208,SESN2,1.0
GO_Molecular_Function_2021,mannosyl-oligosaccharide mannosidase activity (GO:0015924),1/7,0.13375187921204623,8.06090515487477,16.21667783793208,MAN1C1,1.0
GO_Molecular_Function_2021,long-chain fatty acid binding (GO:0036041),1/7,0.13375187921204623,8.06090515487477,16.21667783793208,FABP3,1.0
GO_Molecular_Function_2021,MutLalpha complex binding (GO:0032405),1/7,0.13375187921204623,8.06090515487477,16.21667783793208,MUTYH,1.0
GO_Molecular_Function_2021,RNA polymerase II CTD heptapeptide repeat phosphatase activity (GO:0008420),1/7,0.13375187921204623,8.06090515487477,16.21667783793208,SSU72,1.0
GO_Molecular_Function_2021,JUN kinase binding (GO:0008432),1/7,0.13375187921204623,8.06090515487477,16.21667783793208,MAD2L2,1.0
GO_Molecular_Function_2021,"mannosyl-oligosaccharide 1,2-alpha-mannosidase activity (GO:0004571)",1/7,0.13375187921204623,8.06090515487477,16.21667783793208,MAN1C1,1.0
GO_Molecular_Function_2021,carbohydrate:proton symporter activity (GO:0005351),1/7,0.13375187921204623,8.06090515487477,16.21667783793208,SLC45A1,1.0
GO_Molecular_Function_2021,"phosphatidylinositol-4,5-bisphosphate 5-phosphatase activity (GO:0004439)",1/7,0.13375187921204623,8.06090515487477,16.21667783793208,INPP5B,1.0
GO_Molecular_Function_2021,phospholipid scramblase activity (GO:0017128),1/7,0.13375187921204623,8.06090515487477,16.21667783793208,XKR8,1.0
GO_Molecular_Function_2021,fatty acid elongase activity (GO:0009922),1/7,0.13375187921204623,8.06090515487477,16.21667783793208,ELOVL1,1.0
GO_Molecular_Function_2021,N6-methyladenosine-containing RNA binding (GO:1990247),1/7,0.13375187921204623,8.06090515487477,16.21667783793208,YTHDF2,1.0
GO_Molecular_Function_2021,MutSalpha complex binding (GO:0032407),1/7,0.13375187921204623,8.06090515487477,16.21667783793208,MUTYH,1.0
GO_Molecular_Function_2021,morphogen activity (GO:0016015),1/7,0.13375187921204623,8.06090515487477,16.21667783793208,NBL1,1.0
GO_Molecular_Function_2021,acid-amino acid ligase activity (GO:0016881),1/7,0.13375187921204623,8.06090515487477,16.21667783793208,PPCS,1.0
GO_Molecular_Function_2021,chloride channel activity (GO:0005254),3/64,0.14076320605698414,2.383720399297505,4.673703830582795,CLCN6;CLIC4;GABRD,1.0
GO_Molecular_Function_2021,telomeric DNA binding (GO:0042162),2/33,0.14412826534008571,3.1240816872831902,6.0515075694158575,KDM1A;ZBTB48,1.0
GO_Molecular_Function_2021,"DNA-binding transcription repressor activity, RNA polymerase II-specific (GO:0001227)",8/256,0.15130522282960984,1.5680012582201013,2.961101602186942,ENO1;HEYL;PRDM2;SKI;ZBTB17;ZFP69;ZNF436;ZNF684,1.0
GO_Molecular_Function_2021,phosphatidylinositol phosphate 5-phosphatase activity (GO:0034595),1/8,0.15134287291183668,6.908994541929588,13.045614169703612,INPP5B,1.0
GO_Molecular_Function_2021,procollagen-proline dioxygenase activity (GO:0019798),1/8,0.15134287291183668,6.908994541929588,13.045614169703612,P3H1,1.0
GO_Molecular_Function_2021,oxidized DNA binding (GO:0032356),1/8,0.15134287291183668,6.908994541929588,13.045614169703612,MUTYH,1.0
GO_Molecular_Function_2021,5'-3' exodeoxyribonuclease activity (GO:0035312),1/8,0.15134287291183668,6.908994541929588,13.045614169703612,EXO5,1.0
GO_Molecular_Function_2021,arginine transmembrane transporter activity (GO:0015181),1/8,0.15134287291183668,6.908994541929588,13.045614169703612,SLC66A1,1.0
GO_Molecular_Function_2021,glycine transmembrane transporter activity (GO:0015187),1/8,0.15134287291183668,6.908994541929588,13.045614169703612,SLC6A9,1.0
GO_Molecular_Function_2021,solute:cation antiporter activity (GO:0015298),1/8,0.15134287291183668,6.908994541929588,13.045614169703612,SLC9A1,1.0
GO_Molecular_Function_2021,"intramolecular oxidoreductase activity, interconverting aldoses and ketoses (GO:0016861)",1/8,0.15134287291183668,6.908994541929588,13.045614169703612,HYI,1.0
GO_Molecular_Function_2021,protein kinase B binding (GO:0043422),1/8,0.15134287291183668,6.908994541929588,13.045614169703612,PINK1,1.0
GO_Molecular_Function_2021,ceramide transfer activity (GO:0120017),1/8,0.15134287291183668,6.908994541929588,13.045614169703612,CPTP,1.0
GO_Molecular_Function_2021,calcium-independent phospholipase A2 activity (GO:0047499),1/8,0.15134287291183668,6.908994541929588,13.045614169703612,PLA2G5,1.0
GO_Molecular_Function_2021,calcium-dependent protein kinase activity (GO:0010857),1/8,0.15134287291183668,6.908994541929588,13.045614169703612,PINK1,1.0
GO_Molecular_Function_2021,"phosphatidylinositol-4,5-bisphosphate phosphatase activity (GO:0106019)",1/9,0.16857750644513964,6.0450615822207014,10.762383759291327,INPP5B,1.0
GO_Molecular_Function_2021,double-stranded telomeric DNA binding (GO:0003691),1/9,0.16857750644513964,6.0450615822207014,10.762383759291327,ZBTB48,1.0
GO_Molecular_Function_2021,armadillo repeat domain binding (GO:0070016),1/9,0.16857750644513964,6.0450615822207014,10.762383759291327,CTNNBIP1,1.0
GO_Molecular_Function_2021,histone demethylase activity (H3-K4 specific) (GO:0032453),1/9,0.16857750644513964,6.0450615822207014,10.762383759291327,KDM1A,1.0
GO_Molecular_Function_2021,single-stranded DNA exodeoxyribonuclease activity (GO:0008297),1/9,0.16857750644513964,6.0450615822207014,10.762383759291327,EXO5,1.0
GO_Molecular_Function_2021,mannosidase activity (GO:0015923),1/9,0.16857750644513964,6.0450615822207014,10.762383759291327,MANEAL,1.0
GO_Molecular_Function_2021,H3 histone acetyltransferase activity (GO:0010484),1/9,0.16857750644513964,6.0450615822207014,10.762383759291327,MEAF6,1.0
GO_Molecular_Function_2021,phosphotyrosine residue binding (GO:0001784),2/37,0.17273335484087063,2.7664780093163155,4.857952467386849,FGR;LDLRAP1,1.0
GO_Molecular_Function_2021,ubiquitin-like protein ligase activity (GO:0061659),8/270,0.1849566445165884,1.4831408588186252,2.5029986959077126,FBXO2;FBXO44;FBXO6;MUL1;RNF19B;RNF220;TRIM62;UBR4,1.0
GO_Molecular_Function_2021,double-stranded RNA binding (GO:0003725),3/73,0.18503266277025845,2.0762849548599975,3.5031555517771564,AGO1;AGO3;AGO4,1.0
GO_Molecular_Function_2021,voltage-gated chloride channel activity (GO:0005247),1/10,0.18546298152809074,5.373113724669346,9.053159192967247,CLCN6,1.0
GO_Molecular_Function_2021,aldo-keto reductase (NADP) activity (GO:0004033),1/10,0.18546298152809074,5.373113724669346,9.053159192967247,KCNAB2,1.0
GO_Molecular_Function_2021,histone demethylase activity (H3-K36 specific) (GO:0051864),1/10,0.18546298152809074,5.373113724669346,9.053159192967247,KDM4A,1.0
GO_Molecular_Function_2021,ligand-gated sodium channel activity (GO:0015280),1/10,0.18546298152809074,5.373113724669346,9.053159192967247,SCNN1D,1.0
GO_Molecular_Function_2021,G-rich strand telomeric DNA binding (GO:0098505),1/10,0.18546298152809074,5.373113724669346,9.053159192967247,RPA2,1.0
GO_Molecular_Function_2021,fatty acid synthase activity (GO:0004312),1/10,0.18546298152809074,5.373113724669346,9.053159192967247,ELOVL1,1.0
GO_Molecular_Function_2021,symporter activity (GO:0015293),1/10,0.18546298152809074,5.373113724669346,9.053159192967247,MFSD2A,1.0
GO_Molecular_Function_2021,cysteine-type endopeptidase activity involved in apoptotic signaling pathway (GO:0097199),1/10,0.18546298152809074,5.373113724669346,9.053159192967247,CASP9,1.0
GO_Molecular_Function_2021,1-phosphatidylinositol-3-kinase activity (GO:0016303),1/10,0.18546298152809074,5.373113724669346,9.053159192967247,PIK3CD,1.0
GO_Molecular_Function_2021,nucleotide transmembrane transporter activity (GO:0015215),1/10,0.18546298152809074,5.373113724669346,9.053159192967247,SLC25A33,1.0
GO_Molecular_Function_2021,oxidized purine DNA binding (GO:0032357),1/10,0.18546298152809074,5.373113724669346,9.053159192967247,MUTYH,1.0
GO_Molecular_Function_2021,adenylate cyclase binding (GO:0008179),1/10,0.18546298152809074,5.373113724669346,9.053159192967247,CAP1,1.0
GO_Molecular_Function_2021,ubiquitin binding (GO:0043130),3/74,0.19016229869467033,2.046936657347184,3.3976638308298988,DDI2;RNF19B;UBXN11,1.0
GO_Molecular_Function_2021,protein tyrosine phosphatase activity (GO:0004725),3/74,0.19016229869467033,2.046936657347184,3.3976638308298988,EYA3;PTPRF;PTPRU,1.0
GO_Molecular_Function_2021,transition metal ion binding (GO:0046914),12/445,0.19606730653207546,1.3477684569006378,2.1959154782378847,ATAD3A;ATAD3B;ATAD3C;ATP13A2;ECE1;HMGCL;KDM4A;MMP23B;PRDM2;SKI;SMPDL3B;ZNF593,1.0
GO_Molecular_Function_2021,"racemase and epimerase activity, acting on carbohydrates and derivatives (GO:0016857)",1/11,0.20200635468965122,4.83555543862826,7.734258755464824,GALE,1.0
GO_Molecular_Function_2021,potassium:proton antiporter activity (GO:0015386),1/11,0.20200635468965122,4.83555543862826,7.734258755464824,SLC9A1,1.0
GO_Molecular_Function_2021,MAP kinase kinase kinase activity (GO:0004709),1/11,0.20200635468965122,4.83555543862826,7.734258755464824,MAP3K6,1.0
GO_Molecular_Function_2021,protein serine/threonine phosphatase inhibitor activity (GO:0004865),1/11,0.20200635468965122,4.83555543862826,7.734258755464824,PPP1R8,1.0
GO_Molecular_Function_2021,sodium:phosphate symporter activity (GO:0005436),1/11,0.20200635468965122,4.83555543862826,7.734258755464824,MFSD2A,1.0
GO_Molecular_Function_2021,filamin binding (GO:0031005),1/11,0.20200635468965122,4.83555543862826,7.734258755464824,FBLIM1,1.0
GO_Molecular_Function_2021,"hydrolase activity, acting on carbon-nitrogen (but not peptide) bonds, in linear amidines (GO:0016813)",1/11,0.20200635468965122,4.83555543862826,7.734258755464824,PADI2,1.0
GO_Molecular_Function_2021,ubiquitin-ubiquitin ligase activity (GO:0034450),1/11,0.20200635468965122,4.83555543862826,7.734258755464824,UBE4B,1.0
GO_Molecular_Function_2021,3'-5'-exodeoxyribonuclease activity (GO:0008296),1/11,0.20200635468965122,4.83555543862826,7.734258755464824,EXO5,1.0
GO_Molecular_Function_2021,UDP-galactosyltransferase activity (GO:0035250),1/11,0.20200635468965122,4.83555543862826,7.734258755464824,B3GALT6,1.0
GO_Molecular_Function_2021,cadherin binding (GO:0045296),9/322,0.20952742442162006,1.3964880028246396,2.1825719989901393,ARHGEF16;CAPZB;EFHD2;ENO1;EPHA2;MACF1;NUDC;PRDX1;WASF2,1.0
GO_Molecular_Function_2021,protein phosphorylated amino acid binding (GO:0045309),2/42,0.2095951327041718,2.420049446285905,3.781514931355623,FGR;LDLRAP1,1.0
GO_Molecular_Function_2021,snRNA binding (GO:0017069),2/43,0.2170668859975303,2.360903106256323,3.606396932103757,LSM10;TOE1,1.0
GO_Molecular_Function_2021,sodium:proton antiporter activity (GO:0015385),1/12,0.2182145401914772,4.395735022776464,6.691524436670892,SLC9A1,1.0
GO_Molecular_Function_2021,single-stranded telomeric DNA binding (GO:0043047),1/12,0.2182145401914772,4.395735022776464,6.691524436670892,RPA2,1.0
GO_Molecular_Function_2021,RNA stem-loop binding (GO:0035613),1/12,0.2182145401914772,4.395735022776464,6.691524436670892,ZC3H12A,1.0
GO_Molecular_Function_2021,neurexin family protein binding (GO:0042043),1/12,0.2182145401914772,4.395735022776464,6.691524436670892,SYTL1,1.0
GO_Molecular_Function_2021,poly(A)-specific ribonuclease activity (GO:0004535),1/12,0.2182145401914772,4.395735022776464,6.691524436670892,TOE1,1.0
GO_Molecular_Function_2021,aspartic-type peptidase activity (GO:0070001),1/12,0.2182145401914772,4.395735022776464,6.691524436670892,DDI2,1.0
GO_Molecular_Function_2021,phosphatidylinositol 3-kinase activity (GO:0035004),1/12,0.2182145401914772,4.395735022776464,6.691524436670892,PIK3CD,1.0
GO_Molecular_Function_2021,"2 iron, 2 sulfur cluster binding (GO:0051537)",1/12,0.2182145401914772,4.395735022776464,6.691524436670892,SDHB,1.0
GO_Molecular_Function_2021,BMP binding (GO:0036122),1/12,0.2182145401914772,4.395735022776464,6.691524436670892,NBL1,1.0
GO_Molecular_Function_2021,nuclear receptor binding (GO:0016922),4/120,0.2272259448397993,1.6707839702755747,2.4757850713568255,ARID1A;KDM1A;PADI2;THRAP3,1.0
GO_Molecular_Function_2021,metalloendopeptidase activity (GO:0004222),3/82,0.23235126231040784,1.8388980926993912,2.6838809436260913,ECE1;MMP23B;ZMPSTE24,1.0
GO_Molecular_Function_2021,microtubule minus-end binding (GO:0051011),1/13,0.2340943128892089,4.029218009566634,5.850550254605861,MACF1,1.0
GO_Molecular_Function_2021,water channel activity (GO:0015250),1/13,0.2340943128892089,4.029218009566634,5.850550254605861,PDPN,1.0
GO_Molecular_Function_2021,pseudouridine synthase activity (GO:0009982),1/13,0.2340943128892089,4.029218009566634,5.850550254605861,PUSL1,1.0
GO_Molecular_Function_2021,aldehyde dehydrogenase (NAD+) activity (GO:0004029),1/13,0.2340943128892089,4.029218009566634,5.850550254605861,ALDH4A1,1.0
GO_Molecular_Function_2021,basic amino acid transmembrane transporter activity (GO:0015174),1/13,0.2340943128892089,4.029218009566634,5.850550254605861,SLC66A1,1.0
GO_Molecular_Function_2021,protein phosphatase activator activity (GO:0072542),1/13,0.2340943128892089,4.029218009566634,5.850550254605861,PHACTR4,1.0
GO_Molecular_Function_2021,BMP receptor binding (GO:0070700),1/13,0.2340943128892089,4.029218009566634,5.850550254605861,BMP8A,1.0
GO_Molecular_Function_2021,phosphatidylinositol phosphate kinase activity (GO:0016307),1/13,0.2340943128892089,4.029218009566634,5.850550254605861,PIK3CD,1.0
GO_Molecular_Function_2021,cysteine-type endopeptidase activity involved in execution phase of apoptosis (GO:0097200),1/13,0.2340943128892089,4.029218009566634,5.850550254605861,CASP9,1.0
GO_Molecular_Function_2021,monovalent cation:proton antiporter activity (GO:0005451),1/13,0.2340943128892089,4.029218009566634,5.850550254605861,SLC9A1,1.0
GO_Molecular_Function_2021,mRNA 3'-UTR binding (GO:0003730),3/85,0.24859357298362783,1.7713489855805193,2.4656043384832835,PABPC4;PUM1;ZC3H12A,1.0
GO_Molecular_Function_2021,protein kinase C activity (GO:0004697),1/14,0.24965231103635377,3.7190882291583156,5.160926984389866,PRKCZ,1.0
GO_Molecular_Function_2021,phosphatase activator activity (GO:0019211),1/14,0.24965231103635377,3.7190882291583156,5.160926984389866,PHACTR4,1.0
GO_Molecular_Function_2021,RNA polymerase II core promoter sequence-specific DNA binding (GO:0000979),1/14,0.24965231103635377,3.7190882291583156,5.160926984389866,HDAC1,1.0
GO_Molecular_Function_2021,deoxyribonuclease activity (GO:0004536),1/14,0.24965231103635377,3.7190882291583156,5.160926984389866,DFFB,1.0
GO_Molecular_Function_2021,metal ion:proton antiporter activity (GO:0051139),1/14,0.24965231103635377,3.7190882291583156,5.160926984389866,SLC9A1,1.0
GO_Molecular_Function_2021,vitamin D receptor binding (GO:0042809),1/14,0.24965231103635377,3.7190882291583156,5.160926984389866,THRAP3,1.0
GO_Molecular_Function_2021,manganese ion binding (GO:0030145),2/48,0.2546935009359511,2.103745106127704,2.877280429851786,ATP13A2;HMGCL,1.0
GO_Molecular_Function_2021,cation transmembrane transporter activity (GO:0008324),2/48,0.2546935009359511,2.103745106127704,2.877280429851786,SLC66A1;SLC6A9,1.0
GO_Molecular_Function_2021,tRNA binding (GO:0000049),2/49,0.26224645046489453,2.058879242275477,2.7557492662293295,TRNAU1AP;YRDC,1.0
GO_Molecular_Function_2021,exonuclease activity (GO:0004527),2/49,0.26224645046489453,2.058879242275477,2.7557492662293295,EXOSC10;ZC3H12A,1.0
GO_Molecular_Function_2021,amino acid transmembrane transporter activity (GO:0015171),2/49,0.26224645046489453,2.058879242275477,2.7557492662293295,PDPN;SLC66A1,1.0
GO_Molecular_Function_2021,water transmembrane transporter activity (GO:0005372),1/15,0.2648950390319125,3.4532627030940426,4.587388801802879,PDPN,1.0
GO_Molecular_Function_2021,1-phosphatidylinositol binding (GO:0005545),1/15,0.2648950390319125,3.4532627030940426,4.587388801802879,EPB41,1.0
GO_Molecular_Function_2021,aldehyde dehydrogenase [NAD(P)+] activity (GO:0004030),1/15,0.2648950390319125,3.4532627030940426,4.587388801802879,ALDH4A1,1.0
GO_Molecular_Function_2021,clathrin adaptor activity (GO:0035615),1/15,0.2648950390319125,3.4532627030940426,4.587388801802879,LDLRAP1,1.0
GO_Molecular_Function_2021,cysteine-type endopeptidase activity involved in apoptotic process (GO:0097153),1/15,0.2648950390319125,3.4532627030940426,4.587388801802879,CASP9,1.0
GO_Molecular_Function_2021,aspartic-type endopeptidase activity (GO:0004190),1/15,0.2648950390319125,3.4532627030940426,4.587388801802879,DDI2,1.0
GO_Molecular_Function_2021,phosphatidylinositol kinase activity (GO:0052742),1/15,0.2648950390319125,3.4532627030940426,4.587388801802879,PIK3CD,1.0
GO_Molecular_Function_2021,protein serine/threonine kinase activity (GO:0004674),9/344,0.26616668342274685,1.3032895652015486,1.7250764736878819,CDK11A;CDK11B;MAP3K6;MTOR;PDIK1L;PINK1;PLK3;PRKCZ;TESK2,1.0
GO_Molecular_Function_2021,GTPase activity (GO:0003924),6/216,0.27586344603315016,1.3845713946714295,1.7831192965109068,GNB1;GNL2;GPN2;MFN2;RAP1GAP;RRAGC,1.0
GO_Molecular_Function_2021,"proton-transporting ATPase activity, rotational mechanism (GO:0046961)",1/16,0.27982887011287555,3.2228805805050063,4.104586712657392,ATP6V0B,1.0
GO_Molecular_Function_2021,nuclear import signal receptor activity (GO:0061608),1/16,0.27982887011287555,3.2228805805050063,4.104586712657392,KPNA6,1.0
GO_Molecular_Function_2021,calcium-dependent phospholipase A2 activity (GO:0047498),1/16,0.27982887011287555,3.2228805805050063,4.104586712657392,PLA2G5,1.0
GO_Molecular_Function_2021,"ATPase activity, coupled to transmembrane movement of ions, rotational mechanism (GO:0044769)",1/16,0.27982887011287555,3.2228805805050063,4.104586712657392,ATP6V0B,1.0
GO_Molecular_Function_2021,potassium ion antiporter activity (GO:0022821),1/16,0.27982887011287555,3.2228805805050063,4.104586712657392,SLC9A1,1.0
GO_Molecular_Function_2021,transmembrane receptor protein serine/threonine kinase binding (GO:0070696),1/16,0.27982887011287555,3.2228805805050063,4.104586712657392,BMP8A,1.0
GO_Molecular_Function_2021,chloride transmembrane transporter activity (GO:0015108),1/16,0.27982887011287555,3.2228805805050063,4.104586712657392,CLCN6,1.0
GO_Molecular_Function_2021,voltage-gated anion channel activity (GO:0008308),1/16,0.27982887011287555,3.2228805805050063,4.104586712657392,CLCN6,1.0
GO_Molecular_Function_2021,CoA hydrolase activity (GO:0016289),1/16,0.27982887011287555,3.2228805805050063,4.104586712657392,ACOT7,1.0
GO_Molecular_Function_2021,actin binding (GO:0003779),5/177,0.2910657422980826,1.4079626171244026,1.7377160770632052,CAP1;CAPZB;FHL3;MACF1;PHACTR4,1.0
GO_Molecular_Function_2021,transcription coregulator binding (GO:0001221),2/53,0.29243956033869045,1.8970102432792069,2.3323689057548727,PER3;ZBTB17,1.0
GO_Molecular_Function_2021,nuclear receptor coactivator activity (GO:0030374),2/53,0.29243956033869045,1.8970102432792069,2.3323689057548727,KDM1A;THRAP3,1.0
GO_Molecular_Function_2021,L-amino acid transmembrane transporter activity (GO:0015179),2/53,0.29243956033869045,1.8970102432792069,2.3323689057548727,SLC66A1;SLC6A9,1.0
GO_Molecular_Function_2021,histone deacetylase binding (GO:0042826),3/93,0.2926076688388971,1.6132340385467157,1.9825397391295945,HDAC1;RBBP4;SFPQ,1.0
GO_Molecular_Function_2021,DNA binding (GO:0003677),19/811,0.29288331822623803,1.165524727113004,1.4312421973020957,ARID1A;CAMTA1;CENPS;FOXJ3;HP1BP3;KHDRBS1;MTF1;NFYC;PRDM2;RLF;RPA2;SFPQ;TAF12;THRAP3;TRNP1;YBX1;ZC3H12A;ZMYM4;ZMYM6,1.0
GO_Molecular_Function_2021,nucleobase-containing compound kinase activity (GO:0019205),1/17,0.294460048992688,3.0212962232395992,3.693872843345954,NOL9,1.0
GO_Molecular_Function_2021,phosphatidylinositol bisphosphate binding (GO:1902936),3/94,0.2981557778901652,1.5954243879192815,1.9306855676677759,ATP13A2;LDLRAP1;SLC9A1,1.0
GO_Molecular_Function_2021,"oxidoreductase activity, acting on the CH-CH group of donors, NAD or NADP as acceptor (GO:0016628)",1/18,0.30879469444677227,2.8434276727112993,3.341251128771836,MECR,1.0
GO_Molecular_Function_2021,cysteine-type peptidase activity (GO:0008234),3/98,0.3203940861836539,1.5279351855416372,1.739101208902514,CASP9;TINAGL1;USP48,1.0
GO_Molecular_Function_2021,protein phosphatase regulator activity (GO:0019888),2/57,0.32246460773508284,1.7586858259551215,1.9904135982134301,PHACTR4;RCAN3,1.0
GO_Molecular_Function_2021,histone deacetylase activity (GO:0004407),1/19,0.32283880184616226,2.6853222944639215,3.036031148354949,HDAC1,1.0
GO_Molecular_Function_2021,nucleotidyltransferase activity (GO:0016779),1/19,0.32283880184616226,2.6853222944639215,3.036031148354949,YRDC,1.0
GO_Molecular_Function_2021,phosphatidic acid binding (GO:0070300),1/19,0.32283880184616226,2.6853222944639215,3.036031148354949,ATP13A2,1.0
GO_Molecular_Function_2021,SUMO transferase activity (GO:0019789),1/19,0.32283880184616226,2.6853222944639215,3.036031148354949,MUL1,1.0
GO_Molecular_Function_2021,GABA-A receptor activity (GO:0004890),1/19,0.32283880184616226,2.6853222944639215,3.036031148354949,GABRD,1.0
GO_Molecular_Function_2021,microtubule binding (GO:0008017),6/232,0.33238246980140934,1.2854866941902665,1.4159236865574572,KIF1B;MACF1;MACO1;PEX14;RCC2;SVBP,1.0
GO_Molecular_Function_2021,organic anion transmembrane transporter activity (GO:0008514),4/144,0.3353017608294342,1.3826581041982704,1.5108642113927861,MFSD2A;PDPN;SLC66A1;SLC6A9,1.0
GO_Molecular_Function_2021,transcription coactivator binding (GO:0001223),1/20,0.3365982456402897,2.543859587611004,2.769920202142577,ZBTB17,1.0
GO_Molecular_Function_2021,magnesium ion binding (GO:0000287),4/146,0.3445189641278911,1.363043902047468,1.4524679535331744,HMGCL;MAP3K6;PINK1;RRAGC,1.0
GO_Molecular_Function_2021,nuclease activity (GO:0004518),2/60,0.3447755082947065,1.667463257633634,1.7756178831760823,DFFB;ZC3H12A,1.0
GO_Molecular_Function_2021,sialyltransferase activity (GO:0008373),1/21,0.3500787817899415,2.4165431514433786,2.536396584700136,ST3GAL3,1.0
GO_Molecular_Function_2021,bHLH transcription factor binding (GO:0043425),1/22,0.363286050151385,2.301352090148861,2.330267976422873,KDM1A,1.0
GO_Molecular_Function_2021,phospholipid transfer activity (GO:0120014),1/22,0.363286050151385,2.301352090148861,2.330267976422873,CPTP,1.0
GO_Molecular_Function_2021,adenylyltransferase activity (GO:0070566),1/22,0.363286050151385,2.301352090148861,2.330267976422873,NMNAT1,1.0
GO_Molecular_Function_2021,GABA receptor activity (GO:0016917),1/22,0.363286050151385,2.301352090148861,2.330267976422873,GABRD,1.0
GO_Molecular_Function_2021,K63-linked polyubiquitin modification-dependent protein binding (GO:0070530),1/22,0.363286050151385,2.301352090148861,2.330267976422873,FAAP20,1.0
GO_Molecular_Function_2021,mRNA 3'-UTR AU-rich region binding (GO:0035925),1/22,0.363286050151385,2.301352090148861,2.330267976422873,ZC3H12A,1.0
GO_Molecular_Function_2021,peptidase activator activity (GO:0016504),1/22,0.363286050151385,2.301352090148861,2.330267976422873,PINK1,1.0
GO_Molecular_Function_2021,TBP-class protein binding (GO:0017025),1/22,0.363286050151385,2.301352090148861,2.330267976422873,TAF12,1.0
GO_Molecular_Function_2021,protein kinase A regulatory subunit binding (GO:0034237),1/22,0.363286050151385,2.301352090148861,2.330267976422873,WASF2,1.0
GO_Molecular_Function_2021,syntaxin-1 binding (GO:0017075),1/22,0.363286050151385,2.301352090148861,2.330267976422873,VAMP3,1.0
GO_Molecular_Function_2021,mannosyltransferase activity (GO:0000030),1/22,0.363286050151385,2.301352090148861,2.330267976422873,PIGV,1.0
GO_Molecular_Function_2021,telomerase RNA binding (GO:0070034),1/22,0.363286050151385,2.301352090148861,2.330267976422873,EXOSC10,1.0
GO_Molecular_Function_2021,thiol-dependent deubiquitinase (GO:0004843),3/106,0.3648424444349713,1.408682420175314,1.4203599433829126,OTUD3;USP48;ZC3H12A,1.0
GO_Molecular_Function_2021,"DNA-binding transcription activator activity, RNA polymerase II-specific (GO:0001228)",8/333,0.36485548295161463,1.1917433027200177,1.20157988153522,FOXJ3;GMEB1;MTF1;NFYC;PRDM2;RLF;TP73;ZBTB17,1.0
GO_Molecular_Function_2021,methylation-dependent protein binding (GO:0140034),2/63,0.36684312586294004,1.5852134009503258,1.589685244004497,KDM4A;PHF13,1.0
GO_Molecular_Function_2021,GTPase activator activity (GO:0005096),8/336,0.3740672512267854,1.180659365481656,1.1609655913649475,ARHGEF10L;ARHGEF16;ASAP3;EIF2B3;ERRFI1;RAP1GAP;RCC1;SMAP2,1.0
GO_Molecular_Function_2021,phosphatidylinositol phospholipase C activity (GO:0004435),1/23,0.3762255768126393,2.1966329435174807,2.147354508526695,PLCH2,1.0
GO_Molecular_Function_2021,pyrophosphate hydrolysis-driven proton transmembrane transporter activity (GO:0009678),1/23,0.3762255768126393,2.1966329435174807,2.147354508526695,ATP6V0B,1.0
GO_Molecular_Function_2021,disordered domain specific binding (GO:0097718),1/23,0.3762255768126393,2.1966329435174807,2.147354508526695,DFFB,1.0
GO_Molecular_Function_2021,protein phosphatase 1 binding (GO:0008157),1/23,0.3762255768126393,2.1966329435174807,2.147354508526695,PHACTR4,1.0
GO_Molecular_Function_2021,"phosphatidylinositol-3,5-bisphosphate binding (GO:0080025)",1/24,0.38890277638284876,2.1010198096366555,1.9842575220700667,ATP13A2,1.0
GO_Molecular_Function_2021,nuclear localization sequence binding (GO:0008139),1/24,0.38890277638284876,2.1010198096366555,1.9842575220700667,KPNA6,1.0
GO_Molecular_Function_2021,deubiquitinase activity (GO:0101005),3/112,0.3978813861454617,1.3307304978601717,1.2264030138340456,OTUD3;USP48;ZC3H12A,1.0
GO_Molecular_Function_2021,phospholipase C activity (GO:0004629),1/25,0.4013229542357001,2.0133744369125655,1.8381883184660535,PLCH2,1.0
GO_Molecular_Function_2021,protein-cysteine S-palmitoyltransferase activity (GO:0019706),1/25,0.4013229542357001,2.0133744369125655,1.8381883184660535,ZDHHC18,1.0
GO_Molecular_Function_2021,NF-kappaB binding (GO:0051059),1/25,0.4013229542357001,2.0133744369125655,1.8381883184660535,HDAC1,1.0
GO_Molecular_Function_2021,methylated histone binding (GO:0035064),2/68,0.40294817954480944,1.4647464391414398,1.3313773386790626,KDM4A;PHF13,1.0
GO_Molecular_Function_2021,anion channel activity (GO:0005253),2/68,0.40294817954480944,1.4647464391414398,1.3313773386790626,CLIC4;GABRD,1.0
GO_Molecular_Function_2021,omega peptidase activity (GO:0008242),3/113,0.4033461207494495,1.3185652736200812,1.197204822809361,OTUD3;USP48;ZC3H12A,1.0
GO_Molecular_Function_2021,general transcription initiation factor binding (GO:0140296),1/26,0.4134913087078055,1.9327406940064027,1.7068396106737909,TAF12,1.0
GO_Molecular_Function_2021,neuropeptide hormone activity (GO:0005184),1/26,0.4134913087078055,1.9327406940064027,1.7068396106737909,CORT,1.0
GO_Molecular_Function_2021,androgen receptor binding (GO:0050681),1/27,0.42541293325294577,1.8583095467084063,1.5882878299103143,KDM1A,1.0
GO_Molecular_Function_2021,protein tyrosine kinase binding (GO:1990782),2/72,0.4311162145696749,1.3807637571946736,1.1617436766600513,ARHGEF16;KHDRBS1,1.0
GO_Molecular_Function_2021,transcription regulatory region nucleic acid binding (GO:0001067),5/212,0.43114982725300915,1.1677930491725805,0.9824638511345094,NFYC;PER3;SFPQ;TP73;ZBTB48,1.0
GO_Molecular_Function_2021,thyroid hormone receptor binding (GO:0046966),1/28,0.43709281855306586,1.7893918177287802,1.4809180379879783,THRAP3,1.0
GO_Molecular_Function_2021,"endoribonuclease activity, producing 5'-phosphomonoesters (GO:0016891)",1/28,0.43709281855306586,1.7893918177287802,1.4809180379879783,AGO3,1.0
GO_Molecular_Function_2021,sodium ion transmembrane transporter activity (GO:0015081),1/28,0.43709281855306586,1.7893918177287802,1.4809180379879783,SLC9A1,1.0
GO_Molecular_Function_2021,metallopeptidase activity (GO:0008237),3/121,0.44648346960771035,1.2286663283882269,0.9907386588786958,ECE1;MMP23B;ZMPSTE24,1.0
GO_Molecular_Function_2021,palmitoyltransferase activity (GO:0016409),1/29,0.44853585458688644,1.7253967836762698,1.3833656118351094,ZDHHC18,1.0
GO_Molecular_Function_2021,transcription corepressor binding (GO:0001222),1/29,0.44853585458688644,1.7253967836762698,1.3833656118351094,PER3,1.0
GO_Molecular_Function_2021,phospholipase A2 activity (GO:0004623),1/29,0.44853585458688644,1.7253967836762698,1.3833656118351094,PLA2G5,1.0
GO_Molecular_Function_2021,protein phosphatase inhibitor activity (GO:0004864),1/29,0.44853585458688644,1.7253967836762698,1.3833656118351094,PPP1R8,1.0
GO_Molecular_Function_2021,ubiquitin conjugating enzyme binding (GO:0031624),1/29,0.44853585458688644,1.7253967836762698,1.3833656118351094,RNF19B,1.0
GO_Molecular_Function_2021,protein kinase binding (GO:0019901),11/506,0.4516708839011373,1.0744866118976666,0.8540035679968149,CAMK2N1;CASP9;DVL1;ERRFI1;FGR;KHDRBS1;MAD2L2;PINK1;RCC2;SKI;TP73,1.0
GO_Molecular_Function_2021,"phosphatidylinositol-4,5-bisphosphate binding (GO:0005546)",2/75,0.4517723859576435,1.3238165961485788,1.051873950617009,LDLRAP1;SLC9A1,1.0
GO_Molecular_Function_2021,protein phosphatase binding (GO:0019903),3/123,0.4570791920951756,1.2080644867725936,0.9457920150229775,PHACTR4;RPA2;SLC9A1,1.0
GO_Molecular_Function_2021,endopeptidase activity (GO:0004175),7/315,0.4579134795938663,1.0985417821053554,0.8580435465129683,CASP9;DDI2;ECE1;MMP23B;PSMB2;USP48;ZMPSTE24,1.0
GO_Molecular_Function_2021,hormone activity (GO:0005179),2/78,0.471995823045005,1.271365263606123,0.9545221511357977,C1QTNF12;CORT,1.0
GO_Molecular_Function_2021,small GTPase binding (GO:0031267),4/175,0.4763705462413188,1.130196940842036,0.8381080173923667,ARHGEF16;RAP1GAP;RCC1;RCC2,1.0
GO_Molecular_Function_2021,SH2 domain binding (GO:0042169),1/32,0.4814912986137994,1.5581839527648724,1.1388254169310166,KHDRBS1,1.0
GO_Molecular_Function_2021,chemokine binding (GO:0019956),1/32,0.4814912986137994,1.5581839527648724,1.1388254169310166,PDPN,1.0
GO_Molecular_Function_2021,RNA polymerase II complex binding (GO:0000993),1/32,0.4814912986137994,1.5581839527648724,1.1388254169310166,AGO1,1.0
GO_Molecular_Function_2021,neutral amino acid transmembrane transporter activity (GO:0015175),1/32,0.4814912986137994,1.5581839527648724,1.1388254169310166,SLC6A9,1.0
GO_Molecular_Function_2021,potassium ion transmembrane transporter activity (GO:0015079),1/32,0.4814912986137994,1.5581839527648724,1.1388254169310166,KCNQ4,1.0
GO_Molecular_Function_2021,acetyltransferase activity (GO:0016407),1/32,0.4814912986137994,1.5581839527648724,1.1388254169310166,PAFAH2,1.0
GO_Molecular_Function_2021,beta-tubulin binding (GO:0048487),1/32,0.4814912986137994,1.5581839527648724,1.1388254169310166,PEX14,1.0
GO_Molecular_Function_2021,delayed rectifier potassium channel activity (GO:0005251),1/33,0.4920338934036032,1.5094135437490483,1.0704876712298748,KCNQ4,1.0
GO_Molecular_Function_2021,basal RNA polymerase II transcription machinery binding (GO:0001099),1/33,0.4920338934036032,1.5094135437490483,1.0704876712298748,AGO1,1.0
GO_Molecular_Function_2021,2-oxoglutarate-dependent dioxygenase activity (GO:0016706),1/33,0.4920338934036032,1.5094135437490483,1.0704876712298748,KDM4A,1.0
GO_Molecular_Function_2021,RNA polymerase core enzyme binding (GO:0043175),1/33,0.4920338934036032,1.5094135437490483,1.0704876712298748,AGO1,1.0
GO_Molecular_Function_2021,nucleoside-triphosphatase activity (GO:0017111),6/278,0.4973456488152145,1.0655514445009198,0.7442557431841358,GNB1;GNL2;GPN2;MFN2;RAP1GAP;RRAGC,1.0
GO_Molecular_Function_2021,frizzled binding (GO:0005109),1/34,0.502362647812284,1.4635989170978194,1.007589813930351,DVL1,1.0
GO_Molecular_Function_2021,NADH dehydrogenase (ubiquinone) activity (GO:0008137),1/35,0.5124818887713251,1.4204792684848984,0.9495760549042143,NDUFS5,1.0
GO_Molecular_Function_2021,non-membrane spanning protein tyrosine kinase activity (GO:0004715),1/35,0.5124818887713251,1.4204792684848984,0.9495760549042143,FGR,1.0
GO_Molecular_Function_2021,ubiquitin-like protein conjugating enzyme binding (GO:0044390),1/35,0.5124818887713251,1.4204792684848984,0.9495760549042143,RNF19B,1.0
GO_Molecular_Function_2021,estrogen receptor binding (GO:0030331),1/35,0.5124818887713251,1.4204792684848984,0.9495760549042143,PADI2,1.0
GO_Molecular_Function_2021,ubiquitin conjugating enzyme activity (GO:0061631),1/35,0.5124818887713251,1.4204792684848984,0.9495760549042143,UBE2J2,1.0
GO_Molecular_Function_2021,"catalytic activity, acting on a tRNA (GO:0140101)",1/35,0.5124818887713251,1.4204792684848984,0.9495760549042143,TRIT1,1.0
GO_Molecular_Function_2021,NADH dehydrogenase (quinone) activity (GO:0050136),1/35,0.5124818887713251,1.4204792684848984,0.9495760549042143,NDUFS5,1.0
GO_Molecular_Function_2021,GTPase regulator activity (GO:0030695),5/233,0.51306012847916,1.0590847184154402,0.7067931406785406,ARHGEF10L;ASAP3;ERRFI1;RAP1GAP;SMAP2,1.0
GO_Molecular_Function_2021,NADP binding (GO:0050661),1/36,0.5223958558716933,1.3798235997927155,0.8959603529216088,PGD,1.0
GO_Molecular_Function_2021,phosphoric diester hydrolase activity (GO:0008081),1/36,0.5223958558716933,1.3798235997927155,0.8959603529216088,SMPDL3B,1.0
GO_Molecular_Function_2021,cytokine receptor activity (GO:0004896),2/88,0.5360299903058571,1.1229564544743682,0.7002365295322959,CSF3R;IFNLR1,1.0
GO_Molecular_Function_2021,ubiquitin-like protein conjugating enzyme activity (GO:0061650),1/38,0.5416245006746325,1.3051050735476224,0.8002673579182176,UBE2J2,1.0
GO_Molecular_Function_2021,ATPase regulator activity (GO:0060590),1/38,0.5416245006746325,1.3051050735476224,0.8002673579182176,ATP5IF1,1.0
GO_Molecular_Function_2021,sodium channel activity (GO:0005272),1/38,0.5416245006746325,1.3051050735476224,0.8002673579182176,SCNN1D,1.0
GO_Molecular_Function_2021,signaling receptor complex adaptor activity (GO:0030159),1/39,0.5509472365090232,1.2706952259347508,0.7574820525522384,LDLRAP1,1.0
GO_Molecular_Function_2021,G protein-coupled receptor binding (GO:0001664),3/143,0.5575888924464457,1.0344203931551126,0.6042394392425982,CORT;DVL1;PTCH2,1.0
GO_Molecular_Function_2021,proton transmembrane transporter activity (GO:0015078),1/40,0.5600808180919766,1.23804998589177,0.7176656198349693,SLC9A1,1.0
GO_Molecular_Function_2021,carboxylic acid binding (GO:0031406),1/41,0.5690290739965186,1.207037007850938,0.6805561315596275,SESN2,1.0
GO_Molecular_Function_2021,signal sequence binding (GO:0005048),1/42,0.577795755491454,1.17753685800722,0.6459199884204812,KPNA6,1.0
GO_Molecular_Function_2021,carboxylic ester hydrolase activity (GO:0052689),2/96,0.583286181665852,1.0269643736742544,0.553613218141537,H6PD;PAFAH2,1.0
GO_Molecular_Function_2021,guanyl-nucleotide exchange factor activity (GO:0005085),3/149,0.5855000597875992,0.9916040413042269,0.530794729548117,ARHGEF16;EIF2B3;RCC1,1.0
GO_Molecular_Function_2021,protein kinase inhibitor activity (GO:0004860),1/43,0.5863845380984521,1.149441477203679,0.6135482926781658,CAMK2N1,1.0
GO_Molecular_Function_2021,S-adenosylmethionine-dependent methyltransferase activity (GO:0008757),1/43,0.5863845380984521,1.149441477203679,0.6135482926781658,ICMT,1.0
GO_Molecular_Function_2021,tubulin binding (GO:0015631),6/307,0.5942514763394855,0.9614451591864625,0.5003867178194178,KIF1B;MACO1;PEX14;RCC2;STMN1;SVBP,1.0
GO_Molecular_Function_2021,damaged DNA binding (GO:0003684),1/44,0.5947990231178454,1.1226528582979771,0.5832537555798458,RPA2,1.0
GO_Molecular_Function_2021,cyclin-dependent protein serine/threonine kinase regulator activity (GO:0016538),1/44,0.5947990231178454,1.1226528582979771,0.5832537555798458,CCNL2,1.0
GO_Molecular_Function_2021,copper ion binding (GO:0005507),1/45,0.6030427391237655,1.0970819038879889,0.5548680506880881,ATP13A2,1.0
GO_Molecular_Function_2021,metal ion binding (GO:0046872),10/517,0.6064021253402008,0.9506803502482948,0.4755416621383753,AGRN;EFHD2;HMGCL;MAN1C1;MAP3K6;PADI2;PINK1;PLA2G5;RRAGC;SDF4,1.0
GO_Molecular_Function_2021,channel activity (GO:0015267),1/46,0.6111191434292407,1.072647436340667,0.5282395406346738,PDPN,1.0
GO_Molecular_Function_2021,ribosome binding (GO:0043022),1/48,0.6267834984704764,1.0268977949754683,0.4797195105553678,ZC3H12A,1.0
GO_Molecular_Function_2021,cysteine-type endopeptidase activity (GO:0004197),2/105,0.6320993245041152,0.9367970550586137,0.4297169950360345,CASP9;USP48,1.0
GO_Molecular_Function_2021,potassium channel regulator activity (GO:0015459),1/50,0.6418183753616474,0.9848828182115101,0.43674620668751407,KCNAB2,1.0
GO_Molecular_Function_2021,protein homodimerization activity (GO:0042803),12/636,0.6429201595154481,0.9259078254845731,0.4090056443789459,ACOT7;ATP5IF1;ECE1;ENO1;GALE;MMACHC;PADI2;PPCS;RAP1GAP;SFPQ;SMIM1;SRM,1.0
GO_Molecular_Function_2021,polyubiquitin modification-dependent protein binding (GO:0031593),1/51,0.6491076856174456,0.96513577913245,0.41708984567593693,FAAP20,1.0
GO_Molecular_Function_2021,exopeptidase activity (GO:0008238),1/53,0.6632453455464855,0.9279202054834518,0.38101359732225565,ZMPSTE24,1.0
GO_Molecular_Function_2021,phosphoric ester hydrolase activity (GO:0042578),1/53,0.6632453455464855,0.9279202054834518,0.38101359732225565,SMPDL3B,1.0
GO_Molecular_Function_2021,ATP binding (GO:0005524),5/278,0.6686239056417181,0.8824550130251096,0.3552177498686086,CDK11A;CDK11B;MAP3K6;NOL9;PINK1,1.0
GO_Molecular_Function_2021,pyrophosphatase activity (GO:0016462),1/54,0.6700996288827328,0.9103656896112827,0.36444567493417185,ALPL,1.0
GO_Molecular_Function_2021,phosphatase binding (GO:0019902),2/114,0.67634025424016,0.861120912649058,0.33674907858342157,RCAN3;RPA2,1.0
GO_Molecular_Function_2021,metalloexopeptidase activity (GO:0008235),1/55,0.676814737208894,0.8934613409936385,0.3487695106169684,ZMPSTE24,1.0
GO_Molecular_Function_2021,hydro-lyase activity (GO:0016836),1/55,0.676814737208894,0.8934613409936385,0.3487695106169684,ENO1,1.0
GO_Molecular_Function_2021,receptor tyrosine kinase binding (GO:0030971),1/56,0.6833934896126639,0.8771716959620907,0.3339256385036218,ARHGEF16,1.0
GO_Molecular_Function_2021,microtubule motor activity (GO:0003777),1/56,0.6833934896126639,0.8771716959620907,0.3339256385036218,KIF1B,1.0
GO_Molecular_Function_2021,secondary active transmembrane transporter activity (GO:0015291),1/56,0.6833934896126639,0.8771716959620907,0.3339256385036218,MFSD2A,1.0
GO_Molecular_Function_2021,carboxylic acid transmembrane transporter activity (GO:0046943),1/57,0.6898386482176202,0.8614638239673836,0.31985940888887787,PDPN,1.0
GO_Molecular_Function_2021,"hydrolase activity, acting on carbon-nitrogen (but not peptide) bonds, in linear amides (GO:0016811)",1/57,0.6898386482176202,0.8614638239673836,0.31985940888887787,HDAC1,1.0
GO_Molecular_Function_2021,oxidoreduction-driven active transmembrane transporter activity (GO:0015453),1/58,0.696152919331477,0.8463071053759995,0.3065205269551518,NDUFS5,1.0
GO_Molecular_Function_2021,hexosyltransferase activity (GO:0016758),2/119,0.6989947894569704,0.824109314034698,0.29512342729839364,B4GALT2;PIGV,1.0
GO_Molecular_Function_2021,calcium ion binding (GO:0005509),6/348,0.7123612736477518,0.8443859442412286,0.2863904562376281,AGRN;EFHD2;MAN1C1;PADI2;PLA2G5;SDF4,1.0
GO_Molecular_Function_2021,protein serine/threonine phosphatase activity (GO:0004722),1/62,0.7201533638540298,0.7906496469420651,0.2595632298973152,SSU72,1.0
GO_Molecular_Function_2021,syntaxin binding (GO:0019905),1/62,0.7201533638540298,0.7906496469420651,0.2595632298973152,VAMP3,1.0
GO_Molecular_Function_2021,kinase binding (GO:0019900),8/461,0.7219239671011259,0.8493238612075994,0.2767398262144035,CAMK2N1;CASP9;DVL1;ERRFI1;FGR;RCC2;SKI;TP73,1.0
GO_Molecular_Function_2021,PDZ domain binding (GO:0030165),1/63,0.7258519160796926,0.7778574085116848,0.24923271455006946,ARHGEF16,1.0
GO_Molecular_Function_2021,protein heterodimerization activity (GO:0046982),3/188,0.738090786088345,0.7809938781458162,0.23717881685198194,PEF1;RCC1;RRAGC,1.0
GO_Molecular_Function_2021,motor activity (GO:0003774),1/66,0.742262346829305,0.7418423372384608,0.22110798632778064,KIF1B,1.0
GO_Molecular_Function_2021,adenyl ribonucleotide binding (GO:0032559),5/306,0.7472279868918537,0.7992062836628453,0.23287667267789386,CDK11A;CDK11B;MAP3K6;NOL9;PINK1,1.0
GO_Molecular_Function_2021,GDP binding (GO:0019003),1/67,0.7475117441999934,0.7305648906781583,0.2125982278116566,RRAGC,1.0
GO_Molecular_Function_2021,ATPase binding (GO:0051117),1/73,0.7768424714915736,0.6694787218098532,0.16905521937285392,ATP5IF1,1.0
GO_Molecular_Function_2021,RNA polymerase II transcription regulatory region sequence-specific DNA binding (GO:0000977),24/1359,0.789704244816441,0.859297583717429,0.2028773902285354,ENO1;FOXJ3;GMEB1;HDAC1;HES4;HEYL;HIVEP3;MED8;MTF1;NFYC;PRDM2;SKI;TFAP2E;THRAP3;TP73;ZBTB17;ZBTB40;ZBTB48;ZBTB8A;ZFP69;ZNF362;ZNF436;ZNF684;ZNF691,1.0
GO_Molecular_Function_2021,"acyltransferase activity, transferring groups other than amino-acyl groups (GO:0016747)",1/76,0.7902071876334547,0.642600807507799,0.15130685365950441,ZDHHC18,1.0
GO_Molecular_Function_2021,phosphatase activity (GO:0016791),1/79,0.8027733553138734,0.6177904250751336,0.13571796270689818,ALPL,1.0
GO_Molecular_Function_2021,ligand-gated cation channel activity (GO:0099094),1/80,0.8067929335349752,0.6099390382293534,0.1309467334850022,SCNN1D,1.0
GO_Molecular_Function_2021,voltage-gated potassium channel activity (GO:0005249),1/82,0.8145885774447112,0.5948178487485914,0.12198054902056964,KCNQ4,1.0
GO_Molecular_Function_2021,UDP-glycosyltransferase activity (GO:0008194),1/84,0.8220704211362273,0.5804253912909988,0.11372229250840384,B3GALT6,1.0
GO_Molecular_Function_2021,purine ribonucleoside triphosphate binding (GO:0035639),7/460,0.8281906161193086,0.7412958262761203,0.13974311312970858,CDK11A;CDK11B;GNL2;MAP3K6;NOL9;PINK1;RRAGC,1.0
GO_Molecular_Function_2021,growth factor activity (GO:0008083),1/87,0.8327322385617909,0.5600918612782371,0.10252096781932794,ARTN,1.0
GO_Molecular_Function_2021,potassium channel activity (GO:0005267),1/91,0.8459631312357727,0.535089150299582,0.08950944574501184,KCNQ4,1.0
GO_Molecular_Function_2021,phosphatidylinositol binding (GO:0035091),1/92,0.8491043723186134,0.5291819163870426,0.08655996073028323,EPB41,1.0
GO_Molecular_Function_2021,sequence-specific double-stranded DNA binding (GO:1990837),11/712,0.8597337810854213,0.7505480230724945,0.11343219499497348,FOXJ3;GMEB1;MTF1;NFYC;PER3;SFPQ;TFAP2E;TP73;YBX1;ZBTB48;ZNF684,1.0
GO_Molecular_Function_2021,single-stranded DNA binding (GO:0003697),1/97,0.8638775635692496,0.5014917574220142,0.0733803947805145,RPA2,1.0
GO_Molecular_Function_2021,voltage-gated cation channel activity (GO:0022843),1/97,0.8638775635692496,0.5014917574220142,0.0733803947805145,KCNQ4,1.0
GO_Molecular_Function_2021,cation channel activity (GO:0005261),1/98,0.8666543162794382,0.49629628429661715,0.07102748947276744,KCNQ4,1.0
GO_Molecular_Function_2021,protein kinase regulator activity (GO:0019887),1/98,0.8666543162794382,0.49629628429661715,0.07102748947276744,CCNL2,1.0
GO_Molecular_Function_2021,receptor ligand activity (GO:0048018),4/307,0.8729108077351078,0.6334991553823094,0.0861064062536685,ARTN;BMP8A;C1QTNF12;NBL1,1.0
GO_Molecular_Function_2021,GTP binding (GO:0005525),2/189,0.8991860301405139,0.5137660700383525,0.054595523975388506,GNL2;RRAGC,1.0
GO_Molecular_Function_2021,protease binding (GO:0002020),1/118,0.9117187550373725,0.41103723813625476,0.03798959023795356,PINK1,1.0
GO_Molecular_Function_2021,double-stranded DNA binding (GO:0003690),9/651,0.9154727276747068,0.669224776923409,0.05910238865420012,CAMTA1;CENPS;FOXJ3;GMEB1;MTF1;TFAP2E;YBX1;ZBTB48;ZNF684,1.0
GO_Molecular_Function_2021,guanyl ribonucleotide binding (GO:0032561),2/214,0.9335323681230872,0.452596663792442,0.031129436805377705,GNL2;RRAGC,1.0
GO_Molecular_Function_2021,RNA polymerase II cis-regulatory region sequence-specific DNA binding (GO:0000978),17/1149,0.9349342975280024,0.7127408143145285,0.04795250505915598,FOXJ3;GMEB1;HDAC1;HES4;HEYL;HIVEP3;MED8;MTF1;NFYC;SKI;THRAP3;TP73;ZBTB17;ZBTB40;ZBTB48;ZNF362;ZNF691,1.0
GO_Molecular_Function_2021,cis-regulatory region sequence-specific DNA binding (GO:0000987),17/1149,0.9349342975280024,0.7127408143145285,0.04795250505915598,FOXJ3;GMEB1;HDAC1;HES4;HEYL;HIVEP3;MED8;MTF1;NFYC;SKI;THRAP3;TP73;ZBTB17;ZBTB40;ZBTB48;ZNF362;ZNF691,1.0
GO_Molecular_Function_2021,cytokine activity (GO:0005125),1/173,0.9716616671039763,0.27881136276836715,0.008015161498809575,BMP8A,1.0
GO_Molecular_Function_2021,sequence-specific DNA binding (GO:0043565),8/707,0.9768966496456998,0.5433461883164397,0.012700399787007745,FOXJ3;GMEB1;KDM1A;MTF1;PRDM2;TFAP2E;YBX1;ZNF684,1.0
GO_Molecular_Function_2021,G protein-coupled receptor activity (GO:0004930),2/283,0.9799007215035886,0.3402452262421243,0.006908344870496977,ADGRB2;GPR3,1.0
MSigDB_Hallmark_2020,Glycolysis,10/200,0.007921683798117508,2.5789473046252014,12.477337757346042,AGRN;AKR1A1;ARTN;B3GALT6;B4GALT2;ENO1;GALE;PLOD1;SDC3;STMN1,0.35647577091528787
MSigDB_Hallmark_2020,Protein Secretion,5/96,0.0459360469448431,2.672302694313791,8.232042168478987,KIF1B;PPT1;RER1;STX12;VAMP3,1.0
MSigDB_Hallmark_2020,Pperoxisome,5/104,0.06080846900826151,2.4553514602181936,6.875048435543375,CTPS1;DHRS3;HMGCL;PEX14;PRDX1,1.0
MSigDB_Hallmark_2020,TGF-beta Signaling,3/54,0.09669158228494422,2.8525761969146184,6.664271036562777,HDAC1;ID3;SKI,1.0
MSigDB_Hallmark_2020,Myc Targets V2,3/58,0.11356817193946636,2.6445747157899353,5.752880866839084,MAP3K6;MRTO4;SRM,1.0
MSigDB_Hallmark_2020,DNA Repair,5/150,0.19003933796650108,1.6724567482145967,2.777154880989311,AGO4;ELOA;RPA2;SF3A3;TAF12,1.0
MSigDB_Hallmark_2020,Hypoxia,6/200,0.22200140530720927,1.4999999632731968,2.2576072950993846,B3GALT6;ENO1;ERRFI1;SDC3;SLC2A1;SLC2A5,1.0
MSigDB_Hallmark_2020,heme Metabolism,6/200,0.22200140530720927,1.4999999632731968,2.2576072950993846,EPB41;ERMAP;RAP1GAP;SLC2A1;SLC6A9;UROD,1.0
MSigDB_Hallmark_2020,p53 Pathway,5/200,0.38303524283411555,1.240424549282846,1.190346471973577,EPHA2;FUCA1;PLK3;RNF19B;WRAP73,1.0
MSigDB_Hallmark_2020,Myc Targets V1,5/200,0.38303524283411555,1.240424549282846,1.190346471973577,CTPS1;HNRNPR;PABPC4;PSMB2;SRM,1.0
MSigDB_Hallmark_2020,Epithelial Mesenchymal Transition,5/200,0.38303524283411555,1.240424549282846,1.190346471973577,COL16A1;COL8A2;FUCA1;P3H1;PLOD1,1.0
MSigDB_Hallmark_2020,KRAS Signaling Up,5/200,0.38303524283411555,1.240424549282846,1.190346471973577,EPHB2;FUCA1;LAPTM5;TNFRSF1B;YRDC,1.0
MSigDB_Hallmark_2020,Cholesterol Homeostasis,2/74,0.4449338635760446,1.3422716946357391,1.0870113885357986,ERRFI1;FBXO6,1.0
MSigDB_Hallmark_2020,Notch Signaling,1/32,0.4814912986137994,1.5581839527648724,1.1388254169310166,HEYL,1.0
MSigDB_Hallmark_2020,IL-6/JAK/STAT3 Signaling,2/87,0.5298702399191609,1.136225947996737,0.7216433836069509,CSF3R;TNFRSF1B,1.0
MSigDB_Hallmark_2020,Coagulation,3/138,0.5334904407126787,1.073007969514553,0.6741860650557234,C1QA;CASP9;PEF1,1.0
MSigDB_Hallmark_2020,UV Response Dn,3/144,0.5623184058851056,1.0270312827884112,0.5912485899404927,PEX14;PIK3CD;PRDM2,1.0
MSigDB_Hallmark_2020,Mitotic Spindle,4/199,0.5773073457062825,0.9898711329219454,0.5438158907654572,CAPZB;EPB41;KIF1B;WASF2,1.0
MSigDB_Hallmark_2020,Xenobiotic Metabolism,4/200,0.5812720824995923,0.9847700034248502,0.5342735049358824,EPHA2;PGD;PINK1;RAP1GAP,1.0
MSigDB_Hallmark_2020,G2-M Checkpoint,4/200,0.5812720824995923,0.9847700034248502,0.5342735049358824,RPA2;SFPQ;SRSF10;STMN1,1.0
MSigDB_Hallmark_2020,Apical Junction,4/200,0.5812720824995923,0.9847700034248502,0.5342735049358824,CAP1;COL16A1;LDLRAP1;SDC3,1.0
MSigDB_Hallmark_2020,TNF-alpha Signaling via NF-kB,4/200,0.5812720824995923,0.9847700034248502,0.5342735049358824,RNF19B;SPSB1;YRDC;ZC3H12A,1.0
MSigDB_Hallmark_2020,Estrogen Response Early,4/200,0.5812720824995923,0.9847700034248502,0.5342735049358824,DHRS3;KAZN;NBL1;SLC2A1,1.0
MSigDB_Hallmark_2020,E2F Targets,4/200,0.5812720824995923,0.9847700034248502,0.5342735049358824,CTPS1;PPP1R8;RPA2;STMN1,1.0
MSigDB_Hallmark_2020,Inflammatory Response,4/200,0.5812720824995923,0.9847700034248502,0.5342735049358824,CSF3R;KIF1B;PDPN;TNFRSF1B,1.0
MSigDB_Hallmark_2020,mTORC1 Signaling,4/200,0.5812720824995923,0.9847700034248502,0.5342735049358824,ENO1;NFYC;PRDX1;SLC2A1,1.0
MSigDB_Hallmark_2020,Apical Surface,1/44,0.5947990231178454,1.1226528582979771,0.5832537555798458,CROCC,1.0
MSigDB_Hallmark_2020,Reactive Oxygen Species Pathway,1/49,0.6343780203039258,1.0054526505855312,0.45759181289527556,PRDX1,1.0
MSigDB_Hallmark_2020,Apoptosis,3/161,0.6378479007803679,0.9157269620748093,0.41176159548232383,CASP9;DFFA;PPT1,1.0
MSigDB_Hallmark_2020,Unfolded Protein Response,2/113,0.6716465056331293,0.8689233577623555,0.34585157733600497,EXOSC10;ZBTB17,1.0
MSigDB_Hallmark_2020,Spermatogenesis,2/135,0.7627796659868649,0.7243727956633698,0.19615005725117332,MTOR;SLC2A5,1.0
MSigDB_Hallmark_2020,IL-2/STAT5 Signaling,3/199,0.7721107036326406,0.7367448040965741,0.19054234949492346,DHRS3;TNFRSF18;TNFRSF1B,1.0
MSigDB_Hallmark_2020,Estrogen Response Late,3/200,0.775016875528068,0.7329671950983693,0.18681169716749216,GALE;GJB3;NBL1,1.0
MSigDB_Hallmark_2020,Oxidative Phosphorylation,3/200,0.775016875528068,0.7329671950983693,0.18681169716749216,ATP6V0B;MFN2;SDHB,1.0
MSigDB_Hallmark_2020,Complement,3/200,0.775016875528068,0.7329671950983693,0.18681169716749216,C1QA;C1QC;CASP9,1.0
MSigDB_Hallmark_2020,UV Response Up,2/158,0.8338119605491519,0.6168443617942815,0.11210983984620097,PPT1;UROD,1.0
MSigDB_Hallmark_2020,Fatty Acid Metabolism,2/158,0.8338119605491519,0.6168443617942815,0.11210983984620097,HMGCL;UROD,1.0
MSigDB_Hallmark_2020,Interferon Alpha Response,1/97,0.8638775635692496,0.5014917574220142,0.0733803947805145,ISG15,1.0
MSigDB_Hallmark_2020,Androgen Response,1/100,0.8720394504344988,0.48622021520493797,0.06657357078070049,TMEM50A,1.0
MSigDB_Hallmark_2020,PI3K/AKT/mTOR  Signaling,1/105,0.8845720514260336,0.46272553487097445,0.05675389239151245,SLC2A1,1.0
MSigDB_Hallmark_2020,Interferon Gamma Response,2/200,0.915958510330548,0.4849484830958346,0.04257081934968459,ISG15;PSMB2,1.0
MSigDB_Hallmark_2020,Myogenesis,2/200,0.915958510330548,0.4849484830958346,0.04257081934968459,AGRN;FABP3,1.0
MSigDB_Hallmark_2020,Adipogenesis,2/200,0.915958510330548,0.4849484830958346,0.04257081934968459,PEX14;SDHB,1.0
MSigDB_Hallmark_2020,Allograft Rejection,2/200,0.915958510330548,0.4849484830958346,0.04257081934968459,EIF4G3;FGR,1.0
MSigDB_Hallmark_2020,KRAS Signaling Dn,2/200,0.915958510330548,0.4849484830958346,0.04257081934968459,GPR3;MTHFR,1.0
