Gene_set,Term,Overlap,P-value,Odds Ratio,Combined Score,Genes,Adjusted P-value
Reactome_2022,PTEN Regulation R-HSA-6807070,12/139,2.728398370325133e-05,4.668531799651557,49.06258436756605,AGO1;AGO3;AGO4;HDAC1;KDM1A;MTOR;OTUD3;PHC2;PSMB2;RBBP4;RRAGC;SCMH1,0.022018174848523822
Reactome_2022,Classical Antibody-Mediated Complement Activation R-HSA-173623,3/6,0.00015868801957796968,48.61290204434487,425.293397063444,C1QA;C1QB;C1QC,0.12806123179942153
Reactome_2022,Regulation Of PTEN Gene Transcription R-HSA-8943724,7/61,0.0002289637622406266,6.34827794680822,53.21092808789737,HDAC1;KDM1A;MTOR;PHC2;RBBP4;RRAGC;SCMH1,0.18477375612818567
Reactome_2022,Post-transcriptional Silencing By Small RNAs R-HSA-426496,3/7,0.00027351903067879236,36.45781549112121,299.1049989231875,AGO1;AGO3;AGO4,0.22072985775778545
Reactome_2022,Metabolism Of Vitamins And Cofactors R-HSA-196854,12/186,0.00043533261743593026,3.399264750062421,26.30827022283849,AGRN;HSPG2;LDLRAP1;MMACHC;MTHFR;NADK;NMNAT1;PANK4;PPCS;SDC3;SLC2A1;UBIAD1,0.3513134222707957
Reactome_2022,Defective B3GALT6 Causes EDSP2 And SEMDJL1 R-HSA-4420332,4/20,0.0006264124056022181,12.175372837677294,89.79948195301431,AGRN;B3GALT6;HSPG2;SDC3,0.50551481132099
Reactome_2022,Small Interfering RNA (siRNA) Biogenesis R-HSA-426486,3/9,0.0006368386518677125,24.302728937897548,178.843641984617,AGO1;AGO3;AGO4,0.513928792057244
Reactome_2022,NR1H3 And NR1H2 Regulate Gene Expression Linked To Cholesterol Transport And Efflux R-HSA-9029569,5/36,0.0007550367386109594,7.868634672248673,56.565601464569845,AGO1;AGO3;AGO4;KDM1A;KDM4A,0.6093146480590442
Reactome_2022,Competing Endogenous RNAs (ceRNAs) Regulate PTEN Translation R-HSA-8948700,3/10,0.0008961004327387058,20.82984706554793,146.1725782028529,AGO1;AGO3;AGO4,0.7231530492201356
Reactome_2022,Regulation Of PTEN mRNA Translation R-HSA-8943723,3/11,0.0012136442360103502,18.225185661285717,122.36622352803244,AGO1;AGO3;AGO4,0.9794108984603526
Reactome_2022,mRNA Splicing - Major Pathway R-HSA-72163,11/181,0.0012173738599418392,3.18189120924475,21.353860636482132,DNAJC8;HNRNPR;PPIE;PPIH;SF3A3;SNRNP40;SRRM1;SRSF10;SRSF4;SYF2;YBX1,0.9824207049730642
Reactome_2022,PIP3 Activates AKT Signaling R-HSA-1257604,14/268,0.0012254666990701303,2.7193475135872704,18.231684646297463,AGO1;AGO3;AGO4;CASP9;CLSTN1;HDAC1;KDM1A;MTOR;OTUD3;PHC2;PSMB2;RBBP4;RRAGC;SCMH1,0.9889516261495951
Reactome_2022,Diseases Associated With Glycosaminoglycan Metabolism R-HSA-3560782,5/40,0.0012332223958511279,6.967937129406628,46.67211180396604,AGRN;B3GALT6;HSPG2;SDC3;ST3GAL3,0.9952104734518602
Reactome_2022,TP53 Regulates Metabolic Genes R-HSA-5628897,7/81,0.0012908089776467655,4.627785566803451,30.786279354579523,AGO1;AGO3;AGO4;MTOR;PRDX1;RRAGC;SESN2,1.0
Reactome_2022,mRNA Splicing R-HSA-72172,11/189,0.0017204695544886235,3.037633262736635,19.33501575030314,DNAJC8;HNRNPR;PPIE;PPIH;SF3A3;SNRNP40;SRRM1;SRSF10;SRSF4;SYF2;YBX1,1.0
Reactome_2022,GAG Synthesis Requires Tetrasaccharide Linker Sequence R-HSA-1971475,4/26,0.0017558185009506379,8.852102905081114,56.16500086856025,AGRN;B3GALT6;HSPG2;SDC3,1.0
Reactome_2022,"Defective EXT1 Causes Exostoses 1, TRPS2 And CHDS R-HSA-3656253",3/13,0.002041069099331557,14.578659695318619,90.30432263013492,AGRN;HSPG2;SDC3,1.0
Reactome_2022,NR1H2 And NR1H3-mediated Signaling R-HSA-9024446,5/46,0.002326180048791467,5.946414306427234,36.056248581226505,AGO1;AGO3;AGO4;KDM1A;KDM4A,1.0
Reactome_2022,Transcriptional Regulation By TP53 R-HSA-3700989,16/354,0.0025250815822181814,2.337247703384181,13.980204849939373,AGO1;AGO3;AGO4;ARTN;ELOA;HDAC1;MEAF6;MTOR;NOC2L;PLK3;PRDX1;RBBP4;RRAGC;SESN2;TAF12;TP73,1.0
Reactome_2022,Creation Of C4 And C2 Activators R-HSA-166786,3/14,0.0025588528729155796,13.252650253148765,79.09441711180325,C1QA;C1QB;C1QC,1.0
Reactome_2022,TNFs Bind Their Physiological Receptors R-HSA-5669034,4/29,0.002659025246748158,7.788656526650335,46.185141761940976,TNFRSF14;TNFRSF18;TNFRSF1B;TNFRSF25,1.0
Reactome_2022,Regulation Of MECP2 Expression And Activity R-HSA-9022692,4/31,0.0034121484173209376,7.21098195071263,40.961356709281596,AGO1;AGO3;AGO4;HDAC1,1.0
Reactome_2022,Metabolism Of Water-Soluble Vitamins And Cofactors R-HSA-196849,8/122,0.003471942152526598,3.4347173623473113,19.450945739133342,LDLRAP1;MMACHC;MTHFR;NADK;NMNAT1;PANK4;PPCS;SLC2A1,1.0
Reactome_2022,Intracellular Signaling By Second Messengers R-HSA-9006925,14/306,0.004115178429316044,2.3608120740707013,12.968113263019745,AGO1;AGO3;AGO4;CASP9;CLSTN1;HDAC1;KDM1A;MTOR;OTUD3;PHC2;PSMB2;RBBP4;RRAGC;SCMH1,1.0
Reactome_2022,Regulation Of RUNX1 Expression And Activity R-HSA-8934593,3/17,0.0045693086794188036,10.41120144849908,56.099648746062805,AGO1;AGO3;AGO4,1.0
Reactome_2022,Regulation Of TP53 Activity R-HSA-5633007,9/157,0.0048598018332491,2.9786574253112366,15.86658612856869,ARTN;HDAC1;MEAF6;MTOR;NOC2L;PLK3;RBBP4;TAF12;TP73,1.0
Reactome_2022,Amino Acids Regulate mTORC1 R-HSA-9639288,5/55,0.005089524751675273,4.87381534229887,25.736527087390474,ATP6V0B;MTOR;RRAGC;SESN2;SZT2,1.0
Reactome_2022,Defective B3GAT3 Causes JDSSDHD R-HSA-3560801,3/20,0.007323284757840273,8.572616927843399,42.14895405261704,AGRN;HSPG2;SDC3,1.0
Reactome_2022,"Defective B4GALT7 Causes EDS, Progeroid Type R-HSA-3560783",3/20,0.007323284757840273,8.572616927843399,42.14895405261704,AGRN;HSPG2;SDC3,1.0
Reactome_2022,HS-GAG Degradation R-HSA-2024096,3/21,0.008416917307387863,8.095946866932668,38.678480339159734,AGRN;HSPG2;SDC3,1.0
Reactome_2022,Initial Triggering Of Complement R-HSA-166663,3/21,0.008416917307387863,8.095946866932668,38.678480339159734,C1QA;C1QB;C1QC,1.0
Reactome_2022,Transcriptional Regulation By RUNX1 R-HSA-8878171,10/204,0.009040320568936507,2.5252524627852004,11.883991231381371,AGO1;AGO3;AGO4;ARID1A;HDAC1;PHC2;PSMB2;SCMH1;TNFRSF18;TP73,1.0
Reactome_2022,Coenzyme A Biosynthesis R-HSA-196783,2/8,0.01061492331351352,16.161715779825517,73.46298870417887,PANK4;PPCS,1.0
Reactome_2022,Processing Of Capped Intron-Containing Pre-mRNA R-HSA-72203,11/242,0.010847142179474455,2.334297711850209,10.560021170920345,DNAJC8;HNRNPR;PPIE;PPIH;SF3A3;SNRNP40;SRRM1;SRSF10;SRSF4;SYF2;YBX1,1.0
Reactome_2022,RNA Polymerase II Transcription R-HSA-73857,39/1312,0.010959956381255291,1.5293937188876028,6.902929221211331,AGO1;AGO3;AGO4;ARID1A;ARTN;CITED4;DMAP1;ELOA;HDAC1;HIVEP3;INTS11;LSM10;MEAF6;MED8;MTOR;NFYC;NOC2L;PHC2;PINK1;PLK3;PRDX1;PSMB2;RBBP4;RRAGC;SCMH1;SESN2;SKI;SRRM1;SRSF4;SSU72;TAF12;TFAP2E;TNFRSF18;TP73;YBX1;ZFP69;ZNF436;ZNF684;ZNF691,1.0
Reactome_2022,Glycosaminoglycan Metabolism R-HSA-1630316,7/120,0.011315330292749762,3.024530278179537,13.554725245301874,AGRN;B3GALT6;B4GALT2;HSPG2;SDC3;SLC9A1;ST3GAL3,1.0
Reactome_2022,Collagen Biosynthesis And Modifying Enzymes R-HSA-1650814,5/67,0.011606861631989186,3.928082922314721,17.504161421830084,COL16A1;COL8A2;COL9A2;P3H1;PLOD1,1.0
Reactome_2022,Oxidative Stress Induced Senescence R-HSA-2559580,6/93,0.011691937144907308,3.3632757797112087,14.962728985308498,AGO1;AGO3;AGO4;PHC2;RBBP4;SCMH1,1.0
Reactome_2022,Other Interleukin Signaling R-HSA-449836,3/24,0.012247709569380873,6.938319576149462,30.545371428397793,CSF3R;IFNLR1;TXLNA,1.0
Reactome_2022,MicroRNA (miRNA) Biogenesis R-HSA-203927,3/24,0.012247709569380873,6.938319576149462,30.545371428397793,AGO1;AGO3;AGO4,1.0
Reactome_2022,Metabolism Of Fat-Soluble Vitamins R-HSA-6806667,4/47,0.015014874096929254,4.524123457979111,18.99550033215307,AGRN;HSPG2;SDC3;UBIAD1,1.0
Reactome_2022,Ketone Body Metabolism R-HSA-74182,2/10,0.016608230698580723,12.120049211137395,49.66622706136711,HMGCL;OXCT2,1.0
Reactome_2022,Chondroitin Sulfate/Dermatan Sulfate Metabolism R-HSA-1793185,4/50,0.0184940688235345,4.228422998860341,16.87269829045062,AGRN;B3GALT6;HSPG2;SDC3,1.0
Reactome_2022,Regulation Of TP53 Activity Thru Acetylation R-HSA-6804758,3/29,0.02052700748819854,5.602595779091917,21.771764633546383,HDAC1;MEAF6;RBBP4,1.0
Reactome_2022,Heparan Sulfate/Heparin (HS-GAG) Metabolism R-HSA-1638091,4/53,0.022434766443644814,3.968930759225502,15.070599435758327,AGRN;B3GALT6;HSPG2;SDC3,1.0
Reactome_2022,HS-GAG Biosynthesis R-HSA-2022928,3/30,0.022472276330802003,5.394816521771855,20.47587986885073,AGRN;HSPG2;SDC3,1.0
Reactome_2022,Signaling By NOTCH R-HSA-157118,9/203,0.023229086184706402,2.267002462956909,8.529256876773982,AGO1;AGO3;AGO4;HDAC1;HEYL;MIB2;PSMB2;ST3GAL3;YBX1,1.0
Reactome_2022,Antigen Processing: Ubiquitination And Proteasome Degradation R-HSA-983168,12/307,0.023573030260400325,1.9924975844629798,7.467187569371066,FBXO2;FBXO44;FBXO6;HECTD3;KLHL21;MIB2;PSMB2;RNF19B;RNF220;SPSB1;UBE2J2;UBR4,1.0
Reactome_2022,Activation Of TFAP2 (AP-2) Family Of Transcription Factors R-HSA-8866907,2/12,0.02371631416956426,9.695049269924523,36.27491981629173,CITED4;TFAP2E,1.0
Reactome_2022,Diseases Of Glycosylation R-HSA-3781865,7/143,0.0269211986122786,2.510061857885815,9.073475144498477,AGRN;B3GALT6;DHDDS;GALE;HSPG2;SDC3;ST3GAL3,1.0
Reactome_2022,Apoptosis Induced DNA Fragmentation R-HSA-140342,2/13,0.02765726781869747,8.813231109483478,31.620698725293106,DFFA;DFFB,1.0
Reactome_2022,Oncogene Induced Senescence R-HSA-2559585,3/33,0.028888860859607582,4.854590452739692,17.206121036358436,AGO1;AGO3;AGO4,1.0
Reactome_2022,Metabolism Of Carbohydrates R-HSA-71387,11/285,0.03181503098309034,1.9635959967638084,6.770118536473394,AGRN;AKR1A1;B3GALT6;B4GALT2;ENO1;GALE;HSPG2;SDC3;SLC2A1;SLC9A1;ST3GAL3,1.0
Reactome_2022,Transcriptional Regulation By MECP2 R-HSA-8986944,4/60,0.03349197524108615,3.4715706332587266,11.791014042605129,AGO1;AGO3;AGO4;HDAC1,1.0
Reactome_2022,RUNX1 Interacts With Co-Factors Whose Precise Effect On RUNX1 Targets Is Not Known R-HSA-8939243,3/35,0.03364795266898174,4.5507132889091,15.435123288878323,ARID1A;PHC2;SCMH1,1.0
Reactome_2022,Ca2+ Pathway R-HSA-4086398,4/61,0.03528879231361478,3.4104913195435085,11.40533050089723,AGO1;AGO3;AGO4;GNB1,1.0
Reactome_2022,Diseases Associated With Glycosylation Precursor Biosynthesis R-HSA-5609975,2/15,0.03625411909852887,7.456587785728026,24.735009957849513,DHDDS;GALE,1.0
Reactome_2022,Collagen Formation R-HSA-1474290,5/90,0.03637279918585522,2.861815978214946,9.48386944023172,COL16A1;COL8A2;COL9A2;P3H1;PLOD1,1.0
Reactome_2022,Early SARS-CoV-2 Infection Events R-HSA-9772572,3/37,0.03878753506616667,4.282586379646814,13.916934002270452,AGRN;HSPG2;SDC3,1.0
Reactome_2022,NCAM1 Interactions R-HSA-419037,3/37,0.03878753506616667,4.282586379646814,13.916934002270452,AGRN;ARTN;COL9A2,1.0
Reactome_2022,Transcription Of E2F Targets Under Negative Control By P107 (RBL1) And P130 (RBL2) In Complex With HDAC1 R-HSA-1362300,2/16,0.040887572817469076,6.92362076568124,22.13432473915053,HDAC1;RBBP4,1.0
Reactome_2022,Gap Junction Assembly R-HSA-190861,2/16,0.040887572817469076,6.92362076568124,22.13432473915053,GJA4;GJB3,1.0
Reactome_2022,FOXO-mediated Transcription Of Cell Death Genes R-HSA-9614657,2/16,0.040887572817469076,6.92362076568124,22.13432473915053,NFYC;PINK1,1.0
Reactome_2022,SUMOylation Of DNA Methylation Proteins R-HSA-4655427,2/16,0.040887572817469076,6.92362076568124,22.13432473915053,PHC2;SCMH1,1.0
Reactome_2022,Generic Transcription Pathway R-HSA-212436,33/1190,0.04319444019660944,1.4098145662338475,4.429698681587566,AGO1;AGO3;AGO4;ARID1A;ARTN;CITED4;ELOA;HDAC1;HIVEP3;MEAF6;MED8;MTOR;NFYC;NOC2L;PHC2;PINK1;PLK3;PRDX1;PSMB2;RBBP4;RRAGC;SCMH1;SESN2;SKI;TAF12;TFAP2E;TNFRSF18;TP73;YBX1;ZFP69;ZNF436;ZNF684;ZNF691,1.0
Reactome_2022,Gene Expression (Transcription) R-HSA-74160,39/1449,0.04363984197422693,1.3704678166201012,4.29201019358158,AGO1;AGO3;AGO4;ARID1A;ARTN;CITED4;DMAP1;ELOA;HDAC1;HIVEP3;INTS11;LSM10;MEAF6;MED8;MTOR;NFYC;NOC2L;PHC2;PINK1;PLK3;PRDX1;PSMB2;RBBP4;RRAGC;SCMH1;SESN2;SKI;SRRM1;SRSF4;SSU72;TAF12;TFAP2E;TNFRSF18;TP73;YBX1;ZFP69;ZNF436;ZNF684;ZNF691,1.0
Reactome_2022,Transcriptional Regulation By VENTX R-HSA-8853884,3/39,0.0443018061570585,4.044251349191447,12.604838827008733,AGO1;AGO3;AGO4,1.0
Reactome_2022,Integrin Cell Surface Interactions R-HSA-216083,4/66,0.045096520907222326,3.1346492576038143,9.714121872298001,AGRN;COL16A1;COL9A2;HSPG2,1.0
Reactome_2022,RUNX1 Regulates Genes Involved In Megakaryocyte Differentiation And Platelet Function R-HSA-8936459,4/66,0.045096520907222326,3.1346492576038143,9.714121872298001,AGO1;AGO3;AGO4;HDAC1,1.0
Reactome_2022,Vitamin B5 (Pantothenate) Metabolism R-HSA-199220,2/17,0.04573000803587579,6.4617160149740265,19.934397560862546,PANK4;PPCS,1.0
Reactome_2022,Class I MHC Mediated Antigen Processing And Presentation R-HSA-983169,13/378,0.04592277456313172,1.7426678780665918,5.3688009294238155,FBXO2;FBXO44;FBXO6;HECTD3;KLHL21;MIB2;PSMB2;RNF19B;RNF220;SPSB1;UBE2J2;UBR4;VAMP3,1.0
Reactome_2022,RET Signaling R-HSA-8853659,3/40,0.047197238653202994,3.934746064928171,12.014431901520158,ARTN;CLSTN1;RAP1GAP,1.0
Reactome_2022,Visual Phototransduction R-HSA-2187338,5/98,0.04942604331484589,2.6145656723367368,7.862725305929109,AGRN;DHRS3;GNB1;HSPG2;SDC3,1.0
Reactome_2022,Non-integrin membrane-ECM Interactions R-HSA-3000171,3/41,0.05018352561275882,3.8310042166787515,11.462626968031598,AGRN;HSPG2;SDC3,1.0
Reactome_2022,Cellular Senescence R-HSA-2559583,7/165,0.051693732873671065,2.1581167580371106,6.393245496531834,AGO1;AGO3;AGO4;ARTN;PHC2;RBBP4;SCMH1,1.0
Reactome_2022,TNFR2 Non-Canonical NF-kB Pathway R-HSA-5668541,5/100,0.053068057979857544,2.5592596828639795,7.5144472910828375,PSMB2;TNFRSF14;TNFRSF18;TNFRSF1B;TNFRSF25,1.0
Reactome_2022,RND1 GTPase Cycle R-HSA-9696273,3/42,0.053259566032830226,3.7325824632113536,10.946088642660161,EPHA2;PLEKHG5;UBXN11,1.0
Reactome_2022,RND3 GTPase Cycle R-HSA-9696264,3/42,0.053259566032830226,3.7325824632113536,10.946088642660161,EPHA2;PLEKHG5;UBXN11,1.0
Reactome_2022,Chromatin Modifying Enzymes R-HSA-3247509,9/238,0.05464034396207423,1.917052519441111,5.572838640668883,ARID1A;DMAP1;HDAC1;KDM1A;KDM4A;MEAF6;PADI2;RBBP4;TAF12,1.0
Reactome_2022,Transcription Of E2F Targets Under Negative Control By DREAM Complex R-HSA-1362277,2/19,0.056000761257752815,5.700931719691556,16.432308547886834,HDAC1;RBBP4,1.0
Reactome_2022,Retinoid Metabolism And Transport R-HSA-975634,3/43,0.056424190190322056,3.639081797417325,10.46184090097936,AGRN;HSPG2;SDC3,1.0
Reactome_2022,RND2 GTPase Cycle R-HSA-9696270,3/43,0.056424190190322056,3.639081797417325,10.46184090097936,EPHA2;NUDC;UBXN11,1.0
Reactome_2022,Collagen Chain Trimerization R-HSA-8948216,3/44,0.0596761643901573,3.550142139710811,10.00722087800485,COL16A1;COL8A2;COL9A2,1.0
Reactome_2022,RHOC GTPase Cycle R-HSA-9013106,4/73,0.0611254014565184,2.8156319164039942,7.869206251517213,ARHGEF10L;DHDDS;MACO1;VAMP3,1.0
Reactome_2022,Regulation Of Complement Cascade R-HSA-977606,3/45,0.06301419551970498,3.4654377037998443,9.579839535397518,C1QA;C1QB;C1QC,1.0
Reactome_2022,"Cobalamin (Cbl, Vitamin B12) Transport And Metabolism R-HSA-196741",2/21,0.06698752264725417,5.100312539205396,13.787414292270117,LDLRAP1;MMACHC,1.0
Reactome_2022,PINK1-PRKN Mediated Mitophagy R-HSA-5205685,2/22,0.07272614619962355,4.8450493874987774,12.699137598587185,MFN2;PINK1,1.0
Reactome_2022,G Alpha (12/13) Signaling Events R-HSA-416482,4/78,0.07418311260552017,2.6247142025585415,6.827455790864705,ARHGEF10L;ARHGEF16;GNB1;PLEKHG5,1.0
Reactome_2022,Pre-NOTCH Expression And Processing R-HSA-1912422,4/78,0.07418311260552017,2.6247142025585415,6.827455790864705,AGO1;AGO3;AGO4;ST3GAL3,1.0
Reactome_2022,Signaling By NOTCH3 R-HSA-9012852,3/49,0.07719918700577662,3.163447975769443,8.1027492046654,HEYL;MIB2;YBX1,1.0
Reactome_2022,EPH-ephrin Mediated Repulsion Of Cells R-HSA-3928665,3/49,0.07719918700577662,3.163447975769443,8.1027492046654,EPHA10;EPHA2;EPHB2,1.0
Reactome_2022,Miscellaneous Transport And Binding Events R-HSA-5223345,2/23,0.07861646360379133,4.614097012145171,11.734452204765779,NIPAL3;SLC66A1,1.0
Reactome_2022,Signaling By Nuclear Receptors R-HSA-9006931,9/260,0.08427690042624364,1.7470369976510798,4.321553645426895,AGO1;AGO3;AGO4;DHRS3;GNB1;HDAC1;KDM1A;KDM4A;PRKCZ,1.0
Reactome_2022,mTORC1-mediated Signaling R-HSA-166208,2/24,0.08464998669782865,4.404140307278255,10.874836813500051,MTOR;RRAGC,1.0
Reactome_2022,Transcriptional Activity Of SMAD2/SMAD3:SMAD4 Heterotrimer R-HSA-2173793,3/51,0.08477074011906037,3.0313274697561425,7.480724606012062,HDAC1;SKI;YBX1,1.0
Reactome_2022,Metabolism Of RNA R-HSA-8953854,19/666,0.08676608220956483,1.4377348481277357,3.5145996147494314,DNAJC8;EBNA1BP2;EXOSC10;HNRNPR;LSM10;NOL9;PNRC2;PPIE;PPIH;PSMB2;SF3A3;SNRNP40;SRRM1;SRSF10;SRSF4;SYF2;TRIT1;UTP11;YBX1,1.0
Reactome_2022,RHOD GTPase Cycle R-HSA-9013405,3/52,0.08867084425815938,2.9693117220356133,7.194120132056114,CAPZB;EFHD2;VAMP3,1.0
Reactome_2022,ESR-mediated Signaling R-HSA-8939211,7/188,0.08933976076960165,1.8816515967295395,4.544769360582555,AGO1;AGO3;AGO4;GNB1;HDAC1;KDM1A;PRKCZ,1.0
Reactome_2022,Gap Junction Trafficking R-HSA-190828,2/25,0.09081850791441015,4.212440707182376,10.1051910816592,GJA4;GJB3,1.0
Reactome_2022,NOTCH3 Activation And Transmission Of Signal To Nucleus R-HSA-9013507,2/25,0.09081850791441015,4.212440707182376,10.1051910816592,MIB2;YBX1,1.0
Reactome_2022,Estrogen-dependent Gene Expression R-HSA-9018519,5/119,0.09517704678005982,2.130638264450111,5.011296292809372,AGO1;AGO3;AGO4;HDAC1;KDM1A,1.0
Reactome_2022,HDMs Demethylate Histones R-HSA-3214842,2/26,0.09711409243306461,4.036716073761153,9.413092190254948,KDM1A;KDM4A,1.0
Reactome_2022,Constitutive Signaling By AKT1 E17K In Cancer R-HSA-5674400,2/26,0.09711409243306461,4.036716073761153,9.413092190254948,CASP9;MTOR,1.0
Reactome_2022,Synthesis Of IP3 And IP4 In Cytosol R-HSA-1855204,2/26,0.09711409243306461,4.036716073761153,9.413092190254948,INPP5B;PLCH2,1.0
Reactome_2022,N-glycan Antennae Elongation In medial/trans-Golgi R-HSA-975576,2/26,0.09711409243306461,4.036716073761153,9.413092190254948,B4GALT2;FUCA1,1.0
Reactome_2022,Chylomicron Clearance R-HSA-8964026,1/5,0.09747126057374132,12.092592300182906,28.1539456743534,LDLRAP1,1.0
Reactome_2022,Formation Of Xylulose-5-Phosphate R-HSA-5661270,1/5,0.09747126057374132,12.092592300182906,28.1539456743534,AKR1A1,1.0
Reactome_2022,N-glycan Trimming And Elongation In cis-Golgi R-HSA-964739,1/5,0.09747126057374132,12.092592300182906,28.1539456743534,MAN1C1,1.0
Reactome_2022,Estrogen-stimulated Signaling Thru PRKCZ R-HSA-9634635,1/5,0.09747126057374132,12.092592300182906,28.1539456743534,PRKCZ,1.0
Reactome_2022,Intestinal Absorption R-HSA-8963676,1/5,0.09747126057374132,12.092592300182906,28.1539456743534,SLC2A5,1.0
Reactome_2022,Diseases Of Base Excision Repair R-HSA-9605308,1/5,0.09747126057374132,12.092592300182906,28.1539456743534,MUTYH,1.0
Reactome_2022,Complement Cascade R-HSA-166658,3/55,0.10080888929195979,2.797575805271072,6.419118086999705,C1QA;C1QB;C1QC,1.0
Reactome_2022,ECM Proteoglycans R-HSA-3000178,3/55,0.10080888929195979,2.797575805271072,6.419118086999705,AGRN;COL9A2;HSPG2,1.0
Reactome_2022,Gap Junction Trafficking And Regulation R-HSA-157858,2/27,0.10352907053415962,3.8750494110136287,8.788235529457914,GJA4;GJB3,1.0
Reactome_2022,G0 And Early G1 R-HSA-1538133,2/27,0.10352907053415962,3.8750494110136287,8.788235529457914,HDAC1;RBBP4,1.0
Reactome_2022,E3 Ubiquitin Ligases Ubiquitinate Target Proteins R-HSA-8866654,3/56,0.10499523451889092,2.744650900104641,6.186004850324357,PEX10;PEX14;UBE2J2,1.0
Reactome_2022,NRAGE Signals Death Thru JNK R-HSA-193648,3/57,0.10924890482951045,2.6936861766110405,5.964161864162141,ARHGEF10L;ARHGEF16;PLEKHG5,1.0
Reactome_2022,NCAM Signaling For Neurite Out-Growth R-HSA-375165,3/57,0.10924890482951045,2.6936861766110405,5.964161864162141,AGRN;ARTN;COL9A2,1.0
Reactome_2022,SUMOylation Of Chromatin Organization Proteins R-HSA-4551638,3/57,0.10924890482951045,2.6936861766110405,5.964161864162141,HDAC1;PHC2;SCMH1,1.0
Reactome_2022,Mitophagy R-HSA-5205647,2/28,0.11005603014969592,3.725818645400529,8.222008708655835,MFN2;PINK1,1.0
Reactome_2022,Keratan Sulfate Biosynthesis R-HSA-2022854,2/28,0.11005603014969592,3.725818645400529,8.222008708655835,B4GALT2;ST3GAL3,1.0
Reactome_2022,Regulation Of TP53 Activity Thru Phosphorylation R-HSA-6804756,4/90,0.1106653919639383,2.2570866047352056,4.968398610680308,ARTN;NOC2L;PLK3;TAF12,1.0
Reactome_2022,MAPK6/MAPK4 Signaling R-HSA-5687128,4/90,0.1106653919639383,2.2570866047352056,4.968398610680308,AGO1;AGO3;AGO4;PSMB2,1.0
Reactome_2022,Neddylation R-HSA-8951664,8/237,0.11096688422478052,1.6997651597237036,3.7369735843916234,FBXO2;FBXO44;FBXO6;KLHL21;MUL1;PSMB2;SPSB1;WDTC1,1.0
Reactome_2022,Constitutive Signaling By NOTCH1 HD+PEST Domain Mutants R-HSA-2894862,3/58,0.11356817193946636,2.6445747157899353,5.752880866839084,HDAC1;HEYL;MIB2,1.0
Reactome_2022,Signaling By TGF-beta Receptor Complex R-HSA-170834,4/91,0.11401217640175877,2.231028709870333,4.8445673494963195,HDAC1;PRKCZ;SKI;YBX1,1.0
Reactome_2022,Sensory Perception Of Salty Taste R-HSA-9730628,1/6,0.11579717546281665,9.673580012998025,20.855417275770424,SCNN1D,1.0
Reactome_2022,Sensing Of DNA Double Strand Breaks R-HSA-5693548,1/6,0.11579717546281665,9.673580012998025,20.855417275770424,ARTN,1.0
Reactome_2022,LDL Remodeling R-HSA-8964041,1/6,0.11579717546281665,9.673580012998025,20.855417275770424,TRNP1,1.0
Reactome_2022,Synthesis Of Dolichyl-phosphate R-HSA-446199,1/6,0.11579717546281665,9.673580012998025,20.855417275770424,DHDDS,1.0
Reactome_2022,Activation Of Caspases Thru Apoptosome-Mediated Cleavage R-HSA-111459,1/6,0.11579717546281665,9.673580012998025,20.855417275770424,CASP9,1.0
Reactome_2022,Cobalamin (Cbl) Metabolism R-HSA-9759218,1/6,0.11579717546281665,9.673580012998025,20.855417275770424,MMACHC,1.0
Reactome_2022,Beta Oxidation Of decanoyl-CoA To octanoyl-CoA-CoA R-HSA-77346,1/6,0.11579717546281665,9.673580012998025,20.855417275770424,MECR,1.0
Reactome_2022,p75NTR Negatively Regulates Cell Cycle Via SC1 R-HSA-193670,1/6,0.11579717546281665,9.673580012998025,20.855417275770424,HDAC1,1.0
Reactome_2022,RHO GTPase Cycle R-HSA-9012999,13/441,0.11609802545455503,1.4812845936487953,3.189680330310038,ARHGEF10L;ARHGEF16;CAPZB;DHDDS;EFHD2;EPHA2;MACO1;NUDC;PLEKHG5;SRRM1;UBXN11;VAMP3;WASF2,1.0
Reactome_2022,Cristae Formation R-HSA-8949613,2/29,0.11668780960610317,3.5876420105735845,7.707163445422153,DNAJC11;MICOS10,1.0
Reactome_2022,Energy Dependent Regulation Of mTOR By LKB1-AMPK R-HSA-380972,2/29,0.11668780960610317,3.5876420105735845,7.707163445422153,MTOR;RRAGC,1.0
Reactome_2022,G1/S-Specific Transcription R-HSA-69205,2/29,0.11668780960610317,3.5876420105735845,7.707163445422153,HDAC1;RBBP4,1.0
Reactome_2022,Recruitment And ATM-mediated Phosphorylation Of Repair And Signal Proteins At DNA Double Strand Breaks R-HSA-5693565,3/60,0.12239652220441555,2.551521421602577,5.359443502640473,ARTN;EYA3;KDM4A,1.0
Reactome_2022,HDACs Deacetylate Histones R-HSA-3214815,3/60,0.12239652220441555,2.551521421602577,5.359443502640473,HDAC1;KDM1A;RBBP4,1.0
Reactome_2022,DNA Double Strand Break Response R-HSA-5693606,3/61,0.12690209444014655,2.50740132522064,5.176127346632068,ARTN;EYA3;KDM4A,1.0
Reactome_2022,P75 NTR Receptor-Mediated Signaling R-HSA-193704,4/95,0.1278344600676255,2.1325241402712547,4.386642957681845,ARHGEF10L;ARHGEF16;HDAC1;PLEKHG5,1.0
Reactome_2022,Nicotinate Metabolism R-HSA-196807,2/31,0.13023839108270976,3.3398770101942357,6.8079676581166435,NADK;NMNAT1,1.0
Reactome_2022,Downregulation Of SMAD2/3:SMAD4 Transcriptional Activity R-HSA-2173795,2/31,0.13023839108270976,3.3398770101942357,6.8079676581166435,HDAC1;SKI,1.0
Reactome_2022,Diseases Of Metabolism R-HSA-5668914,8/247,0.1313910894518709,1.6278042533751165,3.3037540530027227,AGRN;B3GALT6;DHDDS;GALE;HSPG2;MMACHC;SDC3;ST3GAL3,1.0
Reactome_2022,Pre-NOTCH Transcription And Translation R-HSA-1912408,3/62,0.1314662459590859,2.464776825326226,5.001044859950567,AGO1;AGO3;AGO4,1.0
Reactome_2022,Signaling By BRAF And RAF1 Fusions R-HSA-6802952,3/62,0.1314662459590859,2.464776825326226,5.001044859950567,AGTRAP;CLCN6;CNKSR1,1.0
Reactome_2022,GLI Proteins Bind Promoters Of Hh Responsive Genes To Promote Transcription R-HSA-5635851,1/7,0.13375187921204623,8.06090515487477,16.21667783793208,PTCH2,1.0
Reactome_2022,RHOT2 GTPase Cycle R-HSA-9013419,1/7,0.13375187921204623,8.06090515487477,16.21667783793208,MFN2,1.0
Reactome_2022,Retinoid Cycle In Cones (Daylight Vision) R-HSA-2187335,1/7,0.13375187921204623,8.06090515487477,16.21667783793208,DHRS3,1.0
Reactome_2022,Vitamin C (Ascorbate) Metabolism R-HSA-196836,1/7,0.13375187921204623,8.06090515487477,16.21667783793208,SLC2A1,1.0
Reactome_2022,MECP2 Regulates Transcription Of Neuronal Ligands R-HSA-9022702,1/7,0.13375187921204623,8.06090515487477,16.21667783793208,HDAC1,1.0
Reactome_2022,SMAC (DIABLO) Binds To IAPs R-HSA-111463,1/7,0.13375187921204623,8.06090515487477,16.21667783793208,CASP9,1.0
Reactome_2022,Aryl Hydrocarbon Receptor Signaling R-HSA-8937144,1/7,0.13375187921204623,8.06090515487477,16.21667783793208,AURKAIP1,1.0
Reactome_2022,Peroxisomal Protein Import R-HSA-9033241,3/63,0.13608720710128838,2.4235731420949596,4.833718162275604,HMGCL;PEX10;PEX14,1.0
Reactome_2022,GPVI-mediated Activation Cascade R-HSA-114604,2/32,0.13714405900793544,3.2283827600235293,6.413903508974267,PDPN;PRKCZ,1.0
Reactome_2022,Factors Involved In Megakaryocyte Development And Platelet Production R-HSA-983231,5/136,0.14365273941743611,1.8525251303647767,3.59455903668667,CAPZB;HDAC1;KDM1A;KIF1B;MFN2,1.0
Reactome_2022,Keratan Sulfate/Keratin Metabolism R-HSA-1638074,2/33,0.14412826534008571,3.1240816872831902,6.0515075694158575,B4GALT2;ST3GAL3,1.0
Reactome_2022,FOXO-mediated Transcription R-HSA-9614085,3/65,0.1454924706767534,2.345153228848355,4.520589926804832,HDAC1;NFYC;PINK1,1.0
Reactome_2022,KEAP1-NFE2L2 Pathway R-HSA-9755511,4/100,0.14603717667662272,2.020936932522299,3.888068549840508,MUL1;PRDX1;PSMB2;SESN2,1.0
Reactome_2022,Role Of ABL In ROBO-SLIT Signaling R-HSA-428890,1/8,0.15134287291183668,6.908994541929588,13.045614169703612,CAP1,1.0
Reactome_2022,"SMAC, XIAP-regulated Apoptotic Response R-HSA-111469",1/8,0.15134287291183668,6.908994541929588,13.045614169703612,CASP9,1.0
Reactome_2022,Synthesis Of diphthamide-EEF2 R-HSA-5358493,1/8,0.15134287291183668,6.908994541929588,13.045614169703612,DPH2,1.0
Reactome_2022,Noncanonical Activation Of NOTCH3 R-HSA-9017802,1/8,0.15134287291183668,6.908994541929588,13.045614169703612,YBX1,1.0
Reactome_2022,Miro GTPase Cycle R-HSA-9715370,1/8,0.15134287291183668,6.908994541929588,13.045614169703612,MFN2,1.0
Reactome_2022,Linoleic Acid (LA) Metabolism R-HSA-2046105,1/8,0.15134287291183668,6.908994541929588,13.045614169703612,ELOVL1,1.0
Reactome_2022,Recycling Of eIF2:GDP R-HSA-72731,1/8,0.15134287291183668,6.908994541929588,13.045614169703612,EIF2B3,1.0
Reactome_2022,Defective ST3GAL3 Causes MCT12 And EIEE15 R-HSA-3656243,1/8,0.15134287291183668,6.908994541929588,13.045614169703612,ST3GAL3,1.0
Reactome_2022,Transport Of RCbl Within Body R-HSA-9758890,1/8,0.15134287291183668,6.908994541929588,13.045614169703612,LDLRAP1,1.0
Reactome_2022,Sodium/Proton Exchangers R-HSA-425986,1/8,0.15134287291183668,6.908994541929588,13.045614169703612,SLC9A1,1.0
Reactome_2022,Synthesis Of Ketone Bodies R-HSA-77111,1/8,0.15134287291183668,6.908994541929588,13.045614169703612,HMGCL,1.0
Reactome_2022,Sensory Processing Of Sound By Inner Hair Cells Of Cochlea R-HSA-9662360,3/67,0.15510371683221316,2.2716345601796637,4.23355729257497,CAPZB;ESPN;KCNQ4,1.0
Reactome_2022,RNA Polymerase II Transcription Termination R-HSA-73856,3/67,0.15510371683221316,2.2716345601796637,4.23355729257497,LSM10;SRRM1;SRSF4,1.0
Reactome_2022,Beta-catenin Independent WNT Signaling R-HSA-3858494,5/142,0.16289507047441681,1.7708465628618275,3.2134649885187185,AGO1;AGO3;AGO4;GNB1;PSMB2,1.0
Reactome_2022,RHOB GTPase Cycle R-HSA-9013026,3/69,0.16490682467315199,2.202571568399984,3.9698591895059003,ARHGEF10L;DHDDS;VAMP3,1.0
Reactome_2022,SMAD2/SMAD3:SMAD4 Heterotrimer Regulates Transcription R-HSA-2173796,2/36,0.1654930402584542,2.8479906123822945,5.12303995395672,HDAC1;YBX1,1.0
Reactome_2022,Transcriptional Regulation By AP-2 (TFAP2) Family Of Transcription Factors R-HSA-8864260,2/36,0.1654930402584542,2.8479906123822945,5.12303995395672,CITED4;TFAP2E,1.0
Reactome_2022,Mitochondrial Fatty Acid Beta-Oxidation R-HSA-77289,2/36,0.1654930402584542,2.8479906123822945,5.12303995395672,ACOT7;MECR,1.0
Reactome_2022,Serine Biosynthesis R-HSA-977347,1/9,0.16857750644513964,6.0450615822207014,10.762383759291327,SERINC2,1.0
Reactome_2022,Chylomicron Assembly R-HSA-8963888,1/9,0.16857750644513964,6.0450615822207014,10.762383759291327,TRNP1,1.0
Reactome_2022,Maturation Of Protein 3A R-HSA-9683673,1/9,0.16857750644513964,6.0450615822207014,10.762383759291327,ST3GAL3,1.0
Reactome_2022,tRNA Modification In Mitochondrion R-HSA-6787450,1/9,0.16857750644513964,6.0450615822207014,10.762383759291327,TRIT1,1.0
Reactome_2022,ATF6 (ATF6-alpha) Activates Chaperone Genes R-HSA-381183,1/9,0.16857750644513964,6.0450615822207014,10.762383759291327,NFYC,1.0
Reactome_2022,Activation Of PUMA And Translocation To Mitochondria R-HSA-139915,1/9,0.16857750644513964,6.0450615822207014,10.762383759291327,TP73,1.0
Reactome_2022,Displacement Of DNA Glycosylase By APEX1 R-HSA-110357,1/9,0.16857750644513964,6.0450615822207014,10.762383759291327,MUTYH,1.0
Reactome_2022,Fatty acyl-CoA Biosynthesis R-HSA-75105,2/37,0.17273335484087063,2.7664780093163155,4.857952467386849,ELOVL1;PPT1,1.0
Reactome_2022,RHOA GTPase Cycle R-HSA-8980692,5/147,0.1796737115699995,1.7080537674223535,2.932066937263959,ARHGEF10L;DHDDS;MACO1;PLEKHG5;VAMP3,1.0
Reactome_2022,RUNX1 And FOXP3 Control Development Of Regulatory T Lymphocytes (Tregs) R-HSA-8877330,1/10,0.18546298152809074,5.373113724669346,9.053159192967247,TNFRSF18,1.0
Reactome_2022,SLBP Independent Processing Of Histone Pre-mRNAs R-HSA-111367,1/10,0.18546298152809074,5.373113724669346,9.053159192967247,LSM10,1.0
Reactome_2022,Negative Regulation Of Activity Of TFAP2 (AP-2) Family Transcription Factors R-HSA-8866904,1/10,0.18546298152809074,5.373113724669346,9.053159192967247,TFAP2E,1.0
Reactome_2022,Reactions Specific To Complex N-glycan Synthesis Pathway R-HSA-975578,1/10,0.18546298152809074,5.373113724669346,9.053159192967247,FUCA1,1.0
Reactome_2022,Caspase Activation Via Dependence Receptors In Absence Of Ligand R-HSA-418889,1/10,0.18546298152809074,5.373113724669346,9.053159192967247,CASP9,1.0
Reactome_2022,Urea Cycle R-HSA-70635,1/10,0.18546298152809074,5.373113724669346,9.053159192967247,TINAGL1,1.0
Reactome_2022,STAT3 Nuclear Events Downstream Of ALK Signaling R-HSA-9701898,1/10,0.18546298152809074,5.373113724669346,9.053159192967247,HDAC1,1.0
Reactome_2022,Translesion Synthesis By Y Family DNA Polymerases Bypasses Lesions On DNA Template R-HSA-110313,2/39,0.18736053896780133,2.6166710631410024,4.382192677725083,ISG15;MAD2L2,1.0
Reactome_2022,"Signaling By Rho GTPases, Miro GTPases And RHOBTB3 R-HSA-9716542",17/660,0.18882503010593316,1.2880136566147284,2.1470343483172156,ARHGEF10L;ARHGEF16;CAPZB;DHDDS;EFHD2;EPHA2;KDM1A;MACO1;MFN2;NUDC;PLEKHG5;PRKCZ;RCC2;SRRM1;UBXN11;VAMP3;WASF2,1.0
Reactome_2022,"Cell Death Signaling Via NRAGE, NRIF And NADE R-HSA-204998",3/74,0.19016229869467033,2.046936657347184,3.3976638308298988,ARHGEF10L;ARHGEF16;PLEKHG5,1.0
Reactome_2022,Signaling By NOTCH1 R-HSA-1980143,3/74,0.19016229869467033,2.046936657347184,3.3976638308298988,HDAC1;HEYL;MIB2,1.0
Reactome_2022,RHOG GTPase Cycle R-HSA-9013408,3/74,0.19016229869467033,2.046936657347184,3.3976638308298988,ARHGEF16;EPHA2;VAMP3,1.0
Reactome_2022,Immune System R-HSA-168256,45/1943,0.1942562491518813,1.1622089127077562,1.9043689325416013,ATAD3B;ATP6V0B;AURKAIP1;C1QA;C1QB;C1QC;CAP1;CAPZB;CASP9;CLSTN1;CSF3R;DDOST;EIF4G3;FBXO2;FBXO44;FBXO6;FGR;FUCA1;HECTD3;IFI6;IFNLR1;ISG15;KCNAB2;KLHL21;MIB2;MTOR;PADI2;PPIE;PSMB2;RAP1GAP;RNF19B;RNF220;SLC2A5;SPSB1;TINAGL1;TNFRSF14;TNFRSF18;TNFRSF1B;TNFRSF25;TRIM62;TXLNA;UBE2J2;UBR4;VAMP3;WASF2,1.0
Reactome_2022,Collagen Degradation R-HSA-1442490,2/40,0.1947375547738329,2.547681022139214,4.168267289202346,COL16A1;COL9A2,1.0
Reactome_2022,Sensory Processing Of Sound R-HSA-9659379,3/75,0.1953277966477002,2.0184035903208377,3.296206710499515,CAPZB;ESPN;KCNQ4,1.0
Reactome_2022,Protein Ubiquitination R-HSA-8852135,3/76,0.20052747614989422,1.9906522511582265,3.198588006678188,PEX10;PEX14;UBE2J2,1.0
Reactome_2022,Cellular Response To Starvation R-HSA-9711097,5/153,0.2006129201395118,1.6383028514071543,2.631733654648332,ATP6V0B;MTOR;RRAGC;SESN2;SZT2,1.0
Reactome_2022,Macroautophagy R-HSA-1632852,4/114,0.2016789938202376,1.7624603822092626,2.821836517577106,MFN2;MTOR;PINK1;RRAGC,1.0
Reactome_2022,SLBP Dependent Processing Of Replication-Dependent Histone Pre-mRNAs R-HSA-77588,1/11,0.20200635468965122,4.83555543862826,7.734258755464824,LSM10,1.0
Reactome_2022,Activation Of Phototransduction Cascade R-HSA-2485179,1/11,0.20200635468965122,4.83555543862826,7.734258755464824,GNB1,1.0
Reactome_2022,Formation Of Apoptosome R-HSA-111458,1/11,0.20200635468965122,4.83555543862826,7.734258755464824,CASP9,1.0
Reactome_2022,ATF6 (ATF6-alpha) Activates Chaperones R-HSA-381033,1/11,0.20200635468965122,4.83555543862826,7.734258755464824,NFYC,1.0
Reactome_2022,Mitochondrial Fatty Acid Beta-Oxidation Of Saturated Fatty Acids R-HSA-77286,1/11,0.20200635468965122,4.83555543862826,7.734258755464824,MECR,1.0
Reactome_2022,MTOR Signaling R-HSA-165159,2/41,0.20215058191029814,2.4822289319580295,3.968444650684286,MTOR;RRAGC,1.0
Reactome_2022,Deactivation Of Beta-Catenin Transactivating Complex R-HSA-3769402,2/42,0.2095951327041718,2.420049446285905,3.781514931355623,CTNNBIP1;HDAC1,1.0
Reactome_2022,RHOF GTPase Cycle R-HSA-9035034,2/42,0.2095951327041718,2.420049446285905,3.781514931355623,CAPZB;VAMP3,1.0
Reactome_2022,"Gamma Carboxylation, Hypusine Formation And Arylsulfatase Activation R-HSA-163841",2/42,0.2095951327041718,2.420049446285905,3.781514931355623,DPH2;ICMT,1.0
Reactome_2022,PPARA Activates Gene Expression R-HSA-1989781,4/116,0.2100989838567995,1.730810192375013,2.7003694012874444,MED18;MED8;NFYC;THRAP3,1.0
Reactome_2022,Oncogenic MAPK Signaling R-HSA-6802957,3/78,0.21102273417971207,1.9373696799660132,3.014139224337949,AGTRAP;CLCN6;CNKSR1,1.0
Reactome_2022,Asparagine N-linked Glycosylation R-HSA-446203,8/282,0.21612118850566875,1.4173054707532464,2.1711928860576775,B4GALT2;CAPZB;DDOST;DHDDS;FUCA1;MAN1C1;ST3GAL3;TRAPPC3,1.0
Reactome_2022,SUMOylation Of Transcription Cofactors R-HSA-3899300,2/43,0.2170668859975303,2.360903106256323,3.606396932103757,PHC2;SCMH1,1.0
Reactome_2022,Voltage Gated Potassium Channels R-HSA-1296072,2/43,0.2170668859975303,2.360903106256323,3.606396932103757,KCNAB2;KCNQ4,1.0
Reactome_2022,Cellular Responses To Stress R-HSA-2262752,18/722,0.2172456394013354,1.244801397817326,1.9004713893815641,AGO1;AGO3;AGO4;ARTN;ATP6V0B;CAPZB;MTOR;MUL1;NFYC;PHC2;PRDX1;PSMB2;RBBP4;RRAGC;SCMH1;SESN2;SZT2;ZBTB17,1.0
Reactome_2022,TP53 Regulates Transcription Of Caspase Activators And Caspases R-HSA-6803207,1/12,0.2182145401914772,4.395735022776464,6.691524436670892,TP73,1.0
Reactome_2022,TP53 Regulates Transcription Of Death Receptors And Ligands R-HSA-6803211,1/12,0.2182145401914772,4.395735022776464,6.691524436670892,TP73,1.0
Reactome_2022,Disorders Of Developmental Biology R-HSA-9675151,1/12,0.2182145401914772,4.395735022776464,6.691524436670892,HDAC1,1.0
Reactome_2022,Erythropoietin Activates Phosphoinositide-3-kinase (PI3K) R-HSA-9027276,1/12,0.2182145401914772,4.395735022776464,6.691524436670892,CLSTN1,1.0
Reactome_2022,Vitamin D (Calciferol) Metabolism R-HSA-196791,1/12,0.2182145401914772,4.395735022776464,6.691524436670892,LDLRAP1,1.0
Reactome_2022,HDR Thru MMEJ (alt-NHEJ) R-HSA-5685939,1/12,0.2182145401914772,4.395735022776464,6.691524436670892,ARTN,1.0
Reactome_2022,Hyaluronan Uptake And Degradation R-HSA-2160916,1/12,0.2182145401914772,4.395735022776464,6.691524436670892,SLC9A1,1.0
Reactome_2022,Regulation Of Lipid Metabolism By PPARalpha R-HSA-400206,4/118,0.2186168501362065,1.700270535517404,2.585150192639748,MED18;MED8;NFYC;THRAP3,1.0
Reactome_2022,RNA Polymerase II Pre-transcription Events R-HSA-674695,3/80,0.22163494560672767,1.8868550345500186,2.842969085357764,DMAP1;ELOA;TAF12,1.0
Reactome_2022,Signaling By TGFB Family Members R-HSA-9006936,4/119,0.22291040851381164,1.6853990504389162,2.529759273147812,HDAC1;PRKCZ;SKI;YBX1,1.0
Reactome_2022,ERCC6 (CSB) And EHMT2 (G9a) Positively Regulate rRNA Expression R-HSA-427389,2/45,0.23207551885733127,2.2508634038757043,3.287819175447391,HDAC1;RBBP4,1.0
Reactome_2022,Alpha-Linolenic (Omega3) And Linoleic (Omega6) Acid Metabolism R-HSA-2046104,1/13,0.2340943128892089,4.029218009566634,5.850550254605861,ELOVL1,1.0
Reactome_2022,FCGR Activation R-HSA-2029481,1/13,0.2340943128892089,4.029218009566634,5.850550254605861,FGR,1.0
Reactome_2022,Cytochrome C-Mediated Apoptotic Response R-HSA-111461,1/13,0.2340943128892089,4.029218009566634,5.850550254605861,CASP9,1.0
Reactome_2022,Defects In Cobalamin (B12) Metabolism R-HSA-3296469,1/13,0.2340943128892089,4.029218009566634,5.850550254605861,MMACHC,1.0
Reactome_2022,Advanced Glycosylation Endproduct Receptor Signaling R-HSA-879415,1/13,0.2340943128892089,4.029218009566634,5.850550254605861,DDOST,1.0
Reactome_2022,Glutamate And Glutamine Metabolism R-HSA-8964539,1/13,0.2340943128892089,4.029218009566634,5.850550254605861,RIMKLA,1.0
Reactome_2022,Adaptive Immune System R-HSA-1280218,18/733,0.23584248911986683,1.2249368878296492,1.769532945529503,CAPZB;CLSTN1;FBXO2;FBXO44;FBXO6;HECTD3;KLHL21;MIB2;MTOR;PSMB2;RAP1GAP;RNF19B;RNF220;SPSB1;TNFRSF14;UBE2J2;UBR4;VAMP3,1.0
Reactome_2022,Platelet Homeostasis R-HSA-418346,3/83,0.23774452669253987,1.8158188144337766,2.608530132271158,FGR;GNB1;PAFAH2,1.0
Reactome_2022,Signaling By Rho GTPases R-HSA-194315,16/644,0.23823416249424373,1.239000458839936,1.7773476610802488,ARHGEF10L;ARHGEF16;CAPZB;DHDDS;EFHD2;EPHA2;KDM1A;MACO1;NUDC;PLEKHG5;PRKCZ;RCC2;SRRM1;UBXN11;VAMP3;WASF2,1.0
Reactome_2022,RNA Polymerase I Transcription Initiation R-HSA-73762,2/46,0.2396045453773967,2.1995949061756437,3.142705188849947,HDAC1;RBBP4,1.0
Reactome_2022,Extracellular Matrix Organization R-HSA-1474244,8/291,0.24071120612374827,1.3715929133156248,1.9533641683234724,AGRN;COL16A1;COL8A2;COL9A2;HSPG2;P3H1;PLOD1;SDC3,1.0
Reactome_2022,Transport To Golgi And Subsequent Modification R-HSA-948021,5/164,0.2409452018121598,1.524098521411618,2.1690752968402647,B4GALT2;CAPZB;FUCA1;MAN1C1;TRAPPC3,1.0
Reactome_2022,Cellular Responses To Stimuli R-HSA-8953897,18/736,0.24102941308243775,1.219624929727095,1.7353266308810342,AGO1;AGO3;AGO4;ARTN;ATP6V0B;CAPZB;MTOR;MUL1;NFYC;PHC2;PRDX1;PSMB2;RBBP4;RRAGC;SCMH1;SESN2;SZT2;ZBTB17,1.0
Reactome_2022,Transcriptional Regulation Of White Adipocyte Differentiation R-HSA-381340,3/84,0.24315913644380605,1.7933093948907697,2.5358097238190243,MED18;MED8;THRAP3,1.0
Reactome_2022,Neutrophil Degranulation R-HSA-6798695,12/468,0.24445557904450504,1.2782527066700489,1.8007022842639393,ATAD3B;CAP1;DDOST;FGR;FUCA1;KCNAB2;PADI2;PPIE;SLC2A5;TINAGL1;TNFRSF1B;UBR4,1.0
Reactome_2022,SUMOylation Of RNA Binding Proteins R-HSA-4570464,2/47,0.24714505916966897,2.1506050083733634,3.006072304399674,PHC2;SCMH1,1.0
Reactome_2022,Sensory Perception Of Taste R-HSA-9717189,2/47,0.24714505916966897,2.1506050083733634,3.006072304399674,GNB1;SCNN1D,1.0
Reactome_2022,AKT Phosphorylates Targets In Cytosol R-HSA-198323,1/14,0.24965231103635377,3.7190882291583156,5.160926984389866,CASP9,1.0
Reactome_2022,Heme Biosynthesis R-HSA-189451,1/14,0.24965231103635377,3.7190882291583156,5.160926984389866,UROD,1.0
Reactome_2022,Regulation Of TP53 Activity Thru Association With Co-factors R-HSA-6804759,1/14,0.24965231103635377,3.7190882291583156,5.160926984389866,TP73,1.0
Reactome_2022,Repression Of WNT Target Genes R-HSA-4641265,1/14,0.24965231103635377,3.7190882291583156,5.160926984389866,HDAC1,1.0
Reactome_2022,TP53 Regulates Transcription Of Additional Cell Death Genes With Uncertain Roles In P53-Dependent Apoptosis R-HSA-6803205,1/14,0.24965231103635377,3.7190882291583156,5.160926984389866,TP73,1.0
Reactome_2022,"Synthesis Of IP2, IP, And Ins In Cytosol R-HSA-1855183",1/14,0.24965231103635377,3.7190882291583156,5.160926984389866,INPP5B,1.0
Reactome_2022,Inositol Phosphate Metabolism R-HSA-1483249,2/48,0.2546935009359511,2.103745106127704,2.877280429851786,INPP5B;PLCH2,1.0
Reactome_2022,DNA Damage Bypass R-HSA-73893,2/48,0.2546935009359511,2.103745106127704,2.877280429851786,ISG15;MAD2L2,1.0
Reactome_2022,NOTCH1 Intracellular Domain Regulates Transcription R-HSA-2122947,2/48,0.2546935009359511,2.103745106127704,2.877280429851786,HDAC1;HEYL,1.0
Reactome_2022,RAC2 GTPase Cycle R-HSA-9013404,3/87,0.25951595695430363,1.728996767625036,2.3323078633484404,EPHA2;VAMP3;WASF2,1.0
Reactome_2022,mRNA Splicing - Minor Pathway R-HSA-72165,2/49,0.26224645046489453,2.058879242275477,2.7557492662293295,SNRNP40;YBX1,1.0
Reactome_2022,Autophagy R-HSA-9612973,4/128,0.2624428581286423,1.562349504547557,2.0899891538842654,MFN2;MTOR;PINK1;RRAGC,1.0
Reactome_2022,Constitutive Signaling By NOTCH1 HD Domain Mutants R-HSA-2691232,1/15,0.2648950390319125,3.4532627030940426,4.587388801802879,MIB2,1.0
Reactome_2022,N-Glycan Antennae Elongation R-HSA-975577,1/15,0.2648950390319125,3.4532627030940426,4.587388801802879,B4GALT2,1.0
Reactome_2022,Synthesis Of Prostaglandins (PG) And Thromboxanes (TX) R-HSA-2162123,1/15,0.2648950390319125,3.4532627030940426,4.587388801802879,PRXL2B,1.0
Reactome_2022,Fatty Acid Metabolism R-HSA-8978868,5/173,0.27542159647429015,1.4417824134278225,1.8591096162095189,ACOT7;ELOVL1;MECR;PPT1;PRXL2B,1.0
Reactome_2022,Diseases Of DNA Repair R-HSA-9675135,2/51,0.2773528625717447,1.9746412938182343,2.5324077769581916,ARTN;MUTYH,1.0
Reactome_2022,Rap1 Signaling R-HSA-392517,1/16,0.27982887011287555,3.2228805805050063,4.104586712657392,RAP1GAP,1.0
Reactome_2022,Signaling By NTRK3 (TRKC) R-HSA-9034015,1/16,0.27982887011287555,3.2228805805050063,4.104586712657392,PTPRU,1.0
Reactome_2022,Hyaluronan Metabolism R-HSA-2142845,1/16,0.27982887011287555,3.2228805805050063,4.104586712657392,SLC9A1,1.0
Reactome_2022,Cell-extracellular Matrix Interactions R-HSA-446353,1/16,0.27982887011287555,3.2228805805050063,4.104586712657392,FBLIM1,1.0
Reactome_2022,Translesion Synthesis By REV1 R-HSA-110312,1/16,0.27982887011287555,3.2228805805050063,4.104586712657392,MAD2L2,1.0
Reactome_2022,Plasma Lipoprotein Assembly R-HSA-8963898,1/16,0.27982887011287555,3.2228805805050063,4.104586712657392,TRNP1,1.0
Reactome_2022,Polo-like Kinase Mediated Events R-HSA-156711,1/16,0.27982887011287555,3.2228805805050063,4.104586712657392,RBBP4,1.0
Reactome_2022,TGF-beta Receptor Signaling In EMT (Epithelial To Mesenchymal Transition) R-HSA-2173791,1/16,0.27982887011287555,3.2228805805050063,4.104586712657392,PRKCZ,1.0
Reactome_2022,EPH-Ephrin Signaling R-HSA-2682334,3/91,0.28153419553663395,1.6500676341625449,2.0914629747303195,EPHA10;EPHA2;EPHB2,1.0
Reactome_2022,Apoptotic Execution Phase R-HSA-75153,2/52,0.2849001433042884,1.9350494580433304,2.429680094555463,DFFA;DFFB,1.0
Reactome_2022,Sensory Processing Of Sound By Outer Hair Cells Of Cochlea R-HSA-9662361,2/53,0.29243956033869045,1.8970102432792069,2.3323689057548727,ESPN;KCNQ4,1.0
Reactome_2022,VEGFA-VEGFR2 Pathway R-HSA-4420097,3/93,0.2926076688388971,1.6132340385467157,1.9825397391295945,MTOR;PRKCZ;WASF2,1.0
Reactome_2022,RAC3 GTPase Cycle R-HSA-9013423,3/93,0.2926076688388971,1.6132340385467157,1.9825397391295945,EPHA2;VAMP3;WASF2,1.0
Reactome_2022,Acyl Chain Remodelling Of PI R-HSA-1482922,1/17,0.294460048992688,3.0212962232395992,3.693872843345954,PLA2G5,1.0
Reactome_2022,Translesion Synthesis By POLI R-HSA-5656121,1/17,0.294460048992688,3.0212962232395992,3.693872843345954,MAD2L2,1.0
Reactome_2022,Platelet Sensitization By LDL R-HSA-432142,1/17,0.294460048992688,3.0212962232395992,3.693872843345954,FGR,1.0
Reactome_2022,Metabolism Of Folate And Pterines R-HSA-196757,1/17,0.294460048992688,3.0212962232395992,3.693872843345954,MTHFR,1.0
Reactome_2022,Translesion Synthesis By POLK R-HSA-5655862,1/17,0.294460048992688,3.0212962232395992,3.693872843345954,MAD2L2,1.0
Reactome_2022,Apoptosis R-HSA-109581,5/178,0.2950018215465537,1.3997520307386013,1.7087805327336074,CASP9;DFFA;DFFB;PSMB2;TP73,1.0
Reactome_2022,DNA Repair R-HSA-73894,8/310,0.2953694580143612,1.2840360428151616,1.5659183003843509,ARTN;EYA3;FAAP20;ISG15;KDM4A;MAD2L2;MUTYH;PPIE,1.0
Reactome_2022,Intrinsic Pathway For Apoptosis R-HSA-109606,2/55,0.3074837792700304,1.8252381399506719,2.1525634681185832,CASP9;TP73,1.0
Reactome_2022,Post-translational Protein Modification R-HSA-597592,31/1383,0.30849369519877495,1.1153885310255367,1.3117570015920716,ALPL;B4GALT2;CAPZB;DDOST;DHDDS;DPH2;FBXO2;FBXO44;FBXO6;FUCA1;HDAC1;ICMT;KLHL21;MAN1C1;MUL1;MXRA8;OTUD3;PEX10;PEX14;PHC2;PIGV;PSMB2;SCMH1;SPSB1;ST3GAL3;SVBP;TRAPPC3;UBE2J2;USP48;VWA1;WDTC1,1.0
Reactome_2022,Regulation Of Signaling By CBL R-HSA-912631,1/18,0.30879469444677227,2.8434276727112993,3.341251128771836,CLSTN1,1.0
Reactome_2022,Acyl Chain Remodelling Of PG R-HSA-1482925,1/18,0.30879469444677227,2.8434276727112993,3.341251128771836,PLA2G5,1.0
Reactome_2022,G Beta:Gamma Signaling Thru BTK R-HSA-8964315,1/18,0.30879469444677227,2.8434276727112993,3.341251128771836,GNB1,1.0
Reactome_2022,VEGFR2 Mediated Cell Proliferation R-HSA-5218921,1/18,0.30879469444677227,2.8434276727112993,3.341251128771836,PRKCZ,1.0
Reactome_2022,Lewis Blood Group Biosynthesis R-HSA-9037629,1/18,0.30879469444677227,2.8434276727112993,3.341251128771836,ST3GAL3,1.0
Reactome_2022,LDL Clearance R-HSA-8964038,1/18,0.30879469444677227,2.8434276727112993,3.341251128771836,LDLRAP1,1.0
Reactome_2022,Ephrin Signaling R-HSA-3928664,1/18,0.30879469444677227,2.8434276727112993,3.341251128771836,EPHB2,1.0
Reactome_2022,MECP2 Regulates Neuronal Receptors And Channels R-HSA-9022699,1/18,0.30879469444677227,2.8434276727112993,3.341251128771836,HDAC1,1.0
Reactome_2022,Pre-NOTCH Processing In Golgi R-HSA-1912420,1/18,0.30879469444677227,2.8434276727112993,3.341251128771836,ST3GAL3,1.0
Reactome_2022,Synthesis Of Glycosylphosphatidylinositol (GPI) R-HSA-162710,1/18,0.30879469444677227,2.8434276727112993,3.341251128771836,PIGV,1.0
Reactome_2022,Death Receptor Signaling R-HSA-73887,4/139,0.3123192884681205,1.4342361913355657,1.6690626129658321,ARHGEF10L;ARHGEF16;HDAC1;PLEKHG5,1.0
Reactome_2022,Potential Therapeutics For SARS R-HSA-9679191,3/97,0.3148301241348082,1.5442690084575033,1.7847457814008523,HDAC1;KDM1A;RBBP4,1.0
Reactome_2022,Metabolism Of Lipids R-HSA-556833,17/732,0.3192344716400958,1.1539108415680783,1.3175693531644865,ACOT7;CLSTN1;CPTP;ELOVL1;FABP3;HMGCL;LDLRAP1;MECR;MED18;MED8;MFSD2A;NFYC;OXCT2;PLA2G5;PPT1;PRXL2B;THRAP3,1.0
Reactome_2022,Assembly Of Collagen Fibrils And Other Multimeric Structures R-HSA-2022090,2/57,0.32246460773508284,1.7586858259551215,1.9904135982134301,COL8A2;COL9A2,1.0
Reactome_2022,Prostacyclin Signaling Thru Prostacyclin Receptor R-HSA-392851,1/19,0.32283880184616226,2.6853222944639215,3.036031148354949,GNB1,1.0
Reactome_2022,RHO GTPases Activate CIT R-HSA-5625900,1/19,0.32283880184616226,2.6853222944639215,3.036031148354949,DHDDS,1.0
Reactome_2022,Na+/Cl- Dependent Neurotransmitter Transporters R-HSA-442660,1/19,0.32283880184616226,2.6853222944639215,3.036031148354949,SLC6A9,1.0
Reactome_2022,RAS Processing R-HSA-9648002,1/19,0.32283880184616226,2.6853222944639215,3.036031148354949,ICMT,1.0
Reactome_2022,Aflatoxin Activation And Detoxification R-HSA-5423646,1/19,0.32283880184616226,2.6853222944639215,3.036031148354949,AKR7A2,1.0
Reactome_2022,Metabolism Of Polyamines R-HSA-351202,2/58,0.32992519472778353,1.727192320225084,1.9152651396971778,AZIN2;PSMB2,1.0
Reactome_2022,Late SARS-CoV-2 Infection Events R-HSA-9772573,2/58,0.32992519472778353,1.727192320225084,1.9152651396971778,DDOST;ST3GAL3,1.0
Reactome_2022,Formation Of RNA Pol II Elongation Complex R-HSA-112382,2/58,0.32992519472778353,1.727192320225084,1.9152651396971778,DMAP1;ELOA,1.0
Reactome_2022,mRNA 3-End Processing R-HSA-72187,2/58,0.32992519472778353,1.727192320225084,1.9152651396971778,SRRM1;SRSF4,1.0
Reactome_2022,SARS-CoV Infections R-HSA-9679506,9/369,0.3353403345983256,1.2112090381307548,1.32337830616095,AGRN;DDOST;HDAC1;HSPG2;ISG15;KDM1A;RBBP4;SDC3;ST3GAL3,1.0
Reactome_2022,Class I Peroxisomal Membrane Protein Import R-HSA-9603798,1/20,0.3365982456402897,2.543859587611004,2.769920202142577,PEX14,1.0
Reactome_2022,G Beta:Gamma Signaling Thru PLC Beta R-HSA-418217,1/20,0.3365982456402897,2.543859587611004,2.769920202142577,GNB1,1.0
Reactome_2022,Apoptotic Factor-Mediated Response R-HSA-111471,1/20,0.3365982456402897,2.543859587611004,2.769920202142577,CASP9,1.0
Reactome_2022,TP53 Regulates Transcription Of Genes Involved In Cytochrome C Release R-HSA-6803204,1/20,0.3365982456402897,2.543859587611004,2.769920202142577,TP73,1.0
Reactome_2022,Receptor-type Tyrosine-Protein Phosphatases R-HSA-388844,1/20,0.3365982456402897,2.543859587611004,2.769920202142577,PTPRF,1.0
Reactome_2022,Signaling By Hippo R-HSA-2028269,1/20,0.3365982456402897,2.543859587611004,2.769920202142577,NPHP4,1.0
Reactome_2022,Syndecan Interactions R-HSA-3000170,1/20,0.3365982456402897,2.543859587611004,2.769920202142577,SDC3,1.0
Reactome_2022,G Beta:Gamma Signaling Thru CDC42 R-HSA-8964616,1/20,0.3365982456402897,2.543859587611004,2.769920202142577,GNB1,1.0
Reactome_2022,Potassium Channels R-HSA-1296071,3/102,0.3426473148705832,1.4658996560833986,1.570057099991903,GNB1;KCNAB2;KCNQ4,1.0
Reactome_2022,Signaling By VEGF R-HSA-194138,3/102,0.3426473148705832,1.4658996560833986,1.570057099991903,MTOR;PRKCZ;WASF2,1.0
Reactome_2022,FCGR3A-mediated Phagocytosis R-HSA-9664422,2/60,0.3447755082947065,1.667463257633634,1.7756178831760823,FGR;WASF2,1.0
Reactome_2022,Defects In Vitamin And Cofactor Metabolism R-HSA-3296482,1/21,0.3500787817899415,2.4165431514433786,2.536396584700136,MMACHC,1.0
Reactome_2022,Deregulated CDK5 Triggers Neurodegenerative Pathways In Alzheimers Disease Models R-HSA-8862803,1/21,0.3500787817899415,2.4165431514433786,2.536396584700136,PRDX1,1.0
Reactome_2022,Synaptic Adhesion-Like Molecules R-HSA-8849932,1/21,0.3500787817899415,2.4165431514433786,2.536396584700136,PTPRF,1.0
Reactome_2022,"Synthesis, Secretion, And Inactivation Of Glucagon-like Peptide-1 (GLP-1) R-HSA-381771",1/21,0.3500787817899415,2.4165431514433786,2.536396584700136,GNB1,1.0
Reactome_2022,Cellular Hexose Transport R-HSA-189200,1/21,0.3500787817899415,2.4165431514433786,2.536396584700136,SLC2A1,1.0
Reactome_2022,Presynaptic Function Of Kainate Receptors R-HSA-500657,1/21,0.3500787817899415,2.4165431514433786,2.536396584700136,GNB1,1.0
Reactome_2022,Citric Acid Cycle (TCA Cycle) R-HSA-71403,1/21,0.3500787817899415,2.4165431514433786,2.536396584700136,SDHB,1.0
Reactome_2022,NOTCH2 Activation And Transmission Of Signal To Nucleus R-HSA-2979096,1/21,0.3500787817899415,2.4165431514433786,2.536396584700136,MIB2,1.0
Reactome_2022,TP53 Regulates Transcription Of Additional Cell Cycle Genes With Uncertain Roles In P53 Pathway R-HSA-6804115,1/21,0.3500787817899415,2.4165431514433786,2.536396584700136,PLK3,1.0
Reactome_2022,Selective Autophagy R-HSA-9663891,2/61,0.3521610477474034,1.639117261827522,1.7106920806261854,MFN2;PINK1,1.0
Reactome_2022,Cargo Recognition For Clathrin-Mediated Endocytosis R-HSA-8856825,3/104,0.353756468048118,1.4367245308431376,1.4929673337171638,LDLRAP1;NECAP2;VAMP3,1.0
Reactome_2022,PI3K/AKT Signaling In Cancer R-HSA-2219528,3/105,0.359302873374075,1.4225660141824228,1.456123760004121,CASP9;CLSTN1;MTOR,1.0
Reactome_2022,Diseases Of Signal Transduction By Growth Factor Receptors And Second Messengers R-HSA-5663202,10/424,0.35986364195164533,1.169911648224795,1.195684909046929,AGTRAP;CASP9;CLCN6;CLSTN1;CNKSR1;HDAC1;HEYL;MIB2;MTOR;PSMB2,1.0
Reactome_2022,Blood Group Systems Biosynthesis R-HSA-9033658,1/22,0.363286050151385,2.301352090148861,2.330267976422873,ST3GAL3,1.0
Reactome_2022,Response Of Mtb To Phagocytosis R-HSA-9637690,1/22,0.363286050151385,2.301352090148861,2.330267976422873,ENO1,1.0
Reactome_2022,Laminin Interactions R-HSA-3000157,1/22,0.363286050151385,2.301352090148861,2.330267976422873,HSPG2,1.0
Reactome_2022,Insertion Of Tail-Anchored Proteins Into Endoplasmic Reticulum Membrane R-HSA-9609523,1/22,0.363286050151385,2.301352090148861,2.330267976422873,UBE2J2,1.0
Reactome_2022,ADP Signaling Thru P2Y Purinoceptor 12 R-HSA-392170,1/22,0.363286050151385,2.301352090148861,2.330267976422873,GNB1,1.0
Reactome_2022,RA Biosynthesis Pathway R-HSA-5365859,1/22,0.363286050151385,2.301352090148861,2.330267976422873,DHRS3,1.0
Reactome_2022,Acyl Chain Remodelling Of PS R-HSA-1482801,1/22,0.363286050151385,2.301352090148861,2.330267976422873,PLA2G5,1.0
Reactome_2022,HATs Acetylate Histones R-HSA-3214847,3/106,0.3648424444349713,1.408682420175314,1.4203599433829126,DMAP1;MEAF6;TAF12,1.0
Reactome_2022,Synthesis Of Substrates In N-glycan Biosythesis R-HSA-446219,2/63,0.36684312586294004,1.5852134009503258,1.589685244004497,DHDDS;ST3GAL3,1.0
Reactome_2022,Gene Silencing By RNA R-HSA-211000,3/108,0.3758970645644868,1.3817085803900744,1.3519188570797627,AGO1;AGO3;AGO4,1.0
Reactome_2022,RHOBTB2 GTPase Cycle R-HSA-9013418,1/23,0.3762255768126393,2.1966329435174807,2.147354508526695,SRRM1,1.0
Reactome_2022,RHOBTB1 GTPase Cycle R-HSA-9013422,1/23,0.3762255768126393,2.1966329435174807,2.147354508526695,SRRM1,1.0
Reactome_2022,CD28 Dependent PI3K/Akt Signaling R-HSA-389357,1/23,0.3762255768126393,2.1966329435174807,2.147354508526695,MTOR,1.0
Reactome_2022,Triglyceride Catabolism R-HSA-163560,1/23,0.3762255768126393,2.1966329435174807,2.147354508526695,FABP3,1.0
Reactome_2022,Degradation Of Extracellular Matrix R-HSA-1474228,3/109,0.38141016243157266,1.3686033657774341,1.3191693315891684,COL16A1;COL9A2;HSPG2,1.0
Reactome_2022,Signaling By WNT R-HSA-195721,7/294,0.38846555646103836,1.180206585128388,1.1159452463453923,AGO1;AGO3;AGO4;CTNNBIP1;GNB1;HDAC1;PSMB2,1.0
Reactome_2022,Signaling By Erythropoietin R-HSA-9006335,1/24,0.38890277638284876,2.1010198096366555,1.9842575220700667,CLSTN1,1.0
Reactome_2022,G-protein Activation R-HSA-202040,1/24,0.38890277638284876,2.1010198096366555,1.9842575220700667,GNB1,1.0
Reactome_2022,Synthesis Of Very Long-Chain Fatty acyl-CoAs R-HSA-75876,1/24,0.38890277638284876,2.1010198096366555,1.9842575220700667,ELOVL1,1.0
Reactome_2022,Thromboxane Signaling Thru TP Receptor R-HSA-428930,1/24,0.38890277638284876,2.1010198096366555,1.9842575220700667,GNB1,1.0
Reactome_2022,RHO GTPases Activate NADPH Oxidases R-HSA-5668599,1/24,0.38890277638284876,2.1010198096366555,1.9842575220700667,PRKCZ,1.0
Reactome_2022,"Incretin Synthesis, Secretion, And Inactivation R-HSA-400508",1/24,0.38890277638284876,2.1010198096366555,1.9842575220700667,GNB1,1.0
Reactome_2022,Defective Intrinsic Pathway For Apoptosis R-HSA-9734009,1/24,0.38890277638284876,2.1010198096366555,1.9842575220700667,PRDX1,1.0
Reactome_2022,Impaired BRCA2 Binding To PALB2 R-HSA-9709603,1/24,0.38890277638284876,2.1010198096366555,1.9842575220700667,ARTN,1.0
Reactome_2022,Regulation Of PTEN Stability And Activity R-HSA-8948751,2/67,0.3958021203638719,1.4873571612040306,1.378543433057296,OTUD3;PSMB2,1.0
Reactome_2022,ADP Signaling Thru P2Y Purinoceptor 1 R-HSA-418592,1/25,0.4013229542357001,2.0133744369125655,1.8381883184660535,GNB1,1.0
Reactome_2022,G Beta:Gamma Signaling Thru PI3Kgamma R-HSA-392451,1/25,0.4013229542357001,2.0133744369125655,1.8381883184660535,GNB1,1.0
Reactome_2022,Defective HDR Thru Homologous Recombination (HRR) Due To BRCA1 Loss-Of-Function R-HSA-9701192,1/25,0.4013229542357001,2.0133744369125655,1.8381883184660535,ARTN,1.0
Reactome_2022,Inactivation Of CSF3 (G-CSF) Signaling R-HSA-9705462,1/25,0.4013229542357001,2.0133744369125655,1.8381883184660535,CSF3R,1.0
Reactome_2022,NOTCH3 Intracellular Domain Regulates Transcription R-HSA-9013508,1/25,0.4013229542357001,2.0133744369125655,1.8381883184660535,HEYL,1.0
Reactome_2022,Termination Of O-glycan Biosynthesis R-HSA-977068,1/25,0.4013229542357001,2.0133744369125655,1.8381883184660535,ST3GAL3,1.0
Reactome_2022,Costimulation By CD28 Family R-HSA-388841,2/68,0.40294817954480944,1.4647464391414398,1.3313773386790626,MTOR;TNFRSF14,1.0
Reactome_2022,Transcription Of HIV Genome R-HSA-167172,2/69,0.41005389163053085,1.4428106640060905,1.286217639609254,ELOA;TAF12,1.0
Reactome_2022,Interleukin-20 Family Signaling R-HSA-8854691,1/26,0.4134913087078055,1.9327406940064027,1.7068396106737909,IFNLR1,1.0
Reactome_2022,Infection With Mycobacterium Tuberculosis R-HSA-9635486,1/26,0.4134913087078055,1.9327406940064027,1.7068396106737909,ENO1,1.0
Reactome_2022,Signaling By ALK R-HSA-201556,1/26,0.4134913087078055,1.9327406940064027,1.7068396106737909,HDAC1,1.0
Reactome_2022,Caspase Activation Via Extrinsic Apoptotic Signaling Pathway R-HSA-5357769,1/26,0.4134913087078055,1.9327406940064027,1.7068396106737909,CASP9,1.0
Reactome_2022,Insulin Receptor Recycling R-HSA-77387,1/26,0.4134913087078055,1.9327406940064027,1.7068396106737909,ATP6V0B,1.0
Reactome_2022,Programmed Cell Death R-HSA-5357801,5/208,0.4151705975333462,1.191049440833503,1.0470107876535573,CASP9;DFFA;DFFB;PSMB2;TP73,1.0
Reactome_2022,Diseases Of Programmed Cell Death R-HSA-9645723,2/71,0.424139113707689,1.4008465724428134,1.2014973907915185,PRDX1;RBBP4,1.0
Reactome_2022,"Plasma Lipoprotein Assembly, Remodeling, And Clearance R-HSA-174824",2/71,0.424139113707689,1.4008465724428134,1.2014973907915185,LDLRAP1;TRNP1,1.0
Reactome_2022,ATF4 Activates Genes In Response To Endoplasmic Reticulum Stress R-HSA-380994,1/27,0.42541293325294577,1.8583095467084063,1.5882878299103143,NFYC,1.0
Reactome_2022,Acyl Chain Remodelling Of PC R-HSA-1482788,1/27,0.42541293325294577,1.8583095467084063,1.5882878299103143,PLA2G5,1.0
Reactome_2022,Postmitotic Nuclear Pore Complex (NPC) Reformation R-HSA-9615933,1/27,0.42541293325294577,1.8583095467084063,1.5882878299103143,RCC1,1.0
Reactome_2022,Synthesis Of PC R-HSA-1483191,1/27,0.42541293325294577,1.8583095467084063,1.5882878299103143,MFSD2A,1.0
Reactome_2022,Interleukin Receptor SHC Signaling R-HSA-912526,1/27,0.42541293325294577,1.8583095467084063,1.5882878299103143,CLSTN1,1.0
Reactome_2022,Resolution Of D-loop Structures Thru Synthesis-Dependent Strand Annealing (SDSA) R-HSA-5693554,1/27,0.42541293325294577,1.8583095467084063,1.5882878299103143,ARTN,1.0
Reactome_2022,VEGFR2 Mediated Vascular Permeability R-HSA-5218920,1/27,0.42541293325294577,1.8583095467084063,1.5882878299103143,MTOR,1.0
Reactome_2022,Signaling By BMP R-HSA-201451,1/27,0.42541293325294577,1.8583095467084063,1.5882878299103143,SKI,1.0
Reactome_2022,Protein Localization R-HSA-9609507,4/164,0.4271266182817824,1.208582060109899,1.028110277825098,HMGCL;PEX10;PEX14;UBE2J2,1.0
Reactome_2022,Regulation Of RUNX2 Expression And Activity R-HSA-8939902,2/72,0.4311162145696749,1.3807637571946736,1.1617436766600513,HIVEP3;PSMB2,1.0
Reactome_2022,Interferon Alpha/Beta Signaling R-HSA-909733,2/72,0.4311162145696749,1.3807637571946736,1.1617436766600513,IFI6;ISG15,1.0
Reactome_2022,Digestion And Absorption R-HSA-8963743,1/28,0.43709281855306586,1.7893918177287802,1.4809180379879783,SLC2A5,1.0
Reactome_2022,Notch-HLH Transcription Pathway R-HSA-350054,1/28,0.43709281855306586,1.7893918177287802,1.4809180379879783,HDAC1,1.0
Reactome_2022,"Adrenaline,noradrenaline Inhibits Insulin Secretion R-HSA-400042",1/28,0.43709281855306586,1.7893918177287802,1.4809180379879783,GNB1,1.0
Reactome_2022,Interconversion Of Nucleotide Di- And Triphosphates R-HSA-499943,1/28,0.43709281855306586,1.7893918177287802,1.4809180379879783,CTPS1,1.0
Reactome_2022,Metabolism Of Porphyrins R-HSA-189445,1/28,0.43709281855306586,1.7893918177287802,1.4809180379879783,UROD,1.0
Reactome_2022,Extra-nuclear Estrogen Signaling R-HSA-9009391,2/73,0.43804814560627825,1.3612466550521152,1.1236089983706778,GNB1;PRKCZ,1.0
Reactome_2022,RNA Polymerase II Transcribes snRNA Genes R-HSA-6807505,2/74,0.4449338635760446,1.3422716946357391,1.0870113885357986,INTS11;SSU72,1.0
Reactome_2022,Positive Epigenetic Regulation Of rRNA Expression R-HSA-5250913,2/74,0.4449338635760446,1.3422716946357391,1.0870113885357986,HDAC1;RBBP4,1.0
Reactome_2022,Transport Of Mature mRNA Derived From An Intron-Containing Transcript R-HSA-159236,2/74,0.4449338635760446,1.3422716946357391,1.0870113885357986,SRRM1;SRSF4,1.0
Reactome_2022,Activation Of G Protein Gated Potassium Channels R-HSA-1296041,1/29,0.44853585458688644,1.7253967836762698,1.3833656118351094,GNB1,1.0
Reactome_2022,Activation Of Kainate Receptors Upon Glutamate Binding R-HSA-451326,1/29,0.44853585458688644,1.7253967836762698,1.3833656118351094,GNB1,1.0
Reactome_2022,"FOXO-mediated Transcription Of Oxidative Stress, Metabolic And Neuronal Genes R-HSA-9615017",1/29,0.44853585458688644,1.7253967836762698,1.3833656118351094,HDAC1,1.0
Reactome_2022,Acyl Chain Remodelling Of PE R-HSA-1482839,1/29,0.44853585458688644,1.7253967836762698,1.3833656118351094,PLA2G5,1.0
Reactome_2022,Processing Of Capped Intronless Pre-mRNA R-HSA-75067,1/29,0.44853585458688644,1.7253967836762698,1.3833656118351094,LSM10,1.0
Reactome_2022,ISG15 Antiviral Mechanism R-HSA-1169408,2/75,0.4517723859576435,1.3238165961485788,1.051873950617009,EIF4G3;ISG15,1.0
Reactome_2022,SUMOylation Of DNA Damage Response And Repair Proteins R-HSA-3108214,2/76,0.4585627889254206,1.3058602841070173,1.0181244858661687,PHC2;SCMH1,1.0
Reactome_2022,Translation Of Structural Proteins R-HSA-9683701,1/30,0.4597468326569739,1.6658152002480708,1.2944705177239204,ST3GAL3,1.0
Reactome_2022,Signaling By CSF3 (G-CSF) R-HSA-9674555,1/30,0.4597468326569739,1.6658152002480708,1.2944705177239204,CSF3R,1.0
Reactome_2022,Activation Of BH3-only Proteins R-HSA-114452,1/30,0.4597468326569739,1.6658152002480708,1.2944705177239204,TP73,1.0
Reactome_2022,Biosynthesis Of N-glycan Precursor (Dolichol LLO) And Transfer To Protein R-HSA-446193,2/77,0.4653042053817922,1.2883828070532308,0.9856951520872002,DHDDS;ST3GAL3,1.0
Reactome_2022,Regulation Of Insulin Secretion R-HSA-422356,2/77,0.4653042053817922,1.2883828070532308,0.9856951520872002,GNB1;SLC2A1,1.0
Reactome_2022,RHO GTPase Effectors R-HSA-195258,6/269,0.46566209611401443,1.1025284901173962,0.8426570382803974,DHDDS;KDM1A;NUDC;PRKCZ;RCC2;WASF2,1.0
Reactome_2022,MAPK Family Signaling Cascades R-HSA-5683057,7/318,0.46773308275102254,1.0877756826714506,0.826554490965394,AGO1;AGO3;AGO4;ARTN;CNKSR1;ICMT;PSMB2,1.0
Reactome_2022,Activated NOTCH1 Transmits Signal To Nucleus R-HSA-2122948,1/31,0.4707304473761166,1.6102057223817519,1.213241137812878,MIB2,1.0
Reactome_2022,Glyoxylate Metabolism And Glycine Degradation R-HSA-389661,1/31,0.4707304473761166,1.6102057223817519,1.213241137812878,ALDH4A1,1.0
Reactome_2022,Transferrin Endocytosis And Recycling R-HSA-917977,1/31,0.4707304473761166,1.6102057223817519,1.213241137812878,ATP6V0B,1.0
Reactome_2022,Antigen Activates B Cell Receptor Leading To Second Messenger Generation R-HSA-983695,1/31,0.4707304473761166,1.6102057223817519,1.213241137812878,CLSTN1,1.0
Reactome_2022,Pausing And Recovery Of Tat-mediated HIV Elongation R-HSA-167238,1/31,0.4707304473761166,1.6102057223817519,1.213241137812878,ELOA,1.0
Reactome_2022,Nuclear Events Mediated By NFE2L2 R-HSA-9759194,2/78,0.471995823045005,1.271365263606123,0.9545221511357977,PRDX1;PSMB2,1.0
Reactome_2022,RNA Polymerase I Promoter Clearance R-HSA-73854,2/78,0.471995823045005,1.271365263606123,0.9545221511357977,HDAC1;RBBP4,1.0
Reactome_2022,Ion Channel Transport R-HSA-983712,4/175,0.4763705462413188,1.130196940842036,0.8381080173923667,ATP13A2;ATP6V0B;CLCN6;SCNN1D,1.0
Reactome_2022,RNA Polymerase I Transcription R-HSA-73864,2/79,0.4786368825908351,1.2547897342745244,0.9245454424079348,HDAC1;RBBP4,1.0
Reactome_2022,Nuclear Signaling By ERBB4 R-HSA-1251985,1/32,0.4814912986137994,1.5581839527648724,1.1388254169310166,STMN1,1.0
Reactome_2022,PERK Regulates Gene Expression R-HSA-381042,1/32,0.4814912986137994,1.5581839527648724,1.1388254169310166,NFYC,1.0
Reactome_2022,Thrombin Signaling Thru Proteinase Activated Receptors (PARs) R-HSA-456926,1/32,0.4814912986137994,1.5581839527648724,1.1388254169310166,GNB1,1.0
Reactome_2022,Termination Of Translesion DNA Synthesis R-HSA-5656169,1/32,0.4814912986137994,1.5581839527648724,1.1388254169310166,ISG15,1.0
Reactome_2022,"Inactivation, Recovery And Regulation Of Phototransduction Cascade R-HSA-2514859",1/32,0.4814912986137994,1.5581839527648724,1.1388254169310166,GNB1,1.0
Reactome_2022,G-protein Beta:Gamma Signaling R-HSA-397795,1/32,0.4814912986137994,1.5581839527648724,1.1388254169310166,GNB1,1.0
Reactome_2022,Gluconeogenesis R-HSA-70263,1/32,0.4814912986137994,1.5581839527648724,1.1388254169310166,ENO1,1.0
Reactome_2022,Glucagon Signaling In Metabolic Regulation R-HSA-163359,1/32,0.4814912986137994,1.5581839527648724,1.1388254169310166,GNB1,1.0
Reactome_2022,Signaling By NOTCH2 R-HSA-1980145,1/32,0.4814912986137994,1.5581839527648724,1.1388254169310166,MIB2,1.0
Reactome_2022,G1/S Transition R-HSA-69206,3/129,0.4883295290155462,1.150183122233433,0.8244108177151963,HDAC1;PSMB2;RBBP4,1.0
Reactome_2022,RAC1 GTPase Cycle R-HSA-9013149,4/178,0.4895289263250962,1.1105392306808164,0.7932711937048146,DHDDS;EPHA2;VAMP3;WASF2,1.0
Reactome_2022,Centrosome Maturation R-HSA-380287,2/81,0.49176454403778624,1.2228975765732208,0.8679579703784271,CDK11A;CDK11B,1.0
Reactome_2022,Signal Amplification R-HSA-392518,1/33,0.4920338934036032,1.5094135437490483,1.0704876712298748,GNB1,1.0
Reactome_2022,Glucagon-type Ligand Receptors R-HSA-420092,1/33,0.4920338934036032,1.5094135437490483,1.0704876712298748,GNB1,1.0
Reactome_2022,Signaling By High-Kinase Activity BRAF Mutants R-HSA-6802948,1/33,0.4920338934036032,1.5094135437490483,1.0704876712298748,CNKSR1,1.0
Reactome_2022,Resolution Of D-loop Structures Thru Holliday Junction Intermediates R-HSA-5693568,1/33,0.4920338934036032,1.5094135437490483,1.0704876712298748,ARTN,1.0
Reactome_2022,Sialic Acid Metabolism R-HSA-4085001,1/33,0.4920338934036032,1.5094135437490483,1.0704876712298748,ST3GAL3,1.0
Reactome_2022,HIV Elongation Arrest And Recovery R-HSA-167287,1/33,0.4920338934036032,1.5094135437490483,1.0704876712298748,ELOA,1.0
Reactome_2022,Phototransduction Cascade R-HSA-2514856,1/33,0.4920338934036032,1.5094135437490483,1.0704876712298748,GNB1,1.0
Reactome_2022,Plasma Lipoprotein Remodeling R-HSA-8963899,1/33,0.4920338934036032,1.5094135437490483,1.0704876712298748,TRNP1,1.0
Reactome_2022,NOD1/2 Signaling Pathway R-HSA-168638,1/33,0.4920338934036032,1.5094135437490483,1.0704876712298748,CASP9,1.0
Reactome_2022,Major Pathway Of rRNA Processing In Nucleolus And Cytosol R-HSA-6791226,4/179,0.49388508629142364,1.1041364336568764,0.7789157055497127,EBNA1BP2;EXOSC10;NOL9;UTP11,1.0
Reactome_2022,Cyclin E Associated Events During G1/S Transition R-HSA-69202,2/82,0.49824987608097077,1.2075494756794685,0.8412436514905043,PSMB2;RBBP4,1.0
Reactome_2022,Resolution Of D-Loop Structures R-HSA-5693537,1/34,0.502362647812284,1.4635989170978194,1.007589813930351,ARTN,1.0
Reactome_2022,Detoxification Of Reactive Oxygen Species R-HSA-3299685,1/34,0.502362647812284,1.4635989170978194,1.007589813930351,PRDX1,1.0
Reactome_2022,CD28 Co-Stimulation R-HSA-389356,1/34,0.502362647812284,1.4635989170978194,1.007589813930351,MTOR,1.0
Reactome_2022,Nuclear Import Of Rev Protein R-HSA-180746,1/34,0.502362647812284,1.4635989170978194,1.007589813930351,RCC1,1.0
Reactome_2022,COPI-independent Golgi-to-ER Retrograde Traffic R-HSA-6811436,1/34,0.502362647812284,1.4635989170978194,1.007589813930351,CAPZB,1.0
Reactome_2022,Transcriptional Regulation By E2F6 R-HSA-8953750,1/34,0.502362647812284,1.4635989170978194,1.007589813930351,RBBP4,1.0
Reactome_2022,Intra-Golgi And Retrograde Golgi-to-ER Traffic R-HSA-6811442,4/181,0.5025502397406567,1.0915478835759094,0.7510500705186834,CAPZB;KIF1B;MAN1C1;VAMP3,1.0
Reactome_2022,Antiviral Mechanism By IFN-stimulated Genes R-HSA-1169410,2/83,0.5046821069300672,1.1925803402398827,0.8155180867211748,EIF4G3;ISG15,1.0
Reactome_2022,Transport Of Mature Transcript To Cytoplasm R-HSA-72202,2/83,0.5046821069300672,1.1925803402398827,0.8155180867211748,SRRM1;SRSF4,1.0
Reactome_2022,Hemostasis R-HSA-109582,12/576,0.5048506817287347,1.0276487486232362,0.7023902875152588,CAP1;CAPZB;FGR;GNB1;HDAC1;KDM1A;KIF1B;MFN2;PAFAH2;PDPN;PRKCZ;SDC3,1.0
Reactome_2022,Cellular Response To Chemical Stress R-HSA-9711123,4/182,0.5068585258204947,1.0853596918226251,0.737527260367882,MUL1;PRDX1;PSMB2;SESN2,1.0
Reactome_2022,G2/M Transition R-HSA-69275,4/182,0.5068585258204947,1.0853596918226251,0.737527260367882,CDK11A;CDK11B;PSMB2;RBBP4,1.0
Reactome_2022,Degradation Of Beta-Catenin By Destruction Complex R-HSA-195253,2/84,0.5110607159663176,1.1779763056646775,0.7907364769422005,HDAC1;PSMB2,1.0
Reactome_2022,Cyclin A:Cdk2-associated Events At S Phase Entry R-HSA-69656,2/84,0.5110607159663176,1.1779763056646775,0.7907364769422005,PSMB2;RBBP4,1.0
Reactome_2022,Negative Regulators Of DDX58/IFIH1 Signaling R-HSA-936440,1/35,0.5124818887713251,1.4204792684848984,0.9495760549042143,ISG15,1.0
Reactome_2022,Gene And Protein Expression By JAK-STAT Signaling After Interleukin-12 Stimulation R-HSA-8950505,1/35,0.5124818887713251,1.4204792684848984,0.9495760549042143,AURKAIP1,1.0
Reactome_2022,RHOBTB GTPase Cycle R-HSA-9706574,1/35,0.5124818887713251,1.4204792684848984,0.9495760549042143,SRRM1,1.0
Reactome_2022,Plasma Lipoprotein Clearance R-HSA-8964043,1/35,0.5124818887713251,1.4204792684848984,0.9495760549042143,LDLRAP1,1.0
Reactome_2022,Inwardly Rectifying K+ Channels R-HSA-1296065,1/35,0.5124818887713251,1.4204792684848984,0.9495760549042143,GNB1,1.0
Reactome_2022,Impaired BRCA2 Binding To RAD51 R-HSA-9709570,1/35,0.5124818887713251,1.4204792684848984,0.9495760549042143,ARTN,1.0
Reactome_2022,Rev-mediated Nuclear Export Of HIV RNA R-HSA-165054,1/35,0.5124818887713251,1.4204792684848984,0.9495760549042143,RCC1,1.0
Reactome_2022,SARS-CoV-2 Infection R-HSA-9694516,6/283,0.5146725016603612,1.046046905798286,0.694809982673723,AGRN;DDOST;HSPG2;ISG15;SDC3;ST3GAL3,1.0
Reactome_2022,Mitotic G2-G2/M Phases R-HSA-453274,4/184,0.5154248146635595,1.0731895813744992,0.7112712431762093,CDK11A;CDK11B;PSMB2;RBBP4,1.0
Reactome_2022,Hedgehog On State R-HSA-5632684,2/85,0.5173852254357802,1.163724175537067,0.7668564863300058,PSMB2;PTCH2,1.0
Reactome_2022,RHO GTPases Activate WASPs And WAVEs R-HSA-5663213,1/36,0.5223958558716933,1.3798235997927155,0.8959603529216088,WASF2,1.0
Reactome_2022,RHOH GTPase Cycle R-HSA-9013407,1/36,0.5223958558716933,1.3798235997927155,0.8959603529216088,VAMP3,1.0
Reactome_2022,Activated PKN1 Stimulates Transcription Of Androgen Receptor Regulated KLK2 And KLK3 R-HSA-5625886,1/36,0.5223958558716933,1.3798235997927155,0.8959603529216088,KDM1A,1.0
Reactome_2022,Glutathione Conjugation R-HSA-156590,1/36,0.5223958558716933,1.3798235997927155,0.8959603529216088,AKR1A1,1.0
Reactome_2022,Regulation Of TP53 Degradation R-HSA-6804757,1/36,0.5223958558716933,1.3798235997927155,0.8959603529216088,MTOR,1.0
Reactome_2022,ROS And RNS Production In Phagocytes R-HSA-1222556,1/36,0.5223958558716933,1.3798235997927155,0.8959603529216088,ATP6V0B,1.0
Reactome_2022,HSF1-dependent Transactivation R-HSA-3371571,1/36,0.5223958558716933,1.3798235997927155,0.8959603529216088,MTOR,1.0
Reactome_2022,Late Phase Of HIV Life Cycle R-HSA-162599,3/136,0.5236466464376808,1.0892553700869487,0.7046808659716566,ELOA;RCC1;TAF12,1.0
Reactome_2022,Fcgamma Receptor (FCGR) Dependent Phagocytosis R-HSA-2029480,2/87,0.5298702399191609,1.136225947996737,0.7216433836069509,FGR;WASF2,1.0
Reactome_2022,Triglyceride Metabolism R-HSA-8979227,1/37,0.5321087031225491,1.3414265793612092,0.8463160645807797,FABP3,1.0
Reactome_2022,MAP2K And MAPK Activation R-HSA-5674135,1/37,0.5321087031225491,1.3414265793612092,0.8463160645807797,CNKSR1,1.0
Reactome_2022,Cooperation Of PDCL (PhLP1) And TRiC/CCT In G-protein Beta Folding R-HSA-6814122,1/37,0.5321087031225491,1.3414265793612092,0.8463160645807797,GNB1,1.0
Reactome_2022,Cleavage Of Damaged Purine R-HSA-110331,1/37,0.5321087031225491,1.3414265793612092,0.8463160645807797,MUTYH,1.0
Reactome_2022,RHOV GTPase Cycle R-HSA-9013424,1/37,0.5321087031225491,1.3414265793612092,0.8463160645807797,EPHA2,1.0
Reactome_2022,Regulation Of TP53 Expression And Degradation R-HSA-6806003,1/37,0.5321087031225491,1.3414265793612092,0.8463160645807797,MTOR,1.0
Reactome_2022,HDR Thru Single Strand Annealing (SSA) R-HSA-5685938,1/37,0.5321087031225491,1.3414265793612092,0.8463160645807797,ARTN,1.0
Reactome_2022,Interactions Of Rev With Host Cellular Proteins R-HSA-177243,1/37,0.5321087031225491,1.3414265793612092,0.8463160645807797,RCC1,1.0
Reactome_2022,Protein-protein Interactions At Synapses R-HSA-6794362,2/88,0.5360299903058571,1.1229564544743682,0.7002365295322959,EPB41;PTPRF,1.0
Reactome_2022,rRNA Processing In Nucleus And Cytosol R-HSA-8868773,4/189,0.5365323494636229,1.0439155319181965,0.6499714798172401,EBNA1BP2;EXOSC10;NOL9;UTP11,1.0
Reactome_2022,FCGR3A-mediated IL10 Synthesis R-HSA-9664323,1/38,0.5416245006746325,1.3051050735476224,0.8002673579182176,FGR,1.0
Reactome_2022,Fanconi Anemia Pathway R-HSA-6783310,1/38,0.5416245006746325,1.3051050735476224,0.8002673579182176,FAAP20,1.0
Reactome_2022,HSP90 Chaperone Cycle For Steroid Hormone Receptors (SHR) In Presence Of Ligand R-HSA-3371497,1/38,0.5416245006746325,1.3051050735476224,0.8002673579182176,CAPZB,1.0
Reactome_2022,Resolution Of Abasic Sites (AP Sites) R-HSA-73933,1/38,0.5416245006746325,1.3051050735476224,0.8002673579182176,MUTYH,1.0
Reactome_2022,Signaling By RAF1 Mutants R-HSA-9656223,1/38,0.5416245006746325,1.3051050735476224,0.8002673579182176,CNKSR1,1.0
Reactome_2022,Assembly Of ORC Complex At Origin Of Replication R-HSA-68616,1/38,0.5416245006746325,1.3051050735476224,0.8002673579182176,KPNA6,1.0
Reactome_2022,Association Of TriC/CCT With Target Proteins During Biosynthesis R-HSA-390471,1/38,0.5416245006746325,1.3051050735476224,0.8002673579182176,FBXO6,1.0
Reactome_2022,Mitochondrial Biogenesis R-HSA-1592230,2/89,0.5421341290495703,1.1099920067801,0.67958354593806,DNAJC11;MICOS10,1.0
Reactome_2022,ER-Phagosome Pathway R-HSA-1236974,2/89,0.5421341290495703,1.1099920067801,0.67958354593806,PSMB2;VAMP3,1.0
Reactome_2022,Unfolded Protein Response (UPR) R-HSA-381119,2/89,0.5421341290495703,1.1099920067801,0.67958354593806,NFYC;ZBTB17,1.0
Reactome_2022,Chaperonin-mediated Protein Folding R-HSA-390466,2/90,0.5481823708095813,1.097322205624338,0.6596522306088085,FBXO6;GNB1,1.0
Reactome_2022,Respiratory Electron Transport R-HSA-611105,2/90,0.5481823708095813,1.097322205624338,0.6596522306088085,NDUFS5;SDHB,1.0
Reactome_2022,Synthesis Of PA R-HSA-1483166,1/39,0.5509472365090232,1.2706952259347508,0.7574820525522384,PLA2G5,1.0
Reactome_2022,NGF-stimulated Transcription R-HSA-9031628,1/39,0.5509472365090232,1.2706952259347508,0.7574820525522384,ID3,1.0
Reactome_2022,Ovarian Tumor Domain Proteases R-HSA-5689896,1/39,0.5509472365090232,1.2706952259347508,0.7574820525522384,OTUD3,1.0
Reactome_2022,RHOU GTPase Cycle R-HSA-9013420,1/39,0.5509472365090232,1.2706952259347508,0.7574820525522384,EPHA2,1.0
Reactome_2022,Clathrin-mediated Endocytosis R-HSA-8856828,3/142,0.5528289219233479,1.0419158216565867,0.6175504768011654,LDLRAP1;NECAP2;VAMP3,1.0
Reactome_2022,Presynaptic Phase Of Homologous DNA Pairing And Strand Exchange R-HSA-5693616,1/40,0.5600808180919766,1.23804998589177,0.7176656198349693,ARTN,1.0
Reactome_2022,Class B/2 (Secretin Family Receptors) R-HSA-373080,2/92,0.5601101926972653,1.0728272567231978,0.621834003338809,GNB1;PTCH2,1.0
Reactome_2022,Post-translational Modification: Synthesis Of GPI-anchored Proteins R-HSA-163125,2/92,0.5601101926972653,1.0728272567231978,0.621834003338809,ALPL;PIGV,1.0
Reactome_2022,Cytokine Signaling In Immune System R-HSA-1280215,14/702,0.5655085802238211,0.9814160884397889,0.5594364271421619,AURKAIP1;CLSTN1;CSF3R;EIF4G3;IFI6;IFNLR1;ISG15;PSMB2;TNFRSF14;TNFRSF18;TNFRSF1B;TNFRSF25;TRIM62;TXLNA,1.0
Reactome_2022,Unattached Kinetochores Signal Amplification Via A MAD2 Inhibitory Signal R-HSA-141444,2/93,0.5659893690458011,1.0609835451666025,0.603890596795293,NUDC;RCC2,1.0
Reactome_2022,Signaling By Retinoic Acid R-HSA-5362517,1/41,0.5690290739965186,1.207037007850938,0.6805561315596275,DHRS3,1.0
Reactome_2022,Paradoxical Activation Of RAF Signaling By Kinase Inactive BRAF R-HSA-6802955,1/41,0.5690290739965186,1.207037007850938,0.6805561315596275,CNKSR1,1.0
Reactome_2022,Defective Homologous Recombination Repair (HRR) Due To BRCA2 Loss Of Function R-HSA-9701190,1/41,0.5690290739965186,1.207037007850938,0.6805561315596275,ARTN,1.0
Reactome_2022,"Sensory Perception Of Sweet, Bitter, And Umami (Glutamate) Taste R-HSA-9717207",1/41,0.5690290739965186,1.207037007850938,0.6805561315596275,GNB1,1.0
Reactome_2022,Carboxyterminal Post-Translational Modifications Of Tubulin R-HSA-8955332,1/41,0.5690290739965186,1.207037007850938,0.6805561315596275,SVBP,1.0
Reactome_2022,Mitotic G1 Phase And G1/S Transition R-HSA-453279,3/147,0.5763215460645809,1.0054797108855325,0.5541093456688789,HDAC1;PSMB2;RBBP4,1.0
Reactome_2022,rRNA Processing R-HSA-72312,4/199,0.5773073457062825,0.9898711329219454,0.5438158907654572,EBNA1BP2;EXOSC10;NOL9;UTP11,1.0
Reactome_2022,NS1 Mediated Effects On Host Pathways R-HSA-168276,1/42,0.577795755491454,1.17753685800722,0.6459199884204812,ISG15,1.0
Reactome_2022,Kinesins R-HSA-983189,1/42,0.577795755491454,1.17753685800722,0.6459199884204812,KIF1B,1.0
Reactome_2022,Defective Pyroptosis R-HSA-9710421,1/42,0.577795755491454,1.17753685800722,0.6459199884204812,RBBP4,1.0
Reactome_2022,Intra-Golgi Traffic R-HSA-6811438,1/42,0.577795755491454,1.17753685800722,0.6459199884204812,MAN1C1,1.0
Reactome_2022,Signaling By SCF-KIT R-HSA-1433557,1/42,0.577795755491454,1.17753685800722,0.6459199884204812,PTPRU,1.0
Reactome_2022,Activation Of Gene Expression By SREBF (SREBP) R-HSA-2426168,1/42,0.577795755491454,1.17753685800722,0.6459199884204812,NFYC,1.0
Reactome_2022,PRC2 Methylates Histones And DNA R-HSA-212300,1/42,0.577795755491454,1.17753685800722,0.6459199884204812,RBBP4,1.0
Reactome_2022,Glucagon-like Peptide-1 (GLP1) Regulates Insulin Secretion R-HSA-381676,1/42,0.577795755491454,1.17753685800722,0.6459199884204812,GNB1,1.0
Reactome_2022,Vasopressin Regulates Renal Water Homeostasis Via Aquaporins R-HSA-432040,1/42,0.577795755491454,1.17753685800722,0.6459199884204812,GNB1,1.0
Reactome_2022,tRNA Modification In Nucleus And Cytosol R-HSA-6782315,1/42,0.577795755491454,1.17753685800722,0.6459199884204812,TRIT1,1.0
Reactome_2022,Activation Of GABAB Receptors R-HSA-991365,1/42,0.577795755491454,1.17753685800722,0.6459199884204812,GNB1,1.0
Reactome_2022,Interferon Signaling R-HSA-913531,4/200,0.5812720824995923,0.9847700034248502,0.5342735049358824,EIF4G3;IFI6;ISG15;TRIM62,1.0
Reactome_2022,Protein Folding R-HSA-391251,2/96,0.583286181665852,1.0269643736742544,0.553613218141537,FBXO6;GNB1,1.0
Reactome_2022,HIV Life Cycle R-HSA-162587,3/149,0.5855000597875992,0.9916040413042269,0.530794729548117,ELOA;RCC1;TAF12,1.0
Reactome_2022,DNA Double-Strand Break Repair R-HSA-5693532,3/149,0.5855000597875992,0.9916040413042269,0.530794729548117,ARTN;EYA3;KDM4A,1.0
Reactome_2022,Homologous DNA Pairing And Strand Exchange R-HSA-5693579,1/43,0.5863845380984521,1.149441477203679,0.6135482926781658,ARTN,1.0
Reactome_2022,GPER1 Signaling R-HSA-9634597,1/43,0.5863845380984521,1.149441477203679,0.6135482926781658,GNB1,1.0
Reactome_2022,Formation Of HIV-1 Elongation Complex Containing HIV-1 Tat R-HSA-167200,1/43,0.5863845380984521,1.149441477203679,0.6135482926781658,ELOA,1.0
Reactome_2022,EML4 And NUDC In Mitotic Spindle Formation R-HSA-9648025,2/97,0.5889378881401891,1.0161021118995048,0.5379595683951884,NUDC;RCC2,1.0
Reactome_2022,RUNX1 Regulates Transcription Of Genes Involved In Differentiation Of HSCs R-HSA-8939236,2/98,0.5945325506809507,1.0054661472450623,0.5228220975255212,PSMB2;TP73,1.0
Reactome_2022,TP53 Regulates Transcription Of Cell Death Genes R-HSA-5633008,1/44,0.5947990231178454,1.1226528582979771,0.5832537555798458,TP73,1.0
Reactome_2022,"Base-Excision Repair, AP Site Formation R-HSA-73929",1/44,0.5947990231178454,1.1226528582979771,0.5832537555798458,MUTYH,1.0
Reactome_2022,"Interleukin-3, Interleukin-5 And GM-CSF Signaling R-HSA-512988",1/44,0.5947990231178454,1.1226528582979771,0.5832537555798458,CLSTN1,1.0
Reactome_2022,Interleukin-2 Family Signaling R-HSA-451927,1/44,0.5947990231178454,1.1226528582979771,0.5832537555798458,CLSTN1,1.0
Reactome_2022,Interleukin-12 Signaling R-HSA-9020591,1/44,0.5947990231178454,1.1226528582979771,0.5832537555798458,AURKAIP1,1.0
Reactome_2022,TBC/RABGAPs R-HSA-8854214,1/45,0.6030427391237655,1.0970819038879889,0.5548680506880881,SYTL1,1.0
Reactome_2022,Interleukin-10 Signaling R-HSA-6783783,1/45,0.6030427391237655,1.0970819038879889,0.5548680506880881,TNFRSF1B,1.0
Reactome_2022,Glycosphingolipid Metabolism R-HSA-1660662,1/45,0.6030427391237655,1.0970819038879889,0.5548680506880881,CPTP,1.0
Reactome_2022,Formation Of HIV Elongation Complex In Absence Of HIV Tat R-HSA-167152,1/45,0.6030427391237655,1.0970819038879889,0.5548680506880881,ELOA,1.0
Reactome_2022,Stimuli-sensing Channels R-HSA-2672351,2/100,0.6055506937092178,0.9848453994456332,0.494015192203029,CLCN6;SCNN1D,1.0
Reactome_2022,XBP1(S) Activates Chaperone Genes R-HSA-381038,1/46,0.6111191434292407,1.072647436340667,0.5282395406346738,ZBTB17,1.0
Reactome_2022,HIV Transcription Initiation R-HSA-167161,1/46,0.6111191434292407,1.072647436340667,0.5282395406346738,TAF12,1.0
Reactome_2022,Axon Guidance R-HSA-422475,10/519,0.6112678821910182,0.9468456434708366,0.46605634700886206,AGRN;ARTN;CAP1;CLSTN1;COL9A2;EPHA10;EPHA2;EPHB2;PSMB2;RAP1GAP,1.0
Reactome_2022,G Alpha (Z) Signaling Events R-HSA-418597,1/47,0.6190316235218402,1.0492753369475762,0.5032313178811124,GNB1,1.0
Reactome_2022,PKMTs Methylate Histone Lysines R-HSA-3214841,1/47,0.6190316235218402,1.0492753369475762,0.5032313178811124,RBBP4,1.0
Reactome_2022,Innate Immune System R-HSA-168249,20/1035,0.6227403159245943,0.9484162193358059,0.44919427250318866,ATAD3B;ATP6V0B;C1QA;C1QB;C1QC;CAP1;CASP9;DDOST;FGR;FUCA1;ISG15;KCNAB2;PADI2;PPIE;PSMB2;SLC2A5;TINAGL1;TNFRSF1B;UBR4;WASF2,1.0
Reactome_2022,Retrograde Transport At Trans-Golgi-Network R-HSA-6811440,1/48,0.6267834984704764,1.0268977949754683,0.4797195105553678,VAMP3,1.0
Reactome_2022,Cross-presentation Of Soluble Exogenous Antigens (Endosomes) R-HSA-1236978,1/48,0.6267834984704764,1.0268977949754683,0.4797195105553678,PSMB2,1.0
Reactome_2022,IRE1alpha Activates Chaperones R-HSA-381070,1/48,0.6267834984704764,1.0268977949754683,0.4797195105553678,ZBTB17,1.0
Reactome_2022,Antigen processing-Cross Presentation R-HSA-1236975,2/104,0.6269032016254474,0.9460298741761194,0.44176107456237956,PSMB2;VAMP3,1.0
Reactome_2022,Integration Of Energy Metabolism R-HSA-163685,2/105,0.6320993245041152,0.9367970550586137,0.4297169950360345,GNB1;SLC2A1,1.0
Reactome_2022,Regulation Of Activated PAK-2p34 By Proteasome Mediated Degradation R-HSA-211733,1/49,0.6343780203039258,1.0054526505855312,0.45759181289527556,PSMB2,1.0
Reactome_2022,TP53 Regulates Transcription Of Cell Cycle Genes R-HSA-6791312,1/49,0.6343780203039258,1.0054526505855312,0.45759181289527556,PLK3,1.0
Reactome_2022,RMTs Methylate Histone Arginines R-HSA-3214858,1/49,0.6343780203039258,1.0054526505855312,0.45759181289527556,ARID1A,1.0
Reactome_2022,Post-translational Protein Phosphorylation R-HSA-8957275,2/106,0.6372388798900599,0.9277417901549061,0.4180503645213985,MXRA8;VWA1,1.0
Reactome_2022,Resolution Of Sister Chromatid Cohesion R-HSA-2500257,2/106,0.6372388798900599,0.9277417901549061,0.4180503645213985,NUDC;RCC2,1.0
Reactome_2022,Aquaporin-mediated Transport R-HSA-445717,1/50,0.6418183753616474,0.9848828182115101,0.43674620668751407,GNB1,1.0
Reactome_2022,Regulation Of Ornithine Decarboxylase (ODC) R-HSA-350562,1/50,0.6418183753616474,0.9848828182115101,0.43674620668751407,PSMB2,1.0
Reactome_2022,"Formation Of Ternary Complex, And Subsequently, 43S Complex R-HSA-72695",1/50,0.6418183753616474,0.9848828182115101,0.43674620668751407,EIF3I,1.0
Reactome_2022,Ubiquitin Mediated Degradation Of Phosphorylated Cdc25A R-HSA-69601,1/51,0.6491076856174456,0.96513577913245,0.41708984567593693,PSMB2,1.0
Reactome_2022,GSK3B And BTRC:CUL1-mediated-degradation Of NFE2L2 R-HSA-9762114,1/51,0.6491076856174456,0.96513577913245,0.41708984567593693,PSMB2,1.0
Reactome_2022,Ubiquitin-dependent Degradation Of Cyclin D R-HSA-75815,1/51,0.6491076856174456,0.96513577913245,0.41708984567593693,PSMB2,1.0
Reactome_2022,Synthesis Of PIPs At Plasma Membrane R-HSA-1660499,1/51,0.6491076856174456,0.96513577913245,0.41708984567593693,CLSTN1,1.0
Reactome_2022,Autodegradation Of E3 Ubiquitin Ligase COP1 R-HSA-349425,1/51,0.6491076856174456,0.96513577913245,0.41708984567593693,PSMB2,1.0
Reactome_2022,Vpu Mediated Degradation Of CD4 R-HSA-180534,1/51,0.6491076856174456,0.96513577913245,0.41708984567593693,PSMB2,1.0
Reactome_2022,Complex I Biogenesis R-HSA-6799198,1/51,0.6491076856174456,0.96513577913245,0.41708984567593693,NDUFS5,1.0
Reactome_2022,Nonhomologous End-Joining (NHEJ) R-HSA-5693571,1/51,0.6491076856174456,0.96513577913245,0.41708984567593693,ARTN,1.0
Reactome_2022,Signaling By B Cell Receptor (BCR) R-HSA-983705,2/109,0.6523197206919934,0.9015915391713023,0.3851783593886279,CLSTN1;PSMB2,1.0
Reactome_2022,Signaling By PDGF R-HSA-186797,1/52,0.6562490099765272,0.9461631337427646,0.39853807948083186,COL9A2,1.0
Reactome_2022,Regulation Of Apoptosis R-HSA-169911,1/52,0.6562490099765272,0.9461631337427646,0.39853807948083186,PSMB2,1.0
Reactome_2022,SARS-CoV-1 Infection R-HSA-9678108,1/52,0.6562490099765272,0.9461631337427646,0.39853807948083186,ST3GAL3,1.0
Reactome_2022,Signaling By Non-Receptor Tyrosine Kinases R-HSA-9006927,1/52,0.6562490099765272,0.9461631337427646,0.39853807948083186,KHDRBS1,1.0
Reactome_2022,Formation Of TC-NER Pre-Incision Complex R-HSA-6781823,1/52,0.6562490099765272,0.9461631337427646,0.39853807948083186,PPIE,1.0
Reactome_2022,Assembly Of Pre-Replicative Complex R-HSA-68867,2/110,0.6572346687904456,0.8931976314481701,0.37488767746834417,KPNA6;PSMB2,1.0
Reactome_2022,Mitotic Spindle Checkpoint R-HSA-69618,2/110,0.6572346687904456,0.8931976314481701,0.37488767746834417,NUDC;RCC2,1.0
Reactome_2022,Ion Transport By P-type ATPases R-HSA-936837,1/53,0.6632453455464855,0.9279202054834518,0.38101359732225565,ATP13A2,1.0
Reactome_2022,"Nucleotide-binding Domain, Leucine Rich Repeat Containing NLR Signaling Pathways R-HSA-168643",1/53,0.6632453455464855,0.9279202054834518,0.38101359732225565,CASP9,1.0
Reactome_2022,Deposition Of New CENPA-containing Nucleosomes At Centromere R-HSA-606279,1/53,0.6632453455464855,0.9279202054834518,0.38101359732225565,RBBP4,1.0
Reactome_2022,Negative Regulation Of NOTCH4 Signaling R-HSA-9604323,1/53,0.6632453455464855,0.9279202054834518,0.38101359732225565,PSMB2,1.0
Reactome_2022,Vif-mediated Degradation Of APOBEC3G R-HSA-180585,1/53,0.6632453455464855,0.9279202054834518,0.38101359732225565,PSMB2,1.0
Reactome_2022,SUMO E3 Ligases SUMOylate Target Proteins R-HSA-3108232,3/168,0.6661756098695686,0.87656212623013,0.3560612578702888,HDAC1;PHC2;SCMH1,1.0
Reactome_2022,"Respiratory Electron Transport, ATP Synthesis By Chemiosmotic Coupling, Heat Production By Uncoupling Proteins R-HSA-163200",2/112,0.6668978262546574,0.8768676655140767,0.35523525094172187,NDUFS5;SDHB,1.0
Reactome_2022,Golgi-to-ER Retrograde Transport R-HSA-8856688,2/112,0.6668978262546574,0.8768676655140767,0.35523525094172187,CAPZB;KIF1B,1.0
Reactome_2022,Pyruvate Metabolism And Citric Acid (TCA) Cycle R-HSA-71406,1/54,0.6700996288827328,0.9103656896112827,0.36444567493417185,SDHB,1.0
Reactome_2022,Degradation Of AXIN R-HSA-4641257,1/54,0.6700996288827328,0.9103656896112827,0.36444567493417185,PSMB2,1.0
Reactome_2022,Interleukin-12 Family Signaling R-HSA-447115,1/54,0.6700996288827328,0.9103656896112827,0.36444567493417185,AURKAIP1,1.0
Reactome_2022,SCF-beta-TrCP Mediated Degradation Of Emi1 R-HSA-174113,1/54,0.6700996288827328,0.9103656896112827,0.36444567493417185,PSMB2,1.0
Reactome_2022,FBXL7 Down-Regulates AURKA During Mitotic Entry And In Early Mitosis R-HSA-8854050,1/54,0.6700996288827328,0.9103656896112827,0.36444567493417185,PSMB2,1.0
Reactome_2022,AUF1 (hnRNP D0) Binds And Destabilizes mRNA R-HSA-450408,1/54,0.6700996288827328,0.9103656896112827,0.36444567493417185,PSMB2,1.0
Reactome_2022,RHOJ GTPase Cycle R-HSA-9013409,1/54,0.6700996288827328,0.9103656896112827,0.36444567493417185,VAMP3,1.0
Reactome_2022,Regulation Of RUNX3 Expression And Activity R-HSA-8941858,1/54,0.6700996288827328,0.9103656896112827,0.36444567493417185,PSMB2,1.0
Reactome_2022,Nervous System Development R-HSA-9675108,10/545,0.6716725100295902,0.8996034895077946,0.3580281491724889,AGRN;ARTN;CAP1;CLSTN1;COL9A2;EPHA10;EPHA2;EPHB2;PSMB2;RAP1GAP,1.0
Reactome_2022,Separation Of Sister Chromatids R-HSA-2467813,3/170,0.673966969385362,0.865975224496239,0.3416914607436382,NUDC;PSMB2;RCC2,1.0
Reactome_2022,Membrane Trafficking R-HSA-199991,11/599,0.6749022198537489,0.9001377543149488,0.35392287553974666,CAPZB;GJA4;GJB3;KIF1B;LDLRAP1;MAN1C1;NECAP2;PUM1;SYTL1;TRAPPC3;VAMP3,1.0
Reactome_2022,Degradation Of DVL R-HSA-4641258,1/55,0.676814737208894,0.8934613409936385,0.3487695106169684,PSMB2,1.0
Reactome_2022,Hh Mutants Are Degraded By ERAD R-HSA-5362768,1/55,0.676814737208894,0.8934613409936385,0.3487695106169684,PSMB2,1.0
Reactome_2022,Golgi Associated Vesicle Biogenesis R-HSA-432722,1/55,0.676814737208894,0.8934613409936385,0.3487695106169684,PUM1,1.0
Reactome_2022,Regulation Of Cholesterol Biosynthesis By SREBP (SREBF) R-HSA-1655829,1/55,0.676814737208894,0.8934613409936385,0.3487695106169684,NFYC,1.0
Reactome_2022,Transport Of Small Molecules R-HSA-382551,13/706,0.6795693365326942,0.902198994223445,0.3485158717646011,ATP13A2;ATP6V0B;CLCN6;GNB1;LDLRAP1;NIPAL3;PSMB2;SCNN1D;SLC2A1;SLC66A1;SLC6A9;SLC9A1;TRNP1,1.0
Reactome_2022,Signaling By Receptor Tyrosine Kinases R-HSA-9006934,9/496,0.6801158633912896,0.8894377014386048,0.342871214449902,ATP6V0B;COL9A2;HDAC1;ID3;MTOR;PRKCZ;PTPRU;STMN1;WASF2,1.0
Reactome_2022,Disease R-HSA-1643685,33/1736,0.6807850968369403,0.9294479297714674,0.3573807153947572,AGRN;AGTRAP;ARTN;B3GALT6;CASP9;CLCN6;CLSTN1;CNKSR1;DDOST;DHDDS;ELOA;ENO1;FGR;GALE;GNB1;HDAC1;HEYL;HSPG2;ISG15;KDM1A;MIB2;MMACHC;MTOR;MUTYH;PRDX1;PSMB2;RBBP4;RCC1;SDC3;SLC2A1;ST3GAL3;TAF12;WASF2,1.0
Reactome_2022,Metabolism Of Proteins R-HSA-392499,36/1890,0.6823558571210535,0.9309892170317793,0.35582777718424347,ALPL;AURKAIP1;B4GALT2;CAPZB;DDOST;DHDDS;DPH2;EIF2B3;EIF3I;FBXO2;FBXO44;FBXO6;FUCA1;GNB1;HDAC1;HSPG2;ICMT;KLHL21;MAN1C1;MUL1;MXRA8;OTUD3;PEX10;PEX14;PHC2;PIGV;PSMB2;SCMH1;SPSB1;ST3GAL3;SVBP;TRAPPC3;UBE2J2;USP48;VWA1;WDTC1,1.0
Reactome_2022,Meiotic Recombination R-HSA-912446,1/56,0.6833934896126639,0.8771716959620907,0.3339256385036218,ARTN,1.0
Reactome_2022,Stabilization Of P53 R-HSA-69541,1/56,0.6833934896126639,0.8771716959620907,0.3339256385036218,PSMB2,1.0
Reactome_2022,Epigenetic Regulation Of Gene Expression R-HSA-212165,2/116,0.6855640398922844,0.845926677428426,0.31934862538852454,HDAC1;RBBP4,1.0
Reactome_2022,Cap-dependent Translation Initiation R-HSA-72737,2/116,0.6855640398922844,0.845926677428426,0.31934862538852454,EIF2B3;EIF3I,1.0
Reactome_2022,HIV Infection R-HSA-162906,4/229,0.6863935165627332,0.8565616153978592,0.32232771323536735,ELOA;PSMB2;RCC1;TAF12,1.0
Reactome_2022,SUMOylation R-HSA-2990846,3/174,0.6891468250501477,0.8455443615010106,0.3147969537532117,HDAC1;PHC2;SCMH1,1.0
Reactome_2022,Neurexins And Neuroligins R-HSA-6794361,1/57,0.6898386482176202,0.8614638239673836,0.31985940888887787,EPB41,1.0
Reactome_2022,Signaling By ERBB4 R-HSA-1236394,1/57,0.6898386482176202,0.8614638239673836,0.31985940888887787,STMN1,1.0
Reactome_2022,Translation Initiation Complex Formation R-HSA-72649,1/57,0.6898386482176202,0.8614638239673836,0.31985940888887787,EIF3I,1.0
Reactome_2022,Ribosomal Scanning And Start Codon Recognition R-HSA-72702,1/57,0.6898386482176202,0.8614638239673836,0.31985940888887787,EIF3I,1.0
Reactome_2022,Mitotic Anaphase R-HSA-68882,4/232,0.696131790629426,0.845160143504352,0.3061307650609766,NUDC;PSMB2;RCC1;RCC2,1.0
Reactome_2022,Hh Mutants Abrogate Ligand Secretion R-HSA-5387390,1/58,0.696152919331477,0.8463071053759995,0.3065205269551518,PSMB2,1.0
Reactome_2022,"mRNA Activation Upon Binding Of Cap-Binding Complex And eIFs, Subsequent Binding To 43S R-HSA-72662",1/58,0.696152919331477,0.8463071053759995,0.3065205269551518,EIF3I,1.0
Reactome_2022,NIK To Noncanonical NF-kB Signaling R-HSA-5676590,1/58,0.696152919331477,0.8463071053759995,0.3065205269551518,PSMB2,1.0
Reactome_2022,Transcriptional Regulation By RUNX2 R-HSA-8878166,2/119,0.6989947894569704,0.824109314034698,0.29512342729839364,HIVEP3;PSMB2,1.0
Reactome_2022,RHO GTPases Activate Formins R-HSA-5663220,2/119,0.6989947894569704,0.824109314034698,0.29512342729839364,NUDC;RCC2,1.0
Reactome_2022,Mitotic Metaphase And Anaphase R-HSA-2555396,4/233,0.6993295489202602,0.8414260369890111,0.30092187789779185,NUDC;PSMB2;RCC1;RCC2,1.0
Reactome_2022,SCF(Skp2)-mediated Degradation Of P27/P21 R-HSA-187577,1/59,0.7023389545712438,0.831673032253284,0.29386264247484023,PSMB2,1.0
Reactome_2022,GLI3 Is Processed To GLI3R By Proteasome R-HSA-5610785,1/59,0.7023389545712438,0.831673032253284,0.29386264247484023,PSMB2,1.0
Reactome_2022,GABA Receptor Activation R-HSA-977443,1/59,0.7023389545712438,0.831673032253284,0.29386264247484023,GNB1,1.0
Reactome_2022,Role Of GTSE1 In G2/M Progression After G2 Checkpoint R-HSA-8852276,1/59,0.7023389545712438,0.831673032253284,0.29386264247484023,PSMB2,1.0
Reactome_2022,Transcriptional Regulation Of Granulopoiesis R-HSA-9616222,1/59,0.7023389545712438,0.831673032253284,0.29386264247484023,CSF3R,1.0
Reactome_2022,Iron Uptake And Transport R-HSA-917937,1/59,0.7023389545712438,0.831673032253284,0.29386264247484023,ATP6V0B,1.0
Reactome_2022,Degradation Of GLI2 By Proteasome R-HSA-5610783,1/59,0.7023389545712438,0.831673032253284,0.29386264247484023,PSMB2,1.0
Reactome_2022,Arachidonic Acid Metabolism R-HSA-2142753,1/59,0.7023389545712438,0.831673032253284,0.29386264247484023,PRXL2B,1.0
Reactome_2022,RHOQ GTPase Cycle R-HSA-9013406,1/59,0.7023389545712438,0.831673032253284,0.29386264247484023,VAMP3,1.0
Reactome_2022,Degradation Of GLI1 By Proteasome R-HSA-5610780,1/59,0.7023389545712438,0.831673032253284,0.29386264247484023,PSMB2,1.0
Reactome_2022,O-linked Glycosylation Of Mucins R-HSA-913709,1/59,0.7023389545712438,0.831673032253284,0.29386264247484023,ST3GAL3,1.0
Reactome_2022,Formation Of beta-catenin:TCF Transactivating Complex R-HSA-201722,1/60,0.7083993519657611,0.8175350294059147,0.28184298411794406,HDAC1,1.0
Reactome_2022,Defective CFTR Causes Cystic Fibrosis R-HSA-5678895,1/60,0.7083993519657611,0.8175350294059147,0.28184298411794406,PSMB2,1.0
Reactome_2022,rRNA Modification In Nucleus And Cytosol R-HSA-6790901,1/60,0.7083993519657611,0.8175350294059147,0.28184298411794406,UTP11,1.0
Reactome_2022,Rab Regulation Of Trafficking R-HSA-9007101,2/122,0.7119471353369204,0.8033828188106563,0.2729506129250329,SYTL1;TRAPPC3,1.0
Reactome_2022,Dectin-1 Mediated Noncanonical NF-kB Signaling R-HSA-5607761,1/61,0.7143366570360672,0.8038682933201244,0.27042203288015115,PSMB2,1.0
Reactome_2022,Nuclear Events (Kinase And Transcription Factor Activation) R-HSA-198725,1/61,0.7143366570360672,0.8038682933201244,0.27042203288015115,ID3,1.0
Reactome_2022,DNA Damage/Telomere Stress Induced Senescence R-HSA-2559586,1/61,0.7143366570360672,0.8038682933201244,0.27042203288015115,ARTN,1.0
Reactome_2022,Regulation Of IGF Transport And Uptake By IGFBPs R-HSA-381426,2/123,0.7161598286136437,0.7967023782012544,0.2659806127446993,MXRA8;VWA1,1.0
Reactome_2022,TP53 Regulates Transcription Of DNA Repair Genes R-HSA-6796648,1/62,0.7201533638540298,0.7906496469420651,0.2595632298973152,ELOA,1.0
Reactome_2022,RHO GTPases Activate PKNs R-HSA-5625740,1/62,0.7201533638540298,0.7906496469420651,0.2595632298973152,KDM1A,1.0
Reactome_2022,Regulation Of Actin Dynamics For Phagocytic Cup Formation R-HSA-2029482,1/62,0.7201533638540298,0.7906496469420651,0.2595632298973152,WASF2,1.0
Reactome_2022,Asymmetric Localization Of PCP Proteins R-HSA-4608870,1/62,0.7201533638540298,0.7906496469420651,0.2595632298973152,PSMB2,1.0
Reactome_2022,Autodegradation Of Cdh1 By Cdh1:APC/C R-HSA-174084,1/63,0.7258519160796926,0.7778574085116848,0.24923271455006946,PSMB2,1.0
Reactome_2022,Gap-filling DNA Repair Synthesis And Ligation In TC-NER R-HSA-6782210,1/64,0.7314347079777537,0.7654712728886184,0.2393990893057128,PPIE,1.0
Reactome_2022,Oxygen-dependent Proline Hydroxylation Of Hypoxia-inducible Factor Alpha R-HSA-1234176,1/64,0.7314347079777537,0.7654712728886184,0.2393990893057128,PSMB2,1.0
Reactome_2022,Hedgehog Ligand Biogenesis R-HSA-5358346,1/64,0.7314347079777537,0.7654712728886184,0.2393990893057128,PSMB2,1.0
Reactome_2022,DNA Replication Pre-Initiation R-HSA-69002,2/127,0.7324962981708496,0.7710494862611513,0.24002538559845119,KPNA6;PSMB2,1.0
Reactome_2022,Glycerophospholipid Biosynthesis R-HSA-1483206,2/127,0.7324962981708496,0.7710494862611513,0.24002538559845119,MFSD2A;PLA2G5,1.0
Reactome_2022,Regulation Of RAS By GAPs R-HSA-5658442,1/65,0.7369040854136,0.7534722040037728,0.23003320820860623,PSMB2,1.0
Reactome_2022,Dual Incision In TC-NER R-HSA-6782135,1/65,0.7369040854136,0.7534722040037728,0.23003320820860623,PPIE,1.0
Reactome_2022,p53-Dependent G1 DNA Damage Response R-HSA-69563,1/65,0.7369040854136,0.7534722040037728,0.23003320820860623,PSMB2,1.0
Reactome_2022,COPII-mediated Vesicle Transport R-HSA-204005,1/66,0.742262346829305,0.7418423372384608,0.22110798632778064,TRAPPC3,1.0
Reactome_2022,Activation Of NF-kappaB In B Cells R-HSA-1169091,1/66,0.742262346829305,0.7418423372384608,0.22110798632778064,PSMB2,1.0
Reactome_2022,Host Interactions Of HIV Factors R-HSA-162909,2/130,0.7442190899724307,0.7528619867020547,0.22241034636953758,PSMB2;RCC1,1.0
Reactome_2022,APC/C:Cdc20 Mediated Degradation Of Securin R-HSA-174154,1/67,0.7475117441999934,0.7305648906781583,0.2125982278116566,PSMB2,1.0
Reactome_2022,G1/S DNA Damage Checkpoints R-HSA-69615,1/67,0.7475117441999934,0.7305648906781583,0.2125982278116566,PSMB2,1.0
Reactome_2022,HDR Thru Homologous Recombination (HRR) R-HSA-5685942,1/67,0.7475117441999934,0.7305648906781583,0.2125982278116566,ARTN,1.0
Reactome_2022,Vesicle-mediated Transport R-HSA-5653656,11/637,0.7491133478432956,0.8438063445940562,0.24374609836636013,CAPZB;GJA4;GJB3;KIF1B;LDLRAP1;MAN1C1;NECAP2;PUM1;SYTL1;TRAPPC3;VAMP3,1.0
Reactome_2022,Metabolism Of Amino Acids And Derivatives R-HSA-71291,6/364,0.7514792229963292,0.8059776339008385,0.2302772540871702,ALDH4A1;AZIN2;PSMB2;RIMKLA;SERINC2;TINAGL1,1.0
Reactome_2022,Signaling By NTRKs R-HSA-166520,2/132,0.7517879251315889,0.7412033331385314,0.21146605901020502,ID3;PTPRU,1.0
Reactome_2022,Infectious Disease R-HSA-5663205,17/961,0.75430801334013,0.8633882837883279,0.24343620204795138,AGRN;DDOST;ELOA;ENO1;FGR;GNB1;HDAC1;HSPG2;ISG15;KDM1A;PSMB2;RBBP4;RCC1;SDC3;ST3GAL3;TAF12;WASF2,1.0
Reactome_2022,ER To Golgi Anterograde Transport R-HSA-199977,2/133,0.7554996330768915,0.7355075023899398,0.20621863894136494,CAPZB;TRAPPC3,1.0
Reactome_2022,Orc1 Removal From Chromatin R-HSA-68949,1/69,0.7576927279759729,0.7090050663716978,0.19673284524369125,PSMB2,1.0
Reactome_2022,Glycolysis R-HSA-70171,1/69,0.7576927279759729,0.7090050663716978,0.19673284524369125,ENO1,1.0
Reactome_2022,"Platelet Activation, Signaling And Aggregation R-HSA-76002",4/254,0.7609333694765625,0.7699104290072033,0.21034682910214283,CAP1;GNB1;PDPN;PRKCZ,1.0
Reactome_2022,Signaling By Hedgehog R-HSA-5358351,2/135,0.7627796659868649,0.7243727956633698,0.19615005725117332,PSMB2;PTCH2,1.0
Reactome_2022,trans-Golgi Network Vesicle Budding R-HSA-199992,1/71,0.7674641583459962,0.6886772320256063,0.1822677264843596,PUM1,1.0
Reactome_2022,TCF Dependent Signaling In Response To WNT R-HSA-201681,3/198,0.7691739695935499,0.7405611578024528,0.1943514681656369,CTNNBIP1;HDAC1;PSMB2,1.0
Reactome_2022,Base Excision Repair R-HSA-73884,1/72,0.7722014533287614,0.6789427761415625,0.1755133701599369,MUTYH,1.0
Reactome_2022,CDK-mediated Phosphorylation And Removal Of Cdc6 R-HSA-69017,1/72,0.7722014533287614,0.6789427761415625,0.1755133701599369,PSMB2,1.0
Reactome_2022,Cdc20:Phospho-APC/C Mediated Degradation Of Cyclin A R-HSA-174184,1/72,0.7722014533287614,0.6789427761415625,0.1755133701599369,PSMB2,1.0
Reactome_2022,APC/C:Cdh1 Mediated Degradation Of Cdc20 And APC/C:Cdh1 Targets In Late Mitosis/Early G1 R-HSA-174178,1/73,0.7768424714915736,0.6694787218098532,0.16905521937285392,PSMB2,1.0
Reactome_2022,APC:Cdc20 Mediated Degradation Of Cell Cycle Proteins Before Cycle Checkpoint Satisfied R-HSA-179419,1/73,0.7768424714915736,0.6694787218098532,0.16905521937285392,PSMB2,1.0
Reactome_2022,Cellular Response To Hypoxia R-HSA-1234174,1/73,0.7768424714915736,0.6694787218098532,0.16905521937285392,PSMB2,1.0
Reactome_2022,Ub-specific Processing Proteases R-HSA-5689880,3/201,0.7778926543391894,0.729227743766813,0.18315775566722098,MUL1;PSMB2;USP48,1.0
Reactome_2022,Formation Of Cornified Envelope R-HSA-6809371,1/74,0.7813891647506905,0.6602739566379169,0.16287767568447573,KAZN,1.0
Reactome_2022,NoRC Negatively Regulates rRNA Expression R-HSA-427413,1/74,0.7813891647506905,0.6602739566379169,0.16287767568447573,HDAC1,1.0
Reactome_2022,Nuclear Envelope (NE) Reassembly R-HSA-2995410,1/75,0.7858434455451913,0.6513179689030598,0.15696612276141603,RCC1,1.0
Reactome_2022,APC/C:Cdc20 Mediated Degradation Of Mitotic Proteins R-HSA-176409,1/75,0.7858434455451913,0.6513179689030598,0.15696612276141603,PSMB2,1.0
Reactome_2022,Transcriptional Regulation By Small RNAs R-HSA-5578749,1/76,0.7902071876334547,0.642600807507799,0.15130685365950441,AGO1,1.0
Reactome_2022,Activation Of APC/C And APC/C:Cdc20 Mediated Degradation Of Mitotic Proteins R-HSA-176814,1/76,0.7902071876334547,0.642600807507799,0.15130685365950441,PSMB2,1.0
Reactome_2022,ABC Transporter Disorders R-HSA-5619084,1/77,0.7944822268736084,0.634113045096624,0.14588700431493765,PSMB2,1.0
Reactome_2022,Signaling By Insulin Receptor R-HSA-74752,1/77,0.7944822268736084,0.634113045096624,0.14588700431493765,ATP6V0B,1.0
Reactome_2022,G2/M DNA Damage Checkpoint R-HSA-69473,1/77,0.7944822268736084,0.634113045096624,0.14588700431493765,ARTN,1.0
Reactome_2022,Negative Epigenetic Regulation Of rRNA Expression R-HSA-5250941,1/77,0.7944822268736084,0.634113045096624,0.14588700431493765,HDAC1,1.0
Reactome_2022,Transcription-Coupled Nucleotide Excision Repair (TC-NER) R-HSA-6781827,1/77,0.7944822268736084,0.634113045096624,0.14588700431493765,PPIE,1.0
Reactome_2022,Phospholipid Metabolism R-HSA-1483257,3/208,0.7971868600475511,0.7040730931023441,0.15958955381381837,CLSTN1;MFSD2A;PLA2G5,1.0
Reactome_2022,FCERI Mediated NF-kB Activation R-HSA-2871837,1/78,0.7986703619882654,0.6258457440467782,0.14069449264268788,PSMB2,1.0
Reactome_2022,Constitutive Signaling By Aberrant PI3K In Cancer R-HSA-2219530,1/78,0.7986703619882654,0.6258457440467782,0.14069449264268788,CLSTN1,1.0
Reactome_2022,COPI-dependent Golgi-to-ER Retrograde Traffic R-HSA-6811434,1/78,0.7986703619882654,0.6258457440467782,0.14069449264268788,KIF1B,1.0
Reactome_2022,Downstream Signaling Events Of B Cell Receptor (BCR) R-HSA-1168372,1/79,0.8027733553138734,0.6177904250751336,0.13571796270689818,PSMB2,1.0
Reactome_2022,Amyloid Fiber Formation R-HSA-977225,1/79,0.8027733553138734,0.6177904250751336,0.13571796270689818,HSPG2,1.0
Reactome_2022,Cell Cycle Checkpoints R-HSA-69620,4/271,0.8032664547623153,0.7202563783788498,0.15778569759709568,ARTN;NUDC;PSMB2;RCC2,1.0
Reactome_2022,RAF/MAP Kinase Cascade R-HSA-5673001,4/271,0.8032664547623153,0.7202563783788498,0.15778569759709568,ARTN;CNKSR1;ICMT;PSMB2,1.0
Reactome_2022,G2/M Checkpoints R-HSA-69481,2/148,0.8056579700051769,0.6594330506108054,0.14250083222073287,ARTN;PSMB2,1.0
Reactome_2022,Regulation Of APC/C Activators Between G1/S And Early Anaphase R-HSA-176408,1/80,0.8067929335349752,0.6099390382293534,0.1309467334850022,PSMB2,1.0
Reactome_2022,COPI-mediated Anterograde Transport R-HSA-6807878,1/80,0.8067929335349752,0.6099390382293534,0.1309467334850022,CAPZB,1.0
Reactome_2022,Processing Of DNA Double-Strand Break Ends R-HSA-5693607,1/80,0.8067929335349752,0.6099390382293534,0.1309467334850022,ARTN,1.0
Reactome_2022,CDC42 GTPase Cycle R-HSA-9013148,2/149,0.8086533157224227,0.6549134346547661,0.13909378202988606,ARHGEF16;VAMP3,1.0
Reactome_2022,DDX58/IFIH1-mediated Induction Of Interferon-Alpha/Beta R-HSA-168928,1/81,0.81073078840369,0.6022839360547178,0.12637075179759566,ISG15,1.0
Reactome_2022,Signaling By NOTCH4 R-HSA-9013694,1/81,0.81073078840369,0.6022839360547178,0.12637075179759566,PSMB2,1.0
Reactome_2022,Mitochondrial Translation Elongation R-HSA-5389840,1/82,0.8145885774447112,0.5948178487485914,0.12198054902056964,AURKAIP1,1.0
Reactome_2022,Mitochondrial Translation Initiation R-HSA-5368286,1/82,0.8145885774447112,0.5948178487485914,0.12198054902056964,AURKAIP1,1.0
Reactome_2022,Mitochondrial Translation Termination R-HSA-5419276,1/82,0.8145885774447112,0.5948178487485914,0.12198054902056964,AURKAIP1,1.0
Reactome_2022,PI Metabolism R-HSA-1483255,1/82,0.8145885774447112,0.5948178487485914,0.12198054902056964,CLSTN1,1.0
Reactome_2022,Signaling By Interleukins R-HSA-449147,7/453,0.816373479329343,0.7532058661828441,0.15281291692184495,AURKAIP1;CLSTN1;CSF3R;IFNLR1;PSMB2;TNFRSF1B;TXLNA,1.0
Reactome_2022,MAPK1/MAPK3 Signaling R-HSA-5684996,4/277,0.8166816027740809,0.7042078810846181,0.14260630367974791,ARTN;CNKSR1;ICMT;PSMB2,1.0
Reactome_2022,Metabolism Of Steroids R-HSA-8957322,2/153,0.8202276696125534,0.637433595460548,0.12632233915318347,LDLRAP1;NFYC,1.0
Reactome_2022,Deubiquitination R-HSA-5688426,4/279,0.8209834967574429,0.6990140037784848,0.13788209979237298,MUL1;OTUD3;PSMB2;USP48,1.0
Reactome_2022,Biological Oxidations R-HSA-211859,3/218,0.8223063709496836,0.6709792669789899,0.13127188632629322,AKR1A1;AKR7A2;AURKAIP1,1.0
Reactome_2022,Translation R-HSA-72766,4/281,0.8252020303377453,0.6938951283107073,0.1333160152471754,AURKAIP1;DDOST;EIF2B3;EIF3I,1.0
Reactome_2022,DNA Replication R-HSA-69306,2/155,0.8257766422732099,0.6290364178084236,0.12041703961081142,KPNA6;PSMB2,1.0
Reactome_2022,Cell Junction Organization R-HSA-446728,1/86,0.8292510661635999,0.5667102259490576,0.10610646779905766,FBLIM1,1.0
Reactome_2022,"Transport Of Bile Salts And Organic Acids, Metal Ions And Amine Compounds R-HSA-425366",1/86,0.8292510661635999,0.5667102259490576,0.10610646779905766,SLC6A9,1.0
Reactome_2022,APC/C-mediated Degradation Of Cell Cycle Proteins R-HSA-174143,1/87,0.8327322385617909,0.5600918612782371,0.10252096781932794,PSMB2,1.0
Reactome_2022,Opioid Signaling R-HSA-111885,1/88,0.8361426092313992,0.5536256429216884,0.09907468328222853,GNB1,1.0
Reactome_2022,Regulation Of mRNA Stability By Proteins That Bind AU-rich Elements R-HSA-450531,1/88,0.8361426092313992,0.5536256429216884,0.09907468328222853,PSMB2,1.0
Reactome_2022,Mitochondrial Translation R-HSA-5368287,1/88,0.8361426092313992,0.5536256429216884,0.09907468328222853,AURKAIP1,1.0
Reactome_2022,Meiosis R-HSA-1500620,1/88,0.8361426092313992,0.5536256429216884,0.09907468328222853,ARTN,1.0
Reactome_2022,PCP/CE Pathway R-HSA-4086400,1/88,0.8361426092313992,0.5536256429216884,0.09907468328222853,PSMB2,1.0
Reactome_2022,"Cell Cycle, Mitotic R-HSA-69278",8/523,0.8365511460980625,0.7446552970923805,0.13289685669362908,CDK11A;CDK11B;HDAC1;NUDC;PSMB2;RBBP4;RCC1;RCC2,1.0
Reactome_2022,Sphingolipid Metabolism R-HSA-428157,1/89,0.839483614688011,0.5473063840732431,0.09576127887311314,CPTP,1.0
Reactome_2022,RAB GEFs Exchange GTP For GDP On RABs R-HSA-8876198,1/89,0.839483614688011,0.5473063840732431,0.09576127887311314,TRAPPC3,1.0
Reactome_2022,Glucose Metabolism R-HSA-70326,1/89,0.839483614688011,0.5473063840732431,0.09576127887311314,ENO1,1.0
Reactome_2022,Interferon Gamma Signaling R-HSA-877300,1/89,0.839483614688011,0.5473063840732431,0.09576127887311314,TRIM62,1.0
Reactome_2022,Peptide Hormone Metabolism R-HSA-2980736,1/89,0.839483614688011,0.5473063840732431,0.09576127887311314,GNB1,1.0
Reactome_2022,S Phase R-HSA-69242,2/161,0.8415116771447717,0.6051123833655786,0.10441540261827709,PSMB2;RBBP4,1.0
Reactome_2022,Switching Of Origins To A Post-Replicative State R-HSA-69052,1/90,0.8427566623720384,0.5411291310416166,0.09257475884103698,PSMB2,1.0
Reactome_2022,Activation Of HOX Genes During Differentiation R-HSA-5619507,1/91,0.8459631312357727,0.535089150299582,0.08950944574501184,RBBP4,1.0
Reactome_2022,Citric Acid (TCA) Cycle And Respiratory Electron Transport R-HSA-1428517,2/163,0.8464639723450368,0.5975339625172241,0.09960152545890318,NDUFS5;SDHB,1.0
Reactome_2022,Anti-inflammatory Response Favoring Leishmania Infection R-HSA-9662851,2/165,0.8512754629491325,0.5901415151866205,0.0950242973368395,FGR;GNB1,1.0
Reactome_2022,Downstream TCR Signaling R-HSA-202424,1/94,0.8551964391052465,0.517748560427289,0.08098834383867912,PSMB2,1.0
Reactome_2022,Transcriptional Regulation By RUNX3 R-HSA-8878159,1/95,0.8581498323396115,0.5122143296169827,0.07835678867512759,PSMB2,1.0
Reactome_2022,Metabolism Of Nucleotides R-HSA-15869,1/95,0.8581498323396115,0.5122143296169827,0.07835678867512759,CTPS1,1.0
Reactome_2022,UCH Proteinases R-HSA-5689603,1/95,0.8581498323396115,0.5122143296169827,0.07835678867512759,PSMB2,1.0
Reactome_2022,HCMV Early Events R-HSA-9609690,1/96,0.861043133925651,0.5067966089289986,0.07582218443955158,RBBP4,1.0
Reactome_2022,Anchoring Of Basal Body To Plasma Membrane R-HSA-5620912,1/97,0.8638775635692496,0.5014917574220142,0.0733803947805145,NPHP4,1.0
Reactome_2022,Formation Of A Pool Of Free 40S Subunits R-HSA-72689,1/98,0.8666543162794382,0.49629628429661715,0.07102748947276744,EIF3I,1.0
Reactome_2022,Hedgehog Off State R-HSA-5610787,1/98,0.8666543162794382,0.49629628429661715,0.07102748947276744,PSMB2,1.0
Reactome_2022,Cellular Response To Heat Stress R-HSA-3371556,1/99,0.8693745628672458,0.4912068412350037,0.06875973247479089,MTOR,1.0
Reactome_2022,SLC Transporter Disorders R-HSA-5619102,1/99,0.8693745628672458,0.4912068412350037,0.06875973247479089,SLC2A1,1.0
Reactome_2022,L1CAM Interactions R-HSA-373760,1/99,0.8693745628672458,0.4912068412350037,0.06875973247479089,EPHB2,1.0
Reactome_2022,CLEC7A (Dectin-1) Signaling R-HSA-5607764,1/99,0.8693745628672458,0.4912068412350037,0.06875973247479089,PSMB2,1.0
Reactome_2022,Disorders Of Transmembrane Transporters R-HSA-5619115,2/176,0.8753666607631867,0.552520755926566,0.07354738570981155,PSMB2;SLC2A1,1.0
Reactome_2022,ABC-family Proteins Mediated Transport R-HSA-382556,1/102,0.877207621232677,0.47654319835451336,0.062432674657633205,PSMB2,1.0
Reactome_2022,Leishmania Infection R-HSA-9658195,3/247,0.8806418273645213,0.5903469734120468,0.0750356317745095,FGR;GNB1;WASF2,1.0
Reactome_2022,SLC-mediated Transmembrane Transport R-HSA-425407,3/247,0.8806418273645213,0.5903469734120468,0.0750356317745095,SLC2A1;SLC6A9;SLC9A1,1.0
Reactome_2022,Sensory Perception R-HSA-9709957,9/616,0.881698576893672,0.7091198643269432,0.08928175845732428,AGRN;CAPZB;DHRS3;ESPN;GNB1;HSPG2;KCNQ4;SCNN1D;SDC3,1.0
Reactome_2022,Phase I - Functionalization Of Compounds R-HSA-211945,1/104,0.8821675492648724,0.4672419879837169,0.05857965865450343,AURKAIP1,1.0
Reactome_2022,Transport Of Inorganic Cations/Anions And Amino Acids/Oligopeptides R-HSA-425393,1/104,0.8821675492648724,0.4672419879837169,0.05857965865450343,SLC9A1,1.0
Reactome_2022,MHC Class II Antigen Presentation R-HSA-2132295,1/104,0.8821675492648724,0.4672419879837169,0.05857965865450343,CAPZB,1.0
Reactome_2022,tRNA Processing R-HSA-72306,1/105,0.8845720514260336,0.46272553487097445,0.05675389239151245,TRIT1,1.0
Reactome_2022,"PI5P, PP2A And IER3 Regulate PI3K/AKT Signaling R-HSA-6811558",1/106,0.8869276054406618,0.4582951094365699,0.05499170887943624,CLSTN1,1.0
Reactome_2022,O-linked Glycosylation R-HSA-5173105,1/107,0.8892352053296279,0.45394827693489,0.05329057956198547,ST3GAL3,1.0
Reactome_2022,Phase II - Conjugation Of Compounds R-HSA-156580,1/107,0.8892352053296279,0.45394827693489,0.05329057956198547,AKR1A1,1.0
Reactome_2022,Interleukin-4 And Interleukin-13 Signaling R-HSA-6785807,1/107,0.8892352053296279,0.45394827693489,0.05329057956198547,TNFRSF1B,1.0
Reactome_2022,L13a-mediated Translational Silencing Of Ceruloplasmin Expression R-HSA-156827,1/108,0.8914958249765474,0.44968269363884894,0.05164809210421209,EIF3I,1.0
Reactome_2022,Nucleotide Excision Repair R-HSA-5696398,1/108,0.8914958249765474,0.44968269363884894,0.05164809210421209,PPIE,1.0
Reactome_2022,SRP-dependent Cotranslational Protein Targeting To Membrane R-HSA-1799339,1/108,0.8914958249765474,0.44968269363884894,0.05164809210421209,DDOST,1.0
Reactome_2022,GTP Hydrolysis And Joining Of 60S Ribosomal Subunit R-HSA-72706,1/109,0.8937104185347378,0.4454961026260679,0.050061944219406025,EIF3I,1.0
Reactome_2022,Mitotic Prometaphase R-HSA-68877,2/186,0.8940976559629316,0.5222234053367001,0.05845783156119447,NUDC;RCC2,1.0
Reactome_2022,Neuronal System R-HSA-112316,5/386,0.895287760039249,0.6287758141023043,0.06954895113989093,EPB41;GNB1;KCNAB2;KCNQ4;PTPRF,1.0
Reactome_2022,Nonsense Mediated Decay (NMD) Enhanced By Exon Junction Complex (EJC) R-HSA-975957,1/112,0.9000872965733121,0.43338893402153894,0.04562004653098925,PNRC2,1.0
Reactome_2022,Negative Regulation Of PI3K/AKT Network R-HSA-199418,1/113,0.9021269464924209,0.4294973441129403,0.044238239292982186,CLSTN1,1.0
Reactome_2022,Reproduction R-HSA-1474165,1/113,0.9021269464924209,0.4294973441129403,0.044238239292982186,ARTN,1.0
Reactome_2022,Interleukin-1 Signaling R-HSA-9020702,1/114,0.9041250588132373,0.4256746319018391,0.04290271974687759,PSMB2,1.0
Reactome_2022,Signaling By NTRK1 (TRKA) R-HSA-187037,1/114,0.9041250588132373,0.4256746319018391,0.04290271974687759,ID3,1.0
Reactome_2022,HDR Thru Homologous Recombination (HRR) Or Single Strand Annealing (SSA) R-HSA-5693567,1/114,0.9041250588132373,0.4256746319018391,0.04290271974687759,ARTN,1.0
Reactome_2022,TCR Signaling R-HSA-202403,1/116,0.9080000290358514,0.4182286533341288,0.04036361052430791,PSMB2,1.0
Reactome_2022,Peptide Ligand-Binding Receptors R-HSA-375276,2/196,0.910186855269575,0.49504949295197487,0.04658681327117647,CORT;ECE1,1.0
Reactome_2022,Chromosome Maintenance R-HSA-73886,1/118,0.9117187550373725,0.41103723813625476,0.03798959023795356,RBBP4,1.0
Reactome_2022,Synthesis Of DNA R-HSA-69239,1/119,0.913521500508393,0.407532946832206,0.036860689553280944,PSMB2,1.0
Reactome_2022,Homology Directed Repair R-HSA-5693538,1/119,0.913521500508393,0.407532946832206,0.036860689553280944,ARTN,1.0
Reactome_2022,Cell-Cell Communication R-HSA-1500931,1/120,0.9152875218752051,0.4040875511803261,0.03576863050038892,FBLIM1,1.0
Reactome_2022,SARS-CoV-2 Activates/Modulates Innate And Adaptive Immune Responses R-HSA-9705671,1/121,0.9170175654425424,0.40069957878931084,0.03471206419668893,ISG15,1.0
Reactome_2022,HCMV Infection R-HSA-9609646,1/121,0.9170175654425424,0.40069957878931084,0.03471206419668893,RBBP4,1.0
Reactome_2022,Cell Cycle R-HSA-1640170,9/654,0.9179445691244413,0.666006661567403,0.057022339771697225,ARTN;CDK11A;CDK11B;HDAC1;NUDC;PSMB2;RBBP4;RCC1;RCC2,1.0
Reactome_2022,Organelle Biogenesis And Maintenance R-HSA-1852241,3/275,0.9201560582872694,0.5288096499748007,0.04400330581810326,DNAJC11;MICOS10;NPHP4,1.0
Reactome_2022,Platelet Degranulation R-HSA-114608,1/125,0.9235923646590152,0.38769413638509104,0.03081566235980349,CAP1,1.0
Reactome_2022,Developmental Biology R-HSA-1266738,16/1073,0.9243522450800835,0.7194818246005316,0.05659592415813813,AGRN;ARTN;CAP1;CLSTN1;COL9A2;CSF3R;EPHA10;EPHA2;EPHB2;KAZN;MED18;MED8;PSMB2;RAP1GAP;RBBP4;THRAP3,1.0
Reactome_2022,Signaling By ROBO Receptors R-HSA-376176,2/209,0.9276969530969577,0.4636485275296258,0.03479689556783144,CAP1;PSMB2,1.0
Reactome_2022,Response To Elevated Platelet Cytosolic Ca2+ R-HSA-76005,1/130,0.9310848444364782,0.37257152893832385,0.02660342280880458,CAP1,1.0
Reactome_2022,Fc Epsilon Receptor (FCERI) Signaling R-HSA-2454202,1/130,0.9310848444364782,0.37257152893832385,0.02660342280880458,PSMB2,1.0
Reactome_2022,ADORA2B Mediated Anti-Inflammatory Cytokine Production R-HSA-9660821,1/131,0.9324929749427082,0.36968660074847903,0.02583874997337291,GNB1,1.0
Reactome_2022,Cell Surface Interactions At Vascular Wall R-HSA-202733,1/134,0.9365474733337155,0.3612921104517125,0.023684528177877064,SDC3,1.0
Reactome_2022,C-type Lectin Receptors (CLRs) R-HSA-5621481,1/141,0.9450881375801794,0.34310404814205175,0.019377517711150403,PSMB2,1.0
Reactome_2022,M Phase R-HSA-68886,4/380,0.951796866522197,0.5085741381375122,0.02512541488518012,NUDC;PSMB2;RCC1;RCC2,1.0
Reactome_2022,Interleukin-1 Family Signaling R-HSA-446652,1/152,0.9562515790396022,0.3179298426935809,0.014222350699961384,PSMB2,1.0
Reactome_2022,G Alpha (S) Signaling Events R-HSA-418555,1/153,0.9571464731805697,0.3158219546775606,0.013832636750724818,GNB1,1.0
Reactome_2022,Influenza Infection R-HSA-168255,1/157,0.9605471165062729,0.30766064466681536,0.012384031286528048,ISG15,1.0
Reactome_2022,Regulation Of Expression Of SLITs And ROBOs R-HSA-9010553,1/167,0.9679168358197272,0.28897812777474796,0.009423319211074255,PSMB2,1.0
Reactome_2022,Neurotransmitter Receptors And Postsynaptic Signal Transmission R-HSA-112314,1/182,0.9764771985331686,0.2648250396380421,0.006303863235325287,GNB1,1.0
Reactome_2022,Cilium Assembly R-HSA-5617833,1/186,0.9783464988631503,0.2590457061163222,0.005670867569858773,NPHP4,1.0
Reactome_2022,SARS-CoV-2-host Interactions R-HSA-9705683,1/196,0.9823967143760999,0.24563468858515175,0.00436248830123497,ISG15,1.0
Reactome_2022,GPCR Ligand Binding R-HSA-500792,4/458,0.9844463927960108,0.41948845056393386,0.006575831141042229,CORT;ECE1;GNB1;PTCH2,1.0
Reactome_2022,Keratinization R-HSA-6805567,1/208,0.9862718543332213,0.23125185818940364,0.003196651797270668,KAZN,1.0
Reactome_2022,G Alpha (Q) Signaling Events R-HSA-416476,1/212,0.9873641859666119,0.22682112844663765,0.0028843311552976076,GNB1,1.0
Reactome_2022,Signaling By GPCR R-HSA-372790,7/689,0.9875065367937077,0.48649481751337786,0.006116291994026904,ARHGEF10L;ARHGEF16;CORT;ECE1;GNB1;PLEKHG5;PTCH2,1.0
Reactome_2022,G Alpha (I) Signaling Events R-HSA-418594,2/312,0.9880316875766493,0.3079527232940479,0.0037079076295758536,CORT;GNB1,1.0
Reactome_2022,Class A/1 (Rhodopsin-like Receptors) R-HSA-373076,2/327,0.9908738085869467,0.2935110362992318,0.0026909356585257485,CORT;ECE1,1.0
Reactome_2022,Transmission Across Chemical Synapses R-HSA-112315,1/246,0.9937593130918668,0.19500125504909976,0.0012207549284939455,GNB1,1.0
Reactome_2022,GPCR Downstream Signaling R-HSA-388396,5/619,0.9956561648720053,0.38543704940993007,0.0016779219471302165,ARHGEF10L;ARHGEF16;CORT;GNB1;PLEKHG5,1.0
Reactome_2022,Olfactory Signaling Pathway R-HSA-381753,1/401,0.9997535341904157,0.11848147861774128,2.9205232741674602e-05,GNB1,1.0
