cell_type,rank,gene_symbol,log2FC,p_val_adj
Age-associated B cells,1,RBPMS,2.3999879360198975,0.9919648209980824
Age-associated B cells,2,PPP1R14A,3.1877739429473877,0.9919648209980824
Age-associated B cells,3,LBH,2.189995288848877,0.9919648209980824
Age-associated B cells,4,SIN3B,2.5675418376922607,0.9919648209980824
Age-associated B cells,5,ACTG2,2.501569986343384,0.9919648209980824
Age-associated B cells,6,MRVI1,2.3044869899749756,0.9919648209980824
Age-associated B cells,7,PKN1,2.4754409790039062,0.9919648209980824
Age-associated B cells,8,NID1,2.1653096675872803,0.9919648209980824
Age-associated B cells,9,ESAM,3.158233642578125,0.9919648209980824
Age-associated B cells,10,TJP1,1.9590680599212646,0.9919648209980824
Age-associated B cells,11,ATP2C1,2.1191341876983643,0.9919648209980824
Age-associated B cells,12,ARL2,2.012484550476074,0.9919648209980824
Age-associated B cells,13,RNF130,2.1400485038757324,0.9919648209980824
Age-associated B cells,14,SDF4,2.2079415321350098,0.9919648209980824
Age-associated B cells,15,CSRP1,1.8567215204238892,0.9919648209980824
Age-associated B cells,16,LAPTM4A,1.7598856687545776,0.9919648209980824
Age-associated B cells,17,ANAPC16,1.8169196844100952,0.9919648209980824
Age-associated B cells,18,WFDC1,2.6240954399108887,0.9919648209980824
Age-associated B cells,19,DNAJB2,2.5502004623413086,0.9919648209980824
Age-associated B cells,20,FMNL1,2.782160997390747,0.9919648209980824
Age-associated B cells,21,DGCR2,2.7123162746429443,0.9919648209980824
Age-associated B cells,22,BOD1,2.623029947280884,0.9919648209980824
Age-associated B cells,23,KLF6,1.405205249786377,0.9919648209980824
Age-associated B cells,24,GSN,1.5429766178131104,0.9919648209980824
Age-associated B cells,25,TBCB,2.0516421794891357,0.9919648209980824
Age-associated B cells,26,AEBP1,1.3032952547073364,0.9919648209980824
Age-associated B cells,27,ECE1,1.7623051404953003,0.9919648209980824
Age-associated B cells,28,KLF9,1.919546365737915,0.9919648209980824
Age-associated B cells,29,GIT2,2.5630557537078857,0.9919648209980824
Age-associated B cells,30,MYADM,1.7990233898162842,0.9919648209980824
Age-associated B cells,31,IGHG1,2.2590761184692383,0.9919648209980824
Age-associated B cells,32,CSNK2B,2.3058393001556396,0.9919648209980824
Age-associated B cells,33,TLN1,1.5923858880996704,0.9919648209980824
Age-associated B cells,34,ITGA7,2.454547882080078,0.9919648209980824
Age-associated B cells,35,ATG16L2,2.376532554626465,0.9919648209980824
Age-associated B cells,36,SEPTIN9,1.5181881189346313,0.9919648209980824
Age-associated B cells,37,CTNNA1,1.64128577709198,0.9919648209980824
Age-associated B cells,38,MSL2,2.169062852859497,0.9919648209980824
Age-associated B cells,39,TM2D3,2.357297658920288,0.9919648209980824
Age-associated B cells,40,FUT8,2.291548490524292,0.9919648209980824
Age-associated B cells,41,APOD,2.725470781326294,0.9919648209980824
Age-associated B cells,42,MAP3K20,1.7522542476654053,0.9919648209980824
Age-associated B cells,43,MAP3K8,2.255117654800415,0.9919648209980824
Age-associated B cells,44,CCN2,1.276410698890686,0.9919648209980824
Age-associated B cells,45,NDUFS3,2.0653226375579834,0.9919648209980824
Age-associated B cells,46,FXYD5,1.4054845571517944,0.9919648209980824
Age-associated B cells,47,NCAPG,4.4415178298950195,0.9919648209980824
Age-associated B cells,48,PHRF1,1.997492790222168,0.9919648209980824
Age-associated B cells,49,MOCS1,3.9962167739868164,0.9919648209980824
Age-associated B cells,50,EGFLAM,3.7483129501342773,0.9919648209980824
Alveolar macrophages,1,IGKC,0.7640131711959839,0.1637906336737292
Alveolar macrophages,2,VIM,-0.2282845377922058,0.3174319087234035
Alveolar macrophages,3,C3,0.5392189025878906,0.5344638229451796
Alveolar macrophages,4,WNT9A,2.1944334506988525,0.5861935930873794
Alveolar macrophages,5,COL6A3,-0.2722848653793335,0.6012259435092692
Alveolar macrophages,6,ACKR1,1.7828614711761475,0.6025566208997583
Alveolar macrophages,7,FTH1,-0.7624720931053162,0.6316607550440231
Alveolar macrophages,8,FAM162B,3.289512872695923,0.7230034563979196
Alveolar macrophages,9,MGP,0.06739356368780136,0.7323839729283567
Alveolar macrophages,10,PYHIN1,2.966937303543091,0.8018215954564535
Alveolar macrophages,11,DTHD1,3.851626396179199,0.8027233778546572
Alveolar macrophages,12,ADIPOQ,2.973767042160034,0.8052676454143817
Alveolar macrophages,13,ANGPTL7,2.241154432296753,0.8070825451626645
Alveolar macrophages,14,MYL4,4.156904220581055,0.8079960541336887
Alveolar macrophages,15,VENTX,1.9484235048294067,0.8213668281016407
Alveolar macrophages,16,ECHDC3,2.8063063621520996,0.8328067476207067
Alveolar macrophages,17,IL2RA,1.9987990856170654,0.8416050836264332
Alveolar macrophages,18,PRIMA1,1.9440821409225464,0.8453114167331572
Alveolar macrophages,19,SIGLEC1,2.0611817836761475,0.8471911030616431
Alveolar macrophages,20,SCN7A,1.449921727180481,0.8550355911687842
Alveolar macrophages,21,ARHGAP25,1.7699921131134033,0.8554954228011212
Alveolar macrophages,22,GPR1,3.780266284942627,0.8559037836726858
Alveolar macrophages,23,THBS1,-0.621295690536499,0.8620514805355751
Alveolar macrophages,24,CCDC194,1.9504883289337158,0.868979457856981
Alveolar macrophages,25,SLC4A4,2.5825769901275635,0.873290083201224
Alveolar macrophages,26,FABP4,1.79824960231781,0.873290083201224
Alveolar macrophages,27,CCDC141,1.9499502182006836,0.8780808395901645
Alveolar macrophages,28,HTRA4,2.4255411624908447,0.8907374225529956
Alveolar macrophages,29,LPL,2.3088841438293457,0.8925805264574364
Alveolar macrophages,30,UCN,1.839389443397522,0.9013908743007827
Alveolar macrophages,31,ECEL1,2.0577456951141357,0.9019868847160167
Alveolar macrophages,32,ADAMTS8,1.3535821437835693,0.9043459763635683
Alveolar macrophages,33,APOBEC3G,1.7033212184906006,0.9049439781281932
Alveolar macrophages,34,COL1A2,-0.30733954906463623,0.9079511517263997
Alveolar macrophages,35,TRIM9,2.110992193222046,0.9079511517263997
Alveolar macrophages,36,OLFM4,-0.253248393535614,0.9114987957170567
Alveolar macrophages,37,DHDH,0.7016112208366394,0.9136814997573987
Alveolar macrophages,38,KCND1,1.98199462890625,0.9136814997573987
Alveolar macrophages,39,SERPING1,0.6056698560714722,0.914058856221645
Alveolar macrophages,40,TMEM121,2.3941755294799805,0.9195846457000774
Alveolar macrophages,41,ANXA2R,1.942680835723877,0.9214718255649808
Alveolar macrophages,42,IL1RAPL1,2.479572296142578,0.9225576904745693
Alveolar macrophages,43,C16orf89,2.234090566635132,0.9225576904745693
Alveolar macrophages,44,S1PR5,2.3105103969573975,0.9225660723765268
Alveolar macrophages,45,CD247,2.3460161685943604,0.9226605121382693
Alveolar macrophages,46,XKR4,1.594295859336853,0.922727480268665
Alveolar macrophages,47,EMX2,3.3444371223449707,0.922727480268665
Alveolar macrophages,48,UNC5A,2.323796033859253,0.922727480268665
Alveolar macrophages,49,LBP,2.8708086013793945,0.9233647183538591
Alveolar macrophages,50,TLR5,1.3362807035446167,0.9233647183538591
B cells,1,HBA2,1.1966911554336548,0.008558449276355098
B cells,2,TPM2,0.5061524510383606,0.008980898295853228
B cells,3,PLA2G2A,0.9900898933410645,0.021665313845543037
B cells,4,IGFBP7,0.3285891115665436,0.024284108060820254
B cells,5,AHNAK,0.3302423357963562,0.04105066229810609
B cells,6,PPP1R14A,0.9675077199935913,0.052381798259525755
B cells,7,COL6A1,0.13085639476776123,0.05531240596545603
B cells,8,COL6A2,0.052863381803035736,0.06718243207880206
B cells,9,CST3,0.3579053580760956,0.06752419029604198
B cells,10,MYL9,0.3022196888923645,0.07647298379715735
B cells,11,A2M,0.37310484051704407,0.08210852585706763
B cells,12,VIM,0.11668156832456589,0.10930022198732739
B cells,13,TAGLN,0.22324970364570618,0.11232860461512993
B cells,14,TIMP2,0.11890675872564316,0.14030872438470526
B cells,15,GPX3,0.8076931238174438,0.1485321514165422
B cells,16,IGFBP4,0.28972965478897095,0.1497965826456814
B cells,17,ACTA2,0.30344533920288086,0.15000989907071835
B cells,18,ADIRF,0.9471563696861267,0.15470725815251865
B cells,19,C3,0.48448649048805237,0.16007806037893077
B cells,20,CD74,0.2935362160205841,0.1735384363085389
B cells,21,CLU,0.34386301040649414,0.18123318895394702
B cells,22,WFDC1,0.5633933544158936,0.18311742422212315
B cells,23,IGFBP5,0.2844628095626831,0.22014463012386987
B cells,24,CAVIN3,0.6762101054191589,0.22085057406561373
B cells,25,CAV1,0.44724440574645996,0.2334088498980475
B cells,26,CSRP1,0.15894564986228943,0.2382530573908807
B cells,27,COL6A3,-0.0026314447168260813,0.24250765028170423
B cells,28,SFRP1,0.8339723348617554,0.268193807841508
B cells,29,HBB,0.8428131341934204,0.27763369552448885
B cells,30,MCAM,0.48188361525535583,0.2918938249880855
B cells,31,COLEC12,0.7956645488739014,0.2967326353736196
B cells,32,GAS1,0.5950874090194702,0.32144606411865334
B cells,33,APOD,0.7784783840179443,0.33127432447969724
B cells,34,FBLN1,0.4110477864742279,0.3629172102254218
B cells,35,ACTB,-0.11403559148311615,0.38120297670306147
B cells,36,FSTL1,0.10495361685752869,0.3820351562657575
B cells,37,AEBP1,0.14098899066448212,0.38538219935601614
B cells,38,CXCL12,0.4534848630428314,0.4144911282367946
B cells,39,MFAP4,0.554143488407135,0.41923021628712115
B cells,40,PDGFRA,0.7312877774238586,0.43186450016167893
B cells,41,SLC45A1,1.9588606357574463,0.4350454310738664
B cells,42,MGP,0.1624762862920761,0.43577987577470023
B cells,43,SPARC,0.0026982056442648172,0.44378816741087473
B cells,44,TPM1,-0.04132414609193802,0.4548909041694784
B cells,45,S100A4,0.40809664130210876,0.46079809348160444
B cells,46,ITGA7,0.5840768814086914,0.4637208145546174
B cells,47,PRELP,0.7713491320610046,0.47520993183148197
B cells,48,DCN,0.16575802862644196,0.4776574156937341
B cells,49,ACTG2,0.36097994446754456,0.4892361657002748
B cells,50,CYP1B1,0.8157792687416077,0.4896645449843649
CD16+ NK cells,1,TAGLN,0.9868317246437073,0.0031397568604445464
CD16+ NK cells,2,IGFBP7,0.8626272082328796,0.004236713170851168
CD16+ NK cells,3,TPM2,0.7781825661659241,0.006810970328386329
CD16+ NK cells,4,CLU,1.0667616128921509,0.00856245570411301
CD16+ NK cells,5,MGP,0.9207256436347961,0.011733748793247721
CD16+ NK cells,6,CSRP1,0.7242864370346069,0.018365717348760798
CD16+ NK cells,7,A2M,0.7166564464569092,0.01897660270499428
CD16+ NK cells,8,IGKC,1.2387558221817017,0.02113651243776808
CD16+ NK cells,9,SPARC,0.7015973329544067,0.02273609327533628
CD16+ NK cells,10,HSPB1,0.567673921585083,0.026817870655412523
CD16+ NK cells,11,MYL9,0.6300303339958191,0.029241236435597503
CD16+ NK cells,12,DCN,0.700847864151001,0.03137958126446019
CD16+ NK cells,13,IGHG1,1.2590932846069336,0.043544539314666814
CD16+ NK cells,14,DES,1.075941801071167,0.06882921843123632
CD16+ NK cells,15,ADAMTS1,1.0927854776382446,0.06979308741547224
CD16+ NK cells,16,COL4A1,0.5384283065795898,0.07059938920314927
CD16+ NK cells,17,SFRP2,0.7023835778236389,0.07603369743607291
CD16+ NK cells,18,TIMP2,0.38870060443878174,0.0816761923212695
CD16+ NK cells,19,CHRDL2,1.211397647857666,0.08328904774716583
CD16+ NK cells,20,YBX3,0.26513782143592834,0.08751500849351909
CD16+ NK cells,21,COL4A2,0.49223533272743225,0.09227431469025443
CD16+ NK cells,22,MYLK,0.700352668762207,0.10246771743242647
CD16+ NK cells,23,C1R,0.4000896215438843,0.11115096483702426
CD16+ NK cells,24,CCN1,0.4455612301826477,0.1141033851297914
CD16+ NK cells,25,SELENOM,0.13514921069145203,0.12714160293860968
CD16+ NK cells,26,FLNA,0.5559008121490479,0.1408774368415233
CD16+ NK cells,27,CD74,0.3574632406234741,0.14518389055833464
CD16+ NK cells,28,CEBPD,0.4811311662197113,0.14716921214175815
CD16+ NK cells,29,CD63,0.2542608678340912,0.1503008491681313
CD16+ NK cells,30,VIM,0.31196877360343933,0.1520659710224208
CD16+ NK cells,31,IGF1,1.148034930229187,0.15266687947229196
CD16+ NK cells,32,PTGIS,0.7503073215484619,0.1549988097670019
CD16+ NK cells,33,ACTB,0.12336331605911255,0.15665946536871975
CD16+ NK cells,34,AEBP1,0.36865755915641785,0.16550966487656404
CD16+ NK cells,35,LGALS1,0.17363359034061432,0.17097216006781552
CD16+ NK cells,36,ZBTB16,1.0555726289749146,0.18224252142173253
CD16+ NK cells,37,CXCL12,0.8595824837684631,0.1853818608222834
CD16+ NK cells,38,ACTA2,0.37590527534484863,0.19919862946658176
CD16+ NK cells,39,RASL12,1.221040964126587,0.19939516399304152
CD16+ NK cells,40,CALU,0.32277974486351013,0.20138130852748562
CD16+ NK cells,41,CERCAM,0.6147952675819397,0.20668381568954883
CD16+ NK cells,42,ENAH,0.4768856167793274,0.20861410323897045
CD16+ NK cells,43,MYH11,0.8823650479316711,0.21784559128905742
CD16+ NK cells,44,RGS5,0.7416571378707886,0.22002940618397154
CD16+ NK cells,45,DDR2,0.6253386735916138,0.22196191939227883
CD16+ NK cells,46,FBLN5,0.9404025077819824,0.2230892802164402
CD16+ NK cells,47,CRYAB,0.7654226422309875,0.2355460918821335
CD16+ NK cells,48,APOD,1.1752859354019165,0.23582899767911808
CD16+ NK cells,49,C1S,0.33454275131225586,0.2393935676021095
CD16+ NK cells,50,KANK2,0.8349013924598694,0.24376090136759557
CD16- NK cells,1,SPARCL1,2.264258623123169,0.7262821207862435
CD16- NK cells,2,ACTA2,1.4242373704910278,0.7262821207862435
CD16- NK cells,3,SELENOW,0.7694778442382812,0.7262821207862435
CD16- NK cells,4,CIRBP,1.2479918003082275,0.7300565696176267
CD16- NK cells,5,PLBD1,2.0268959999084473,0.7301219247642691
CD16- NK cells,6,ERBB2,2.1794393062591553,0.7301219247642691
CD16- NK cells,7,MXRA8,1.1094962358474731,0.7321972567726417
CD16- NK cells,8,PIP5K1C,1.9045411348342896,0.7549777939330115
CD16- NK cells,9,C1S,0.9211176633834839,0.7549777939330115
CD16- NK cells,10,ARMCX4,3.9393911361694336,0.7574262259872832
CD16- NK cells,11,KHNYN,1.914488434791565,0.7600122936862078
CD16- NK cells,12,AEBP1,0.7261941432952881,0.7631684007750199
CD16- NK cells,13,SERINC3,0.9172173142433167,0.7723667444125109
CD16- NK cells,14,ECE1,1.4461182355880737,0.7783916506621621
CD16- NK cells,15,COL15A1,1.2528133392333984,0.7783916506621621
CD16- NK cells,16,YIPF4,1.2372627258300781,0.7812295630729986
CD16- NK cells,17,IL33,2.306187152862549,0.7878365054880134
CD16- NK cells,18,RAB5C,0.8813743591308594,0.7878365054880134
CD16- NK cells,19,TAF13,2.0339975357055664,0.7938471243931084
CD16- NK cells,20,CALD1,0.4060259461402893,0.8041179201922777
CD16- NK cells,21,BTBD7,2.0499629974365234,0.8041179201922777
CD16- NK cells,22,HSPH1,0.8192476034164429,0.807851699958573
CD16- NK cells,23,WWTR1,1.33795166015625,0.8091134538659113
CD16- NK cells,24,COQ4,2.123147964477539,0.8091134538659113
CD16- NK cells,25,AHNAK,0.4427522122859955,0.8091134538659113
CD16- NK cells,26,SYNJ2BP,2.4765632152557373,0.8091134538659113
CD16- NK cells,27,STUB1,1.1927543878555298,0.8098960585210179
CD16- NK cells,28,HEXIM2,4.734781265258789,0.8098960585210179
CD16- NK cells,29,GEM,0.8290884494781494,0.8103140216458665
CD16- NK cells,30,CAV1,1.1724319458007812,0.8109632902786029
CD16- NK cells,31,DAB2IP,1.8112350702285767,0.8109632902786029
CD16- NK cells,32,EBF1,1.9720280170440674,0.8109632902786029
CD16- NK cells,33,GUCD1,0.8069062829017639,0.8137361490906384
CD16- NK cells,34,CLIC4,0.7320346832275391,0.8157393661304051
CD16- NK cells,35,PLCG2,2.8966314792633057,0.8162995776984986
CD16- NK cells,36,BOC,1.2506012916564941,0.8192585542629709
CD16- NK cells,37,FAM107B,1.8282043933868408,0.8192585542629709
CD16- NK cells,38,MUS81,1.9880338907241821,0.8192585542629709
CD16- NK cells,39,KCTD12,0.950175940990448,0.8192946376353577
CD16- NK cells,40,RORA,0.8001730442047119,0.819792616974046
CD16- NK cells,41,SNX21,1.8381901979446411,0.822761198403602
CD16- NK cells,42,RNF170,2.4109995365142822,0.8229356109565698
CD16- NK cells,43,ZMYM4,1.4227583408355713,0.8270537264425258
CD16- NK cells,44,IRAK1BP1,3.564985990524292,0.8284593601742007
CD16- NK cells,45,BCL6,1.4249650239944458,0.828952308540522
CD16- NK cells,46,MTPN,1.4088056087493896,0.8294791040874048
CD16- NK cells,47,TGFB3,1.2225117683410645,0.8346177329343567
CD16- NK cells,48,CAPN2,0.8083965182304382,0.8346177329343567
CD16- NK cells,49,GSN,0.6394839286804199,0.8346177329343567
CD16- NK cells,50,TMEM47,2.1005287170410156,0.8367107385509069
CRTAM+ gamma-delta T cells,1,IGHG1,2.501366138458252,0.3183388949636634
CRTAM+ gamma-delta T cells,2,COL6A3,1.168158769607544,0.3183388949636634
CRTAM+ gamma-delta T cells,3,IGKC,2.247704267501831,0.31909186601001616
CRTAM+ gamma-delta T cells,4,CD74,1.2911560535430908,0.32855354780230833
CRTAM+ gamma-delta T cells,5,C1R,1.22450852394104,0.392490519507672
CRTAM+ gamma-delta T cells,6,SFRP2,1.5322548151016235,0.39463244751235255
CRTAM+ gamma-delta T cells,7,MMP2,1.158658504486084,0.39463244751235255
CRTAM+ gamma-delta T cells,8,MMP1,2.528502941131592,0.3995979081027076
CRTAM+ gamma-delta T cells,9,MMP3,2.619812488555908,0.4088968839288694
CRTAM+ gamma-delta T cells,10,TRBC2,2.1225767135620117,0.4098843311383263
CRTAM+ gamma-delta T cells,11,COL1A1,0.7115575671195984,0.4304970597145144
CRTAM+ gamma-delta T cells,12,CD99,1.2126407623291016,0.43454708182903606
CRTAM+ gamma-delta T cells,13,ST5,1.6411162614822388,0.4346359711844106
CRTAM+ gamma-delta T cells,14,SELENOM,0.6536571383476257,0.4553864273860104
CRTAM+ gamma-delta T cells,15,VIM,0.26010599732398987,0.4684856579020096
CRTAM+ gamma-delta T cells,16,TUBB,0.8354635834693909,0.4700683258817155
CRTAM+ gamma-delta T cells,17,SFRP4,1.730288028717041,0.4764448259084632
CRTAM+ gamma-delta T cells,18,GZMK,2.8587658405303955,0.4779562353660185
CRTAM+ gamma-delta T cells,19,DCN,0.8886675238609314,0.5121422820664313
CRTAM+ gamma-delta T cells,20,CHI3L1,1.954712986946106,0.5177645096558898
CRTAM+ gamma-delta T cells,21,C3,1.208018183708191,0.5258854956150605
CRTAM+ gamma-delta T cells,22,COL1A2,0.5946329236030579,0.5328850395913006
CRTAM+ gamma-delta T cells,23,CD14,1.3749123811721802,0.5513204739478537
CRTAM+ gamma-delta T cells,24,FTH1,0.010241511277854443,0.5730071555393365
CRTAM+ gamma-delta T cells,25,BTN2A2,3.3472373485565186,0.5947622753467522
CRTAM+ gamma-delta T cells,26,FBLN1,1.0383929014205933,0.6003710367518176
CRTAM+ gamma-delta T cells,27,SELL,2.0191690921783447,0.6083156071033927
CRTAM+ gamma-delta T cells,28,SRGN,1.233886480331421,0.6139452284118463
CRTAM+ gamma-delta T cells,29,FBN1,1.0303398370742798,0.6258066670476738
CRTAM+ gamma-delta T cells,30,FTL,0.09623904526233673,0.6340735603373661
CRTAM+ gamma-delta T cells,31,COL6A1,0.3688007891178131,0.6340735603373661
CRTAM+ gamma-delta T cells,32,KLRD1,2.1676595211029053,0.6370552429857006
CRTAM+ gamma-delta T cells,33,VCAM1,1.3322139978408813,0.6500879768562874
CRTAM+ gamma-delta T cells,34,ST6GALNAC5,2.671952724456787,0.6548984396786363
CRTAM+ gamma-delta T cells,35,ARPC5,1.2669603824615479,0.6773673905450257
CRTAM+ gamma-delta T cells,36,ADAMTS16,2.9046947956085205,0.6814092139122521
CRTAM+ gamma-delta T cells,37,MAPKAPK3,1.9677289724349976,0.6827882026502672
CRTAM+ gamma-delta T cells,38,FADS2,1.5489898920059204,0.6874500832182104
CRTAM+ gamma-delta T cells,39,LUM,0.3193553388118744,0.6879403042672023
CRTAM+ gamma-delta T cells,40,CD63,0.483394056558609,0.7008247313504792
CRTAM+ gamma-delta T cells,41,CTSB,0.08401799201965332,0.7040638731790831
CRTAM+ gamma-delta T cells,42,VCAN,0.8192639350891113,0.7107828775110313
CRTAM+ gamma-delta T cells,43,SLC15A4,1.7155383825302124,0.7146163163003892
CRTAM+ gamma-delta T cells,44,MT2A,0.6883929967880249,0.7191429280028416
CRTAM+ gamma-delta T cells,45,FPR1,2.7285172939300537,0.7374565050218805
CRTAM+ gamma-delta T cells,46,ITGA4,1.985603928565979,0.7432218684966622
CRTAM+ gamma-delta T cells,47,CD3G,2.131000280380249,0.7460201399103384
CRTAM+ gamma-delta T cells,48,IGFBP4,0.271247535943985,0.7472737407647579
CRTAM+ gamma-delta T cells,49,JAML,1.7774369716644287,0.751432100138479
CRTAM+ gamma-delta T cells,50,OCEL1,2.3702895641326904,0.7527631151821339
Classical monocytes,1,CLU,0.7309433221817017,0.033949391382025844
Classical monocytes,2,MYL9,0.1605219542980194,0.210597282634221
Classical monocytes,3,TPM2,-0.0638875961303711,0.5619407827128947
Classical monocytes,4,TMSB4X,-0.5196505188941956,0.7511723993049347
Classical monocytes,5,RBFOX3,1.760773777961731,0.7876716362470706
Classical monocytes,6,CLCA4,2.9248504638671875,0.7884750295545339
Classical monocytes,7,ADCYAP1,2.163713216781616,0.8294760490502114
Classical monocytes,8,ZNF784,1.723010778427124,0.8318114277898504
Classical monocytes,9,PF4,4.188383102416992,0.832931451618656
Classical monocytes,10,TCF23,2.6101865768432617,0.8342091630752277
Classical monocytes,11,TUBB1,2.7587828636169434,0.8434452900699664
Classical monocytes,12,EFHC2,2.0318868160247803,0.8546684869683355
Classical monocytes,13,SYCP3,3.3837623596191406,0.8609098844227067
Classical monocytes,14,ARC,2.4005560874938965,0.8617826839752097
Classical monocytes,15,ECRG4,0.508011519908905,0.861993969194385
Classical monocytes,16,LYVE1,1.1807204484939575,0.8679500788992748
Classical monocytes,17,NSG1,3.6777074337005615,0.8735824376792148
Classical monocytes,18,TENT5B,1.5583922863006592,0.8774841696532306
Classical monocytes,19,CD14,0.5521855354309082,0.8777061176555827
Classical monocytes,20,PYGM,1.0251774787902832,0.8837234942024305
Classical monocytes,21,VIT,1.906548023223877,0.8842137851121193
Classical monocytes,22,SUSD2,2.397610902786255,0.8930867823282158
Classical monocytes,23,AGAP2,2.124725818634033,0.8950135959601516
Classical monocytes,24,WRAP53,1.9397878646850586,0.8981598530821684
Classical monocytes,25,SORCS1,2.162804126739502,0.8981598530821684
Classical monocytes,26,SCN3B,2.301748514175415,0.8997916010441519
Classical monocytes,27,FAM229A,1.2356067895889282,0.9039980595911644
Classical monocytes,28,PLEK,1.3524208068847656,0.9077056210457644
Classical monocytes,29,IGFN1,2.2198569774627686,0.9085852963460361
Classical monocytes,30,PTGDR,2.274313449859619,0.9105306577555339
Classical monocytes,31,C9orf116,2.6415019035339355,0.9117754535548092
Classical monocytes,32,OSM,1.424351453781128,0.91180070116235
Classical monocytes,33,ZDHHC15,1.6893115043640137,0.9128511538512767
Classical monocytes,34,PDZD4,0.8334665298461914,0.9128511538512767
Classical monocytes,35,HCAR3,1.493971824645996,0.9128511538512767
Classical monocytes,36,APCDD1L,2.077965497970581,0.9149637216193743
Classical monocytes,37,SOX10,2.4854543209075928,0.9156214614819491
Classical monocytes,38,NKX3-1,2.0889179706573486,0.9168352351359443
Classical monocytes,39,CYB561D1,1.7444156408309937,0.9192733027676475
Classical monocytes,40,HBB,1.4274358749389648,0.9233656829321875
Classical monocytes,41,BCHE,0.830409824848175,0.9250813895280844
Classical monocytes,42,KY,3.3686583042144775,0.9302856756028095
Classical monocytes,43,CRTAM,2.2432236671447754,0.9302856756028095
Classical monocytes,44,MADCAM1,2.433198928833008,0.9302856756028095
Classical monocytes,45,ITGB1BP2,1.1051501035690308,0.9313383279943611
Classical monocytes,46,LCA5L,2.2526180744171143,0.9317977098743175
Classical monocytes,47,SLIT1,2.0557069778442383,0.9318622096413075
Classical monocytes,48,CRABP1,2.458519458770752,0.9331720390018936
Classical monocytes,49,AADAC,3.828692674636841,0.9331720390018936
Classical monocytes,50,PTPRT,2.637788772583008,0.9331720390018936
Cycling NK cells,1,EFHD2,3.9741432666778564,0.9894750552973739
Cycling NK cells,2,PCLAF,3.8827269077301025,0.9894750552973739
Cycling NK cells,3,SCFD1,5.102880954742432,0.9894750552973739
Cycling NK cells,4,MAP4,3.12268328666687,0.9894750552973739
Cycling NK cells,5,OS9,3.8579347133636475,0.9894750552973739
Cycling NK cells,6,HMGN1,4.122034072875977,0.9894750552973739
Cycling NK cells,7,UHMK1,4.405606746673584,0.9894750552973739
Cycling NK cells,8,IGKC,4.382974624633789,0.9894750552973739
Cycling NK cells,9,CPNE1,3.327437400817871,0.9894750552973739
Cycling NK cells,10,NDUFA2,3.5693538188934326,0.9894750552973739
Cycling NK cells,11,SERPINH1,2.2326369285583496,0.9894750552973739
Cycling NK cells,12,YWHAZ,2.9237663745880127,0.9894750552973739
Cycling NK cells,13,AKAP11,3.6345267295837402,0.9894750552973739
Cycling NK cells,14,ATP5MC2,2.7481658458709717,0.9894750552973739
Cycling NK cells,15,CCR7,5.972110748291016,0.9894750552973739
Cycling NK cells,16,STUM,5.865021228790283,0.9894750552973739
Cycling NK cells,17,RASAL3,5.564807891845703,0.9894750552973739
Cycling NK cells,18,CSRP1,2.0051229000091553,0.9894750552973739
Cycling NK cells,19,ROBO4,5.0595703125,0.9894750552973739
Cycling NK cells,20,BMP8B,5.185301780700684,0.9894750552973739
Cycling NK cells,21,ST8SIA4,4.584649085998535,0.9894750552973739
Cycling NK cells,22,DCN,1.9852309226989746,0.9894750552973739
Cycling NK cells,23,REEP2,4.645918369293213,0.9894750552973739
Cycling NK cells,24,TIGIT,4.009875297546387,0.9894750552973739
Cycling NK cells,25,SCYL3,4.672554016113281,0.9894750552973739
Cycling NK cells,26,BICD1,3.9869847297668457,0.9894750552973739
Cycling NK cells,27,GZMK,3.6901180744171143,0.9894750552973739
Cycling NK cells,28,HSPA2,4.089550495147705,0.9894750552973739
Cycling NK cells,29,KLRD1,4.5039544105529785,0.9894750552973739
Cycling NK cells,30,AP1S1,3.8878960609436035,0.9894750552973739
Cycling NK cells,31,EMC8,3.8978335857391357,0.9894750552973739
Cycling NK cells,32,FGFRL1,4.448765277862549,0.9894750552973739
Cycling NK cells,33,SPAG5,4.404143810272217,0.9894750552973739
Cycling NK cells,34,ATXN7L1,4.0269951820373535,0.9894750552973739
Cycling NK cells,35,ADAM9,4.218567371368408,0.9894750552973739
Cycling NK cells,36,SNRNP48,4.101342678070068,0.9894750552973739
Cycling NK cells,37,COQ5,4.077547550201416,0.9894750552973739
Cycling NK cells,38,TMEM255B,3.891080856323242,0.9894750552973739
Cycling NK cells,39,DYRK1B,4.182927131652832,0.9894750552973739
Cycling NK cells,40,HSPD1,2.065077304840088,0.9894750552973739
Cycling NK cells,41,BCLAF3,3.979571580886841,0.9894750552973739
Cycling NK cells,42,EPM2AIP1,3.8192336559295654,0.9894750552973739
Cycling NK cells,43,C3,1.8960176706314087,0.9894750552973739
Cycling NK cells,44,NIP7,3.912759780883789,0.9894750552973739
Cycling NK cells,45,MSH6,3.8343374729156494,0.9894750552973739
Cycling NK cells,46,SEC23IP,3.473905086517334,0.9894750552973739
Cycling NK cells,47,DRAM2,3.4842472076416016,0.9894750552973739
Cycling NK cells,48,IGFBP7,1.5904399156570435,0.9894750552973739
Cycling NK cells,49,SMAP2,3.2642159461975098,0.9894750552973739
Cycling NK cells,50,AKAP9,2.9210872650146484,0.9894750552973739
Cycling T cells,1,ARPC2,3.0854694843292236,0.9983028036021996
Cycling T cells,2,CMTM3,3.436370611190796,0.9983028036021996
Cycling T cells,3,CXCL14,3.3079917430877686,0.9983028036021996
Cycling T cells,4,GPR137B,4.124917030334473,0.9983028036021996
Cycling T cells,5,SH3PXD2B,3.4074347019195557,0.9983028036021996
Cycling T cells,6,CD151,2.5199081897735596,0.9983028036021996
Cycling T cells,7,PCOLCE,3.0870044231414795,0.9983028036021996
Cycling T cells,8,JAK1,3.122701644897461,0.9983028036021996
Cycling T cells,9,RESF1,3.3275671005249023,0.9983028036021996
Cycling T cells,10,CTHRC1,2.350907325744629,0.9983028036021996
Cycling T cells,11,KRT8,2.479541063308716,0.9983028036021996
Cycling T cells,12,ANXA6,2.5840375423431396,0.9983028036021996
Cycling T cells,13,EIF1B,2.9259867668151855,0.9983028036021996
Cycling T cells,14,P4HA1,2.9156830310821533,0.9983028036021996
Cycling T cells,15,HMCN2,4.770937442779541,0.9983028036021996
Cycling T cells,16,BCAS3,4.210294723510742,0.9983028036021996
Cycling T cells,17,SERPINF1,2.272838592529297,0.9983028036021996
Cycling T cells,18,DGKE,4.113366603851318,0.9983028036021996
Cycling T cells,19,AATK,3.9242067337036133,0.9983028036021996
Cycling T cells,20,HSPD1,2.032761573791504,0.9983028036021996
Cycling T cells,21,BGN,1.882207989692688,0.9983028036021996
Cycling T cells,22,NUDT14,3.317744255065918,0.9983028036021996
Cycling T cells,23,EGR1,1.7215012311935425,0.9983028036021996
Cycling T cells,24,LUM,1.7245845794677734,0.9983028036021996
Cycling T cells,25,RAB1A,2.7579123973846436,0.9983028036021996
Cycling T cells,26,CDCP1,3.502943754196167,0.9983028036021996
Cycling T cells,27,BTG3,3.3786890506744385,0.9983028036021996
Cycling T cells,28,ACOX1,3.0906574726104736,0.9983028036021996
Cycling T cells,29,ICK,3.7375941276550293,0.9983028036021996
Cycling T cells,30,TTC39B,3.421797275543213,0.9983028036021996
Cycling T cells,31,ZNF292,3.680901050567627,0.9983028036021996
Cycling T cells,32,DEAF1,2.966334342956543,0.9983028036021996
Cycling T cells,33,MMP2,1.7649686336517334,0.9983028036021996
Cycling T cells,34,ZNF22,2.813570499420166,0.9983028036021996
Cycling T cells,35,SCARA3,3.3186542987823486,0.9983028036021996
Cycling T cells,36,AP1M1,2.7441177368164062,0.9983028036021996
Cycling T cells,37,POSTN,2.262608051300049,0.9983028036021996
Cycling T cells,38,TMSB10,1.0431190729141235,0.9983028036021996
Cycling T cells,39,EIF1AD,3.1013944149017334,0.9983028036021996
Cycling T cells,40,EPCAM,2.4085886478424072,0.9983028036021996
Cycling T cells,41,SPCS3,2.885164737701416,0.9983028036021996
Cycling T cells,42,SAFB2,2.387002468109131,0.9983028036021996
Cycling T cells,43,POLE4,2.966839075088501,0.9983028036021996
Cycling T cells,44,NHP2,2.456622838973999,0.9983028036021996
Cycling T cells,45,ENTPD6,2.9225854873657227,0.9983028036021996
Cycling T cells,46,ANKRD13A,2.747591972351074,0.9983028036021996
Cycling T cells,47,TAF11,2.5473790168762207,0.9983028036021996
Cycling T cells,48,ITGB5,2.0725154876708984,0.9983028036021996
Cycling T cells,49,CCDC12,2.4856486320495605,0.9983028036021996
Cycling T cells,50,LSM1,2.554746150970459,0.9983028036021996
DC1,1,CHRDL1,4.2359771728515625,0.008535485402437806
DC1,2,FLNA,3.1554059982299805,0.008535485402437806
DC1,3,PLN,3.5065062046051025,0.040221010861075886
DC1,4,LMOD1,3.4637115001678467,0.040221010861075886
DC1,5,HSPB8,3.393012046813965,0.040221010861075886
DC1,6,TES,2.5846872329711914,0.040221010861075886
DC1,7,CASC3,2.3171775341033936,0.040221010861075886
DC1,8,SYNPO2,3.7260475158691406,0.040221010861075886
DC1,9,MYH11,4.0863938331604,0.040221010861075886
DC1,10,TAGLN,2.2563555240631104,0.040221010861075886
DC1,11,SMOC2,2.9273767471313477,0.040221010861075886
DC1,12,WNK2,3.0841774940490723,0.040221010861075886
DC1,13,DES,4.141641616821289,0.040221010861075886
DC1,14,DSTN,2.3262085914611816,0.040221010861075886
DC1,15,SYNM,3.7731518745422363,0.040221010861075886
DC1,16,CNN1,3.0187668800354004,0.04531608300401769
DC1,17,CRYAB,3.3279802799224854,0.048818223936603254
DC1,18,MAF1,2.3092987537384033,0.051489910472321355
DC1,19,KCNMA1,2.8668503761291504,0.05556054194668026
DC1,20,PLA2G2A,3.164517641067505,0.05556054194668026
DC1,21,SORBS1,2.756397008895874,0.0624762594595927
DC1,22,TPM2,2.2706680297851562,0.0624762594595927
DC1,23,DST,2.458839178085327,0.0654043385891283
DC1,24,TNS1,2.7458078861236572,0.0705704109333307
DC1,25,MYLK,2.803359031677246,0.07072708261636237
DC1,26,CLU,2.598738193511963,0.07749074638164512
DC1,27,FLNC,3.389385461807251,0.08305680519152098
DC1,28,CACNB2,3.845215320587158,0.08333102735236225
DC1,29,ACTG2,3.030864953994751,0.09326306830011626
DC1,30,FILIP1L,2.333040475845337,0.09326306830011626
DC1,31,PGM5,3.1007344722747803,0.09326306830011626
DC1,32,MRVI1,2.2746901512145996,0.09876835415370445
DC1,33,CSRP1,2.204969882965088,0.10537303475437274
DC1,34,MYL9,2.239495038986206,0.10537303475437274
DC1,35,DTNA,2.9487879276275635,0.1067175715039183
DC1,36,TMOD1,3.5608041286468506,0.1067175715039183
DC1,37,HIPK3,1.8483121395111084,0.1360908442857922
DC1,38,CKB,2.6766138076782227,0.13911318121026459
DC1,39,NFIL3,2.1277005672454834,0.1393545173999438
DC1,40,TXNRD1,2.3572943210601807,0.1393545173999438
DC1,41,DNAJB2,2.9072763919830322,0.1393545173999438
DC1,42,HSPB1,1.977807641029358,0.1393545173999438
DC1,43,ALDH1B1,2.123260974884033,0.1393545173999438
DC1,44,FERMT2,2.4514882564544678,0.1450653753670734
DC1,45,ACTN1,1.6170991659164429,0.15996468614799564
DC1,46,CALD1,1.5306304693222046,0.18021795346165714
DC1,47,THBS1,1.6476330757141113,0.18021795346165714
DC1,48,PDK4,2.5230696201324463,0.18460621332154248
DC1,49,ACTA2,1.956454873085022,0.18547592427365817
DC1,50,NCS1,2.37760591506958,0.1883854431723948
DC precursor,1,PCLAF,4.4806952476501465,0.9910650277863254
DC precursor,2,FTL,2.1855530738830566,0.9910650277863254
DC precursor,3,ARL6IP5,3.134676933288574,0.9910650277863254
DC precursor,4,FOS,2.240445852279663,0.9910650277863254
DC precursor,5,C1R,1.723870873451233,0.9910650277863254
DC precursor,6,C1QB,2.710484027862549,0.9910650277863254
DC precursor,7,C3,1.9953904151916504,0.9910650277863254
DC precursor,8,RBP5,3.844705820083618,0.9910650277863254
DC precursor,9,TRPC6,3.9168434143066406,0.9910650277863254
DC precursor,10,RCC2,2.4486753940582275,0.9910650277863254
DC precursor,11,APOD,2.593604326248169,0.9910650277863254
DC precursor,12,MILR1,3.5680418014526367,0.9910650277863254
DC precursor,13,DPP9,2.58485746383667,0.9910650277863254
DC precursor,14,CREB3,2.3584489822387695,0.9910650277863254
DC precursor,15,PRELID3A,3.251389503479004,0.9910650277863254
DC precursor,16,GZMK,4.101809501647949,0.9910650277863254
DC precursor,17,SAMHD1,2.227766513824463,0.9910650277863254
DC precursor,18,DCN,1.3454113006591797,0.9910650277863254
DC precursor,19,ENO1,1.6480727195739746,0.9910650277863254
DC precursor,20,PRRX1,2.1941912174224854,0.9910650277863254
DC precursor,21,TCTA,3.7232632637023926,0.9910650277863254
DC precursor,22,CCL19,2.741786003112793,0.9910650277863254
DC precursor,23,FAM20A,3.2608437538146973,0.9910650277863254
DC precursor,24,FGD2,2.5051121711730957,0.9910650277863254
DC precursor,25,CASD1,2.7922439575195312,0.9910650277863254
DC precursor,26,CYP7B1,3.177774667739868,0.9910650277863254
DC precursor,27,ABRAXAS2,3.239137887954712,0.9910650277863254
DC precursor,28,WDR90,2.610691547393799,0.9910650277863254
DC precursor,29,TMSB10,0.2669309973716736,0.9910650277863254
DC precursor,30,ARHGEF6,2.4956142902374268,0.9910650277863254
DC precursor,31,TIGIT,2.9780213832855225,0.9910650277863254
DC precursor,32,FGF2,2.3793208599090576,0.9910650277863254
DC precursor,33,PALD1,2.429344415664673,0.9910650277863254
DC precursor,34,DPYSL2,1.7195581197738647,0.9910650277863254
DC precursor,35,MAPK3,2.111501455307007,0.9910650277863254
DC precursor,36,LYSMD2,2.407728910446167,0.9910650277863254
DC precursor,37,NPNT,2.5143609046936035,0.9910650277863254
DC precursor,38,FBXO8,2.344743251800537,0.9910650277863254
DC precursor,39,INPP5D,2.418370485305786,0.9910650277863254
DC precursor,40,TAPBP,1.036870002746582,0.9910650277863254
DC precursor,41,CXCL12,1.9847900867462158,0.9910650277863254
DC precursor,42,ZBTB33,2.3285582065582275,0.9910650277863254
DC precursor,43,SH3BGRL3,0.9891520142555237,0.9910650277863254
DC precursor,44,SMIM20,2.2558059692382812,0.9910650277863254
DC precursor,45,MGP,1.4543949365615845,0.9910650277863254
DC precursor,46,HYI,2.143986940383911,0.9910650277863254
DC precursor,47,OGFOD3,2.1275599002838135,0.9910650277863254
DC precursor,48,SMG6,2.0820987224578857,0.9910650277863254
DC precursor,49,SELENOO,3.2073044776916504,0.9910650277863254
DC precursor,50,UBQLN1,2.073111057281494,0.9910650277863254
Double-negative thymocytes,1,TUBB,3.081223726272583,0.9821051916755931
Double-negative thymocytes,2,IER2,3.7733237743377686,0.9821051916755931
Double-negative thymocytes,3,THBS1,2.0718393325805664,0.9821051916755931
Double-negative thymocytes,4,CLU,2.427980422973633,0.9821051916755931
Double-negative thymocytes,5,NEDD4L,4.210114479064941,0.9821051916755931
Double-negative thymocytes,6,POFUT2,4.44991397857666,0.9821051916755931
Double-negative thymocytes,7,SLC40A1,4.070587158203125,0.9821051916755931
Double-negative thymocytes,8,CRIPT,4.031860828399658,0.9821051916755931
Double-negative thymocytes,9,CDV3,3.8322396278381348,0.9821051916755931
Double-negative thymocytes,10,TASOR2,3.6300313472747803,0.9821051916755931
Double-negative thymocytes,11,NAA10,3.9513018131256104,0.9821051916755931
Double-negative thymocytes,12,HBP1,4.024452209472656,0.9821051916755931
Double-negative thymocytes,13,SPINT1,3.501352548599243,0.9821051916755931
Double-negative thymocytes,14,HDAC1,3.754581928253174,0.9821051916755931
Double-negative thymocytes,15,SLC26A3,4.086791515350342,0.9821051916755931
Double-negative thymocytes,16,UBR4,3.577666759490967,0.9821051916755931
Double-negative thymocytes,17,CUL4B,3.4378068447113037,0.9821051916755931
Double-negative thymocytes,18,PLAT,3.399292230606079,0.9821051916755931
Double-negative thymocytes,19,FTH1,1.016557216644287,0.9821051916755931
Double-negative thymocytes,20,MFAP2,3.547093391418457,0.9821051916755931
Double-negative thymocytes,21,ITPR2,3.1708884239196777,0.9821051916755931
Double-negative thymocytes,22,RAB2A,3.442389965057373,0.9821051916755931
Double-negative thymocytes,23,GPR183,3.4822261333465576,0.9821051916755931
Double-negative thymocytes,24,CHMP4B,2.9822585582733154,0.9821051916755931
Double-negative thymocytes,25,MUC13,3.1994686126708984,0.9821051916755931
Double-negative thymocytes,26,NRDC,2.9389827251434326,0.9821051916755931
Double-negative thymocytes,27,FAM114A1,3.220669984817505,0.9821051916755931
Double-negative thymocytes,28,LY6E,2.8518245220184326,0.9821051916755931
Double-negative thymocytes,29,CTSC,3.1476504802703857,0.9821051916755931
Double-negative thymocytes,30,FBXO7,2.562973976135254,0.9821051916755931
Double-negative thymocytes,31,PSTPIP2,3.3691253662109375,0.9821051916755931
Double-negative thymocytes,32,CD163,2.6012706756591797,0.9821051916755931
Double-negative thymocytes,33,RTN4,2.4993674755096436,0.9821051916755931
Double-negative thymocytes,34,CRIP1,2.3166399002075195,0.9821051916755931
Double-negative thymocytes,35,SERINC1,2.712547779083252,0.9821051916755931
Double-negative thymocytes,36,MUC12,2.7627182006835938,0.9821051916755931
Double-negative thymocytes,37,ECE1,2.382904529571533,0.9821051916755931
Double-negative thymocytes,38,C4orf3,2.2905540466308594,0.9821051916755931
Double-negative thymocytes,39,MCL1,1.1616721153259277,0.9821051916755931
Double-negative thymocytes,40,PCLAF,2.500150442123413,0.9821051916755931
Double-negative thymocytes,41,HBA2,2.4677417278289795,0.9821051916755931
Double-negative thymocytes,42,MYADM,2.201199531555176,0.9821051916755931
Double-negative thymocytes,43,GNA11,2.6944706439971924,0.9821051916755931
Double-negative thymocytes,44,CXCL8,1.9103219509124756,0.9821051916755931
Double-negative thymocytes,45,ID3,2.2252883911132812,0.9821051916755931
Double-negative thymocytes,46,IL1RAPL1,8.716158866882324,0.9821051916755931
Double-negative thymocytes,47,DNLZ,8.668119430541992,0.9821051916755931
Double-negative thymocytes,48,DAZL,8.600488662719727,0.9821051916755931
Double-negative thymocytes,49,FXYD5,2.004228353500366,0.9821051916755931
Double-negative thymocytes,50,APOBEC3H,7.947058200836182,0.9821051916755931
Double-positive thymocytes,1,AEBP1,0.8906662464141846,3.966566880840699e-05
Double-positive thymocytes,2,MYL9,0.6751530766487122,0.003385736663375275
Double-positive thymocytes,3,SFRP2,0.8463477492332458,0.004327787705598297
Double-positive thymocytes,4,A2M,0.611341655254364,0.008080160953540546
Double-positive thymocytes,5,CSRP1,0.5629701614379883,0.009770179924423982
Double-positive thymocytes,6,TAGLN,0.4292551875114441,0.012824921979916068
Double-positive thymocytes,7,ACTA2,0.5474041700363159,0.019636620344019525
Double-positive thymocytes,8,MYLK,0.7159114480018616,0.020558414334288025
Double-positive thymocytes,9,CLU,0.6645721793174744,0.022992827431460455
Double-positive thymocytes,10,DCN,0.5086014270782471,0.02367432936844065
Double-positive thymocytes,11,MXRA8,0.6344085335731506,0.02414707247906236
Double-positive thymocytes,12,HSPB1,0.41043710708618164,0.02645949662963702
Double-positive thymocytes,13,MMP2,0.41940218210220337,0.04052870298347748
Double-positive thymocytes,14,LGALS1,0.22823290526866913,0.04987830652839181
Double-positive thymocytes,15,MGP,0.5139799118041992,0.05189640364689761
Double-positive thymocytes,16,FHL2,0.5988358855247498,0.05489781163412051
Double-positive thymocytes,17,COL6A1,0.16592729091644287,0.0711509952801589
Double-positive thymocytes,18,CALD1,0.21740350127220154,0.07491523632030632
Double-positive thymocytes,19,IGFBP4,0.351343035697937,0.07718418472550581
Double-positive thymocytes,20,TPM2,0.2970741391181946,0.08668287076034659
Double-positive thymocytes,21,SELENOM,0.11657702177762985,0.09924384659362352
Double-positive thymocytes,22,VIM,0.19549091160297394,0.10515858580876211
Double-positive thymocytes,23,TPM1,0.12440770119428635,0.11204023069915184
Double-positive thymocytes,24,SELENOW,0.15380296111106873,0.11879806339889845
Double-positive thymocytes,25,PLA2G2A,0.7304695248603821,0.12389139039144419
Double-positive thymocytes,26,AQP1,0.4670741558074951,0.12639616281777216
Double-positive thymocytes,27,PDLIM7,0.4251152575016022,0.12733678493197886
Double-positive thymocytes,28,LUM,0.2244640290737152,0.12961210256913488
Double-positive thymocytes,29,SOD3,0.5740736722946167,0.13338613335999908
Double-positive thymocytes,30,TNFSF12,0.9749290943145752,0.1487949742978308
Double-positive thymocytes,31,SPARCL1,0.47186678647994995,0.15271805913585584
Double-positive thymocytes,32,DES,0.6462087035179138,0.1558068981424143
Double-positive thymocytes,33,LMOD1,0.7427708506584167,0.1604167587626629
Double-positive thymocytes,34,MYL6,0.05796688050031662,0.17811699342655485
Double-positive thymocytes,35,NNMT,0.3440207839012146,0.17987808256382723
Double-positive thymocytes,36,SFRP4,0.6771141886711121,0.1846471975468091
Double-positive thymocytes,37,ADAMTS1,0.5583218932151794,0.19684609972842773
Double-positive thymocytes,38,EPAS1,0.4066489338874817,0.20206019575953407
Double-positive thymocytes,39,C3,0.3907936215400696,0.20935144386816298
Double-positive thymocytes,40,FBLN1,0.35601988434791565,0.20953861863463707
Double-positive thymocytes,41,THBS1,0.20242200791835785,0.2157300725107102
Double-positive thymocytes,42,SPARC,0.10049234330654144,0.2269765689202322
Double-positive thymocytes,43,COL16A1,0.47811052203178406,0.2321357454360889
Double-positive thymocytes,44,C1S,0.22278276085853577,0.2523999784051152
Double-positive thymocytes,45,COL4A2,0.22675389051437378,0.2565225807750488
Double-positive thymocytes,46,COLEC12,0.6753376126289368,0.26140994174920884
Double-positive thymocytes,47,SSC5D,0.8237945437431335,0.26819454910714574
Double-positive thymocytes,48,COL1A1,0.17018599808216095,0.283135918118265
Double-positive thymocytes,49,TIMP2,0.06901400536298752,0.28634841435320535
Double-positive thymocytes,50,COL6A3,0.08883155882358551,0.28771141464785943
Early erythroid,1,COL7A1,2.838282346725464,1.9760714735324274e-05
Early erythroid,2,WNT5A,2.772387981414795,0.00016663912571884625
Early erythroid,3,PCLAF,2.229060649871826,0.00016663912571884625
Early erythroid,4,CXCL8,2.6022093296051025,0.00016663912571884625
Early erythroid,5,MMP3,2.7331290245056152,0.00022708605060286452
Early erythroid,6,COL5A2,1.6611956357955933,0.0007445972075548015
Early erythroid,7,PKM,1.5281105041503906,0.0007445972075548015
Early erythroid,8,LGALS1,1.2556205987930298,0.0008920478863247783
Early erythroid,9,LOXL2,1.816919207572937,0.0008920478863247783
Early erythroid,10,TNFAIP3,1.6880043745040894,0.0024008362487520684
Early erythroid,11,ADM,2.316715955734253,0.004101986530299043
Early erythroid,12,MMP1,2.4888832569122314,0.004101986530299043
Early erythroid,13,F3,2.092136859893799,0.004767888874803821
Early erythroid,14,IL11,2.671520233154297,0.004767888874803821
Early erythroid,15,PLAT,1.564270257949829,0.004767888874803821
Early erythroid,16,IL6,2.3132877349853516,0.004772959469209167
Early erythroid,17,CXCL3,1.855408787727356,0.004772959469209167
Early erythroid,18,MT2A,1.7741037607192993,0.004772959469209167
Early erythroid,19,RHOQ,1.4763340950012207,0.004772959469209167
Early erythroid,20,COL3A1,1.114527940750122,0.005038006343336426
Early erythroid,21,PLAUR,1.5224758386611938,0.005227354746642389
Early erythroid,22,PHLDA1,1.4413707256317139,0.005683853301859647
Early erythroid,23,SPP1,1.8636685609817505,0.0062262626370041645
Early erythroid,24,PDGFB,1.857806921005249,0.0062262626370041645
Early erythroid,25,ANKRD28,1.4757671356201172,0.0062262626370041645
Early erythroid,26,CKAP4,1.4453612565994263,0.006243971282671308
Early erythroid,27,RUNX1,1.319837212562561,0.007137482378613473
Early erythroid,28,ADAMTS2,1.566035509109497,0.007551744347863714
Early erythroid,29,HERC4,1.394110918045044,0.007653706545230238
Early erythroid,30,MME,2.4993319511413574,0.007659157365154708
Early erythroid,31,COL12A1,1.476591944694519,0.011155015969725771
Early erythroid,32,SERPINE1,1.4044504165649414,0.01185307896863225
Early erythroid,33,PFKFB3,1.5728576183319092,0.012349555326559503
Early erythroid,34,COL6A3,1.1149208545684814,0.013116729881598082
Early erythroid,35,TNS3,1.387582778930664,0.013116729881598082
Early erythroid,36,CXCL1,1.981070876121521,0.013715613170639691
Early erythroid,37,DRAM1,1.456214427947998,0.014442596059402613
Early erythroid,38,TAGLN2,1.170870304107666,0.01511994250755847
Early erythroid,39,FTH1,1.1027569770812988,0.015252661408540933
Early erythroid,40,ETS1,1.307504653930664,0.015521216947472573
Early erythroid,41,PLAU,1.335261344909668,0.015521216947472573
Early erythroid,42,VMP1,1.1948843002319336,0.015521216947472573
Early erythroid,43,ADAMTS4,1.4559262990951538,0.015521216947472573
Early erythroid,44,MMP12,2.5287344455718994,0.015521216947472573
Early erythroid,45,PRDM1,1.6301178932189941,0.015521216947472573
Early erythroid,46,CCL20,1.5654832124710083,0.016762298279286564
Early erythroid,47,ANPEP,2.061140298843384,0.017823461618805814
Early erythroid,48,TRBC2,1.3540209531784058,0.01805642436319701
Early erythroid,49,FBN1,1.1995080709457397,0.020616899713523974
Early erythroid,50,TUBB,1.3848854303359985,0.021101775178723324
Early lymphoid T lymphoid,1,COL6A1,1.4962514638900757,0.9997224281389774
Early lymphoid T lymphoid,2,PLD3,1.9368420839309692,0.9997224281389774
Early lymphoid T lymphoid,3,HOMER3,2.2111072540283203,0.9997224281389774
Early lymphoid T lymphoid,4,AQP1,1.7215889692306519,0.9997224281389774
Early lymphoid T lymphoid,5,ANXA1,2.0583136081695557,0.9997224281389774
Early lymphoid T lymphoid,6,MAP3K8,2.073371410369873,0.9997224281389774
Early lymphoid T lymphoid,7,VHL,1.7531723976135254,0.9997224281389774
Early lymphoid T lymphoid,8,NDUFC2,1.6840730905532837,0.9997224281389774
Early lymphoid T lymphoid,9,GLI3,1.9442216157913208,0.9997224281389774
Early lymphoid T lymphoid,10,EPB41L2,1.9612665176391602,0.9997224281389774
Early lymphoid T lymphoid,11,NUDT22,2.1413261890411377,0.9997224281389774
Early lymphoid T lymphoid,12,C1QA,1.7131913900375366,0.9997224281389774
Early lymphoid T lymphoid,13,RAB34,1.8814512491226196,0.9997224281389774
Early lymphoid T lymphoid,14,MEDAG,3.1582486629486084,0.9997224281389774
Early lymphoid T lymphoid,15,VCAN,1.645134449005127,0.9997224281389774
Early lymphoid T lymphoid,16,HSPA1B,1.663096308708191,0.9997224281389774
Early lymphoid T lymphoid,17,MRTFA,2.0973117351531982,0.9997224281389774
Early lymphoid T lymphoid,18,ALDH9A1,1.9151721000671387,0.9997224281389774
Early lymphoid T lymphoid,19,RAB23,1.9283849000930786,0.9997224281389774
Early lymphoid T lymphoid,20,EWSR1,1.7818639278411865,0.9997224281389774
Early lymphoid T lymphoid,21,MXD1,2.326986074447632,0.9997224281389774
Early lymphoid T lymphoid,22,APOL6,2.21951961517334,0.9997224281389774
Early lymphoid T lymphoid,23,RIN2,1.6726078987121582,0.9997224281389774
Early lymphoid T lymphoid,24,DTD1,1.9424299001693726,0.9997224281389774
Early lymphoid T lymphoid,25,ANKRD50,2.078559160232544,0.9997224281389774
Early lymphoid T lymphoid,26,DYSF,2.190199375152588,0.9997224281389774
Early lymphoid T lymphoid,27,ANXA11,1.0826998949050903,0.9997224281389774
Early lymphoid T lymphoid,28,PODXL,2.237755060195923,0.9997224281389774
Early lymphoid T lymphoid,29,JUND,1.5734260082244873,0.9997224281389774
Early lymphoid T lymphoid,30,THBS1,1.6281870603561401,0.9997224281389774
Early lymphoid T lymphoid,31,PRSS23,1.119323492050171,0.9997224281389774
Early lymphoid T lymphoid,32,PHLDB1,1.5300344228744507,0.9997224281389774
Early lymphoid T lymphoid,33,DAB2,1.427229404449463,0.9997224281389774
Early lymphoid T lymphoid,34,EHD2,1.346221685409546,0.9997224281389774
Early lymphoid T lymphoid,35,SERINC3,1.2827484607696533,0.9997224281389774
Early lymphoid T lymphoid,36,B4GALT5,1.300705075263977,0.9997224281389774
Early lymphoid T lymphoid,37,STARD3NL,1.5060040950775146,0.9997224281389774
Early lymphoid T lymphoid,38,LUM,1.372403860092163,0.9997224281389774
Early lymphoid T lymphoid,39,MRC2,1.4637857675552368,0.9997224281389774
Early lymphoid T lymphoid,40,PXDN,1.2663414478302002,0.9997224281389774
Early lymphoid T lymphoid,41,GAPVD1,2.450822114944458,0.9997224281389774
Early lymphoid T lymphoid,42,HSPH1,1.4474551677703857,0.9997224281389774
Early lymphoid T lymphoid,43,OAZ1,0.9577741026878357,0.9997224281389774
Early lymphoid T lymphoid,44,TSC22D1,1.957891821861267,0.9997224281389774
Early lymphoid T lymphoid,45,CHP1,1.359497308731079,0.9997224281389774
Early lymphoid T lymphoid,46,COMP,1.5191243886947632,0.9997224281389774
Early lymphoid T lymphoid,47,GBF1,1.8691118955612183,0.9997224281389774
Early lymphoid T lymphoid,48,UBR3,2.1895670890808105,0.9997224281389774
Early lymphoid T lymphoid,49,CRIM1,1.347961187362671,0.9997224281389774
Early lymphoid T lymphoid,50,TIMP1,1.1441277265548706,0.9997224281389774
Endothelial cells,1,ADAMTS9,2.5995969772338867,2.1933215794668634e-110
Endothelial cells,2,COL4A1,1.7874071598052979,8.419600318637029e-110
Endothelial cells,3,COL4A2,1.6904079914093018,5.169811296455235e-107
Endothelial cells,4,PECAM1,2.140124797821045,2.586671041027292e-106
Endothelial cells,5,ADAMTS1,2.2086164951324463,9.693647506688153e-101
Endothelial cells,6,VWF,2.409370183944702,1.0025939065774069e-96
Endothelial cells,7,A2M,1.714008092880249,2.4131178720062776e-95
Endothelial cells,8,EPAS1,1.5427501201629639,1.7686239658484064e-81
Endothelial cells,9,STOM,1.6207373142242432,5.845803356652509e-80
Endothelial cells,10,AQP1,1.7893415689468384,1.85445126486944e-79
Endothelial cells,11,VIM,1.0915040969848633,4.425250917083095e-75
Endothelial cells,12,MCAM,1.7004263401031494,1.369757828799036e-74
Endothelial cells,13,SPARCL1,1.563366413116455,3.963009245625117e-71
Endothelial cells,14,CEBPD,1.3960113525390625,3.6613733493646625e-70
Endothelial cells,15,ITGA5,1.5001195669174194,3.8937353352011397e-69
Endothelial cells,16,CAV1,1.5156848430633545,2.0846696904173138e-67
Endothelial cells,17,ENG,1.612490177154541,3.892776738049373e-67
Endothelial cells,18,SELE,3.490567922592163,6.209581325182188e-66
Endothelial cells,19,ATP2B4,1.508474349975586,7.683524551731636e-66
Endothelial cells,20,CALCRL,2.296698808670044,1.21390316608474e-65
Endothelial cells,21,THBS1,1.3979101181030273,2.27455350768168e-65
Endothelial cells,22,SERPINE1,1.443989872932434,1.0063303676919412e-61
Endothelial cells,23,PLXND1,1.4833749532699585,2.3804050229434758e-60
Endothelial cells,24,CRIP2,1.6332703828811646,4.3457335588431067e-60
Endothelial cells,25,RHOC,1.110063910484314,5.521339063504392e-59
Endothelial cells,26,MYLK,1.5151222944259644,7.4173510095752e-59
Endothelial cells,27,KLF2,1.5356525182724,1.2368032314827081e-58
Endothelial cells,28,EGFL7,2.0477051734924316,1.5214401991694247e-58
Endothelial cells,29,CCN1,1.3851920366287231,3.017362606560754e-58
Endothelial cells,30,MSN,1.330849051475525,3.474137097361536e-58
Endothelial cells,31,MYH11,1.9106439352035522,3.227661868285533e-57
Endothelial cells,32,ACTA2,1.3667901754379272,8.00045328646759e-56
Endothelial cells,33,CSRP1,1.3161789178848267,1.927384599662144e-55
Endothelial cells,34,RGS5,1.547096610069275,7.101675165211323e-55
Endothelial cells,35,SELENOW,1.072950005531311,8.307500051438663e-54
Endothelial cells,36,TPM2,1.2665419578552246,8.69158882821554e-53
Endothelial cells,37,ADAMTS4,1.9333511590957642,8.798855006090172e-53
Endothelial cells,38,SOCS3,1.1818349361419678,2.0775277265991545e-52
Endothelial cells,39,CALD1,1.1859618425369263,2.0775277265991545e-52
Endothelial cells,40,EHD2,1.2357877492904663,4.083029083722145e-52
Endothelial cells,41,PLEKHO1,1.325660228729248,4.5174966286672226e-52
Endothelial cells,42,PLPP3,1.3834149837493896,1.968294611935558e-51
Endothelial cells,43,C11orf96,1.295958399772644,5.701996976759428e-51
Endothelial cells,44,COL18A1,1.3949503898620605,9.539159487094104e-51
Endothelial cells,45,MYL9,1.2849791049957275,2.9991245180049715e-50
Endothelial cells,46,LAMC1,1.105008602142334,2.42692106724745e-49
Endothelial cells,47,LIMS2,1.3412388563156128,3.335158553179357e-49
Endothelial cells,48,TM4SF1,1.3349851369857788,6.174380422983211e-49
Endothelial cells,49,CAV2,1.425168514251709,7.20971510111788e-49
Endothelial cells,50,TACC1,1.2019327878952026,7.507783470271614e-49
Epithelial cells,1,EPCAM,3.8390917778015137,0.0
Epithelial cells,2,CEACAM5,3.905620813369751,0.0
Epithelial cells,3,CD24,4.1349310874938965,0.0
Epithelial cells,4,LGALS4,3.632577419281006,0.0
Epithelial cells,5,CEACAM6,4.022039413452148,0.0
Epithelial cells,6,SLC12A2,3.5024702548980713,0.0
Epithelial cells,7,ELF3,3.694960832595825,0.0
Epithelial cells,8,MUC12,3.5803191661834717,0.0
Epithelial cells,9,RNF43,3.889226198196411,0.0
Epithelial cells,10,DSP,3.3060812950134277,0.0
Epithelial cells,11,KRT8,3.0086348056793213,0.0
Epithelial cells,12,HNF4A,3.4134726524353027,0.0
Epithelial cells,13,ST14,3.2435853481292725,0.0
Epithelial cells,14,FXYD3,3.5754261016845703,0.0
Epithelial cells,15,VIL1,3.383633613586426,0.0
Epithelial cells,16,PHGR1,3.31360125541687,0.0
Epithelial cells,17,PRSS8,3.4583821296691895,0.0
Epithelial cells,18,ATP1B1,3.1713132858276367,0.0
Epithelial cells,19,GPX2,3.582099676132202,0.0
Epithelial cells,20,CLDN4,3.4196152687072754,0.0
Epithelial cells,21,RAB25,3.387032985687256,0.0
Epithelial cells,22,MUC13,3.41732120513916,0.0
Epithelial cells,23,TFF3,3.549630880355835,0.0
Epithelial cells,24,SPINK1,3.5440151691436768,0.0
Epithelial cells,25,SPINT2,3.042919874191284,0.0
Epithelial cells,26,KLF5,3.1087417602539062,0.0
Epithelial cells,27,SLC44A4,3.441725969314575,0.0
Epithelial cells,28,MISP,3.2808120250701904,0.0
Epithelial cells,29,PPP1R1B,3.555450201034546,0.0
Epithelial cells,30,EHF,3.2290327548980713,0.0
Epithelial cells,31,DSG2,3.1864120960235596,0.0
Epithelial cells,32,CLDN3,3.291248321533203,0.0
Epithelial cells,33,RUBCNL,3.212824821472168,0.0
Epithelial cells,34,TSPAN8,3.287844657897949,0.0
Epithelial cells,35,LAD1,3.213886260986328,0.0
Epithelial cells,36,GPRC5A,2.933894395828247,0.0
Epithelial cells,37,FAM3B,3.4484076499938965,0.0
Epithelial cells,38,MYH14,3.273691415786743,0.0
Epithelial cells,39,CDX1,3.2191240787506104,0.0
Epithelial cells,40,SPINT1,3.0860371589660645,0.0
Epithelial cells,41,ATP10B,3.5061535835266113,0.0
Epithelial cells,42,TMPRSS4,3.2900331020355225,0.0
Epithelial cells,43,CLDN7,3.2355868816375732,0.0
Epithelial cells,44,C19orf33,3.1155893802642822,0.0
Epithelial cells,45,FABP1,3.417736768722534,0.0
Epithelial cells,46,JUP,2.848970413208008,0.0
Epithelial cells,47,B3GNT3,3.3287696838378906,0.0
Epithelial cells,48,ANO9,3.0955028533935547,0.0
Epithelial cells,49,RHPN2,3.142138957977295,0.0
Epithelial cells,50,PERP,2.841712474822998,0.0
Fibroblasts,1,DCN,1.780273675918579,2.8847920456829803e-78
Fibroblasts,2,C1S,1.5529563426971436,7.241410986519978e-78
Fibroblasts,3,SFRP2,2.022366762161255,4.693158264783514e-76
Fibroblasts,4,C3,2.056678533554077,1.881140794843347e-73
Fibroblasts,5,FBLN1,1.733902096748352,2.3035508014426083e-67
Fibroblasts,6,CCDC80,1.5699186325073242,6.16867740806478e-64
Fibroblasts,7,C1R,1.371659517288208,8.838135652638393e-62
Fibroblasts,8,MMP2,1.4500705003738403,3.967799414535715e-61
Fibroblasts,9,LUM,1.3176721334457397,4.26308532173112e-58
Fibroblasts,10,SFRP4,1.9912985563278198,1.8988379242655725e-55
Fibroblasts,11,COL6A3,1.0596626996994019,1.3052211283032783e-52
Fibroblasts,12,TIMP2,1.0305837392807007,2.7112841517764165e-50
Fibroblasts,13,FSTL1,1.1293278932571411,3.206035463254243e-50
Fibroblasts,14,IGFBP4,1.2408990859985352,8.010130481743122e-50
Fibroblasts,15,MGP,1.4716938734054565,3.8635701766707006e-48
Fibroblasts,16,COL14A1,1.8221044540405273,2.2915057143179437e-46
Fibroblasts,17,COL6A1,1.0011711120605469,4.326983967907156e-46
Fibroblasts,18,SERPINF1,1.5774052143096924,5.54809797544364e-46
Fibroblasts,19,SERPING1,1.224244475364685,2.456495217172342e-39
Fibroblasts,20,EFEMP1,1.881152868270874,1.216817666120152e-38
Fibroblasts,21,SPARC,1.0169705152511597,1.6069530563235148e-38
Fibroblasts,22,FBN1,1.2763991355895996,1.4060486190377402e-36
Fibroblasts,23,COL6A2,0.831398606300354,1.415124219979733e-36
Fibroblasts,24,IGFBP7,0.998171329498291,1.876526529152565e-36
Fibroblasts,25,AEBP1,0.9145721793174744,2.760619892054345e-34
Fibroblasts,26,SFRP1,2.4766223430633545,1.0111684394676869e-32
Fibroblasts,27,CTSK,1.3132210969924927,9.00812874940184e-31
Fibroblasts,28,CST3,0.8741944432258606,2.4839092465594716e-30
Fibroblasts,29,PRRX1,1.3006809949874878,7.997509196380284e-28
Fibroblasts,30,COL1A2,0.8525521159172058,3.64432019759524e-27
Fibroblasts,31,COL1A1,0.8579584956169128,4.14556757701076e-27
Fibroblasts,32,NNMT,0.9355520606040955,1.3357723113448547e-26
Fibroblasts,33,VCAN,0.8769719004631042,8.946215260011952e-26
Fibroblasts,34,CXCL12,1.5482995510101318,1.887294615263269e-24
Fibroblasts,35,BGN,0.7625671029090881,4.066239802845882e-22
Fibroblasts,36,C1QC,0.9831525087356567,2.743949906596846e-21
Fibroblasts,37,CHI3L1,1.6473504304885864,4.851926991049245e-21
Fibroblasts,38,MFAP4,1.2514939308166504,7.311670728587343e-21
Fibroblasts,39,PDGFRA,1.7865898609161377,1.2049569847801151e-20
Fibroblasts,40,MXRA8,0.9306555390357971,1.694960765173462e-20
Fibroblasts,41,IGFBP5,0.8605941534042358,1.8189889388795034e-20
Fibroblasts,42,GLT8D2,1.4166151285171509,2.993909492608628e-20
Fibroblasts,43,COL3A1,0.6614934206008911,3.881237121618505e-20
Fibroblasts,44,COMP,1.4321343898773193,1.6303626623215913e-19
Fibroblasts,45,CD74,0.7648224234580994,2.20136686964946e-19
Fibroblasts,46,PCOLCE,1.3181557655334473,5.991967881477761e-19
Fibroblasts,47,CYBRD1,1.2040640115737915,7.619859200123272e-19
Fibroblasts,48,PODN,1.4615962505340576,1.190054113021835e-18
Fibroblasts,49,PLA2G2A,1.5334924459457397,1.326630393717922e-18
Fibroblasts,50,ISLR,1.1557013988494873,1.8993452180409458e-18
Follicular B cells,1,ADAMTS4,1.79196035861969,0.16760456812036859
Follicular B cells,2,TNFAIP2,1.4728604555130005,0.16760456812036859
Follicular B cells,3,CEBPB,1.0328614711761475,0.16760456812036859
Follicular B cells,4,ANTXR1,1.1060956716537476,0.16760456812036859
Follicular B cells,5,AKR1A1,1.3576843738555908,0.2545438700609473
Follicular B cells,6,COL1A2,0.9299439787864685,0.2545438700609473
Follicular B cells,7,EID1,1.0613387823104858,0.2545438700609473
Follicular B cells,8,KDM6B,1.1438677310943604,0.2545438700609473
Follicular B cells,9,CTSB,0.6845031380653381,0.2545438700609473
Follicular B cells,10,SEC13,0.9049404859542847,0.2545438700609473
Follicular B cells,11,MXRA8,1.0597740411758423,0.2545438700609473
Follicular B cells,12,TMEM158,1.0536601543426514,0.2545438700609473
Follicular B cells,13,FNDC1,1.0453031063079834,0.2545438700609473
Follicular B cells,14,PDGFRB,1.046881914138794,0.2545438700609473
Follicular B cells,15,SLC9A3R2,1.0659691095352173,0.2545438700609473
Follicular B cells,16,MMP19,1.3222193717956543,0.2545438700609473
Follicular B cells,17,PFKFB3,1.0018446445465088,0.2545438700609473
Follicular B cells,18,COL27A1,1.2106122970581055,0.2545438700609473
Follicular B cells,19,RUNX1,1.067186951637268,0.2545438700609473
Follicular B cells,20,FAP,1.0847928524017334,0.2545438700609473
Follicular B cells,21,YWHAQ,1.1930204629898071,0.2545438700609473
Follicular B cells,22,PLXNC1,1.2728995084762573,0.2545438700609473
Follicular B cells,23,HES4,1.038762092590332,0.2545438700609473
Follicular B cells,24,SLC39A14,1.1081236600875854,0.28671696870044744
Follicular B cells,25,PHLDA1,0.9948310852050781,0.28671696870044744
Follicular B cells,26,GFPT2,1.187939167022705,0.28671696870044744
Follicular B cells,27,CXCL2,1.0150179862976074,0.28671696870044744
Follicular B cells,28,LOXL1,1.0395803451538086,0.30209400141764464
Follicular B cells,29,ZC3H12A,1.0463637113571167,0.30209400141764464
Follicular B cells,30,NAB1,1.0790531635284424,0.30209400141764464
Follicular B cells,31,ANXA5,0.905228853225708,0.3073085706172792
Follicular B cells,32,MARVELD1,1.0401135683059692,0.3133874198840552
Follicular B cells,33,LRP1,0.947621762752533,0.3133874198840552
Follicular B cells,34,MAPK8IP3,1.255818486213684,0.3133874198840552
Follicular B cells,35,COL6A2,0.6134868264198303,0.3133874198840552
Follicular B cells,36,PDLIM2,1.336854338645935,0.3133874198840552
Follicular B cells,37,ID3,1.0095949172973633,0.3133874198840552
Follicular B cells,38,C11orf96,0.9871197938919067,0.3133874198840552
Follicular B cells,39,ICAM1,0.9164878726005554,0.3133874198840552
Follicular B cells,40,TNFAIP3,1.1009671688079834,0.3133874198840552
Follicular B cells,41,FAM118A,1.0308047533035278,0.3133874198840552
Follicular B cells,42,TGFB1,1.085415244102478,0.3133874198840552
Follicular B cells,43,COL6A3,0.6820138692855835,0.3133874198840552
Follicular B cells,44,ITGA11,1.1941611766815186,0.3274685900400329
Follicular B cells,45,THY1,0.9775354862213135,0.3274685900400329
Follicular B cells,46,GNB4,1.41305673122406,0.3274685900400329
Follicular B cells,47,CGGBP1,0.9394053816795349,0.3274685900400329
Follicular B cells,48,INHBA,0.9611424803733826,0.3274685900400329
Follicular B cells,49,SGCB,1.0338188409805298,0.3274685900400329
Follicular B cells,50,PLK2,1.2982197999954224,0.3274685900400329
Follicular helper T cells,1,SORBS1,3.6817123889923096,0.20583923132761547
Follicular helper T cells,2,DES,5.0668134689331055,0.20583923132761547
Follicular helper T cells,3,PSD,3.9468255043029785,0.20583923132761547
Follicular helper T cells,4,HSPB8,3.9906532764434814,0.20583923132761547
Follicular helper T cells,5,SYNPO2,4.569343090057373,0.20583923132761547
Follicular helper T cells,6,FLNA,3.3258376121520996,0.20583923132761547
Follicular helper T cells,7,MAOB,3.7734673023223877,0.20583923132761547
Follicular helper T cells,8,SPEG,3.8554842472076416,0.20583923132761547
Follicular helper T cells,9,FXYD6,3.450700044631958,0.20583923132761547
Follicular helper T cells,10,TPM1,2.687380075454712,0.20583923132761547
Follicular helper T cells,11,TNS1,3.5904581546783447,0.20583923132761547
Follicular helper T cells,12,MYLK,3.642935276031494,0.20583923132761547
Follicular helper T cells,13,FLNC,4.203886985778809,0.20583923132761547
Follicular helper T cells,14,SYNM,4.642420291900635,0.20583923132761547
Follicular helper T cells,15,ACTG2,3.997645139694214,0.20583923132761547
Follicular helper T cells,16,CBX6,3.2527735233306885,0.20583923132761547
Follicular helper T cells,17,HIPK3,2.60447096824646,0.20583923132761547
Follicular helper T cells,18,MYH11,4.615973949432373,0.20583923132761547
Follicular helper T cells,19,INPP5A,2.872117519378662,0.20583923132761547
Follicular helper T cells,20,MSRB3,2.9904870986938477,0.20583923132761547
Follicular helper T cells,21,KCNMB1,3.356222152709961,0.20583923132761547
Follicular helper T cells,22,CSNK1A1,2.619009017944336,0.20583923132761547
Follicular helper T cells,23,ANTXR2,3.131274700164795,0.20583923132761547
Follicular helper T cells,24,SVIL,3.1828057765960693,0.20583923132761547
Follicular helper T cells,25,RBPMS,2.8538436889648438,0.20583923132761547
Follicular helper T cells,26,KANK2,3.164489507675171,0.20583923132761547
Follicular helper T cells,27,PGM5,3.670213460922241,0.20891034702846645
Follicular helper T cells,28,MYL9,3.1045429706573486,0.20891034702846645
Follicular helper T cells,29,ACTN1,2.3373537063598633,0.20891034702846645
Follicular helper T cells,30,HSPB7,3.4854609966278076,0.21126452327652515
Follicular helper T cells,31,ADAM33,3.153494358062744,0.21126452327652515
Follicular helper T cells,32,PYGB,2.776094436645508,0.21126452327652515
Follicular helper T cells,33,ARHGEF17,2.7071685791015625,0.21126452327652515
Follicular helper T cells,34,FAM83D,3.1033573150634766,0.21126452327652515
Follicular helper T cells,35,RAMP1,3.3233892917633057,0.21126452327652515
Follicular helper T cells,36,COLEC12,3.0794572830200195,0.21126452327652515
Follicular helper T cells,37,TES,2.6661908626556396,0.21126452327652515
Follicular helper T cells,38,PDK4,3.395813465118408,0.21126452327652515
Follicular helper T cells,39,TAGLN,2.7166738510131836,0.21126452327652515
Follicular helper T cells,40,TPM2,2.862642288208008,0.21977914856705144
Follicular helper T cells,41,CCL2,3.129786491394043,0.21977914856705144
Follicular helper T cells,42,LMOD1,3.418708562850952,0.23183515620067996
Follicular helper T cells,43,LIMS2,2.957470417022705,0.23438423306847672
Follicular helper T cells,44,PFN2,2.423581838607788,0.23585677692609375
Follicular helper T cells,45,SLMAP,2.6447033882141113,0.24466519308129178
Follicular helper T cells,46,PPP1R12C,2.609238862991333,0.24466519308129178
Follicular helper T cells,47,FBXW4,2.448883533477783,0.24466519308129178
Follicular helper T cells,48,WNT9A,4.622859954833984,0.24466519308129178
Follicular helper T cells,49,ITGA5,2.576498508453369,0.24466519308129178
Follicular helper T cells,50,PALLD,2.4447181224823,0.24466519308129178
Intermediate macrophages,1,CXCL8,6.697351455688477,7.741006353648369e-42
Intermediate macrophages,2,FTH1,2.7003602981567383,3.8307043699628436e-41
Intermediate macrophages,3,PFKFB3,3.9923620223999023,2.5490960256005944e-40
Intermediate macrophages,4,IL1RN,6.649514675140381,1.0338605227339583e-39
Intermediate macrophages,5,IL1B,7.085452556610107,3.9403907608946393e-38
Intermediate macrophages,6,SAT1,3.224731683731079,4.121117243780521e-38
Intermediate macrophages,7,PLAUR,4.401350498199463,5.977376250862227e-38
Intermediate macrophages,8,IER3,3.2343978881835938,3.994589645281202e-37
Intermediate macrophages,9,IL6,4.789525985717773,6.755161760886624e-37
Intermediate macrophages,10,NAMPT,3.720386028289795,3.734590255320254e-36
Intermediate macrophages,11,SOD2,3.06866455078125,3.734590255320254e-36
Intermediate macrophages,12,CD44,2.8741374015808105,8.002465481097687e-36
Intermediate macrophages,13,SRGN,3.843773365020752,2.2148649225771687e-35
Intermediate macrophages,14,PTGS2,5.2824506759643555,2.608942673896103e-35
Intermediate macrophages,15,DDIT4,3.0824661254882812,3.4721547063582046e-35
Intermediate macrophages,16,TNFAIP3,3.545769453048706,1.6666342649610756e-34
Intermediate macrophages,17,VEGFA,2.8420016765594482,1.727537604230713e-34
Intermediate macrophages,18,ADM,4.587650775909424,1.8144353503083445e-34
Intermediate macrophages,19,BCL2A1,5.56471061706543,2.088032416195799e-34
Intermediate macrophages,20,G0S2,5.078546047210693,2.582614186045619e-34
Intermediate macrophages,21,NFKBIA,3.0701472759246826,7.031613033650949e-34
Intermediate macrophages,22,ITGAX,4.193495750427246,1.625268645502245e-33
Intermediate macrophages,23,CCL20,3.4856507778167725,9.220861727298162e-33
Intermediate macrophages,24,PLEK,5.645180702209473,1.8080694817200173e-32
Intermediate macrophages,25,OSM,5.243213176727295,1.945474969932302e-31
Intermediate macrophages,26,S100A8,4.10348653793335,3.302632509990069e-31
Intermediate macrophages,27,PPIF,4.306164741516113,3.5858655095742412e-31
Intermediate macrophages,28,CCL4,5.538161754608154,4.60523551210078e-31
Intermediate macrophages,29,CCL3,5.865846633911133,1.0107554660732621e-30
Intermediate macrophages,30,S100A9,3.6484174728393555,1.3878591173139455e-30
Intermediate macrophages,31,IVNS1ABP,3.3417749404907227,1.140396083859726e-29
Intermediate macrophages,32,HILPDA,3.849994421005249,2.504345956775379e-28
Intermediate macrophages,33,CD83,4.467430114746094,5.149966768328321e-28
Intermediate macrophages,34,LCP2,4.333841800689697,7.317316854463534e-28
Intermediate macrophages,35,CXCL3,3.8318984508514404,2.5714891018251945e-27
Intermediate macrophages,36,SLC2A3,4.117008209228516,4.553762414377707e-27
Intermediate macrophages,37,ZFP36,2.712477684020996,1.3431394809239039e-26
Intermediate macrophages,38,SELL,3.9032487869262695,2.25221582764761e-26
Intermediate macrophages,39,PLIN2,4.449065208435059,2.92462917584496e-26
Intermediate macrophages,40,SERPINB9,3.640406608581543,4.562653126306751e-26
Intermediate macrophages,41,IL1A,6.129719257354736,5.711302848375741e-26
Intermediate macrophages,42,LITAF,2.6208596229553223,9.660109114433192e-26
Intermediate macrophages,43,TREM1,4.510380744934082,1.0935036158365503e-25
Intermediate macrophages,44,CXCL2,3.466295003890991,2.0309352956730441e-25
Intermediate macrophages,45,SERPINA1,3.0456697940826416,1.104452973825404e-24
Intermediate macrophages,46,SLC11A1,3.5047073364257812,1.7746234188558346e-24
Intermediate macrophages,47,CXCL5,5.20492696762085,1.7746234188558346e-24
Intermediate macrophages,48,SPP1,2.956897735595703,2.5857051935811934e-24
Intermediate macrophages,49,NLRP3,5.667142391204834,6.5107921899873304e-24
Intermediate macrophages,50,CXCL1,3.3425092697143555,7.698388344735628e-24
Intestinal macrophages,1,FBLN1,1.7642070055007935,0.9976412828593529
Intestinal macrophages,2,DCN,1.763692021369934,0.9976412828593529
Intestinal macrophages,3,LUM,1.4601353406906128,0.9976412828593529
Intestinal macrophages,4,LHFPL6,2.0727081298828125,0.9976412828593529
Intestinal macrophages,5,CRISPLD2,1.7304880619049072,0.9976412828593529
Intestinal macrophages,6,C1S,1.2494364976882935,0.9976412828593529
Intestinal macrophages,7,CTSK,1.6402785778045654,0.9976412828593529
Intestinal macrophages,8,C12orf57,1.2117730379104614,0.9976412828593529
Intestinal macrophages,9,YBX1,1.2568817138671875,0.9976412828593529
Intestinal macrophages,10,IKZF1,2.3628170490264893,0.9976412828593529
Intestinal macrophages,11,IGF1,2.455785036087036,0.9976412828593529
Intestinal macrophages,12,JCHAIN,2.1599478721618652,0.9976412828593529
Intestinal macrophages,13,KCTD12,1.2904325723648071,0.9976412828593529
Intestinal macrophages,14,NPC2,1.5457295179367065,0.9976412828593529
Intestinal macrophages,15,HIC1,2.450404405593872,0.9976412828593529
Intestinal macrophages,16,FSTL1,0.9981712102890015,0.9976412828593529
Intestinal macrophages,17,CD74,1.0697909593582153,0.9976412828593529
Intestinal macrophages,18,COL14A1,1.6928051710128784,0.9976412828593529
Intestinal macrophages,19,SELENOP,1.1231390237808228,0.9976412828593529
Intestinal macrophages,20,DVL3,1.2856632471084595,0.9976412828593529
Intestinal macrophages,21,IGFBP7,0.8815399408340454,0.9976412828593529
Intestinal macrophages,22,CXCL12,1.5909547805786133,0.9976412828593529
Intestinal macrophages,23,C1QC,1.0175845623016357,0.9976412828593529
Intestinal macrophages,24,METTL7A,2.6466801166534424,0.9976412828593529
Intestinal macrophages,25,TOR1AIP1,1.5947229862213135,0.9976412828593529
Intestinal macrophages,26,CD99,1.0210859775543213,0.9976412828593529
Intestinal macrophages,27,CHI3L1,1.5902268886566162,0.9976412828593529
Intestinal macrophages,28,OGFRL1,2.2798893451690674,0.9976412828593529
Intestinal macrophages,29,C11orf96,1.0644997358322144,0.9976412828593529
Intestinal macrophages,30,ISG20,1.7981222867965698,0.9976412828593529
Intestinal macrophages,31,SDF4,1.212510347366333,0.9976412828593529
Intestinal macrophages,32,THBS2,1.103608250617981,0.9976412828593529
Intestinal macrophages,33,AQP1,1.2495076656341553,0.9976412828593529
Intestinal macrophages,34,SH3BGRL3,0.8752305507659912,0.9976412828593529
Intestinal macrophages,35,EVI2B,2.8095719814300537,0.9976412828593529
Intestinal macrophages,36,IGHA1,2.002850294113159,0.9976412828593529
Intestinal macrophages,37,VIM,0.5611713528633118,0.9976412828593529
Intestinal macrophages,38,NDUFA4,0.881252110004425,0.9976412828593529
Intestinal macrophages,39,PLXDC1,2.238046646118164,0.9976412828593529
Intestinal macrophages,40,WDFY1,1.6649343967437744,0.9976412828593529
Intestinal macrophages,41,TMEM39A,1.9370430707931519,0.9976412828593529
Intestinal macrophages,42,CEBPD,0.9286829233169556,0.9976412828593529
Intestinal macrophages,43,CXCL16,1.820654273033142,0.9976412828593529
Intestinal macrophages,44,CD14,0.978806734085083,0.9976412828593529
Intestinal macrophages,45,HGF,3.0711071491241455,0.9976412828593529
Intestinal macrophages,46,SPOCK2,2.3865363597869873,0.9976412828593529
Intestinal macrophages,47,TXNDC5,0.7333613038063049,0.9976412828593529
Intestinal macrophages,48,TM2D1,2.1280195713043213,0.9976412828593529
Intestinal macrophages,49,TCAF1,2.0392496585845947,0.9976412828593529
Intestinal macrophages,50,DMXL2,1.5301324129104614,0.9976412828593529
MAIT cells,1,STK19,5.168829441070557,0.9958783441207242
MAIT cells,2,MSMO1,4.990274429321289,0.9958783441207242
MAIT cells,3,SS18,4.198781490325928,0.9958783441207242
MAIT cells,4,CDC16,3.389439344406128,0.9958783441207242
MAIT cells,5,NEMF,3.886322021484375,0.9958783441207242
MAIT cells,6,NKD1,3.634385108947754,0.9958783441207242
MAIT cells,7,CDC42SE1,2.797678232192993,0.9958783441207242
MAIT cells,8,COPS6,3.44864821434021,0.9958783441207242
MAIT cells,9,SIT1,6.414632797241211,0.9958783441207242
MAIT cells,10,TMEM182,4.339550018310547,0.9958783441207242
MAIT cells,11,TMEM216,5.086833953857422,0.9958783441207242
MAIT cells,12,UBN2,3.088236093521118,0.9958783441207242
MAIT cells,13,MRC2,2.7304272651672363,0.9958783441207242
MAIT cells,14,LMAN2L,2.992125988006592,0.9958783441207242
MAIT cells,15,CEBPA,2.87526273727417,0.9958783441207242
MAIT cells,16,GBP5,3.4177212715148926,0.9958783441207242
MAIT cells,17,PRMT6,2.9809556007385254,0.9958783441207242
MAIT cells,18,PXMP2,2.785271406173706,0.9958783441207242
MAIT cells,19,NUDT21,2.861264705657959,0.9958783441207242
MAIT cells,20,CASP6,2.8236515522003174,0.9958783441207242
MAIT cells,21,CPNE7,2.8775854110717773,0.9958783441207242
MAIT cells,22,VARS2,2.635580062866211,0.9958783441207242
MAIT cells,23,SERINC3,2.776782274246216,0.9958783441207242
MAIT cells,24,MANSC1,2.4813449382781982,0.9958783441207242
MAIT cells,25,ZNF266,2.724027633666992,0.9958783441207242
MAIT cells,26,ALG9,2.5614025592803955,0.9958783441207242
MAIT cells,27,KIAA1522,2.485257148742676,0.9958783441207242
MAIT cells,28,TRMT1,2.6902353763580322,0.9958783441207242
MAIT cells,29,HNRNPH3,2.321087598800659,0.9958783441207242
MAIT cells,30,C12orf45,2.431145429611206,0.9958783441207242
MAIT cells,31,IER3IP1,2.4549481868743896,0.9958783441207242
MAIT cells,32,BCKDHB,3.98673152923584,0.9958783441207242
MAIT cells,33,SSBP1,2.6359994411468506,0.9958783441207242
MAIT cells,34,RHPN1,2.4374301433563232,0.9958783441207242
MAIT cells,35,OSBPL11,4.2299885749816895,0.9958783441207242
MAIT cells,36,UAP1L1,2.5741422176361084,0.9958783441207242
MAIT cells,37,SUSD1,2.331670045852661,0.9958783441207242
MAIT cells,38,RTEL1,2.9689297676086426,0.9958783441207242
MAIT cells,39,CHDH,2.2918434143066406,0.9958783441207242
MAIT cells,40,UPF3A,2.490192174911499,0.9958783441207242
MAIT cells,41,LSM12,2.7705368995666504,0.9958783441207242
MAIT cells,42,PTPN11,2.5270915031433105,0.9958783441207242
MAIT cells,43,SDHAF1,2.498901844024658,0.9958783441207242
MAIT cells,44,NT5C,3.6613922119140625,0.9958783441207242
MAIT cells,45,MSH5,2.493643045425415,0.9958783441207242
MAIT cells,46,GYG1,2.4273762702941895,0.9958783441207242
MAIT cells,47,DHCR7,2.393911838531494,0.9958783441207242
MAIT cells,48,PDCD11,2.1626524925231934,0.9958783441207242
MAIT cells,49,MPHOSPH9,2.38547682762146,0.9958783441207242
MAIT cells,50,FAH,2.399271249771118,0.9958783441207242
Macrophages,1,INHBA,1.0429644584655762,1.5754246030530024e-29
Macrophages,2,COL3A1,0.7120345830917358,1.4629430560775542e-22
Macrophages,3,CTSB,0.7249307036399841,1.9147667316637481e-19
Macrophages,4,POSTN,0.8455179929733276,1.9700090196723065e-19
Macrophages,5,LGALS1,0.679668128490448,2.0177173983777475e-19
Macrophages,6,ANTXR1,0.7831982374191284,3.7945446111849876e-19
Macrophages,7,FN1,0.7352303862571716,3.7945446111849876e-19
Macrophages,8,TNFAIP3,0.923503041267395,3.7945446111849876e-19
Macrophages,9,MMP14,0.7675467729568481,3.7945446111849876e-19
Macrophages,10,CTHRC1,0.8258973956108093,3.7945446111849876e-19
Macrophages,11,FTH1,0.6387607455253601,4.2391900590318206e-19
Macrophages,12,THBS2,0.8340252637863159,1.60161951536526e-18
Macrophages,13,COL12A1,0.8481138348579407,1.9638440049905267e-18
Macrophages,14,COL5A1,0.7350913286209106,2.0566957800965775e-18
Macrophages,15,CD14,0.8429022431373596,2.1268888640124222e-18
Macrophages,16,VCAN,0.7358146905899048,8.428086720029945e-18
Macrophages,17,COL1A2,0.6740040183067322,8.523061971016138e-18
Macrophages,18,SOD2,0.7723976373672485,9.482327192217666e-18
Macrophages,19,BGN,0.7652183771133423,1.25866784211405e-17
Macrophages,20,SAT1,0.728016197681427,3.892121552625903e-17
Macrophages,21,SPP1,0.9757598638534546,6.193767866791917e-17
Macrophages,22,COL1A1,0.6962421536445618,1.8221806622553889e-16
Macrophages,23,TRBC2,0.9686112999916077,3.513732785085732e-16
Macrophages,24,NFKBIZ,0.6916065812110901,2.080909484427843e-15
Macrophages,25,CEBPB,0.582111120223999,7.01689343666191e-15
Macrophages,26,LOXL2,0.8185170888900757,1.511761024233419e-14
Macrophages,27,SOCS3,0.712472140789032,1.511761024233419e-14
Macrophages,28,CKAP4,0.7554548978805542,2.149251044205968e-14
Macrophages,29,NFKBIA,0.6961473822593689,2.27925764731033e-14
Macrophages,30,COL7A1,0.9574593305587769,3.468475902712512e-14
Macrophages,31,SERPINE1,0.7078449130058289,9.951925218339425e-14
Macrophages,32,TNC,0.7037714719772339,1.744214225425357e-13
Macrophages,33,SULF1,0.650425136089325,3.1470399683751656e-13
Macrophages,34,PLAUR,0.8398163914680481,7.998965035742328e-13
Macrophages,35,LAPTM5,0.6640486121177673,4.1776607275170466e-12
Macrophages,36,SRGN,0.7112588882446289,4.406353009944572e-12
Macrophages,37,CXCL8,1.0920302867889404,4.735228781163474e-12
Macrophages,38,MMP1,0.9961314797401428,9.37195371578711e-12
Macrophages,39,PXDN,0.6745564341545105,1.0766455249475108e-11
Macrophages,40,CNN2,0.5373626351356506,1.291437371992342e-11
Macrophages,41,PDLIM7,0.6077229380607605,2.441591974747834e-11
Macrophages,42,LYZ,0.6428835391998291,2.6544941288065263e-11
Macrophages,43,COL5A2,0.6177204847335815,2.936959644338859e-11
Macrophages,44,TNIP1,0.5870006680488586,3.241493534304825e-11
Macrophages,45,CCN2,0.5993839502334595,3.872981491485482e-11
Macrophages,46,CDH11,0.6629015207290649,5.084559763753408e-11
Macrophages,47,IER3,0.7222075462341309,5.212781049320372e-11
Macrophages,48,RUNX1,0.6048105955123901,7.744856298236105e-11
Macrophages,49,SPARC,0.5791509747505188,1.1519457177056943e-10
Macrophages,50,GREM1,0.749900758266449,1.607275984347675e-10
Mast cells,1,CPA3,6.0705037117004395,0.042515926221097664
Mast cells,2,KCNMA1,3.48966383934021,0.9836534729339756
Mast cells,3,IL1RL1,4.724703788757324,0.9836534729339756
Mast cells,4,FLNA,2.1304218769073486,0.9836534729339756
Mast cells,5,FILIP1,3.0662152767181396,0.9836534729339756
Mast cells,6,PLN,3.3441379070281982,0.9836534729339756
Mast cells,7,TPM1,1.3971235752105713,0.9836534729339756
Mast cells,8,DNAJB5,2.536949396133423,0.9836534729339756
Mast cells,9,LMNA,1.5606414079666138,0.9836534729339756
Mast cells,10,PPIE,3.216036081314087,0.9836534729339756
Mast cells,11,LPP,2.0551140308380127,0.9836534729339756
Mast cells,12,PGM5,2.800398826599121,0.9836534729339756
Mast cells,13,DTNA,2.533989429473877,0.9836534729339756
Mast cells,14,TSPAN2,2.359567880630493,0.9836534729339756
Mast cells,15,SLC16A1,2.23838210105896,0.9836534729339756
Mast cells,16,CORO1C,2.03806471824646,0.9836534729339756
Mast cells,17,MYL9,1.5121573209762573,0.9836534729339756
Mast cells,18,SLC2A4,2.9822092056274414,0.9836534729339756
Mast cells,19,SYNM,2.796053171157837,0.9836534729339756
Mast cells,20,FOXP2,2.958311080932617,0.9836534729339756
Mast cells,21,HSPB7,2.0849006175994873,0.9836534729339756
Mast cells,22,NEXN,1.9677271842956543,0.9836534729339756
Mast cells,23,GPX3,2.3143577575683594,0.9836534729339756
Mast cells,24,TAGLN,0.984748899936676,0.9836534729339756
Mast cells,25,BOC,2.362443685531616,0.9836534729339756
Mast cells,26,UBXN1,2.444561719894409,0.9836534729339756
Mast cells,27,RAMP1,2.058795928955078,0.9836534729339756
Mast cells,28,CKB,2.1476693153381348,0.9836534729339756
Mast cells,29,MEIS2,2.760308265686035,0.9836534729339756
Mast cells,30,FOXK1,2.3493900299072266,0.9836534729339756
Mast cells,31,HSP90AA1,1.349353551864624,0.9836534729339756
Mast cells,32,PPP1R14A,2.1088781356811523,0.9836534729339756
Mast cells,33,ARL6IP4,1.6680692434310913,0.9836534729339756
Mast cells,34,ACTN1,1.208242416381836,0.9836534729339756
Mast cells,35,ZFP36L2,1.2572212219238281,0.9836534729339756
Mast cells,36,PDZRN3,1.893758773803711,0.9836534729339756
Mast cells,37,PARVA,1.6509045362472534,0.9836534729339756
Mast cells,38,SDC3,2.2461555004119873,0.9836534729339756
Mast cells,39,PRDX6,2.2508513927459717,0.9836534729339756
Mast cells,40,ADCY5,2.540213108062744,0.9836534729339756
Mast cells,41,TBC1D14,1.5808264017105103,0.9836534729339756
Mast cells,42,TMOD1,2.426426649093628,0.9836534729339756
Mast cells,43,CD99,1.1312769651412964,0.9836534729339756
Mast cells,44,CST3,1.2896804809570312,0.9836534729339756
Mast cells,45,CTXN1,2.491100311279297,0.9836534729339756
Mast cells,46,ITIH5,2.440608501434326,0.9836534729339756
Mast cells,47,ATF2,2.192030668258667,0.9836534729339756
Mast cells,48,COLEC12,1.835931420326233,0.9836534729339756
Mast cells,49,CASQ1,6.403156757354736,0.9836534729339756
Mast cells,50,FLNC,2.2777278423309326,0.9836534729339756
Megakaryocytes platelets,1,MAP1B,3.1945443153381348,0.015135618813597563
Megakaryocytes platelets,2,MYH11,4.405926704406738,0.015135618813597563
Megakaryocytes platelets,3,ZBTB16,3.3328988552093506,0.015135618813597563
Megakaryocytes platelets,4,TAGLN,2.6184985637664795,0.015135618813597563
Megakaryocytes platelets,5,PTGIS,3.0042269229888916,0.015135618813597563
Megakaryocytes platelets,6,CSRP1,2.6165382862091064,0.027510894153628604
Megakaryocytes platelets,7,PPP1R12B,3.2782599925994873,0.027510894153628604
Megakaryocytes platelets,8,HSPB1,2.584885835647583,0.027510894153628604
Megakaryocytes platelets,9,DES,4.151719093322754,0.027510894153628604
Megakaryocytes platelets,10,HSPB8,3.416750192642212,0.02777463799220827
Megakaryocytes platelets,11,SVIL,2.7785744667053223,0.04565672343731037
Megakaryocytes platelets,12,SYNPO2,3.6344518661499023,0.04565672343731037
Megakaryocytes platelets,13,SPEG,2.972515821456909,0.04565672343731037
Megakaryocytes platelets,14,LMOD1,3.2318882942199707,0.04565672343731037
Megakaryocytes platelets,15,TPM1,1.990136742591858,0.05655413396488407
Megakaryocytes platelets,16,FBXL5,2.1013753414154053,0.05655413396488407
Megakaryocytes platelets,17,FBXO32,2.3421003818511963,0.05655413396488407
Megakaryocytes platelets,18,SOD3,2.708455801010132,0.05655413396488407
Megakaryocytes platelets,19,CHRDL1,3.263453483581543,0.05655413396488407
Megakaryocytes platelets,20,FSTL3,2.361739158630371,0.05655413396488407
Megakaryocytes platelets,21,SYNM,3.5202765464782715,0.05655413396488407
Megakaryocytes platelets,22,MYLK,2.8750967979431152,0.05655413396488407
Megakaryocytes platelets,23,NFIL3,2.4168498516082764,0.05655413396488407
Megakaryocytes platelets,24,YBX3,1.563692569732666,0.05655413396488407
Megakaryocytes platelets,25,NOP53,2.134498119354248,0.05655413396488407
Megakaryocytes platelets,26,DSTN,2.0380258560180664,0.05655413396488407
Megakaryocytes platelets,27,MYL9,2.2964541912078857,0.05655413396488407
Megakaryocytes platelets,28,JUN,2.135690212249756,0.05655413396488407
Megakaryocytes platelets,29,SORBS1,2.784170150756836,0.05655413396488407
Megakaryocytes platelets,30,FGF7,2.2621946334838867,0.056869100156117534
Megakaryocytes platelets,31,A2M,2.082615375518799,0.056869100156117534
Megakaryocytes platelets,32,S1PR3,2.8168153762817383,0.056869100156117534
Megakaryocytes platelets,33,PLN,3.3191092014312744,0.056869100156117534
Megakaryocytes platelets,34,DUSP1,2.0213468074798584,0.057152061324533335
Megakaryocytes platelets,35,EGR1,2.0225048065185547,0.060530384913795046
Megakaryocytes platelets,36,CLIP1,2.2280900478363037,0.060530384913795046
Megakaryocytes platelets,37,CPED1,3.008805513381958,0.06400729153349287
Megakaryocytes platelets,38,TNS1,2.6266772747039795,0.06513794753246205
Megakaryocytes platelets,39,PALLD,2.115807056427002,0.06558277364415738
Megakaryocytes platelets,40,FGL2,3.074589967727661,0.06558277364415738
Megakaryocytes platelets,41,SPARCL1,2.3878424167633057,0.06558277364415738
Megakaryocytes platelets,42,NT5DC3,2.9282422065734863,0.06558277364415738
Megakaryocytes platelets,43,RAMP1,2.9574713706970215,0.07422547494949779
Megakaryocytes platelets,44,RBPMS,2.2191765308380127,0.08130362901889833
Megakaryocytes platelets,45,PPP1R14A,3.0843732357025146,0.08263550029215437
Megakaryocytes platelets,46,NUCB1,1.7527350187301636,0.08377454690243179
Megakaryocytes platelets,47,THBS1,2.0980587005615234,0.08385164112350571
Megakaryocytes platelets,48,FLNA,2.2702701091766357,0.0850693136449961
Megakaryocytes platelets,49,FLNC,3.244279623031616,0.08576992565979116
Megakaryocytes platelets,50,LPP,2.321434736251831,0.08824722258977859
Memory B cells,1,IGKC,0.7470734119415283,0.16652853824352362
Memory B cells,2,FCRL1,2.6911990642547607,0.6696918384396072
Memory B cells,3,CTLA4,3.889482021331787,0.6911519324237506
Memory B cells,4,RFX6,3.412645101547241,0.7228534766079507
Memory B cells,5,CA7,3.496791362762451,0.7602413469752175
Memory B cells,6,LINC02694,3.9932656288146973,0.7759588603216658
Memory B cells,7,CLCA1,3.003129243850708,0.7840459117759228
Memory B cells,8,GPR171,3.430586576461792,0.8084159744331546
Memory B cells,9,SPDEF,3.555604934692383,0.811477822412953
Memory B cells,10,ANGPTL7,3.070704936981201,0.8235751954341359
Memory B cells,11,NXPH4,4.336574077606201,0.8255649662997704
Memory B cells,12,DNAJC28,4.092342376708984,0.8296141355290507
Memory B cells,13,RGS7BP,4.101694107055664,0.833731256272825
Memory B cells,14,CXCR1,3.4425833225250244,0.8541229750790602
Memory B cells,15,AQP8,3.092721700668335,0.8612123559935863
Memory B cells,16,RGS18,2.671330451965332,0.8989920596590314
Memory B cells,17,CA1,1.7978399991989136,0.9093383636942912
Memory B cells,18,ZFP37,3.174072504043579,0.9142403545755837
Memory B cells,19,VPS37D,3.349600076675415,0.9143835966282583
Memory B cells,20,LRIT3,3.6137845516204834,0.9209941769064942
Memory B cells,21,TNNC1,3.0113179683685303,0.9226795404083785
Memory B cells,22,XKR4,3.1369822025299072,0.9226795404083785
Memory B cells,23,HAPLN1,3.7897908687591553,0.9243646567266498
Memory B cells,24,GHRL,3.356806755065918,0.9260489468747478
Memory B cells,25,ERC2,3.481759548187256,0.9260489468747478
Memory B cells,26,RASGEF1C,2.8443355560302734,0.9260489468747478
Memory B cells,27,SH2D6,3.1370034217834473,0.9296176295318328
Memory B cells,28,MPZ,2.5321104526519775,0.9299806110843357
Memory B cells,29,CD1C,3.0744307041168213,0.9312356201162735
Memory B cells,30,SLITRK6,2.9869933128356934,0.9312356201162735
Memory B cells,31,MSTN,3.4900496006011963,0.9363547740256994
Memory B cells,32,NMU,3.2323222160339355,0.9363547740256994
Memory B cells,33,WDR17,2.8388125896453857,0.938102689974449
Memory B cells,34,SPIB,2.0316100120544434,0.938102689974449
Memory B cells,35,TRIM64B,3.137011766433716,0.938102689974449
Memory B cells,36,RASSF10,3.7697904109954834,0.9395840447385099
Memory B cells,37,ALPI,3.3444008827209473,0.9395840447385099
Memory B cells,38,EFNA5,2.0159201622009277,0.9411023089472794
Memory B cells,39,SLC6A15,3.121088743209839,0.9430172801254814
Memory B cells,40,NBPF1,2.426443338394165,0.943114847057307
Memory B cells,41,SARDH,2.5339179039001465,0.9446988516213128
Memory B cells,42,PLCH2,2.644167900085449,0.9446988516213128
Memory B cells,43,MASP1,1.7626914978027344,0.9450277969753739
Memory B cells,44,PAPPA2,1.7804585695266724,0.9463781831260841
Memory B cells,45,ATP6V0D2,3.231860876083374,0.9479907796138998
Memory B cells,46,ZNF662,2.5357353687286377,0.9479907796138998
Memory B cells,47,ST8SIA2,2.8532330989837646,0.9479907796138998
Memory B cells,48,ADH6,3.6846954822540283,0.9479907796138998
Memory B cells,49,RNASE2,1.9281489849090576,0.948052972704482
Memory B cells,50,CCDC85A,3.0857627391815186,0.9495345899547042
Mid erythroid,1,GATC,2.43263578414917,0.9980821710335811
Mid erythroid,2,CAV1,1.585797667503357,0.9980821710335811
Mid erythroid,3,ADGRF5,2.46706485748291,0.9980821710335811
Mid erythroid,4,LIMS2,2.099453926086426,0.9980821710335811
Mid erythroid,5,RIPOR3,2.6449544429779053,0.9980821710335811
Mid erythroid,6,JAG1,1.577950358390808,0.9980821710335811
Mid erythroid,7,CBX6,2.436018705368042,0.9980821710335811
Mid erythroid,8,PEA15,1.6779361963272095,0.9980821710335811
Mid erythroid,9,BATF3,2.34995698928833,0.9980821710335811
Mid erythroid,10,RAD23A,1.2602565288543701,0.9980821710335811
Mid erythroid,11,LDLRAP1,2.479332447052002,0.9980821710335811
Mid erythroid,12,FBXO7,1.2727965116500854,0.9980821710335811
Mid erythroid,13,DCP1A,1.8271187543869019,0.9980821710335811
Mid erythroid,14,RGS5,1.38636314868927,0.9980821710335811
Mid erythroid,15,C11orf71,2.2641429901123047,0.9980821710335811
Mid erythroid,16,BST2,1.277653694152832,0.9980821710335811
Mid erythroid,17,STRADA,2.666475772857666,0.9980821710335811
Mid erythroid,18,MTHFD1L,1.5643486976623535,0.9980821710335811
Mid erythroid,19,FSCN1,1.5971256494522095,0.9980821710335811
Mid erythroid,20,TCP11L2,2.2538578510284424,0.9980821710335811
Mid erythroid,21,PTPRM,1.9319475889205933,0.9980821710335811
Mid erythroid,22,C1R,1.3035410642623901,0.9980821710335811
Mid erythroid,23,SOCS1,2.0565199851989746,0.9980821710335811
Mid erythroid,24,IFNAR1,2.4390408992767334,0.9980821710335811
Mid erythroid,25,GEMIN7,2.118021249771118,0.9980821710335811
Mid erythroid,26,FADS1,2.676586627960205,0.9980821710335811
Mid erythroid,27,EXT2,1.4274091720581055,0.9980821710335811
Mid erythroid,28,CREBRF,2.248281955718994,0.9980821710335811
Mid erythroid,29,GBF1,1.4594104290008545,0.9980821710335811
Mid erythroid,30,PFN1,0.48424574732780457,0.9980821710335811
Mid erythroid,31,CCDC124,1.2403273582458496,0.9980821710335811
Mid erythroid,32,CTDNEP1,1.1315960884094238,0.9980821710335811
Mid erythroid,33,RUNDC1,2.8643155097961426,0.9980821710335811
Mid erythroid,34,GLI3,1.6478817462921143,0.9980821710335811
Mid erythroid,35,SLC16A1,1.4462158679962158,0.9980821710335811
Mid erythroid,36,CD48,3.44689679145813,0.9980821710335811
Mid erythroid,37,COL1A2,0.8987540602684021,0.9980821710335811
Mid erythroid,38,IMP4,1.3855369091033936,0.9980821710335811
Mid erythroid,39,COL18A1,1.7502799034118652,0.9980821710335811
Mid erythroid,40,SDC4,1.100394606590271,0.9980821710335811
Mid erythroid,41,CAV2,1.3559378385543823,0.9980821710335811
Mid erythroid,42,GORASP2,1.5308061838150024,0.9980821710335811
Mid erythroid,43,SGSM2,2.29318904876709,0.9980821710335811
Mid erythroid,44,TRIT1,1.9044151306152344,0.9980821710335811
Mid erythroid,45,NDUFS3,1.3737821578979492,0.9980821710335811
Mid erythroid,46,OCRL,1.9527255296707153,0.9980821710335811
Mid erythroid,47,ALDH9A1,1.7849589586257935,0.9980821710335811
Mid erythroid,48,ENG,1.3889702558517456,0.9980821710335811
Mid erythroid,49,ANGPTL2,1.122641921043396,0.9980821710335811
Mid erythroid,50,CAPN15,1.9150712490081787,0.9980821710335811
Mono-mac,1,PPP1R12B,2.60471248626709,0.016473510207724064
Mono-mac,2,JUND,1.6296792030334473,0.016473510207724064
Mono-mac,3,ARID5B,2.100132703781128,0.016473510207724064
Mono-mac,4,KLF6,1.6948926448822021,0.016473510207724064
Mono-mac,5,SORBS1,2.368709087371826,0.027939829255229833
Mono-mac,6,MYH11,2.980287551879883,0.034897368664941995
Mono-mac,7,DES,3.1015496253967285,0.034897368664941995
Mono-mac,8,SELENOW,1.3396694660186768,0.07625542451941592
Mono-mac,9,HSPB6,2.424083709716797,0.09663883499774868
Mono-mac,10,PLEKHO1,1.889556646347046,0.14253391663661352
Mono-mac,11,SPARCL1,1.8000353574752808,0.14931263605617
Mono-mac,12,PEA15,1.5649772882461548,0.14931263605617
Mono-mac,13,CAV1,1.6718395948410034,0.1716933009112967
Mono-mac,14,CST3,1.3434536457061768,0.17941983282177273
Mono-mac,15,CRYAB,2.207707643508911,0.20339182205821787
Mono-mac,16,TPM1,1.4299817085266113,0.29847814314146215
Mono-mac,17,PLA2G2A,2.3371362686157227,0.29847814314146215
Mono-mac,18,CLU,1.8532373905181885,0.3340473717451089
Mono-mac,19,FLNC,2.359618663787842,0.3340473717451089
Mono-mac,20,JUN,1.42039954662323,0.34940100446044525
Mono-mac,21,LMOD1,2.2376952171325684,0.37243330891599424
Mono-mac,22,SYNM,2.3976452350616455,0.39022685313805244
Mono-mac,23,DUSP1,1.4092892408370972,0.3932512485286036
Mono-mac,24,A2M,1.4051774740219116,0.3932512485286036
Mono-mac,25,CSRP1,1.480036973953247,0.3932512485286036
Mono-mac,26,TLN1,1.7397761344909668,0.3932512485286036
Mono-mac,27,IL1R1,1.7371190786361694,0.3932512485286036
Mono-mac,28,NFIX,1.627970814704895,0.41487983322844035
Mono-mac,29,THBS1,1.4675793647766113,0.4299251415993386
Mono-mac,30,PALLD,1.439865231513977,0.43438700992658075
Mono-mac,31,MYLK,1.8336234092712402,0.46713986322103324
Mono-mac,32,ZFP36,1.2311025857925415,0.4757668311219849
Mono-mac,33,ACTG2,1.7984384298324585,0.4867334435564173
Mono-mac,34,TNS1,1.718976616859436,0.4867334435564173
Mono-mac,35,C1R,1.265383243560791,0.4948074857976334
Mono-mac,36,BAG3,1.7220089435577393,0.5030013977007259
Mono-mac,37,ACTN1,1.1609622240066528,0.5271113068315926
Mono-mac,38,AHNAK,1.185847282409668,0.5364679544059451
Mono-mac,39,SPEG,2.292410135269165,0.5364679544059451
Mono-mac,40,RAMP1,2.0306923389434814,0.5364679544059451
Mono-mac,41,TNFRSF1A,1.0943032503128052,0.5364679544059451
Mono-mac,42,LPP,1.4017460346221924,0.5364679544059451
Mono-mac,43,ADD1,1.4046550989151,0.5364679544059451
Mono-mac,44,CHRDL1,2.5461912155151367,0.5364679544059451
Mono-mac,45,HIPK3,1.2417933940887451,0.5364679544059451
Mono-mac,46,GSN,1.1793497800827026,0.5364679544059451
Mono-mac,47,MYL9,1.3034436702728271,0.5364679544059451
Mono-mac,48,TPM2,1.2441641092300415,0.5364679544059451
Mono-mac,49,ARID5A,1.8305234909057617,0.5364679544059451
Mono-mac,50,PGM5,2.1716549396514893,0.55219003471721
Monocytes,1,SOD2,1.2828904390335083,4.807834901416468e-07
Monocytes,2,IGKC,1.9413691759109497,1.709822823653356e-06
Monocytes,3,CD14,1.418554663658142,1.3572342832364214e-05
Monocytes,4,LYZ,1.3305481672286987,1.6779734125762455e-05
Monocytes,5,CD74,0.8591678738594055,7.620192995846693e-05
Monocytes,6,VIM,0.6653639078140259,0.00012029295578497152
Monocytes,7,CHI3L1,1.6996040344238281,0.0003988432506691819
Monocytes,8,IGHG1,1.5929914712905884,0.0004227828287276617
Monocytes,9,PSAP,0.6708152890205383,0.0005564503729390525
Monocytes,10,TIMP1,0.7647680640220642,0.0006375221316119689
Monocytes,11,SH3BGRL3,0.6726706624031067,0.0008255986557420397
Monocytes,12,C3,0.9862653017044067,0.001036473087263685
Monocytes,13,HSPA1A,0.9655910134315491,0.0014612413138765557
Monocytes,14,CD163,1.1990715265274048,0.0015775495350464368
Monocytes,15,FTH1,0.6382499933242798,0.0016757019226098968
Monocytes,16,HSPB1,0.6799370050430298,0.0017890071084461809
Monocytes,17,SRGN,1.1183807849884033,0.0019976865318287185
Monocytes,18,IGFBP4,0.5324195027351379,0.0021236887191968382
Monocytes,19,C1S,0.6488603353500366,0.003323278536939408
Monocytes,20,SFRP4,1.1790117025375366,0.0039001622731047697
Monocytes,21,COL4A2,0.6249094009399414,0.004485069100181583
Monocytes,22,MMP1,1.5533210039138794,0.0051155459295272486
Monocytes,23,SOCS3,0.8848222494125366,0.005327340851508984
Monocytes,24,S100A9,1.2967431545257568,0.0053907761727289205
Monocytes,25,S100A8,1.7350473403930664,0.005691657046300456
Monocytes,26,PPP1R18,0.924468994140625,0.005799843091860887
Monocytes,27,SELL,1.5625696182250977,0.00584670080016632
Monocytes,28,SAT1,0.665165364742279,0.006908053379758158
Monocytes,29,HSPA6,1.2457114458084106,0.008109675669398965
Monocytes,30,MGP,0.7282867431640625,0.008708387551441004
Monocytes,31,DCN,0.5780978798866272,0.009392234829759993
Monocytes,32,DNAJB1,0.7719259858131409,0.01023451486404955
Monocytes,33,MMP2,0.5972216725349426,0.010551379201727227
Monocytes,34,HSP90AA1,0.5001479983329773,0.01075903083254838
Monocytes,35,SQSTM1,0.3468187153339386,0.01474144074320563
Monocytes,36,C1QC,0.5424536466598511,0.01975284383006211
Monocytes,37,NNMT,0.5110239386558533,0.02607613709963717
Monocytes,38,CD63,0.2360072284936905,0.026643707923893555
Monocytes,39,TAGLN,0.47333112359046936,0.028330093131106585
Monocytes,40,MCL1,0.3302313983440399,0.029119056508239205
Monocytes,41,CLU,0.6807293891906738,0.029655941279130064
Monocytes,42,SELENOM,0.33992302417755127,0.03269708743452062
Monocytes,43,LITAF,0.5687318444252014,0.043847545772041495
Monocytes,44,HBA2,1.0637726783752441,0.0479557890804458
Monocytes,45,OSM,2.031745195388794,0.04927316094775179
Monocytes,46,G0S2,1.4173420667648315,0.049455067780513194
Monocytes,47,S100A4,0.7040802836418152,0.05067875997620273
Monocytes,48,CCL3L1,3.2279577255249023,0.054423351993439936
Monocytes,49,VCAN,0.42843154072761536,0.056211018223571996
Monocytes,50,FCGR2A,1.4767069816589355,0.06741962807756266
Myelocytes,1,S100A6,0.6746919751167297,0.17031922397623442
Myelocytes,2,VIM,0.42691031098365784,0.23546309398872997
Myelocytes,3,APOD,2.8432650566101074,0.30910833255304576
Myelocytes,4,SOD3,1.6996638774871826,0.3801278464505876
Myelocytes,5,LYZ,1.5139480829238892,0.4332487903142757
Myelocytes,6,FTH1,-0.1048717126250267,0.4878745037981691
Myelocytes,7,IGKC,1.0876574516296387,0.5234168065001188
Myelocytes,8,FHL5,3.3648524284362793,0.5367799564328494
Myelocytes,9,A2M,0.5209755897521973,0.5883799656924323
Myelocytes,10,COL6A2,-0.23707890510559082,0.6088908586249292
Myelocytes,11,STEAP4,2.623767137527466,0.6146489294357883
Myelocytes,12,CPE,2.534235954284668,0.6734850207459961
Myelocytes,13,CACNB4,4.2690205574035645,0.6852614978041948
Myelocytes,14,ATOH8,4.1821699142456055,0.6980546603102655
Myelocytes,15,MTHFR,3.0230367183685303,0.7011563489468366
Myelocytes,16,LRRC10B,3.869597911834717,0.7096782551669643
Myelocytes,17,ZBTB16,1.67136549949646,0.7174568680126309
Myelocytes,18,FABP4,2.732118606567383,0.7250777035432266
Myelocytes,19,MUSTN1,2.5325660705566406,0.7482992085888227
Myelocytes,20,NDUFA4L2,2.0371968746185303,0.7558860751684846
Myelocytes,21,CXCL14,1.6672080755233765,0.7669912762145511
Myelocytes,22,TYW1,3.8974761962890625,0.7906123801768593
Myelocytes,23,PALMD,2.8912880420684814,0.8070981493897861
Myelocytes,24,CTSG,2.119480609893799,0.8267286502147458
Myelocytes,25,HCST,2.4315195083618164,0.8308721254393742
Myelocytes,26,PTGDS,1.422417163848877,0.832532060204035
Myelocytes,27,C11orf96,0.7453814148902893,0.8353464257842528
Myelocytes,28,PPM1L,2.81268310546875,0.85065414612856
Myelocytes,29,TRDMT1,3.036257266998291,0.8516722967504141
Myelocytes,30,ACTB,-0.4153645932674408,0.8603563193750621
Myelocytes,31,GJA4,2.161633253097534,0.8642049159041438
Myelocytes,32,SOCS3,0.8585187792778015,0.8670764308867515
Myelocytes,33,FOLR2,2.063093662261963,0.8740374716373174
Myelocytes,34,CFD,1.6787859201431274,0.8804285045201341
Myelocytes,35,PRND,4.327159881591797,0.8822375623037279
Myelocytes,36,KCNAB1,4.083957195281982,0.882249646756839
Myelocytes,37,CCDC110,4.706653594970703,0.8827806961745076
Myelocytes,38,FAM43B,5.293582916259766,0.8846360871612212
Myelocytes,39,ANGPTL7,4.373600959777832,0.8846360871612212
Myelocytes,40,HOXD3,5.725017070770264,0.886711744653692
Myelocytes,41,HOXC4,4.160469055175781,0.888680974086434
Myelocytes,42,POLN,4.728093147277832,0.8888797760820748
Myelocytes,43,ZNF813,5.6201491355896,0.8888797760820748
Myelocytes,44,ADAMTS18,4.1058349609375,0.8897959937858649
Myelocytes,45,KRT39,6.232816696166992,0.8897959937858649
Myelocytes,46,LDOC1,2.2781307697296143,0.8902553627944623
Myelocytes,47,GPIHBP1,3.8256824016571045,0.8904597341729862
Myelocytes,48,PLIN1,3.618229866027832,0.8905793431039889
Myelocytes,49,IFNE,5.985581874847412,0.891497419173836
Myelocytes,50,ARC,4.676709175109863,0.8915323806011087
NK cells,1,IGFBP4,1.276548147201538,1.8444353953429503e-20
NK cells,2,CLU,1.4604412317276,4.0173500599235735e-16
NK cells,3,PLA2G2A,2.0332083702087402,2.3549342602992215e-13
NK cells,4,TAGLN,0.6678531765937805,2.852141052591519e-08
NK cells,5,MYL9,0.7125095725059509,1.478064359477511e-07
NK cells,6,TPM2,0.5553568601608276,1.2297038949557314e-06
NK cells,7,C3,1.0147314071655273,1.9063871777471276e-06
NK cells,8,MGP,0.6771010160446167,3.4011163332261084e-05
NK cells,9,CST3,0.4997175931930542,8.217154802545216e-05
NK cells,10,DCN,0.5523304343223572,9.593193582583683e-05
NK cells,11,HSPB1,0.23082825541496277,0.001340194797632365
NK cells,12,CSRP1,0.3648754358291626,0.0019265844165594595
NK cells,13,SYNPO2,1.2368865013122559,0.0033562895271175655
NK cells,14,GSN,0.5924257040023804,0.0034530813026601723
NK cells,15,FLNA,0.5806341171264648,0.004224792793662843
NK cells,16,DES,0.9936535358428955,0.004720952079800486
NK cells,17,TPM1,0.12893402576446533,0.005457551260752282
NK cells,18,SYNM,1.3100459575653076,0.005460861366630474
NK cells,19,LMOD1,1.0736593008041382,0.013168432418620299
NK cells,20,ACTA2,0.2929272949695587,0.018773855728560444
NK cells,21,C1R,0.260621577501297,0.030946168586119954
NK cells,22,MYH11,1.0042880773544312,0.033277475506414925
NK cells,23,PDK4,1.0918608903884888,0.03921393179900629
NK cells,24,MYLK,0.6373862624168396,0.04938812606796175
NK cells,25,SELENOM,-0.020120160654187202,0.05439764118412164
NK cells,26,C1QC,0.3762401342391968,0.0654749501161855
NK cells,27,HSPA1A,0.4192637801170349,0.06674972016598535
NK cells,28,SORBS2,1.2191569805145264,0.07481054065926619
NK cells,29,TNS1,0.8311271667480469,0.0808781518050916
NK cells,30,AHNAK,0.06530994921922684,0.08736104401974763
NK cells,31,ACTG2,0.7830784916877747,0.10003882494054266
NK cells,32,FHL1,1.2236019372940063,0.10880399248912208
NK cells,33,SFRP2,0.4102267324924469,0.11682782884870872
NK cells,34,CALD1,-0.11571387946605682,0.12516605933690558
NK cells,35,SFRP1,0.9359679222106934,0.14549876635993517
NK cells,36,COL6A2,-0.045460447669029236,0.15442173099603915
NK cells,37,HSPB6,0.9845830202102661,0.15462319401773345
NK cells,38,PI16,1.8173062801361084,0.16692037034417906
NK cells,39,FLNC,0.9747752547264099,0.19175929296367963
NK cells,40,TNXB,0.845780611038208,0.21497883617755442
NK cells,41,HSPA6,0.8210579752922058,0.2181486806431165
NK cells,42,FSTL1,0.08131403475999832,0.22795677862331654
NK cells,43,SOD3,0.6212966442108154,0.2328980528977488
NK cells,44,PLIN4,1.10673189163208,0.23905014792901141
NK cells,45,ECRG4,1.3039802312850952,0.23984941156055056
NK cells,46,ATP1A2,1.6949689388275146,0.2495007630098128
NK cells,47,CRYAB,0.6895322799682617,0.25661107232619856
NK cells,48,A2M,0.06882525980472565,0.28227628156426277
NK cells,49,ACTB,-0.2709718942642212,0.2906969285079971
NK cells,50,TPPP,1.8315027952194214,0.3334293222769992
NKT cells,1,ELOC,2.243495225906372,1.0
NKT cells,2,HDGFL3,1.957198143005371,1.0
NKT cells,3,NEK7,1.6332457065582275,1.0
NKT cells,4,HERC3,2.0539302825927734,1.0
NKT cells,5,MAPK8IP1,2.604335308074951,1.0
NKT cells,6,ARPC5L,1.5894901752471924,1.0
NKT cells,7,RNF167,2.0489542484283447,1.0
NKT cells,8,TRPS1,1.9034039974212646,1.0
NKT cells,9,NXF1,1.673552393913269,1.0
NKT cells,10,DPYSL2,1.5449063777923584,1.0
NKT cells,11,TPM1,0.9308757185935974,1.0
NKT cells,12,RNF213,1.3315142393112183,1.0
NKT cells,13,COX7A1,1.99916672706604,1.0
NKT cells,14,HSPB7,2.190748453140259,1.0
NKT cells,15,SNTB2,1.426396369934082,1.0
NKT cells,16,NUCKS1,1.30177640914917,1.0
NKT cells,17,DNAJA4,1.7199177742004395,1.0
NKT cells,18,SUGP1,2.606062173843384,1.0
NKT cells,19,CLMP,1.3626149892807007,1.0
NKT cells,20,KRIT1,1.851035475730896,1.0
NKT cells,21,PSMD9,1.4333605766296387,1.0
NKT cells,22,RGS5,1.4910602569580078,1.0
NKT cells,23,CKB,1.4626379013061523,1.0
NKT cells,24,IMPAD1,1.0409635305404663,1.0
NKT cells,25,LMO3,2.5195977687835693,1.0
NKT cells,26,MLF2,1.3339215517044067,1.0
NKT cells,27,TTC7B,1.6511585712432861,1.0
NKT cells,28,CCL5,1.5684807300567627,1.0
NKT cells,29,AGPS,1.9093942642211914,1.0
NKT cells,30,EMD,1.214645266532898,1.0
NKT cells,31,PCF11,1.536443829536438,1.0
NKT cells,32,KDM5A,1.1978384256362915,1.0
NKT cells,33,TMEM185B,1.6258728504180908,1.0
NKT cells,34,CLASP1,1.655456781387329,1.0
NKT cells,35,STOM,1.2474932670593262,1.0
NKT cells,36,EIF3L,0.9790372252464294,1.0
NKT cells,37,SYDE2,2.412916898727417,1.0
NKT cells,38,HGF,2.8516740798950195,1.0
NKT cells,39,NARS,1.3158626556396484,1.0
NKT cells,40,MAML1,1.194724678993225,1.0
NKT cells,41,PCNT,2.8091695308685303,1.0
NKT cells,42,TUT7,0.9777253270149231,1.0
NKT cells,43,BAG2,1.840073585510254,1.0
NKT cells,44,MRVI1,1.2753825187683105,1.0
NKT cells,45,PXMP2,2.004948854446411,1.0
NKT cells,46,NXN,1.9648243188858032,1.0
NKT cells,47,EIF2S1,1.4665268659591675,1.0
NKT cells,48,NFKBIZ,0.9666857719421387,1.0
NKT cells,49,SMC5,2.7888505458831787,1.0
NKT cells,50,PFN1,0.8601837754249573,1.0
Naive B cells,1,ZBTB16,1.6363258361816406,0.18385478408198971
Naive B cells,2,SYNM,1.7169685363769531,0.21845701129855413
Naive B cells,3,HMCN2,1.6390994787216187,0.32576307473075394
Naive B cells,4,MGP,0.4360886514186859,0.3477375165996372
Naive B cells,5,THBS1,-0.2747153639793396,0.39411295597970997
Naive B cells,6,PGM5,1.4558748006820679,0.42141443283766344
Naive B cells,7,PLA2G2A,0.8106566667556763,0.4816483370716711
Naive B cells,8,THRB,2.6154181957244873,0.534662193982509
Naive B cells,9,IL17RD,1.9960644245147705,0.5418637242845108
Naive B cells,10,IGKC,0.5358898639678955,0.5516010098999236
Naive B cells,11,PDK4,1.2693367004394531,0.5755981516106953
Naive B cells,12,HSD17B14,2.32852840423584,0.5861208477023495
Naive B cells,13,BCHE,2.1864817142486572,0.5867073815486804
Naive B cells,14,LMO3,1.1906969547271729,0.5986470123942165
Naive B cells,15,PLIN4,1.4909179210662842,0.6313407926290385
Naive B cells,16,TACR2,1.4849330186843872,0.6330838598073419
Naive B cells,17,IDNK,2.0134825706481934,0.6332948681010487
Naive B cells,18,MAMDC2,1.5286717414855957,0.6508441627357479
Naive B cells,19,USP2,2.4884402751922607,0.6809383595200361
Naive B cells,20,RIMS3,3.3894567489624023,0.7201591210934705
Naive B cells,21,CBX7,1.3526873588562012,0.7316623122612652
Naive B cells,22,STUM,2.0128426551818848,0.7353628402227314
Naive B cells,23,LILRB5,1.9598157405853271,0.7385879345903755
Naive B cells,24,ABI3BP,1.2717703580856323,0.7422188626362227
Naive B cells,25,PHYHD1,1.3591840267181396,0.7604335398104538
Naive B cells,26,ZMAT1,1.7076070308685303,0.7621915786329884
Naive B cells,27,COL4A6,2.8417046070098877,0.7669304482707655
Naive B cells,28,LDB3,0.9606004357337952,0.7683124075166191
Naive B cells,29,SCML2,3.6523516178131104,0.7722432841833049
Naive B cells,30,PSD,1.2609679698944092,0.7748121191227213
Naive B cells,31,LCN6,3.84450101852417,0.7748121191227213
Naive B cells,32,SMIM17,4.209889888763428,0.7768685193658921
Naive B cells,33,PLAAT5,2.661241054534912,0.7791686770257942
Naive B cells,34,PER3,1.6702719926834106,0.7828701830552449
Naive B cells,35,SLC6A16,2.807840347290039,0.7836867031234225
Naive B cells,36,SPTBN4,2.68807053565979,0.7841485062822937
Naive B cells,37,LONRF2,1.3975921869277954,0.7891219412624502
Naive B cells,38,COL28A1,3.8866918087005615,0.8008586478031394
Naive B cells,39,SH3BGR,2.483593225479126,0.8095767854844103
Naive B cells,40,MGARP,2.646365165710449,0.8106070174327507
Naive B cells,41,ADAMTSL3,1.1934999227523804,0.8146734710593658
Naive B cells,42,ZSCAN18,1.107779622077942,0.816684017973599
Naive B cells,43,P2RX1,0.8821331262588501,0.8218850845131529
Naive B cells,44,PTN,1.9267584085464478,0.8239888568279773
Naive B cells,45,RBFOX3,1.639436960220337,0.8316482899154303
Naive B cells,46,IGFN1,2.4224464893341064,0.8329818520537758
Naive B cells,47,TXLNB,2.192939519882202,0.8378325248299201
Naive B cells,48,EFCAB7,2.607466459274292,0.8428140449157895
Naive B cells,49,FGFR2,0.8837782144546509,0.8443483494434774
Naive B cells,50,STAC,1.9302260875701904,0.8448352665573046
Plasma cells,1,IGKC,4.665457248687744,5.04906433528277e-07
Plasma cells,2,IGHG1,4.096930503845215,0.0002733011406473761
Plasma cells,3,CD79A,3.828080415725708,0.0022921597847830348
Plasma cells,4,MZB1,4.807473659515381,0.0026431924877889485
Plasma cells,5,JCHAIN,3.558619260787964,0.002683540561320434
Plasma cells,6,DCN,1.3332794904708862,0.004359228998012239
Plasma cells,7,DERL3,4.139747142791748,0.007219074852527135
Plasma cells,8,XBP1,2.1812961101531982,0.01641706800331862
Plasma cells,9,CHI3L1,2.0020363330841064,0.026804173816326486
Plasma cells,10,IGHA1,2.6207737922668457,0.030967067556330226
Plasma cells,11,PDK1,2.654167652130127,0.03379735590740102
Plasma cells,12,SFRP2,1.178830862045288,0.0402129066849988
Plasma cells,13,FCRL5,4.908011436462402,0.06091860173641569
Plasma cells,14,MMP2,0.5316107273101807,0.06688754658882028
Plasma cells,15,IGF1,2.004265069961548,0.07289995426212938
Plasma cells,16,POU2AF1,4.074492454528809,0.07446234467737375
Plasma cells,17,CD27,3.5843398571014404,0.08127321722087878
Plasma cells,18,AQP1,1.2031933069229126,0.08629335546082106
Plasma cells,19,PIM2,2.6857943534851074,0.08637784015839985
Plasma cells,20,PSAP,0.5369948148727417,0.12875558612340474
Plasma cells,21,TP53INP1,2.530569076538086,0.1434903283722962
Plasma cells,22,SEC11C,1.370793104171753,0.149815870277477
Plasma cells,23,CD38,3.1476194858551025,0.15200480891947243
Plasma cells,24,PRKCH,2.91332745552063,0.15650032011645856
Plasma cells,25,LAX1,3.9696106910705566,0.16192332839995147
Plasma cells,26,JSRP1,3.0419087409973145,0.16565812338828476
Plasma cells,27,PTGDS,1.588784098625183,0.20881793933562198
Plasma cells,28,FBXW7,1.2572252750396729,0.20933731558097565
Plasma cells,29,C11orf80,2.4162957668304443,0.22307364125773224
Plasma cells,30,KLHL6,2.0198814868927,0.22872999432636418
Plasma cells,31,EAF2,3.1145424842834473,0.24044304114243234
Plasma cells,32,VSIR,1.6768686771392822,0.24862160797899951
Plasma cells,33,FKBP11,1.374173879623413,0.25038398279484775
Plasma cells,34,IER5,1.517122745513916,0.2527996944185925
Plasma cells,35,TENT5C,2.4574735164642334,0.25948332218124015
Plasma cells,36,IGHM,1.7697856426239014,0.25948332218124015
Plasma cells,37,TNFRSF17,3.549647331237793,0.27625510352692834
Plasma cells,38,HSPA1B,0.5234534740447998,0.2833543633432932
Plasma cells,39,SYTL1,2.7346816062927246,0.29610580996841057
Plasma cells,40,SPAG4,3.094320058822632,0.2979126813947108
Plasma cells,41,IGHD,3.9577603340148926,0.32313705509659935
Plasma cells,42,MMP1,1.1873810291290283,0.3320508794696395
Plasma cells,43,HSPB1,0.22444123029708862,0.3852163590143281
Plasma cells,44,PECAM1,0.9155330061912537,0.4023132228141125
Plasma cells,45,HERPUD1,1.3737435340881348,0.4218780395928177
Plasma cells,46,NUCB2,1.4599032402038574,0.4256227705756186
Plasma cells,47,C3,0.6266476511955261,0.4312884923180908
Plasma cells,48,FABP4,3.0977718830108643,0.4421336826452195
Plasma cells,49,BMP6,2.0217444896698,0.44294357666167317
Plasma cells,50,TXNDC5,0.30721262097358704,0.450234621693834
Plasmablasts,1,PCLAF,2.9560914039611816,0.5492463967244968
Plasmablasts,2,CD24,1.5533621311187744,0.5643065001791403
Plasmablasts,3,TXNDC5,1.819807767868042,0.6273581696639094
Plasmablasts,4,C19orf48,4.382011413574219,0.6304908647679729
Plasmablasts,5,CCL4,3.7837295532226562,0.7475479225071632
Plasmablasts,6,DOCK10,4.262712001800537,0.7715193103928741
Plasmablasts,7,IGKC,0.9098244905471802,0.7798879192093053
Plasmablasts,8,HBA2,2.214548110961914,0.8083462012760482
Plasmablasts,9,ITGA6,2.056971311569214,0.8120001085636954
Plasmablasts,10,U2AF2,3.3310019969940186,0.8411403703364757
Plasmablasts,11,EDN1,3.443349599838257,0.8453655181914375
Plasmablasts,12,HUNK,3.2457871437072754,0.8562923226498872
Plasmablasts,13,IL1RAPL1,6.819927215576172,0.8600278731765469
Plasmablasts,14,WFIKKN1,6.786655902862549,0.862215654043668
Plasmablasts,15,HOXD3,6.615993022918701,0.8626770908767544
Plasmablasts,16,TCTEX1D1,6.415688991546631,0.8684312288887048
Plasmablasts,17,HOMER2,6.020606517791748,0.8698834273822541
Plasmablasts,18,CLEC4G,4.192348957061768,0.8710057954672713
Plasmablasts,19,CHRNA3,5.340270519256592,0.8748943388637074
Plasmablasts,20,TNFAIP3,0.6373535990715027,0.8771934989514981
Plasmablasts,21,PERP,1.2426315546035767,0.8792923162021649
Plasmablasts,22,DCLK3,5.904516696929932,0.886007160860866
Plasmablasts,23,SALL1,5.682809352874756,0.8898547616413032
Plasmablasts,24,GFI1,5.026841163635254,0.8905339406254809
Plasmablasts,25,KLF15,4.730348587036133,0.8908768431048798
Plasmablasts,26,COL3A1,-0.18567276000976562,0.8920281389083443
Plasmablasts,27,TNIP3,4.932127952575684,0.8926928048374143
Plasmablasts,28,SALL2,4.925236225128174,0.8981535908039766
Plasmablasts,29,SPDL1,5.349646091461182,0.8991767417354339
Plasmablasts,30,TERC,5.234995365142822,0.8994769812427676
Plasmablasts,31,RFX3,3.0830514430999756,0.9041387909855184
Plasmablasts,32,ADPRHL1,4.538516521453857,0.9069050651433569
Plasmablasts,33,LAMA1,4.922806739807129,0.9071769904155111
Plasmablasts,34,RELN,4.189058780670166,0.9071911982770035
Plasmablasts,35,ZNF431,4.835537433624268,0.9080511856314306
Plasmablasts,36,DISP1,4.8842926025390625,0.9093852704121305
Plasmablasts,37,S100A12,3.9365062713623047,0.9156762266671427
Plasmablasts,38,RBP5,3.173741579055786,0.9165373658729636
Plasmablasts,39,ASTE1,4.826955795288086,0.9192617301477151
Plasmablasts,40,LY6G6D,2.854872941970825,0.919915207464976
Plasmablasts,41,HIGD1B,4.339206695556641,0.9216829574497964
Plasmablasts,42,NELL2,3.8734936714172363,0.922550837883897
Plasmablasts,43,PACS2,3.183807611465454,0.9285232233000567
Plasmablasts,44,CD8A,3.7743189334869385,0.9295620042896588
Plasmablasts,45,DCLK1,3.6262307167053223,0.9309812105831724
Plasmablasts,46,STRIP2,3.614138126373291,0.9340311826836426
Plasmablasts,47,GCNT3,3.82006573677063,0.9344510521298526
Plasmablasts,48,RPA3,3.986210346221924,0.9352088142578204
Plasmablasts,49,NMNAT1,3.3582677841186523,0.9421409431529494
Plasmablasts,50,TMEM236,4.622068881988525,0.9425152929477687
Pre-pro-B cells,1,IL11,4.606509208679199,0.9940444686482591
Pre-pro-B cells,2,CYGB,3.2630746364593506,0.9940444686482591
Pre-pro-B cells,3,TMEM158,2.7127151489257812,0.9940444686482591
Pre-pro-B cells,4,YAF2,2.9972686767578125,0.9940444686482591
Pre-pro-B cells,5,BMERB1,2.935344696044922,0.9940444686482591
Pre-pro-B cells,6,PDGFB,2.977781295776367,0.9940444686482591
Pre-pro-B cells,7,SUGP2,2.5451133251190186,0.9940444686482591
Pre-pro-B cells,8,CXCL8,3.0538551807403564,0.9940444686482591
Pre-pro-B cells,9,COL7A1,3.386594295501709,0.9940444686482591
Pre-pro-B cells,10,NR4A3,2.665280818939209,0.9940444686482591
Pre-pro-B cells,11,MYDGF,2.2267823219299316,0.9940444686482591
Pre-pro-B cells,12,ITGA1,2.3478598594665527,0.9940444686482591
Pre-pro-B cells,13,PAPPA,3.803037405014038,0.9940444686482591
Pre-pro-B cells,14,FBLIM1,2.4612395763397217,0.9940444686482591
Pre-pro-B cells,15,CD5,2.350721836090088,0.9940444686482591
Pre-pro-B cells,16,HECW2,3.3311755657196045,0.9940444686482591
Pre-pro-B cells,17,MAX,2.2777833938598633,0.9940444686482591
Pre-pro-B cells,18,UNC119,3.103580951690674,0.9940444686482591
Pre-pro-B cells,19,COPA,2.1598963737487793,0.9940444686482591
Pre-pro-B cells,20,IL1B,3.488650321960449,0.9940444686482591
Pre-pro-B cells,21,DKK3,2.4125137329101562,0.9940444686482591
Pre-pro-B cells,22,KREMEN1,2.779132604598999,0.9940444686482591
Pre-pro-B cells,23,ERCC1,2.292729616165161,0.9940444686482591
Pre-pro-B cells,24,NAGK,2.3097174167633057,0.9940444686482591
Pre-pro-B cells,25,VIM,1.4059979915618896,0.9940444686482591
Pre-pro-B cells,26,ORAI2,3.0445034503936768,0.9940444686482591
Pre-pro-B cells,27,SCAMP1,3.024259328842163,0.9940444686482591
Pre-pro-B cells,28,PPIL4,2.456758975982666,0.9940444686482591
Pre-pro-B cells,29,TAF12,3.1188981533050537,0.9940444686482591
Pre-pro-B cells,30,NR2F1,3.0390470027923584,0.9940444686482591
Pre-pro-B cells,31,ANXA2,1.7306609153747559,0.9940444686482591
Pre-pro-B cells,32,LGALS2,3.012768268585205,0.9940444686482591
Pre-pro-B cells,33,MMP3,3.9474737644195557,0.9940444686482591
Pre-pro-B cells,34,RAI14,2.181252956390381,0.9940444686482591
Pre-pro-B cells,35,SAMHD1,2.311389684677124,0.9940444686482591
Pre-pro-B cells,36,RAPGEF1,2.191837787628174,0.9940444686482591
Pre-pro-B cells,37,SPI1,2.2095625400543213,0.9940444686482591
Pre-pro-B cells,38,PHC2,1.9099262952804565,0.9940444686482591
Pre-pro-B cells,39,FAS,2.8809823989868164,0.9940444686482591
Pre-pro-B cells,40,ERRFI1,2.010190963745117,0.9940444686482591
Pre-pro-B cells,41,TMSB4X,1.128329873085022,0.9940444686482591
Pre-pro-B cells,42,PLIN2,2.391770362854004,0.9940444686482591
Pre-pro-B cells,43,TWIST1,2.790321111679077,0.9940444686482591
Pre-pro-B cells,44,MAN1A2,2.8459882736206055,0.9940444686482591
Pre-pro-B cells,45,ACSL4,2.6223559379577637,0.9940444686482591
Pre-pro-B cells,46,COPS2,2.074281692504883,0.9940444686482591
Pre-pro-B cells,47,PTDSS1,2.265819549560547,0.9940444686482591
Pre-pro-B cells,48,FYTTD1,2.091043710708618,0.9940444686482591
Pre-pro-B cells,49,PALM2-AKAP2,2.089380979537964,0.9940444686482591
Pre-pro-B cells,50,SLC16A3,2.3020195960998535,0.9940444686482591
Regulatory T cells,1,HSF1,1.4848579168319702,0.803924017753492
Regulatory T cells,2,ACTN1,1.312355875968933,0.803924017753492
Regulatory T cells,3,LAMA4,1.1738942861557007,0.9998566006569553
Regulatory T cells,4,ADAM33,1.743323802947998,0.9998566006569553
Regulatory T cells,5,C1S,1.2047559022903442,0.9998566006569553
Regulatory T cells,6,TRBC2,1.710148811340332,0.9998566006569553
Regulatory T cells,7,FBXW5,1.2712798118591309,0.9998566006569553
Regulatory T cells,8,CALD1,1.0992368459701538,0.9998566006569553
Regulatory T cells,9,GNB2,1.1950594186782837,0.9998566006569553
Regulatory T cells,10,HABP4,1.679863691329956,0.9998566006569553
Regulatory T cells,11,BIRC6,1.302658200263977,0.9998566006569553
Regulatory T cells,12,CCN1,1.1330969333648682,0.9998566006569553
Regulatory T cells,13,JAG1,1.3766324520111084,0.9998566006569553
Regulatory T cells,14,SELENOM,1.0163534879684448,0.9998566006569553
Regulatory T cells,15,SLC38A2,1.0697293281555176,0.9998566006569553
Regulatory T cells,16,PKD2,1.184699296951294,0.9998566006569553
Regulatory T cells,17,CLU,1.3410005569458008,0.9998566006569553
Regulatory T cells,18,SMIM7,1.1325000524520874,0.9998566006569553
Regulatory T cells,19,GOLPH3,0.9759406447410583,0.9998566006569553
Regulatory T cells,20,MKNK2,1.3439382314682007,0.9998566006569553
Regulatory T cells,21,PFN1,0.8911164999008179,0.9998566006569553
Regulatory T cells,22,BAG2,1.3222678899765015,0.9998566006569553
Regulatory T cells,23,EID1,0.8682423233985901,0.9998566006569553
Regulatory T cells,24,CTSK,1.088732361793518,0.9998566006569553
Regulatory T cells,25,SH3BGRL3,0.9758145213127136,0.9998566006569553
Regulatory T cells,26,FUS,1.460593819618225,0.9998566006569553
Regulatory T cells,27,TNS1,1.233458399772644,0.9998566006569553
Regulatory T cells,28,TAGLN,1.0882911682128906,0.9998566006569553
Regulatory T cells,29,ALKBH5,0.9718436598777771,0.9998566006569553
Regulatory T cells,30,FGF7,1.1993162631988525,0.9998566006569553
Regulatory T cells,31,AKT1,0.8930865526199341,0.9998566006569553
Regulatory T cells,32,FSTL3,1.224518895149231,0.9998566006569553
Regulatory T cells,33,FOXN3,1.3917019367218018,0.9998566006569553
Regulatory T cells,34,PAM,0.9308934807777405,0.9998566006569553
Regulatory T cells,35,UGCG,1.0865416526794434,0.9998566006569553
Regulatory T cells,36,NNMT,0.9420592188835144,0.9998566006569553
Regulatory T cells,37,KIZ,1.5077893733978271,0.9998566006569553
Regulatory T cells,38,MSN,0.928555965423584,0.9998566006569553
Regulatory T cells,39,S100A4,0.8752114772796631,0.9998566006569553
Regulatory T cells,40,SAT1,0.9484754204750061,0.9998566006569553
Regulatory T cells,41,DAPK3,1.0520936250686646,0.9998566006569553
Regulatory T cells,42,HSPA1A,1.080231785774231,0.9998566006569553
Regulatory T cells,43,PLXDC2,1.0134176015853882,0.9998566006569553
Regulatory T cells,44,TXLNA,1.2687230110168457,0.9998566006569553
Regulatory T cells,45,ID3,1.0000497102737427,0.9998566006569553
Regulatory T cells,46,PTGS1,1.3243228197097778,0.9998566006569553
Regulatory T cells,47,PPP1R15A,1.0312727689743042,0.9998566006569553
Regulatory T cells,48,FCGR2A,1.5247339010238647,0.9998566006569553
Regulatory T cells,49,FBXO32,0.9643092751502991,0.9998566006569553
Regulatory T cells,50,AXL,1.0042823553085327,0.9998566006569553
Small pre-B cells,1,ACTB,1.8189928531646729,0.9806303483528536
Small pre-B cells,2,TOB2,5.136083602905273,0.9806303483528536
Small pre-B cells,3,TNRC6A,5.1662726402282715,0.9806303483528536
Small pre-B cells,4,AVL9,4.660612106323242,0.9806303483528536
Small pre-B cells,5,CD24,2.5890986919403076,0.9806303483528536
Small pre-B cells,6,NDUFA10,3.992903470993042,0.9806303483528536
Small pre-B cells,7,CNOT8,4.356041431427002,0.9806303483528536
Small pre-B cells,8,PERP,3.2250540256500244,0.9806303483528536
Small pre-B cells,9,ARPC4,3.5163156986236572,0.9806303483528536
Small pre-B cells,10,VPS13C,3.792541742324829,0.9806303483528536
Small pre-B cells,11,GPRC5A,3.1004369258880615,0.9806303483528536
Small pre-B cells,12,EPHB3,2.6742849349975586,0.9806303483528536
Small pre-B cells,13,CHCHD2,2.336822509765625,0.9806303483528536
Small pre-B cells,14,UBC,2.6240718364715576,0.9806303483528536
Small pre-B cells,15,MXRA7,2.1898813247680664,0.9806303483528536
Small pre-B cells,16,CTSZ,2.3632261753082275,0.9806303483528536
Small pre-B cells,17,CIRBP,2.3234589099884033,0.9806303483528536
Small pre-B cells,18,YBX3,1.724727988243103,0.9806303483528536
Small pre-B cells,19,FLNA,1.9899131059646606,0.9806303483528536
Small pre-B cells,20,COL5A1,1.078879952430725,0.9806303483528536
Small pre-B cells,21,UBA52,0.9557645916938782,0.9806303483528536
Small pre-B cells,22,ARMC12,8.977574348449707,0.9806303483528536
Small pre-B cells,23,PAPPA2,7.71867561340332,0.9806303483528536
Small pre-B cells,24,FSD1,8.328048706054688,0.9806303483528536
Small pre-B cells,25,KERA,7.956829071044922,0.9806303483528536
Small pre-B cells,26,COL6A1,0.37331482768058777,0.9806303483528536
Small pre-B cells,27,SMIM38,7.25896692276001,0.9806303483528536
Small pre-B cells,28,ACOT4,7.554248332977295,0.9806303483528536
Small pre-B cells,29,CIART,6.357980728149414,0.9806303483528536
Small pre-B cells,30,ZNF681,7.068484306335449,0.9806303483528536
Small pre-B cells,31,SMIM1,6.719884395599365,0.9806303483528536
Small pre-B cells,32,VIPR2,5.9575958251953125,0.9806303483528536
Small pre-B cells,33,CTSW,6.205006122589111,0.9806303483528536
Small pre-B cells,34,FGF1,6.4336395263671875,0.9806303483528536
Small pre-B cells,35,NAV3,6.6643195152282715,0.9806303483528536
Small pre-B cells,36,ALDH1B1,0.913065493106842,0.9806303483528536
Small pre-B cells,37,ZNF583,6.582831859588623,0.9806303483528536
Small pre-B cells,38,KAZALD1,6.134924411773682,0.9806303483528536
Small pre-B cells,39,LSMEM1,6.567727565765381,0.9806303483528536
Small pre-B cells,40,TMPRSS3,6.260350704193115,0.9806303483528536
Small pre-B cells,41,A2M,0.7819448709487915,0.9806303483528536
Small pre-B cells,42,ZNF239,5.97141170501709,0.9806303483528536
Small pre-B cells,43,TMEM88,5.077957630157471,0.9806303483528536
Small pre-B cells,44,CLIC2,4.759843349456787,0.9806303483528536
Small pre-B cells,45,RNLS,5.379966735839844,0.9806303483528536
Small pre-B cells,46,NAP1L5,4.950450420379639,0.9806303483528536
Small pre-B cells,47,B3GNTL1,5.2456841468811035,0.9806303483528536
Small pre-B cells,48,CEACAM6,1.1234760284423828,0.9806303483528536
Small pre-B cells,49,FBXO17,4.817577838897705,0.9806303483528536
Small pre-B cells,50,ZNF688,4.996612071990967,0.9806303483528536
T(agonist),1,MGP,3.047814130783081,0.9835844779347515
T(agonist),2,HSPA1B,3.0215418338775635,0.9835844779347515
T(agonist),3,CHAMP1,5.54248571395874,0.9835844779347515
T(agonist),4,CADPS2,5.471039295196533,0.9835844779347515
T(agonist),5,PHF13,5.047799587249756,0.9835844779347515
T(agonist),6,CCL21,4.712618350982666,0.9835844779347515
T(agonist),7,RAI1,4.903997898101807,0.9835844779347515
T(agonist),8,MFN1,4.738386154174805,0.9835844779347515
T(agonist),9,MARCH9,4.722109794616699,0.9835844779347515
T(agonist),10,KLRD1,4.399712562561035,0.9835844779347515
T(agonist),11,UQCC1,4.214011192321777,0.9835844779347515
T(agonist),12,NR2C2,3.958920955657959,0.9835844779347515
T(agonist),13,CREBRF,4.111120223999023,0.9835844779347515
T(agonist),14,CALCOCO1,3.9808921813964844,0.9835844779347515
T(agonist),15,CLMP,3.8103537559509277,0.9835844779347515
T(agonist),16,DEGS1,3.880107879638672,0.9835844779347515
T(agonist),17,TNXB,3.5706710815429688,0.9835844779347515
T(agonist),18,GPX3,3.679821252822876,0.9835844779347515
T(agonist),19,KMT2D,3.5934195518493652,0.9835844779347515
T(agonist),20,GALNT1,3.5756258964538574,0.9835844779347515
T(agonist),21,RAB31,3.5045628547668457,0.9835844779347515
T(agonist),22,CAND1,3.205070972442627,0.9835844779347515
T(agonist),23,COL3A1,1.1285979747772217,0.9835844779347515
T(agonist),24,MAT2A,2.71138072013855,0.9835844779347515
T(agonist),25,CNN2,2.4876983165740967,0.9835844779347515
T(agonist),26,STAU2,3.08489727973938,0.9835844779347515
T(agonist),27,EIF1,2.946017026901245,0.9835844779347515
T(agonist),28,TGFB3,3.0991427898406982,0.9835844779347515
T(agonist),29,CHSY1,3.0094690322875977,0.9835844779347515
T(agonist),30,MDM4,2.7923455238342285,0.9835844779347515
T(agonist),31,TES,2.806333541870117,0.9835844779347515
T(agonist),32,MMP2,1.2911537885665894,0.9835844779347515
T(agonist),33,WNK1,2.4879400730133057,0.9835844779347515
T(agonist),34,STAT6,2.353606700897217,0.9835844779347515
T(agonist),35,ZNF100,6.98572301864624,0.9835844779347515
T(agonist),36,ENO1,2.3918895721435547,0.9835844779347515
T(agonist),37,TEX45,6.649902820587158,0.9835844779347515
T(agonist),38,HYAL3,8.514484405517578,0.9835844779347515
T(agonist),39,ACKR2,5.144562721252441,0.9835844779347515
T(agonist),40,FAT3,7.722744941711426,0.9835844779347515
T(agonist),41,SIGLEC7,5.323624610900879,0.9835844779347515
T(agonist),42,CYTL1,7.415779113769531,0.9835844779347515
T(agonist),43,PCDHB2,7.4883623123168945,0.9835844779347515
T(agonist),44,GRN,2.3091278076171875,0.9835844779347515
T(agonist),45,FRMD3,4.8940229415893555,0.9835844779347515
T(agonist),46,CD40LG,4.824814319610596,0.9835844779347515
T(agonist),47,G0S2,2.1092522144317627,0.9835844779347515
T(agonist),48,PCDHB7,7.197325706481934,0.9835844779347515
T(agonist),49,CBARP,5.268910884857178,0.9835844779347515
T(agonist),50,DNAJA4,2.0061867237091064,0.9835844779347515
Tcm Naive cytotoxic T cells,1,CLU,1.0473766326904297,6.812793750471541e-24
Tcm Naive cytotoxic T cells,2,C3,0.9894283413887024,9.48056958263707e-22
Tcm Naive cytotoxic T cells,3,DCN,0.8021576404571533,1.7766920713928487e-21
Tcm Naive cytotoxic T cells,4,CALD1,0.6056570410728455,9.227184789395984e-20
Tcm Naive cytotoxic T cells,5,MGP,0.8520903587341309,2.3595934336134446e-18
Tcm Naive cytotoxic T cells,6,SELENOM,0.5651726126670837,3.789981880087893e-17
Tcm Naive cytotoxic T cells,7,TAGLN,0.6500868797302246,6.97658148753392e-17
Tcm Naive cytotoxic T cells,8,IGFBP4,0.5619551539421082,5.40081991151408e-16
Tcm Naive cytotoxic T cells,9,A2M,0.6756086349487305,1.168427412890755e-15
Tcm Naive cytotoxic T cells,10,MMP2,0.5840237736701965,2.0037208469373618e-14
Tcm Naive cytotoxic T cells,11,LUM,0.5715019702911377,2.5794286928455435e-14
Tcm Naive cytotoxic T cells,12,C1S,0.5722249746322632,1.1049238046571189e-13
Tcm Naive cytotoxic T cells,13,CCDC80,0.6970424652099609,3.783437134102549e-13
Tcm Naive cytotoxic T cells,14,SERPINF1,0.8080152869224548,8.758019979820975e-13
Tcm Naive cytotoxic T cells,15,C1QC,0.6688607931137085,1.3997442423351496e-12
Tcm Naive cytotoxic T cells,16,SFRP2,0.7443872690200806,1.4703677707212379e-12
Tcm Naive cytotoxic T cells,17,SOD2,0.3965259790420532,2.418272025320718e-12
Tcm Naive cytotoxic T cells,18,AQP1,0.6822251677513123,2.7027641792462643e-12
Tcm Naive cytotoxic T cells,19,CD74,0.4918786883354187,4.348221382304576e-12
Tcm Naive cytotoxic T cells,20,AHNAK,0.441829115152359,1.0421331183325196e-11
Tcm Naive cytotoxic T cells,21,COL6A3,0.4237331748008728,1.2244597736893815e-11
Tcm Naive cytotoxic T cells,22,DUSP1,0.5407560467720032,2.171419275393645e-11
Tcm Naive cytotoxic T cells,23,AEBP1,0.42621999979019165,2.4176532369102835e-11
Tcm Naive cytotoxic T cells,24,PLA2G2A,1.0100486278533936,3.696859375514962e-11
Tcm Naive cytotoxic T cells,25,NNMT,0.5277236104011536,4.860166273259659e-11
Tcm Naive cytotoxic T cells,26,TIMP2,0.35946565866470337,6.747208706801872e-11
Tcm Naive cytotoxic T cells,27,THBS1,0.4632375240325928,7.171365210382229e-11
Tcm Naive cytotoxic T cells,28,C1R,0.4745987355709076,9.270153256604558e-11
Tcm Naive cytotoxic T cells,29,SPARCL1,0.6646644473075867,1.0761354454225107e-10
Tcm Naive cytotoxic T cells,30,COL6A1,0.3804267346858978,1.785113467280004e-10
Tcm Naive cytotoxic T cells,31,VIM,0.39955124258995056,2.8651097305214183e-10
Tcm Naive cytotoxic T cells,32,MYLK,0.6863465905189514,5.570303461249198e-10
Tcm Naive cytotoxic T cells,33,CEBPD,0.49254971742630005,7.075740933757526e-10
Tcm Naive cytotoxic T cells,34,FBLN1,0.643059253692627,8.560920398838014e-10
Tcm Naive cytotoxic T cells,35,MYL9,0.4490651488304138,1.4118158475600152e-09
Tcm Naive cytotoxic T cells,36,FSTL1,0.3935045897960663,1.4200599154208026e-09
Tcm Naive cytotoxic T cells,37,NBL1,0.3886907398700714,2.1376882173202626e-09
Tcm Naive cytotoxic T cells,38,GSN,0.4720602035522461,5.768857003538472e-09
Tcm Naive cytotoxic T cells,39,COL6A2,0.29643601179122925,5.927961633902854e-09
Tcm Naive cytotoxic T cells,40,CCN1,0.4522005021572113,1.925422510568274e-08
Tcm Naive cytotoxic T cells,41,HSPB1,0.37343937158584595,8.248021549648214e-08
Tcm Naive cytotoxic T cells,42,COL1A1,0.32569488883018494,1.4210117787665958e-07
Tcm Naive cytotoxic T cells,43,TPM2,0.31637611985206604,1.6173200542657649e-07
Tcm Naive cytotoxic T cells,44,IGFBP7,0.3333791494369507,1.752546763874079e-07
Tcm Naive cytotoxic T cells,45,MFAP4,0.7920295596122742,2.86709371748461e-07
Tcm Naive cytotoxic T cells,46,IGKC,0.6577271819114685,9.529627679058574e-07
Tcm Naive cytotoxic T cells,47,SERPING1,0.451029509305954,1.5679871418901805e-06
Tcm Naive cytotoxic T cells,48,COL3A1,0.25666794180870056,1.866755093600623e-06
Tcm Naive cytotoxic T cells,49,TIMP1,0.2642860412597656,2.876260869637895e-06
Tcm Naive cytotoxic T cells,50,SFRP4,0.6475858092308044,5.34237939736458e-06
Tcm Naive helper T cells,1,HBA2,1.419385313987732,0.4136593410261955
Tcm Naive helper T cells,2,CA1,1.9689127206802368,0.7602749252749159
Tcm Naive helper T cells,3,VNN1,2.6506969928741455,0.8119179004948568
Tcm Naive helper T cells,4,TNFRSF17,2.7891955375671387,0.8464241742104837
Tcm Naive helper T cells,5,FAM90A1,2.789792776107788,0.915249451165129
Tcm Naive helper T cells,6,CLCA4,2.0276103019714355,0.9166636941965984
Tcm Naive helper T cells,7,CLCA1,2.3216397762298584,0.9213502147370966
Tcm Naive helper T cells,8,FCRLA,2.9106969833374023,0.9232597920371699
Tcm Naive helper T cells,9,PAX5,2.1746838092803955,0.923355702858767
Tcm Naive helper T cells,10,KCNK13,3.1386454105377197,0.9358610877152396
Tcm Naive helper T cells,11,NPPC,2.0948667526245117,0.9525661710188688
Tcm Naive helper T cells,12,ANGPTL7,1.6564445495605469,0.9526196610002415
Tcm Naive helper T cells,13,PPBP,1.546173334121704,0.9541007662691336
Tcm Naive helper T cells,14,IGFBP1,2.93689227104187,0.954936739265763
Tcm Naive helper T cells,15,FCRL2,2.718060255050659,0.954936739265763
Tcm Naive helper T cells,16,ZNF396,2.5096919536590576,0.9549495341710516
Tcm Naive helper T cells,17,PCOLCE2,1.5125455856323242,0.9595173417099061
Tcm Naive helper T cells,18,CLDN34,3.251544713973999,0.9638165778550524
Tcm Naive helper T cells,19,BEX5,2.6356289386749268,0.963828782015098
Tcm Naive helper T cells,20,APOA1,2.663884162902832,0.9668512847408448
Tcm Naive helper T cells,21,NKAPL,2.3750410079956055,0.9759521245515452
Tcm Naive helper T cells,22,ADAMTS18,2.2622742652893066,0.9819840574890073
Tcm Naive helper T cells,23,HTR4,3.193528652191162,0.9819840574890073
Tcm Naive helper T cells,24,FCN3,2.7606539726257324,0.9880145355493682
Tcm Naive helper T cells,25,CNGA3,1.7734779119491577,0.9880145355493682
Tcm Naive helper T cells,26,SLC6A16,2.1803982257843018,0.9910644685941624
Tcm Naive helper T cells,27,TAF11L6,2.3431448936462402,0.9925336532293677
Tcm Naive helper T cells,28,CA4,1.8582919836044312,0.9977307165042872
Tcm Naive helper T cells,29,RFX6,2.2808003425598145,0.9847914740253274
Tcm Naive helper T cells,30,CD300LB,1.4991068840026855,0.978030456860939
Tcm Naive helper T cells,31,TLL1,1.3982182741165161,0.9717257374800063
Tcm Naive helper T cells,32,KLKB1,2.081435441970825,0.9662314803639243
Tcm Naive helper T cells,33,PCDHB4,1.8474315404891968,0.9600767475828712
Tcm Naive helper T cells,34,C2orf88,1.608832597732544,0.9571753105486636
Tcm Naive helper T cells,35,BSN,1.9550973176956177,0.956433444587494
Tcm Naive helper T cells,36,SLC9B1,1.6970179080963135,0.956433444587494
Tcm Naive helper T cells,37,CORT,1.8956841230392456,0.9537029761146507
Tcm Naive helper T cells,38,DEFA5,2.4700734615325928,0.9537029761146507
Tcm Naive helper T cells,39,KNDC1,2.5305018424987793,0.9537029761146507
Tcm Naive helper T cells,40,EGF,2.1667354106903076,0.9537029761146507
Tcm Naive helper T cells,41,MYOT,1.3325145244598389,0.9537029761146507
Tcm Naive helper T cells,42,ZNF683,1.1639810800552368,0.9537029761146507
Tcm Naive helper T cells,43,TCF23,0.3306630849838257,0.9537029761146507
Tcm Naive helper T cells,44,HCAR1,2.6536972522735596,0.9520667457651057
Tcm Naive helper T cells,45,AARD,1.3286685943603516,0.9520537560024652
Tcm Naive helper T cells,46,RBP7,1.89557945728302,0.9520537560024652
Tcm Naive helper T cells,47,FOLH1,2.2449779510498047,0.9520537560024652
Tcm Naive helper T cells,48,MS4A2,1.3068480491638184,0.9520537560024652
Tcm Naive helper T cells,49,ZNF829,1.063170313835144,0.9515151753805091
Tcm Naive helper T cells,50,KNG1,2.545844316482544,0.9515151753805091
Tem Effector helper T cells,1,C3,2.464254856109619,0.0001120200763196618
Tem Effector helper T cells,2,PLA2G2A,2.8922998905181885,0.0005045188649876811
Tem Effector helper T cells,3,IGFBP4,1.2201435565948486,0.0024923609235407325
Tem Effector helper T cells,4,AHNAK,1.071929931640625,0.003436289272749831
Tem Effector helper T cells,5,MGP,1.0236563682556152,0.019766365261854518
Tem Effector helper T cells,6,A2M,0.7493591904640198,0.04816462683250719
Tem Effector helper T cells,7,SFRP2,1.0375601053237915,0.05328553024981969
Tem Effector helper T cells,8,DNAJB1,0.9816165566444397,0.06112236856441497
Tem Effector helper T cells,9,DCN,0.7154149413108826,0.07843110413563599
Tem Effector helper T cells,10,FSTL1,0.5731988549232483,0.07905049749201123
Tem Effector helper T cells,11,VIM,0.26506251096725464,0.1108223199145468
Tem Effector helper T cells,12,CLU,0.7051078081130981,0.1438412129660124
Tem Effector helper T cells,13,CFD,1.9774779081344604,0.14665518420288595
Tem Effector helper T cells,14,S100A4,1.2798858880996704,0.16234625074983938
Tem Effector helper T cells,15,PTGDS,1.9553568363189697,0.17058923721706604
Tem Effector helper T cells,16,STOM,1.0437583923339844,0.17361996803554955
Tem Effector helper T cells,17,TNXB,1.6648567914962769,0.23013489670430498
Tem Effector helper T cells,18,G0S2,1.347908854484558,0.2512054055316203
Tem Effector helper T cells,19,HBA2,1.1795663833618164,0.26233695399778484
Tem Effector helper T cells,20,THBS1,0.2829363942146301,0.2782855421339014
Tem Effector helper T cells,21,LRP1,0.671614944934845,0.2874818729568718
Tem Effector helper T cells,22,C1S,0.3777753710746765,0.2999994764132098
Tem Effector helper T cells,23,CXCL12,1.4664922952651978,0.3187580382853767
Tem Effector helper T cells,24,ABI3BP,1.9226683378219604,0.3365843767072696
Tem Effector helper T cells,25,COL6A1,0.14891265332698822,0.3517954281041105
Tem Effector helper T cells,26,LMNA,0.16781483590602875,0.36224537207072505
Tem Effector helper T cells,27,SCARA5,3.059469699859619,0.3693277496228038
Tem Effector helper T cells,28,HSPB1,0.16164079308509827,0.40331143664513114
Tem Effector helper T cells,29,MYL9,0.2250538468360901,0.42942277683547103
Tem Effector helper T cells,30,HSPA6,1.3124502897262573,0.45569266627929744
Tem Effector helper T cells,31,F13A1,1.5757771730422974,0.4562031087869254
Tem Effector helper T cells,32,ZFP36,0.3028694987297058,0.4618725988204906
Tem Effector helper T cells,33,CTSG,2.0767085552215576,0.46558398558760167
Tem Effector helper T cells,34,CD74,0.07062903046607971,0.4666300228621109
Tem Effector helper T cells,35,GP1BB,2.685736894607544,0.502702633720232
Tem Effector helper T cells,36,FBLN1,0.6774861216545105,0.544060796457341
Tem Effector helper T cells,37,COL1A1,0.3995887339115143,0.5509675684323854
Tem Effector helper T cells,38,MT2A,0.4602774679660797,0.5523144031381606
Tem Effector helper T cells,39,EGR1,0.10568832606077194,0.5543792128965533
Tem Effector helper T cells,40,HBD,2.8619892597198486,0.5675839660002798
Tem Effector helper T cells,41,NTRK2,2.9622857570648193,0.5812476761865208
Tem Effector helper T cells,42,DES,0.6104770302772522,0.5882633981934683
Tem Effector helper T cells,43,ADGRD1,3.1362040042877197,0.6087403258859433
Tem Effector helper T cells,44,SFRP1,0.96431565284729,0.6181313169153996
Tem Effector helper T cells,45,GATA2,2.5405845642089844,0.6373612303896454
Tem Effector helper T cells,46,LYVE1,2.117844581604004,0.6391212435797297
Tem Effector helper T cells,47,HCST,1.9505232572555542,0.6542144600465614
Tem Effector helper T cells,48,PDGFRL,1.8797082901000977,0.6617036693127794
Tem Effector helper T cells,49,SOCS3,0.6378535628318787,0.6762000502461731
Tem Effector helper T cells,50,CD14,0.4876282811164856,0.6917381445558186
Tem Temra cytotoxic T cells,1,GSN,1.5197919607162476,0.8217988186438338
Tem Temra cytotoxic T cells,2,CD14,1.6863118410110474,0.8217988186438338
Tem Temra cytotoxic T cells,3,PLA2G2A,2.008119583129883,0.8217988186438338
Tem Temra cytotoxic T cells,4,INAFM1,2.397915840148926,0.8217988186438338
Tem Temra cytotoxic T cells,5,VSIR,2.708041191101074,0.8217988186438338
Tem Temra cytotoxic T cells,6,TNFRSF25,1.8332628011703491,0.8217988186438338
Tem Temra cytotoxic T cells,7,TIMP1,0.8586416244506836,0.8217988186438338
Tem Temra cytotoxic T cells,8,COL4A1,1.0475482940673828,0.8217988186438338
Tem Temra cytotoxic T cells,9,LYZ,1.2209128141403198,0.8217988186438338
Tem Temra cytotoxic T cells,10,EPAS1,1.175774097442627,0.8217988186438338
Tem Temra cytotoxic T cells,11,KLF6,0.8840657472610474,0.8217988186438338
Tem Temra cytotoxic T cells,12,BCL6B,3.2756941318511963,0.8217988186438338
Tem Temra cytotoxic T cells,13,OSM,2.274876832962036,0.8217988186438338
Tem Temra cytotoxic T cells,14,SYS1,1.6970059871673584,0.8217988186438338
Tem Temra cytotoxic T cells,15,HBA2,1.8510651588439941,0.8217988186438338
Tem Temra cytotoxic T cells,16,C1QC,0.998908519744873,0.8217988186438338
Tem Temra cytotoxic T cells,17,IGFBP4,0.6878151297569275,0.8217988186438338
Tem Temra cytotoxic T cells,18,DOK2,2.595423936843872,0.8217988186438338
Tem Temra cytotoxic T cells,19,ZFP36,0.8678048253059387,0.8217988186438338
Tem Temra cytotoxic T cells,20,ACADVL,1.2273004055023193,0.8217988186438338
Tem Temra cytotoxic T cells,21,A2M,0.8961240649223328,0.8217988186438338
Tem Temra cytotoxic T cells,22,MAP3K7CL,2.9271793365478516,0.8217988186438338
Tem Temra cytotoxic T cells,23,AQP1,0.9898908734321594,0.8217988186438338
Tem Temra cytotoxic T cells,24,SDE2,2.0854601860046387,0.8217988186438338
Tem Temra cytotoxic T cells,25,CXCL8,2.0529260635375977,0.8217988186438338
Tem Temra cytotoxic T cells,26,NGFR,3.3652350902557373,0.8217988186438338
Tem Temra cytotoxic T cells,27,KIZ,2.3374733924865723,0.8217988186438338
Tem Temra cytotoxic T cells,28,FLYWCH2,1.6660512685775757,0.8217988186438338
Tem Temra cytotoxic T cells,29,TCEAL9,1.782961368560791,0.8217988186438338
Tem Temra cytotoxic T cells,30,MYL6,0.7276625633239746,0.823535644660969
Tem Temra cytotoxic T cells,31,SELL,2.1353235244750977,0.8248105026127851
Tem Temra cytotoxic T cells,32,MFSD1,1.1907914876937866,0.8248105026127851
Tem Temra cytotoxic T cells,33,RBM42,1.8575843572616577,0.8308831442924846
Tem Temra cytotoxic T cells,34,LRIF1,2.55584979057312,0.8308831442924846
Tem Temra cytotoxic T cells,35,VIM,0.5282653570175171,0.8308831442924846
Tem Temra cytotoxic T cells,36,STAB1,1.3344444036483765,0.8329220579730874
Tem Temra cytotoxic T cells,37,MCL1,0.39049702882766724,0.8329220579730874
Tem Temra cytotoxic T cells,38,KLF2,1.2748770713806152,0.8369330157392837
Tem Temra cytotoxic T cells,39,CD83,2.0692057609558105,0.8393670141623946
Tem Temra cytotoxic T cells,40,PLEKHB2,1.3431007862091064,0.8396420043242034
Tem Temra cytotoxic T cells,41,SRC,1.3097163438796997,0.8399300218021061
Tem Temra cytotoxic T cells,42,DDX60L,2.4592337608337402,0.8399300218021061
Tem Temra cytotoxic T cells,43,IFI27,1.0520379543304443,0.8399300218021061
Tem Temra cytotoxic T cells,44,THBD,1.500319004058838,0.8399300218021061
Tem Temra cytotoxic T cells,45,FLT1,2.098233938217163,0.8399300218021061
Tem Temra cytotoxic T cells,46,TRAF1,2.182236671447754,0.8399300218021061
Tem Temra cytotoxic T cells,47,C3,0.9284442663192749,0.8445448595395817
Tem Temra cytotoxic T cells,48,JUNB,0.4548826217651367,0.8445448595395817
Tem Temra cytotoxic T cells,49,NHP2,0.8880077004432678,0.8445959767879477
Tem Temra cytotoxic T cells,50,PRICKLE1,2.5679192543029785,0.8445959767879477
Tem Trm cytotoxic T cells,1,GZMK,3.223118305206299,0.0020430388541743797
Tem Trm cytotoxic T cells,2,DCN,0.8352795839309692,0.004722390380259099
Tem Trm cytotoxic T cells,3,IGKC,1.184571623802185,0.009873041359315644
Tem Trm cytotoxic T cells,4,MGP,0.7837486267089844,0.010472201348075985
Tem Trm cytotoxic T cells,5,PTGDS,2.157221794128418,0.018480883524989375
Tem Trm cytotoxic T cells,6,IGFBP7,0.42732733488082886,0.0302076557903085
Tem Trm cytotoxic T cells,7,CCL5,2.2276828289031982,0.03240243073924572
Tem Trm cytotoxic T cells,8,IGFBP4,0.3831367790699005,0.05164972776886011
Tem Trm cytotoxic T cells,9,CLU,0.7069506049156189,0.052034526880935246
Tem Trm cytotoxic T cells,10,SFRP2,0.739293098449707,0.056836774311949924
Tem Trm cytotoxic T cells,11,IGHG1,1.1035027503967285,0.07798099517962273
Tem Trm cytotoxic T cells,12,PLA2G2A,1.1021136045455933,0.09653760458967806
Tem Trm cytotoxic T cells,13,CXCL12,1.3800822496414185,0.1080903049819186
Tem Trm cytotoxic T cells,14,FSTL1,0.37179872393608093,0.1762628547528862
Tem Trm cytotoxic T cells,15,C3,0.6991019248962402,0.20296230666665457
Tem Trm cytotoxic T cells,16,CD74,0.16849885880947113,0.213094009741785
Tem Trm cytotoxic T cells,17,IGFBP5,0.2556091547012329,0.28269932880195114
Tem Trm cytotoxic T cells,18,HBA2,0.9685541987419128,0.30484057153241173
Tem Trm cytotoxic T cells,19,CCL19,1.4436877965927124,0.3955699365907326
Tem Trm cytotoxic T cells,20,SFRP4,0.7366607785224915,0.4491728550157308
Tem Trm cytotoxic T cells,21,IGF1,0.9058644771575928,0.4832631193847557
Tem Trm cytotoxic T cells,22,AHNAK,0.0210490133613348,0.5292782694255135
Tem Trm cytotoxic T cells,23,PTBP2,1.8315708637237549,0.5789246939063145
Tem Trm cytotoxic T cells,24,IGHM,1.6881625652313232,0.579415552091478
Tem Trm cytotoxic T cells,25,CD36,1.858446717262268,0.6035107095859508
Tem Trm cytotoxic T cells,26,ACAP1,2.315765380859375,0.6183684691585969
Tem Trm cytotoxic T cells,27,CCR2,3.585162401199341,0.6342740715608874
Tem Trm cytotoxic T cells,28,MMP2,-0.06479109078645706,0.6494526051123746
Tem Trm cytotoxic T cells,29,SFRP1,0.7099828720092773,0.6524529100996578
Tem Trm cytotoxic T cells,30,SEPTIN1,1.7775574922561646,0.6545056679373269
Tem Trm cytotoxic T cells,31,VIM,-0.18050441145896912,0.6575897185301173
Tem Trm cytotoxic T cells,32,GALNT16,1.5233206748962402,0.6580855865536908
Tem Trm cytotoxic T cells,33,SLAMF6,2.6102373600006104,0.671090536832382
Tem Trm cytotoxic T cells,34,CST7,2.102418899536133,0.7050729553273035
Tem Trm cytotoxic T cells,35,NTRK2,1.4080315828323364,0.7156106965190903
Tem Trm cytotoxic T cells,36,THEMIS,2.2415153980255127,0.7216361087253361
Tem Trm cytotoxic T cells,37,IQSEC3,2.572902202606201,0.7322699046665893
Tem Trm cytotoxic T cells,38,LY9,2.2503275871276855,0.748551383013696
Tem Trm cytotoxic T cells,39,GASK1A,1.191681146621704,0.7492098995252977
Tem Trm cytotoxic T cells,40,TIMP1,-0.24451929330825806,0.7509557458869964
Tem Trm cytotoxic T cells,41,RBP5,1.2810351848602295,0.7516514075978203
Tem Trm cytotoxic T cells,42,TDRD9,2.993191957473755,0.7516514075978203
Tem Trm cytotoxic T cells,43,CILP,0.9664847254753113,0.753595541615994
Tem Trm cytotoxic T cells,44,TNXB,0.6957677006721497,0.7676940995766521
Tem Trm cytotoxic T cells,45,JCHAIN,0.5457125902175903,0.7716969359775112
Tem Trm cytotoxic T cells,46,SPARC,-0.2610248923301697,0.7764770981472064
Tem Trm cytotoxic T cells,47,TXNIP,0.19552014768123627,0.779135123627953
Tem Trm cytotoxic T cells,48,CD27,1.6928925514221191,0.7794808418663319
Tem Trm cytotoxic T cells,49,VNN2,1.7324297428131104,0.7876396734137524
Tem Trm cytotoxic T cells,50,ICAM4,2.3233044147491455,0.7879170729533508
Transitional B cells,1,MBNL1,2.8978383541107178,0.9868871469408476
Transitional B cells,2,SLMAP,3.440189838409424,0.9868871469408476
Transitional B cells,3,CIRBP,2.117973804473877,0.9868871469408476
Transitional B cells,4,NUMA1,2.347353219985962,0.9868871469408476
Transitional B cells,5,LAMA4,2.2748501300811768,0.9868871469408476
Transitional B cells,6,C1R,2.2040951251983643,0.9868871469408476
Transitional B cells,7,AC118549.1,4.1893157958984375,0.9868871469408476
Transitional B cells,8,NCKAP1L,4.021085262298584,0.9868871469408476
Transitional B cells,9,JUN,2.0807104110717773,0.9868871469408476
Transitional B cells,10,SIAE,3.949552536010742,0.9868871469408476
Transitional B cells,11,PLA2G2A,3.3954837322235107,0.9868871469408476
Transitional B cells,12,SPARCL1,2.596843719482422,0.9868871469408476
Transitional B cells,13,TBC1D1,3.6571457386016846,0.9868871469408476
Transitional B cells,14,NME4,3.250702381134033,0.9868871469408476
Transitional B cells,15,CRTC3,3.054727077484131,0.9868871469408476
Transitional B cells,16,A2M,2.137486219406128,0.9868871469408476
Transitional B cells,17,SFRP1,3.582535743713379,0.9868871469408476
Transitional B cells,18,RNF115,2.5164334774017334,0.9868871469408476
Transitional B cells,19,PDK4,3.203016519546509,0.9868871469408476
Transitional B cells,20,UQCRC2,2.6164333820343018,0.9868871469408476
Transitional B cells,21,LAMP2,2.8527326583862305,0.9868871469408476
Transitional B cells,22,CTDSP1,2.1396541595458984,0.9868871469408476
Transitional B cells,23,ST6GALNAC6,2.4522852897644043,0.9868871469408476
Transitional B cells,24,CD81,2.0319297313690186,0.9868871469408476
Transitional B cells,25,H2AFJ,2.506638526916504,0.9868871469408476
Transitional B cells,26,FLOT1,1.9084410667419434,0.9868871469408476
Transitional B cells,27,MAF,2.347414493560791,0.9868871469408476
Transitional B cells,28,SYNPO2,3.180826425552368,0.9868871469408476
Transitional B cells,29,IRS2,2.5009288787841797,0.9868871469408476
Transitional B cells,30,CXCL12,2.799813985824585,0.9868871469408476
Transitional B cells,31,LIMS2,2.425018787384033,0.9868871469408476
Transitional B cells,32,PAFAH1B1,2.1257858276367188,0.9868871469408476
Transitional B cells,33,C3,2.3715763092041016,0.9868871469408476
Transitional B cells,34,SDC3,2.7165780067443848,0.9868871469408476
Transitional B cells,35,CST3,1.9235975742340088,0.9868871469408476
Transitional B cells,36,RAP1A,2.330063819885254,0.9868871469408476
Transitional B cells,37,WDR26,1.854032039642334,0.9868871469408476
Transitional B cells,38,PYROXD2,4.7802205085754395,0.9868871469408476
Transitional B cells,39,IFITM2,2.0249626636505127,0.9868871469408476
Transitional B cells,40,M6PR,2.0701394081115723,0.9868871469408476
Transitional B cells,41,NCAM1,4.143098831176758,0.9868871469408476
Transitional B cells,42,MYL9,1.9761728048324585,0.9868871469408476
Transitional B cells,43,ARL6IP4,1.8679616451263428,0.9868871469408476
Transitional B cells,44,EGR1,1.6076195240020752,0.9868871469408476
Transitional B cells,45,GEM,1.9588046073913574,0.9868871469408476
Transitional B cells,46,SYNM,2.947584629058838,0.9868871469408476
Transitional B cells,47,RGS2,2.480372905731201,0.9868871469408476
Transitional B cells,48,LENG8,1.4795987606048584,0.9868871469408476
Transitional B cells,49,FAM200B,4.216740608215332,0.9868871469408476
Transitional B cells,50,ACTG2,2.635256052017212,0.9868871469408476
Treg(diff),1,THBS1,1.8149019479751587,0.00650066227048809
Treg(diff),2,WWTR1,2.2030394077301025,0.007883313816109972
Treg(diff),3,ATF3,1.829940915107727,0.07660521576273402
Treg(diff),4,ATP2B4,1.9471676349639893,0.08575311238845233
Treg(diff),5,TNFRSF12A,1.4207884073257446,0.09455871375335455
Treg(diff),6,FILIP1L,1.7824702262878418,0.09455871375335455
Treg(diff),7,CSRP1,1.6104884147644043,0.14145362332752873
Treg(diff),8,PDE5A,1.7797691822052002,0.14145362332752873
Treg(diff),9,ITGA5,1.5022844076156616,0.14145362332752873
Treg(diff),10,CRYAB,1.8911088705062866,0.14145362332752873
Treg(diff),11,CLU,1.7486629486083984,0.14145362332752873
Treg(diff),12,ABL1,1.4559381008148193,0.14145362332752873
Treg(diff),13,NNMT,1.238430380821228,0.17402175265717373
Treg(diff),14,MAFF,1.6419129371643066,0.17402175265717373
Treg(diff),15,KLF9,1.5010132789611816,0.17402175265717373
Treg(diff),16,DNAJB4,1.6671524047851562,0.20032047663908056
Treg(diff),17,AHNAK,1.119683861732483,0.20032047663908056
Treg(diff),18,SPOCK1,1.8367841243743896,0.23191072489157727
Treg(diff),19,PTGIS,1.8161202669143677,0.23191072489157727
Treg(diff),20,MYLK,1.7658064365386963,0.23191072489157727
Treg(diff),21,SYNM,2.3456175327301025,0.23191072489157727
Treg(diff),22,ERRFI1,1.3281469345092773,0.23191072489157727
Treg(diff),23,PNRC1,1.083153247833252,0.29786457522064386
Treg(diff),24,PLPP1,1.574147343635559,0.3104113206542314
Treg(diff),25,FLNC,2.080624580383301,0.3104113206542314
Treg(diff),26,TPM2,1.322508454322815,0.3104113206542314
Treg(diff),27,SYNPO2,2.1957595348358154,0.315650742634884
Treg(diff),28,TPM1,1.2762799263000488,0.315650742634884
Treg(diff),29,HSPB7,1.8099769353866577,0.33303528367517926
Treg(diff),30,MYL6,0.8165537118911743,0.3354821339366935
Treg(diff),31,C1R,1.1251646280288696,0.3354821339366935
Treg(diff),32,BAG3,1.7355420589447021,0.3354821339366935
Treg(diff),33,SELENOM,1.165268898010254,0.3354821339366935
Treg(diff),34,RAMP1,2.047003984451294,0.3354821339366935
Treg(diff),35,PSD,2.269942045211792,0.34612360885622334
Treg(diff),36,CNN1,1.7707487344741821,0.349529118941622
Treg(diff),37,PEA15,1.2271151542663574,0.36457961751097995
Treg(diff),38,PDLIM3,1.4339743852615356,0.36482236619936503
Treg(diff),39,C1S,1.0530447959899902,0.4208868753641014
Treg(diff),40,TAGLN,1.2079800367355347,0.4214833926922492
Treg(diff),41,TGFB1I1,1.3495670557022095,0.451422216500915
Treg(diff),42,EFEMP2,1.5629583597183228,0.451422216500915
Treg(diff),43,STOM,1.242551565170288,0.4595878405142848
Treg(diff),44,REXO2,1.0457736253738403,0.4595878405142848
Treg(diff),45,GEM,1.2236254215240479,0.4595878405142848
Treg(diff),46,SMTN,1.2781274318695068,0.46632502429256006
Treg(diff),47,ACTG2,1.8894155025482178,0.4685695838313026
Treg(diff),48,DES,2.118199586868286,0.4697466679657253
Treg(diff),49,DYSF,2.0687434673309326,0.4697466679657253
Treg(diff),50,ARID5B,1.1202222108840942,0.4894346297644533
Type 1 helper T cells,1,HSPA6,2.5660057067871094,0.00013216004652839627
Type 1 helper T cells,2,CLU,1.622801423072815,0.001351832988224639
Type 1 helper T cells,3,HSPH1,1.4929946660995483,0.003661929856639267
Type 1 helper T cells,4,HSPA1A,1.4812935590744019,0.006361445875687598
Type 1 helper T cells,5,HSPB1,1.0160644054412842,0.006635209534716217
Type 1 helper T cells,6,THBS1,0.8456470966339111,0.009565098372708424
Type 1 helper T cells,7,C3,1.3704878091812134,0.010455011992288295
Type 1 helper T cells,8,BAG3,1.6313292980194092,0.013721536274380367
Type 1 helper T cells,9,AQP1,1.0363770723342896,0.016565752010467064
Type 1 helper T cells,10,PLA2G2A,1.7467656135559082,0.017739090831735055
Type 1 helper T cells,11,NR4A1,0.8017280697822571,0.019701775906523646
Type 1 helper T cells,12,C1QC,0.9937759637832642,0.02044656148044271
Type 1 helper T cells,13,SPARCL1,1.086032748222351,0.02092088823377665
Type 1 helper T cells,14,TNXB,1.747318148612976,0.021526246405903143
Type 1 helper T cells,15,CFD,2.1448745727539062,0.0348406696046841
Type 1 helper T cells,16,DCN,0.7482060790061951,0.040709740275117694
Type 1 helper T cells,17,C1R,0.5680392980575562,0.0496463262575364
Type 1 helper T cells,18,VIM,0.28876346349716187,0.051253392207505445
Type 1 helper T cells,19,EGR1,0.6190387010574341,0.05881495610834275
Type 1 helper T cells,20,SFRP4,1.0591377019882202,0.06026125419140173
Type 1 helper T cells,21,PTGDS,1.7106447219848633,0.06483921709194666
Type 1 helper T cells,22,FOS,0.7776890993118286,0.06547383112439965
Type 1 helper T cells,23,HSPA1B,0.7510716319084167,0.06807305615895491
Type 1 helper T cells,24,JUNB,0.4014202654361725,0.08078900059327587
Type 1 helper T cells,25,DUSP1,0.6673474311828613,0.08928753459358436
Type 1 helper T cells,26,IGFBP4,0.5086297988891602,0.09146339918865079
Type 1 helper T cells,27,DNAJA4,1.1100034713745117,0.10127437523543112
Type 1 helper T cells,28,DNAJB1,0.823754608631134,0.11100681769982916
Type 1 helper T cells,29,LMNA,0.4548743963241577,0.12869145981847793
Type 1 helper T cells,30,SFRP2,0.7298077940940857,0.13171307984356118
Type 1 helper T cells,31,A2M,0.45651790499687195,0.14598961753485276
Type 1 helper T cells,32,RRAD,1.7612229585647583,0.15480791737795901
Type 1 helper T cells,33,COL6A1,0.09403057396411896,0.1663747919739777
Type 1 helper T cells,34,AHNAK,0.3991294801235199,0.1683983476750808
Type 1 helper T cells,35,HSP90AA1,0.4959443211555481,0.17912784182276342
Type 1 helper T cells,36,CRYAB,0.9184907078742981,0.19424852591260136
Type 1 helper T cells,37,PTGER3,1.1998900175094604,0.2001488655420006
Type 1 helper T cells,38,C1S,0.3532947599887848,0.21173377708469018
Type 1 helper T cells,39,AEBP1,0.2582722008228302,0.21597523347555486
Type 1 helper T cells,40,PLTP,0.8364487290382385,0.24035553497986237
Type 1 helper T cells,41,ZFP36,0.35369446873664856,0.24110948602235285
Type 1 helper T cells,42,IGKC,0.6319027543067932,0.24125268728770174
Type 1 helper T cells,43,MGP,0.4833866357803345,0.2438817484457829
Type 1 helper T cells,44,FOSB,1.1599087715148926,0.25891983605110425
Type 1 helper T cells,45,CD74,0.20894262194633484,0.258941210150503
Type 1 helper T cells,46,JUN,0.4129578173160553,0.272047297891874
Type 1 helper T cells,47,LRP1,0.4517805278301239,0.2773499249387068
Type 1 helper T cells,48,TIMP2,0.14491227269172668,0.2870954219143392
Type 1 helper T cells,49,PPP1R16B,2.3421871662139893,0.30784324366589905
Type 1 helper T cells,50,SFRP1,0.9942847490310669,0.31606440765273686
Type 17 helper T cells,1,MCAM,1.5672849416732788,0.01682410071774362
Type 17 helper T cells,2,MYL9,1.4032580852508545,0.03857807398066813
Type 17 helper T cells,3,TPM1,1.1172939538955688,0.04201839144519875
Type 17 helper T cells,4,FLNA,1.360309362411499,0.04201839144519875
Type 17 helper T cells,5,TAGLN,1.13719642162323,0.04201839144519875
Type 17 helper T cells,6,CSRP1,1.1736124753952026,0.04513878308351479
Type 17 helper T cells,7,MYH11,1.9431755542755127,0.06895986676624058
Type 17 helper T cells,8,TPM2,1.1225059032440186,0.14745297346058403
Type 17 helper T cells,9,ACTA2,1.0220574140548706,0.30059567632676193
Type 17 helper T cells,10,SYNM,1.84441077709198,0.30059567632676193
Type 17 helper T cells,11,CALD1,0.9339219927787781,0.30059567632676193
Type 17 helper T cells,12,CNN1,1.381048321723938,0.3048468719409904
Type 17 helper T cells,13,A2M,0.9380220770835876,0.38056491022350813
Type 17 helper T cells,14,PGM5,1.7406855821609497,0.3997169780683908
Type 17 helper T cells,15,TNS1,1.477415919303894,0.3997169780683908
Type 17 helper T cells,16,SMTN,1.1126267910003662,0.4042679129967833
Type 17 helper T cells,17,REXO2,0.8194019794464111,0.4042679129967833
Type 17 helper T cells,18,PSD,2.0140373706817627,0.4187230562462967
Type 17 helper T cells,19,OSMR,1.1297956705093384,0.4187230562462967
Type 17 helper T cells,20,CBX6,1.686941146850586,0.4187230562462967
Type 17 helper T cells,21,MAOB,2.256930112838745,0.4187230562462967
Type 17 helper T cells,22,PLA2G2A,1.3226109743118286,0.4187230562462967
Type 17 helper T cells,23,PALLD,0.9619106650352478,0.44978752743526296
Type 17 helper T cells,24,MYLK,1.1975054740905762,0.4849822901092213
Type 17 helper T cells,25,MAP1B,1.2092970609664917,0.4849822901092213
Type 17 helper T cells,26,ITPK1,1.2276015281677246,0.4849822901092213
Type 17 helper T cells,27,MYL6,0.49334365129470825,0.4849822901092213
Type 17 helper T cells,28,PPP1R12B,1.1816023588180542,0.4849822901092213
Type 17 helper T cells,29,ATP2B4,1.1255666017532349,0.4849822901092213
Type 17 helper T cells,30,CBX7,1.8036134243011475,0.4849822901092213
Type 17 helper T cells,31,CIRBP,0.6880543828010559,0.4849822901092213
Type 17 helper T cells,32,RBPMS,0.9074406027793884,0.4849822901092213
Type 17 helper T cells,33,CD99,0.7129871845245361,0.4849822901092213
Type 17 helper T cells,34,NME4,1.118053674697876,0.4849822901092213
Type 17 helper T cells,35,KLF6,0.6418193578720093,0.48595060920207556
Type 17 helper T cells,36,DES,1.59244966506958,0.48595060920207556
Type 17 helper T cells,37,ACTG2,1.4437289237976074,0.48595060920207556
Type 17 helper T cells,38,PPP1R14A,1.520046591758728,0.49726507105657985
Type 17 helper T cells,39,ANXA1,1.0203856229782104,0.49726507105657985
Type 17 helper T cells,40,NFASC,2.1177756786346436,0.49726507105657985
Type 17 helper T cells,41,SPARCL1,0.8883403539657593,0.5150933532862279
Type 17 helper T cells,42,IGFBP7,0.7177724242210388,0.5253689691594939
Type 17 helper T cells,43,FHL1,1.6878092288970947,0.5254506920674322
Type 17 helper T cells,44,LMOD1,1.2984256744384766,0.5254506920674322
Type 17 helper T cells,45,KANK2,1.2354910373687744,0.5254506920674322
Type 17 helper T cells,46,PDE4D,1.1010165214538574,0.5254506920674322
Type 17 helper T cells,47,KCNMA1,1.285942792892456,0.5254506920674322
Type 17 helper T cells,48,ZFP36,0.7420002818107605,0.5347244781371782
Type 17 helper T cells,49,PLN,1.3917911052703857,0.5409147399018595
Type 17 helper T cells,50,STK40,1.2002986669540405,0.5409147399018595
gamma-delta T cells,1,PRSS23,1.4585243463516235,0.1933008227671826
gamma-delta T cells,2,TCEAL4,1.842434287071228,0.288098185092571
gamma-delta T cells,3,FILIP1L,1.505467414855957,0.39483969674235814
gamma-delta T cells,4,MFGE8,1.348205804824829,0.39483969674235814
gamma-delta T cells,5,DDR2,1.465492844581604,0.39483969674235814
gamma-delta T cells,6,SZRD1,1.5285167694091797,0.39483969674235814
gamma-delta T cells,7,DPYSL3,1.4832106828689575,0.39483969674235814
gamma-delta T cells,8,CCN1,1.4630203247070312,0.39483969674235814
gamma-delta T cells,9,CNN1,1.6658005714416504,0.3960642639402383
gamma-delta T cells,10,RC3H2,1.6250892877578735,0.3960642639402383
gamma-delta T cells,11,CAVIN1,1.368282675743103,0.39907450449270127
gamma-delta T cells,12,ID3,1.339132308959961,0.42617216911107964
gamma-delta T cells,13,STOM,1.400618553161621,0.5676554605562714
gamma-delta T cells,14,MOB2,1.253875970840454,0.5676554605562714
gamma-delta T cells,15,SPSB1,1.435158371925354,0.5676554605562714
gamma-delta T cells,16,GLIS2,1.5379685163497925,0.5676554605562714
gamma-delta T cells,17,CPED1,1.7201194763183594,0.5676554605562714
gamma-delta T cells,18,ITIH5,1.878902554512024,0.5676554605562714
gamma-delta T cells,19,PEBP1,1.254015564918518,0.5676554605562714
gamma-delta T cells,20,LAMC1,1.0890910625457764,0.5676554605562714
gamma-delta T cells,21,SAP30L,2.0060713291168213,0.5896633123716036
gamma-delta T cells,22,WFDC1,1.7975313663482666,0.6121181983957567
gamma-delta T cells,23,YBX1,0.9510430693626404,0.6121181983957567
gamma-delta T cells,24,PHLDA3,1.5049601793289185,0.6121181983957567
gamma-delta T cells,25,EDEM3,1.2507503032684326,0.6241246572955976
gamma-delta T cells,26,TSPYL1,1.2990601062774658,0.6586745281332624
gamma-delta T cells,27,DSTN,1.1747506856918335,0.6586745281332624
gamma-delta T cells,28,SWAP70,1.322554349899292,0.6655422363033933
gamma-delta T cells,29,CLCC1,1.4850263595581055,0.6748966893884679
gamma-delta T cells,30,COX7A1,1.3413336277008057,0.6748966893884679
gamma-delta T cells,31,SPOP,1.234257698059082,0.6748966893884679
gamma-delta T cells,32,CACNA1H,1.4455369710922241,0.6748966893884679
gamma-delta T cells,33,TUBB6,1.2866963148117065,0.6748966893884679
gamma-delta T cells,34,NFIA,1.4148428440093994,0.6748966893884679
gamma-delta T cells,35,EMP2,1.2553426027297974,0.6748966893884679
gamma-delta T cells,36,PRKG1,1.1889307498931885,0.6748966893884679
gamma-delta T cells,37,GSN,1.1685945987701416,0.6748966893884679
gamma-delta T cells,38,LGALS8,1.3227208852767944,0.6748966893884679
gamma-delta T cells,39,MFAP4,1.2102967500686646,0.6748966893884679
gamma-delta T cells,40,DGKH,1.486789584159851,0.6748966893884679
gamma-delta T cells,41,CALD1,1.1103544235229492,0.6748966893884679
gamma-delta T cells,42,TMEM159,1.4499987363815308,0.6748966893884679
gamma-delta T cells,43,PIM1,1.3056031465530396,0.6757311175956716
gamma-delta T cells,44,TAGLN,1.2381349802017212,0.6757311175956716
gamma-delta T cells,45,PPP1R12B,1.4181156158447266,0.6757311175956716
gamma-delta T cells,46,TMEM184B,1.0792336463928223,0.6757311175956716
gamma-delta T cells,47,IER3IP1,1.5994396209716797,0.694204908647148
gamma-delta T cells,48,FERMT2,1.253962516784668,0.694204908647148
gamma-delta T cells,49,KRTCAP2,1.145344853401184,0.694204908647148
gamma-delta T cells,50,COL6A2,0.9239688515663147,0.694204908647148
