Gene_set,Term,Overlap,P-value,Odds Ratio,Combined Score,Genes,Adjusted P-value
KEGG_2021_Human,Fatty acid elongation,4/27,0.0042911916274415785,6.829242502566114,37.22750401007598,ACOT7;ELOVL1;MECR;PPT1,1.0
KEGG_2021_Human,Various types of N-glycan biosynthesis,4/39,0.015905952613252852,4.485022953354952,18.572757500655015,B4GALT2;DDOST;MAN1C1;ST3GAL3,1.0
KEGG_2021_Human,Terpenoid backbone biosynthesis,3/22,0.01679988058833307,6.189028788953143,25.29074512689807,DHDDS;ICMT;ZMPSTE24,1.0
KEGG_2021_Human,Synthesis and degradation of ketone bodies,2/10,0.02457588039834349,9.785140370780313,36.26363029444785,HMGCL;OXCT2,1.0
KEGG_2021_Human,Glycosaminoglycan biosynthesis,4/53,0.04321822818156182,3.201283676405983,10.056810017402467,B3GALT6;B4GALT2;EXTL1;ST3GAL3,1.0
KEGG_2021_Human,Thiamine metabolism,2/15,0.05283299250953198,6.020080203489276,17.702764788108396,AK2;ALPL,1.0
KEGG_2021_Human,Insulin resistance,6/108,0.05390056615204627,2.309835629593706,6.746138964374772,MTOR;PIK3CD;PRKCZ;PTPRF;RPS6KA1;SLC2A1,1.0
KEGG_2021_Human,Notch signaling pathway,4/59,0.05989796178427468,2.8511729645108095,8.026373511438056,DVL1;HDAC1;HES5;HEYL,1.0
KEGG_2021_Human,Human papillomavirus infection,13/331,0.07368159167264429,1.6102049191529992,4.1994181080866335,ATP6V0B;CDC42;COL9A2;DVL1;HDAC1;HES4;HES5;HEYL;ISG15;MTOR;PIK3CD;PRKCZ;UBR4,1.0
KEGG_2021_Human,Spliceosome,7/150,0.08292194916395051,1.9219988556084715,4.785499393052023,PPIE;PPIH;SF3A3;SNRNP40;SRSF10;SRSF4;SYF2,1.0
KEGG_2021_Human,Thyroid hormone signaling pathway,6/121,0.08327458692453642,2.0473507781296707,5.088919366061459,CASP9;HDAC1;MTOR;PIK3CD;SLC2A1;SLC9A1,1.0
KEGG_2021_Human,Fc gamma R-mediated phagocytosis,5/97,0.09598193494424168,2.1308739150108917,4.993906055644515,ASAP3;CDC42;MARCKSL1;PIK3CD;WASF2,1.0
KEGG_2021_Human,Type II diabetes mellitus,3/46,0.10736361980576331,2.7313180878542522,6.095028876885534,MTOR;PIK3CD;PRKCZ,1.0
KEGG_2021_Human,Mannose type O-glycan biosynthesis,2/23,0.11187478462470203,3.7251863872356914,8.159555235500564,B4GALT2;ST3GAL3,1.0
KEGG_2021_Human,Pancreatic cancer,4/76,0.12252860800580537,2.1760752260647918,4.568475703958319,CASP9;CDC42;MTOR;PIK3CD,1.0
KEGG_2021_Human,Bacterial invasion of epithelial cells,4/77,0.12685220108343837,2.1461555035712134,4.431237321373314,CDC42;MAD2L2;PIK3CD;WASF2,1.0
KEGG_2021_Human,N-Glycan biosynthesis,3/50,0.12916078707854922,2.4983517640213484,5.113369658184688,B4GALT2;DDOST;MAN1C1,1.0
KEGG_2021_Human,Arginine and proline metabolism,3/50,0.12916078707854922,2.4983517640213484,5.113369658184688,ALDH4A1;AZIN2;SRM,1.0
KEGG_2021_Human,Biosynthesis of unsaturated fatty acids,2/27,0.14563099554797024,3.128513995009759,6.027643105030706,ACOT7;ELOVL1,1.0
KEGG_2021_Human,Peroxisome,4/82,0.14939114302016854,2.008064476677774,3.8177066639893305,HMGCL;PEX10;PEX14;PRDX1,1.0
KEGG_2021_Human,Butanoate metabolism,2/28,0.15437005839850224,3.008032069656446,5.620214887147733,HMGCL;OXCT2,1.0
KEGG_2021_Human,Pentose phosphate pathway,2/30,0.17213093915562483,2.7928857743826723,4.91408201068847,H6PD;PGD,1.0
KEGG_2021_Human,Parkinson disease,9/249,0.17308467281176518,1.470977567546282,2.580056946439969,CASP9;MFN2;NDUFS5;PARK7;PINK1;PSMB2;SDHB;UBE2J2;UQCRHL,1.0
KEGG_2021_Human,Galactose metabolism,2/31,0.18113257645015574,2.696440883397877,4.60693948958458,B4GALT2;GALE,1.0
KEGG_2021_Human,VEGF signaling pathway,3/59,0.18301876850132762,2.0958608384707507,3.559120813952388,CASP9;CDC42;PIK3CD,1.0
KEGG_2021_Human,mTOR signaling pathway,6/154,0.1889963576203941,1.5881387147055848,2.645882829620388,DVL1;MTOR;PIK3CD;RPS6KA1;RRAGC;SESN2,1.0
KEGG_2021_Human,Nicotinate and nicotinamide metabolism,2/35,0.21773191098678782,2.3691127685403908,3.611690475503375,NADK;NMNAT1,1.0
KEGG_2021_Human,Coronavirus disease,8/232,0.22598192488084204,1.3992450361651707,2.0810975079274785,C1QA;C1QB;C1QC;ISG15;PIK3CD;RPL11;RPL22;RPS8,1.0
KEGG_2021_Human,Thermogenesis,8/232,0.22598192488084204,1.3992450361651707,2.0810975079274785,ARID1A;BMP8A;KDM1A;MTOR;NDUFS5;RPS6KA1;SDHB;UQCRHL,1.0
KEGG_2021_Human,mRNA surveillance pathway,4/98,0.22999378547274316,1.6648935843128012,2.446899079075652,PABPC4;SRRM1;SSU72;TARDBP,1.0
KEGG_2021_Human,"Alanine, aspartate and glutamate metabolism",2/37,0.23627084238779497,2.2335054066708606,3.222449101646917,ALDH4A1;RIMKLA,1.0
KEGG_2021_Human,Prion disease,9/273,0.24543021069531207,1.335585976085085,1.8761545784264693,C1QA;C1QB;C1QC;CASP9;NDUFS5;PIK3CD;PSMB2;SDHB;UQCRHL,1.0
KEGG_2021_Human,Diabetic cardiomyopathy,7/203,0.2463795669233752,1.3984352085220328,1.959042679912602,MTOR;NDUFS5;PIK3CD;PRKCZ;SDHB;SLC2A1;UQCRHL,1.0
KEGG_2021_Human,Renal cell carcinoma,3/69,0.24830593640197854,1.7773915876142174,2.4760729850492993,CDC42;PIK3CD;SLC2A1,1.0
KEGG_2021_Human,Adipocytokine signaling pathway,3/69,0.24830593640197854,1.7773915876142174,2.4760729850492993,MTOR;SLC2A1;TNFRSF1B,1.0
KEGG_2021_Human,Chagas disease,4/102,0.25164771022299726,1.5966095802197708,2.2028823843462644,C1QA;C1QB;C1QC;PIK3CD,1.0
KEGG_2021_Human,Longevity regulating pathway,4/102,0.25164771022299726,1.5966095802197708,2.2028823843462644,HDAC1;MTOR;PIK3CD;SESN2,1.0
KEGG_2021_Human,Central carbon metabolism in cancer,3/70,0.25503648848415067,1.7507732621694923,2.3921666866628692,MTOR;PIK3CD;SLC2A1,1.0
KEGG_2021_Human,Protein processing in endoplasmic reticulum,6/171,0.25711187438678024,1.4232609215018952,1.933135578468784,DDOST;FBXO2;FBXO6;MAN1C1;UBE2J2;UBE4B,1.0
KEGG_2021_Human,Adherens junction,3/71,0.2617922197958736,1.7249378286496118,2.3117688262177847,CDC42;PTPRF;WASF2,1.0
KEGG_2021_Human,p53 signaling pathway,3/73,0.27536838220953813,1.6754814273401266,2.1607770932732513,CASP9;SESN2;TP73,1.0
KEGG_2021_Human,Inositol phosphate metabolism,3/73,0.27536838220953813,1.6754814273401266,2.1607770932732513,INPP5B;PIK3CD;PLCH2,1.0
KEGG_2021_Human,HIF-1 signaling pathway,4/109,0.29045544563526826,1.4896313071406901,1.8416387609252258,ENO1;MTOR;PIK3CD;SLC2A1,1.0
KEGG_2021_Human,Pertussis,3/76,0.295855103938923,1.6063779624967363,1.956384360944117,C1QA;C1QB;C1QC,1.0
KEGG_2021_Human,Pathways of neurodegeneration,14/475,0.3023671379707577,1.189693164151623,1.4230078300203963,CASP9;DNALI1;DVL1;MFN2;MTOR;NDUFS5;PARK7;PINK1;PSMB2;SDHB;TARDBP;TNFRSF1B;UBE2J2;UQCRHL,1.0
KEGG_2021_Human,Axon guidance,6/182,0.30426033365447513,1.3335480046116523,1.5867508757045328,CDC42;EPHA2;EPHA8;EPHB2;PIK3CD;PRKCZ,1.0
KEGG_2021_Human,Breast cancer,5/147,0.306897265385562,1.3770095048320743,1.6265817752411853,DVL1;HES5;HEYL;MTOR;PIK3CD,1.0
KEGG_2021_Human,Glycosphingolipid biosynthesis,2/45,0.3107192082582779,1.8172223423271874,2.1240887597661984,B4GALT2;ST3GAL3,1.0
KEGG_2021_Human,RNA degradation,3/79,0.31642885638452917,1.5427300343515085,1.7751528740454303,ENO1;EXOSC10;PABPC4,1.0
KEGG_2021_Human,RNA transport,6/186,0.32179342800854915,1.3036436989815716,1.4781304989713486,EIF2B3;EIF3I;EIF4G3;PABPC4;SRRM1;TARDBP,1.0
KEGG_2021_Human,Carbohydrate digestion and absorption,2/47,0.3291756709846721,1.7362784131492508,1.9292895741887623,PIK3CD;SLC2A5,1.0
KEGG_2021_Human,Other types of O-glycan biosynthesis,2/47,0.3291756709846721,1.7362784131492508,1.9292895741887623,B4GALT2;ST3GAL3,1.0
KEGG_2021_Human,"Valine, leucine and isoleucine degradation",2/48,0.3383540375271971,1.6984459245117371,1.8405421284515324,HMGCL;OXCT2,1.0
KEGG_2021_Human,Non-alcoholic fatty liver disease,5/155,0.34632073486072756,1.3030302773798599,1.3817202158108934,CDC42;NDUFS5;PIK3CD;SDHB;UQCRHL,1.0
KEGG_2021_Human,Neurotrophin signaling pathway,4/119,0.3470493070461783,1.35939688774007,1.438633976181466,CDC42;PIK3CD;RPS6KA1;TP73,1.0
KEGG_2021_Human,Ether lipid metabolism,2/49,0.34749372303889053,1.6622233290077344,1.7569844824346101,PAFAH2;PLA2G5,1.0
KEGG_2021_Human,Complement and coagulation cascades,3/85,0.35758839670250764,1.429405674483176,1.4699617498632123,C1QA;C1QB;C1QC,1.0
KEGG_2021_Human,Ribosome,5/158,0.36120084399066194,1.2772826050803145,1.3006838539994328,MRPL20;MRPS15;RPL11;RPL22;RPS8,1.0
KEGG_2021_Human,Colorectal cancer,3/86,0.3644250698488744,1.4121111938606994,1.425433500413915,CASP9;MTOR;PIK3CD,1.0
KEGG_2021_Human,Other glycan degradation,1/18,0.36613343597292797,2.296711024349773,2.307637472852902,FUCA1,1.0
KEGG_2021_Human,Fatty acid biosynthesis,1/18,0.36613343597292797,2.296711024349773,2.307637472852902,MECR,1.0
KEGG_2021_Human,ECM-receptor interaction,3/88,0.3780608353951241,1.3787430194832155,1.3411035502914328,AGRN;COL9A2;HSPG2,1.0
KEGG_2021_Human,Fanconi anemia pathway,2/54,0.39248627163101446,1.5020080027400307,1.404758570692053,CENPS;RPA2,1.0
KEGG_2021_Human,One carbon pool by folate,1/20,0.39745920713629623,2.054741020947074,1.8958334605917557,MTHFR,1.0
KEGG_2021_Human,Lysosome,4/128,0.3981624573502842,1.2601456568258877,1.1604620522509888,ATP6V0B;FUCA1;LAPTM5;PPT1,1.0
KEGG_2021_Human,Small cell lung cancer,3/92,0.40513207047354105,1.3165057504195936,1.1895184561006586,CASP9;PIK3CD;ZBTB17,1.0
KEGG_2021_Human,Pantothenate and CoA biosynthesis,1/21,0.41253780555630915,1.9519037695009265,1.728269133500246,PPCS,1.0
KEGG_2021_Human,TGF-beta signaling pathway,3/94,0.41854089815277795,1.2874388939887813,1.121334388221634,BMP8A;ID3;NBL1,1.0
KEGG_2021_Human,Glutathione metabolism,2/57,0.41880560801895467,1.4198612354536808,1.23577396783195,PGD;SRM,1.0
KEGG_2021_Human,Staphylococcus aureus infection,3/95,0.4252081975327042,1.273379381910834,1.0889639363943207,C1QA;C1QB;C1QC,1.0
KEGG_2021_Human,Amyotrophic lateral sclerosis,10/364,0.42601445383445863,1.1037702997385745,0.9418273334264105,CASP9;DNALI1;MTOR;NDUFS5;PINK1;PSMB2;SDHB;TARDBP;TNFRSF1B;UQCRHL,1.0
KEGG_2021_Human,Oxidative phosphorylation,4/133,0.4263028784552689,1.2109902237719214,1.032496565632529,ATP6V0B;NDUFS5;SDHB;UQCRHL,1.0
KEGG_2021_Human,Endometrial cancer,2/58,0.4274501515732472,1.394434855103144,1.1851547280706252,CASP9;PIK3CD,1.0
KEGG_2021_Human,Prostate cancer,3/97,0.4384614018916855,1.2461577734194893,1.0274365152240186,CASP9;MTOR;PIK3CD,1.0
KEGG_2021_Human,Mismatch repair,1/23,0.4415745708218719,1.7742757897303085,1.45030788097773,RPA2,1.0
KEGG_2021_Human,Endocytosis,7/252,0.4426486695450743,1.1159084102829357,0.9094418026744246,ACAP3;ASAP3;CAPZB;CDC42;LDLRAP1;PRKCZ;SMAP2,1.0
KEGG_2021_Human,Viral myocarditis,2/60,0.44453322187727184,1.3462124096107464,1.091415442367967,CASP9;EIF4G3,1.0
KEGG_2021_Human,Choline metabolism in cancer,3/98,0.44504458977859956,1.2329767840447328,0.9981943313145123,MTOR;PIK3CD;WASF2,1.0
KEGG_2021_Human,Yersinia infection,4/137,0.44857285028599053,1.1743269233286624,0.9414393162433999,CDC42;PIK3CD;RPS6KA1;WASF2,1.0
KEGG_2021_Human,Insulin signaling pathway,4/137,0.44857285028599053,1.1743269233286624,0.9414393162433999,MTOR;PIK3CD;PRKCZ;PTPRF,1.0
KEGG_2021_Human,Arachidonic acid metabolism,2/61,0.45296788010094424,1.323327181241473,1.0479878684967652,PLA2G5;PRXL2B,1.0
KEGG_2021_Human,Vitamin digestion and absorption,1/24,0.45555127976661147,1.6970462333083005,1.334297492062717,MMACHC,1.0
KEGG_2021_Human,Pathways in cancer,14/531,0.45790795320663036,1.0577086653439287,0.8261625841133736,CASP9;CDC42;CSF3R;DVL1;GNB1;HDAC1;HES5;HEYL;MTOR;PIK3CD;PLEKHG5;PTCH2;SLC2A1;ZBTB17,1.0
KEGG_2021_Human,Progesterone-mediated oocyte maturation,3/100,0.4581177089703189,1.2074301242256174,0.9425551170298152,MAD2L2;PIK3CD;RPS6KA1,1.0
KEGG_2021_Human,AGE-RAGE signaling pathway in diabetic complications,3/100,0.4581177089703189,1.2074301242256174,0.9425551170298152,CDC42;PIK3CD;PRKCZ,1.0
KEGG_2021_Human,alpha-Linolenic acid metabolism,1/25,0.4691788508577558,1.6262524732547934,1.2307010976757609,PLA2G5,1.0
KEGG_2021_Human,Lysine degradation,2/63,0.46961480380184567,1.2798077305720352,0.9673330575545327,PLOD1;PRDM2,1.0
KEGG_2021_Human,Basal cell carcinoma,2/63,0.46961480380184567,1.2798077305720352,0.9673330575545327,DVL1;PTCH2,1.0
KEGG_2021_Human,Apoptosis,4/142,0.4760127967784918,1.1314866537889847,0.8399144702482947,CASP9;DFFA;DFFB;PIK3CD,1.0
KEGG_2021_Human,Protein digestion and absorption,3/103,0.4774763832436766,1.1710261339833776,0.8656700378487246,COL16A1;COL8A2;COL9A2,1.0
KEGG_2021_Human,Spinocerebellar ataxia,4/143,0.4814395942566542,1.1232884439346291,0.8210952186256764,MTOR;PIK3CD;PSMB2;PUM1,1.0
KEGG_2021_Human,Folate biosynthesis,1/26,0.4824659885083749,1.5611222140055667,1.1378158871876114,ALPL,1.0
KEGG_2021_Human,Glycosylphosphatidylinositol (GPI)-anchor biosynthesis,1/26,0.4824659885083749,1.5611222140055667,1.1378158871876114,PIGV,1.0
KEGG_2021_Human,Collecting duct acid secretion,1/27,0.4954211805453134,1.5010019746985883,1.0542242465461926,CLCNKB,1.0
KEGG_2021_Human,Huntington disease,8/306,0.49911294631198316,1.047743745278303,0.7281010837126188,CASP9;DNALI1;HDAC1;MTOR;NDUFS5;PSMB2;SDHB;UQCRHL,1.0
KEGG_2021_Human,Glycolysis / Gluconeogenesis,2/67,0.5019786768460874,1.2008031893567477,0.8275907201201327,AKR1A1;ENO1,1.0
KEGG_2021_Human,Acute myeloid leukemia,2/67,0.5019786768460874,1.2008031893567477,0.8275907201201327,MTOR;PIK3CD,1.0
KEGG_2021_Human,Phototransduction,1/28,0.5080527035877881,1.445335086451386,0.9787376899436766,GNB1,1.0
KEGG_2021_Human,Mitophagy,2/68,0.5098688386729413,1.1825483521820035,0.7965666577156019,MFN2;PINK1,1.0
KEGG_2021_Human,Linoleic acid metabolism,1/29,0.5203686282926798,1.3936444045075556,0.9103533569735521,PLA2G5,1.0
KEGG_2021_Human,Epithelial cell signaling in Helicobacter pylori infection,2/70,0.5254013982083305,1.1476493987596978,0.7386188216899688,ATP6V0B;CDC42,1.0
KEGG_2021_Human,Chemokine signaling pathway,5/192,0.5262756689306686,1.0432128569026302,0.669669752445066,CDC42;FGR;GNB1;PIK3CD;PRKCZ,1.0
KEGG_2021_Human,Glyoxylate and dicarboxylate metabolism,1/30,0.5323768244698199,1.3455185971805408,0.8482199339779595,HYI,1.0
KEGG_2021_Human,Citrate cycle (TCA cycle),1/30,0.5323768244698199,1.3455185971805408,0.8482199339779595,SDHB,1.0
KEGG_2021_Human,Ascorbate and aldarate metabolism,1/30,0.5323768244698199,1.3455185971805408,0.8482199339779595,AKR1A1,1.0
KEGG_2021_Human,Cholinergic synapse,3/113,0.539500964853043,1.0640204656955825,0.6566184206398935,GNB1;KCNQ4;PIK3CD,1.0
KEGG_2021_Human,Non-small cell lung cancer,2/72,0.54059858213067,1.1147446712472384,0.6856552215559794,CASP9;PIK3CD,1.0
KEGG_2021_Human,Circadian rhythm,1/31,0.5440849660704755,1.3006011770086603,0.7916107200006259,PER3,1.0
KEGG_2021_Human,Glioma,2/75,0.5627553763305426,1.0687682026681853,0.6144457898491446,MTOR;PIK3CD,1.0
KEGG_2021_Human,SNARE interactions in vesicular transport,1/33,0.5666308311229934,1.2191883529471272,0.6925566262366807,VAMP3,1.0
KEGG_2021_Human,Base excision repair,1/33,0.5666308311229934,1.2191883529471272,0.6925566262366807,MUTYH,1.0
KEGG_2021_Human,Metabolism of xenobiotics by cytochrome P450,2/76,0.5699688972059921,1.0542711179810966,0.5926832695293187,AKR7A2;AKR7A3,1.0
KEGG_2021_Human,Chronic myeloid leukemia,2/76,0.5699688972059921,1.0542711179810966,0.5926832695293187,HDAC1;PIK3CD,1.0
KEGG_2021_Human,Pentose and glucuronate interconversions,1/34,0.5774829663680735,1.1821825238282484,0.6491084445146983,AKR1A1,1.0
KEGG_2021_Human,JAK-STAT signaling pathway,4/162,0.5796178260516197,0.9872396702756396,0.5384270040419987,CSF3R;IFNLR1;MTOR;PIK3CD,1.0
KEGG_2021_Human,Synaptic vesicle cycle,2/78,0.5841361719792074,1.0264214552927418,0.551825885372429,ATP6V0B;SLC6A9,1.0
KEGG_2021_Human,Hippo signaling pathway,4/163,0.584488010947372,0.9809798955194001,0.526804852242027,BMP8A;DVL1;PRKCZ;TP73,1.0
KEGG_2021_Human,Proteoglycans in cancer,5/205,0.5845780752054002,0.9747474555606576,0.5233077254070371,CDC42;HSPG2;MTOR;PIK3CD;SLC9A1,1.0
KEGG_2021_Human,DNA replication,1/36,0.598380336567009,1.11451472201087,0.5723353106764812,RPA2,1.0
KEGG_2021_Human,Cell cycle,3/124,0.6025855643898795,0.9667425854339504,0.48967987597829665,HDAC1;MAD2L2;ZBTB17,1.0
KEGG_2021_Human,Rap1 signaling pathway,5/210,0.6059457135796256,0.9507267612812037,0.47628071643031794,CDC42;EPHA2;PIK3CD;PRKCZ;RAP1GAP,1.0
KEGG_2021_Human,Hepatocellular carcinoma,4/168,0.6083413700942266,0.9508261024862952,0.47257872478325263,ARID1A;DVL1;MTOR;PIK3CD,1.0
KEGG_2021_Human,Cytokine-cytokine receptor interaction,7/295,0.6084104142654612,0.9471771280012528,0.4706576203070862,BMP8A;CSF3R;IFNLR1;TNFRSF14;TNFRSF18;TNFRSF1B;TNFRSF25,1.0
KEGG_2021_Human,Aldosterone-regulated sodium reabsorption,1/37,0.6084389336275428,1.0835003128445717,0.5383465863324152,PIK3CD,1.0
KEGG_2021_Human,Human immunodeficiency virus 1 infection,5/212,0.6143147791303505,0.9414434011732022,0.4587162379194058,CASP9;GNB1;MTOR;PIK3CD;TNFRSF1B,1.0
KEGG_2021_Human,Relaxin signaling pathway,3/129,0.6293088655901413,0.9281402519967948,0.4298524726338087,GNB1;PIK3CD;PRKCZ,1.0
KEGG_2021_Human,ErbB signaling pathway,2/85,0.6309866812605202,0.9395170861808878,0.4326199249959512,MTOR;PIK3CD,1.0
KEGG_2021_Human,Nicotine addiction,1/40,0.6371310956264329,0.9999999804737684,0.45077983417083245,GABRD,1.0
KEGG_2021_Human,Cardiac muscle contraction,2/87,0.6435941757737178,0.9173163061724814,0.40424929153760064,SLC9A1;UQCRHL,1.0
KEGG_2021_Human,Homologous recombination,1/41,0.6462209980406004,0.9749498807625273,0.4256765054390078,RPA2,1.0
KEGG_2021_Human,GABAergic synapse,2/89,0.6558593258713906,0.8961362516817029,0.37799829613127345,GABRD;GNB1,1.0
KEGG_2021_Human,PD-L1 expression and PD-1 checkpoint pathway in cancer,2/89,0.6558593258713906,0.8961362516817029,0.37799829613127345,MTOR;PIK3CD,1.0
KEGG_2021_Human,Systemic lupus erythematosus,3/135,0.6597058761993095,0.8856776852159237,0.36840753983526914,C1QA;C1QB;C1QC,1.0
KEGG_2021_Human,Bile secretion,2/90,0.6618644374489302,0.8859072480924065,0.36560906765204365,SLC2A1;SLC9A1,1.0
KEGG_2021_Human,Tuberculosis,4/180,0.6620466635452056,0.8854471966826996,0.3651754570740432,ATP6V0B;CASP9;NFYC;PLK3,1.0
KEGG_2021_Human,Fat digestion and absorption,1/43,0.6637246966868517,0.9284282670130798,0.38055144666004936,PLA2G5,1.0
KEGG_2021_Human,Porphyrin and chlorophyll metabolism,1/43,0.6637246966868517,0.9284282670130798,0.38055144666004936,UROD,1.0
KEGG_2021_Human,Morphine addiction,2/91,0.6677851313212932,0.8759081097523077,0.353681899339252,GABRD;GNB1,1.0
KEGG_2021_Human,Apelin signaling pathway,3/137,0.6694295971691787,0.8723685224935611,0.3501070281550955,GNB1;MTOR;SLC9A1,1.0
KEGG_2021_Human,Autophagy,3/137,0.6694295971691787,0.8723685224935611,0.3501070281550955,MTOR;PIK3CD;RRAGC,1.0
KEGG_2021_Human,Measles,3/139,0.6789487182959735,0.859450805733621,0.33278767113118224,CASP9;PIK3CD;TP73,1.0
KEGG_2021_Human,Basal transcription factors,1/45,0.6803640222107221,0.8861358908772183,0.34127512066551413,TAF12,1.0
KEGG_2021_Human,Ubiquitin mediated proteolysis,3/140,0.6836316318358122,0.8531333822086867,0.3244773861531125,FBXO2;UBE2J2;UBE4B,1.0
KEGG_2021_Human,Proteasome,1/46,0.6883729417243597,0.866399448680483,0.32353479951144853,PSMB2,1.0
KEGG_2021_Human,Ras signaling pathway,5/232,0.6920288572523107,0.8576068891846426,0.3157087855859183,CDC42;EPHA2;GNB1;PIK3CD;PLA2G5,1.0
KEGG_2021_Human,Pyruvate metabolism,1/47,0.6961815780447878,0.8475211126662144,0.30692533390587734,AKR1A1,1.0
KEGG_2021_Human,Nucleotide excision repair,1/47,0.6961815780447878,0.8475211126662144,0.30692533390587734,RPA2,1.0
KEGG_2021_Human,Signaling pathways regulating pluripotency of stem cells,3/143,0.6973745800914272,0.8347226050788784,0.3008612346069891,DVL1;ID3;PIK3CD,1.0
KEGG_2021_Human,Phosphatidylinositol signaling system,2/97,0.7015641900709,0.8203339513989165,0.29076152797126625,INPP5B;PIK3CD,1.0
KEGG_2021_Human,Circadian entrainment,2/97,0.7015641900709,0.8203339513989165,0.29076152797126625,GNB1;PER3,1.0
KEGG_2021_Human,Amino sugar and nucleotide sugar metabolism,1/48,0.7037949299706938,0.8294461100993615,0.29135809012756914,GALE,1.0
KEGG_2021_Human,Glycerophospholipid metabolism,2/98,0.7069083484103229,0.8117469720700072,0.28155789204644355,LYPLA2;PLA2G5,1.0
KEGG_2021_Human,Alzheimer disease,8/369,0.7072212421257923,0.8620588528250769,0.2986272995751646,CASP9;DVL1;MTOR;NDUFS5;PIK3CD;PSMB2;SDHB;UQCRHL,1.0
KEGG_2021_Human,Kaposi sarcoma-associated herpesvirus infection,4/193,0.7143378602507466,0.8239887190930761,0.2771891746978613,CASP9;GNB1;MTOR;PIK3CD,1.0
KEGG_2021_Human,Chemical carcinogenesis,5/239,0.7165534391627191,0.8316498152804924,0.2771909217040097,KPNA6;MTOR;PAQR7;PIK3CD;RPS6KA1,1.0
KEGG_2021_Human,Viral protein interaction with cytokine and cytokine receptor,2/100,0.7173572893734099,0.795098746840489,0.2641168963618471,TNFRSF14;TNFRSF1B,1.0
KEGG_2021_Human,Vibrio cholerae infection,1/50,0.7184551563343827,0.7955093705860867,0.26303675510082225,ATP6V0B,1.0
KEGG_2021_Human,Cysteine and methionine metabolism,1/50,0.7184551563343827,0.7955093705860867,0.26303675510082225,SRM,1.0
KEGG_2021_Human,Cholesterol metabolism,1/50,0.7184551563343827,0.7955093705860867,0.26303675510082225,LDLRAP1,1.0
KEGG_2021_Human,Retrograde endocannabinoid signaling,3/148,0.7192668147427166,0.8057309215526285,0.2655067888117581,GABRD;GNB1;NDUFS5,1.0
KEGG_2021_Human,Gastric cancer,3/149,0.72349468549557,0.8001708726571832,0.25898496778834085,DVL1;MTOR;PIK3CD,1.0
KEGG_2021_Human,Amoebiasis,2/102,0.7274914903913969,0.7791164506201514,0.2478782182423111,PIK3CD;PRDX1,1.0
KEGG_2021_Human,Pancreatic secretion,2/102,0.7274914903913969,0.7791164506201514,0.2478782182423111,PLA2G5;SLC9A1,1.0
KEGG_2021_Human,Phagosome,3/152,0.735880517854077,0.7839385151436352,0.2404241537926165,ATP6V0B;STX12;VAMP3,1.0
KEGG_2021_Human,T cell receptor signaling pathway,2/104,0.7373164882315374,0.7637609111143371,0.23274701167231962,CDC42;PIK3CD,1.0
KEGG_2021_Human,C-type lectin receptor signaling pathway,2/104,0.7373164882315374,0.7637609111143371,0.23274701167231962,PIK3CD;PLK3,1.0
KEGG_2021_Human,Shigellosis,5/246,0.7396637156811798,0.8072006211882016,0.24341912416530945,CDC42;MTOR;PIK3CD;RRAGC;WASF2,1.0
KEGG_2021_Human,Epstein-Barr virus infection,4/202,0.7469128003733874,0.7861681174994617,0.2294092291740201,CASP9;HDAC1;ISG15;PIK3CD,1.0
KEGG_2021_Human,Viral carcinogenesis,4/203,0.7503510764252586,0.7821769987383265,0.22465224714997914,CDC42;HDAC1;PIK3CD;UBR4,1.0
KEGG_2021_Human,Cellular senescence,3/156,0.7517085627092575,0.7632855809651775,0.2178467270264505,MTOR;PIK3CD;RBBP4,1.0
KEGG_2021_Human,Regulation of lipolysis in adipocytes,1/55,0.752014944707984,0.7216655392377572,0.20567401615617775,PIK3CD,1.0
KEGG_2021_Human,Pyrimidine metabolism,1/56,0.7582316670767987,0.7085079111066004,0.19609112062047457,CTPS1,1.0
KEGG_2021_Human,Hedgehog signaling pathway,1/56,0.7582316670767987,0.7085079111066004,0.19609112062047457,PTCH2,1.0
KEGG_2021_Human,Legionellosis,1/57,0.7642928467028317,0.695820198265842,0.18703943074386273,CASP9,1.0
KEGG_2021_Human,TNF signaling pathway,2/112,0.7736422055957416,0.7079225856386483,0.18168534342239936,PIK3CD;TNFRSF1B,1.0
KEGG_2021_Human,Hepatitis B,3/162,0.7740136569609406,0.7342545697143267,0.1880908805420121,CASP9;HSPG2;PIK3CD,1.0
KEGG_2021_Human,Leukocyte transendothelial migration,2/114,0.782010808004003,0.6952093954633799,0.170942756264128,CDC42;PIK3CD,1.0
KEGG_2021_Human,Glutamatergic synapse,2/114,0.782010808004003,0.6952093954633799,0.170942756264128,GNB1;GRIK3,1.0
KEGG_2021_Human,PI3K-Akt signaling pathway,7/354,0.7850837093566637,0.7837155178288966,0.1896316710084298,CASP9;COL9A2;CSF3R;EPHA2;GNB1;MTOR;PIK3CD,1.0
KEGG_2021_Human,Glycerolipid metabolism,1/61,0.787058381841457,0.6492985845163944,0.155476396916813,AKR1A1,1.0
KEGG_2021_Human,Lipid and atherosclerosis,4/215,0.7888524543145056,0.7372343533522734,0.17485427952884455,CASP9;CDC42;MIB2;PIK3CD,1.0
KEGG_2021_Human,Regulation of actin cytoskeleton,4/218,0.7977010545241137,0.7267862383618241,0.16426922137174943,CDC42;PIK3CD;SLC9A1;WASF2,1.0
KEGG_2021_Human,Sphingolipid signaling pathway,2/119,0.8017543461564925,0.6653279655642447,0.14700622300645044,PIK3CD;PRKCZ,1.0
KEGG_2021_Human,"Growth hormone synthesis, secretion and action",2/119,0.8017543461564925,0.6653279655642447,0.14700622300645044,MTOR;PIK3CD,1.0
KEGG_2021_Human,GnRH secretion,1/64,0.8026802719201244,0.618284175350096,0.13589812678667668,PIK3CD,1.0
KEGG_2021_Human,AMPK signaling pathway,2/120,0.8055075750218641,0.6596555585325443,0.14267206698730214,MTOR;PIK3CD,1.0
KEGG_2021_Human,Influenza A,3/172,0.8075205423119617,0.6904503811405577,0.1476091670571449,CASP9;KPNA6;PIK3CD,1.0
KEGG_2021_Human,Long-term potentiation,1/67,0.8171582273364354,0.5900892579261884,0.11915231834284926,RPS6KA1,1.0
KEGG_2021_Human,Human cytomegalovirus infection,4/225,0.8171868093206949,0.70351042261387,0.14203000088315745,CASP9;GNB1;MTOR;PIK3CD,1.0
KEGG_2021_Human,Platelet activation,2/124,0.8198958866066479,0.6378958331978254,0.1266720241211766,PIK3CD;PRKCZ,1.0
KEGG_2021_Human,Retinol metabolism,1/68,0.8217446361224576,0.5812520450022771,0.11411465290741081,DHRS3,1.0
KEGG_2021_Human,Fc epsilon RI signaling pathway,1/68,0.8217446361224576,0.5812520450022771,0.11411465290741081,PIK3CD,1.0
KEGG_2021_Human,Amphetamine addiction,1/69,0.8262162236168772,0.5726747501055396,0.10932290413626464,HDAC1,1.0
KEGG_2021_Human,RIG-I-like receptor signaling pathway,1/70,0.8305758587677257,0.5643460724521857,0.10476295485305863,ISG15,1.0
KEGG_2021_Human,Prolactin signaling pathway,1/70,0.8305758587677257,0.5643460724521857,0.10476295485305863,PIK3CD,1.0
KEGG_2021_Human,Oocyte meiosis,2/129,0.8365363907368979,0.6126237112539589,0.10934429989244017,MAD2L2;RPS6KA1,1.0
KEGG_2021_Human,Melanoma,1/72,0.8389703918926333,0.5483925490598461,0.09628668857717615,PIK3CD,1.0
KEGG_2021_Human,FoxO signaling pathway,2/131,0.8427946948881635,0.6030634046581397,0.10314307491321255,PIK3CD;PLK3,1.0
KEGG_2021_Human,PPAR signaling pathway,1/74,0.8469497879486069,0.5333131913328402,0.08859071723859156,FABP3,1.0
KEGG_2021_Human,Gastric acid secretion,1/76,0.854534537713999,0.5190380660179412,0.08159193203908363,SLC9A1,1.0
KEGG_2021_Human,Neutrophil extracellular trap formation,3/189,0.8548565739933374,0.6267930038744837,0.09829466533468884,HDAC1;MTOR;PIK3CD,1.0
KEGG_2021_Human,Leishmaniasis,1/77,0.8581850462034089,0.5121822492548647,0.07833086435188555,MARCKSL1,1.0
KEGG_2021_Human,Antigen processing and presentation,1/78,0.8617441224920348,0.5055045056544655,0.07521750036522687,NFYC,1.0
KEGG_2021_Human,MAPK signaling pathway,5/294,0.8618250814801025,0.6714550215616021,0.09984734291929681,CDC42;EPHA2;MAP3K6;RPS6KA1;STMN1,1.0
KEGG_2021_Human,Fluid shear stress and atherosclerosis,2/139,0.865710456879763,0.5676135086678025,0.08185257644831492,PIK3CD;PRKCZ,1.0
KEGG_2021_Human,B cell receptor signaling pathway,1/81,0.8718953302195294,0.48647293639332795,0.0666885785742909,PIK3CD,1.0
KEGG_2021_Human,Pathogenic Escherichia coli infection,3/197,0.8733859997829839,0.6006969535216238,0.08132095251321331,CASP9;CDC42;WASF2,1.0
KEGG_2021_Human,Herpes simplex virus 1 infection,9/498,0.8785506646237611,0.712618530711479,0.09227105971856582,CASP9;EIF2B3;MTOR;PIK3CD;SRSF4;TNFRSF14;ZFP69;ZNF436;ZNF684,1.0
KEGG_2021_Human,Focal adhesion,3/201,0.8818424462258665,0.5884397177498258,0.07399151127416478,CDC42;COL9A2;PIK3CD,1.0
KEGG_2021_Human,Insulin secretion,1/86,0.887187818551639,0.45773899848925736,0.0547907050432783,SLC2A1,1.0
KEGG_2021_Human,Phospholipase D signaling pathway,2/148,0.8878043452360002,0.5323760692459005,0.06335482435868736,MTOR;PIK3CD,1.0
KEGG_2021_Human,Cell adhesion molecules,2/148,0.8878043452360002,0.5323760692459005,0.06335482435868736,PTPRF;SDC3,1.0
KEGG_2021_Human,Salivary secretion,1/93,0.9055852479221403,0.42275855234517146,0.04192659812013321,SLC9A1,1.0
KEGG_2021_Human,Rheumatoid arthritis,1/93,0.9055852479221403,0.42275855234517146,0.04192659812013321,ATP6V0B,1.0
KEGG_2021_Human,GnRH signaling pathway,1/93,0.9055852479221403,0.42275855234517146,0.04192659812013321,CDC42,1.0
KEGG_2021_Human,Hepatitis C,2/157,0.9064900304070418,0.5012307195633163,0.04920844956878414,CASP9;PIK3CD,1.0
KEGG_2021_Human,Inflammatory mediator regulation of TRP channels,1/98,0.9168624575560356,0.40086357500903524,0.034794080313570085,PIK3CD,1.0
KEGG_2021_Human,Hematopoietic cell lineage,1/99,0.9189511306151241,0.39675268130510755,0.03353446293736691,CSF3R,1.0
KEGG_2021_Human,Wnt signaling pathway,2/166,0.9222360808803461,0.47350376191906435,0.0383320402030808,CTNNBIP1;DVL1,1.0
KEGG_2021_Human,Melanogenesis,1/101,0.9229726724427677,0.38877754751948795,0.031162717897122303,DVL1,1.0
KEGG_2021_Human,Tight junction,2/169,0.926905437252282,0.46492556145028385,0.035289583382692044,CDC42;PRKCZ,1.0
KEGG_2021_Human,Toll-like receptor signaling pathway,1/104,0.9286346474253419,0.3773955604662251,0.027942326775395064,PIK3CD,1.0
KEGG_2021_Human,Glucagon signaling pathway,1/107,0.9338812039373015,0.3666578368310714,0.025081610464849812,SLC2A1,1.0
KEGG_2021_Human,Th17 cell differentiation,1/107,0.9338812039373015,0.3666578368310714,0.025081610464849812,MTOR,1.0
KEGG_2021_Human,Ribosome biogenesis in eukaryotes,1/108,0.9355430647944547,0.3632123990291374,0.024200152167584497,GNL2,1.0
KEGG_2021_Human,Toxoplasmosis,1/112,0.9417839303385883,0.35005144742535327,0.020995877196220876,CASP9,1.0
KEGG_2021_Human,Serotonergic synapse,1/113,0.9432475282283059,0.3469080951449852,0.020268639914240986,GNB1,1.0
KEGG_2021_Human,Alcoholism,2/186,0.9487420047988326,0.4215994329956461,0.022183878075856353,GNB1;HDAC1,1.0
KEGG_2021_Human,Salmonella infection,3/249,0.9503595950527722,0.47244441337281207,0.024054434030941933,CDC42;PIK3CD;PLEKHM2,1.0
KEGG_2021_Human,MicroRNAs in cancer,4/310,0.9530622203861684,0.5058507174526724,0.024318818005035065,HDAC1;MTOR;PIK3CD;STMN1,1.0
KEGG_2021_Human,Transcriptional misregulation in cancer,2/192,0.954844163918416,0.40815894361126615,0.018859853759773913,HDAC1;ZBTB17,1.0
KEGG_2021_Human,Osteoclast differentiation,1/127,0.9602705807103048,0.3081400836871122,0.012492054250610495,PIK3CD,1.0
KEGG_2021_Human,Purine metabolism,1/129,0.9622446461435901,0.3032940822548781,0.011672743081945026,AK2,1.0
KEGG_2021_Human,Natural killer cell mediated cytotoxicity,1/131,0.9641208111227021,0.2985971885590204,0.010910343981142937,PIK3CD,1.0
KEGG_2021_Human,Dopaminergic synapse,1/132,0.9650237047982091,0.29630252293661663,0.010549144169741884,GNB1,1.0
KEGG_2021_Human,Vascular smooth muscle contraction,1/133,0.9659039216092065,0.29404262497515843,0.010200606165070101,PLA2G5,1.0
KEGG_2021_Human,Estrogen signaling pathway,1/137,0.9692091776969706,0.285335371064834,0.008923812578424426,PIK3CD,1.0
KEGG_2021_Human,cAMP signaling pathway,2/216,0.9729895932647098,0.36193370909302497,0.00991042986655572,PIK3CD;SLC9A1,1.0
KEGG_2021_Human,Human T-cell leukemia virus 1 infection,2/219,0.9746881447644635,0.3568744956376876,0.009149445065133955,PIK3CD;SLC2A1,1.0
KEGG_2021_Human,Adrenergic signaling in cardiomyocytes,1/150,0.9778976390312,0.2602654923565845,0.0058170061059496575,SLC9A1,1.0
KEGG_2021_Human,Cushing syndrome,1/155,0.9805448177108488,0.251750248839297,0.004946118346617746,DVL1,1.0
KEGG_2021_Human,NOD-like receptor signaling pathway,1/181,0.9899836448424493,0.21509685618821708,0.002165349152825471,MFN2,1.0
KEGG_2021_Human,Neuroactive ligand-receptor interaction,3/341,0.991858055571209,0.3422070819790939,0.0027976356597911632,CORT;GABRD;GRIK3,1.0
KEGG_2021_Human,Olfactory transduction,1/440,0.999987193074498,0.08701229168138572,1.1143670730568011e-06,GNB1,1.0
Reactome_2022,PTEN Regulation R-HSA-6807070,12/139,0.000196903003058356,3.7510648534295155,32.00708363338531,AGO1;AGO3;AGO4;HDAC1;KDM1A;MTOR;OTUD3;PHC2;PSMB2;RBBP4;RRAGC;SCMH1,0.1691396796271278
Reactome_2022,Classical Antibody-Mediated Complement Activation R-HSA-173623,3/6,0.00029364330990119754,39.22937548834255,319.0581896444837,C1QA;C1QB;C1QC,0.25223960320512867
Reactome_2022,Post-transcriptional Silencing By Small RNAs R-HSA-426496,3/7,0.0005043324007611435,29.420522561961317,223.3686974034404,AGO1;AGO3;AGO4,0.43322153225382226
Reactome_2022,Regulation Of PTEN Gene Transcription R-HSA-8943724,7/61,0.0007951845480283511,5.1131394075916425,36.4921504207058,HDAC1;KDM1A;MTOR;PHC2;RBBP4;RRAGC;SCMH1,0.6830635267563536
Reactome_2022,Small Interfering RNA (siRNA) Biogenesis R-HSA-426486,3/9,0.0011659403745782181,19.61166963558009,132.46167502163868,AGO1;AGO3;AGO4,1.0
Reactome_2022,Defective B3GALT6 Causes EDSP2 And SEMDJL1 R-HSA-4420332,4/20,0.0013600316279838687,9.820564323174107,64.81815339059919,AGRN;B3GALT6;HSPG2;SDC3,1.0
Reactome_2022,Competing Endogenous RNAs (ceRNAs) Regulate PTEN Translation R-HSA-8948700,3/10,0.0016348123547037037,16.809140228042594,107.8512635631592,AGO1;AGO3;AGO4,1.0
Reactome_2022,NR1H3 And NR1H2 Regulate Gene Expression Linked To Cholesterol Transport And Efflux R-HSA-9029569,5/36,0.0019027251874545535,6.343760057571481,39.74028258615105,AGO1;AGO3;AGO4;KDM1A;KDM4A,1.0
Reactome_2022,Regulation Of PTEN mRNA Translation R-HSA-8943723,3/11,0.002206330708167066,14.707243172389475,89.9557418250283,AGO1;AGO3;AGO4,1.0
Reactome_2022,Metabolism Of Vitamins And Cofactors R-HSA-196854,12/186,0.002575286018037261,2.7312040155420325,16.28287755911537,AGRN;HSPG2;LDLRAP1;MMACHC;MTHFR;NADK;NMNAT1;PANK4;PPCS;SDC3;SLC2A1;UBIAD1,1.0
Reactome_2022,Diseases Associated With Glycosaminoglycan Metabolism R-HSA-3560782,5/40,0.003060402072045404,5.61760450700366,32.521486433069214,AGRN;B3GALT6;HSPG2;SDC3;ST3GAL3,1.0
Reactome_2022,"Defective EXT1 Causes Exostoses 1, TRPS2 And CHDS R-HSA-3656253",3/13,0.0036845465975274493,11.764587294475106,65.92413313804617,AGRN;HSPG2;SDC3,1.0
Reactome_2022,GAG Synthesis Requires Tetrasaccharide Linker Sequence R-HSA-1971475,4/26,0.0037280674374858378,7.140029185226686,39.926081390932126,AGRN;B3GALT6;HSPG2;SDC3,1.0
Reactome_2022,TP53 Regulates Metabolic Genes R-HSA-5628897,7/81,0.004137944794699019,3.727372329141617,20.454164541115166,AGO1;AGO3;AGO4;MTOR;PRDX1;RRAGC;SESN2,1.0
Reactome_2022,Creation Of C4 And C2 Activators R-HSA-166786,3/14,0.004603104658348365,10.694530611597154,57.547528856603925,C1QA;C1QB;C1QC,1.0
Reactome_2022,TNFs Bind Their Physiological Receptors R-HSA-5669034,4/29,0.005583706546305348,6.28225794108351,32.59174147400963,TNFRSF14;TNFRSF18;TNFRSF1B;TNFRSF25,1.0
Reactome_2022,NR1H2 And NR1H3-mediated Signaling R-HSA-9024446,5/46,0.005642116898755873,4.794037845993815,24.82111151852099,AGO1;AGO3;AGO4;KDM1A;KDM4A,1.0
Reactome_2022,mRNA Splicing - Major Pathway R-HSA-72163,11/181,0.005968935655535624,2.557800983540699,13.098976249310027,DNAJC8;HNRNPR;PPIE;PPIH;SF3A3;SNRNP40;SRRM1;SRSF10;SRSF4;SYF2;YBX1,1.0
Reactome_2022,Regulation Of MECP2 Expression And Activity R-HSA-9022692,4/31,0.0071127874355616455,5.81630812945018,28.76665193469082,AGO1;AGO3;AGO4;HDAC1,1.0
Reactome_2022,PIP3 Activates AKT Signaling R-HSA-1257604,14/268,0.0078103403137254135,2.182722486276246,10.59123903602777,AGO1;AGO3;AGO4;CASP9;CLSTN1;HDAC1;KDM1A;MTOR;OTUD3;PHC2;PSMB2;RBBP4;RRAGC;SCMH1,1.0
Reactome_2022,Regulation Of RUNX1 Expression And Activity R-HSA-8934593,3/17,0.008134227858674296,8.401552005430114,40.42553319859564,AGO1;AGO3;AGO4,1.0
Reactome_2022,mRNA Splicing R-HSA-72172,11/189,0.008163442377509425,2.441832629805587,11.740549434929546,DNAJC8;HNRNPR;PPIE;PPIH;SF3A3;SNRNP40;SRRM1;SRSF10;SRSF4;SYF2;YBX1,1.0
Reactome_2022,Metabolism Of Water-Soluble Vitamins And Cofactors R-HSA-196849,8/122,0.011631786040329972,2.7650833855335355,12.315719425746055,LDLRAP1;MMACHC;MTHFR;NADK;NMNAT1;PANK4;PPCS;SLC2A1,1.0
Reactome_2022,Amino Acids Regulate mTORC1 R-HSA-9639288,5/55,0.011932381384421289,3.9292928519334773,17.400871232421647,ATP6V0B;MTOR;RRAGC;SESN2;SZT2,1.0
Reactome_2022,Defective B3GAT3 Causes JDSSDHD R-HSA-3560801,3/20,0.012902284446845946,6.917859966145556,30.095118290986342,AGRN;HSPG2;SDC3,1.0
Reactome_2022,"Defective B4GALT7 Causes EDS, Progeroid Type R-HSA-3560783",3/20,0.012902284446845946,6.917859966145556,30.095118290986342,AGRN;HSPG2;SDC3,1.0
Reactome_2022,HS-GAG Degradation R-HSA-2024096,3/21,0.014778141234215728,6.533199067071783,27.534860860126408,AGRN;HSPG2;SDC3,1.0
Reactome_2022,Initial Triggering Of Complement R-HSA-166663,3/21,0.014778141234215728,6.533199067071783,27.534860860126408,C1QA;C1QB;C1QC,1.0
Reactome_2022,Coenzyme A Biosynthesis R-HSA-196783,2/8,0.01580506091960724,13.04819251576588,54.11640087381568,PANK4;PPCS,1.0
Reactome_2022,Transcriptional Regulation By TP53 R-HSA-3700989,16/354,0.01701649185332067,1.874125836382309,7.634387086602129,AGO1;AGO3;AGO4;ARTN;ELOA;HDAC1;MEAF6;MTOR;NOC2L;PLK3;PRDX1;RBBP4;RRAGC;SESN2;TAF12;TP73,1.0
Reactome_2022,Regulation Of TP53 Activity R-HSA-5633007,9/157,0.017394673578947785,2.3967633145647373,9.710705239522648,ARTN;HDAC1;MEAF6;MTOR;NOC2L;PLK3;RBBP4;TAF12;TP73,1.0
Reactome_2022,MicroRNA (miRNA) Biogenesis R-HSA-203927,3/24,0.021284499474966644,5.599022597892619,21.55498391468585,AGO1;AGO3;AGO4,1.0
Reactome_2022,Other Interleukin Signaling R-HSA-449836,3/24,0.021284499474966644,5.599022597892619,21.55498391468585,CSF3R;IFNLR1;TXLNA,1.0
Reactome_2022,Intracellular Signaling By Second Messengers R-HSA-9006925,14/306,0.02241754396179862,1.894920757982633,7.1967411755415815,AGO1;AGO3;AGO4;CASP9;CLSTN1;HDAC1;KDM1A;MTOR;OTUD3;PHC2;PSMB2;RBBP4;RRAGC;SCMH1,1.0
Reactome_2022,Ketone Body Metabolism R-HSA-74182,2/10,0.02457588039834349,9.785140370780313,36.26363029444785,HMGCL;OXCT2,1.0
Reactome_2022,Collagen Biosynthesis And Modifying Enzymes R-HSA-1650814,5/67,0.026026206888403885,3.166829523837266,11.554656631672536,COL16A1;COL8A2;COL9A2;P3H1;PLOD1,1.0
Reactome_2022,Oxidative Stress Induced Senescence R-HSA-2559580,6/93,0.029145969955646275,2.710177246548136,9.581665325342746,AGO1;AGO3;AGO4;PHC2;RBBP4;SCMH1,1.0
Reactome_2022,Metabolism Of Fat-Soluble Vitamins R-HSA-6806667,4/47,0.0295434697895559,3.6490997032486465,12.851737052001779,AGRN;HSPG2;SDC3;UBIAD1,1.0
Reactome_2022,Glycosaminoglycan Metabolism R-HSA-1630316,7/120,0.03116906379662287,2.4360336268337615,8.448966611414328,AGRN;B3GALT6;B4GALT2;HSPG2;SDC3;SLC9A1;ST3GAL3,1.0
Reactome_2022,Signaling By NOTCH R-HSA-157118,10/203,0.03199289536021329,2.041556478373649,7.0275302728130296,AGO1;AGO3;AGO4;HDAC1;HES5;HEYL;MIB2;PSMB2;ST3GAL3;YBX1,1.0
Reactome_2022,Transcriptional Regulation By RUNX1 R-HSA-8878171,10/204,0.03292480024901062,2.030927794656008,6.932631123441531,AGO1;AGO3;AGO4;ARID1A;HDAC1;PHC2;PSMB2;SCMH1;TNFRSF18;TP73,1.0
Reactome_2022,Signaling By NOTCH3 R-HSA-9012852,4/49,0.033767698904292445,3.4865590712835313,11.813335820376256,HES5;HEYL;MIB2;YBX1,1.0
Reactome_2022,EPH-ephrin Mediated Repulsion Of Cells R-HSA-3928665,4/49,0.033767698904292445,3.4865590712835313,11.813335820376256,EPHA10;EPHA2;EPHA8;EPHB2,1.0
Reactome_2022,Activation Of TFAP2 (AP-2) Family Of Transcription Factors R-HSA-8866907,2/12,0.034878772667639245,7.8273090837889745,26.26748549173229,CITED4;TFAP2E,1.0
Reactome_2022,Regulation Of TP53 Activity Thru Acetylation R-HSA-6804758,3/29,0.03507388679237234,4.521126671916659,15.147123416326759,HDAC1;MEAF6;RBBP4,1.0
Reactome_2022,Chondroitin Sulfate/Dermatan Sulfate Metabolism R-HSA-1793185,4/50,0.036004802476131505,3.410588993299837,11.33714892468594,AGRN;B3GALT6;HSPG2;SDC3,1.0
Reactome_2022,HS-GAG Biosynthesis R-HSA-2022928,3/30,0.03826902958337435,4.353453972320398,14.205818072446748,AGRN;HSPG2;SDC3,1.0
Reactome_2022,Cellular Response To Starvation R-HSA-9711097,8/153,0.03870368549210904,2.1704513166925374,7.057917979795122,ATP6V0B;MTOR;RPL11;RPL22;RPS8;RRAGC;SESN2;SZT2,1.0
Reactome_2022,Apoptosis Induced DNA Fragmentation R-HSA-140342,2/13,0.0405504501349323,7.115370433973942,22.806245068033682,DFFA;DFFB,1.0
Reactome_2022,Processing Of Capped Intron-Containing Pre-mRNA R-HSA-72203,11/242,0.041601502892543,1.8764241519087475,5.966313857589674,DNAJC8;HNRNPR;PPIE;PPIH;SF3A3;SNRNP40;SRRM1;SRSF10;SRSF4;SYF2;YBX1,1.0
Reactome_2022,Heparan Sulfate/Heparin (HS-GAG) Metabolism R-HSA-1638091,4/53,0.04321822818156182,3.201283676405983,10.056810017402467,AGRN;B3GALT6;HSPG2;SDC3,1.0
Reactome_2022,GPVI-mediated Activation Cascade R-HSA-114604,3/32,0.045086773640395914,4.052799476492622,12.560299731994753,CDC42;PDPN;PRKCZ,1.0
Reactome_2022,Oncogene Induced Senescence R-HSA-2559585,3/33,0.048705940830527365,3.9175049533701216,11.838520813853847,AGO1;AGO3;AGO4,1.0
Reactome_2022,Diseases Associated With Glycosylation Precursor Biosynthesis R-HSA-5609975,2/15,0.05283299250953198,6.020080203489276,17.702764788108396,DHDDS;GALE,1.0
Reactome_2022,Cellular Senescence R-HSA-2559583,8/165,0.05579645202431247,2.003314133587034,5.781654729473124,AGO1;AGO3;AGO4;ARTN;PHC2;RBBP4;RPS6KA1;SCMH1,1.0
Reactome_2022,RUNX1 Interacts With Co-Factors Whose Precise Effect On RUNX1 Targets Is Not Known R-HSA-8939243,3/35,0.0563549093369663,3.6722836302105915,10.561803243365352,ARID1A;PHC2;SCMH1,1.0
Reactome_2022,Constitutive Signaling By NOTCH1 HD+PEST Domain Mutants R-HSA-2894862,4/58,0.056911094616514224,2.9041218067418693,8.323982610200254,HDAC1;HES5;HEYL;MIB2,1.0
Reactome_2022,FOXO-mediated Transcription Of Cell Death Genes R-HSA-9614657,2/16,0.05940572114726701,5.589787612941729,15.782009259641375,NFYC;PINK1,1.0
Reactome_2022,SUMOylation Of DNA Methylation Proteins R-HSA-4655427,2/16,0.05940572114726701,5.589787612941729,15.782009259641375,PHC2;SCMH1,1.0
Reactome_2022,Gap Junction Assembly R-HSA-190861,2/16,0.05940572114726701,5.589787612941729,15.782009259641375,GJA4;GJB3,1.0
Reactome_2022,Transcription Of E2F Targets Under Negative Control By P107 (RBL1) And P130 (RBL2) In Complex With HDAC1 R-HSA-1362300,2/16,0.05940572114726701,5.589787612941729,15.782009259641375,HDAC1;RBBP4,1.0
Reactome_2022,Transcriptional Regulation By MECP2 R-HSA-8986944,4/60,0.06296656621426189,2.80011515235943,7.742742301424645,AGO1;AGO3;AGO4;HDAC1,1.0
Reactome_2022,Early SARS-CoV-2 Infection Events R-HSA-9772572,3/37,0.06453625232792237,3.4559118744815938,9.471023815597977,AGRN;HSPG2;SDC3,1.0
Reactome_2022,NCAM1 Interactions R-HSA-419037,3/37,0.06453625232792237,3.4559118744815938,9.471023815597977,AGRN;ARTN;COL9A2,1.0
Reactome_2022,Ca2+ Pathway R-HSA-4086398,4/61,0.06611632837108351,2.7508488423888005,7.472239471851592,AGO1;AGO3;AGO4;GNB1,1.0
Reactome_2022,Vitamin B5 (Pantothenate) Metabolism R-HSA-199220,2/17,0.06624192025241268,5.216867367800521,14.16088274391536,PANK4;PPCS,1.0
Reactome_2022,Diseases Of Glycosylation R-HSA-3781865,7/143,0.06802980565597515,2.0216560869906295,5.433826135866025,AGRN;B3GALT6;DHDDS;GALE;HSPG2;SDC3;ST3GAL3,1.0
Reactome_2022,Transcriptional Regulation By VENTX R-HSA-8853884,3/39,0.07322990395531463,3.263581424944707,8.53149600800995,AGO1;AGO3;AGO4,1.0
Reactome_2022,Metabolism Of RNA R-HSA-8953854,23/666,0.07481073118792497,1.4140705456847862,3.666393540470584,DNAJC8;EBNA1BP2;EXOSC10;HNRNPR;LSM10;NOL9;PNRC2;PPIE;PPIH;PSMB2;RPL11;RPL22;RPS8;SF3A3;SNRNP40;SRRM1;SRSF10;SRSF4;SYF2;TRIT1;UTP11;YBX1;ZBTB8OS,1.0
Reactome_2022,MAPK6/MAPK4 Signaling R-HSA-5687128,5/90,0.07506786619655116,2.3071894970621254,5.974150407031382,AGO1;AGO3;AGO4;CDC42;PSMB2,1.0
Reactome_2022,Collagen Formation R-HSA-1474290,5/90,0.07506786619655116,2.3071894970621254,5.974150407031382,COL16A1;COL8A2;COL9A2;P3H1;PLOD1,1.0
Reactome_2022,RET Signaling R-HSA-8853659,3/40,0.07776206622141679,3.1752133805628935,8.109817408638285,ARTN;CLSTN1;RAP1GAP,1.0
Reactome_2022,EPH-Ephrin Signaling R-HSA-2682334,5/91,0.07788847425152369,2.280244258609113,5.820271692011548,CDC42;EPHA10;EPHA2;EPHA8;EPHB2,1.0
Reactome_2022,Transcription Of E2F Targets Under Negative Control By DREAM Complex R-HSA-1362277,2/19,0.08063653494982481,4.602645787567944,11.588557419843832,HDAC1;RBBP4,1.0
Reactome_2022,Aflatoxin Activation And Detoxification R-HSA-5423646,2/19,0.08063653494982481,4.602645787567944,11.588557419843832,AKR7A2;AKR7A3,1.0
Reactome_2022,Non-integrin membrane-ECM Interactions R-HSA-3000171,3/41,0.08241397394133815,3.0914962858853867,7.716375563588127,AGRN;HSPG2;SDC3,1.0
Reactome_2022,RUNX1 Regulates Genes Involved In Megakaryocyte Differentiation And Platelet Function R-HSA-8936459,4/66,0.08305778776489876,2.5283558296182163,6.291102193098969,AGO1;AGO3;AGO4;HDAC1,1.0
Reactome_2022,Integrin Cell Surface Interactions R-HSA-216083,4/66,0.08305778776489876,2.5283558296182163,6.291102193098969,AGRN;COL16A1;COL9A2;HSPG2,1.0
Reactome_2022,Antigen Processing: Ubiquitination And Proteasome Degradation R-HSA-983168,12/307,0.08561585681324278,1.600861318404134,3.9347326531386475,FBXO2;FBXO44;FBXO6;HECTD3;KLHL21;MIB2;PSMB2;RNF19B;RNF220;SPSB1;UBE2J2;UBR4,1.0
Reactome_2022,RND3 GTPase Cycle R-HSA-9696264,3/42,0.08718266327993014,3.012072375550316,7.34870292592667,EPHA2;PLEKHG5;UBXN11,1.0
Reactome_2022,RND1 GTPase Cycle R-HSA-9696273,3/42,0.08718266327993014,3.012072375550316,7.34870292592667,EPHA2;PLEKHG5;UBXN11,1.0
Reactome_2022,G Beta:Gamma Signaling Thru CDC42 R-HSA-8964616,2/20,0.08816256278348908,4.346720129137704,10.556326554392845,CDC42;GNB1,1.0
Reactome_2022,SUMOylation Of Transcription Cofactors R-HSA-3899300,3/43,0.09206509821225105,2.9366196607319988,7.004599541015904,PARK7;PHC2;SCMH1,1.0
Reactome_2022,RND2 GTPase Cycle R-HSA-9696270,3/43,0.09206509821225105,2.9366196607319988,7.004599541015904,EPHA2;NUDC;UBXN11,1.0
Reactome_2022,Retinoid Metabolism And Transport R-HSA-975634,3/43,0.09206509821225105,2.9366196607319988,7.004599541015904,AGRN;HSPG2;SDC3,1.0
Reactome_2022,Presynaptic Function Of Kainate Receptors R-HSA-500657,2/21,0.09588723873604421,4.11773401370012,9.65436659095969,GNB1;GRIK3,1.0
Reactome_2022,"Cobalamin (Cbl, Vitamin B12) Transport And Metabolism R-HSA-196741",2/21,0.09588723873604421,4.11773401370012,9.65436659095969,LDLRAP1;MMACHC,1.0
Reactome_2022,Collagen Chain Trimerization R-HSA-8948216,3/44,0.09705817955991358,2.8648475661487214,6.682098496196398,COL16A1;COL8A2;COL9A2,1.0
Reactome_2022,Visual Phototransduction R-HSA-2187338,5/98,0.09918857412958881,2.107852679259194,4.870683588882871,AGRN;DHRS3;GNB1;HSPG2;SDC3,1.0
Reactome_2022,Regulation Of Complement Cascade R-HSA-977606,3/45,0.1021587535340178,2.7964931903551244,6.3794365218672535,C1QA;C1QB;C1QC,1.0
Reactome_2022,Metabolism Of Carbohydrates R-HSA-71387,11/285,0.10335890967951518,1.5784186092959938,3.5822964629023675,AGRN;AKR1A1;B3GALT6;B4GALT2;ENO1;GALE;HSPG2;SDC3;SLC2A1;SLC9A1;ST3GAL3,1.0
Reactome_2022,PINK1-PRKN Mediated Mitophagy R-HSA-5205685,2/22,0.10379597455081534,3.911646509806295,8.861162716122283,MFN2;PINK1,1.0
Reactome_2022,Stimuli-sensing Channels R-HSA-2672351,5/100,0.10576122174714048,2.0632641805401173,4.635270197284755,BEST4;CLCN6;CLCNKA;CLCNKB;SCNN1D,1.0
Reactome_2022,TNFR2 Non-Canonical NF-kB Pathway R-HSA-5668541,5/100,0.10576122174714048,2.0632641805401173,4.635270197284755,PSMB2;TNFRSF14;TNFRSF18;TNFRSF1B;TNFRSF25,1.0
Reactome_2022,RHOC GTPase Cycle R-HSA-9013106,4/73,0.10995100893911768,2.2710378235444106,5.013816499686148,ARHGEF10L;DHDDS;MACO1;VAMP3,1.0
Reactome_2022,Miscellaneous Transport And Binding Events R-HSA-5223345,2/23,0.11187478462470203,3.7251863872356914,8.159555235500564,NIPAL3;SLC66A1,1.0
Reactome_2022,RHOG GTPase Cycle R-HSA-9013408,4/74,0.11407668939856458,2.2384792186942555,4.859479487402799,ARHGEF16;CDC42;EPHA2;VAMP3,1.0
Reactome_2022,Signaling By NOTCH1 R-HSA-1980143,4/74,0.11407668939856458,2.2384792186942555,4.859479487402799,HDAC1;HES5;HEYL;MIB2,1.0
Reactome_2022,NOTCH1 Intracellular Domain Regulates Transcription R-HSA-2122947,3/48,0.11807324050660134,2.609657896519291,5.575404043092076,HDAC1;HES5;HEYL,1.0
Reactome_2022,Intestinal Absorption R-HSA-8963676,1/5,0.11891560438325303,9.767534879408117,20.798414874254938,SLC2A5,1.0
Reactome_2022,Chylomicron Clearance R-HSA-8964026,1/5,0.11891560438325303,9.767534879408117,20.798414874254938,LDLRAP1,1.0
Reactome_2022,Estrogen-stimulated Signaling Thru PRKCZ R-HSA-9634635,1/5,0.11891560438325303,9.767534879408117,20.798414874254938,PRKCZ,1.0
Reactome_2022,Diseases Of Base Excision Repair R-HSA-9605308,1/5,0.11891560438325303,9.767534879408117,20.798414874254938,MUTYH,1.0
Reactome_2022,N-glycan Trimming And Elongation In cis-Golgi R-HSA-964739,1/5,0.11891560438325303,9.767534879408117,20.798414874254938,MAN1C1,1.0
Reactome_2022,Formation Of Xylulose-5-Phosphate R-HSA-5661270,1/5,0.11891560438325303,9.767534879408117,20.798414874254938,AKR1A1,1.0
Reactome_2022,mTORC1-mediated Signaling R-HSA-166208,2/24,0.12011026509285985,3.5556771848987787,7.535706956182998,MTOR;RRAGC,1.0
Reactome_2022,Factors Involved In Megakaryocyte Development And Platelet Production R-HSA-983231,6/136,0.1261824904171994,1.8097165634906334,3.74616048965022,CAPZB;CDC42;HDAC1;KDM1A;KIF1B;MFN2,1.0
Reactome_2022,Gap Junction Trafficking R-HSA-190828,2/25,0.12848957357915344,3.400907913199858,6.978348513082248,GJA4;GJB3,1.0
Reactome_2022,NOTCH3 Intracellular Domain Regulates Transcription R-HSA-9013508,2/25,0.12848957357915344,3.400907913199858,6.978348513082248,HES5;HEYL,1.0
Reactome_2022,NOTCH3 Activation And Transmission Of Signal To Nucleus R-HSA-9013507,2/25,0.12848957357915344,3.400907913199858,6.978348513082248,MIB2;YBX1,1.0
Reactome_2022,Pre-NOTCH Expression And Processing R-HSA-1912422,4/78,0.13123907167669305,2.11704442222611,4.299155451932802,AGO1;AGO3;AGO4;ST3GAL3,1.0
Reactome_2022,G Alpha (12/13) Signaling Events R-HSA-416482,4/78,0.13123907167669305,2.11704442222611,4.299155451932802,ARHGEF10L;ARHGEF16;GNB1;PLEKHG5,1.0
Reactome_2022,Transcriptional Activity Of SMAD2/SMAD3:SMAD4 Heterotrimer R-HSA-2173793,3/51,0.13483799061385887,2.4461770144129376,4.9013591175947475,HDAC1;SKI;YBX1,1.0
Reactome_2022,N-glycan Antennae Elongation In medial/trans-Golgi R-HSA-975576,2/26,0.137000409592271,3.2590360808091816,6.4782185938302375,B4GALT2;FUCA1,1.0
Reactome_2022,Synthesis Of IP3 And IP4 In Cytosol R-HSA-1855204,2/26,0.137000409592271,3.2590360808091816,6.4782185938302375,INPP5B;PLCH2,1.0
Reactome_2022,Constitutive Signaling By AKT1 E17K In Cancer R-HSA-5674400,2/26,0.137000409592271,3.2590360808091816,6.4782185938302375,CASP9;MTOR,1.0
Reactome_2022,HDMs Demethylate Histones R-HSA-3214842,2/26,0.137000409592271,3.2590360808091816,6.4782185938302375,KDM1A;KDM4A,1.0
Reactome_2022,RHOD GTPase Cycle R-HSA-9013405,3/52,0.14059970453702708,2.3961318464211967,4.700823470291283,CAPZB;EFHD2;VAMP3,1.0
Reactome_2022,Cellular Responses To Stress R-HSA-2262752,23/722,0.1407436942692627,1.2969201019861512,2.5430201484123787,AGO1;AGO3;AGO4;ARTN;ATP6V0B;CAPZB;EXTL1;MTOR;MUL1;NFYC;PHC2;PRDX1;PSMB2;RBBP4;RPL11;RPL22;RPS6KA1;RPS8;RRAGC;SCMH1;SESN2;SZT2;ZBTB17,1.0
Reactome_2022,p75NTR Negatively Regulates Cell Cycle Via SC1 R-HSA-193670,1/6,0.14094822242818292,7.81362710193132,15.309729283218111,HDAC1,1.0
Reactome_2022,LDL Remodeling R-HSA-8964041,1/6,0.14094822242818292,7.81362710193132,15.309729283218111,TRNP1,1.0
Reactome_2022,Cobalamin (Cbl) Metabolism R-HSA-9759218,1/6,0.14094822242818292,7.81362710193132,15.309729283218111,MMACHC,1.0
Reactome_2022,Activation Of Caspases Thru Apoptosome-Mediated Cleavage R-HSA-111459,1/6,0.14094822242818292,7.81362710193132,15.309729283218111,CASP9,1.0
Reactome_2022,Beta Oxidation Of decanoyl-CoA To octanoyl-CoA-CoA R-HSA-77346,1/6,0.14094822242818292,7.81362710193132,15.309729283218111,MECR,1.0
Reactome_2022,Sensory Perception Of Salty Taste R-HSA-9730628,1/6,0.14094822242818292,7.81362710193132,15.309729283218111,SCNN1D,1.0
Reactome_2022,Sensing Of DNA Double Strand Breaks R-HSA-5693548,1/6,0.14094822242818292,7.81362710193132,15.309729283218111,ARTN,1.0
Reactome_2022,Synthesis Of Dolichyl-phosphate R-HSA-446199,1/6,0.14094822242818292,7.81362710193132,15.309729283218111,DHDDS,1.0
Reactome_2022,Nervous System Development R-HSA-9675108,18/545,0.14128879030794458,1.3444691752999733,2.631058045097395,AGRN;ARTN;CAP1;CDC42;CLSTN1;COL9A2;EPHA10;EPHA2;EPHA8;EPHB2;LYPLA2;POU3F1;PSMB2;RAP1GAP;RPL11;RPL22;RPS6KA1;RPS8,1.0
Reactome_2022,Chromatin Modifying Enzymes R-HSA-3247509,9/238,0.14373154020554424,1.542516356047613,2.992185603859864,ARID1A;DMAP1;HDAC1;KDM1A;KDM4A;MEAF6;PADI2;RBBP4;TAF12,1.0
Reactome_2022,G0 And Early G1 R-HSA-1538133,2/27,0.14563099554797024,3.128513995009759,6.027643105030706,HDAC1;RBBP4,1.0
Reactome_2022,Gap Junction Trafficking And Regulation R-HSA-157858,2/27,0.14563099554797024,3.128513995009759,6.027643105030706,GJA4;GJB3,1.0
Reactome_2022,RNA Polymerase II Transcription R-HSA-73857,39/1312,0.14878877140290805,1.2112965000949056,2.3077955485139423,AGO1;AGO3;AGO4;ARID1A;ARTN;CITED4;DMAP1;ELOA;HDAC1;HIVEP3;INTS11;LSM10;MEAF6;MED8;MTOR;NFYC;NOC2L;PHC2;PINK1;PLK3;PRDX1;PSMB2;RBBP4;RRAGC;SCMH1;SESN2;SKI;SRRM1;SRSF4;SSU72;TAF12;TFAP2E;TNFRSF18;TP73;YBX1;ZFP69;ZNF436;ZNF684;ZNF691,1.0
Reactome_2022,Mitochondrial Translation Elongation R-HSA-5389840,4/82,0.14939114302016854,2.008064476677774,3.8177066639893305,AURKAIP1;DLGAP3;MRPL20;MRPS15,1.0
Reactome_2022,Mitochondrial Translation Termination R-HSA-5419276,4/82,0.14939114302016854,2.008064476677774,3.8177066639893305,AURKAIP1;DLGAP3;MRPL20;MRPS15,1.0
Reactome_2022,Mitochondrial Translation Initiation R-HSA-5368286,4/82,0.14939114302016854,2.008064476677774,3.8177066639893305,AURKAIP1;DLGAP3;MRPL20;MRPS15,1.0
Reactome_2022,Ion Channel Transport R-HSA-983712,7/175,0.14984540928969925,1.6338742070546137,3.101340157790818,ATP13A2;ATP6V0B;BEST4;CLCN6;CLCNKA;CLCNKB;SCNN1D,1.0
Reactome_2022,Keratan Sulfate Biosynthesis R-HSA-2022854,2/28,0.15437005839850224,3.008032069656446,5.620214887147733,B4GALT2;ST3GAL3,1.0
Reactome_2022,Interconversion Of Nucleotide Di- And Triphosphates R-HSA-499943,2/28,0.15437005839850224,3.008032069656446,5.620214887147733,AK2;CTPS1,1.0
Reactome_2022,Mitophagy R-HSA-5205647,2/28,0.15437005839850224,3.008032069656446,5.620214887147733,MFN2;PINK1,1.0
Reactome_2022,Class I MHC Mediated Antigen Processing And Presentation R-HSA-983169,13/378,0.15461991800472294,1.3994261484745554,2.6124281839476398,FBXO2;FBXO44;FBXO6;HECTD3;KLHL21;MIB2;PSMB2;RNF19B;RNF220;SPSB1;UBE2J2;UBR4;VAMP3,1.0
Reactome_2022,Axon Guidance R-HSA-422475,17/519,0.15708853150002042,1.3320052852083735,2.4654695051946636,AGRN;ARTN;CAP1;CDC42;CLSTN1;COL9A2;EPHA10;EPHA2;EPHA8;EPHB2;LYPLA2;PSMB2;RAP1GAP;RPL11;RPL22;RPS6KA1;RPS8,1.0
Reactome_2022,Macroautophagy R-HSA-1632852,5/114,0.15732080668090037,1.796960394612421,3.3234211133020275,MFN2;MTOR;PARK7;PINK1;RRAGC,1.0
Reactome_2022,Complement Cascade R-HSA-166658,3/55,0.15835857250039415,2.2575452273671446,4.160415134368651,C1QA;C1QB;C1QC,1.0
Reactome_2022,ECM Proteoglycans R-HSA-3000178,3/55,0.15835857250039415,2.2575452273671446,4.160415134368651,AGRN;COL9A2;HSPG2,1.0
Reactome_2022,Cellular Responses To Stimuli R-HSA-8953897,23/736,0.1613362375058927,1.2705078525828475,2.3177425757524666,AGO1;AGO3;AGO4;ARTN;ATP6V0B;CAPZB;EXTL1;MTOR;MUL1;NFYC;PHC2;PRDX1;PSMB2;RBBP4;RPL11;RPL22;RPS6KA1;RPS8;RRAGC;SCMH1;SESN2;SZT2;ZBTB17,1.0
Reactome_2022,Major Pathway Of rRNA Processing In Nucleolus And Cytosol R-HSA-6791226,7/179,0.16240020112394923,1.5955469282237285,2.900212269272813,EBNA1BP2;EXOSC10;NOL9;RPL11;RPL22;RPS8;UTP11,1.0
Reactome_2022,CREB Phosphorylation R-HSA-199920,1/7,0.16243096168925666,6.511021916946788,11.833796779600588,RPS6KA1,1.0
Reactome_2022,MECP2 Regulates Transcription Of Neuronal Ligands R-HSA-9022702,1/7,0.16243096168925666,6.511021916946788,11.833796779600588,HDAC1,1.0
Reactome_2022,Inactivation Of CDC42 And RAC1 R-HSA-428543,1/7,0.16243096168925666,6.511021916946788,11.833796779600588,CDC42,1.0
Reactome_2022,SMAC (DIABLO) Binds To IAPs R-HSA-111463,1/7,0.16243096168925666,6.511021916946788,11.833796779600588,CASP9,1.0
Reactome_2022,Retinoid Cycle In Cones (Daylight Vision) R-HSA-2187335,1/7,0.16243096168925666,6.511021916946788,11.833796779600588,DHRS3,1.0
Reactome_2022,Aryl Hydrocarbon Receptor Signaling R-HSA-8937144,1/7,0.16243096168925666,6.511021916946788,11.833796779600588,AURKAIP1,1.0
Reactome_2022,Vitamin C (Ascorbate) Metabolism R-HSA-196836,1/7,0.16243096168925666,6.511021916946788,11.833796779600588,SLC2A1,1.0
Reactome_2022,GLI Proteins Bind Promoters Of Hh Responsive Genes To Promote Transcription R-HSA-5635851,1/7,0.16243096168925666,6.511021916946788,11.833796779600588,PTCH2,1.0
Reactome_2022,RHOT2 GTPase Cycle R-HSA-9013419,1/7,0.16243096168925666,6.511021916946788,11.833796779600588,MFN2,1.0
Reactome_2022,RSK Activation R-HSA-444257,1/7,0.16243096168925666,6.511021916946788,11.833796779600588,RPS6KA1,1.0
Reactome_2022,Activation Of Kainate Receptors Upon Glutamate Binding R-HSA-451326,2/29,0.16320681185080793,2.896474731366341,5.250547199086895,GNB1;GRIK3,1.0
Reactome_2022,Energy Dependent Regulation Of mTOR By LKB1-AMPK R-HSA-380972,2/29,0.16320681185080793,2.896474731366341,5.250547199086895,MTOR;RRAGC,1.0
Reactome_2022,G1/S-Specific Transcription R-HSA-69205,2/29,0.16320681185080793,2.896474731366341,5.250547199086895,HDAC1;RBBP4,1.0
Reactome_2022,Cristae Formation R-HSA-8949613,2/29,0.16320681185080793,2.896474731366341,5.250547199086895,DNAJC11;MICOS10,1.0
Reactome_2022,E3 Ubiquitin Ligases Ubiquitinate Target Proteins R-HSA-8866654,3/56,0.1644250266447511,2.21483614350772,3.998444969488708,PEX10;PEX14;UBE2J2,1.0
Reactome_2022,Cap-dependent Translation Initiation R-HSA-72737,5/116,0.16540994065963815,1.7644007296663062,3.1747363374145308,EIF2B3;EIF3I;RPL11;RPL22;RPS8,1.0
Reactome_2022,Translation R-HSA-72766,10/281,0.16802687781053174,1.4480758805310217,2.5828335020828614,AURKAIP1;DDOST;DLGAP3;EIF2B3;EIF3I;MRPL20;MRPS15;RPL11;RPL22;RPS8,1.0
Reactome_2022,SUMOylation Of Chromatin Organization Proteins R-HSA-4551638,3/57,0.17055939053933875,2.1737088775690143,3.844577400364306,HDAC1;PHC2;SCMH1,1.0
Reactome_2022,NRAGE Signals Death Thru JNK R-HSA-193648,3/57,0.17055939053933875,2.1737088775690143,3.844577400364306,ARHGEF10L;ARHGEF16;PLEKHG5,1.0
Reactome_2022,NCAM Signaling For Neurite Out-Growth R-HSA-375165,3/57,0.17055939053933875,2.1737088775690143,3.844577400364306,AGRN;ARTN;COL9A2,1.0
Reactome_2022,RAC2 GTPase Cycle R-HSA-9013404,4/87,0.17333169009027927,1.886610922904026,3.306376645648234,CDC42;EPHA2;VAMP3;WASF2,1.0
Reactome_2022,Estrogen-dependent Gene Expression R-HSA-9018519,5/119,0.1778442187579468,1.717703315467273,2.9662113108672883,AGO1;AGO3;AGO4;HDAC1;KDM1A,1.0
Reactome_2022,Mitochondrial Translation R-HSA-5368287,4/88,0.17827144388080496,1.864055262917473,3.2144662295650916,AURKAIP1;DLGAP3;MRPL20;MRPS15,1.0
Reactome_2022,Downregulation Of SMAD2/3:SMAD4 Transcriptional Activity R-HSA-2173795,2/31,0.18113257645015574,2.696440883397877,4.60693948958458,HDAC1;SKI,1.0
Reactome_2022,Nicotinate Metabolism R-HSA-196807,2/31,0.18113257645015574,2.696440883397877,4.60693948958458,NADK;NMNAT1,1.0
Reactome_2022,Noncanonical Activation Of NOTCH3 R-HSA-9017802,1/8,0.18337751894206378,5.580589641957837,9.465842503352695,YBX1,1.0
Reactome_2022,Miro GTPase Cycle R-HSA-9715370,1/8,0.18337751894206378,5.580589641957837,9.465842503352695,MFN2,1.0
Reactome_2022,Defective ST3GAL3 Causes MCT12 And EIEE15 R-HSA-3656243,1/8,0.18337751894206378,5.580589641957837,9.465842503352695,ST3GAL3,1.0
Reactome_2022,Transport Of RCbl Within Body R-HSA-9758890,1/8,0.18337751894206378,5.580589641957837,9.465842503352695,LDLRAP1,1.0
Reactome_2022,Role Of ABL In ROBO-SLIT Signaling R-HSA-428890,1/8,0.18337751894206378,5.580589641957837,9.465842503352695,CAP1,1.0
Reactome_2022,Synthesis Of Ketone Bodies R-HSA-77111,1/8,0.18337751894206378,5.580589641957837,9.465842503352695,HMGCL,1.0
Reactome_2022,Linoleic Acid (LA) Metabolism R-HSA-2046105,1/8,0.18337751894206378,5.580589641957837,9.465842503352695,ELOVL1,1.0
Reactome_2022,Sodium/Proton Exchangers R-HSA-425986,1/8,0.18337751894206378,5.580589641957837,9.465842503352695,SLC9A1,1.0
Reactome_2022,Synthesis Of diphthamide-EEF2 R-HSA-5358493,1/8,0.18337751894206378,5.580589641957837,9.465842503352695,DPH2,1.0
Reactome_2022,"SMAC, XIAP-regulated Apoptotic Response R-HSA-111469",1/8,0.18337751894206378,5.580589641957837,9.465842503352695,CASP9,1.0
Reactome_2022,Recycling Of eIF2:GDP R-HSA-72731,1/8,0.18337751894206378,5.580589641957837,9.465842503352695,EIF2B3,1.0
Reactome_2022,Regulation Of TP53 Activity Thru Phosphorylation R-HSA-6804756,4/90,0.18829025808062766,1.8205175936411027,3.039846719726671,ARTN;NOC2L;PLK3;TAF12,1.0
Reactome_2022,FCGR3A-mediated Phagocytosis R-HSA-9664422,3/60,0.18933730546380464,2.058985451529468,3.4266154122484025,CDC42;FGR;WASF2,1.0
Reactome_2022,HDACs Deacetylate Histones R-HSA-3214815,3/60,0.18933730546380464,2.058985451529468,3.4266154122484025,HDAC1;KDM1A;RBBP4,1.0
Reactome_2022,Recruitment And ATM-mediated Phosphorylation Of Repair And Signal Proteins At DNA Double Strand Breaks R-HSA-5693565,3/60,0.18933730546380464,2.058985451529468,3.4266154122484025,ARTN;EYA3;KDM4A,1.0
Reactome_2022,G-protein Beta:Gamma Signaling R-HSA-397795,2/32,0.19020229663747298,2.6064256518120685,4.325798783243553,CDC42;GNB1,1.0
Reactome_2022,Signaling By NOTCH2 R-HSA-1980145,2/32,0.19020229663747298,2.6064256518120685,4.325798783243553,HES5;MIB2,1.0
Reactome_2022,ESR-mediated Signaling R-HSA-8939211,7/188,0.19227596097517705,1.5155043238144765,2.4987993588569677,AGO1;AGO3;AGO4;GNB1;HDAC1;KDM1A;PRKCZ,1.0
Reactome_2022,Signaling By TGF-beta Receptor Complex R-HSA-170834,4/91,0.1933662021647245,1.7994994084732,2.956882484541286,HDAC1;PRKCZ;SKI;YBX1,1.0
Reactome_2022,DNA Double Strand Break Response R-HSA-5693606,3/61,0.19571080427894547,2.023381629655126,3.300372573699897,ARTN;EYA3;KDM4A,1.0
Reactome_2022,Selective Autophagy R-HSA-9663891,3/61,0.19571080427894547,2.023381629655126,3.300372573699897,MFN2;PARK7;PINK1,1.0
Reactome_2022,rRNA Processing In Nucleus And Cytosol R-HSA-8868773,7/189,0.1957253704297212,1.5070993616909163,2.458143522963474,EBNA1BP2;EXOSC10;NOL9;RPL11;RPL22;RPS8;UTP11,1.0
Reactome_2022,Keratan Sulfate/Keratin Metabolism R-HSA-1638074,2/33,0.1993310937863083,2.5222178545221183,4.067802812617722,B4GALT2;ST3GAL3,1.0
Reactome_2022,Signaling By BRAF And RAF1 Fusions R-HSA-6802952,3/62,0.2021361026268744,1.9889847169968633,3.1800166771263525,AGTRAP;CLCN6;CNKSR1,1.0
Reactome_2022,Pre-NOTCH Transcription And Translation R-HSA-1912408,3/62,0.2021361026268744,1.9889847169968633,3.1800166771263525,AGO1;AGO3;AGO4,1.0
Reactome_2022,RAC3 GTPase Cycle R-HSA-9013423,4/93,0.2036433450733561,1.7588799944408484,2.7990554574857596,CDC42;EPHA2;VAMP3;WASF2,1.0
Reactome_2022,VEGFA-VEGFR2 Pathway R-HSA-4420097,4/93,0.2036433450733561,1.7588799944408484,2.7990554574857596,CDC42;MTOR;PRKCZ;WASF2,1.0
Reactome_2022,Activation Of PUMA And Translocation To Mitochondria R-HSA-139915,1/9,0.2038012504611198,4.882765435716124,7.766575639496047,TP73,1.0
Reactome_2022,Activation Of Ca-permeable Kainate Receptor R-HSA-451308,1/9,0.2038012504611198,4.882765435716124,7.766575639496047,GRIK3,1.0
Reactome_2022,tRNA Modification In Mitochondrion R-HSA-6787450,1/9,0.2038012504611198,4.882765435716124,7.766575639496047,TRIT1,1.0
Reactome_2022,Serine Biosynthesis R-HSA-977347,1/9,0.2038012504611198,4.882765435716124,7.766575639496047,SERINC2,1.0
Reactome_2022,Maturation Of Protein 3A R-HSA-9683673,1/9,0.2038012504611198,4.882765435716124,7.766575639496047,ST3GAL3,1.0
Reactome_2022,Chylomicron Assembly R-HSA-8963888,1/9,0.2038012504611198,4.882765435716124,7.766575639496047,TRNP1,1.0
Reactome_2022,ATF6 (ATF6-alpha) Activates Chaperone Genes R-HSA-381183,1/9,0.2038012504611198,4.882765435716124,7.766575639496047,NFYC,1.0
Reactome_2022,Displacement Of DNA Glycosylase By APEX1 R-HSA-110357,1/9,0.2038012504611198,4.882765435716124,7.766575639496047,MUTYH,1.0
Reactome_2022,Signaling By Nuclear Receptors R-HSA-9006931,9/260,0.20495618878903166,1.4057091111048283,2.227991357503639,AGO1;AGO3;AGO4;DHRS3;GNB1;HDAC1;KDM1A;KDM4A;PRKCZ,1.0
Reactome_2022,CD28 Co-Stimulation R-HSA-389356,2/34,0.2085103680353696,2.4432730445627904,3.8304816594051476,CDC42;MTOR,1.0
Reactome_2022,Peroxisomal Protein Import R-HSA-9033241,3/63,0.2086100735712098,1.9557343680938761,3.0651998790525496,HMGCL;PEX10;PEX14,1.0
Reactome_2022,P75 NTR Receptor-Mediated Signaling R-HSA-193704,4/95,0.21407705050171683,1.7200460491571719,2.651312142123674,ARHGEF10L;ARHGEF16;HDAC1;PLEKHG5,1.0
Reactome_2022,RHO GTPase Cycle R-HSA-9012999,14/441,0.21658900193753466,1.2867165632835087,1.9683594513479503,ARHGEF10L;ARHGEF16;CAPZB;CDC42;DHDDS;EFHD2;EPHA2;MACO1;NUDC;PLEKHG5;SRRM1;UBXN11;VAMP3;WASF2,1.0
Reactome_2022,Autophagy R-HSA-9612973,5/128,0.21708560326500353,1.5912786087333057,2.430620022033959,MFN2;MTOR;PARK7;PINK1;RRAGC,1.0
Reactome_2022,Gene And Protein Expression By JAK-STAT Signaling After Interleukin-12 Stimulation R-HSA-8950505,2/35,0.21773191098678782,2.3691127685403908,3.611690475503375,AURKAIP1;CDC42,1.0
Reactome_2022,FOXO-mediated Transcription R-HSA-9614085,3/65,0.22169171657314796,1.8924514459881905,2.850916648447193,HDAC1;NFYC;PINK1,1.0
Reactome_2022,RUNX1 And FOXP3 Control Development Of Regulatory T Lymphocytes (Tregs) R-HSA-8877330,1/10,0.22371518046809483,4.3400132753059015,6.498655813689781,TNFRSF18,1.0
Reactome_2022,RHO GTPases Activate KTN1 R-HSA-5625970,1/10,0.22371518046809483,4.3400132753059015,6.498655813689781,CDC42,1.0
Reactome_2022,Negative Regulation Of Activity Of TFAP2 (AP-2) Family Transcription Factors R-HSA-8866904,1/10,0.22371518046809483,4.3400132753059015,6.498655813689781,TFAP2E,1.0
Reactome_2022,SLBP Independent Processing Of Histone Pre-mRNAs R-HSA-111367,1/10,0.22371518046809483,4.3400132753059015,6.498655813689781,LSM10,1.0
Reactome_2022,Caspase Activation Via Dependence Receptors In Absence Of Ligand R-HSA-418889,1/10,0.22371518046809483,4.3400132753059015,6.498655813689781,CASP9,1.0
Reactome_2022,STAT3 Nuclear Events Downstream Of ALK Signaling R-HSA-9701898,1/10,0.22371518046809483,4.3400132753059015,6.498655813689781,HDAC1,1.0
Reactome_2022,Urea Cycle R-HSA-70635,1/10,0.22371518046809483,4.3400132753059015,6.498655813689781,TINAGL1,1.0
Reactome_2022,Reactions Specific To Complex N-glycan Synthesis Pathway R-HSA-975578,1/10,0.22371518046809483,4.3400132753059015,6.498655813689781,FUCA1,1.0
Reactome_2022,Mitochondrial Fatty Acid Beta-Oxidation R-HSA-77289,2/36,0.22698789157374769,2.29931486169578,3.4095588259895764,ACOT7;MECR,1.0
Reactome_2022,Transcriptional Regulation By AP-2 (TFAP2) Family Of Transcription Factors R-HSA-8864260,2/36,0.22698789157374769,2.29931486169578,3.4095588259895764,CITED4;TFAP2E,1.0
Reactome_2022,SMAD2/SMAD3:SMAD4 Heterotrimer Regulates Transcription R-HSA-2173796,2/36,0.22698789157374769,2.29931486169578,3.4095588259895764,HDAC1;YBX1,1.0
Reactome_2022,RHO GTPases Activate WASPs And WAVEs R-HSA-5663213,2/36,0.22698789157374769,2.29931486169578,3.4095588259895764,CDC42;WASF2,1.0
Reactome_2022,Formation Of A Pool Of Free 40S Subunits R-HSA-72689,4/98,0.22999378547274316,1.6648935843128012,2.446899079075652,EIF3I;RPL11;RPL22;RPS8,1.0
Reactome_2022,rRNA Processing R-HSA-72312,7/199,0.2314904871874646,1.4278650833386055,2.089275747377413,EBNA1BP2;EXOSC10;NOL9;RPL11;RPL22;RPS8;UTP11,1.0
Reactome_2022,Sensory Processing Of Sound By Inner Hair Cells Of Cochlea R-HSA-9662360,3/67,0.23493151152967076,1.8331237065141108,2.6552086509686403,CAPZB;ESPN;KCNQ4,1.0
Reactome_2022,RNA Polymerase II Transcription Termination R-HSA-73856,3/67,0.23493151152967076,1.8331237065141108,2.6552086509686403,LSM10;SRRM1;SRSF4,1.0
Reactome_2022,Fatty acyl-CoA Biosynthesis R-HSA-75105,2/37,0.23627084238779497,2.2335054066708606,3.222449101646917,ELOVL1;PPT1,1.0
Reactome_2022,RHOV GTPase Cycle R-HSA-9013424,2/37,0.23627084238779497,2.2335054066708606,3.222449101646917,CDC42;EPHA2,1.0
Reactome_2022,KEAP1-NFE2L2 Pathway R-HSA-9755511,4/100,0.2407642330131228,1.6300402905569837,2.3210748614620758,MUL1;PRDX1;PSMB2;SESN2,1.0
Reactome_2022,Costimulation By CD28 Family R-HSA-388841,3/68,0.24160333655990068,1.8048289384572418,2.5636837092306073,CDC42;MTOR;TNFRSF14,1.0
Reactome_2022,Neddylation R-HSA-8951664,8/237,0.2429905859014348,1.3683388091250765,1.9358334903793457,FBXO2;FBXO44;FBXO6;KLHL21;MUL1;PSMB2;SPSB1;WDTC1,1.0
Reactome_2022,RHO GTPases Activate IQGAPs R-HSA-5626467,1/11,0.2431320093708438,3.9058115469777244,5.523406268789198,CDC42,1.0
Reactome_2022,Mitochondrial Fatty Acid Beta-Oxidation Of Saturated Fatty Acids R-HSA-77286,1/11,0.2431320093708438,3.9058115469777244,5.523406268789198,MECR,1.0
Reactome_2022,Activation Of Phototransduction Cascade R-HSA-2485179,1/11,0.2431320093708438,3.9058115469777244,5.523406268789198,GNB1,1.0
Reactome_2022,ATF6 (ATF6-alpha) Activates Chaperones R-HSA-381033,1/11,0.2431320093708438,3.9058115469777244,5.523406268789198,NFYC,1.0
Reactome_2022,Formation Of Apoptosome R-HSA-111458,1/11,0.2431320093708438,3.9058115469777244,5.523406268789198,CASP9,1.0
Reactome_2022,SLBP Dependent Processing Of Replication-Dependent Histone Pre-mRNAs R-HSA-77588,1/11,0.2431320093708438,3.9058115469777244,5.523406268789198,LSM10,1.0
Reactome_2022,RHOB GTPase Cycle R-HSA-9013026,3/69,0.24830593640197854,1.7773915876142174,2.4760729850492993,ARHGEF10L;DHDDS;VAMP3,1.0
Reactome_2022,Signaling By VEGF R-HSA-194138,4/102,0.25164771022299726,1.5966095802197708,2.2028823843462644,CDC42;MTOR;PRKCZ;WASF2,1.0
Reactome_2022,RHOU GTPase Cycle R-HSA-9013420,2/39,0.2548895244245249,2.1125583001385775,2.8877088922594356,CDC42;EPHA2,1.0
Reactome_2022,Translesion Synthesis By Y Family DNA Polymerases Bypasses Lesions On DNA Template R-HSA-110313,2/39,0.2548895244245249,2.1125583001385775,2.8877088922594356,ISG15;MAD2L2,1.0
Reactome_2022,Disorders Of Developmental Biology R-HSA-9675151,1/12,0.262064121798408,3.5505555874364885,4.754783556282315,HDAC1,1.0
Reactome_2022,CD28 Dependent Vav1 Pathway R-HSA-389359,1/12,0.262064121798408,3.5505555874364885,4.754783556282315,CDC42,1.0
Reactome_2022,NOTCH2 Intracellular Domain Regulates Transcription R-HSA-2197563,1/12,0.262064121798408,3.5505555874364885,4.754783556282315,HES5,1.0
Reactome_2022,TP53 Regulates Transcription Of Caspase Activators And Caspases R-HSA-6803207,1/12,0.262064121798408,3.5505555874364885,4.754783556282315,TP73,1.0
Reactome_2022,HDR Thru MMEJ (alt-NHEJ) R-HSA-5685939,1/12,0.262064121798408,3.5505555874364885,4.754783556282315,ARTN,1.0
Reactome_2022,TP53 Regulates Transcription Of Death Receptors And Ligands R-HSA-6803211,1/12,0.262064121798408,3.5505555874364885,4.754783556282315,TP73,1.0
Reactome_2022,Hyaluronan Uptake And Degradation R-HSA-2160916,1/12,0.262064121798408,3.5505555874364885,4.754783556282315,SLC9A1,1.0
Reactome_2022,Erythropoietin Activates Phosphoinositide-3-kinase (PI3K) R-HSA-9027276,1/12,0.262064121798408,3.5505555874364885,4.754783556282315,CLSTN1,1.0
Reactome_2022,Vitamin D (Calciferol) Metabolism R-HSA-196791,1/12,0.262064121798408,3.5505555874364885,4.754783556282315,LDLRAP1,1.0
Reactome_2022,Collagen Degradation R-HSA-1442490,2/40,0.26421202222468826,2.0568589747618677,2.7376862551446557,COL16A1;COL9A2,1.0
Reactome_2022,MTOR Signaling R-HSA-165159,2/41,0.2735349990597321,2.0040160250455026,2.59785747246144,MTOR;RRAGC,1.0
Reactome_2022,Diseases Of Metabolism R-HSA-5668914,8/247,0.2781933047466028,1.3104057977695867,1.6765843701284235,AGRN;B3GALT6;DHDDS;GALE;HSPG2;MMACHC;SDC3;ST3GAL3,1.0
Reactome_2022,FCGR Activation R-HSA-2029481,1/13,0.2805235944370309,3.2545089544854586,4.136798006742,FGR,1.0
Reactome_2022,Alpha-Linolenic (Omega3) And Linoleic (Omega6) Acid Metabolism R-HSA-2046104,1/13,0.2805235944370309,3.2545089544854586,4.136798006742,ELOVL1,1.0
Reactome_2022,Advanced Glycosylation Endproduct Receptor Signaling R-HSA-879415,1/13,0.2805235944370309,3.2545089544854586,4.136798006742,DDOST,1.0
Reactome_2022,Glutamate And Glutamine Metabolism R-HSA-8964539,1/13,0.2805235944370309,3.2545089544854586,4.136798006742,RIMKLA,1.0
Reactome_2022,Defects In Cobalamin (B12) Metabolism R-HSA-3296469,1/13,0.2805235944370309,3.2545089544854586,4.136798006742,MMACHC,1.0
Reactome_2022,Cytochrome C-Mediated Apoptotic Response R-HSA-111461,1/13,0.2805235944370309,3.2545089544854586,4.136798006742,CASP9,1.0
Reactome_2022,"Cell Death Signaling Via NRAGE, NRIF And NADE R-HSA-204998",3/74,0.2821835241592978,1.6517980802341758,2.08985100780782,ARHGEF10L;ARHGEF16;PLEKHG5,1.0
Reactome_2022,Beta-catenin Independent WNT Signaling R-HSA-3858494,5/142,0.2826006639839907,1.4276339761725496,1.8041302639102568,AGO1;AGO3;AGO4;GNB1;PSMB2,1.0
Reactome_2022,"Gamma Carboxylation, Hypusine Formation And Arylsulfatase Activation R-HSA-163841",2/42,0.282852615848722,1.953815222814955,2.4673351278430125,DPH2;ICMT,1.0
Reactome_2022,RHOF GTPase Cycle R-HSA-9035034,2/42,0.282852615848722,1.953815222814955,2.4673351278430125,CAPZB;VAMP3,1.0
Reactome_2022,Deactivation Of Beta-Catenin Transactivating Complex R-HSA-3769402,2/42,0.282852615848722,1.953815222814955,2.4673351278430125,CTNNBIP1;HDAC1,1.0
Reactome_2022,L13a-mediated Translational Silencing Of Ceruloplasmin Expression R-HSA-156827,4/108,0.2848551950753996,1.5040322285167202,1.888725041937256,EIF3I;RPL11;RPL22;RPS8,1.0
Reactome_2022,SRP-dependent Cotranslational Protein Targeting To Membrane R-HSA-1799339,4/108,0.2848551950753996,1.5040322285167202,1.888725041937256,DDOST;RPL11;RPL22;RPS8,1.0
Reactome_2022,Sensory Processing Of Sound R-HSA-9659379,3/75,0.28901326857314197,1.6287726038811685,2.02176722270282,CAPZB;ESPN;KCNQ4,1.0
Reactome_2022,GTP Hydrolysis And Joining Of 60S Ribosomal Subunit R-HSA-72706,4/109,0.29045544563526826,1.4896313071406901,1.8416387609252258,EIF3I;RPL11;RPL22;RPS8,1.0
Reactome_2022,Voltage Gated Potassium Channels R-HSA-1296072,2/43,0.29215932402611094,1.9060632402054103,2.345326941311662,KCNAB2;KCNQ4,1.0
Reactome_2022,Generic Transcription Pathway R-HSA-212436,33/1190,0.29262853919756765,1.1202992812914916,1.3766811818148847,AGO1;AGO3;AGO4;ARID1A;ARTN;CITED4;ELOA;HDAC1;HIVEP3;MEAF6;MED8;MTOR;NFYC;NOC2L;PHC2;PINK1;PLK3;PRDX1;PSMB2;RBBP4;RRAGC;SCMH1;SESN2;SKI;TAF12;TFAP2E;TNFRSF18;TP73;YBX1;ZFP69;ZNF436;ZNF684;ZNF691,1.0
Reactome_2022,Protein Ubiquitination R-HSA-8852135,3/76,0.295855103938923,1.6063779624967363,1.956384360944117,PEX10;PEX14;UBE2J2,1.0
Reactome_2022,"Synthesis Of IP2, IP, And Ins In Cytosol R-HSA-1855183",1/14,0.2985222036721081,3.0040079573730485,3.631578157878574,INPP5B,1.0
Reactome_2022,Heme Biosynthesis R-HSA-189451,1/14,0.2985222036721081,3.0040079573730485,3.631578157878574,UROD,1.0
Reactome_2022,AKT Phosphorylates Targets In Cytosol R-HSA-198323,1/14,0.2985222036721081,3.0040079573730485,3.631578157878574,CASP9,1.0
Reactome_2022,DCC Mediated Attractive Signaling R-HSA-418885,1/14,0.2985222036721081,3.0040079573730485,3.631578157878574,CDC42,1.0
Reactome_2022,Repression Of WNT Target Genes R-HSA-4641265,1/14,0.2985222036721081,3.0040079573730485,3.631578157878574,HDAC1,1.0
Reactome_2022,Regulation Of TP53 Activity Thru Association With Co-factors R-HSA-6804759,1/14,0.2985222036721081,3.0040079573730485,3.631578157878574,TP73,1.0
Reactome_2022,TP53 Regulates Transcription Of Additional Cell Death Genes With Uncertain Roles In P53-Dependent Apoptosis R-HSA-6803205,1/14,0.2985222036721081,3.0040079573730485,3.631578157878574,TP73,1.0
Reactome_2022,Interleukin-12 Signaling R-HSA-9020591,2/44,0.30144985471497754,1.8605851615296534,2.2311236659436893,AURKAIP1;CDC42,1.0
Reactome_2022,RHOA GTPase Cycle R-HSA-8980692,5/147,0.306897265385562,1.3770095048320743,1.6265817752411853,ARHGEF10L;DHDDS;MACO1;PLEKHG5;VAMP3,1.0
Reactome_2022,Nonsense Mediated Decay (NMD) Enhanced By Exon Junction Complex (EJC) R-HSA-975957,4/112,0.3073399387644268,1.448028645387714,1.7083854289677578,PNRC2;RPL11;RPL22;RPS8,1.0
Reactome_2022,Oncogenic MAPK Signaling R-HSA-6802957,3/78,0.30956527302548137,1.563380251038627,1.8331982809244094,AGTRAP;CLCN6;CNKSR1,1.0
Reactome_2022,ERCC6 (CSB) And EHMT2 (G9a) Positively Regulate rRNA Expression R-HSA-427389,2/45,0.3107192082582779,1.8172223423271874,2.1240887597661984,HDAC1;RBBP4,1.0
Reactome_2022,Synthesis Of Prostaglandins (PG) And Thromboxanes (TX) R-HSA-2162123,1/15,0.3160714330408632,2.789292816990983,3.212671309048649,PRXL2B,1.0
Reactome_2022,N-Glycan Antennae Elongation R-HSA-975577,1/15,0.3160714330408632,2.789292816990983,3.212671309048649,B4GALT2,1.0
Reactome_2022,Constitutive Signaling By NOTCH1 HD Domain Mutants R-HSA-2691232,1/15,0.3160714330408632,2.789292816990983,3.212671309048649,MIB2,1.0
Reactome_2022,RNA Polymerase I Transcription Initiation R-HSA-73762,2/46,0.3199626440970285,1.775830560361197,2.0236495391918026,HDAC1;RBBP4,1.0
Reactome_2022,XBP1(S) Activates Chaperone Genes R-HSA-381038,2/46,0.3199626440970285,1.775830560361197,2.0236495391918026,EXTL1;ZBTB17,1.0
Reactome_2022,RNA Polymerase II Pre-transcription Events R-HSA-674695,3/80,0.3232950305061574,1.5226161869289905,1.719322919621775,DMAP1;ELOA;TAF12,1.0
Reactome_2022,Sensory Perception Of Taste R-HSA-9717189,2/47,0.3291756709846721,1.7362784131492508,1.9292895741887623,GNB1;SCNN1D,1.0
Reactome_2022,SUMOylation Of RNA Binding Proteins R-HSA-4570464,2/47,0.3291756709846721,1.7362784131492508,1.9292895741887623,PHC2;SCMH1,1.0
Reactome_2022,PPARA Activates Gene Expression R-HSA-1989781,4/116,0.3299962210124873,1.3960253181964943,1.5477370798141312,MED18;MED8;NFYC;THRAP3,1.0
Reactome_2022,TGF-beta Receptor Signaling In EMT (Epithelial To Mesenchymal Transition) R-HSA-2173791,1/16,0.33318248050043636,2.6032063619931924,2.8610928690484387,PRKCZ,1.0
Reactome_2022,Hyaluronan Metabolism R-HSA-2142845,1/16,0.33318248050043636,2.6032063619931924,2.8610928690484387,SLC9A1,1.0
Reactome_2022,Cell-extracellular Matrix Interactions R-HSA-446353,1/16,0.33318248050043636,2.6032063619931924,2.8610928690484387,FBLIM1,1.0
Reactome_2022,Translesion Synthesis By REV1 R-HSA-110312,1/16,0.33318248050043636,2.6032063619931924,2.8610928690484387,MAD2L2,1.0
Reactome_2022,Rap1 Signaling R-HSA-392517,1/16,0.33318248050043636,2.6032063619931924,2.8610928690484387,RAP1GAP,1.0
Reactome_2022,Signaling By NTRK3 (TRKC) R-HSA-9034015,1/16,0.33318248050043636,2.6032063619931924,2.8610928690484387,PTPRU,1.0
Reactome_2022,Polo-like Kinase Mediated Events R-HSA-156711,1/16,0.33318248050043636,2.6032063619931924,2.8610928690484387,RBBP4,1.0
Reactome_2022,Plasma Lipoprotein Assembly R-HSA-8963898,1/16,0.33318248050043636,2.6032063619931924,2.8610928690484387,TRNP1,1.0
Reactome_2022,Gene Expression (Transcription) R-HSA-74160,39/1449,0.3382412360853009,1.0853832788512419,1.1765510479131966,AGO1;AGO3;AGO4;ARID1A;ARTN;CITED4;DMAP1;ELOA;HDAC1;HIVEP3;INTS11;LSM10;MEAF6;MED8;MTOR;NFYC;NOC2L;PHC2;PINK1;PLK3;PRDX1;PSMB2;RBBP4;RRAGC;SCMH1;SESN2;SKI;SRRM1;SRSF4;SSU72;TAF12;TFAP2E;TNFRSF18;TP73;YBX1;ZFP69;ZNF436;ZNF684;ZNF691,1.0
Reactome_2022,Inositol Phosphate Metabolism R-HSA-1483249,2/48,0.3383540375271971,1.6984459245117371,1.8405421284515324,INPP5B;PLCH2,1.0
Reactome_2022,IRE1alpha Activates Chaperones R-HSA-381070,2/48,0.3383540375271971,1.6984459245117371,1.8405421284515324,EXTL1;ZBTB17,1.0
Reactome_2022,DNA Damage Bypass R-HSA-73893,2/48,0.3383540375271971,1.6984459245117371,1.8405421284515324,ISG15;MAD2L2,1.0
Reactome_2022,Regulation Of Lipid Metabolism By PPARalpha R-HSA-400206,4/118,0.34136174105329636,1.3713921632111796,1.4739894939641254,MED18;MED8;NFYC;THRAP3,1.0
Reactome_2022,Platelet Homeostasis R-HSA-418346,3/83,0.34388700193503796,1.4652917217748147,1.5641141580567968,FGR;GNB1;PAFAH2,1.0
Reactome_2022,Signaling By TGFB Family Members R-HSA-9006936,4/119,0.3470493070461783,1.35939688774007,1.438633976181466,HDAC1;PRKCZ;SKI;YBX1,1.0
Reactome_2022,mRNA Splicing - Minor Pathway R-HSA-72165,2/49,0.34749372303889053,1.6622233290077344,1.7569844824346101,SNRNP40;YBX1,1.0
Reactome_2022,Platelet Sensitization By LDL R-HSA-432142,1/17,0.349866265515938,2.440380713870126,2.5628983096864224,FGR,1.0
Reactome_2022,Acyl Chain Remodelling Of PI R-HSA-1482922,1/17,0.349866265515938,2.440380713870126,2.5628983096864224,PLA2G5,1.0
Reactome_2022,Translesion Synthesis By POLK R-HSA-5655862,1/17,0.349866265515938,2.440380713870126,2.5628983096864224,MAD2L2,1.0
Reactome_2022,Gastrin-CREB Signaling Pathway Via PKC And MAPK R-HSA-881907,1/17,0.349866265515938,2.440380713870126,2.5628983096864224,RPS6KA1,1.0
Reactome_2022,Metabolism Of Folate And Pterines R-HSA-196757,1/17,0.349866265515938,2.440380713870126,2.5628983096864224,MTHFR,1.0
Reactome_2022,Translesion Synthesis By POLI R-HSA-5656121,1/17,0.349866265515938,2.440380713870126,2.5628983096864224,MAD2L2,1.0
Reactome_2022,Transcriptional Regulation Of White Adipocyte Differentiation R-HSA-381340,3/84,0.35074172036586365,1.4471271793185532,1.5161626213307282,MED18;MED8;THRAP3,1.0
Reactome_2022,"Formation Of Ternary Complex, And Subsequently, 43S Complex R-HSA-72695",2/50,0.3565909287039041,1.6275100083163987,1.6782330050455265,EIF3I;RPS8,1.0
Reactome_2022,Peptide Chain Elongation R-HSA-156902,3/86,0.3644250698488744,1.4121111938606994,1.425433500413915,RPL11;RPL22;RPS8,1.0
Reactome_2022,Diseases Of DNA Repair R-HSA-9675135,2/51,0.3656420690341105,1.5942135578573622,1.6039388624523758,ARTN;MUTYH,1.0
Reactome_2022,G Beta:Gamma Signaling Thru BTK R-HSA-8964315,1/18,0.36613343597292797,2.296711024349773,2.307637472852902,GNB1,1.0
Reactome_2022,Lewis Blood Group Biosynthesis R-HSA-9037629,1/18,0.36613343597292797,2.296711024349773,2.307637472852902,ST3GAL3,1.0
Reactome_2022,Regulation Of Signaling By CBL R-HSA-912631,1/18,0.36613343597292797,2.296711024349773,2.307637472852902,CLSTN1,1.0
Reactome_2022,Synthesis Of Glycosylphosphatidylinositol (GPI) R-HSA-162710,1/18,0.36613343597292797,2.296711024349773,2.307637472852902,PIGV,1.0
Reactome_2022,Acyl Chain Remodelling Of PG R-HSA-1482925,1/18,0.36613343597292797,2.296711024349773,2.307637472852902,PLA2G5,1.0
Reactome_2022,VEGFR2 Mediated Cell Proliferation R-HSA-5218921,1/18,0.36613343597292797,2.296711024349773,2.307637472852902,PRKCZ,1.0
Reactome_2022,MECP2 Regulates Neuronal Receptors And Channels R-HSA-9022699,1/18,0.36613343597292797,2.296711024349773,2.307637472852902,HDAC1,1.0
Reactome_2022,LDL Clearance R-HSA-8964038,1/18,0.36613343597292797,2.296711024349773,2.307637472852902,LDLRAP1,1.0
Reactome_2022,Pre-NOTCH Processing In Golgi R-HSA-1912420,1/18,0.36613343597292797,2.296711024349773,2.307637472852902,ST3GAL3,1.0
Reactome_2022,Ephrin Signaling R-HSA-3928664,1/18,0.36613343597292797,2.296711024349773,2.307637472852902,EPHB2,1.0
Reactome_2022,Fcgamma Receptor (FCGR) Dependent Phagocytosis R-HSA-2029480,3/87,0.3712498334116808,1.3952284865863773,1.382504055232657,CDC42;FGR;WASF2,1.0
Reactome_2022,Apoptotic Execution Phase R-HSA-75153,2/52,0.3746437636139939,1.5622489654166871,1.5337842709269836,DFFA;DFFB,1.0
Reactome_2022,Protein-protein Interactions At Synapses R-HSA-6794362,3/88,0.3780608353951241,1.3787430194832155,1.3411035502914328,DLGAP3;EPB41;PTPRF,1.0
Reactome_2022,Prostacyclin Signaling Thru Prostacyclin Receptor R-HSA-392851,1/19,0.3819943749186558,2.169004633665015,2.08734029875525,GNB1,1.0
Reactome_2022,Na+/Cl- Dependent Neurotransmitter Transporters R-HSA-442660,1/19,0.3819943749186558,2.169004633665015,2.08734029875525,SLC6A9,1.0
Reactome_2022,RAS Processing R-HSA-9648002,1/19,0.3819943749186558,2.169004633665015,2.08734029875525,ICMT,1.0
Reactome_2022,RHO GTPases Activate CIT R-HSA-5625900,1/19,0.3819943749186558,2.169004633665015,2.08734029875525,DHDDS,1.0
Reactome_2022,Sensory Processing Of Sound By Outer Hair Cells Of Cochlea R-HSA-9662361,2/53,0.3835928291236262,1.5315378864050584,1.4674792157582408,ESPN;KCNQ4,1.0
Reactome_2022,Unfolded Protein Response (UPR) R-HSA-381119,3/89,0.384856277847,1.3626409353359412,1.3011658237891022,EXTL1;NFYC;ZBTB17,1.0
Reactome_2022,"Signaling By Rho GTPases, Miro GTPases And RHOBTB3 R-HSA-9716542",18/660,0.3864722753304691,1.0969480524346684,1.0428631890594433,ARHGEF10L;ARHGEF16;CAPZB;CDC42;DHDDS;EFHD2;EPHA2;KDM1A;MACO1;MFN2;NUDC;PLEKHG5;PRKCZ;RCC2;SRRM1;UBXN11;VAMP3;WASF2,1.0
Reactome_2022,Transport To Golgi And Subsequent Modification R-HSA-948021,5/164,0.3909902276484197,1.2287020913075875,1.1538406057824453,B4GALT2;CAPZB;FUCA1;MAN1C1;TRAPPC3,1.0
Reactome_2022,Eukaryotic Translation Elongation R-HSA-156842,3/90,0.3916344164596338,1.3469090140426272,1.2626281832095325,RPL11;RPL22;RPS8,1.0
Reactome_2022,Selenocysteine Synthesis R-HSA-2408557,3/90,0.3916344164596338,1.3469090140426272,1.2626281832095325,RPL11;RPL22;RPS8,1.0
Reactome_2022,Viral mRNA Translation R-HSA-192823,3/90,0.3916344164596338,1.3469090140426272,1.2626281832095325,RPL11;RPL22;RPS8,1.0
Reactome_2022,Eukaryotic Translation Termination R-HSA-72764,3/90,0.3916344164596338,1.3469090140426272,1.2626281832095325,RPL11;RPL22;RPS8,1.0
Reactome_2022,Interleukin-12 Family Signaling R-HSA-447115,2/54,0.39248627163101446,1.5020080027400307,1.404758570692053,AURKAIP1;CDC42,1.0
Reactome_2022,RHOJ GTPase Cycle R-HSA-9013409,2/54,0.39248627163101446,1.5020080027400307,1.404758570692053,CDC42;VAMP3,1.0
Reactome_2022,G Beta:Gamma Signaling Thru PLC Beta R-HSA-418217,1/20,0.39745920713629623,2.054741020947074,1.8958334605917557,GNB1,1.0
Reactome_2022,Class I Peroxisomal Membrane Protein Import R-HSA-9603798,1/20,0.39745920713629623,2.054741020947074,1.8958334605917557,PEX14,1.0
Reactome_2022,NOTCH4 Intracellular Domain Regulates Transcription R-HSA-9013695,1/20,0.39745920713629623,2.054741020947074,1.8958334605917557,HES5,1.0
Reactome_2022,Receptor-type Tyrosine-Protein Phosphatases R-HSA-388844,1/20,0.39745920713629623,2.054741020947074,1.8958334605917557,PTPRF,1.0
Reactome_2022,Signaling By Hippo R-HSA-2028269,1/20,0.39745920713629623,2.054741020947074,1.8958334605917557,NPHP4,1.0
Reactome_2022,Syndecan Interactions R-HSA-3000170,1/20,0.39745920713629623,2.054741020947074,1.8958334605917557,SDC3,1.0
Reactome_2022,Chaperone Mediated Autophagy R-HSA-9613829,1/20,0.39745920713629623,2.054741020947074,1.8958334605917557,PARK7,1.0
Reactome_2022,TP53 Regulates Transcription Of Genes Involved In Cytochrome C Release R-HSA-6803204,1/20,0.39745920713629623,2.054741020947074,1.8958334605917557,TP73,1.0
Reactome_2022,Apoptotic Factor-Mediated Response R-HSA-111471,1/20,0.39745920713629623,2.054741020947074,1.8958334605917557,CASP9,1.0
Reactome_2022,Intrinsic Pathway For Apoptosis R-HSA-109606,2/55,0.40132127914537763,1.4735924543076455,1.3453795626045317,CASP9;TP73,1.0
Reactome_2022,Nonsense Mediated Decay (NMD) Independent Of Exon Junction Complex (EJC) R-HSA-975956,3/92,0.40513207047354105,1.3165057504195936,1.1895184561006586,RPL11;RPL22;RPS8,1.0
Reactome_2022,Asparagine N-linked Glycosylation R-HSA-446203,8/282,0.4088473385867649,1.1409411678373778,1.0204731237827687,B4GALT2;CAPZB;DDOST;DHDDS;FUCA1;MAN1C1;ST3GAL3;TRAPPC3,1.0
Reactome_2022,Citric Acid Cycle (TCA Cycle) R-HSA-71403,1/21,0.41253780555630915,1.9519037695009265,1.728269133500246,SDHB,1.0
Reactome_2022,Synaptic Adhesion-Like Molecules R-HSA-8849932,1/21,0.41253780555630915,1.9519037695009265,1.728269133500246,PTPRF,1.0
Reactome_2022,RHO GTPases Activate PAKs R-HSA-5627123,1/21,0.41253780555630915,1.9519037695009265,1.728269133500246,CDC42,1.0
Reactome_2022,"Synthesis, Secretion, And Inactivation Of Glucagon-like Peptide-1 (GLP-1) R-HSA-381771",1/21,0.41253780555630915,1.9519037695009265,1.728269133500246,GNB1,1.0
Reactome_2022,Cellular Hexose Transport R-HSA-189200,1/21,0.41253780555630915,1.9519037695009265,1.728269133500246,SLC2A1,1.0
Reactome_2022,NOTCH2 Activation And Transmission Of Signal To Nucleus R-HSA-2979096,1/21,0.41253780555630915,1.9519037695009265,1.728269133500246,MIB2,1.0
Reactome_2022,Deregulated CDK5 Triggers Neurodegenerative Pathways In Alzheimers Disease Models R-HSA-8862803,1/21,0.41253780555630915,1.9519037695009265,1.728269133500246,PRDX1,1.0
Reactome_2022,TP53 Regulates Transcription Of Additional Cell Cycle Genes With Uncertain Roles In P53 Pathway R-HSA-6804115,1/21,0.41253780555630915,1.9519037695009265,1.728269133500246,PLK3,1.0
Reactome_2022,Defects In Vitamin And Cofactor Metabolism R-HSA-3296482,1/21,0.41253780555630915,1.9519037695009265,1.728269133500246,MMACHC,1.0
Reactome_2022,Assembly Of Collagen Fibrils And Other Multimeric Structures R-HSA-2022090,2/57,0.41880560801895467,1.4198612354536808,1.23577396783195,COL8A2;COL9A2,1.0
Reactome_2022,Ribosomal Scanning And Start Codon Recognition R-HSA-72702,2/57,0.41880560801895467,1.4198612354536808,1.23577396783195,EIF3I;RPS8,1.0
Reactome_2022,Translation Initiation Complex Formation R-HSA-72649,2/57,0.41880560801895467,1.4198612354536808,1.23577396783195,EIF3I;RPS8,1.0
Reactome_2022,Neurexins And Neuroligins R-HSA-6794361,2/57,0.41880560801895467,1.4198612354536808,1.23577396783195,DLGAP3;EPB41,1.0
Reactome_2022,Signaling By ROBO Receptors R-HSA-376176,6/209,0.42413076116088055,1.1545641063823504,0.9902851887139688,CAP1;CDC42;PSMB2;RPL11;RPL22;RPS8,1.0
Reactome_2022,ERK/MAPK Targets R-HSA-198753,1/22,0.4272397975089512,1.8588605420020314,1.5807932899948398,RPS6KA1,1.0
Reactome_2022,Acyl Chain Remodelling Of PS R-HSA-1482801,1/22,0.4272397975089512,1.8588605420020314,1.5807932899948398,PLA2G5,1.0
Reactome_2022,RA Biosynthesis Pathway R-HSA-5365859,1/22,0.4272397975089512,1.8588605420020314,1.5807932899948398,DHRS3,1.0
Reactome_2022,ADP Signaling Thru P2Y Purinoceptor 12 R-HSA-392170,1/22,0.4272397975089512,1.8588605420020314,1.5807932899948398,GNB1,1.0
Reactome_2022,Laminin Interactions R-HSA-3000157,1/22,0.4272397975089512,1.8588605420020314,1.5807932899948398,HSPG2,1.0
Reactome_2022,Response Of Mtb To Phagocytosis R-HSA-9637690,1/22,0.4272397975089512,1.8588605420020314,1.5807932899948398,ENO1,1.0
Reactome_2022,Blood Group Systems Biosynthesis R-HSA-9033658,1/22,0.4272397975089512,1.8588605420020314,1.5807932899948398,ST3GAL3,1.0
Reactome_2022,Insertion Of Tail-Anchored Proteins Into Endoplasmic Reticulum Membrane R-HSA-9609523,1/22,0.4272397975089512,1.8588605420020314,1.5807932899948398,UBE2J2,1.0
Reactome_2022,Late SARS-CoV-2 Infection Events R-HSA-9772573,2/58,0.4274501515732472,1.394434855103144,1.1851547280706252,DDOST;ST3GAL3,1.0
Reactome_2022,Metabolism Of Polyamines R-HSA-351202,2/58,0.4274501515732472,1.394434855103144,1.1851547280706252,AZIN2;PSMB2,1.0
Reactome_2022,Formation Of RNA Pol II Elongation Complex R-HSA-112382,2/58,0.4274501515732472,1.394434855103144,1.1851547280706252,DMAP1;ELOA,1.0
Reactome_2022,mRNA 3-End Processing R-HSA-72187,2/58,0.4274501515732472,1.394434855103144,1.1851547280706252,SRRM1;SRSF4,1.0
Reactome_2022,"mRNA Activation Upon Binding Of Cap-Binding Complex And eIFs, Subsequent Binding To 43S R-HSA-72662",2/58,0.4274501515732472,1.394434855103144,1.1851547280706252,EIF3I;RPS8,1.0
Reactome_2022,Fatty Acid Metabolism R-HSA-8978868,5/173,0.4354329403735195,1.1623376394573446,0.9663843413217138,ACOT7;ELOVL1;MECR;PPT1;PRXL2B,1.0
Reactome_2022,RHOQ GTPase Cycle R-HSA-9013406,2/59,0.4360266913301562,1.3699006284491173,1.137088508301288,CDC42;VAMP3,1.0
Reactome_2022,Potential Therapeutics For SARS R-HSA-9679191,3/97,0.4384614018916855,1.2461577734194893,1.0274365152240186,HDAC1;KDM1A;RBBP4,1.0
Reactome_2022,Triglyceride Catabolism R-HSA-163560,1/23,0.4415745708218719,1.7742757897303085,1.45030788097773,FABP3,1.0
Reactome_2022,RHOBTB2 GTPase Cycle R-HSA-9013418,1/23,0.4415745708218719,1.7742757897303085,1.45030788097773,SRRM1,1.0
Reactome_2022,RHOBTB1 GTPase Cycle R-HSA-9013422,1/23,0.4415745708218719,1.7742757897303085,1.45030788097773,SRRM1,1.0
Reactome_2022,CD28 Dependent PI3K/Akt Signaling R-HSA-389357,1/23,0.4415745708218719,1.7742757897303085,1.45030788097773,MTOR,1.0
Reactome_2022,SARS-CoV Infections R-HSA-9679506,10/369,0.442824517727771,1.0881132180869397,0.8863571257811678,AGRN;DDOST;HDAC1;HSPG2;ISG15;KDM1A;RBBP4;RPS8;SDC3;ST3GAL3,1.0
Reactome_2022,Extracellular Matrix Organization R-HSA-1474244,8/291,0.4429748913154913,1.104139712109545,0.89903713646941,AGRN;COL16A1;COL8A2;COL9A2;HSPG2;P3H1;PLOD1;SDC3,1.0
Reactome_2022,Signaling By Rho GTPases R-HSA-194315,17/644,0.44419523258625554,1.0594371090021806,0.8597237851379509,ARHGEF10L;ARHGEF16;CAPZB;CDC42;DHDDS;EFHD2;EPHA2;KDM1A;MACO1;NUDC;PLEKHG5;PRKCZ;RCC2;SRRM1;UBXN11;VAMP3;WASF2,1.0
Reactome_2022,Response Of EIF2AK4 (GCN2) To Amino Acid Deficiency R-HSA-9633012,3/98,0.44504458977859956,1.2329767840447328,0.9981943313145123,RPL11;RPL22;RPS8,1.0
Reactome_2022,L1CAM Interactions R-HSA-373760,3/99,0.4515971046916028,1.2200703986152839,0.9699130911246627,EPHB2;LYPLA2;RPS6KA1,1.0
Reactome_2022,Nuclear Events (Kinase And Transcription Factor Activation) R-HSA-198725,2/61,0.45296788010094424,1.323327181241473,1.0479878684967652,ID3;RPS6KA1,1.0
Reactome_2022,Thromboxane Signaling Thru TP Receptor R-HSA-428930,1/24,0.45555127976661147,1.6970462333083005,1.334297492062717,GNB1,1.0
Reactome_2022,RHO GTPases Activate NADPH Oxidases R-HSA-5668599,1/24,0.45555127976661147,1.6970462333083005,1.334297492062717,PRKCZ,1.0
Reactome_2022,Aggrephagy R-HSA-9646399,1/24,0.45555127976661147,1.6970462333083005,1.334297492062717,PARK7,1.0
Reactome_2022,Defective Intrinsic Pathway For Apoptosis R-HSA-9734009,1/24,0.45555127976661147,1.6970462333083005,1.334297492062717,PRDX1,1.0
Reactome_2022,Synthesis Of Very Long-Chain Fatty acyl-CoAs R-HSA-75876,1/24,0.45555127976661147,1.6970462333083005,1.334297492062717,ELOVL1,1.0
Reactome_2022,"Incretin Synthesis, Secretion, And Inactivation R-HSA-400508",1/24,0.45555127976661147,1.6970462333083005,1.334297492062717,GNB1,1.0
Reactome_2022,G-protein Activation R-HSA-202040,1/24,0.45555127976661147,1.6970462333083005,1.334297492062717,GNB1,1.0
Reactome_2022,Signaling By Erythropoietin R-HSA-9006335,1/24,0.45555127976661147,1.6970462333083005,1.334297492062717,CLSTN1,1.0
Reactome_2022,Impaired BRCA2 Binding To PALB2 R-HSA-9709603,1/24,0.45555127976661147,1.6970462333083005,1.334297492062717,ARTN,1.0
Reactome_2022,Death Receptor Signaling R-HSA-73887,4/139,0.45960687472684775,1.156810013116883,0.8992853350171011,ARHGEF10L;ARHGEF16;HDAC1;PLEKHG5,1.0
Reactome_2022,RAC1 GTPase Cycle R-HSA-9013149,5/178,0.4598316526974303,1.1284521293603995,0.8766886239388613,CDC42;DHDDS;EPHA2;VAMP3;WASF2,1.0
Reactome_2022,Apoptosis R-HSA-109581,5/178,0.4598316526974303,1.1284521293603995,0.8766886239388613,CASP9;DFFA;DFFB;PSMB2;TP73,1.0
Reactome_2022,Regulation Of Actin Dynamics For Phagocytic Cup Formation R-HSA-2029482,2/62,0.46132893935007974,1.3012047938178422,1.0066692243180688,CDC42;WASF2,1.0
Reactome_2022,Adaptive Immune System R-HSA-1280218,19/733,0.46905026058022903,1.039308841784258,0.7868039267819106,CAPZB;CDC42;CLSTN1;FBXO2;FBXO44;FBXO6;HECTD3;KLHL21;MIB2;MTOR;PSMB2;RAP1GAP;RNF19B;RNF220;SPSB1;TNFRSF14;UBE2J2;UBR4;VAMP3,1.0
Reactome_2022,Termination Of O-glycan Biosynthesis R-HSA-977068,1/25,0.4691788508577558,1.6262524732547934,1.2307010976757609,ST3GAL3,1.0
Reactome_2022,Defective HDR Thru Homologous Recombination (HRR) Due To BRCA1 Loss-Of-Function R-HSA-9701192,1/25,0.4691788508577558,1.6262524732547934,1.2307010976757609,ARTN,1.0
Reactome_2022,G Beta:Gamma Signaling Thru PI3Kgamma R-HSA-392451,1/25,0.4691788508577558,1.6262524732547934,1.2307010976757609,GNB1,1.0
Reactome_2022,Inactivation Of CSF3 (G-CSF) Signaling R-HSA-9705462,1/25,0.4691788508577558,1.6262524732547934,1.2307010976757609,CSF3R,1.0
Reactome_2022,ADP Signaling Thru P2Y Purinoceptor 1 R-HSA-418592,1/25,0.4691788508577558,1.6262524732547934,1.2307010976757609,GNB1,1.0
Reactome_2022,Synthesis Of Substrates In N-glycan Biosythesis R-HSA-446219,2/63,0.46961480380184567,1.2798077305720352,0.9673330575545327,DHDDS;ST3GAL3,1.0
Reactome_2022,Potassium Channels R-HSA-1296071,3/102,0.4710584696684414,1.1829156526820217,0.8904670276030368,GNB1;KCNAB2;KCNQ4,1.0
Reactome_2022,Interleukin-20 Family Signaling R-HSA-8854691,1/26,0.4824659885083749,1.5611222140055667,1.1378158871876114,IFNLR1,1.0
Reactome_2022,Infection With Mycobacterium Tuberculosis R-HSA-9635486,1/26,0.4824659885083749,1.5611222140055667,1.1378158871876114,ENO1,1.0
Reactome_2022,Signaling By ALK R-HSA-201556,1/26,0.4824659885083749,1.5611222140055667,1.1378158871876114,HDAC1,1.0
Reactome_2022,Caspase Activation Via Extrinsic Apoptotic Signaling Pathway R-HSA-5357769,1/26,0.4824659885083749,1.5611222140055667,1.1378158871876114,CASP9,1.0
Reactome_2022,Insulin Receptor Recycling R-HSA-77387,1/26,0.4824659885083749,1.5611222140055667,1.1378158871876114,ATP6V0B,1.0
Reactome_2022,Cargo Recognition For Clathrin-Mediated Endocytosis R-HSA-8856825,3/104,0.48385789899336895,1.1593720512985684,0.8416623863349366,LDLRAP1;NECAP2;VAMP3,1.0
Reactome_2022,PI3K/AKT Signaling In Cancer R-HSA-2219528,3/105,0.49020200722822105,1.1479464800389512,0.8184143383362397,CASP9;CLSTN1;MTOR,1.0
Reactome_2022,Diseases Of Signal Transduction By Growth Factor Receptors And Second Messengers R-HSA-5663202,11/424,0.4932915835912122,1.0396123720217714,0.7346471064380677,AGTRAP;CASP9;CLCN6;CLSTN1;CNKSR1;HDAC1;HES5;HEYL;MIB2;MTOR;PSMB2,1.0
Reactome_2022,Resolution Of D-loop Structures Thru Synthesis-Dependent Strand Annealing (SDSA) R-HSA-5693554,1/27,0.4954211805453134,1.5010019746985883,1.0542242465461926,ARTN,1.0
Reactome_2022,Synthesis Of PC R-HSA-1483191,1/27,0.4954211805453134,1.5010019746985883,1.0542242465461926,MFSD2A,1.0
Reactome_2022,VEGFR2 Mediated Vascular Permeability R-HSA-5218920,1/27,0.4954211805453134,1.5010019746985883,1.0542242465461926,MTOR,1.0
Reactome_2022,Interleukin Receptor SHC Signaling R-HSA-912526,1/27,0.4954211805453134,1.5010019746985883,1.0542242465461926,CLSTN1,1.0
Reactome_2022,CREB1 Phosphorylation Thru NMDA Receptor-Mediated Activation Of RAS Signaling R-HSA-442742,1/27,0.4954211805453134,1.5010019746985883,1.0542242465461926,RPS6KA1,1.0
Reactome_2022,Signaling By BMP R-HSA-201451,1/27,0.4954211805453134,1.5010019746985883,1.0542242465461926,SKI,1.0
Reactome_2022,Postmitotic Nuclear Pore Complex (NPC) Reformation R-HSA-9615933,1/27,0.4954211805453134,1.5010019746985883,1.0542242465461926,RCC1,1.0
Reactome_2022,Acyl Chain Remodelling Of PC R-HSA-1482788,1/27,0.4954211805453134,1.5010019746985883,1.0542242465461926,PLA2G5,1.0
Reactome_2022,ATF4 Activates Genes In Response To Endoplasmic Reticulum Stress R-HSA-380994,1/27,0.4954211805453134,1.5010019746985883,1.0542242465461926,NFYC,1.0
Reactome_2022,HATs Acetylate Histones R-HSA-3214847,3/106,0.496507741562438,1.1367427645319481,0.7958974981976511,DMAP1;MEAF6;TAF12,1.0
Reactome_2022,Regulation Of PTEN Stability And Activity R-HSA-8948751,2/67,0.5019786768460874,1.2008031893567477,0.8275907201201327,OTUD3;PSMB2,1.0
Reactome_2022,Neutrophil Degranulation R-HSA-6798695,12/468,0.505682385048143,1.0269628785458427,0.7002310487952447,ATAD3B;CAP1;DDOST;FGR;FUCA1;KCNAB2;PADI2;PPIE;SLC2A5;TINAGL1;TNFRSF1B;UBR4,1.0
Reactome_2022,Digestion And Absorption R-HSA-8963743,1/28,0.5080527035877881,1.445335086451386,0.9787376899436766,SLC2A5,1.0
Reactome_2022,Notch-HLH Transcription Pathway R-HSA-350054,1/28,0.5080527035877881,1.445335086451386,0.9787376899436766,HDAC1,1.0
Reactome_2022,Metabolism Of Porphyrins R-HSA-189445,1/28,0.5080527035877881,1.445335086451386,0.9787376899436766,UROD,1.0
Reactome_2022,"Adrenaline,noradrenaline Inhibits Insulin Secretion R-HSA-400042",1/28,0.5080527035877881,1.445335086451386,0.9787376899436766,GNB1,1.0
Reactome_2022,Recycling Pathway Of L1 R-HSA-437239,1/28,0.5080527035877881,1.445335086451386,0.9787376899436766,RPS6KA1,1.0
Reactome_2022,Gene Silencing By RNA R-HSA-211000,3/108,0.5090004347874889,1.1149755458326278,0.7529501311234016,AGO1;AGO3;AGO4,1.0
Reactome_2022,RHO GTPase Effectors R-HSA-195258,7/269,0.5107209692861829,1.0425808443277502,0.7005433133293392,CDC42;DHDDS;KDM1A;NUDC;PRKCZ;RCC2;WASF2,1.0
Reactome_2022,DNA Repair R-HSA-73894,8/310,0.5138199183466898,1.0336509782908931,0.6882900234660657,ARTN;EYA3;FAAP20;ISG15;KDM4A;MAD2L2;MUTYH;PPIE,1.0
Reactome_2022,Degradation Of Extracellular Matrix R-HSA-1474228,3/109,0.515185670329533,1.1043999631626749,0.7324688886275222,COL16A1;COL9A2;HSPG2,1.0
Reactome_2022,Transcription Of HIV Genome R-HSA-167172,2/69,0.5176766865019251,1.164838435519938,0.766934738331503,ELOA;TAF12,1.0
Reactome_2022,Processing Of Capped Intronless Pre-mRNA R-HSA-75067,1/29,0.5203686282926798,1.3936444045075556,0.9103533569735521,LSM10,1.0
Reactome_2022,Acyl Chain Remodelling Of PE R-HSA-1482839,1/29,0.5203686282926798,1.3936444045075556,0.9103533569735521,PLA2G5,1.0
Reactome_2022,EGR2 And SOX10-mediated Initiation Of Schwann Cell Myelination R-HSA-9619665,1/29,0.5203686282926798,1.3936444045075556,0.9103533569735521,POU3F1,1.0
Reactome_2022,Myogenesis R-HSA-525793,1/29,0.5203686282926798,1.3936444045075556,0.9103533569735521,CDC42,1.0
Reactome_2022,"FOXO-mediated Transcription Of Oxidative Stress, Metabolic And Neuronal Genes R-HSA-9615017",1/29,0.5203686282926798,1.3936444045075556,0.9103533569735521,HDAC1,1.0
Reactome_2022,Activation Of G Protein Gated Potassium Channels R-HSA-1296041,1/29,0.5203686282926798,1.3936444045075556,0.9103533569735521,GNB1,1.0
Reactome_2022,Signaling By CSF3 (G-CSF) R-HSA-9674555,1/30,0.5323768244698199,1.3455185971805408,0.8482199339779595,CSF3R,1.0
Reactome_2022,Translation Of Structural Proteins R-HSA-9683701,1/30,0.5323768244698199,1.3455185971805408,0.8482199339779595,ST3GAL3,1.0
Reactome_2022,Activation Of BH3-only Proteins R-HSA-114452,1/30,0.5323768244698199,1.3455185971805408,0.8482199339779595,TP73,1.0
Reactome_2022,MAPK Targets/ Nuclear Events Mediated By MAP Kinases R-HSA-450282,1/30,0.5323768244698199,1.3455185971805408,0.8482199339779595,RPS6KA1,1.0
Reactome_2022,"Plasma Lipoprotein Assembly, Remodeling, And Clearance R-HSA-174824",2/71,0.5330422439594162,1.13095859494903,0.7115478035497963,LDLRAP1;TRNP1,1.0
Reactome_2022,Diseases Of Programmed Cell Death R-HSA-9645723,2/71,0.5330422439594162,1.13095859494903,0.7115478035497963,PRDX1;RBBP4,1.0
Reactome_2022,Interferon Alpha/Beta Signaling R-HSA-909733,2/72,0.54059858213067,1.1147446712472384,0.6856552215559794,IFI6;ISG15,1.0
Reactome_2022,Regulation Of RUNX2 Expression And Activity R-HSA-8939902,2/72,0.54059858213067,1.1147446712472384,0.6856552215559794,HIVEP3;PSMB2,1.0
Reactome_2022,MAPK Family Signaling Cascades R-HSA-5683057,8/318,0.5427852162489712,1.0065564972441312,0.6150478799692607,AGO1;AGO3;AGO4;ARTN;CDC42;CNKSR1;ICMT;PSMB2,1.0
Reactome_2022,Glyoxylate Metabolism And Glycine Degradation R-HSA-389661,1/31,0.5440849660704755,1.3006011770086603,0.7916107200006259,ALDH4A1,1.0
Reactome_2022,Antigen Activates B Cell Receptor Leading To Second Messenger Generation R-HSA-983695,1/31,0.5440849660704755,1.3006011770086603,0.7916107200006259,CLSTN1,1.0
Reactome_2022,Late Endosomal Microautophagy R-HSA-9615710,1/31,0.5440849660704755,1.3006011770086603,0.7916107200006259,PARK7,1.0
Reactome_2022,Activated NOTCH1 Transmits Signal To Nucleus R-HSA-2122948,1/31,0.5440849660704755,1.3006011770086603,0.7916107200006259,MIB2,1.0
Reactome_2022,EGFR Downregulation R-HSA-182971,1/31,0.5440849660704755,1.3006011770086603,0.7916107200006259,CDC42,1.0
Reactome_2022,Pausing And Recovery Of Tat-mediated HIV Elongation R-HSA-167238,1/31,0.5440849660704755,1.3006011770086603,0.7916107200006259,ELOA,1.0
Reactome_2022,Transferrin Endocytosis And Recycling R-HSA-917977,1/31,0.5440849660704755,1.3006011770086603,0.7916107200006259,ATP6V0B,1.0
Reactome_2022,Selenoamino Acid Metabolism R-HSA-2408522,3/114,0.5454698531174831,1.0543803153993847,0.6390680699779896,RPL11;RPL22;RPS8,1.0
Reactome_2022,Extra-nuclear Estrogen Signaling R-HSA-9009391,2/73,0.5480698553678847,1.0989874777905675,0.6608788967558565,GNB1;PRKCZ,1.0
Reactome_2022,Influenza Infection R-HSA-168255,4/157,0.5547887296069755,1.019765950871786,0.6008133689498357,ISG15;RPL11;RPL22;RPS8,1.0
Reactome_2022,Transport Of Mature mRNA Derived From An Intron-Containing Transcript R-HSA-159236,2/74,0.5554555867903456,1.0836679841521377,0.6371606071230386,SRRM1;SRSF4,1.0
Reactome_2022,Positive Epigenetic Regulation Of rRNA Expression R-HSA-5250913,2/74,0.5554555867903456,1.0836679841521377,0.6371606071230386,HDAC1;RBBP4,1.0
Reactome_2022,RNA Polymerase II Transcribes snRNA Genes R-HSA-6807505,2/74,0.5554555867903456,1.0836679841521377,0.6371606071230386,INTS11;SSU72,1.0
Reactome_2022,Gluconeogenesis R-HSA-70263,1/32,0.5555005360521854,1.2585816549123852,0.7399021633880875,ENO1,1.0
Reactome_2022,Thrombin Signaling Thru Proteinase Activated Receptors (PARs) R-HSA-456926,1/32,0.5555005360521854,1.2585816549123852,0.7399021633880875,GNB1,1.0
Reactome_2022,PERK Regulates Gene Expression R-HSA-381042,1/32,0.5555005360521854,1.2585816549123852,0.7399021633880875,NFYC,1.0
Reactome_2022,Termination Of Translesion DNA Synthesis R-HSA-5656169,1/32,0.5555005360521854,1.2585816549123852,0.7399021633880875,ISG15,1.0
Reactome_2022,Nuclear Signaling By ERBB4 R-HSA-1251985,1/32,0.5555005360521854,1.2585816549123852,0.7399021633880875,STMN1,1.0
Reactome_2022,Glucagon Signaling In Metabolic Regulation R-HSA-163359,1/32,0.5555005360521854,1.2585816549123852,0.7399021633880875,GNB1,1.0
Reactome_2022,"Inactivation, Recovery And Regulation Of Phototransduction Cascade R-HSA-2514859",1/32,0.5555005360521854,1.2585816549123852,0.7399021633880875,GNB1,1.0
Reactome_2022,Metabolism Of Amino Acids And Derivatives R-HSA-71291,9/364,0.5605686095329034,0.9885258402268051,0.5721623508312929,ALDH4A1;AZIN2;PSMB2;RIMKLA;RPL11;RPL22;RPS8;SERINC2;TINAGL1,1.0
Reactome_2022,ISG15 Antiviral Mechanism R-HSA-1169408,2/75,0.5627553763305426,1.0687682026681853,0.6144457898491446,EIF4G3;ISG15,1.0
Reactome_2022,SARS-CoV-2 Infection R-HSA-9694516,7/283,0.5645294765677102,0.9889760806392834,0.5654596139558346,AGRN;DDOST;HSPG2;ISG15;RPS8;SDC3;ST3GAL3,1.0
Reactome_2022,Phototransduction Cascade R-HSA-2514856,1/33,0.5666308311229934,1.2191883529471272,0.6925566262366807,GNB1,1.0
Reactome_2022,NOD1/2 Signaling Pathway R-HSA-168638,1/33,0.5666308311229934,1.2191883529471272,0.6925566262366807,CASP9,1.0
Reactome_2022,Glucagon-type Ligand Receptors R-HSA-420092,1/33,0.5666308311229934,1.2191883529471272,0.6925566262366807,GNB1,1.0
Reactome_2022,Plasma Lipoprotein Remodeling R-HSA-8963899,1/33,0.5666308311229934,1.2191883529471272,0.6925566262366807,TRNP1,1.0
Reactome_2022,Resolution Of D-loop Structures Thru Holliday Junction Intermediates R-HSA-5693568,1/33,0.5666308311229934,1.2191883529471272,0.6925566262366807,ARTN,1.0
Reactome_2022,Signaling By High-Kinase Activity BRAF Mutants R-HSA-6802948,1/33,0.5666308311229934,1.2191883529471272,0.6925566262366807,CNKSR1,1.0
Reactome_2022,HIV Elongation Arrest And Recovery R-HSA-167287,1/33,0.5666308311229934,1.2191883529471272,0.6925566262366807,ELOA,1.0
Reactome_2022,Signal Amplification R-HSA-392518,1/33,0.5666308311229934,1.2191883529471272,0.6925566262366807,GNB1,1.0
Reactome_2022,Sialic Acid Metabolism R-HSA-4085001,1/33,0.5666308311229934,1.2191883529471272,0.6925566262366807,ST3GAL3,1.0
Reactome_2022,SUMOylation Of DNA Damage Response And Repair Proteins R-HSA-3108214,2/76,0.5699688972059921,1.0542711179810966,0.5926832695293187,PHC2;SCMH1,1.0
Reactome_2022,RHO GTPases Activate Formins R-HSA-5663220,3/119,0.5746244570126919,1.008672706236378,0.5588435835576924,CDC42;NUDC;RCC2,1.0
Reactome_2022,Biosynthesis Of N-glycan Precursor (Dolichol LLO) And Transfer To Protein R-HSA-446193,2/77,0.5770958925188556,1.040160622218997,0.5718250096879988,DHDDS;ST3GAL3,1.0
Reactome_2022,Regulation Of Insulin Secretion R-HSA-422356,2/77,0.5770958925188556,1.040160622218997,0.5718250096879988,GNB1;SLC2A1,1.0
Reactome_2022,Transcriptional Regulation By E2F6 R-HSA-8953750,1/34,0.5774829663680735,1.1821825238282484,0.6491084445146983,RBBP4,1.0
Reactome_2022,COPI-independent Golgi-to-ER Retrograde Traffic R-HSA-6811436,1/34,0.5774829663680735,1.1821825238282484,0.6491084445146983,CAPZB,1.0
Reactome_2022,Resolution Of D-Loop Structures R-HSA-5693537,1/34,0.5774829663680735,1.1821825238282484,0.6491084445146983,ARTN,1.0
Reactome_2022,Detoxification Of Reactive Oxygen Species R-HSA-3299685,1/34,0.5774829663680735,1.1821825238282484,0.6491084445146983,PRDX1,1.0
Reactome_2022,EPHB-mediated Forward Signaling R-HSA-3928662,1/34,0.5774829663680735,1.1821825238282484,0.6491084445146983,CDC42,1.0
Reactome_2022,Nuclear Import Of Rev Protein R-HSA-180746,1/34,0.5774829663680735,1.1821825238282484,0.6491084445146983,RCC1,1.0
Reactome_2022,Nuclear Events Mediated By NFE2L2 R-HSA-9759194,2/78,0.5841361719792074,1.0264214552927418,0.551825885372429,PRDX1;PSMB2,1.0
Reactome_2022,RNA Polymerase I Promoter Clearance R-HSA-73854,2/78,0.5841361719792074,1.0264214552927418,0.551825885372429,HDAC1;RBBP4,1.0
Reactome_2022,Plasma Lipoprotein Clearance R-HSA-8964043,1/35,0.5880638797616401,1.1473535081869508,0.6091525779900099,LDLRAP1,1.0
Reactome_2022,RHOBTB GTPase Cycle R-HSA-9706574,1/35,0.5880638797616401,1.1473535081869508,0.6091525779900099,SRRM1,1.0
Reactome_2022,Negative Regulators Of DDX58/IFIH1 Signaling R-HSA-936440,1/35,0.5880638797616401,1.1473535081869508,0.6091525779900099,ISG15,1.0
Reactome_2022,Rev-mediated Nuclear Export Of HIV RNA R-HSA-165054,1/35,0.5880638797616401,1.1473535081869508,0.6091525779900099,RCC1,1.0
Reactome_2022,Impaired BRCA2 Binding To RAD51 R-HSA-9709570,1/35,0.5880638797616401,1.1473535081869508,0.6091525779900099,ARTN,1.0
Reactome_2022,Inwardly Rectifying K+ Channels R-HSA-1296065,1/35,0.5880638797616401,1.1473535081869508,0.6091525779900099,GNB1,1.0
Reactome_2022,Protein Localization R-HSA-9609507,4/164,0.5893254555298456,0.9747983679476137,0.5154506562295869,HMGCL;PEX10;PEX14;UBE2J2,1.0
Reactome_2022,RNA Polymerase I Transcription R-HSA-73864,2/79,0.5910896087479007,1.0130391498450908,0.5326434747884322,HDAC1;RBBP4,1.0
Reactome_2022,Programmed Cell Death R-HSA-5357801,5/208,0.5974739363714205,0.9601930447410869,0.49454225922784084,CASP9;DFFA;DFFB;PSMB2;TP73,1.0
Reactome_2022,Activated PKN1 Stimulates Transcription Of Androgen Receptor Regulated KLK2 And KLK3 R-HSA-5625886,1/36,0.598380336567009,1.11451472201087,0.5723353106764812,KDM1A,1.0
Reactome_2022,HSF1-dependent Transactivation R-HSA-3371571,1/36,0.598380336567009,1.11451472201087,0.5723353106764812,MTOR,1.0
Reactome_2022,Regulation Of TP53 Degradation R-HSA-6804757,1/36,0.598380336567009,1.11451472201087,0.5723353106764812,MTOR,1.0
Reactome_2022,Glutathione Conjugation R-HSA-156590,1/36,0.598380336567009,1.11451472201087,0.5723353106764812,AKR1A1,1.0
Reactome_2022,ROS And RNS Production In Phagocytes R-HSA-1222556,1/36,0.598380336567009,1.11451472201087,0.5723353106764812,ATP6V0B,1.0
Reactome_2022,RHOH GTPase Cycle R-HSA-9013407,1/36,0.598380336567009,1.11451472201087,0.5723353106764812,VAMP3,1.0
Reactome_2022,Regulation Of Expression Of SLITs And ROBOs R-HSA-9010553,4/167,0.6036380761460503,0.9567088670166801,0.48292795377030256,PSMB2;RPL11;RPL22;RPS8,1.0
Reactome_2022,Centrosome Maturation R-HSA-380287,2/81,0.6047357459708647,0.9872909165787243,0.4965714922684798,CDK11A;CDK11B,1.0
Reactome_2022,Signaling By NOTCH4 R-HSA-9013694,2/81,0.6047357459708647,0.9872909165787243,0.4965714922684798,HES5;PSMB2,1.0
Reactome_2022,Signaling By WNT R-HSA-195721,7/294,0.6048429082904352,0.9505268698502936,0.47791208792012385,AGO1;AGO3;AGO4;CTNNBIP1;GNB1;HDAC1;PSMB2,1.0
Reactome_2022,SUMO E3 Ligases SUMOylate Target Proteins R-HSA-3108232,4/168,0.6083413700942266,0.9508261024862952,0.47257872478325263,HDAC1;PARK7;PHC2;SCMH1,1.0
Reactome_2022,Triglyceride Metabolism R-HSA-8979227,1/37,0.6084389336275428,1.0835003128445717,0.5383465863324152,FABP3,1.0
Reactome_2022,HDR Thru Single Strand Annealing (SSA) R-HSA-5685938,1/37,0.6084389336275428,1.0835003128445717,0.5383465863324152,ARTN,1.0
Reactome_2022,MAP2K And MAPK Activation R-HSA-5674135,1/37,0.6084389336275428,1.0835003128445717,0.5383465863324152,CNKSR1,1.0
Reactome_2022,Cooperation Of PDCL (PhLP1) And TRiC/CCT In G-protein Beta Folding R-HSA-6814122,1/37,0.6084389336275428,1.0835003128445717,0.5383465863324152,GNB1,1.0
Reactome_2022,Regulation Of TP53 Expression And Degradation R-HSA-6806003,1/37,0.6084389336275428,1.0835003128445717,0.5383465863324152,MTOR,1.0
Reactome_2022,Interactions Of Rev With Host Cellular Proteins R-HSA-177243,1/37,0.6084389336275428,1.0835003128445717,0.5383465863324152,RCC1,1.0
Reactome_2022,Cleavage Of Damaged Purine R-HSA-110331,1/37,0.6084389336275428,1.0835003128445717,0.5383465863324152,MUTYH,1.0
Reactome_2022,Cyclin E Associated Events During G1/S Transition R-HSA-69202,2/82,0.6114284831835806,0.9748995793192855,0.4796089490075275,PSMB2;RBBP4,1.0
Reactome_2022,Immune System R-HSA-168256,47/1943,0.6177497559991023,0.9633246502516797,0.4640063463006999,ATAD3B;ATP6V0B;AURKAIP1;C1QA;C1QB;C1QC;CAP1;CAPZB;CASP9;CDC42;CLSTN1;CSF3R;DDOST;EIF4G3;FBXO2;FBXO44;FBXO6;FGR;FUCA1;HECTD3;IFI6;IFNLR1;ISG15;KCNAB2;KLHL21;MIB2;MTOR;PADI2;PPIE;PSMB2;RAP1GAP;RNF19B;RNF220;RPS6KA1;SLC2A5;SPSB1;TINAGL1;TNFRSF14;TNFRSF18;TNFRSF1B;TNFRSF25;TRIM62;TXLNA;UBE2J2;UBR4;VAMP3;WASF2,1.0
Reactome_2022,Transport Of Mature Transcript To Cytoplasm R-HSA-72202,2/83,0.6180344456835448,0.9628142010045242,0.46331686701750835,SRRM1;SRSF4,1.0
Reactome_2022,Antiviral Mechanism By IFN-stimulated Genes R-HSA-1169410,2/83,0.6180344456835448,0.9628142010045242,0.46331686701750835,EIF4G3;ISG15,1.0
Reactome_2022,Assembly Of ORC Complex At Origin Of Replication R-HSA-68616,1/38,0.6182461035512131,1.054162358227803,0.5069136564193013,KPNA6,1.0
Reactome_2022,Fanconi Anemia Pathway R-HSA-6783310,1/38,0.6182461035512131,1.054162358227803,0.5069136564193013,FAAP20,1.0
Reactome_2022,Association Of TriC/CCT With Target Proteins During Biosynthesis R-HSA-390471,1/38,0.6182461035512131,1.054162358227803,0.5069136564193013,FBXO6,1.0
Reactome_2022,FCGR3A-mediated IL10 Synthesis R-HSA-9664323,1/38,0.6182461035512131,1.054162358227803,0.5069136564193013,FGR,1.0
Reactome_2022,HSP90 Chaperone Cycle For Steroid Hormone Receptors (SHR) In Presence Of Ligand R-HSA-3371497,1/38,0.6182461035512131,1.054162358227803,0.5069136564193013,CAPZB,1.0
Reactome_2022,Resolution Of Abasic Sites (AP Sites) R-HSA-73933,1/38,0.6182461035512131,1.054162358227803,0.5069136564193013,MUTYH,1.0
Reactome_2022,Signaling By RAF1 Mutants R-HSA-9656223,1/38,0.6182461035512131,1.054162358227803,0.5069136564193013,CNKSR1,1.0
Reactome_2022,Cyclin A:Cdk2-associated Events At S Phase Entry R-HSA-69656,2/84,0.6245537804473907,0.9510235880145131,0.44766376487342374,PSMB2;RBBP4,1.0
Reactome_2022,Degradation Of Beta-Catenin By Destruction Complex R-HSA-195253,2/84,0.6245537804473907,0.9510235880145131,0.44766376487342374,HDAC1;PSMB2,1.0
Reactome_2022,Synthesis Of PA R-HSA-1483166,1/39,0.6278081187913891,1.026368506485601,0.47779578819140384,PLA2G5,1.0
Reactome_2022,Ovarian Tumor Domain Proteases R-HSA-5689896,1/39,0.6278081187913891,1.026368506485601,0.47779578819140384,OTUD3,1.0
Reactome_2022,NGF-stimulated Transcription R-HSA-9031628,1/39,0.6278081187913891,1.026368506485601,0.47779578819140384,ID3,1.0
Reactome_2022,G1/S Transition R-HSA-69206,3/129,0.6293088655901413,0.9281402519967948,0.4298524726338087,HDAC1;PSMB2;RBBP4,1.0
Reactome_2022,Hedgehog On State R-HSA-5632684,2/85,0.6309866812605202,0.9395170861808878,0.4326199249959512,PSMB2;PTCH2,1.0
Reactome_2022,SUMOylation R-HSA-2990846,4/174,0.6358333967454735,0.9169829041879634,0.415227010962264,HDAC1;PARK7;PHC2;SCMH1,1.0
Reactome_2022,Post-translational Protein Modification R-HSA-597592,33/1383,0.6364905216847322,0.9500356689737782,0.4292125795141347,ALPL;B4GALT2;CAPZB;DDOST;DHDDS;DPH2;FBXO2;FBXO44;FBXO6;FUCA1;HDAC1;ICMT;KLHL21;MAN1C1;MUL1;MXRA8;OTUD3;PARK7;PEX10;PEX14;PHC2;PIGV;PSMB2;PTP4A2;SCMH1;SPSB1;ST3GAL3;SVBP;TRAPPC3;UBE2J2;USP48;VWA1;WDTC1,1.0
Reactome_2022,Presynaptic Phase Of Homologous DNA Pairing And Strand Exchange R-HSA-5693616,1/40,0.6371310956264329,0.9999999804737684,0.45077983417083245,ARTN,1.0
Reactome_2022,Signaling By NTRKs R-HSA-166520,3/132,0.6447367865854171,0.9064152178298376,0.39783753878565253,ID3;PTPRU;RPS6KA1,1.0
Reactome_2022,"Sensory Perception Of Sweet, Bitter, And Umami (Glutamate) Taste R-HSA-9717207",1/41,0.6462209980406004,0.9749498807625273,0.4256765054390078,GNB1,1.0
Reactome_2022,Paradoxical Activation Of RAF Signaling By Kinase Inactive BRAF R-HSA-6802955,1/41,0.6462209980406004,0.9749498807625273,0.4256765054390078,CNKSR1,1.0
Reactome_2022,Carboxyterminal Post-Translational Modifications Of Tubulin R-HSA-8955332,1/41,0.6462209980406004,0.9749498807625273,0.4256765054390078,SVBP,1.0
Reactome_2022,Signaling By Retinoic Acid R-HSA-5362517,1/41,0.6462209980406004,0.9749498807625273,0.4256765054390078,DHRS3,1.0
Reactome_2022,Defective Homologous Recombination Repair (HRR) Due To BRCA2 Loss Of Function R-HSA-9701190,1/41,0.6462209980406004,0.9749498807625273,0.4256765054390078,ARTN,1.0
Reactome_2022,PRC2 Methylates Histones And DNA R-HSA-212300,1/42,0.655083641508695,0.9511217371347614,0.4023172230444335,RBBP4,1.0
Reactome_2022,Activation Of Gene Expression By SREBF (SREBP) R-HSA-2426168,1/42,0.655083641508695,0.9511217371347614,0.4023172230444335,NFYC,1.0
Reactome_2022,Activation Of GABAB Receptors R-HSA-991365,1/42,0.655083641508695,0.9511217371347614,0.4023172230444335,GNB1,1.0
Reactome_2022,Glucagon-like Peptide-1 (GLP1) Regulates Insulin Secretion R-HSA-381676,1/42,0.655083641508695,0.9511217371347614,0.4023172230444335,GNB1,1.0
Reactome_2022,NS1 Mediated Effects On Host Pathways R-HSA-168276,1/42,0.655083641508695,0.9511217371347614,0.4023172230444335,ISG15,1.0
Reactome_2022,Defective Pyroptosis R-HSA-9710421,1/42,0.655083641508695,0.9511217371347614,0.4023172230444335,RBBP4,1.0
Reactome_2022,tRNA Modification In Nucleus And Cytosol R-HSA-6782315,1/42,0.655083641508695,0.9511217371347614,0.4023172230444335,TRIT1,1.0
Reactome_2022,Intra-Golgi Traffic R-HSA-6811438,1/42,0.655083641508695,0.9511217371347614,0.4023172230444335,MAN1C1,1.0
Reactome_2022,Kinesins R-HSA-983189,1/42,0.655083641508695,0.9511217371347614,0.4023172230444335,KIF1B,1.0
Reactome_2022,Vasopressin Regulates Renal Water Homeostasis Via Aquaporins R-HSA-432040,1/42,0.655083641508695,0.9511217371347614,0.4023172230444335,GNB1,1.0
Reactome_2022,Signaling By SCF-KIT R-HSA-1433557,1/42,0.655083641508695,0.9511217371347614,0.4023172230444335,PTPRU,1.0
Reactome_2022,ER-Phagosome Pathway R-HSA-1236974,2/89,0.6558593258713906,0.8961362516817029,0.37799829613127345,PSMB2;VAMP3,1.0
Reactome_2022,Mitochondrial Biogenesis R-HSA-1592230,2/89,0.6558593258713906,0.8961362516817029,0.37799829613127345,DNAJC11;MICOS10,1.0
Reactome_2022,Metabolism Of Lipids R-HSA-556833,17/732,0.6571744666950866,0.9247129495382947,0.38819980889974237,ACOT7;CLSTN1;CPTP;ELOVL1;FABP3;HMGCL;LDLRAP1;MECR;MED18;MED8;MFSD2A;NFYC;OXCT2;PLA2G5;PPT1;PRXL2B;THRAP3,1.0
Reactome_2022,Respiratory Electron Transport R-HSA-611105,2/90,0.6618644374489302,0.8859072480924065,0.36560906765204365,NDUFS5;SDHB,1.0
Reactome_2022,Chaperonin-mediated Protein Folding R-HSA-390466,2/90,0.6618644374489302,0.8859072480924065,0.36560906765204365,FBXO6;GNB1,1.0
Reactome_2022,Homologous DNA Pairing And Strand Exchange R-HSA-5693579,1/43,0.6637246966868517,0.9284282670130798,0.38055144666004936,ARTN,1.0
Reactome_2022,Formation Of HIV-1 Elongation Complex Containing HIV-1 Tat R-HSA-167200,1/43,0.6637246966868517,0.9284282670130798,0.38055144666004936,ELOA,1.0
Reactome_2022,GPER1 Signaling R-HSA-9634597,1/43,0.6637246966868517,0.9284282670130798,0.38055144666004936,GNB1,1.0
Reactome_2022,Late Phase Of HIV Life Cycle R-HSA-162599,3/136,0.6645933180403498,0.8789730694084177,0.35913079667535047,ELOA;RCC1;TAF12,1.0
Reactome_2022,Intra-Golgi And Retrograde Golgi-to-ER Traffic R-HSA-6811442,4/181,0.6662889201107218,0.8803991079106706,0.3574701124466492,CAPZB;KIF1B;MAN1C1;VAMP3,1.0
Reactome_2022,Influenza Viral RNA Transcription And Replication R-HSA-168273,3/137,0.6694295971691787,0.8723685224935611,0.3501070281550955,RPL11;RPL22;RPS8,1.0
Reactome_2022,G2/M Transition R-HSA-69275,4/182,0.6704947172303868,0.8754077392372036,0.34993501271017863,CDK11A;CDK11B;PSMB2;RBBP4,1.0
Reactome_2022,Cellular Response To Chemical Stress R-HSA-9711123,4/182,0.6704947172303868,0.8754077392372036,0.34993501271017863,MUL1;PRDX1;PSMB2;SESN2,1.0
Reactome_2022,"Base-Excision Repair, AP Site Formation R-HSA-73929",1/44,0.6721496930117791,0.9067903071296158,0.3602443990990749,MUTYH,1.0
Reactome_2022,Interleukin-2 Family Signaling R-HSA-451927,1/44,0.6721496930117791,0.9067903071296158,0.3602443990990749,CLSTN1,1.0
Reactome_2022,"Interleukin-3, Interleukin-5 And GM-CSF Signaling R-HSA-512988",1/44,0.6721496930117791,0.9067903071296158,0.3602443990990749,CLSTN1,1.0
Reactome_2022,TP53 Regulates Transcription Of Cell Death Genes R-HSA-5633008,1/44,0.6721496930117791,0.9067903071296158,0.3602443990990749,TP73,1.0
Reactome_2022,Class B/2 (Secretin Family Receptors) R-HSA-373080,2/92,0.673621866006799,0.8661311744864333,0.342196608826402,GNB1;PTCH2,1.0
Reactome_2022,Post-translational Modification: Synthesis Of GPI-anchored Proteins R-HSA-163125,2/92,0.673621866006799,0.8661311744864333,0.342196608826402,ALPL;PIGV,1.0
Reactome_2022,Mitotic G2-G2/M Phases R-HSA-453274,4/184,0.6787966322766674,0.865591380846052,0.3353592773625641,CDK11A;CDK11B;PSMB2;RBBP4,1.0
Reactome_2022,Unattached Kinetochores Signal Amplification Via A MAD2 Inhibitory Signal R-HSA-141444,2/93,0.6793751298460649,0.8565691169187101,0.33113405672357343,NUDC;RCC2,1.0
Reactome_2022,Formation Of HIV Elongation Complex In Absence Of HIV Tat R-HSA-167152,1/45,0.6803640222107221,0.8861358908772183,0.34127512066551413,ELOA,1.0
Reactome_2022,TBC/RABGAPs R-HSA-8854214,1/45,0.6803640222107221,0.8861358908772183,0.34127512066551413,SYTL1,1.0
Reactome_2022,Glycosphingolipid Metabolism R-HSA-1660662,1/45,0.6803640222107221,0.8861358908772183,0.34127512066551413,CPTP,1.0
Reactome_2022,Interleukin-10 Signaling R-HSA-6783783,1/45,0.6803640222107221,0.8861358908772183,0.34127512066551413,TNFRSF1B,1.0
Reactome_2022,Cytokine Signaling In Immune System R-HSA-1280215,16/702,0.6832668523746144,0.9066332371771199,0.34530921015979577,AURKAIP1;CDC42;CLSTN1;CSF3R;EIF4G3;IFI6;IFNLR1;ISG15;PSMB2;RPS6KA1;TNFRSF14;TNFRSF18;TNFRSF1B;TNFRSF25;TRIM62;TXLNA,1.0
Reactome_2022,Hemostasis R-HSA-109582,13/576,0.6858096131681943,0.897877661380434,0.33863924834773856,CAP1;CAPZB;CDC42;FGR;GNB1;HDAC1;KDM1A;KIF1B;MFN2;PAFAH2;PDPN;PRKCZ;SDC3,1.0
Reactome_2022,HIV Transcription Initiation R-HSA-167161,1/46,0.6883729417243597,0.866399448680483,0.32353479951144853,TAF12,1.0
Reactome_2022,Metabolism Of Nucleotides R-HSA-15869,2/95,0.690633336901626,0.8380619087231166,0.31020545000076105,AK2;CTPS1,1.0
Reactome_2022,Transport Of Small Molecules R-HSA-382551,16/706,0.6918144597733046,0.9011857526105472,0.33203060863231265,ATP13A2;ATP6V0B;BEST4;CLCN6;CLCNKA;CLCNKB;GNB1;LDLRAP1;NIPAL3;PSMB2;SCNN1D;SLC2A1;SLC66A1;SLC6A9;SLC9A1;TRNP1,1.0
Reactome_2022,Clathrin-mediated Endocytosis R-HSA-8856828,3/142,0.6928444754934949,0.8407712296994629,0.30852077326311794,LDLRAP1;NECAP2;VAMP3,1.0
Reactome_2022,Protein Folding R-HSA-391251,2/96,0.6961393903146278,0.8291036324156752,0.30030578401685504,FBXO6;GNB1,1.0
Reactome_2022,SARS-CoV-2 Modulates Host Translation Machinery R-HSA-9754678,1/47,0.6961815780447878,0.8475211126662144,0.30692533390587734,RPS8,1.0
Reactome_2022,G Alpha (Z) Signaling Events R-HSA-418597,1/47,0.6961815780447878,0.8475211126662144,0.30692533390587734,GNB1,1.0
Reactome_2022,PKMTs Methylate Histone Lysines R-HSA-3214841,1/47,0.6961815780447878,0.8475211126662144,0.30692533390587734,RBBP4,1.0
Reactome_2022,Signaling By Receptor Tyrosine Kinases R-HSA-9006934,11/496,0.6991741613005984,0.8819387170644792,0.31560654117698855,ATP6V0B;CDC42;COL9A2;HDAC1;ID3;MTOR;PRKCZ;PTPRU;RPS6KA1;STMN1;WASF2,1.0
Reactome_2022,EML4 And NUDC In Mitotic Spindle Formation R-HSA-9648025,2/97,0.7015641900709,0.8203339513989165,0.29076152797126625,NUDC;RCC2,1.0
Reactome_2022,Cross-presentation Of Soluble Exogenous Antigens (Endosomes) R-HSA-1236978,1/48,0.7037949299706938,0.8294461100993615,0.29135809012756914,PSMB2,1.0
Reactome_2022,Retrograde Transport At Trans-Golgi-Network R-HSA-6811440,1/48,0.7037949299706938,0.8294461100993615,0.29135809012756914,VAMP3,1.0
Reactome_2022,RUNX1 Regulates Transcription Of Genes Involved In Differentiation Of HSCs R-HSA-8939236,2/98,0.7069083484103229,0.8117469720700072,0.28155789204644355,PSMB2;TP73,1.0
Reactome_2022,Netrin-1 Signaling R-HSA-373752,1/49,0.7112178717817731,0.8121242326394609,0.27675282598934386,CDC42,1.0
Reactome_2022,TP53 Regulates Transcription Of Cell Cycle Genes R-HSA-6791312,1/49,0.7112178717817731,0.8121242326394609,0.27675282598934386,PLK3,1.0
Reactome_2022,Signaling By EGFR R-HSA-177929,1/49,0.7112178717817731,0.8121242326394609,0.27675282598934386,CDC42,1.0
Reactome_2022,Regulation Of Activated PAK-2p34 By Proteasome Mediated Degradation R-HSA-211733,1/49,0.7112178717817731,0.8121242326394609,0.27675282598934386,PSMB2,1.0
Reactome_2022,RMTs Methylate Histone Arginines R-HSA-3214858,1/49,0.7112178717817731,0.8121242326394609,0.27675282598934386,ARID1A,1.0
Reactome_2022,Metabolism Of Proteins R-HSA-392499,44/1890,0.7147305482754364,0.9227822881686327,0.309916120388327,ALPL;AURKAIP1;B4GALT2;CAPZB;DDOST;DHDDS;DLGAP3;DPH2;EIF2B3;EIF3I;FBXO2;FBXO44;FBXO6;FUCA1;GNB1;HDAC1;HSPG2;ICMT;KLHL21;MAN1C1;MRPL20;MRPS15;MUL1;MXRA8;OTUD3;PARK7;PEX10;PEX14;PHC2;PIGV;PSMB2;PTP4A2;RPL11;RPL22;RPS8;SCMH1;SPSB1;ST3GAL3;SVBP;TRAPPC3;UBE2J2;USP48;VWA1;WDTC1,1.0
Reactome_2022,Mitotic G1 Phase And G1/S Transition R-HSA-453279,3/147,0.7149889806866008,0.8113681933493992,0.2722044125604987,HDAC1;PSMB2;RBBP4,1.0
Reactome_2022,Regulation Of Ornithine Decarboxylase (ODC) R-HSA-350562,1/50,0.7184551563343827,0.7955093705860867,0.26303675510082225,PSMB2,1.0
Reactome_2022,Aquaporin-mediated Transport R-HSA-445717,1/50,0.7184551563343827,0.7955093705860867,0.26303675510082225,GNB1,1.0
Reactome_2022,CDC42 GTPase Cycle R-HSA-9013148,3/149,0.72349468549557,0.8001708726571832,0.25898496778834085,ARHGEF16;CDC42;VAMP3,1.0
Reactome_2022,HIV Life Cycle R-HSA-162587,3/149,0.72349468549557,0.8001708726571832,0.25898496778834085,ELOA;RCC1;TAF12,1.0
Reactome_2022,DNA Double-Strand Break Repair R-HSA-5693532,3/149,0.72349468549557,0.8001708726571832,0.25898496778834085,ARTN;EYA3;KDM4A,1.0
Reactome_2022,Vpu Mediated Degradation Of CD4 R-HSA-180534,1/51,0.7255114180803882,0.7795591030148475,0.25014373112685545,PSMB2,1.0
Reactome_2022,Autodegradation Of E3 Ubiquitin Ligase COP1 R-HSA-349425,1/51,0.7255114180803882,0.7795591030148475,0.25014373112685545,PSMB2,1.0
Reactome_2022,Complex I Biogenesis R-HSA-6799198,1/51,0.7255114180803882,0.7795591030148475,0.25014373112685545,NDUFS5,1.0
Reactome_2022,Nonhomologous End-Joining (NHEJ) R-HSA-5693571,1/51,0.7255114180803882,0.7795591030148475,0.25014373112685545,ARTN,1.0
Reactome_2022,Synthesis Of PIPs At Plasma Membrane R-HSA-1660499,1/51,0.7255114180803882,0.7795591030148475,0.25014373112685545,CLSTN1,1.0
Reactome_2022,GSK3B And BTRC:CUL1-mediated-degradation Of NFE2L2 R-HSA-9762114,1/51,0.7255114180803882,0.7795591030148475,0.25014373112685545,PSMB2,1.0
Reactome_2022,Ubiquitin Mediated Degradation Of Phosphorylated Cdc25A R-HSA-69601,1/51,0.7255114180803882,0.7795591030148475,0.25014373112685545,PSMB2,1.0
Reactome_2022,Ubiquitin-dependent Degradation Of Cyclin D R-HSA-75815,1/51,0.7255114180803882,0.7795591030148475,0.25014373112685545,PSMB2,1.0
Reactome_2022,Signaling By PDGF R-HSA-186797,1/52,0.7323911760111017,0.7642343361326766,0.23801353469116196,COL9A2,1.0
Reactome_2022,Formation Of TC-NER Pre-Incision Complex R-HSA-6781823,1/52,0.7323911760111017,0.7642343361326766,0.23801353469116196,PPIE,1.0
Reactome_2022,SARS-CoV-1 Infection R-HSA-9678108,1/52,0.7323911760111017,0.7642343361326766,0.23801353469116196,ST3GAL3,1.0
Reactome_2022,Signaling By Non-Receptor Tyrosine Kinases R-HSA-9006927,1/52,0.7323911760111017,0.7642343361326766,0.23801353469116196,KHDRBS1,1.0
Reactome_2022,Regulation Of Apoptosis R-HSA-169911,1/52,0.7323911760111017,0.7642343361326766,0.23801353469116196,PSMB2,1.0
Reactome_2022,Antigen processing-Cross Presentation R-HSA-1236975,2/104,0.7373164882315374,0.7637609111143371,0.23274701167231962,PSMB2;VAMP3,1.0
Reactome_2022,Deposition Of New CENPA-containing Nucleosomes At Centromere R-HSA-606279,1/53,0.7390988365281685,0.7494989833613583,0.22659124835916478,RBBP4,1.0
Reactome_2022,"Nucleotide-binding Domain, Leucine Rich Repeat Containing NLR Signaling Pathways R-HSA-168643",1/53,0.7390988365281685,0.7494989833613583,0.22659124835916478,CASP9,1.0
Reactome_2022,Vif-mediated Degradation Of APOBEC3G R-HSA-180585,1/53,0.7390988365281685,0.7494989833613583,0.22659124835916478,PSMB2,1.0
Reactome_2022,Ion Transport By P-type ATPases R-HSA-936837,1/53,0.7390988365281685,0.7494989833613583,0.22659124835916478,ATP13A2,1.0
Reactome_2022,Negative Regulation Of NOTCH4 Signaling R-HSA-9604323,1/53,0.7390988365281685,0.7494989833613583,0.22659124835916478,PSMB2,1.0
Reactome_2022,Interferon Signaling R-HSA-913531,4/200,0.7399282084286274,0.7942725321266648,0.2392365650754684,EIF4G3;IFI6;ISG15;TRIM62,1.0
Reactome_2022,Integration Of Energy Metabolism R-HSA-163685,2/105,0.742114827668495,0.756306765723165,0.22556947117316226,GNB1;SLC2A1,1.0
Reactome_2022,tRNA Processing R-HSA-72306,2/105,0.742114827668495,0.756306765723165,0.22556947117316226,TRIT1;ZBTB8OS,1.0
Reactome_2022,Developmental Biology R-HSA-1266738,24/1073,0.7429434657978606,0.8868469990166205,0.2635135723958857,AGRN;ARTN;CAP1;CDC42;CLSTN1;COL9A2;CSF3R;EPHA10;EPHA2;EPHA8;EPHB2;KAZN;LYPLA2;MED18;MED8;POU3F1;PSMB2;RAP1GAP;RBBP4;RPL11;RPL22;RPS6KA1;RPS8;THRAP3,1.0
Reactome_2022,Pyruvate Metabolism And Citric Acid (TCA) Cycle R-HSA-71406,1/54,0.7456386962432092,0.7353196816380144,0.2158267074287607,SDHB,1.0
Reactome_2022,Regulation Of RUNX3 Expression And Activity R-HSA-8941858,1/54,0.7456386962432092,0.7353196816380144,0.2158267074287607,PSMB2,1.0
Reactome_2022,FBXL7 Down-Regulates AURKA During Mitotic Entry And In Early Mitosis R-HSA-8854050,1/54,0.7456386962432092,0.7353196816380144,0.2158267074287607,PSMB2,1.0
Reactome_2022,Degradation Of AXIN R-HSA-4641257,1/54,0.7456386962432092,0.7353196816380144,0.2158267074287607,PSMB2,1.0
Reactome_2022,AUF1 (hnRNP D0) Binds And Destabilizes mRNA R-HSA-450408,1/54,0.7456386962432092,0.7353196816380144,0.2158267074287607,PSMB2,1.0
Reactome_2022,SCF-beta-TrCP Mediated Degradation Of Emi1 R-HSA-174113,1/54,0.7456386962432092,0.7353196816380144,0.2158267074287607,PSMB2,1.0
Reactome_2022,Resolution Of Sister Chromatid Cohesion R-HSA-2500257,2/106,0.7468380408628423,0.7489959692818233,0.2186371140682197,NUDC;RCC2,1.0
Reactome_2022,Post-translational Protein Phosphorylation R-HSA-8957275,2/106,0.7468380408628423,0.7489959692818233,0.2186371140682197,MXRA8;VWA1,1.0
Reactome_2022,Golgi Associated Vesicle Biogenesis R-HSA-432722,1/55,0.752014944707984,0.7216655392377572,0.20567401615617775,PUM1,1.0
Reactome_2022,Degradation Of DVL R-HSA-4641258,1/55,0.752014944707984,0.7216655392377572,0.20567401615617775,PSMB2,1.0
Reactome_2022,Regulation Of Cholesterol Biosynthesis By SREBP (SREBF) R-HSA-1655829,1/55,0.752014944707984,0.7216655392377572,0.20567401615617775,NFYC,1.0
Reactome_2022,Hh Mutants Are Degraded By ERAD R-HSA-5362768,1/55,0.752014944707984,0.7216655392377572,0.20567401615617775,PSMB2,1.0
Reactome_2022,Neuronal System R-HSA-112316,8/386,0.752493530942222,0.8225577330985276,0.2339048852514712,DLGAP3;EPB41;GNB1;GRIK3;KCNAB2;KCNQ4;PTPRF;RPS6KA1,1.0
Reactome_2022,Meiotic Recombination R-HSA-912446,1/56,0.7582316670767987,0.7085079111066004,0.19609112062047457,ARTN,1.0
Reactome_2022,Stabilization Of P53 R-HSA-69541,1/56,0.7582316670767987,0.7085079111066004,0.19609112062047457,PSMB2,1.0
Reactome_2022,Signaling By B Cell Receptor (BCR) R-HSA-983705,2/109,0.760564455247931,0.7278834823624343,0.19921764541935671,CLSTN1;PSMB2,1.0
Reactome_2022,tRNA Processing In Nucleus R-HSA-6784531,1/57,0.7642928467028317,0.695820198265842,0.18703943074386273,ZBTB8OS,1.0
Reactome_2022,Signaling By ERBB4 R-HSA-1236394,1/57,0.7642928467028317,0.695820198265842,0.18703943074386273,STMN1,1.0
Reactome_2022,"Platelet Activation, Signaling And Aggregation R-HSA-76002",5/254,0.7643525443472012,0.7809419342457068,0.2098595199633296,CAP1;CDC42;GNB1;PDPN;PRKCZ,1.0
Reactome_2022,Mitotic Spindle Checkpoint R-HSA-69618,2/110,0.7649947399066567,0.721106634709297,0.19317460350623547,NUDC;RCC2,1.0
Reactome_2022,Assembly Of Pre-Replicative Complex R-HSA-68867,2/110,0.7649947399066567,0.721106634709297,0.19317460350623547,KPNA6;PSMB2,1.0
Reactome_2022,Infectious Disease R-HSA-5663205,21/961,0.7682498773974573,0.865633172107334,0.22821573513275098,AGRN;CDC42;DDOST;ELOA;ENO1;FGR;GNB1;HDAC1;HSPG2;ISG15;KDM1A;PSMB2;RBBP4;RCC1;RPL11;RPL22;RPS8;SDC3;ST3GAL3;TAF12;WASF2,1.0
Reactome_2022,NIK To Noncanonical NF-kB Signaling R-HSA-5676590,1/58,0.7702023676700172,0.6835776683317768,0.17848348508346934,PSMB2,1.0
Reactome_2022,Hh Mutants Abrogate Ligand Secretion R-HSA-5387390,1/58,0.7702023676700172,0.6835776683317768,0.17848348508346934,PSMB2,1.0
Reactome_2022,"Respiratory Electron Transport, ATP Synthesis By Chemiosmotic Coupling, Heat Production By Uncoupling Proteins R-HSA-163200",2/112,0.7736422055957416,0.7079225856386483,0.18168534342239936,NDUFS5;SDHB,1.0
Reactome_2022,Golgi-to-ER Retrograde Transport R-HSA-8856688,2/112,0.7736422055957416,0.7079225856386483,0.18168534342239936,CAPZB;KIF1B,1.0
Reactome_2022,Degradation Of GLI1 By Proteasome R-HSA-5610780,1/59,0.7759640172620837,0.6717572946023346,0.17039065293164796,PSMB2,1.0
Reactome_2022,O-linked Glycosylation Of Mucins R-HSA-913709,1/59,0.7759640172620837,0.6717572946023346,0.17039065293164796,ST3GAL3,1.0
Reactome_2022,Role Of GTSE1 In G2/M Progression After G2 Checkpoint R-HSA-8852276,1/59,0.7759640172620837,0.6717572946023346,0.17039065293164796,PSMB2,1.0
Reactome_2022,Arachidonic Acid Metabolism R-HSA-2142753,1/59,0.7759640172620837,0.6717572946023346,0.17039065293164796,PRXL2B,1.0
Reactome_2022,GABA Receptor Activation R-HSA-977443,1/59,0.7759640172620837,0.6717572946023346,0.17039065293164796,GNB1,1.0
Reactome_2022,Degradation Of GLI2 By Proteasome R-HSA-5610783,1/59,0.7759640172620837,0.6717572946023346,0.17039065293164796,PSMB2,1.0
Reactome_2022,Transcriptional Regulation Of Granulopoiesis R-HSA-9616222,1/59,0.7759640172620837,0.6717572946023346,0.17039065293164796,CSF3R,1.0
Reactome_2022,SCF(Skp2)-mediated Degradation Of P27/P21 R-HSA-187577,1/59,0.7759640172620837,0.6717572946023346,0.17039065293164796,PSMB2,1.0
Reactome_2022,GLI3 Is Processed To GLI3R By Proteasome R-HSA-5610785,1/59,0.7759640172620837,0.6717572946023346,0.17039065293164796,PSMB2,1.0
Reactome_2022,Iron Uptake And Transport R-HSA-917937,1/59,0.7759640172620837,0.6717572946023346,0.17039065293164796,ATP6V0B,1.0
Reactome_2022,rRNA Modification In Nucleus And Cytosol R-HSA-6790901,1/60,0.7815814883703007,0.6603376115077888,0.1627308690374859,UTP11,1.0
Reactome_2022,Formation Of beta-catenin:TCF Transactivating Complex R-HSA-201722,1/60,0.7815814883703007,0.6603376115077888,0.1627308690374859,HDAC1,1.0
Reactome_2022,Defective CFTR Causes Cystic Fibrosis R-HSA-5678895,1/60,0.7815814883703007,0.6603376115077888,0.1627308690374859,PSMB2,1.0
Reactome_2022,Signaling By NTRK1 (TRKA) R-HSA-187037,2/114,0.782010808004003,0.6952093954633799,0.170942756264128,ID3;RPS6KA1,1.0
Reactome_2022,DNA Damage/Telomere Stress Induced Senescence R-HSA-2559586,1/61,0.787058381841457,0.6492985845163944,0.155476396916813,ARTN,1.0
Reactome_2022,Post NMDA Receptor Activation Events R-HSA-438064,1/61,0.787058381841457,0.6492985845163944,0.155476396916813,RPS6KA1,1.0
Reactome_2022,Dectin-1 Mediated Noncanonical NF-kB Signaling R-HSA-5607761,1/61,0.787058381841457,0.6492985845163944,0.155476396916813,PSMB2,1.0
Reactome_2022,Epigenetic Regulation Of Gene Expression R-HSA-212165,2/116,0.7901069381965593,0.6829422821363664,0.1608923083124404,HDAC1;RBBP4,1.0
Reactome_2022,MAP Kinase Activation R-HSA-450294,1/62,0.7923982087675449,0.6386214928361933,0.14860161727231638,RPS6KA1,1.0
Reactome_2022,RHO GTPases Activate PKNs R-HSA-5625740,1/62,0.7923982087675449,0.6386214928361933,0.14860161727231638,KDM1A,1.0
Reactome_2022,RAB Geranylgeranylation R-HSA-8873719,1/62,0.7923982087675449,0.6386214928361933,0.14860161727231638,PTP4A2,1.0
Reactome_2022,Asymmetric Localization Of PCP Proteins R-HSA-4608870,1/62,0.7923982087675449,0.6386214928361933,0.14860161727231638,PSMB2,1.0
Reactome_2022,TP53 Regulates Transcription Of DNA Repair Genes R-HSA-6796648,1/62,0.7923982087675449,0.6386214928361933,0.14860161727231638,ELOA,1.0
Reactome_2022,Autodegradation Of Cdh1 By Cdh1:APC/C R-HSA-174084,1/63,0.7976043927186045,0.6282888234682568,0.1420828385159673,PSMB2,1.0
Reactome_2022,Biological Oxidations R-HSA-211859,4/218,0.7977010545241137,0.7267862383618241,0.16426922137174943,AKR1A1;AKR7A2;AKR7A3;AURKAIP1,1.0
Reactome_2022,Separation Of Sister Chromatids R-HSA-2467813,3/170,0.8011734501927776,0.6987915380067005,0.15490658009244124,NUDC;PSMB2;RCC2,1.0
Reactome_2022,Transcriptional Regulation By RUNX2 R-HSA-8878166,2/119,0.8017543461564925,0.6653279655642447,0.14700622300645044,HIVEP3;PSMB2,1.0
Reactome_2022,Signaling By Interleukins R-HSA-449147,9/453,0.8020732345387674,0.7867011458369888,0.17351115474585468,AURKAIP1;CDC42;CLSTN1;CSF3R;IFNLR1;PSMB2;RPS6KA1;TNFRSF1B;TXLNA,1.0
Reactome_2022,Hedgehog Ligand Biogenesis R-HSA-5358346,1/64,0.8026802719201244,0.618284175350096,0.13589812678667668,PSMB2,1.0
Reactome_2022,Oxygen-dependent Proline Hydroxylation Of Hypoxia-inducible Factor Alpha R-HSA-1234176,1/64,0.8026802719201244,0.618284175350096,0.13589812678667668,PSMB2,1.0
Reactome_2022,Gap-filling DNA Repair Synthesis And Ligation In TC-NER R-HSA-6782210,1/64,0.8026802719201244,0.618284175350096,0.13589812678667668,PPIE,1.0
Reactome_2022,Regulation Of RAS By GAPs R-HSA-5658442,1/65,0.8076291013763812,0.6085921724856278,0.13002715319812605,PSMB2,1.0
Reactome_2022,Dual Incision In TC-NER R-HSA-6782135,1/65,0.8076291013763812,0.6085921724856278,0.13002715319812605,PPIE,1.0
Reactome_2022,p53-Dependent G1 DNA Damage Response R-HSA-69563,1/65,0.8076291013763812,0.6085921724856278,0.13002715319812605,PSMB2,1.0
Reactome_2022,COPII-mediated Vesicle Transport R-HSA-204005,1/66,0.8124540549410568,0.5991983850939124,0.12445105634447923,TRAPPC3,1.0
Reactome_2022,Activation Of NF-kappaB In B Cells R-HSA-1169091,1/66,0.8124540549410568,0.5991983850939124,0.12445105634447923,PSMB2,1.0
Reactome_2022,Rab Regulation Of Trafficking R-HSA-9007101,2/122,0.8128250331324672,0.648594364820729,0.13441430959983428,SYTL1;TRAPPC3,1.0
Reactome_2022,Innate Immune System R-HSA-168249,22/1035,0.8130843694517536,0.8399467832638856,0.17380212383009114,ATAD3B;ATP6V0B;C1QA;C1QB;C1QC;CAP1;CASP9;CDC42;DDOST;FGR;FUCA1;ISG15;KCNAB2;PADI2;PPIE;PSMB2;RPS6KA1;SLC2A5;TINAGL1;TNFRSF1B;UBR4;WASF2,1.0
Reactome_2022,Regulation Of IGF Transport And Uptake By IGFBPs R-HSA-381426,2/123,0.8163908814096035,0.6432008902009181,0.13048103016472762,MXRA8;VWA1,1.0
Reactome_2022,G1/S DNA Damage Checkpoints R-HSA-69615,1/67,0.8171582273364354,0.5900892579261884,0.11915231834284926,PSMB2,1.0
Reactome_2022,HDR Thru Homologous Recombination (HRR) R-HSA-5685942,1/67,0.8171582273364354,0.5900892579261884,0.11915231834284926,ARTN,1.0
Reactome_2022,APC/C:Cdc20 Mediated Degradation Of Securin R-HSA-174154,1/67,0.8171582273364354,0.5900892579261884,0.11915231834284926,PSMB2,1.0
Reactome_2022,Orc1 Removal From Chromatin R-HSA-68949,1/69,0.8262162236168772,0.5726747501055396,0.10932290413626464,PSMB2,1.0
Reactome_2022,Glycolysis R-HSA-70171,1/69,0.8262162236168772,0.5726747501055396,0.10932290413626464,ENO1,1.0
Reactome_2022,Interleukin-17 Signaling R-HSA-448424,1/69,0.8262162236168772,0.5726747501055396,0.10932290413626464,RPS6KA1,1.0
Reactome_2022,HIV Infection R-HSA-162906,4/229,0.8276132442879957,0.6908602014835534,0.13071719584005223,ELOA;PSMB2;RCC1;TAF12,1.0
Reactome_2022,Disease R-HSA-1643685,38/1736,0.8283132620368687,0.862328466055893,0.1624315187598593,AGRN;AGTRAP;ARTN;B3GALT6;CASP9;CDC42;CLCN6;CLSTN1;CNKSR1;DDOST;DHDDS;ELOA;ENO1;FGR;GALE;GNB1;HDAC1;HES5;HEYL;HSPG2;ISG15;KDM1A;MIB2;MMACHC;MTOR;MUTYH;PRDX1;PSMB2;RBBP4;RCC1;RPL11;RPL22;RPS8;SDC3;SLC2A1;ST3GAL3;TAF12;WASF2,1.0
Reactome_2022,DNA Replication Pre-Initiation R-HSA-69002,2/127,0.8300538921124082,0.6224899476608444,0.11594787225661676,KPNA6;PSMB2,1.0
Reactome_2022,Glycerophospholipid Biosynthesis R-HSA-1483206,2/127,0.8300538921124082,0.6224899476608444,0.11594787225661676,MFSD2A;PLA2G5,1.0
Reactome_2022,trans-Golgi Network Vesicle Budding R-HSA-199992,1/71,0.8348263389792729,0.5562553570174993,0.10042164348467413,PUM1,1.0
Reactome_2022,Mitotic Anaphase R-HSA-68882,4/232,0.8351058844765447,0.6816638236223692,0.12283360861843597,NUDC;PSMB2;RCC1;RCC2,1.0
Reactome_2022,Neurotransmitter Receptors And Postsynaptic Signal Transmission R-HSA-112314,3/182,0.8367449895256106,0.6515405153124612,0.11612792767722477,GNB1;GRIK3;RPS6KA1,1.0
Reactome_2022,Mitotic Metaphase And Anaphase R-HSA-2555396,4/233,0.8375423399086096,0.6786519094756932,0.1203137596288042,NUDC;PSMB2;RCC1;RCC2,1.0
Reactome_2022,CDK-mediated Phosphorylation And Removal Of Cdc6 R-HSA-69017,1/72,0.8389703918926333,0.5483925490598461,0.09628668857717615,PSMB2,1.0
Reactome_2022,Base Excision Repair R-HSA-73884,1/72,0.8389703918926333,0.5483925490598461,0.09628668857717615,MUTYH,1.0
Reactome_2022,Cdc20:Phospho-APC/C Mediated Degradation Of Cyclin A R-HSA-174184,1/72,0.8389703918926333,0.5483925490598461,0.09628668857717615,PSMB2,1.0
Reactome_2022,Host Interactions Of HIV Factors R-HSA-162909,2/130,0.839693172954599,0.6078062130084093,0.10619512607600251,PSMB2;RCC1,1.0
Reactome_2022,APC:Cdc20 Mediated Degradation Of Cell Cycle Proteins Before Cycle Checkpoint Satisfied R-HSA-179419,1/73,0.843010677122144,0.54074815243435,0.0923466201573332,PSMB2,1.0
Reactome_2022,Cellular Response To Hypoxia R-HSA-1234174,1/73,0.843010677122144,0.54074815243435,0.0923466201573332,PSMB2,1.0
Reactome_2022,APC/C:Cdh1 Mediated Degradation Of Cdc20 And APC/C:Cdh1 Targets In Late Mitosis/Early G1 R-HSA-174178,1/73,0.843010677122144,0.54074815243435,0.0923466201573332,PSMB2,1.0
Reactome_2022,Activation Of NMDA Receptors And Postsynaptic Events R-HSA-442755,1/74,0.8469497879486069,0.5333131913328402,0.08859071723859156,RPS6KA1,1.0
Reactome_2022,NoRC Negatively Regulates rRNA Expression R-HSA-427413,1/74,0.8469497879486069,0.5333131913328402,0.08859071723859156,HDAC1,1.0
Reactome_2022,Formation Of Cornified Envelope R-HSA-6809371,1/74,0.8469497879486069,0.5333131913328402,0.08859071723859156,KAZN,1.0
Reactome_2022,ER To Golgi Anterograde Transport R-HSA-199977,2/133,0.8488350857465583,0.5937950158209713,0.09731727702765176,CAPZB;TRAPPC3,1.0
Reactome_2022,Nuclear Envelope (NE) Reassembly R-HSA-2995410,1/75,0.8507902529704727,0.5260791751259657,0.0850089508503224,RCC1,1.0
Reactome_2022,APC/C:Cdc20 Mediated Degradation Of Mitotic Proteins R-HSA-176409,1/75,0.8507902529704727,0.5260791751259657,0.0850089508503224,PSMB2,1.0
Reactome_2022,Activation Of APC/C And APC/C:Cdc20 Mediated Degradation Of Mitotic Proteins R-HSA-176814,1/76,0.854534537713999,0.5190380660179412,0.08159193203908363,PSMB2,1.0
Reactome_2022,Transcriptional Regulation By Small RNAs R-HSA-5578749,1/76,0.854534537713999,0.5190380660179412,0.08159193203908363,AGO1,1.0
Reactome_2022,Signaling By Hedgehog R-HSA-5358351,2/135,0.8546637721275473,0.5848053755202592,0.09184200955436161,PSMB2;PTCH2,1.0
Reactome_2022,ABC Transporter Disorders R-HSA-5619084,1/77,0.8581850462034089,0.5121822492548647,0.07833086435188555,PSMB2,1.0
Reactome_2022,Negative Epigenetic Regulation Of rRNA Expression R-HSA-5250941,1/77,0.8581850462034089,0.5121822492548647,0.07833086435188555,HDAC1,1.0
Reactome_2022,Transcription-Coupled Nucleotide Excision Repair (TC-NER) R-HSA-6781827,1/77,0.8581850462034089,0.5121822492548647,0.07833086435188555,PPIE,1.0
Reactome_2022,G2/M DNA Damage Checkpoint R-HSA-69473,1/77,0.8581850462034089,0.5121822492548647,0.07833086435188555,ARTN,1.0
Reactome_2022,Signaling By Insulin Receptor R-HSA-74752,1/77,0.8581850462034089,0.5121822492548647,0.07833086435188555,ATP6V0B,1.0
Reactome_2022,COPI-dependent Golgi-to-ER Retrograde Traffic R-HSA-6811434,1/78,0.8617441224920348,0.5055045056544655,0.07521750036522687,KIF1B,1.0
Reactome_2022,Constitutive Signaling By Aberrant PI3K In Cancer R-HSA-2219530,1/78,0.8617441224920348,0.5055045056544655,0.07521750036522687,CLSTN1,1.0
Reactome_2022,FCERI Mediated NF-kB Activation R-HSA-2871837,1/78,0.8617441224920348,0.5055045056544655,0.07521750036522687,PSMB2,1.0
Reactome_2022,Downstream Signaling Events Of B Cell Receptor (BCR) R-HSA-1168372,1/79,0.8652140521554212,0.4989979862489484,0.0722441018709364,PSMB2,1.0
Reactome_2022,Amyloid Fiber Formation R-HSA-977225,1/79,0.8652140521554212,0.4989979862489484,0.0722441018709364,HSPG2,1.0
Reactome_2022,Leishmania Infection R-HSA-9658195,4/247,0.8685964679979981,0.6390880001909611,0.09003256067629513,CDC42;FGR;GNB1;WASF2,1.0
Reactome_2022,Regulation Of APC/C Activators Between G1/S And Early Anaphase R-HSA-176408,1/80,0.8685970637473237,0.4926561888536975,0.06940340337150123,PSMB2,1.0
Reactome_2022,COPI-mediated Anterograde Transport R-HSA-6807878,1/80,0.8685970637473237,0.4926561888536975,0.06940340337150123,CAPZB,1.0
Reactome_2022,Processing Of DNA Double-Strand Break Ends R-HSA-5693607,1/80,0.8685970637473237,0.4926561888536975,0.06940340337150123,ARTN,1.0
Reactome_2022,DDX58/IFIH1-mediated Induction Of Interferon-Alpha/Beta R-HSA-168928,1/81,0.8718953302195294,0.48647293639332795,0.0666885785742909,ISG15,1.0
Reactome_2022,Senescence-Associated Secretory Phenotype (SASP) R-HSA-2559582,1/81,0.8718953302195294,0.48647293639332795,0.0666885785742909,RPS6KA1,1.0
Reactome_2022,PI Metabolism R-HSA-1483255,1/82,0.8751109703063928,0.48044235683321435,0.06409320960654814,CLSTN1,1.0
Reactome_2022,TCF Dependent Signaling In Response To WNT R-HSA-201681,3/198,0.8755488786250212,0.5975855013641673,0.07942168240916514,CTNNBIP1;HDAC1;PSMB2,1.0
Reactome_2022,Ub-specific Processing Proteases R-HSA-5689880,3/201,0.8818424462258665,0.5884397177498258,0.07399151127416478,MUL1;PSMB2;USP48,1.0
Reactome_2022,Membrane Trafficking R-HSA-199991,11/599,0.8870341410932224,0.7235090211029275,0.08672833366159186,CAPZB;GJA4;GJB3;KIF1B;LDLRAP1;MAN1C1;NECAP2;PUM1;SYTL1;TRAPPC3;VAMP3,1.0
Reactome_2022,Cell Junction Organization R-HSA-446728,1/86,0.887187818551639,0.45773899848925736,0.0547907050432783,FBLIM1,1.0
Reactome_2022,"Transport Of Bile Salts And Organic Acids, Metal Ions And Amine Compounds R-HSA-425366",1/86,0.887187818551639,0.45773899848925736,0.0547907050432783,SLC6A9,1.0
Reactome_2022,G2/M Checkpoints R-HSA-69481,2/148,0.8878043452360002,0.5323760692459005,0.06335482435868736,ARTN;PSMB2,1.0
Reactome_2022,APC/C-mediated Degradation Of Cell Cycle Proteins R-HSA-174143,1/87,0.890020302769987,0.4523931495768721,0.05270878024768183,PSMB2,1.0
Reactome_2022,Opioid Signaling R-HSA-111885,1/88,0.8927818077473891,0.4471701937429325,0.05071494188669853,GNB1,1.0
Reactome_2022,Regulation Of mRNA Stability By Proteins That Bind AU-rich Elements R-HSA-450531,1/88,0.8927818077473891,0.4471701937429325,0.05071494188669853,PSMB2,1.0
Reactome_2022,PCP/CE Pathway R-HSA-4086400,1/88,0.8927818077473891,0.4471701937429325,0.05071494188669853,PSMB2,1.0
Reactome_2022,Meiosis R-HSA-1500620,1/88,0.8927818077473891,0.4471701937429325,0.05071494188669853,ARTN,1.0
Reactome_2022,Phospholipid Metabolism R-HSA-1483257,3/208,0.8954385901607497,0.5681405394838485,0.06274637058335969,CLSTN1;MFSD2A;PLA2G5,1.0
Reactome_2022,RAB GEFs Exchange GTP For GDP On RABs R-HSA-8876198,1/89,0.895474108677798,0.4420659414506734,0.04880495107069118,TRAPPC3,1.0
Reactome_2022,Peptide Hormone Metabolism R-HSA-2980736,1/89,0.895474108677798,0.4420659414506734,0.04880495107069118,GNB1,1.0
Reactome_2022,Interferon Gamma Signaling R-HSA-877300,1/89,0.895474108677798,0.4420659414506734,0.04880495107069118,TRIM62,1.0
Reactome_2022,Sphingolipid Metabolism R-HSA-428157,1/89,0.895474108677798,0.4420659414506734,0.04880495107069118,CPTP,1.0
Reactome_2022,Glucose Metabolism R-HSA-70326,1/89,0.895474108677798,0.4420659414506734,0.04880495107069118,ENO1,1.0
Reactome_2022,Switching Of Origins To A Post-Replicative State R-HSA-69052,1/90,0.8980989364444146,0.4370763914571167,0.04697480376263531,PSMB2,1.0
Reactome_2022,Metabolism Of Steroids R-HSA-8957322,2/153,0.8985749285251062,0.5146147403246328,0.055035567748625135,LDLRAP1;NFYC,1.0
Reactome_2022,Activation Of HOX Genes During Differentiation R-HSA-5619507,1/91,0.9006579787235605,0.4321977203523057,0.04522071579044994,RBBP4,1.0
Reactome_2022,DNA Replication R-HSA-69306,2/155,0.9026074338894274,0.5078352526840967,0.05203663695914162,KPNA6;PSMB2,1.0
Reactome_2022,Downstream TCR Signaling R-HSA-202424,1/94,0.9079566437145213,0.4181912129868806,0.04037997927480913,PSMB2,1.0
Reactome_2022,Cell Cycle Checkpoints R-HSA-69620,4/271,0.9100249618468904,0.5809169875026553,0.05477074112422356,ARTN;NUDC;PSMB2;RCC2,1.0
Reactome_2022,RAF/MAP Kinase Cascade R-HSA-5673001,4/271,0.9100249618468904,0.5809169875026553,0.05477074112422356,ARTN;CNKSR1;ICMT;PSMB2,1.0
Reactome_2022,UCH Proteinases R-HSA-5689603,1/95,0.9102685937869991,0.413721051061745,0.03889621837379907,PSMB2,1.0
Reactome_2022,Transcriptional Regulation By RUNX3 R-HSA-8878159,1/95,0.9102685937869991,0.413721051061745,0.03889621837379907,PSMB2,1.0
Reactome_2022,MyD88 Cascade Initiated On Plasma Membrane R-HSA-975871,1/96,0.9125225854024976,0.4093449978087174,0.03747244100879751,RPS6KA1,1.0
Reactome_2022,HCMV Early Events R-HSA-9609690,1/96,0.9125225854024976,0.4093449978087174,0.03747244100879751,RBBP4,1.0
Reactome_2022,S Phase R-HSA-69242,2/161,0.9138251163398331,0.48852010865162565,0.04402350968541363,PSMB2;RBBP4,1.0
Reactome_2022,Anchoring Of Basal Body To Plasma Membrane R-HSA-5620912,1/97,0.9147200686872017,0.4050601123317947,0.03610592277680896,NPHP4,1.0
Reactome_2022,Hedgehog Off State R-HSA-5610787,1/98,0.9168624575560356,0.40086357500903524,0.034794080313570085,PSMB2,1.0
Reactome_2022,Citric Acid (TCA) Cycle And Respiratory Electron Transport R-HSA-1428517,2/163,0.9172871135790677,0.4824016468773647,0.04164802788520666,NDUFS5;SDHB,1.0
Reactome_2022,MAPK1/MAPK3 Signaling R-HSA-5684996,4/277,0.9183769609218098,0.5679723390747632,0.04836133377253127,ARTN;CNKSR1;ICMT;PSMB2,1.0
Reactome_2022,SLC Transporter Disorders R-HSA-5619102,1/99,0.9189511306151241,0.39675268130510755,0.03353446293736691,SLC2A1,1.0
Reactome_2022,Cellular Response To Heat Stress R-HSA-3371556,1/99,0.9189511306151241,0.39675268130510755,0.03353446293736691,MTOR,1.0
Reactome_2022,CLEC7A (Dectin-1) Signaling R-HSA-5607764,1/99,0.9189511306151241,0.39675268130510755,0.03353446293736691,PSMB2,1.0
Reactome_2022,Anti-inflammatory Response Favoring Leishmania Infection R-HSA-9662851,2/165,0.9206182176574943,0.47643333140431254,0.03940573361521686,FGR;GNB1,1.0
Reactome_2022,Deubiquitination R-HSA-5688426,4/279,0.9210030846782387,0.5637829801290088,0.046394768936364045,MUL1;OTUD3;PSMB2;USP48,1.0
Reactome_2022,TRAF6 Mediated Induction Of NFkB And MAP Kinases Upon TLR7/8 Or 9 Activation R-HSA-975138,1/101,0.9229726724427677,0.38877754751948795,0.031162717897122303,RPS6KA1,1.0
Reactome_2022,MyD88 Dependent Cascade Initiated On Endosome R-HSA-975155,1/102,0.9249081296908012,0.38490842320765273,0.030046284713637628,RPS6KA1,1.0
Reactome_2022,ABC-family Proteins Mediated Transport R-HSA-382556,1/102,0.9249081296908012,0.38490842320765273,0.030046284713637628,PSMB2,1.0
Reactome_2022,Vesicle-mediated Transport R-HSA-5653656,11/637,0.9258911070158107,0.6782244388179405,0.05222236365357747,CAPZB;GJA4;GJB3;KIF1B;LDLRAP1;MAN1C1;NECAP2;PUM1;SYTL1;TRAPPC3;VAMP3,1.0
Reactome_2022,Toll Like Receptor 7/8 (TLR7/8) Cascade R-HSA-168181,1/103,0.9267950497407861,0.3811151640784025,0.028973452443443556,RPS6KA1,1.0
Reactome_2022,Toll Like Receptor 3 (TLR3) Cascade R-HSA-168164,1/103,0.9267950497407861,0.3811151640784025,0.028973452443443556,RPS6KA1,1.0
Reactome_2022,MHC Class II Antigen Presentation R-HSA-2132295,1/104,0.9286346474253419,0.3773955604662251,0.027942326775395064,CAPZB,1.0
Reactome_2022,Phase I - Functionalization Of Compounds R-HSA-211945,1/104,0.9286346474253419,0.3773955604662251,0.027942326775395064,AURKAIP1,1.0
Reactome_2022,Transport Of Inorganic Cations/Anions And Amino Acids/Oligopeptides R-HSA-425393,1/104,0.9286346474253419,0.3773955604662251,0.027942326775395064,SLC9A1,1.0
Reactome_2022,"PI5P, PP2A And IER3 Regulate PI3K/AKT Signaling R-HSA-6811558",1/106,0.9321765840532471,0.370168902019709,0.02599807781673693,CLSTN1,1.0
Reactome_2022,Toll Like Receptor 9 (TLR9) Cascade R-HSA-168138,1/106,0.9321765840532471,0.370168902019709,0.02599807781673693,RPS6KA1,1.0
Reactome_2022,Phase II - Conjugation Of Compounds R-HSA-156580,1/107,0.9338812039373015,0.3666578368310714,0.025081610464849812,AKR1A1,1.0
Reactome_2022,Interleukin-4 And Interleukin-13 Signaling R-HSA-6785807,1/107,0.9338812039373015,0.3666578368310714,0.025081610464849812,TNFRSF1B,1.0
Reactome_2022,O-linked Glycosylation R-HSA-5173105,1/107,0.9338812039373015,0.3666578368310714,0.025081610464849812,ST3GAL3,1.0
Reactome_2022,MyD88-independent TLR4 Cascade R-HSA-166166,1/107,0.9338812039373015,0.3666578368310714,0.025081610464849812,RPS6KA1,1.0
Reactome_2022,Nucleotide Excision Repair R-HSA-5696398,1/108,0.9355430647944547,0.3632123990291374,0.024200152167584497,PPIE,1.0
Reactome_2022,Disorders Of Transmembrane Transporters R-HSA-5619115,2/176,0.9367925775870365,0.44606009375265937,0.02912477561418686,PSMB2;SLC2A1,1.0
Reactome_2022,MyD88:MAL(TIRAP) Cascade Initiated On Plasma Membrane R-HSA-166058,1/112,0.9417839303385883,0.35005144742535327,0.020995877196220876,RPS6KA1,1.0
Reactome_2022,Reproduction R-HSA-1474165,1/113,0.9432475282283059,0.3469080951449852,0.020268639914240986,ARTN,1.0
Reactome_2022,Negative Regulation Of PI3K/AKT Network R-HSA-199418,1/113,0.9432475282283059,0.3469080951449852,0.020268639914240986,CLSTN1,1.0
Reactome_2022,Interleukin-1 Signaling R-HSA-9020702,1/114,0.9446744018586095,0.34382037741825194,0.019568522737954022,PSMB2,1.0
Reactome_2022,HDR Thru Homologous Recombination (HRR) Or Single Strand Annealing (SSA) R-HSA-5693567,1/114,0.9446744018586095,0.34382037741825194,0.019568522737954022,ARTN,1.0
Reactome_2022,TCR Signaling R-HSA-202403,1/116,0.9474216320597054,0.33780604028096284,0.018245260848445438,PSMB2,1.0
Reactome_2022,Transmission Across Chemical Synapses R-HSA-112315,3/246,0.9474990645597273,0.47835158165127106,0.02579717996713719,GNB1;GRIK3;RPS6KA1,1.0
Reactome_2022,SLC-mediated Transmembrane Transport R-HSA-425407,3/247,0.9484691784518798,0.4763663857544119,0.02520263294395753,SLC2A1;SLC6A9;SLC9A1,1.0
Reactome_2022,Mitotic Prometaphase R-HSA-68877,2/186,0.9487420047988326,0.4215994329956461,0.022183878075856353,NUDC;RCC2,1.0
Reactome_2022,Chromosome Maintenance R-HSA-73886,1/118,0.9500327059441113,0.33199732150734174,0.01701780677012682,RBBP4,1.0
Reactome_2022,Synthesis Of DNA R-HSA-69239,1/119,0.9512893022134978,0.3291668017659586,0.016437620444444554,PSMB2,1.0
Reactome_2022,Homology Directed Repair R-HSA-5693538,1/119,0.9512893022134978,0.3291668017659586,0.016437620444444554,ARTN,1.0
Reactome_2022,"Cell Cycle, Mitotic R-HSA-69278",8/523,0.952221000281068,0.5994158852040737,0.029346279620730668,CDK11A;CDK11B;HDAC1;NUDC;PSMB2;RBBP4;RCC1;RCC2,1.0
Reactome_2022,Cell-Cell Communication R-HSA-1500931,1/120,0.9525143587445201,0.3263838537849348,0.01587860624297244,FBLIM1,1.0
Reactome_2022,HCMV Infection R-HSA-9609646,1/121,0.9537086656171427,0.3236472882702614,0.015339922213934242,RBBP4,1.0
Reactome_2022,SARS-CoV-2 Activates/Modulates Innate And Adaptive Immune Responses R-HSA-9705671,1/121,0.9537086656171427,0.3236472882702614,0.015339922213934242,ISG15,1.0
Reactome_2022,Platelet Degranulation R-HSA-114608,1/125,0.958193517033077,0.3131424077461926,0.01337290946093475,CAP1,1.0
Reactome_2022,Peptide Ligand-Binding Receptors R-HSA-375276,2/196,0.9585198396422087,0.3996604898424487,0.016931623876064738,CORT;ECE1,1.0
Reactome_2022,SARS-CoV-2-host Interactions R-HSA-9705683,2/196,0.9585198396422087,0.3996604898424487,0.016931623876064738,ISG15;RPS8,1.0
Reactome_2022,Response To Elevated Platelet Cytosolic Ca2+ R-HSA-76005,1/130,0.9631946575636597,0.3009274303926242,0.011284703706481566,CAP1,1.0
Reactome_2022,Fc Epsilon Receptor (FCERI) Signaling R-HSA-2454202,1/130,0.9631946575636597,0.3009274303926242,0.011284703706481566,PSMB2,1.0
Reactome_2022,ADORA2B Mediated Anti-Inflammatory Cytokine Production R-HSA-9660821,1/131,0.9641208111227021,0.2985971885590204,0.010910343981142937,GNB1,1.0
Reactome_2022,Cell Surface Interactions At Vascular Wall R-HSA-202733,1/134,0.9667620299897066,0.291816710441692,0.009864252490266246,SDC3,1.0
Reactome_2022,Organelle Biogenesis And Maintenance R-HSA-1852241,3/275,0.9697181718888499,0.42670729427562554,0.013121161459318915,DNAJC11;MICOS10;NPHP4,1.0
Reactome_2022,G Alpha (Q) Signaling Events R-HSA-416476,2/212,0.9705531393269787,0.3689041809648233,0.011026222545115325,GNB1;RPS6KA1,1.0
Reactome_2022,Toll Like Receptor 4 (TLR4) Cascade R-HSA-166016,1/140,0.9714764877119437,0.2791338017330202,0.008077633271569826,RPS6KA1,1.0
Reactome_2022,C-type Lectin Receptors (CLRs) R-HSA-5621481,1/141,0.9721946023214114,0.2771256745208138,0.007814746267674422,PSMB2,1.0
Reactome_2022,Sensory Perception R-HSA-9709957,9/616,0.9728904447791891,0.5705231116503143,0.015680142199796562,AGRN;CAPZB;DHRS3;ESPN;GNB1;HSPG2;KCNQ4;SCNN1D;SDC3,1.0
Reactome_2022,Interleukin-1 Family Signaling R-HSA-446652,1/152,0.9789971118997403,0.2567917241402606,0.005450811746825784,PSMB2,1.0
Reactome_2022,G Alpha (S) Signaling Events R-HSA-418555,1/153,0.9795262052114155,0.25508912063949657,0.0052768470901956585,GNB1,1.0
Reactome_2022,Toll-like Receptor Cascades R-HSA-168898,1/162,0.983727778805426,0.24071745506472442,0.003949226878647299,RPS6KA1,1.0
Reactome_2022,Cell Cycle R-HSA-1640170,9/654,0.9842005391555492,0.535830993965456,0.008533431545376271,ARTN;CDK11A;CDK11B;HDAC1;NUDC;PSMB2;RBBP4;RCC1;RCC2,1.0
Reactome_2022,M Phase R-HSA-68886,4/380,0.9866296650094704,0.41017500910336935,0.005521170027135022,NUDC;PSMB2;RCC1;RCC2,1.0
Reactome_2022,Signaling By GPCR R-HSA-372790,9/689,0.9905911043089259,0.5073080047930562,0.004795805263507082,ARHGEF10L;ARHGEF16;CDC42;CORT;ECE1;GNB1;PLEKHG5;PTCH2;RPS6KA1,1.0
Reactome_2022,Cilium Assembly R-HSA-5617833,1/186,0.9911850761046116,0.20922926526486332,0.0018525169968279325,NPHP4,1.0
Reactome_2022,Keratinization R-HSA-6805567,1/208,0.994977859013866,0.1867793521668142,0.0009403956211024041,KAZN,1.0
Reactome_2022,GPCR Downstream Signaling R-HSA-388396,7/619,0.9952787106306349,0.4382134105852322,0.0020738317581883666,ARHGEF10L;ARHGEF16;CDC42;CORT;GNB1;PLEKHG5;RPS6KA1,1.0
Reactome_2022,G Alpha (I) Signaling Events R-HSA-418594,2/312,0.996818777938147,0.24860732769346602,0.0007921357645923922,CORT;GNB1,1.0
Reactome_2022,GPCR Ligand Binding R-HSA-500792,4/458,0.9970178619779256,0.33831887924556053,0.00101042095068828,CORT;ECE1;GNB1;PTCH2,1.0
Reactome_2022,Class A/1 (Rhodopsin-like Receptors) R-HSA-373076,2/327,0.9977433471133393,0.23694778653024215,0.0005353131418639297,CORT;ECE1,1.0
Reactome_2022,Olfactory Signaling Pathway R-HSA-381753,1/401,0.9999648776635648,0.0956913808979683,3.3609638965506714e-06,GNB1,1.0
GO_Biological_Process_2021,mRNA catabolic process (GO:0006402),7/44,0.00010062441995836129,7.468943440956687,68.74501874050145,AGO1;AGO3;AGO4;EXOSC10;MRTO4;THRAP3;YTHDF2,0.24552358469840155
GO_Biological_Process_2021,production of small RNA involved in gene silencing by RNA (GO:0070918),5/20,0.00010874218451017733,13.121211862871142,119.75114363746856,AGO1;AGO3;AGO4;PUM1;SNIP1,0.26533093020483267
GO_Biological_Process_2021,regulation of cell morphogenesis (GO:0022604),6/32,0.00012350916722787876,9.097165812421121,81.86717069511394,CAPZB;MACF1;MFSD2A;PDPN;ZMYM4;ZMYM6,0.3013623680360242
GO_Biological_Process_2021,mRNA cleavage involved in gene silencing by miRNA (GO:0035279),3/5,0.00014960345137069708,58.84708134110501,518.2969883824288,AGO1;AGO3;AGO4,0.36503242134450087
GO_Biological_Process_2021,cell junction disassembly (GO:0150146),3/6,0.00029364330990119754,39.22937548834255,319.0581896444837,C1QA;C1QB;C1QC,0.716489676158922
GO_Biological_Process_2021,regulation of lamellipodium organization (GO:1902743),4/14,0.00031650037451743057,15.717741626658437,126.65648761908732,CAPZB;CDC42;EPHA2;PDPN,0.7722609138225306
GO_Biological_Process_2021,"RNA splicing, via transesterification reactions (GO:0000375)",5/25,0.0003361084592171394,9.83838364467912,78.68814654943662,SF3A3;SNRNP40;SRRM1;SRSF10;SRSF4,0.8201046404898201
GO_Biological_Process_2021,miRNA loading onto RISC involved in gene silencing by miRNA (GO:0035280),3/7,0.0005043324007611435,29.420522561961317,223.3686974034404,AGO1;AGO3;AGO4,1.0
GO_Biological_Process_2021,mRNA metabolic process (GO:0016071),9/95,0.0006214697893876651,4.137877055165673,30.551697685308213,AGO3;AGO4;AURKAIP1;HNRNPR;LSM10;SF3A3;SFPQ;SRSF4;YTHDF2,1.0
GO_Biological_Process_2021,production of miRNAs involved in gene silencing by miRNA (GO:0035196),5/29,0.0006918951324455556,8.196969535583108,59.64177459372175,AGO1;AGO3;AGO4;PUM1;SNIP1,1.0
GO_Biological_Process_2021,RNA secondary structure unwinding (GO:0010501),3/8,0.000791964688140111,23.53521080613258,168.06479333799416,AGO1;AGO3;AGO4,1.0
GO_Biological_Process_2021,gene silencing by miRNA (GO:0035195),5/32,0.0011031697434970627,7.285072808307545,49.6081961815319,AGO1;AGO3;AGO4;PUM1;SNIP1,1.0
GO_Biological_Process_2021,carbohydrate derivative catabolic process (GO:1901136),4/19,0.0011097737392891315,10.475806245783478,71.27318618562046,FBXO2;FBXO44;FBXO6;FUCA1,1.0
GO_Biological_Process_2021,synapse pruning (GO:0098883),3/9,0.0011659403745782181,19.61166963558009,132.46167502163868,C1QA;C1QB;C1QC,1.0
GO_Biological_Process_2021,small RNA loading onto RISC (GO:0070922),3/9,0.0011659403745782181,19.61166963558009,132.46167502163868,AGO1;AGO3;AGO4,1.0
GO_Biological_Process_2021,"complement activation, classical pathway (GO:0006958)",3/9,0.0011659403745782181,19.61166963558009,132.46167502163868,C1QA;C1QB;C1QC,1.0
GO_Biological_Process_2021,regulation of cell growth (GO:0001558),14/217,0.0011747219612384245,2.7383283117556965,18.474744760603034,ATAD3A;CDC42;CDK11A;CDK11B;ENO1;MAD2L2;MFSD2A;MTOR;MUL1;PPT1;PTCH2;RPS6KA1;SESN2;SLC25A33,1.0
GO_Biological_Process_2021,regulation of lamellipodium assembly (GO:0010591),5/34,0.0014630937902979247,6.7819573725693045,44.267206070654936,AKIRIN1;CAPZB;CDC42;EPHA2;WASF2,1.0
GO_Biological_Process_2021,membrane lipid catabolic process (GO:0046466),3/10,0.0016348123547037037,16.809140228042594,107.8512635631592,FUCA1;PPT1;SMPDL3B,1.0
GO_Biological_Process_2021,regulation of signal transduction by p53 class mediator (GO:1901796),11/156,0.0019211790047493852,3.002679581921086,18.781208941740367,CHD5;HDAC1;MEAF6;MTOR;NOC2L;PLK3;RBBP4;RPA2;RPL11;TAF12;TP73,1.0
GO_Biological_Process_2021,cellular macromolecule catabolic process (GO:0044265),6/53,0.0020106203085184246,5.027047880837604,31.21450869746928,DFFB;FBXO2;FBXO44;FBXO6;PABPC4;PPP1R8,1.0
GO_Biological_Process_2021,regulation of transport (GO:0051049),5/37,0.0021554838399501846,6.1452018992130935,37.729942283091155,DISP3;EPB41;MUL1;PINK1;YRDC,1.0
GO_Biological_Process_2021,ribonucleoside bisphosphate biosynthetic process (GO:0034030),3/11,0.002206330708167066,14.707243172389475,89.9557418250283,ACOT7;PANK4;PPCS,1.0
GO_Biological_Process_2021,positive regulation of cellular respiration (GO:1901857),3/11,0.002206330708167066,14.707243172389475,89.9557418250283,IFNLR1;PARK7;PINK1,1.0
GO_Biological_Process_2021,miRNA mediated inhibition of translation (GO:0035278),3/11,0.002206330708167066,14.707243172389475,89.9557418250283,AGO1;AGO3;AGO4,1.0
GO_Biological_Process_2021,coenzyme A biosynthetic process (GO:0015937),3/11,0.002206330708167066,14.707243172389475,89.9557418250283,ACOT7;PANK4;PPCS,1.0
GO_Biological_Process_2021,"negative regulation of translation, ncRNA-mediated (GO:0040033)",3/11,0.002206330708167066,14.707243172389475,89.9557418250283,AGO1;AGO3;AGO4,1.0
GO_Biological_Process_2021,humoral immune response mediated by circulating immunoglobulin (GO:0002455),3/11,0.002206330708167066,14.707243172389475,89.9557418250283,C1QA;C1QB;C1QC,1.0
GO_Biological_Process_2021,purine nucleoside bisphosphate biosynthetic process (GO:0034033),3/11,0.002206330708167066,14.707243172389475,89.9557418250283,ACOT7;PANK4;PPCS,1.0
GO_Biological_Process_2021,regulation of peptidase activity (GO:0052547),4/23,0.0023426260105254408,8.268675559099284,50.07909090654051,ATP13A2;HDAC1;PINK1;SVBP,1.0
GO_Biological_Process_2021,RNA splicing (GO:0008380),8/98,0.0031806823000001265,3.506774998281448,20.166269117633377,RRAGC;SF3A3;SFPQ;SNRNP40;SRRM1;SRSF10;SRSF4;TARDBP,1.0
GO_Biological_Process_2021,regulation of actomyosin structure organization (GO:0110020),3/13,0.0036845465975274493,11.764587294475106,65.92413313804617,ASAP3;CDC42;SLC9A1,1.0
GO_Biological_Process_2021,"RNA splicing, via transesterification reactions with bulged adenosine as nucleophile (GO:0000377)",14/251,0.004456383948884488,2.341355373157158,12.674734421422794,DNAJC8;HNRNPR;PPIE;PPIH;SF3A3;SFPQ;SNIP1;SNRNP40;SPEN;SRRM1;SRSF10;SRSF4;SYF2;YBX1,1.0
GO_Biological_Process_2021,coenzyme A metabolic process (GO:0015936),3/14,0.004603104658348365,10.694530611597154,57.547528856603925,ACOT7;PANK4;PPCS,1.0
GO_Biological_Process_2021,pre-miRNA processing (GO:0031054),3/14,0.004603104658348365,10.694530611597154,57.547528856603925,AGO1;AGO3;AGO4,1.0
GO_Biological_Process_2021,protein catabolic process (GO:0030163),6/64,0.005218284429384598,4.0713387441931985,21.39727328485686,DDI2;FBXO2;FBXO44;FBXO6;MTOR;PPT1,1.0
GO_Biological_Process_2021,RNA processing (GO:0006396),11/179,0.00550068281576836,2.588518791524107,13.467760535003933,AURKAIP1;HNRNPR;NOL9;PABPC4;RRAGC;SF3A3;SFPQ;SNRNP40;SRRM1;SRSF4;TARDBP,1.0
GO_Biological_Process_2021,negative regulation of ubiquitin-protein transferase activity (GO:0051444),3/15,0.005648106545764319,9.80281670919886,50.743642675253625,MAD2L2;PARK7;RPL11,1.0
GO_Biological_Process_2021,regulation of neuron projection arborization (GO:0150011),3/15,0.005648106545764319,9.80281670919886,50.743642675253625,DVL1;MACF1;MFSD2A,1.0
GO_Biological_Process_2021,negative regulation of oxidative stress-induced neuron intrinsic apoptotic signaling pathway (GO:1903377),2/5,0.005932890542369408,26.10040109570814,133.82311815105345,PARK7;PINK1,1.0
GO_Biological_Process_2021,positive regulation of bicellular tight junction assembly (GO:1903348),2/5,0.005932890542369408,26.10040109570814,133.82311815105345,EPHA2;NPHP4,1.0
GO_Biological_Process_2021,negative regulation of hydrogen peroxide-induced neuron death (GO:1903208),2/5,0.005932890542369408,26.10040109570814,133.82311815105345,PARK7;PINK1,1.0
GO_Biological_Process_2021,regulation of antifungal innate immune response (GO:1905034),2/5,0.005932890542369408,26.10040109570814,133.82311815105345,PLA2G5;TRIM62,1.0
GO_Biological_Process_2021,RNA metabolic process (GO:0016070),9/133,0.006285015342049724,2.864200718388922,14.520314715548139,AGO1;AGO3;AGO4;HNRNPR;NOL9;PABPC4;PPP1R8;SNRNP40;ZC3H12A,1.0
GO_Biological_Process_2021,negative regulation of type I interferon-mediated signaling pathway (GO:0060339),3/16,0.006823892045386851,9.04828956101569,45.12676334768942,ISG15;MUL1;YTHDF2,1.0
GO_Biological_Process_2021,aminoglycan catabolic process (GO:0006026),4/31,0.0071127874355616455,5.81630812945018,28.76665193469082,AGRN;FUCA1;HSPG2;SDC3,1.0
GO_Biological_Process_2021,RNA catabolic process (GO:0006401),5/49,0.007385112748535178,4.466482924001263,21.922789432807672,AGO3;AGO4;PABPC4;PPP1R8;YTHDF2,1.0
GO_Biological_Process_2021,regulation of stem cell proliferation (GO:0072091),3/17,0.008134227858674296,8.401552005430114,40.42553319859564,AGO3;KDF1;KDM1A,1.0
GO_Biological_Process_2021,RNA interference (GO:0016246),3/17,0.008134227858674296,8.401552005430114,40.42553319859564,AGO1;AGO3;AGO4,1.0
GO_Biological_Process_2021,regulation of cellular component organization (GO:0051128),9/139,0.008310757934225636,2.7311608419158846,13.082818864455847,ANGPTL7;ATAD3A;CDK11A;CDK11B;MAD2L2;MTOR;PARK7;PINK1;PTCH2,1.0
GO_Biological_Process_2021,enzyme linked receptor protein signaling pathway (GO:0007167),9/140,0.008691669913068294,2.7101723626758636,12.860825351875453,CNKSR1;EPHA10;EPHA2;EPHA8;EPHB2;FGR;PTPRF;PTPRU;TIE1,1.0
GO_Biological_Process_2021,hexose import across plasma membrane (GO:0140271),2/6,0.008752514158603515,19.57429680573701,92.7511276515359,SLC2A1;SLC2A5,1.0
GO_Biological_Process_2021,positive regulation of autophagy of mitochondrion in response to mitochondrial depolarization (GO:1904925),2/6,0.008752514158603515,19.57429680573701,92.7511276515359,ATP5IF1;PINK1,1.0
GO_Biological_Process_2021,transmembrane receptor protein tyrosine phosphatase signaling pathway (GO:0007185),2/6,0.008752514158603515,19.57429680573701,92.7511276515359,PTPRF;PTPRU,1.0
GO_Biological_Process_2021,regulation of protein targeting (GO:1903533),2/6,0.008752514158603515,19.57429680573701,92.7511276515359,ATP5IF1;PINK1,1.0
GO_Biological_Process_2021,mRNA processing (GO:0006397),15/300,0.008844268502328891,2.0851871528827393,9.858734950194835,AURKAIP1;DNAJC8;HNRNPR;PPIE;PPIH;SF3A3;SFPQ;SNIP1;SNRNP40;SPEN;SRRM1;SRSF10;SRSF4;SYF2;YBX1,1.0
GO_Biological_Process_2021,"mRNA splicing, via spliceosome (GO:0000398)",14/274,0.009385853000217614,2.1316872000444227,9.951891951374199,DNAJC8;HNRNPR;PPIE;PPIH;SF3A3;SFPQ;SNIP1;SNRNP40;SPEN;SRRM1;SRSF10;SRSF4;SYF2;YBX1,1.0
GO_Biological_Process_2021,glycoprotein catabolic process (GO:0006516),3/18,0.009582340294849133,7.841046123922614,36.44387627885043,FBXO2;FBXO44;FBXO6,1.0
GO_Biological_Process_2021,regulation of protein binding (GO:0043393),8/118,0.009625205685211812,2.866223150908251,13.308934675767148,CTNNBIP1;DVL1;EPB41;KDM1A;LDLRAP1;PARK7;PEX14;RPL11,1.0
GO_Biological_Process_2021,neural tube closure (GO:0001843),4/34,0.009886036132252772,5.233870864908518,24.162855767023533,DVL1;MTHFR;PHACTR4;SKI,1.0
GO_Biological_Process_2021,negative regulation of protein binding (GO:0032091),6/74,0.010475525836144436,3.4708263187615533,15.822503195607592,CTNNBIP1;DVL1;KDM1A;PARK7;PEX14;PTPRF,1.0
GO_Biological_Process_2021,regulation of stress fiber assembly (GO:0051492),6/74,0.010475525836144436,3.4708263187615533,15.822503195607592,ARHGEF10L;ASAP3;CDC42;SLC9A1;STMN1;WASF2,1.0
GO_Biological_Process_2021,regulation of megakaryocyte differentiation (GO:0045652),5/54,0.01106896427371459,4.009688645032058,18.058074272332288,AGO1;AGO3;AGO4;HDAC1;PITHD1,1.0
GO_Biological_Process_2021,glycosaminoglycan metabolic process (GO:0030203),5/54,0.01106896427371459,4.009688645032058,18.058074272332288,AGRN;B3GALT6;FUCA1;HSPG2;SDC3,1.0
GO_Biological_Process_2021,regulation of autophagy of mitochondrion (GO:1903146),3/19,0.011170946524016635,7.350603477603553,33.036838439328264,ATP13A2;PARK7;PINK1,1.0
GO_Biological_Process_2021,glycoprotein metabolic process (GO:0009100),5/55,0.011932381384421289,3.9292928519334773,17.400871232421647,FBXO2;FBXO44;FBXO6;MAN1C1;PARK7,1.0
GO_Biological_Process_2021,positive regulation of pinocytosis (GO:0048549),2/7,0.012051786861740462,15.65863423175433,69.1883383827585,CDC42;PPT1,1.0
GO_Biological_Process_2021,positive regulation of mitophagy in response to mitochondrial depolarization (GO:0098779),2/7,0.012051786861740462,15.65863423175433,69.1883383827585,MFN2;PINK1,1.0
GO_Biological_Process_2021,regulation of androgen receptor signaling pathway (GO:0060765),4/36,0.012076260950403721,4.906249903603833,21.668519710598765,HDAC1;HEYL;KDM1A;PARK7,1.0
GO_Biological_Process_2021,regulation of mRNA processing (GO:0050684),4/36,0.012076260950403721,4.906249903603833,21.668519710598765,CDK11A;CDK11B;KHDRBS1;SRSF10,1.0
GO_Biological_Process_2021,"Wnt signaling pathway, calcium modulating pathway (GO:0007223)",4/36,0.012076260950403721,4.906249903603833,21.668519710598765,AGO1;AGO3;AGO4;GNB1,1.0
GO_Biological_Process_2021,ncRNA processing (GO:0034470),11/201,0.012571926614666874,2.286190891897937,10.005032045867544,AGO1;AGO3;AGO4;EBNA1BP2;EXOSC10;INTS11;MRTO4;NOL9;RPL11;RPL22;UTP11,1.0
GO_Biological_Process_2021,mitochondrion organization (GO:0007005),10/175,0.0128185744105664,2.3914656296114,10.419281024569568,ATAD3A;ATAD3B;ATAD3C;MFN2;MTFR1L;MUL1;PARK7;PINK1;SLC25A33;VPS13D,1.0
GO_Biological_Process_2021,Rho protein signal transduction (GO:0007266),5/56,0.012840408315519516,3.8520498350348418,16.776286352485855,CDC42;CNKSR1;PDPN;PHACTR4;PLEKHG5,1.0
GO_Biological_Process_2021,glycosaminoglycan catabolic process (GO:0006027),5/56,0.012840408315519516,3.8520498350348418,16.776286352485855,AGRN;FUCA1;HSPG2;SDC3;SLC9A1,1.0
GO_Biological_Process_2021,post-transcriptional gene silencing by RNA (GO:0035194),3/20,0.012902284446845946,6.917859966145556,30.095118290986342,AGO1;AGO3;AGO4,1.0
GO_Biological_Process_2021,glucose transmembrane transport (GO:1904659),3/20,0.012902284446845946,6.917859966145556,30.095118290986342,SLC2A1;SLC2A5;SLC45A1,1.0
GO_Biological_Process_2021,positive regulation of proteolysis (GO:0045862),5/57,0.013794013104933788,3.7777777034015383,16.182188667356066,ATP5IF1;AURKAIP1;PINK1;TNFRSF1B;ZC3H12A,1.0
GO_Biological_Process_2021,ribosomal large subunit biogenesis (GO:0042273),5/57,0.013794013104933788,3.7777777034015383,16.182188667356066,EBNA1BP2;MRPL20;MRTO4;NOC2L;RPL11,1.0
GO_Biological_Process_2021,positive regulation of cell junction assembly (GO:1901890),5/57,0.013794013104933788,3.7777777034015383,16.182188667356066,CLSTN1;COL16A1;EPHA2;EPHB2;NPHP4,1.0
GO_Biological_Process_2021,negative regulation of protein phosphorylation (GO:0001933),9/152,0.014362760958686334,2.4812071346029057,10.52805084969288,CAMK2N1;CEP85;DVL1;EPHB2;ERRFI1;PARK7;PRKCZ;TARDBP;ZC3H12A,1.0
GO_Biological_Process_2021,positive regulation of production of molecular mediator of immune response (GO:0002702),4/38,0.014554888392248473,4.617172584805582,19.529847587541195,EPHB2;LAPTM5;TNFRSF14;VAMP3,1.0
GO_Biological_Process_2021,mRNA destabilization (GO:0061157),4/38,0.014554888392248473,4.617172584805582,19.529847587541195,PUM1;TARDBP;YTHDF2;ZC3H12A,1.0
GO_Biological_Process_2021,positive regulation of signaling (GO:0023056),4/38,0.014554888392248473,4.617172584805582,19.529847587541195,CLSTN1;ECE1;RIMS3;VAMP3,1.0
GO_Biological_Process_2021,cellular component assembly (GO:0022607),13/261,0.014623774020029776,2.072232852477831,8.755404944333392,CDC42;CFAP74;DVL1;ESPN;FBLIM1;HES5;NOC2L;PEX14;PPIH;RBBP4;SLC2A1;VAMP3;YTHDF2,1.0
GO_Biological_Process_2021,aerobic respiration (GO:0009060),3/21,0.014778141234215728,6.533199067071783,27.534860860126408,MTFR1L;SDHB;UQCRHL,1.0
GO_Biological_Process_2021,lymphatic endothelial cell differentiation (GO:0060836),2/8,0.01580506091960724,13.04819251576588,54.11640087381568,PDPN;TIE1,1.0
GO_Biological_Process_2021,regulation of establishment of protein localization to mitochondrion (GO:1903747),2/8,0.01580506091960724,13.04819251576588,54.11640087381568,ATP5IF1;PINK1,1.0
GO_Biological_Process_2021,glyoxylate metabolic process (GO:0046487),2/8,0.01580506091960724,13.04819251576588,54.11640087381568,ALDH4A1;HYI,1.0
GO_Biological_Process_2021,regulation of chaperone-mediated autophagy (GO:1904714),2/8,0.01580506091960724,13.04819251576588,54.11640087381568,ATP13A2;PLK3,1.0
GO_Biological_Process_2021,protein depalmitoylation (GO:0002084),2/8,0.01580506091960724,13.04819251576588,54.11640087381568,LYPLA2;PPT1,1.0
GO_Biological_Process_2021,macromolecule depalmitoylation (GO:0098734),2/8,0.01580506091960724,13.04819251576588,54.11640087381568,LYPLA2;PPT1,1.0
GO_Biological_Process_2021,negative regulation of autophagy (GO:0010507),5/59,0.015841671059807952,3.637485899205298,15.077784275265078,CPTP;EIF4G3;KDM4A;MTOR;PINK1,1.0
GO_Biological_Process_2021,negative regulation of protein modification process (GO:0031400),6/81,0.01588004732917382,3.1457489257945563,13.031868414200254,EPHB2;P3H1;PARK7;PPP1R8;TARDBP;ZC3H12A,1.0
GO_Biological_Process_2021,positive regulation of translational initiation (GO:0045948),3/22,0.01679988058833307,6.189028788953143,25.29074512689807,KHDRBS1;MTOR;YTHDF2,1.0
GO_Biological_Process_2021,"maturation of 5.8S rRNA from tricistronic rRNA transcript (SSU-rRNA, 5.8S rRNA, LSU-rRNA) (GO:0000466)",3/22,0.01679988058833307,6.189028788953143,25.29074512689807,ERI3;EXOSC10;NOL9,1.0
GO_Biological_Process_2021,regulation of mitochondrial membrane potential (GO:0051881),4/41,0.01883790176908029,4.242153360418661,16.84934269994769,ATP5IF1;PARK7;PINK1;SLC25A33,1.0
GO_Biological_Process_2021,protein deacylation (GO:0035601),3/23,0.01896846877500423,5.879275538646368,23.31119356044767,HDAC1;LYPLA2;PPT1,1.0
GO_Biological_Process_2021,hexose transmembrane transport (GO:0008645),3/23,0.01896846877500423,5.879275538646368,23.31119356044767,SLC2A1;SLC2A5;SLC45A1,1.0
GO_Biological_Process_2021,skeletal muscle fiber development (GO:0048741),2/9,0.019987666789615548,11.18359129005984,43.75736501649889,SELENON;SKI,1.0
GO_Biological_Process_2021,positive regulation of ATP biosynthetic process (GO:2001171),2/9,0.019987666789615548,11.18359129005984,43.75736501649889,ENO1;PINK1,1.0
GO_Biological_Process_2021,positive regulation of autophagy of mitochondrion (GO:1903599),2/9,0.019987666789615548,11.18359129005984,43.75736501649889,PARK7;VPS13D,1.0
GO_Biological_Process_2021,exonucleolytic trimming involved in rRNA processing (GO:0000459),2/9,0.019987666789615548,11.18359129005984,43.75736501649889,ERI3;EXOSC10,1.0
GO_Biological_Process_2021,"exonucleolytic trimming to generate mature 3'-end of 5.8S rRNA from tricistronic rRNA transcript (SSU-rRNA, 5.8S rRNA, LSU-rRNA) (GO:0000467)",2/9,0.019987666789615548,11.18359129005984,43.75736501649889,ERI3;EXOSC10,1.0
GO_Biological_Process_2021,negative regulation of ubiquitin protein ligase activity (GO:1904667),2/9,0.019987666789615548,11.18359129005984,43.75736501649889,MAD2L2;RPL11,1.0
GO_Biological_Process_2021,regulation of pinocytosis (GO:0048548),2/9,0.019987666789615548,11.18359129005984,43.75736501649889,CDC42;PPT1,1.0
GO_Biological_Process_2021,regulation of nervous system development (GO:0051960),4/42,0.02042101253964054,4.130305521566421,16.071807184535267,HES5;HEYL;TNFRSF1B;YTHDF2,1.0
GO_Biological_Process_2021,translesion synthesis (GO:0019985),4/42,0.02042101253964054,4.130305521566421,16.071807184535267,FAAP20;ISG15;MAD2L2;RPA2,1.0
GO_Biological_Process_2021,ATP-dependent chromatin remodeling (GO:0043044),4/42,0.02042101253964054,4.130305521566421,16.071807184535267,ARID1A;DMAP1;HDAC1;RBBP4,1.0
GO_Biological_Process_2021,positive regulation of lamellipodium assembly (GO:0010592),3/24,0.021284499474966644,5.599022597892619,21.55498391468585,AKIRIN1;CDC42;WASF2,1.0
GO_Biological_Process_2021,regulation of cytokine production involved in immune response (GO:0002718),3/24,0.021284499474966644,5.599022597892619,21.55498391468585,LAPTM5;TNFRSF14;TNFRSF1B,1.0
GO_Biological_Process_2021,positive regulation of receptor recycling (GO:0001921),2/10,0.02457588039834349,9.785140370780313,36.26363029444785,ECE1;VAMP3,1.0
GO_Biological_Process_2021,rRNA 3'-end processing (GO:0031125),2/10,0.02457588039834349,9.785140370780313,36.26363029444785,ERI3;EXOSC10,1.0
GO_Biological_Process_2021,cellular response to leucine (GO:0071233),2/10,0.02457588039834349,9.785140370780313,36.26363029444785,MTOR;SESN2,1.0
GO_Biological_Process_2021,cellular response to leucine starvation (GO:1990253),2/10,0.02457588039834349,9.785140370780313,36.26363029444785,MTOR;SESN2,1.0
GO_Biological_Process_2021,regulation of attachment of spindle microtubules to kinetochore (GO:0051988),2/10,0.02457588039834349,9.785140370780313,36.26363029444785,CDC42;RCC2,1.0
GO_Biological_Process_2021,neuron remodeling (GO:0016322),2/10,0.02457588039834349,9.785140370780313,36.26363029444785,C1QA;EPHA8,1.0
GO_Biological_Process_2021,response to leucine (GO:0043201),2/10,0.02457588039834349,9.785140370780313,36.26363029444785,MTOR;SESN2,1.0
GO_Biological_Process_2021,regulation of actin filament bundle assembly (GO:0032231),3/26,0.026359541421743286,5.111626179190446,18.585489243036918,ASAP3;CDC42;SLC9A1,1.0
GO_Biological_Process_2021,glial cell development (GO:0021782),3/26,0.026359541421743286,5.111626179190446,18.585489243036918,EIF2B3;HES5;MXRA8,1.0
GO_Biological_Process_2021,negative regulation of signaling receptor activity (GO:2000272),3/26,0.026359541421743286,5.111626179190446,18.585489243036918,EPHB2;ERRFI1;SLC6A9,1.0
GO_Biological_Process_2021,regulation of cellular protein localization (GO:1903827),4/46,0.02755567030566548,3.736175041801387,13.418648060518496,ATP13A2;DVL1;KCNAB2;KDM1A,1.0
GO_Biological_Process_2021,nuclear-transcribed mRNA catabolic process (GO:0000956),9/171,0.02833673156122792,2.188051551951881,7.79733259175116,AGO1;EXOSC10;MRTO4;PNRC2;RPL11;RPL22;RPS8;THRAP3;ZC3H12A,1.0
GO_Biological_Process_2021,negative regulation of cellular catabolic process (GO:0031330),5/69,0.029099193282759037,3.067550444658072,10.850063433161136,CPTP;EIF4G3;KDM4A;MFSD2A;MTOR,1.0
GO_Biological_Process_2021,positive regulation of voltage-gated potassium channel activity (GO:1903818),2/11,0.029546891440604902,8.697456322451792,30.630499349736766,LRRC38;RNF207,1.0
GO_Biological_Process_2021,ketone body metabolic process (GO:1902224),2/11,0.029546891440604902,8.697456322451792,30.630499349736766,HMGCL;OXCT2,1.0
GO_Biological_Process_2021,lipoprotein catabolic process (GO:0042159),2/11,0.029546891440604902,8.697456322451792,30.630499349736766,LYPLA2;PPT1,1.0
GO_Biological_Process_2021,negative regulation of oxidative stress-induced neuron death (GO:1903204),2/11,0.029546891440604902,8.697456322451792,30.630499349736766,PARK7;PINK1,1.0
GO_Biological_Process_2021,chromatin-mediated maintenance of transcription (GO:0048096),2/11,0.029546891440604902,8.697456322451792,30.630499349736766,ARID1A;PADI2,1.0
GO_Biological_Process_2021,myotube cell development (GO:0014904),2/11,0.029546891440604902,8.697456322451792,30.630499349736766,SELENON;SKI,1.0
GO_Biological_Process_2021,regulation of kinase activity (GO:0043549),6/94,0.030502448611594613,2.679241757965294,9.350415262021134,EPHA10;EPHA2;EPHA8;EPHB2;FGR;TIE1,1.0
GO_Biological_Process_2021,protein localization to lysosome (GO:0061462),3/28,0.03202317849105507,4.70221318748062,16.181704191216266,ATP13A2;LAPTM5;SZT2,1.0
GO_Biological_Process_2021,positive regulation of synapse assembly (GO:0051965),3/28,0.03202317849105507,4.70221318748062,16.181704191216266,AGRN;CLSTN1;EPHB2,1.0
GO_Biological_Process_2021,cellular response to acid chemical (GO:0071229),3/28,0.03202317849105507,4.70221318748062,16.181704191216266,MTOR;RRAGC;SESN2,1.0
GO_Biological_Process_2021,positive regulation of macromolecule metabolic process (GO:0010604),16/384,0.03288855687915527,1.7186489053818501,5.868550965842142,AGO1;AGO3;AGO4;ATP13A2;CAMK2N1;ECE1;EPHB2;LAPTM5;MTOR;PARK7;PIK3CD;POU3F1;RNF207;RPL11;VAMP3;ZC3H12A,1.0
GO_Biological_Process_2021,aminoglycan biosynthetic process (GO:0006023),4/49,0.033767698904292445,3.4865590712835313,11.813335820376256,AGRN;B3GALT6;HSPG2;SDC3,1.0
GO_Biological_Process_2021,cell junction organization (GO:0034330),5/72,0.03412225534457892,2.9297451556481455,9.896109177808594,AGRN;C1QA;CDC42;DVL1;FBLIM1,1.0
GO_Biological_Process_2021,glycosaminoglycan biosynthetic process (GO:0006024),6/97,0.03481724210979449,2.5905146973046143,8.698022379193805,AGRN;B3GALT6;B4GALT2;HSPG2;SDC3;ST3GAL3,1.0
GO_Biological_Process_2021,regulation of oxidative stress-induced cell death (GO:1903201),2/12,0.034878772667639245,7.8273090837889745,26.26748549173229,PARK7;PINK1,1.0
GO_Biological_Process_2021,histone H3-K9 demethylation (GO:0033169),2/12,0.034878772667639245,7.8273090837889745,26.26748549173229,KDM1A;KDM4A,1.0
GO_Biological_Process_2021,mitotic G1/S transition checkpoint signaling (GO:0044819),2/12,0.034878772667639245,7.8273090837889745,26.26748549173229,PLK3;RPA2,1.0
GO_Biological_Process_2021,regulation of response to oxidative stress (GO:1902882),2/12,0.034878772667639245,7.8273090837889745,26.26748549173229,PINK1;SELENON,1.0
GO_Biological_Process_2021,chromatin assembly or disassembly (GO:0006333),2/12,0.034878772667639245,7.8273090837889745,26.26748549173229,NOC2L;RBBP4,1.0
GO_Biological_Process_2021,protein import into peroxisome matrix (GO:0016558),2/12,0.034878772667639245,7.8273090837889745,26.26748549173229,PEX10;PEX14,1.0
GO_Biological_Process_2021,negative regulation of leukocyte chemotaxis (GO:0002689),2/12,0.034878772667639245,7.8273090837889745,26.26748549173229,NBL1;PADI2,1.0
GO_Biological_Process_2021,mismatch repair (GO:0006298),3/29,0.03507388679237234,4.521126671916659,15.147123416326759,MUTYH;RPA2;TP73,1.0
GO_Biological_Process_2021,ubiquitin-dependent ERAD pathway (GO:0030433),5/73,0.03590862285402261,2.8865121238018943,9.602784514693045,FBXO2;FBXO44;FBXO6;UBE2J2;UBE4B,1.0
GO_Biological_Process_2021,non-canonical Wnt signaling pathway (GO:0035567),7/124,0.036291334857735266,2.3522649974488994,7.800525377900185,AGO1;AGO3;AGO4;CDC42;DVL1;GNB1;PSMB2,1.0
GO_Biological_Process_2021,protein stabilization (GO:0050821),9/179,0.03639942967562211,2.08422183475288,6.905448311321833,DVL1;MUL1;OTUD3;P3H1;PARK7;PER3;PINK1;RPL11;STX12,1.0
GO_Biological_Process_2021,cellular response to amino acid starvation (GO:0034198),5/74,0.03775160089879644,2.844532223313505,9.320756665707389,ATP6V0B;MTOR;RRAGC;SESN2;SZT2,1.0
GO_Biological_Process_2021,primary neural tube formation (GO:0014020),3/30,0.03826902958337435,4.353453972320398,14.205818072446748,MTHFR;PHACTR4;SKI,1.0
GO_Biological_Process_2021,regulation of type I interferon-mediated signaling pathway (GO:0060338),3/30,0.03826902958337435,4.353453972320398,14.205818072446748,ISG15;MUL1;YTHDF2,1.0
GO_Biological_Process_2021,intrinsic apoptotic signaling pathway in response to DNA damage (GO:0008630),4/51,0.03832553051359525,3.3378516845920436,10.886867270153568,CASP9;EPHA2;TNFRSF1B;TP73,1.0
GO_Biological_Process_2021,synapse organization (GO:0050808),7/126,0.039049057784633204,2.312492496942641,7.49926639697457,AGRN;C1QA;C1QB;C1QC;CDC42;DVL1;PTPRF,1.0
GO_Biological_Process_2021,integrin-mediated signaling pathway (GO:0007229),5/75,0.03965149269323004,2.803751748553356,9.04946396138216,CDC42;COL16A1;FGR;ISG15;RCC2,1.0
GO_Biological_Process_2021,response to amino acid starvation (GO:1990928),5/75,0.03965149269323004,2.803751748553356,9.04946396138216,ATP6V0B;MTOR;RRAGC;SESN2;SZT2,1.0
GO_Biological_Process_2021,positive regulation of insulin receptor signaling pathway (GO:0046628),2/13,0.0405504501349323,7.115370433973942,22.806245068033682,C1QTNF12;PRKCZ,1.0
GO_Biological_Process_2021,negative regulation by host of viral transcription (GO:0043922),2/13,0.0405504501349323,7.115370433973942,22.806245068033682,HDAC1;TARDBP,1.0
GO_Biological_Process_2021,central nervous system projection neuron axonogenesis (GO:0021952),2/13,0.0405504501349323,7.115370433973942,22.806245068033682,EPHB2;SZT2,1.0
GO_Biological_Process_2021,negative regulation of stem cell differentiation (GO:2000737),2/13,0.0405504501349323,7.115370433973942,22.806245068033682,HES5;YTHDF2,1.0
GO_Biological_Process_2021,chromatin organization involved in regulation of transcription (GO:0034401),2/13,0.0405504501349323,7.115370433973942,22.806245068033682,ARID1A;PADI2,1.0
GO_Biological_Process_2021,pentose-phosphate shunt (GO:0006098),2/13,0.0405504501349323,7.115370433973942,22.806245068033682,H6PD;PGD,1.0
GO_Biological_Process_2021,regulation of mRNA metabolic process (GO:1903311),2/13,0.0405504501349323,7.115370433973942,22.806245068033682,CDK11A;CDK11B,1.0
GO_Biological_Process_2021,positive regulation of purine nucleotide biosynthetic process (GO:1900373),2/13,0.0405504501349323,7.115370433973942,22.806245068033682,ENO1;PINK1,1.0
GO_Biological_Process_2021,positive regulation of calcineurin-NFAT signaling cascade (GO:0070886),2/13,0.0405504501349323,7.115370433973942,22.806245068033682,CAMTA1;SLC9A1,1.0
GO_Biological_Process_2021,positive regulation of calcineurin-mediated signaling (GO:0106058),2/13,0.0405504501349323,7.115370433973942,22.806245068033682,CAMTA1;SLC9A1,1.0
GO_Biological_Process_2021,protein localization to mitochondrion (GO:0070585),2/13,0.0405504501349323,7.115370433973942,22.806245068033682,ISG15;PINK1,1.0
GO_Biological_Process_2021,regulation of histone modification (GO:0031056),2/13,0.0405504501349323,7.115370433973942,22.806245068033682,MTHFR;PARK7,1.0
GO_Biological_Process_2021,positive regulation of protein localization to cell periphery (GO:1904377),4/52,0.04072999653544248,3.2681450970804087,10.460647591057008,ARHGEF16;EPB41;EPHA2;EPHB2,1.0
GO_Biological_Process_2021,negative regulation of protein-containing complex assembly (GO:0031333),4/52,0.04072999653544248,3.2681450970804087,10.460647591057008,CDC42;CPTP;PARK7;PRKCZ,1.0
GO_Biological_Process_2021,signal transduction in response to DNA damage (GO:0042770),4/52,0.04072999653544248,3.2681450970804087,10.460647591057008,CASP9;FBXO6;MAD2L2;SESN2,1.0
GO_Biological_Process_2021,cellular response to chemical stress (GO:0062197),6/101,0.041155157581904155,2.480928994313178,7.915170807529032,ATP13A2;PARK7;PINK1;PRDX1;SESN2;ZC3H12A,1.0
GO_Biological_Process_2021,tube closure (GO:0060606),3/31,0.04160719838492572,4.197757894123872,13.346696036583493,MTHFR;PHACTR4;SKI,1.0
GO_Biological_Process_2021,regulation of cellular component size (GO:0032535),3/31,0.04160719838492572,4.197757894123872,13.346696036583493,ATP13A2;HP1BP3;MTOR,1.0
GO_Biological_Process_2021,activation of protein kinase B activity (GO:0032148),3/31,0.04160719838492572,4.197757894123872,13.346696036583493,MTOR;PARK7;PINK1,1.0
GO_Biological_Process_2021,organelle transport along microtubule (GO:0072384),3/31,0.04160719838492572,4.197757894123872,13.346696036583493,CDC42;PEX14;TMEM201,1.0
GO_Biological_Process_2021,chloride transport (GO:0006821),5/76,0.041608562209153134,2.7641200195610978,8.788379490493082,CLCN6;CLCNKA;CLCNKB;CLIC4;GABRD,1.0
GO_Biological_Process_2021,positive regulation of protein modification by small protein conjugation or removal (GO:1903322),5/77,0.043623034339003525,2.7255891719297365,8.537008521095613,CENPS;LAPTM5;MUL1;PINK1;ZC3H12A,1.0
GO_Biological_Process_2021,mitochondrial membrane organization (GO:0007006),3/32,0.045086773640395914,4.052799476492622,12.560299731994753,DNAJC11;MFN2;MICOS10,1.0
GO_Biological_Process_2021,positive regulation of lamellipodium organization (GO:1902745),3/32,0.045086773640395914,4.052799476492622,12.560299731994753,AKIRIN1;CDC42;WASF2,1.0
GO_Biological_Process_2021,response to amino acid (GO:0043200),3/32,0.045086773640395914,4.052799476492622,12.560299731994753,MTOR;RRAGC;SESN2,1.0
GO_Biological_Process_2021,inorganic anion transport (GO:0015698),4/54,0.04579016929418958,3.137096712558534,9.673820758701032,CLCN6;CLCNKA;CLCNKB;CLIC4,1.0
GO_Biological_Process_2021,regulation of focal adhesion assembly (GO:0051893),4/54,0.04579016929418958,3.137096712558534,9.673820758701032,COL16A1;MACF1;RCC2;SLC9A1,1.0
GO_Biological_Process_2021,"negative regulation of mRNA splicing, via spliceosome (GO:0048025)",2/14,0.04654167438102964,6.522088225794748,20.00590002092161,SRSF10;SRSF4,1.0
GO_Biological_Process_2021,covalent chromatin modification (GO:0016569),2/14,0.04654167438102964,6.522088225794748,20.00590002092161,HDAC1;PARK7,1.0
GO_Biological_Process_2021,negative regulation of TORC1 signaling (GO:1904262),2/14,0.04654167438102964,6.522088225794748,20.00590002092161,SESN2;SZT2,1.0
GO_Biological_Process_2021,regulation of cell projection organization (GO:0031344),2/14,0.04654167438102964,6.522088225794748,20.00590002092161,MACF1;MFSD2A,1.0
GO_Biological_Process_2021,positive regulation of cellular response to insulin stimulus (GO:1900078),2/14,0.04654167438102964,6.522088225794748,20.00590002092161,C1QTNF12;PRKCZ,1.0
GO_Biological_Process_2021,protein localization to vacuole (GO:0072665),2/14,0.04654167438102964,6.522088225794748,20.00590002092161,ATP13A2;SZT2,1.0
GO_Biological_Process_2021,interstrand cross-link repair (GO:0036297),4/55,0.04844568207142635,3.0754268845482406,9.3102769155389,CENPS;EXO5;FAAP20;RPA2,1.0
GO_Biological_Process_2021,negative regulation of protein modification by small protein conjugation or removal (GO:1903321),4/55,0.04844568207142635,3.0754268845482406,9.3102769155389,ISG15;PARK7;RPL11;SVBP,1.0
GO_Biological_Process_2021,negative regulation of cytokine-mediated signaling pathway (GO:0001960),4/55,0.04844568207142635,3.0754268845482406,9.3102769155389,ISG15;MUL1;PADI2;YTHDF2,1.0
GO_Biological_Process_2021,RNA stabilization (GO:0043489),3/33,0.048705940830527365,3.9175049533701216,11.838520813853847,THRAP3;YBX1;ZCCHC17,1.0
GO_Biological_Process_2021,skin development (GO:0043588),5/80,0.050012533933314965,2.616161564656669,7.8366638983673775,CLIC4;EPHA2;ERRFI1;KDF1;STMN1,1.0
GO_Biological_Process_2021,regulation of cell cycle process (GO:0010564),6/106,0.05004132551759489,2.3562752571604197,7.0568231517256335,CDC42;CEP85;KLHL21;PLK3;RCC1;YTHDF2,1.0
GO_Biological_Process_2021,cellular response to amino acid stimulus (GO:0071230),3/34,0.05246270580132812,3.790939109158751,11.174372004908776,MTOR;RRAGC;SESN2,1.0
GO_Biological_Process_2021,termination of RNA polymerase II transcription (GO:0006369),3/34,0.05246270580132812,3.790939109158751,11.174372004908776,LSM10;MED18;SSU72,1.0
GO_Biological_Process_2021,negative regulation of androgen receptor signaling pathway (GO:0060766),2/15,0.05283299250953198,6.020080203489276,17.702764788108396,HDAC1;HEYL,1.0
GO_Biological_Process_2021,aflatoxin metabolic process (GO:0046222),2/15,0.05283299250953198,6.020080203489276,17.702764788108396,AKR7A2;AKR7A3,1.0
GO_Biological_Process_2021,regulation of extracellular matrix organization (GO:1903053),2/15,0.05283299250953198,6.020080203489276,17.702764788108396,ANGPTL7;TIE1,1.0
GO_Biological_Process_2021,protein hydroxylation (GO:0018126),2/15,0.05283299250953198,6.020080203489276,17.702764788108396,P3H1;PLOD1,1.0
GO_Biological_Process_2021,regulation of aerobic respiration (GO:1903715),2/15,0.05283299250953198,6.020080203489276,17.702764788108396,PINK1;SLC25A33,1.0
GO_Biological_Process_2021,negative regulation of mRNA processing (GO:0050686),2/15,0.05283299250953198,6.020080203489276,17.702764788108396,SRSF10;SRSF4,1.0
GO_Biological_Process_2021,organic heteropentacyclic compound metabolic process (GO:1901376),2/15,0.05283299250953198,6.020080203489276,17.702764788108396,AKR7A2;AKR7A3,1.0
GO_Biological_Process_2021,mycotoxin metabolic process (GO:0043385),2/15,0.05283299250953198,6.020080203489276,17.702764788108396,AKR7A2;AKR7A3,1.0
GO_Biological_Process_2021,peptidyl-arginine modification (GO:0018195),2/15,0.05283299250953198,6.020080203489276,17.702764788108396,PADI2;PARK7,1.0
GO_Biological_Process_2021,histone H3 deacetylation (GO:0070932),2/15,0.05283299250953198,6.020080203489276,17.702764788108396,HDAC1;SFPQ,1.0
GO_Biological_Process_2021,positive regulation of protein ubiquitination (GO:0031398),5/82,0.054561600512458654,2.5479469523306006,7.410512438950929,CENPS;KDM1A;LAPTM5;PEF1;PINK1,1.0
GO_Biological_Process_2021,ephrin receptor signaling pathway (GO:0048013),5/82,0.054561600512458654,2.5479469523306006,7.410512438950929,CDC42;EPHA10;EPHA2;EPHA8;EPHB2,1.0
GO_Biological_Process_2021,negative regulation of macromolecule metabolic process (GO:0010605),9/194,0.05547976211186591,1.9137446639464126,5.534046198481596,AGO1;AGO3;AGO4;HDAC1;KDM4A;PARK7;PINK1;TARDBP;ZC3H12A,1.0
GO_Biological_Process_2021,regulation of protein ubiquitination (GO:0031396),6/109,0.05589601332579858,2.2872921210661747,6.597150249359054,CENPS;ISG15;LAPTM5;PARK7;PINK1;SVBP,1.0
GO_Biological_Process_2021,positive regulation of immunoglobulin production (GO:0002639),3/35,0.0563549093369663,3.6722836302105915,10.561803243365352,EPHB2;MAD2L2;VAMP3,1.0
GO_Biological_Process_2021,positive regulation of lipid biosynthetic process (GO:0046889),3/35,0.0563549093369663,3.6722836302105915,10.561803243365352,FABP3;MFSD2A;MTOR,1.0
GO_Biological_Process_2021,regulation of TORC1 signaling (GO:1903432),3/35,0.0563549093369663,3.6722836302105915,10.561803243365352,RRAGC;SESN2;SZT2,1.0
GO_Biological_Process_2021,smoothened signaling pathway (GO:0007224),3/35,0.0563549093369663,3.6722836302105915,10.561803243365352,DISP3;HES5;PTCH2,1.0
GO_Biological_Process_2021,negative regulation of Ras protein signal transduction (GO:0046580),3/35,0.0563549093369663,3.6722836302105915,10.561803243365352,EPHB2;MFN2;STMN1,1.0
GO_Biological_Process_2021,positive regulation of plasma membrane bounded cell projection assembly (GO:0120034),5/83,0.05692305513058424,2.515151465635376,7.208562014029119,AGRN;AKIRIN1;CDC42;CROCC;WASF2,1.0
GO_Biological_Process_2021,negative regulation of transcription regulatory region DNA binding (GO:2000678),2/16,0.05940572114726701,5.589787612941729,15.782009259641375,MAD2L2;ZNF593,1.0
GO_Biological_Process_2021,histone H2A acetylation (GO:0043968),2/16,0.05940572114726701,5.589787612941729,15.782009259641375,DMAP1;MEAF6,1.0
GO_Biological_Process_2021,3'-UTR-mediated mRNA destabilization (GO:0061158),2/16,0.05940572114726701,5.589787612941729,15.782009259641375,TARDBP;ZC3H12A,1.0
GO_Biological_Process_2021,regulation of oxidative phosphorylation (GO:0002082),2/16,0.05940572114726701,5.589787612941729,15.782009259641375,PINK1;SLC25A33,1.0
GO_Biological_Process_2021,apoptotic DNA fragmentation (GO:0006309),2/16,0.05940572114726701,5.589787612941729,15.782009259641375,DFFA;DFFB,1.0
GO_Biological_Process_2021,neural tube development (GO:0021915),2/16,0.05940572114726701,5.589787612941729,15.782009259641375,DVL1;HES5,1.0
GO_Biological_Process_2021,dendritic spine morphogenesis (GO:0060997),2/16,0.05940572114726701,5.589787612941729,15.782009259641375,CDC42;EPHB2,1.0
GO_Biological_Process_2021,oligodendrocyte development (GO:0014003),2/16,0.05940572114726701,5.589787612941729,15.782009259641375,EIF2B3;HES5,1.0
GO_Biological_Process_2021,regulation of defense response to virus (GO:0050688),2/16,0.05940572114726701,5.589787612941729,15.782009259641375,IFNLR1;ZMPSTE24,1.0
GO_Biological_Process_2021,resolution of meiotic recombination intermediates (GO:0000712),2/16,0.05940572114726701,5.589787612941729,15.782009259641375,CENPS;CORT,1.0
GO_Biological_Process_2021,regulation of ATP biosynthetic process (GO:2001169),2/16,0.05940572114726701,5.589787612941729,15.782009259641375,ENO1;PINK1,1.0
GO_Biological_Process_2021,dendrite morphogenesis (GO:0048813),3/36,0.06038024100847201,3.5608193924108043,9.995552483930425,CDC42;DVL1;EPHB2,1.0
GO_Biological_Process_2021,regulation of defense response to virus by host (GO:0050691),3/36,0.06038024100847201,3.5608193924108043,9.995552483930425,IFNLR1;MUL1;ZC3H12A,1.0
GO_Biological_Process_2021,aortic valve development (GO:0003176),3/36,0.06038024100847201,3.5608193924108043,9.995552483930425,HEYL;TIE1;TNFRSF1B,1.0
GO_Biological_Process_2021,regulation of cardiac muscle contraction (GO:0055117),3/36,0.06038024100847201,3.5608193924108043,9.995552483930425,RNF207;SLC9A1;ZC3H12A,1.0
GO_Biological_Process_2021,embryonic limb morphogenesis (GO:0030326),3/36,0.06038024100847201,3.5608193924108043,9.995552483930425,ECE1;HDAC1;SKI,1.0
GO_Biological_Process_2021,positive regulation of cell differentiation (GO:0045597),11/258,0.060422983943691055,1.7534172505986718,4.920765128994743,AKIRIN1;CDC42;CTNNBIP1;HEYL;MTOR;NBL1;PDPN;PLA2G5;RPS6KA1;XKR8;ZC3H12A,1.0
GO_Biological_Process_2021,regulation of macroautophagy (GO:0016241),6/112,0.06214652944368641,2.2222136907885854,6.173888084564718,ATP13A2;ATP6V0B;MTOR;PINK1;RRAGC;SESN2,1.0
GO_Biological_Process_2021,ribonucleoprotein complex biogenesis (GO:0022613),4/60,0.06296656621426189,2.80011515235943,7.742742301424645,EBNA1BP2;MRTO4;NOC2L;RPL11,1.0
GO_Biological_Process_2021,positive regulation of signaling receptor activity (GO:2000273),3/37,0.06453625232792237,3.4559118744815938,9.471023815597977,EPHB2;HDAC1;PARK7,1.0
GO_Biological_Process_2021,chromatin organization (GO:0006325),7/142,0.06604429276346299,2.036736493432586,5.534688155977322,ARID1A;HDAC1;HMGN2;HP1BP3;KDM4A;PADI2;RBBP4,1.0
GO_Biological_Process_2021,protein localization to organelle (GO:0033365),7/142,0.06604429276346299,2.036736493432586,5.534688155977322,CROCC;DVL1;ISG15;RPA2;RPL11;UBE2J2;YBX1,1.0
GO_Biological_Process_2021,"regulation of DNA-templated transcription, initiation (GO:2000142)",4/61,0.06611632837108351,2.7508488423888005,7.472239471851592,AGO1;AGO3;AGO4;MED8,1.0
GO_Biological_Process_2021,maturation of 5.8S rRNA (GO:0000460),2/17,0.06624192025241268,5.216867367800521,14.16088274391536,EXOSC10;NOL9,1.0
GO_Biological_Process_2021,acyl-CoA biosynthetic process (GO:0071616),2/17,0.06624192025241268,5.216867367800521,14.16088274391536,PPCS;PPT1,1.0
GO_Biological_Process_2021,regulation of receptor recycling (GO:0001919),2/17,0.06624192025241268,5.216867367800521,14.16088274391536,ECE1;VAMP3,1.0
GO_Biological_Process_2021,ERAD pathway (GO:0036503),5/87,0.06694699308016075,2.391968418048433,6.467533663894931,FBXO2;FBXO44;FBXO6;UBE2J2;UBE4B,1.0
GO_Biological_Process_2021,negative regulation of DNA-binding transcription factor activity (GO:0043433),7/143,0.06802980565597515,2.0216560869906295,5.433826135866025,CTNNBIP1;HEYL;ID3;KDM1A;MAD2L2;PEX14;ZC3H12A,1.0
GO_Biological_Process_2021,negative regulation of innate immune response (GO:0045824),3/38,0.06882036923669446,3.356999071862623,8.984187274465183,ISG15;MUL1;YTHDF2,1.0
GO_Biological_Process_2021,histone exchange (GO:0043486),3/38,0.06882036923669446,3.356999071862623,8.984187274465183,CENPS;DMAP1;RBBP4,1.0
GO_Biological_Process_2021,regulation of neurogenesis (GO:0050767),4/62,0.06934660343634286,2.7032813706930203,7.21407968936111,HES5;HEYL;SPEN;YTHDF2,1.0
GO_Biological_Process_2021,negative regulation of kinase activity (GO:0033673),4/62,0.06934660343634286,2.7032813706930203,7.21407968936111,CAMK2N1;CEP85;DVL1;PARK7,1.0
GO_Biological_Process_2021,negative regulation of binding (GO:0051100),5/88,0.0695968604892412,2.3630278225310186,6.297553792054229,CTNNBIP1;DVL1;KDM1A;PARK7;PEX14,1.0
GO_Biological_Process_2021,collagen fibril organization (GO:0030199),5/89,0.07230390113619853,2.3347762888116383,6.133170585352433,COL16A1;COL8A2;COL9A2;P3H1;PLOD1,1.0
GO_Biological_Process_2021,anterior/posterior pattern specification (GO:0009952),4/63,0.07265668374016951,2.6573263556648943,6.9675359961962275,HES4;HES5;HEYL;SKI,1.0
GO_Biological_Process_2021,protein-containing complex assembly (GO:0065003),11/267,0.07314199913935501,1.6909828395089144,4.422516253555628,COL16A1;HDAC1;HES5;PEF1;PEX14;PPIH;SLC2A1;SLC9A1;TRAPPC3;VAMP3;ZC3H12A,1.0
GO_Biological_Process_2021,regulation of protein targeting to mitochondrion (GO:1903214),3/39,0.07322990395531463,3.263581424944707,8.53149600800995,ATP5IF1;PINK1;UBE2J2,1.0
GO_Biological_Process_2021,neuron maturation (GO:0042551),2/18,0.07332436774710814,4.890562153301965,12.778365411447675,C1QA;EPHA8,1.0
GO_Biological_Process_2021,RNA destabilization (GO:0050779),2/18,0.07332436774710814,4.890562153301965,12.778365411447675,PUM1;YTHDF2,1.0
GO_Biological_Process_2021,pulmonary valve development (GO:0003177),2/18,0.07332436774710814,4.890562153301965,12.778365411447675,HEYL;TNFRSF1B,1.0
GO_Biological_Process_2021,embryonic digit morphogenesis (GO:0042733),2/18,0.07332436774710814,4.890562153301965,12.778365411447675,ECE1;HDAC1,1.0
GO_Biological_Process_2021,carbohydrate derivative transport (GO:1901264),2/18,0.07332436774710814,4.890562153301965,12.778365411447675,CPTP;MFSD2A,1.0
GO_Biological_Process_2021,positive regulation of myoblast differentiation (GO:0045663),2/18,0.07332436774710814,4.890562153301965,12.778365411447675,AKIRIN1;XKR8,1.0
GO_Biological_Process_2021,intracellular estrogen receptor signaling pathway (GO:0030520),2/18,0.07332436774710814,4.890562153301965,12.778365411447675,ARID1A;PADI2,1.0
GO_Biological_Process_2021,G protein-coupled acetylcholine receptor signaling pathway (GO:0007213),2/18,0.07332436774710814,4.890562153301965,12.778365411447675,AGRN;GNB1,1.0
GO_Biological_Process_2021,regulation of protein sumoylation (GO:0033233),2/18,0.07332436774710814,4.890562153301965,12.778365411447675,MUL1;PARK7,1.0
GO_Biological_Process_2021,mitochondrial fission (GO:0000266),2/18,0.07332436774710814,4.890562153301965,12.778365411447675,MTFR1L;MUL1,1.0
GO_Biological_Process_2021,central nervous system development (GO:0007417),11/268,0.07465279286567474,1.6843156110008424,4.370642946738247,C1QA;HES5;HPCAL4;HSPG2;KLHL17;MARCKSL1;MFSD2A;MTF1;PPT1;SLC2A1;SZT2,1.0
GO_Biological_Process_2021,positive regulation of autophagy (GO:0010508),5/90,0.07506786619655116,2.3071894970621254,5.974150407031382,PARK7;PINK1;PLK3;SESN2;ZC3H12A,1.0
GO_Biological_Process_2021,regulation of transcription initiation from RNA polymerase II promoter (GO:0060260),4/64,0.07604580119746125,2.6129031744710387,6.731934619456518,AGO1;AGO3;AGO4;MED8,1.0
GO_Biological_Process_2021,negative regulation of intrinsic apoptotic signaling pathway (GO:2001243),4/64,0.07604580119746125,2.6129031744710387,6.731934619456518,ENO1;NOC2L;PARK7;PINK1,1.0
GO_Biological_Process_2021,diterpenoid metabolic process (GO:0016101),4/64,0.07604580119746125,2.6129031744710387,6.731934619456518,AGRN;DHRS3;HSPG2;SDC3,1.0
GO_Biological_Process_2021,negative regulation of protein kinase B signaling (GO:0051898),3/40,0.07776206622141679,3.1752133805628935,8.109817408638285,EPHA2;MUL1;OTUD3,1.0
GO_Biological_Process_2021,positive regulation of cilium assembly (GO:0045724),2/19,0.08063653494982481,4.602645787567944,11.588557419843832,CROCC;WRAP73,1.0
GO_Biological_Process_2021,cytoplasmic translational initiation (GO:0002183),2/19,0.08063653494982481,4.602645787567944,11.588557419843832,EIF2B3;EIF3I,1.0
GO_Biological_Process_2021,regulation of bicellular tight junction assembly (GO:2000810),2/19,0.08063653494982481,4.602645787567944,11.588557419843832,EPHA2;NPHP4,1.0
GO_Biological_Process_2021,mesenchymal cell development (GO:0014031),2/19,0.08063653494982481,4.602645787567944,11.588557419843832,HEYL;PEF1,1.0
GO_Biological_Process_2021,regulation of cell-cell adhesion mediated by cadherin (GO:2000047),2/19,0.08063653494982481,4.602645787567944,11.588557419843832,MAD2L2;PTPRU,1.0
GO_Biological_Process_2021,regulation of glucose transmembrane transport (GO:0010827),2/19,0.08063653494982481,4.602645787567944,11.588557419843832,C1QTNF12;SLC2A1,1.0
GO_Biological_Process_2021,positive regulation of mitochondrial fission (GO:0090141),2/19,0.08063653494982481,4.602645787567944,11.588557419843832,MUL1;PINK1,1.0
GO_Biological_Process_2021,mitochondrion localization (GO:0051646),2/19,0.08063653494982481,4.602645787567944,11.588557419843832,MFN2;MUL1,1.0
GO_Biological_Process_2021,regulation of RIG-I signaling pathway (GO:0039535),2/19,0.08063653494982481,4.602645787567944,11.588557419843832,GPATCH3;PUM1,1.0
GO_Biological_Process_2021,negative regulation of RNA splicing (GO:0033119),2/19,0.08063653494982481,4.602645787567944,11.588557419843832,SRSF10;SRSF4,1.0
GO_Biological_Process_2021,negative regulation of oxidative stress-induced intrinsic apoptotic signaling pathway (GO:1902176),2/19,0.08063653494982481,4.602645787567944,11.588557419843832,PARK7;PINK1,1.0
GO_Biological_Process_2021,regulation of oligodendrocyte differentiation (GO:0048713),2/19,0.08063653494982481,4.602645787567944,11.588557419843832,HES5;TNFRSF1B,1.0
GO_Biological_Process_2021,establishment of skin barrier (GO:0061436),2/19,0.08063653494982481,4.602645787567944,11.588557419843832,KDF1;STMN1,1.0
GO_Biological_Process_2021,regulation of water loss via skin (GO:0033561),2/19,0.08063653494982481,4.602645787567944,11.588557419843832,KDF1;STMN1,1.0
GO_Biological_Process_2021,nucleobase-containing compound catabolic process (GO:0034655),3/41,0.08241397394133815,3.0914962858853867,7.716375563588127,DFFB;PABPC4;PPP1R8,1.0
GO_Biological_Process_2021,regulation of cell development (GO:0060284),3/41,0.08241397394133815,3.0914962858853867,7.716375563588127,HES5;HEYL;YTHDF2,1.0
GO_Biological_Process_2021,regulation of filopodium assembly (GO:0051489),3/41,0.08241397394133815,3.0914962858853867,7.716375563588127,AGRN;CAPZB;CDC42,1.0
GO_Biological_Process_2021,cytoplasmic translation (GO:0002181),5/93,0.08369833481213881,2.228190957052157,5.52710832146388,EIF2B3;EIF3I;RPL11;RPL22;RPS8,1.0
GO_Biological_Process_2021,cellular respiration (GO:0045333),3/42,0.08718266327993014,3.012072375550316,7.34870292592667,MTFR1L;SDHB;UQCRHL,1.0
GO_Biological_Process_2021,fatty acid transport (GO:0015908),2/20,0.08816256278348908,4.346720129137704,10.556326554392845,FABP3;MFSD2A,1.0
GO_Biological_Process_2021,oligodendrocyte differentiation (GO:0048709),2/20,0.08816256278348908,4.346720129137704,10.556326554392845,EIF2B3;HES5,1.0
GO_Biological_Process_2021,positive regulation of protein localization to nucleus (GO:1900182),4/68,0.09037530254135293,2.449092693818696,5.887090446362913,DMAP1;PARK7;SESN2;ZC3H12A,1.0
GO_Biological_Process_2021,regulation of myeloid cell differentiation (GO:0045637),4/68,0.09037530254135293,2.449092693818696,5.887090446362913,AGO1;AGO3;AGO4;HDAC1,1.0
GO_Biological_Process_2021,DNA synthesis involved in DNA repair (GO:0000731),3/43,0.09206509821225105,2.9366196607319988,7.004599541015904,FAAP20;ISG15;RPA2,1.0
GO_Biological_Process_2021,cellular response to glucose starvation (GO:0042149),3/43,0.09206509821225105,2.9366196607319988,7.004599541015904,SESN2;SZT2;ZC3H12A,1.0
GO_Biological_Process_2021,cellular response to oxidative stress (GO:0034599),6/125,0.09379673034311027,1.9781240041171781,4.681478277743212,ATP13A2;PARK7;PINK1;PRDX1;SESN2;ZC3H12A,1.0
GO_Biological_Process_2021,negative regulation of cell population proliferation (GO:0008285),14/379,0.09554196296491434,1.510175289632224,3.546178098411532,CAMK2N1;CHD5;CTNNBIP1;FABP3;IFNLR1;KDF1;MFN2;P3H1;PDPN;PTPRU;RBBP4;SKI;TP73;ZBTB17,1.0
GO_Biological_Process_2021,regulation of ubiquitin protein ligase activity (GO:1904666),2/21,0.09588723873604421,4.11773401370012,9.65436659095969,MAD2L2;RPL11,1.0
GO_Biological_Process_2021,positive regulation of immune system process (GO:0002684),2/21,0.09588723873604421,4.11773401370012,9.65436659095969,PIK3CD;TNFRSF18,1.0
GO_Biological_Process_2021,regulation of cell-substrate junction assembly (GO:0090109),2/21,0.09588723873604421,4.11773401370012,9.65436659095969,MACF1;SLC9A1,1.0
GO_Biological_Process_2021,negative regulation of small GTPase mediated signal transduction (GO:0051058),2/21,0.09588723873604421,4.11773401370012,9.65436659095969,EPHB2;MFN2,1.0
GO_Biological_Process_2021,focal adhesion assembly (GO:0048041),2/21,0.09588723873604421,4.11773401370012,9.65436659095969,RCC2;TESK2,1.0
GO_Biological_Process_2021,error-prone translesion synthesis (GO:0042276),2/21,0.09588723873604421,4.11773401370012,9.65436659095969,MAD2L2;RPA2,1.0
GO_Biological_Process_2021,acetylcholine receptor signaling pathway (GO:0095500),2/21,0.09588723873604421,4.11773401370012,9.65436659095969,AGRN;GNB1,1.0
GO_Biological_Process_2021,positive regulation of vascular associated smooth muscle cell proliferation (GO:1904707),2/21,0.09588723873604421,4.11773401370012,9.65436659095969,LDLRAP1;MFN2,1.0
GO_Biological_Process_2021,mRNA stabilization (GO:0048255),3/44,0.09705817955991358,2.8648475661487214,6.682098496196398,TARDBP;THRAP3;YBX1,1.0
GO_Biological_Process_2021,positive regulation of mRNA catabolic process (GO:0061014),3/44,0.09705817955991358,2.8648475661487214,6.682098496196398,PUM1;YTHDF2;ZC3H12A,1.0
GO_Biological_Process_2021,cellular response to light stimulus (GO:0071482),4/70,0.09799027323346654,2.3746333844312675,5.516005156088404,CASP9;GNB1;KDM1A;NOC2L,1.0
GO_Biological_Process_2021,negative regulation of neuron death (GO:1901215),5/98,0.09918857412958881,2.107852679259194,4.870683588882871,ATP13A2;PARK7;PINK1;PPT1;TNFRSF1B,1.0
GO_Biological_Process_2021,histone acetylation (GO:0016573),4/71,0.10190657875176018,2.339070729201451,5.341732970555331,CHD5;DMAP1;MEAF6;TAF12,1.0
GO_Biological_Process_2021,cellular response to starvation (GO:0009267),7/158,0.10205356472920289,1.8194188482822768,4.152382237781169,ATP6V0B;MFSD2A;MTOR;RRAGC;SESN2;SZT2;ZC3H12A,1.0
GO_Biological_Process_2021,T cell receptor signaling pathway (GO:0050852),7/158,0.10205356472920289,1.8194188482822768,4.152382237781169,EIF2B3;ERMAP;KHDRBS1;PIK3CD;PSMB2;THEMIS2;ZC3H12A,1.0
GO_Biological_Process_2021,positive regulation of nervous system development (GO:0051962),3/45,0.1021587535340178,2.7964931903551244,6.3794365218672535,CLSTN1;EPHB2;SPEN,1.0
GO_Biological_Process_2021,response to UV (GO:0009411),5/99,0.10244851709141199,2.085321257034129,4.751185272811852,CASP9;KDM1A;NOC2L;SDF4;UBE4B,1.0
GO_Biological_Process_2021,heme biosynthetic process (GO:0006783),2/22,0.10379597455081534,3.911646509806295,8.861162716122283,ATP5IF1;UROD,1.0
GO_Biological_Process_2021,regulation of execution phase of apoptosis (GO:1900117),2/22,0.10379597455081534,3.911646509806295,8.861162716122283,DFFA;ZC3H12A,1.0
GO_Biological_Process_2021,positive regulation of neural precursor cell proliferation (GO:2000179),2/22,0.10379597455081534,3.911646509806295,8.861162716122283,DISP3;KDM1A,1.0
GO_Biological_Process_2021,organelle organization (GO:0006996),15/420,0.10701263793650294,1.4581901196096732,3.2587754405199663,ATAD3A;ATAD3B;ATAD3C;CAPZB;CDC42;PARK7;PEX10;PEX14;PINK1;PLEKHM2;SLC25A33;VPS13D;YTHDF2;ZMYM4;ZMYM6,1.0
GO_Biological_Process_2021,positive regulation of smooth muscle cell proliferation (GO:0048661),3/46,0.10736361980576331,2.7313180878542522,6.095028876885534,HES5;LDLRAP1;MFN2,1.0
GO_Biological_Process_2021,regulation of double-strand break repair via homologous recombination (GO:0010569),3/46,0.10736361980576331,2.7313180878542522,6.095028876885534,KDM1A;MAD2L2;RPA2,1.0
GO_Biological_Process_2021,postreplication repair (GO:0006301),3/46,0.10736361980576331,2.7313180878542522,6.095028876885534,FAAP20;ISG15;RPA2,1.0
GO_Biological_Process_2021,positive regulation of nucleocytoplasmic transport (GO:0046824),3/46,0.10736361980576331,2.7313180878542522,6.095028876885534,DMAP1;KHDRBS1;ZC3H12A,1.0
GO_Biological_Process_2021,ribosome biogenesis (GO:0042254),8/192,0.10963083712679529,1.7069635575643676,3.773476086876862,EBNA1BP2;EXOSC10;MRTO4;NOC2L;NOL9;RPL11;RPL22;UTP11,1.0
GO_Biological_Process_2021,positive regulation of synaptic transmission (GO:0050806),4/73,0.10995100893911768,2.2710378235444106,5.013816499686148,CLSTN1;EPHB2;PRKCZ;RIMS3,1.0
GO_Biological_Process_2021,negative regulation of gene expression (GO:0010629),12/322,0.11104822858812795,1.522210440250844,3.345499918961155,AGO1;AGO3;AGO4;HDAC1;KDM4A;PARK7;PINK1;RBBP4;TARDBP;YBX1;YTHDF2;ZC3H12A,1.0
GO_Biological_Process_2021,regulation of neural precursor cell proliferation (GO:2000177),2/23,0.11187478462470203,3.7251863872356914,8.159555235500564,DISP3;KDM1A,1.0
GO_Biological_Process_2021,negative regulation of reactive oxygen species metabolic process (GO:2000378),2/23,0.11187478462470203,3.7251863872356914,8.159555235500564,PARK7;PINK1,1.0
GO_Biological_Process_2021,negative regulation of signal transduction in absence of ligand (GO:1901099),2/23,0.11187478462470203,3.7251863872356914,8.159555235500564,EYA3;IFI6,1.0
GO_Biological_Process_2021,glucose 6-phosphate metabolic process (GO:0051156),2/23,0.11187478462470203,3.7251863872356914,8.159555235500564,H6PD;PGD,1.0
GO_Biological_Process_2021,nucleotide metabolic process (GO:0009117),2/23,0.11187478462470203,3.7251863872356914,8.159555235500564,NMNAT1;PARK7,1.0
GO_Biological_Process_2021,"DNA catabolic process, endonucleolytic (GO:0000737)",2/23,0.11187478462470203,3.7251863872356914,8.159555235500564,DFFA;DFFB,1.0
GO_Biological_Process_2021,negative regulation of extrinsic apoptotic signaling pathway in absence of ligand (GO:2001240),2/23,0.11187478462470203,3.7251863872356914,8.159555235500564,EYA3;IFI6,1.0
GO_Biological_Process_2021,rRNA metabolic process (GO:0016072),7/162,0.11244680721158215,1.7720996836124518,3.8725251253681217,EBNA1BP2;EXOSC10;MRTO4;NOL9;RPL11;RPL22;UTP11,1.0
GO_Biological_Process_2021,positive regulation of cell growth (GO:0030307),5/102,0.11254262315730562,2.0205143827991474,4.413658608045562,CDC42;MACF1;MFSD2A;RPS6KA1;SLC25A33,1.0
GO_Biological_Process_2021,intrinsic apoptotic signaling pathway (GO:0097193),5/102,0.11254262315730562,2.0205143827991474,4.413658608045562,CASP9;EPHA2;IFI6;TNFRSF1B;TP73,1.0
GO_Biological_Process_2021,regulation of protein localization to nucleus (GO:1900180),3/47,0.11266953912505014,2.669105490012511,5.827447813153326,ATP13A2;PARK7;SESN2,1.0
GO_Biological_Process_2021,purine ribonucleotide biosynthetic process (GO:0009152),3/48,0.11807324050660134,2.609657896519291,5.575404043092076,ACOT7;PANK4;PPCS,1.0
GO_Biological_Process_2021,histone H4 acetylation (GO:0043967),3/48,0.11807324050660134,2.609657896519291,5.575404043092076,CHD5;DMAP1;MEAF6,1.0
GO_Biological_Process_2021,regulation of mitochondrion organization (GO:0010821),3/48,0.11807324050660134,2.609657896519291,5.575404043092076,ATP13A2;MUL1;PINK1,1.0
GO_Biological_Process_2021,positive regulation of endocytosis (GO:0045807),3/48,0.11807324050660134,2.609657896519291,5.575404043092076,CDC42;LDLRAP1;PPT1,1.0
GO_Biological_Process_2021,extracellular exosome biogenesis (GO:0097734),1/5,0.11891560438325303,9.767534879408117,20.798414874254938,ATP13A2,1.0
GO_Biological_Process_2021,deadenylation-independent decapping of nuclear-transcribed mRNA (GO:0031087),1/5,0.11891560438325303,9.767534879408117,20.798414874254938,PNRC2,1.0
GO_Biological_Process_2021,positive regulation of protein monoubiquitination (GO:1902527),1/5,0.11891560438325303,9.767534879408117,20.798414874254938,PEF1,1.0
GO_Biological_Process_2021,negative regulation of cysteine-type endopeptidase activity involved in apoptotic signaling pathway (GO:2001268),1/5,0.11891560438325303,9.767534879408117,20.798414874254938,PARK7,1.0
GO_Biological_Process_2021,positive regulation of protein localization to cilium (GO:1903566),1/5,0.11891560438325303,9.767534879408117,20.798414874254938,CROCC,1.0
GO_Biological_Process_2021,fatty acid derivative catabolic process (GO:1901569),1/5,0.11891560438325303,9.767534879408117,20.798414874254938,OXCT2,1.0
GO_Biological_Process_2021,positive regulation of protein localization to cell cortex (GO:1904778),1/5,0.11891560438325303,9.767534879408117,20.798414874254938,EPB41,1.0
GO_Biological_Process_2021,CRD-mediated mRNA stabilization (GO:0070934),1/5,0.11891560438325303,9.767534879408117,20.798414874254938,YBX1,1.0
GO_Biological_Process_2021,"RNA phosphodiester bond hydrolysis, exonucleolytic (GO:0090503)",1/5,0.11891560438325303,9.767534879408117,20.798414874254938,TOE1,1.0
GO_Biological_Process_2021,protein retention in Golgi apparatus (GO:0045053),1/5,0.11891560438325303,9.767534879408117,20.798414874254938,VPS13D,1.0
GO_Biological_Process_2021,lymph node development (GO:0048535),1/5,0.11891560438325303,9.767534879408117,20.798414874254938,PDPN,1.0
GO_Biological_Process_2021,lipid transport across blood-brain barrier (GO:1990379),1/5,0.11891560438325303,9.767534879408117,20.798414874254938,MFSD2A,1.0
GO_Biological_Process_2021,positive regulation of attachment of spindle microtubules to kinetochore (GO:0051987),1/5,0.11891560438325303,9.767534879408117,20.798414874254938,RCC2,1.0
GO_Biological_Process_2021,leucine catabolic process (GO:0006552),1/5,0.11891560438325303,9.767534879408117,20.798414874254938,HMGCL,1.0
GO_Biological_Process_2021,cellular response to sodium arsenite (GO:1903936),1/5,0.11891560438325303,9.767534879408117,20.798414874254938,ZC3H12A,1.0
GO_Biological_Process_2021,positive regulation of vascular associated smooth muscle cell apoptotic process (GO:1905461),1/5,0.11891560438325303,9.767534879408117,20.798414874254938,MFN2,1.0
GO_Biological_Process_2021,glucuronate catabolic process (GO:0006064),1/5,0.11891560438325303,9.767534879408117,20.798414874254938,AKR1A1,1.0
GO_Biological_Process_2021,glucuronate catabolic process to xylulose 5-phosphate (GO:0019640),1/5,0.11891560438325303,9.767534879408117,20.798414874254938,AKR1A1,1.0
GO_Biological_Process_2021,regulation of protein monoubiquitination (GO:1902525),1/5,0.11891560438325303,9.767534879408117,20.798414874254938,PEF1,1.0
GO_Biological_Process_2021,regulation of miRNA catabolic process (GO:2000625),1/5,0.11891560438325303,9.767534879408117,20.798414874254938,ZC3H12A,1.0
GO_Biological_Process_2021,regulation of microvillus assembly (GO:0032534),1/5,0.11891560438325303,9.767534879408117,20.798414874254938,RAP1GAP,1.0
GO_Biological_Process_2021,negative regulation of macrophage differentiation (GO:0045650),1/5,0.11891560438325303,9.767534879408117,20.798414874254938,C1QC,1.0
GO_Biological_Process_2021,fructose transmembrane transport (GO:0015755),1/5,0.11891560438325303,9.767534879408117,20.798414874254938,SLC2A5,1.0
GO_Biological_Process_2021,regulation of mitophagy (GO:1901524),1/5,0.11891560438325303,9.767534879408117,20.798414874254938,VPS13D,1.0
GO_Biological_Process_2021,regulation of cyclase activity (GO:0031279),1/5,0.11891560438325303,9.767534879408117,20.798414874254938,CAP1,1.0
GO_Biological_Process_2021,negative regulation of adaptive immune response (GO:0002820),1/5,0.11891560438325303,9.767534879408117,20.798414874254938,TNFRSF14,1.0
GO_Biological_Process_2021,determination of dorsal/ventral asymmetry (GO:0048262),1/5,0.11891560438325303,9.767534879408117,20.798414874254938,NBL1,1.0
GO_Biological_Process_2021,negative regulation of cardiac muscle cell proliferation (GO:0060044),1/5,0.11891560438325303,9.767534879408117,20.798414874254938,TP73,1.0
GO_Biological_Process_2021,positive regulation of the force of heart contraction (GO:0098735),1/5,0.11891560438325303,9.767534879408117,20.798414874254938,SLC9A1,1.0
GO_Biological_Process_2021,glucose import across plasma membrane (GO:0098708),1/5,0.11891560438325303,9.767534879408117,20.798414874254938,SLC2A1,1.0
GO_Biological_Process_2021,negative regulation of skeletal muscle cell differentiation (GO:2001015),1/5,0.11891560438325303,9.767534879408117,20.798414874254938,AKIRIN1,1.0
GO_Biological_Process_2021,negative regulation of RNA polymerase II regulatory region sequence-specific DNA binding (GO:1903026),1/5,0.11891560438325303,9.767534879408117,20.798414874254938,ZNF593,1.0
GO_Biological_Process_2021,cerebral cortex neuron differentiation (GO:0021895),1/5,0.11891560438325303,9.767534879408117,20.798414874254938,CHD5,1.0
GO_Biological_Process_2021,chromatin maintenance (GO:0070827),1/5,0.11891560438325303,9.767534879408117,20.798414874254938,MTHFR,1.0
GO_Biological_Process_2021,dephosphorylation of RNA polymerase II C-terminal domain (GO:0070940),1/5,0.11891560438325303,9.767534879408117,20.798414874254938,SSU72,1.0
GO_Biological_Process_2021,disaccharide biosynthetic process (GO:0046351),1/5,0.11891560438325303,9.767534879408117,20.798414874254938,SLC2A1,1.0
GO_Biological_Process_2021,positive regulation of protein localization to synapse (GO:1902474),1/5,0.11891560438325303,9.767534879408117,20.798414874254938,DVL1,1.0
GO_Biological_Process_2021,regulation of guanyl-nucleotide exchange factor activity (GO:1905097),1/5,0.11891560438325303,9.767534879408117,20.798414874254938,STMN1,1.0
GO_Biological_Process_2021,mammary gland duct morphogenesis (GO:0060603),1/5,0.11891560438325303,9.767534879408117,20.798414874254938,EPHA2,1.0
GO_Biological_Process_2021,negative regulation of protein acetylation (GO:1901984),1/5,0.11891560438325303,9.767534879408117,20.798414874254938,PARK7,1.0
GO_Biological_Process_2021,positive regulation of RNA export from nucleus (GO:0046833),1/5,0.11891560438325303,9.767534879408117,20.798414874254938,KHDRBS1,1.0
GO_Biological_Process_2021,response to sodium arsenite (GO:1903935),1/5,0.11891560438325303,9.767534879408117,20.798414874254938,ZC3H12A,1.0
GO_Biological_Process_2021,regulation of circadian sleep/wake cycle (GO:0042749),1/5,0.11891560438325303,9.767534879408117,20.798414874254938,PER3,1.0
GO_Biological_Process_2021,protein citrullination (GO:0018101),1/5,0.11891560438325303,9.767534879408117,20.798414874254938,PADI2,1.0
GO_Biological_Process_2021,regulation of lyase activity (GO:0051339),1/5,0.11891560438325303,9.767534879408117,20.798414874254938,CAP1,1.0
GO_Biological_Process_2021,neutral lipid catabolic process (GO:0046461),1/5,0.11891560438325303,9.767534879408117,20.798414874254938,LYPLA2,1.0
GO_Biological_Process_2021,positive regulation of membrane permeability (GO:1905710),1/5,0.11891560438325303,9.767534879408117,20.798414874254938,LAPTM5,1.0
GO_Biological_Process_2021,regulation of systemic arterial blood pressure by endothelin (GO:0003100),1/5,0.11891560438325303,9.767534879408117,20.798414874254938,ECE1,1.0
GO_Biological_Process_2021,histone citrullination (GO:0036414),1/5,0.11891560438325303,9.767534879408117,20.798414874254938,PADI2,1.0
GO_Biological_Process_2021,positive regulation of mast cell activation involved in immune response (GO:0033008),1/5,0.11891560438325303,9.767534879408117,20.798414874254938,FGR,1.0
GO_Biological_Process_2021,regulation of receptor catabolic process (GO:2000644),1/5,0.11891560438325303,9.767534879408117,20.798414874254938,LAPTM5,1.0
GO_Biological_Process_2021,apoptotic chromosome condensation (GO:0030263),1/5,0.11891560438325303,9.767534879408117,20.798414874254938,DFFB,1.0
GO_Biological_Process_2021,positive regulation of non-motile cilium assembly (GO:1902857),1/5,0.11891560438325303,9.767534879408117,20.798414874254938,WRAP73,1.0
GO_Biological_Process_2021,xylulose 5-phosphate biosynthetic process (GO:1901159),1/5,0.11891560438325303,9.767534879408117,20.798414874254938,AKR1A1,1.0
GO_Biological_Process_2021,positive regulation of nucleobase-containing compound transport (GO:0032241),1/5,0.11891560438325303,9.767534879408117,20.798414874254938,KHDRBS1,1.0
GO_Biological_Process_2021,nuclear retention of pre-mRNA at the site of transcription (GO:0071033),1/5,0.11891560438325303,9.767534879408117,20.798414874254938,EXOSC10,1.0
GO_Biological_Process_2021,pyrimidine nucleobase biosynthetic process (GO:0019856),1/5,0.11891560438325303,9.767534879408117,20.798414874254938,CTPS1,1.0
GO_Biological_Process_2021,positive regulation of histone ubiquitination (GO:0033184),1/5,0.11891560438325303,9.767534879408117,20.798414874254938,KDM1A,1.0
GO_Biological_Process_2021,menaquinone metabolic process (GO:0009233),1/5,0.11891560438325303,9.767534879408117,20.798414874254938,UBIAD1,1.0
GO_Biological_Process_2021,response to fructose (GO:0009750),1/5,0.11891560438325303,9.767534879408117,20.798414874254938,SLC2A5,1.0
GO_Biological_Process_2021,negative regulation of stress fiber assembly (GO:0051497),2/24,0.12011026509285985,3.5556771848987787,7.535706956182998,STMN1;WASF2,1.0
GO_Biological_Process_2021,long-chain fatty-acyl-CoA metabolic process (GO:0035336),2/24,0.12011026509285985,3.5556771848987787,7.535706956182998,ACOT7;ELOVL1,1.0
GO_Biological_Process_2021,DNA packaging (GO:0006323),2/24,0.12011026509285985,3.5556771848987787,7.535706956182998,NOC2L;RBBP4,1.0
GO_Biological_Process_2021,negative regulation of neuron differentiation (GO:0045665),2/24,0.12011026509285985,3.5556771848987787,7.535706956182998,DISP3;HES5,1.0
GO_Biological_Process_2021,protein kinase B signaling (GO:0043491),2/24,0.12011026509285985,3.5556771848987787,7.535706956182998,EPHA2;PLK3,1.0
GO_Biological_Process_2021,neuromuscular junction development (GO:0007528),2/24,0.12011026509285985,3.5556771848987787,7.535706956182998,AGRN;DVL1,1.0
GO_Biological_Process_2021,apoptotic nuclear changes (GO:0030262),2/24,0.12011026509285985,3.5556771848987787,7.535706956182998,DFFA;DFFB,1.0
GO_Biological_Process_2021,porphyrin-containing compound biosynthetic process (GO:0006779),2/24,0.12011026509285985,3.5556771848987787,7.535706956182998,ATP5IF1;UROD,1.0
GO_Biological_Process_2021,cellular response to catecholamine stimulus (GO:0071870),2/24,0.12011026509285985,3.5556771848987787,7.535706956182998,GNB1;SLC9A1,1.0
GO_Biological_Process_2021,positive regulation of growth (GO:0045927),4/76,0.12252860800580537,2.1760752260647918,4.568475703958319,CDC42;MFSD2A;RPS6KA1;SLC25A33,1.0
GO_Biological_Process_2021,regulation of cellular localization (GO:0060341),3/49,0.12357142800240406,2.552794981004038,5.337730736754505,DVL1;KDM1A;PINK1,1.0
GO_Biological_Process_2021,regulation of cell cycle (GO:0051726),11/296,0.12496353905988127,1.5166289655767764,3.1541837206095904,CAMK2N1;CDK11A;CDK11B;MFN2;PHACTR4;PUM1;RBBP4;TARDBP;TP73;TRNP1;ZBTB17,1.0
GO_Biological_Process_2021,regulation of autophagy (GO:0010506),9/231,0.12648424846315917,1.591732230200863,3.2911252437822593,ATP13A2;ATP6V0B;CPTP;EIF4G3;KDM4A;MTOR;PINK1;RRAGC;ZC3H12A,1.0
GO_Biological_Process_2021,divalent inorganic cation homeostasis (GO:0072507),2/25,0.12848957357915344,3.400907913199858,6.978348513082248,ATP13A2;SELENON,1.0
GO_Biological_Process_2021,response to hexose (GO:0009746),2/25,0.12848957357915344,3.400907913199858,6.978348513082248,EIF2B3;SLC2A5,1.0
GO_Biological_Process_2021,regulation of proteolysis involved in cellular protein catabolic process (GO:1903050),2/25,0.12848957357915344,3.400907913199858,6.978348513082248,ATP5IF1;PINK1,1.0
GO_Biological_Process_2021,regulation of epidermal cell differentiation (GO:0045604),2/25,0.12848957357915344,3.400907913199858,6.978348513082248,ERRFI1;KDF1,1.0
GO_Biological_Process_2021,regulation of mitochondrial fission (GO:0090140),2/25,0.12848957357915344,3.400907913199858,6.978348513082248,MUL1;PINK1,1.0
GO_Biological_Process_2021,ribosomal large subunit assembly (GO:0000027),2/25,0.12848957357915344,3.400907913199858,6.978348513082248,MRPL20;RPL11,1.0
GO_Biological_Process_2021,peroxisome organization (GO:0007031),2/25,0.12848957357915344,3.400907913199858,6.978348513082248,PEX10;PEX14,1.0
GO_Biological_Process_2021,peripheral nervous system development (GO:0007422),2/25,0.12848957357915344,3.400907913199858,6.978348513082248,ADGRB2;ARTN,1.0
GO_Biological_Process_2021,positive regulation of lipid metabolic process (GO:0045834),2/25,0.12848957357915344,3.400907913199858,6.978348513082248,DISP3;MTOR,1.0
GO_Biological_Process_2021,DNA repair (GO:0006281),11/298,0.1291426372113911,1.5059033638162027,3.0823398840167107,CENPS;EXO5;EYA3;FAAP20;FBXO6;KDM4A;MAD2L2;MUTYH;PARK7;RPA2;TP73,1.0
GO_Biological_Process_2021,regulation of complement activation (GO:0030449),3/50,0.12916078707854922,2.4983517640213484,5.113369658184688,C1QA;C1QB;C1QC,1.0
GO_Biological_Process_2021,regulation of substrate adhesion-dependent cell spreading (GO:1900024),3/51,0.13483799061385887,2.4461770144129376,4.9013591175947475,CDC42;PDPN;RCC2,1.0
GO_Biological_Process_2021,negative regulation of protein ubiquitination (GO:0031397),3/51,0.13483799061385887,2.4461770144129376,4.9013591175947475,ISG15;PARK7;SVBP,1.0
GO_Biological_Process_2021,regulation of intracellular signal transduction (GO:1902531),15/437,0.13533220927086484,1.3982019555850285,2.7964356698779755,ARHGEF16;CDC42;HDAC1;INPP5B;MEAF6;MTOR;NOC2L;PLEKHG5;PLK3;RBBP4;RPA2;RPL11;RRAGC;TAF12;TP73,1.0
GO_Biological_Process_2021,regulation of neuron differentiation (GO:0045664),4/79,0.13568782792959685,2.0887096363835425,4.171985316159845,DISP3;HES5;HEYL;NBL1,1.0
GO_Biological_Process_2021,negative regulation of macroautophagy (GO:0016242),2/26,0.137000409592271,3.2590360808091816,6.4782185938302375,MTOR;PINK1,1.0
GO_Biological_Process_2021,regulation of viral life cycle (GO:1903900),2/26,0.137000409592271,3.2590360808091816,6.4782185938302375,KPNA6;TRIM62,1.0
GO_Biological_Process_2021,regulation of myelination (GO:0031641),2/26,0.137000409592271,3.2590360808091816,6.4782185938302375,HES5;TNFRSF1B,1.0
GO_Biological_Process_2021,organelle fission (GO:0048285),2/26,0.137000409592271,3.2590360808091816,6.4782185938302375,MTFR1L;MUL1,1.0
GO_Biological_Process_2021,snRNA processing (GO:0016180),2/26,0.137000409592271,3.2590360808091816,6.4782185938302375,INTS11;TOE1,1.0
GO_Biological_Process_2021,TOR signaling (GO:0031929),2/26,0.137000409592271,3.2590360808091816,6.4782185938302375,MTOR;PINK1,1.0
GO_Biological_Process_2021,positive regulation of filopodium assembly (GO:0051491),2/26,0.137000409592271,3.2590360808091816,6.4782185938302375,AGRN;CDC42,1.0
GO_Biological_Process_2021,histone lysine demethylation (GO:0070076),2/26,0.137000409592271,3.2590360808091816,6.4782185938302375,KDM1A;KDM4A,1.0
GO_Biological_Process_2021,negative regulation of interleukin-1 beta production (GO:0032691),2/26,0.137000409592271,3.2590360808091816,6.4782185938302375,CPTP;ZC3H12A,1.0
GO_Biological_Process_2021,axon guidance (GO:0007411),8/203,0.13761651625657978,1.6097560656762109,3.192603979778179,ARTN;EPHA10;EPHA2;EPHA8;EPHB2;LYPLA2;PIK3CD;RAP1GAP,1.0
GO_Biological_Process_2021,neuron projection development (GO:0031175),7/171,0.13776869035972122,1.674071109243103,3.318308860012376,CDC42;EPHA8;EPHB2;NBL1;NCDN;STMN1;SVBP,1.0
GO_Biological_Process_2021,modulation of chemical synaptic transmission (GO:0050804),5/109,0.13784861787884545,1.8838383467522946,3.73301250025321,CLSTN1;DLGAP3;GRIK3;RIMS3;TPRG1L,1.0
GO_Biological_Process_2021,regulation of organelle organization (GO:0033043),4/80,0.14019705392940107,2.06112050279999,4.04949647389667,ATP13A2;CLIC4;MUL1;PINK1,1.0
GO_Biological_Process_2021,regulation of protein localization to plasma membrane (GO:1903076),4/80,0.14019705392940107,2.06112050279999,4.04949647389667,ARHGEF16;EPHA2;EPHB2;LDLRAP1,1.0
GO_Biological_Process_2021,positive regulation of protein localization to plasma membrane (GO:1903078),3/52,0.14059970453702708,2.3961318464211967,4.700823470291283,ARHGEF16;EPHA2;EPHB2,1.0
GO_Biological_Process_2021,negative regulation of cellular biosynthetic process (GO:0031327),3/52,0.14059970453702708,2.3961318464211967,4.700823470291283,C1QTNF12;WDTC1;ZC3H12A,1.0
GO_Biological_Process_2021,medium-chain fatty acid biosynthetic process (GO:0051792),1/6,0.14094822242818292,7.81362710193132,15.309729283218111,ACOT7,1.0
GO_Biological_Process_2021,tRNA surveillance (GO:0106354),1/6,0.14094822242818292,7.81362710193132,15.309729283218111,EXOSC10,1.0
GO_Biological_Process_2021,regulation of cell cycle checkpoint (GO:1901976),1/6,0.14094822242818292,7.81362710193132,15.309729283218111,RPA2,1.0
GO_Biological_Process_2021,regulation of pro-B cell differentiation (GO:2000973),1/6,0.14094822242818292,7.81362710193132,15.309729283218111,HES5,1.0
GO_Biological_Process_2021,negative regulation of chemokine-mediated signaling pathway (GO:0070100),1/6,0.14094822242818292,7.81362710193132,15.309729283218111,PADI2,1.0
GO_Biological_Process_2021,tRNA pseudouridine synthesis (GO:0031119),1/6,0.14094822242818292,7.81362710193132,15.309729283218111,PUSL1,1.0
GO_Biological_Process_2021,nucleotide transport (GO:0006862),1/6,0.14094822242818292,7.81362710193132,15.309729283218111,SLC25A33,1.0
GO_Biological_Process_2021,response to manganese ion (GO:0010042),1/6,0.14094822242818292,7.81362710193132,15.309729283218111,ATP13A2,1.0
GO_Biological_Process_2021,regulation of non-motile cilium assembly (GO:1902855),1/6,0.14094822242818292,7.81362710193132,15.309729283218111,WRAP73,1.0
GO_Biological_Process_2021,ear development (GO:0043583),1/6,0.14094822242818292,7.81362710193132,15.309729283218111,ECE1,1.0
GO_Biological_Process_2021,negative regulation of histone H3-K9 methylation (GO:0051573),1/6,0.14094822242818292,7.81362710193132,15.309729283218111,KDM1A,1.0
GO_Biological_Process_2021,ISG15-protein conjugation (GO:0032020),1/6,0.14094822242818292,7.81362710193132,15.309729283218111,ISG15,1.0
GO_Biological_Process_2021,neuroblast proliferation (GO:0007405),1/6,0.14094822242818292,7.81362710193132,15.309729283218111,ARTN,1.0
GO_Biological_Process_2021,negative regulation of glial cell proliferation (GO:0060253),1/6,0.14094822242818292,7.81362710193132,15.309729283218111,SKI,1.0
GO_Biological_Process_2021,mRNA 3'-splice site recognition (GO:0000389),1/6,0.14094822242818292,7.81362710193132,15.309729283218111,SF3A3,1.0
GO_Biological_Process_2021,neutrophil extravasation (GO:0072672),1/6,0.14094822242818292,7.81362710193132,15.309729283218111,PIK3CD,1.0
GO_Biological_Process_2021,glycosyl compound catabolic process (GO:1901658),1/6,0.14094822242818292,7.81362710193132,15.309729283218111,FUCA1,1.0
GO_Biological_Process_2021,peptidyl-diphthamide biosynthetic process from peptidyl-histidine (GO:0017183),1/6,0.14094822242818292,7.81362710193132,15.309729283218111,DPH2,1.0
GO_Biological_Process_2021,positive regulation of T-helper 2 cell differentiation (GO:0045630),1/6,0.14094822242818292,7.81362710193132,15.309729283218111,PRKCZ,1.0
GO_Biological_Process_2021,negative regulation of monocyte chemotaxis (GO:0090027),1/6,0.14094822242818292,7.81362710193132,15.309729283218111,NBL1,1.0
GO_Biological_Process_2021,negative regulation of cardiac muscle tissue growth (GO:0055022),1/6,0.14094822242818292,7.81362710193132,15.309729283218111,TP73,1.0
GO_Biological_Process_2021,negative regulation of cellular response to hypoxia (GO:1900038),1/6,0.14094822242818292,7.81362710193132,15.309729283218111,ENO1,1.0
GO_Biological_Process_2021,photoreceptor cell outer segment organization (GO:0035845),1/6,0.14094822242818292,7.81362710193132,15.309729283218111,MFSD2A,1.0
GO_Biological_Process_2021,positive regulation of lipoprotein particle clearance (GO:0010986),1/6,0.14094822242818292,7.81362710193132,15.309729283218111,LDLRAP1,1.0
GO_Biological_Process_2021,glycoside metabolic process (GO:0016137),1/6,0.14094822242818292,7.81362710193132,15.309729283218111,FUCA1,1.0
GO_Biological_Process_2021,regulation of membrane tubulation (GO:1903525),1/6,0.14094822242818292,7.81362710193132,15.309729283218111,PLEKHM2,1.0
GO_Biological_Process_2021,positive regulation of cholesterol metabolic process (GO:0090205),1/6,0.14094822242818292,7.81362710193132,15.309729283218111,LDLRAP1,1.0
GO_Biological_Process_2021,glycolipid transport (GO:0046836),1/6,0.14094822242818292,7.81362710193132,15.309729283218111,CPTP,1.0
GO_Biological_Process_2021,peptidyl-diphthamide metabolic process (GO:0017182),1/6,0.14094822242818292,7.81362710193132,15.309729283218111,DPH2,1.0
GO_Biological_Process_2021,cellular response to salt (GO:1902075),1/6,0.14094822242818292,7.81362710193132,15.309729283218111,ZC3H12A,1.0
GO_Biological_Process_2021,response to catecholamine (GO:0071869),1/6,0.14094822242818292,7.81362710193132,15.309729283218111,GNB1,1.0
GO_Biological_Process_2021,galactose catabolic process (GO:0019388),1/6,0.14094822242818292,7.81362710193132,15.309729283218111,GALE,1.0
GO_Biological_Process_2021,negative regulation of astrocyte differentiation (GO:0048712),1/6,0.14094822242818292,7.81362710193132,15.309729283218111,HES5,1.0
GO_Biological_Process_2021,positive regulation of plasminogen activation (GO:0010756),1/6,0.14094822242818292,7.81362710193132,15.309729283218111,ENO1,1.0
GO_Biological_Process_2021,regulation of protein localization to cilium (GO:1903564),1/6,0.14094822242818292,7.81362710193132,15.309729283218111,CROCC,1.0
GO_Biological_Process_2021,B cell chemotaxis (GO:0035754),1/6,0.14094822242818292,7.81362710193132,15.309729283218111,PIK3CD,1.0
GO_Biological_Process_2021,TORC2 signaling (GO:0038203),1/6,0.14094822242818292,7.81362710193132,15.309729283218111,PINK1,1.0
GO_Biological_Process_2021,nuclear polyadenylation-dependent rRNA catabolic process (GO:0071035),1/6,0.14094822242818292,7.81362710193132,15.309729283218111,EXOSC10,1.0
GO_Biological_Process_2021,positive regulation of hemoglobin biosynthetic process (GO:0046985),1/6,0.14094822242818292,7.81362710193132,15.309729283218111,SLC6A9,1.0
GO_Biological_Process_2021,nuclear polyadenylation-dependent tRNA catabolic process (GO:0071038),1/6,0.14094822242818292,7.81362710193132,15.309729283218111,EXOSC10,1.0
GO_Biological_Process_2021,protein K27-linked ubiquitination (GO:0044314),1/6,0.14094822242818292,7.81362710193132,15.309729283218111,TRIM62,1.0
GO_Biological_Process_2021,protein localization to ciliary transition zone (GO:1904491),1/6,0.14094822242818292,7.81362710193132,15.309729283218111,NPHP4,1.0
GO_Biological_Process_2021,activation of cysteine-type endopeptidase activity involved in apoptotic process by cytochrome c (GO:0008635),1/6,0.14094822242818292,7.81362710193132,15.309729283218111,CASP9,1.0
GO_Biological_Process_2021,regulation of macromolecule biosynthetic process (GO:0010556),1/6,0.14094822242818292,7.81362710193132,15.309729283218111,TNFRSF1B,1.0
GO_Biological_Process_2021,vacuole organization (GO:0007033),1/6,0.14094822242818292,7.81362710193132,15.309729283218111,ATP13A2,1.0
GO_Biological_Process_2021,nuclear polyadenylation-dependent ncRNA catabolic process (GO:0071046),1/6,0.14094822242818292,7.81362710193132,15.309729283218111,EXOSC10,1.0
GO_Biological_Process_2021,regulation of digestive system process (GO:0044058),1/6,0.14094822242818292,7.81362710193132,15.309729283218111,EPB41,1.0
GO_Biological_Process_2021,histone H4-K12 acetylation (GO:0043983),1/6,0.14094822242818292,7.81362710193132,15.309729283218111,MEAF6,1.0
GO_Biological_Process_2021,regulation of protein kinase activity (GO:0045859),5/110,0.1416540065756022,1.8658008290699208,3.6464610019684955,CAMK2N1;CEP85;DVL1;FGR;PARK7,1.0
GO_Biological_Process_2021,rRNA processing (GO:0006364),7/173,0.14374595323270783,1.653730508135675,3.207753884903597,EBNA1BP2;EXOSC10;MRTO4;NOL9;RPL11;RPL22;UTP11,1.0
GO_Biological_Process_2021,nucleobase-containing small molecule interconversion (GO:0015949),2/27,0.14563099554797024,3.128513995009759,6.027643105030706,AK2;CTPS1,1.0
GO_Biological_Process_2021,dendritic spine organization (GO:0097061),2/27,0.14563099554797024,3.128513995009759,6.027643105030706,CDC42;EPHB2,1.0
GO_Biological_Process_2021,negative regulation of cation channel activity (GO:2001258),2/27,0.14563099554797024,3.128513995009759,6.027643105030706,EPHB2;SLC6A9,1.0
GO_Biological_Process_2021,protein peptidyl-prolyl isomerization (GO:0000413),2/27,0.14563099554797024,3.128513995009759,6.027643105030706,PPIE;PPIH,1.0
GO_Biological_Process_2021,calcium-ion regulated exocytosis (GO:0017156),2/27,0.14563099554797024,3.128513995009759,6.027643105030706,RIMS3;SDF4,1.0
GO_Biological_Process_2021,negative regulation of actin filament bundle assembly (GO:0032232),2/27,0.14563099554797024,3.128513995009759,6.027643105030706,STMN1;WASF2,1.0
GO_Biological_Process_2021,peroxisomal membrane transport (GO:0015919),2/27,0.14563099554797024,3.128513995009759,6.027643105030706,PEX10;PEX14,1.0
GO_Biological_Process_2021,negative regulation of plasma membrane bounded cell projection assembly (GO:0120033),2/27,0.14563099554797024,3.128513995009759,6.027643105030706,CAPZB;RAP1GAP,1.0
GO_Biological_Process_2021,regulation of transcription regulatory region DNA binding (GO:2000677),2/27,0.14563099554797024,3.128513995009759,6.027643105030706,MAD2L2;PARK7,1.0
GO_Biological_Process_2021,camera-type eye development (GO:0043010),2/27,0.14563099554797024,3.128513995009759,6.027643105030706,HES5;SKI,1.0
GO_Biological_Process_2021,Ras protein signal transduction (GO:0007265),6/142,0.1458586956369574,1.7293402850097823,3.329182319260652,CNKSR1;GNB1;PARK7;PDPN;PHACTR4;PLEKHG5,1.0
GO_Biological_Process_2021,epidermal cell differentiation (GO:0009913),3/53,0.14644259311835517,2.348088485149125,4.510963937625884,CLIC4;EPHA2;HDAC1,1.0
GO_Biological_Process_2021,positive regulation of macroautophagy (GO:0016239),3/53,0.14644259311835517,2.348088485149125,4.510963937625884,PINK1;SESN2;VPS13D,1.0
GO_Biological_Process_2021,regulation of immune effector process (GO:0002697),3/53,0.14644259311835517,2.348088485149125,4.510963937625884,C1QA;C1QB;C1QC,1.0
GO_Biological_Process_2021,protein-containing complex subunit organization (GO:0043933),5/112,0.14939995925969649,1.830737243294839,3.4804663446028328,HES5;PEX14;PPIH;SLC2A1;VAMP3,1.0
GO_Biological_Process_2021,regulation of humoral immune response (GO:0002920),3/54,0.1523633239315413,2.301929177260272,4.331050561566961,C1QA;C1QB;C1QC,1.0
GO_Biological_Process_2021,amide transport (GO:0042886),2/28,0.15437005839850224,3.008032069656446,5.620214887147733,CPTP;PDPN,1.0
GO_Biological_Process_2021,receptor clustering (GO:0043113),2/28,0.15437005839850224,3.008032069656446,5.620214887147733,AGRN;DVL1,1.0
GO_Biological_Process_2021,positive regulation of cell communication (GO:0010647),2/28,0.15437005839850224,3.008032069656446,5.620214887147733,CLSTN1;RIMS3,1.0
GO_Biological_Process_2021,histone mRNA metabolic process (GO:0008334),2/28,0.15437005839850224,3.008032069656446,5.620214887147733,EXOSC10;LSM10,1.0
GO_Biological_Process_2021,regulation of extrinsic apoptotic signaling pathway in absence of ligand (GO:2001239),2/28,0.15437005839850224,3.008032069656446,5.620214887147733,EYA3;IFI6,1.0
GO_Biological_Process_2021,keratan sulfate biosynthetic process (GO:0018146),2/28,0.15437005839850224,3.008032069656446,5.620214887147733,B4GALT2;ST3GAL3,1.0
GO_Biological_Process_2021,positive regulation of phosphatidylinositol 3-kinase activity (GO:0043552),2/28,0.15437005839850224,3.008032069656446,5.620214887147733,EPHA8;FGR,1.0
GO_Biological_Process_2021,positive regulation of protein import into nucleus (GO:0042307),2/28,0.15437005839850224,3.008032069656446,5.620214887147733,DMAP1;ZC3H12A,1.0
GO_Biological_Process_2021,regulation of calcineurin-NFAT signaling cascade (GO:0070884),2/28,0.15437005839850224,3.008032069656446,5.620214887147733,CAMTA1;SLC9A1,1.0
GO_Biological_Process_2021,macromolecule catabolic process (GO:0009057),2/28,0.15437005839850224,3.008032069656446,5.620214887147733,MTOR;PPT1,1.0
GO_Biological_Process_2021,RNA phosphodiester bond hydrolysis (GO:0090501),2/28,0.15437005839850224,3.008032069656446,5.620214887147733,TOE1;ZC3H12A,1.0
GO_Biological_Process_2021,regulation of immunoglobulin production (GO:0002637),2/28,0.15437005839850224,3.008032069656446,5.620214887147733,EPHB2;VAMP3,1.0
GO_Biological_Process_2021,regulation of B cell activation (GO:0050864),2/28,0.15437005839850224,3.008032069656446,5.620214887147733,LAPTM5;THEMIS2,1.0
GO_Biological_Process_2021,negative regulation of oxidative stress-induced cell death (GO:1903202),2/28,0.15437005839850224,3.008032069656446,5.620214887147733,PARK7;PINK1,1.0
GO_Biological_Process_2021,regulation of reactive oxygen species biosynthetic process (GO:1903426),2/28,0.15437005839850224,3.008032069656446,5.620214887147733,PARK7;SLC25A33,1.0
GO_Biological_Process_2021,regulation of protein transport (GO:0051223),2/28,0.15437005839850224,3.008032069656446,5.620214887147733,ATP13A2;P3H1,1.0
GO_Biological_Process_2021,histone modification (GO:0016570),5/114,0.15732080668090037,1.796960394612421,3.3234211133020275,EYA3;HDAC1;KDM4A;PADI2;PARK7,1.0
GO_Biological_Process_2021,positive regulation of kinase activity (GO:0033674),5/114,0.15732080668090037,1.796960394612421,3.3234211133020275,EPHA10;EPHA2;EPHA8;EPHB2;TIE1,1.0
GO_Biological_Process_2021,negative regulation of cysteine-type endopeptidase activity involved in apoptotic process (GO:0043154),3/55,0.15835857250039415,2.2575452273671446,4.160415134368651,IFI6;PARK7;RPS6KA1,1.0
GO_Biological_Process_2021,"fatty acid elongation, saturated fatty acid (GO:0019367)",1/7,0.16243096168925666,6.511021916946788,11.833796779600588,ELOVL1,1.0
GO_Biological_Process_2021,positive regulation of phospholipid biosynthetic process (GO:0071073),1/7,0.16243096168925666,6.511021916946788,11.833796779600588,FABP3,1.0
GO_Biological_Process_2021,Golgi disassembly (GO:0090166),1/7,0.16243096168925666,6.511021916946788,11.833796779600588,PLK3,1.0
GO_Biological_Process_2021,positive regulation of miRNA metabolic process (GO:2000630),1/7,0.16243096168925666,6.511021916946788,11.833796779600588,ZC3H12A,1.0
GO_Biological_Process_2021,"fatty acid elongation, unsaturated fatty acid (GO:0019368)",1/7,0.16243096168925666,6.511021916946788,11.833796779600588,ELOVL1,1.0
GO_Biological_Process_2021,regulation of vascular associated smooth muscle cell apoptotic process (GO:1905459),1/7,0.16243096168925666,6.511021916946788,11.833796779600588,MFN2,1.0
GO_Biological_Process_2021,histone H3-K14 acetylation (GO:0044154),1/7,0.16243096168925666,6.511021916946788,11.833796779600588,MEAF6,1.0
GO_Biological_Process_2021,hexose catabolic process (GO:0019320),1/7,0.16243096168925666,6.511021916946788,11.833796779600588,GALE,1.0
GO_Biological_Process_2021,regulation of oxidative stress-induced neuron intrinsic apoptotic signaling pathway (GO:1903376),1/7,0.16243096168925666,6.511021916946788,11.833796779600588,PARK7,1.0
GO_Biological_Process_2021,intermembrane lipid transfer (GO:0120009),1/7,0.16243096168925666,6.511021916946788,11.833796779600588,CPTP,1.0
GO_Biological_Process_2021,positive regulation of oxidative stress-induced cell death (GO:1903209),1/7,0.16243096168925666,6.511021916946788,11.833796779600588,SFPQ,1.0
GO_Biological_Process_2021,"fatty acid elongation, polyunsaturated fatty acid (GO:0034626)",1/7,0.16243096168925666,6.511021916946788,11.833796779600588,ELOVL1,1.0
GO_Biological_Process_2021,polyamine biosynthetic process (GO:0006596),1/7,0.16243096168925666,6.511021916946788,11.833796779600588,SRM,1.0
GO_Biological_Process_2021,leucine metabolic process (GO:0006551),1/7,0.16243096168925666,6.511021916946788,11.833796779600588,HMGCL,1.0
GO_Biological_Process_2021,"fatty acid elongation, monounsaturated fatty acid (GO:0034625)",1/7,0.16243096168925666,6.511021916946788,11.833796779600588,ELOVL1,1.0
GO_Biological_Process_2021,polyadenylation-dependent snoRNA 3'-end processing (GO:0071051),1/7,0.16243096168925666,6.511021916946788,11.833796779600588,EXOSC10,1.0
GO_Biological_Process_2021,regulation of extracellular matrix assembly (GO:1901201),1/7,0.16243096168925666,6.511021916946788,11.833796779600588,TIE1,1.0
GO_Biological_Process_2021,regulation of cardiac muscle cell membrane potential (GO:0086036),1/7,0.16243096168925666,6.511021916946788,11.833796779600588,SLC9A1,1.0
GO_Biological_Process_2021,regulation of NAD(P)H oxidase activity (GO:0033860),1/7,0.16243096168925666,6.511021916946788,11.833796779600588,PARK7,1.0
GO_Biological_Process_2021,dolichyl diphosphate metabolic process (GO:0046465),1/7,0.16243096168925666,6.511021916946788,11.833796779600588,DHDDS,1.0
GO_Biological_Process_2021,regulation of protein deubiquitination (GO:0090085),1/7,0.16243096168925666,6.511021916946788,11.833796779600588,ZC3H12A,1.0
GO_Biological_Process_2021,positive regulation of synaptic plasticity (GO:0031915),1/7,0.16243096168925666,6.511021916946788,11.833796779600588,EPHB2,1.0
GO_Biological_Process_2021,dolichyl diphosphate biosynthetic process (GO:0006489),1/7,0.16243096168925666,6.511021916946788,11.833796779600588,DHDDS,1.0
GO_Biological_Process_2021,delamination (GO:0060232),1/7,0.16243096168925666,6.511021916946788,11.833796779600588,YTHDF2,1.0
GO_Biological_Process_2021,negative regulation of RIG-I signaling pathway (GO:0039536),1/7,0.16243096168925666,6.511021916946788,11.833796779600588,GPATCH3,1.0
GO_Biological_Process_2021,negative regulation of protein sumoylation (GO:0033234),1/7,0.16243096168925666,6.511021916946788,11.833796779600588,PARK7,1.0
GO_Biological_Process_2021,regulation of cortisol biosynthetic process (GO:2000064),1/7,0.16243096168925666,6.511021916946788,11.833796779600588,H6PD,1.0
GO_Biological_Process_2021,regulation of skeletal muscle satellite cell proliferation (GO:0014842),1/7,0.16243096168925666,6.511021916946788,11.833796779600588,AKIRIN1,1.0
GO_Biological_Process_2021,maintenance of protein location in extracellular region (GO:0071694),1/7,0.16243096168925666,6.511021916946788,11.833796779600588,NBL1,1.0
GO_Biological_Process_2021,negative regulation of oligodendrocyte differentiation (GO:0048715),1/7,0.16243096168925666,6.511021916946788,11.833796779600588,HES5,1.0
GO_Biological_Process_2021,positive regulation of protein deubiquitination (GO:1903003),1/7,0.16243096168925666,6.511021916946788,11.833796779600588,ZC3H12A,1.0
GO_Biological_Process_2021,regulation of hemoglobin biosynthetic process (GO:0046984),1/7,0.16243096168925666,6.511021916946788,11.833796779600588,SLC6A9,1.0
GO_Biological_Process_2021,regulation of histamine secretion by mast cell (GO:1903593),1/7,0.16243096168925666,6.511021916946788,11.833796779600588,VAMP3,1.0
GO_Biological_Process_2021,positive regulation of receptor catabolic process (GO:2000646),1/7,0.16243096168925666,6.511021916946788,11.833796779600588,LAPTM5,1.0
GO_Biological_Process_2021,negative regulation of NLRP3 inflammasome complex assembly (GO:1900226),1/7,0.16243096168925666,6.511021916946788,11.833796779600588,CPTP,1.0
GO_Biological_Process_2021,positive regulation of intracellular estrogen receptor signaling pathway (GO:0033148),1/7,0.16243096168925666,6.511021916946788,11.833796779600588,SRARP,1.0
GO_Biological_Process_2021,negative regulation by host of viral genome replication (GO:0044828),1/7,0.16243096168925666,6.511021916946788,11.833796779600588,ZC3H12A,1.0
GO_Biological_Process_2021,cellular response to prostaglandin E stimulus (GO:0071380),1/7,0.16243096168925666,6.511021916946788,11.833796779600588,GNB1,1.0
GO_Biological_Process_2021,skin morphogenesis (GO:0043589),1/7,0.16243096168925666,6.511021916946788,11.833796779600588,ERRFI1,1.0
GO_Biological_Process_2021,regulation of morphogenesis of an epithelium (GO:1905330),1/7,0.16243096168925666,6.511021916946788,11.833796779600588,RNF207,1.0
GO_Biological_Process_2021,cellular response to monoamine stimulus (GO:0071868),1/7,0.16243096168925666,6.511021916946788,11.833796779600588,GNB1,1.0
GO_Biological_Process_2021,selenocysteine incorporation (GO:0001514),1/7,0.16243096168925666,6.511021916946788,11.833796779600588,TRNAU1AP,1.0
GO_Biological_Process_2021,protein localization to cytoplasmic stress granule (GO:1903608),1/7,0.16243096168925666,6.511021916946788,11.833796779600588,YBX1,1.0
GO_Biological_Process_2021,tRNA threonylcarbamoyladenosine metabolic process (GO:0070525),1/7,0.16243096168925666,6.511021916946788,11.833796779600588,TRIT1,1.0
GO_Biological_Process_2021,regulation of ketone biosynthetic process (GO:0010566),1/7,0.16243096168925666,6.511021916946788,11.833796779600588,H6PD,1.0
GO_Biological_Process_2021,pyrimidine-containing compound biosynthetic process (GO:0072528),1/7,0.16243096168925666,6.511021916946788,11.833796779600588,CTPS1,1.0
GO_Biological_Process_2021,pyrimidine ribonucleotide biosynthetic process (GO:0009220),1/7,0.16243096168925666,6.511021916946788,11.833796779600588,CTPS1,1.0
GO_Biological_Process_2021,"nuclear-transcribed mRNA catabolic process, deadenylation-independent decay (GO:0031086)",1/7,0.16243096168925666,6.511021916946788,11.833796779600588,PNRC2,1.0
GO_Biological_Process_2021,positive regulation of epithelial tube formation (GO:1905278),1/7,0.16243096168925666,6.511021916946788,11.833796779600588,PIK3CD,1.0
GO_Biological_Process_2021,axon ensheathment in central nervous system (GO:0032291),1/7,0.16243096168925666,6.511021916946788,11.833796779600588,HES5,1.0
GO_Biological_Process_2021,astrocyte differentiation (GO:0048708),1/7,0.16243096168925666,6.511021916946788,11.833796779600588,HES5,1.0
GO_Biological_Process_2021,translational readthrough (GO:0006451),1/7,0.16243096168925666,6.511021916946788,11.833796779600588,TRNAU1AP,1.0
GO_Biological_Process_2021,proline metabolic process (GO:0006560),1/7,0.16243096168925666,6.511021916946788,11.833796779600588,ALDH4A1,1.0
GO_Biological_Process_2021,cation homeostasis (GO:0055080),1/7,0.16243096168925666,6.511021916946788,11.833796779600588,ATP13A2,1.0
GO_Biological_Process_2021,Cdc42 protein signal transduction (GO:0032488),1/7,0.16243096168925666,6.511021916946788,11.833796779600588,CDC42,1.0
GO_Biological_Process_2021,nicotinamide nucleotide biosynthetic process (GO:0019359),1/7,0.16243096168925666,6.511021916946788,11.833796779600588,NMNAT1,1.0
GO_Biological_Process_2021,cardiolipin acyl-chain remodeling (GO:0035965),1/7,0.16243096168925666,6.511021916946788,11.833796779600588,PLA2G5,1.0
GO_Biological_Process_2021,regulation of mitochondrial membrane permeability involved in apoptotic process (GO:1902108),1/7,0.16243096168925666,6.511021916946788,11.833796779600588,STPG1,1.0
GO_Biological_Process_2021,parallel actin filament bundle assembly (GO:0030046),1/7,0.16243096168925666,6.511021916946788,11.833796779600588,ESPN,1.0
GO_Biological_Process_2021,regulation of chromatin assembly or disassembly (GO:0001672),1/7,0.16243096168925666,6.511021916946788,11.833796779600588,PADI2,1.0
GO_Biological_Process_2021,regulation of metallopeptidase activity (GO:1905048),1/7,0.16243096168925666,6.511021916946788,11.833796779600588,SVBP,1.0
GO_Biological_Process_2021,negative regulation of T-helper 17 type immune response (GO:2000317),1/7,0.16243096168925666,6.511021916946788,11.833796779600588,ZC3H12A,1.0
GO_Biological_Process_2021,cellular ion homeostasis (GO:0006873),1/7,0.16243096168925666,6.511021916946788,11.833796779600588,ATP13A2,1.0
GO_Biological_Process_2021,modulation by symbiont of host apoptotic process (GO:0052150),1/7,0.16243096168925666,6.511021916946788,11.833796779600588,SFPQ,1.0
GO_Biological_Process_2021,cellular cation homeostasis (GO:0030003),1/7,0.16243096168925666,6.511021916946788,11.833796779600588,ATP13A2,1.0
GO_Biological_Process_2021,cellular protein complex disassembly (GO:0043624),1/7,0.16243096168925666,6.511021916946788,11.833796779600588,PEX14,1.0
GO_Biological_Process_2021,positive regulation of interleukin-5 production (GO:0032754),1/7,0.16243096168925666,6.511021916946788,11.833796779600588,PRKCZ,1.0
GO_Biological_Process_2021,nucleobase biosynthetic process (GO:0046112),1/7,0.16243096168925666,6.511021916946788,11.833796779600588,CTPS1,1.0
GO_Biological_Process_2021,nose development (GO:0043584),1/7,0.16243096168925666,6.511021916946788,11.833796779600588,SKI,1.0
GO_Biological_Process_2021,regulation of lysosomal protein catabolic process (GO:1905165),1/7,0.16243096168925666,6.511021916946788,11.833796779600588,ATP13A2,1.0
GO_Biological_Process_2021,adenylate cyclase-activating dopamine receptor signaling pathway (GO:0007191),1/7,0.16243096168925666,6.511021916946788,11.833796779600588,GNB1,1.0
GO_Biological_Process_2021,phosphate-containing compound metabolic process (GO:0006796),8/212,0.1629287404297551,1.5380200556197103,2.790648722592207,ALPL;EPHB2;INPP5B;MTOR;NADK;PIK3CD;PLA2G5;PLCH2,1.0
GO_Biological_Process_2021,positive regulation of viral genome replication (GO:0045070),2/29,0.16320681185080793,2.896474731366341,5.250547199086895,PPIE;PPIH,1.0
GO_Biological_Process_2021,regulation of ubiquitin-protein transferase activity (GO:0051438),2/29,0.16320681185080793,2.896474731366341,5.250547199086895,PARK7;PINK1,1.0
GO_Biological_Process_2021,negative regulation of mRNA catabolic process (GO:1902373),2/29,0.16320681185080793,2.896474731366341,5.250547199086895,THRAP3;YBX1,1.0
GO_Biological_Process_2021,regulation of calcium ion transmembrane transporter activity (GO:1901019),2/29,0.16320681185080793,2.896474731366341,5.250547199086895,HPCA;SELENON,1.0
GO_Biological_Process_2021,regulation of neuronal synaptic plasticity (GO:0048168),2/29,0.16320681185080793,2.896474731366341,5.250547199086895,EPHB2;NCDN,1.0
GO_Biological_Process_2021,negative regulation of interferon-gamma production (GO:0032689),2/29,0.16320681185080793,2.896474731366341,5.250547199086895,LAPTM5;ZC3H12A,1.0
GO_Biological_Process_2021,regulation of response to biotic stimulus (GO:0002831),2/29,0.16320681185080793,2.896474731366341,5.250547199086895,FGR;ZMPSTE24,1.0
GO_Biological_Process_2021,protein targeting to peroxisome (GO:0006625),2/29,0.16320681185080793,2.896474731366341,5.250547199086895,PEX10;PEX14,1.0
GO_Biological_Process_2021,hydrogen peroxide metabolic process (GO:0042743),2/29,0.16320681185080793,2.896474731366341,5.250547199086895,PARK7;PRDX1,1.0
GO_Biological_Process_2021,regulation of ATP metabolic process (GO:1903578),3/56,0.1644250266447511,2.21483614350772,3.998444969488708,ATP5IF1;PINK1;SLC25A33,1.0
GO_Biological_Process_2021,positive regulation of establishment of protein localization to mitochondrion (GO:1903749),3/56,0.1644250266447511,2.21483614350772,3.998444969488708,PINK1;TP73;UBE2J2,1.0
GO_Biological_Process_2021,protein polyubiquitination (GO:0000209),11/314,0.16524666104272426,1.4251958654198067,2.5658029281216166,FBXO2;FBXO44;FBXO6;MIB2;MUL1;PSMB2;RNF19B;SPSB1;TRIM62;UBE2J2;UBE4B,1.0
GO_Biological_Process_2021,tumor necrosis factor-mediated signaling pathway (GO:0033209),5/116,0.16540994065963815,1.7644007296663062,3.1747363374145308,PSMB2;TNFRSF14;TNFRSF18;TNFRSF1B;TNFRSF25,1.0
GO_Biological_Process_2021,regulation of protein-containing complex assembly (GO:0043254),5/116,0.16540994065963815,1.7644007296663062,3.1747363374145308,CDC42;FBLIM1;PARK7;PINK1;PRKCZ,1.0
GO_Biological_Process_2021,positive regulation of transferase activity (GO:0051347),6/148,0.16683420330212023,1.6557563680906933,2.965053588138193,EPHA10;EPHA2;EPHA8;EPHB2;PINK1;TIE1,1.0
GO_Biological_Process_2021,positive regulation of intracellular protein transport (GO:0090316),6/148,0.16683420330212023,1.6557563680906933,2.965053588138193,DMAP1;PINK1;PLK3;TP73;UBE2J2;ZC3H12A,1.0
GO_Biological_Process_2021,protein ubiquitination (GO:0016567),17/525,0.1680485994336773,1.3158572304227403,2.3468340799006104,FBXO2;FBXO44;FBXO6;ISG15;KLHL21;MIB2;MUL1;PEX10;PEX14;PINK1;PSMB2;RNF19B;RNF220;SPSB1;TRIM62;UBE2J2;UBE4B,1.0
GO_Biological_Process_2021,negative regulation of phosphorylation (GO:0042326),4/86,0.16844043965303224,1.9097167209390318,3.4015359861586147,EPHB2;PARK7;TARDBP;ZC3H12A,1.0
GO_Biological_Process_2021,regulation of neuron death (GO:1901214),4/86,0.16844043965303224,1.9097167209390318,3.4015359861586147,ATP13A2;C1QA;PARK7;TNFRSF1B,1.0
GO_Biological_Process_2021,cellular response to DNA damage stimulus (GO:0006974),12/350,0.16896888200610702,1.394073112135227,2.478718747702247,CASP9;CENPS;EPHA2;FAAP20;FBXO6;MUTYH;PARK7;PLK3;TNFRSF1B;TP73;ZBTB40;ZC3H12A,1.0
GO_Biological_Process_2021,regulation of reactive oxygen species metabolic process (GO:2000377),3/57,0.17055939053933875,2.1737088775690143,3.844577400364306,PINK1;SLC25A33;ZC3H12A,1.0
GO_Biological_Process_2021,CENP-A containing nucleosome assembly (GO:0034080),2/30,0.17213093915562483,2.7928857743826723,4.91408201068847,CENPS;RBBP4,1.0
GO_Biological_Process_2021,mRNA splice site selection (GO:0006376),2/30,0.17213093915562483,2.7928857743826723,4.91408201068847,SF3A3;SRSF10,1.0
GO_Biological_Process_2021,CENP-A containing chromatin organization (GO:0061641),2/30,0.17213093915562483,2.7928857743826723,4.91408201068847,CENPS;RBBP4,1.0
GO_Biological_Process_2021,positive regulation of lipid kinase activity (GO:0090218),2/30,0.17213093915562483,2.7928857743826723,4.91408201068847,EPHA8;FGR,1.0
GO_Biological_Process_2021,positive regulation of protein import (GO:1904591),2/30,0.17213093915562483,2.7928857743826723,4.91408201068847,DMAP1;ZC3H12A,1.0
GO_Biological_Process_2021,negative regulation of interleukin-1 production (GO:0032692),2/30,0.17213093915562483,2.7928857743826723,4.91408201068847,CPTP;ZC3H12A,1.0
GO_Biological_Process_2021,fatty-acyl-CoA biosynthetic process (GO:0046949),2/30,0.17213093915562483,2.7928857743826723,4.91408201068847,ELOVL1;PPT1,1.0
GO_Biological_Process_2021,positive regulation of mitochondrion organization (GO:0010822),3/58,0.1767583884987655,2.134077148573535,3.6982949106770455,MUL1;PARK7;PINK1,1.0
GO_Biological_Process_2021,negative regulation of cellular process (GO:0048523),18/566,0.17793705242078153,1.2915164653908964,2.2295777165900943,CAMK2N1;CHD5;ENO1;EPHB2;FABP3;IFNLR1;MUL1;P3H1;PARK7;PDPN;PPT1;PTPRU;RBBP4;SESN2;SKI;TNFRSF1B;VAMP3;ZBTB17,1.0
GO_Biological_Process_2021,regulation of gene expression (GO:0010468),32/1079,0.1806410723883162,1.205103690035356,2.0622255454743867,AGO1;AGO3;AGO4;ATP13A2;CAMK2N1;CDK11A;CDK11B;DVL1;EPHB2;ERMAP;HDAC1;HP1BP3;KDM4A;MTOR;MYCBP;NFYC;PARK7;PIK3CD;PINK1;POU3F1;PPIE;PRDM2;PUM1;RNF207;RPL11;SFPQ;SRSF10;TARDBP;TP73;YBX1;YTHDF2;ZC3H12A,1.0
GO_Biological_Process_2021,negative regulation of proteasomal ubiquitin-dependent protein catabolic process (GO:0032435),2/31,0.18113257645015574,2.696440883397877,4.60693948958458,PARK7;RPL11,1.0
GO_Biological_Process_2021,negative regulation of DNA binding (GO:0043392),2/31,0.18113257645015574,2.696440883397877,4.60693948958458,KDM1A;MAD2L2,1.0
GO_Biological_Process_2021,positive regulation of protein targeting to mitochondrion (GO:1903955),2/31,0.18113257645015574,2.696440883397877,4.60693948958458,PINK1;UBE2J2,1.0
GO_Biological_Process_2021,positive regulation of proteolysis involved in cellular protein catabolic process (GO:1903052),2/31,0.18113257645015574,2.696440883397877,4.60693948958458,ATP5IF1;LAPTM5,1.0
GO_Biological_Process_2021,antigen receptor-mediated signaling pathway (GO:0050851),7/185,0.1820786545916958,1.5412858368451718,2.625297623589088,EIF2B3;ERMAP;KHDRBS1;PIK3CD;PSMB2;THEMIS2;ZC3H12A,1.0
GO_Biological_Process_2021,SCF-dependent proteasomal ubiquitin-dependent protein catabolic process (GO:0031146),4/89,0.1832581517746689,1.842030324342368,3.125666571813328,FBXO2;FBXO44;FBXO6;PSMB2,1.0
GO_Biological_Process_2021,regulation of endothelial cell migration (GO:0010594),4/89,0.1832581517746689,1.842030324342368,3.125666571813328,EPHA2;PIK3CD;SVBP;ZC3H12A,1.0
GO_Biological_Process_2021,autophagosome-lysosome fusion (GO:0061909),1/8,0.18337751894206378,5.580589641957837,9.465842503352695,ATP13A2,1.0
GO_Biological_Process_2021,TORC1 signaling (GO:0038202),1/8,0.18337751894206378,5.580589641957837,9.465842503352695,MTOR,1.0
GO_Biological_Process_2021,basic amino acid transport (GO:0015802),1/8,0.18337751894206378,5.580589641957837,9.465842503352695,SLC66A1,1.0
GO_Biological_Process_2021,positive regulation of execution phase of apoptosis (GO:1900119),1/8,0.18337751894206378,5.580589641957837,9.465842503352695,ZC3H12A,1.0
GO_Biological_Process_2021,positive regulation of extracellular matrix disassembly (GO:0090091),1/8,0.18337751894206378,5.580589641957837,9.465842503352695,PDPN,1.0
GO_Biological_Process_2021,regulation of protein localization to cell cortex (GO:1904776),1/8,0.18337751894206378,5.580589641957837,9.465842503352695,EPB41,1.0
GO_Biological_Process_2021,mitochondrial tRNA processing (GO:0090646),1/8,0.18337751894206378,5.580589641957837,9.465842503352695,TRIT1,1.0
GO_Biological_Process_2021,regulation of cytoplasmic translational elongation (GO:1900247),1/8,0.18337751894206378,5.580589641957837,9.465842503352695,DPH2,1.0
GO_Biological_Process_2021,natural killer cell differentiation (GO:0001779),1/8,0.18337751894206378,5.580589641957837,9.465842503352695,PIK3CD,1.0
GO_Biological_Process_2021,cellular response to epinephrine stimulus (GO:0071872),1/8,0.18337751894206378,5.580589641957837,9.465842503352695,SLC9A1,1.0
GO_Biological_Process_2021,peptidyl-serine autophosphorylation (GO:0036289),1/8,0.18337751894206378,5.580589641957837,9.465842503352695,PINK1,1.0
GO_Biological_Process_2021,SREBP signaling pathway (GO:0032933),1/8,0.18337751894206378,5.580589641957837,9.465842503352695,ARHGEF10L,1.0
GO_Biological_Process_2021,protein deglycosylation (GO:0006517),1/8,0.18337751894206378,5.580589641957837,9.465842503352695,PARK7,1.0
GO_Biological_Process_2021,regulation of myeloid leukocyte differentiation (GO:0002761),1/8,0.18337751894206378,5.580589641957837,9.465842503352695,MTOR,1.0
GO_Biological_Process_2021,mast cell activation involved in immune response (GO:0002279),1/8,0.18337751894206378,5.580589641957837,9.465842503352695,PIK3CD,1.0
GO_Biological_Process_2021,aspartate family amino acid biosynthetic process (GO:0009067),1/8,0.18337751894206378,5.580589641957837,9.465842503352695,MTHFR,1.0
GO_Biological_Process_2021,regulation of extracellular matrix constituent secretion (GO:0003330),1/8,0.18337751894206378,5.580589641957837,9.465842503352695,TNFRSF1B,1.0
GO_Biological_Process_2021,negative regulation of mitochondrial fusion (GO:0010637),1/8,0.18337751894206378,5.580589641957837,9.465842503352695,MUL1,1.0
GO_Biological_Process_2021,lens fiber cell development (GO:0070307),1/8,0.18337751894206378,5.580589641957837,9.465842503352695,EPHA2,1.0
GO_Biological_Process_2021,negative regulation of mitotic nuclear division (GO:0045839),1/8,0.18337751894206378,5.580589641957837,9.465842503352695,AURKAIP1,1.0
GO_Biological_Process_2021,"regulation of wound healing, spreading of epidermal cells (GO:1903689)",1/8,0.18337751894206378,5.580589641957837,9.465842503352695,MTOR,1.0
GO_Biological_Process_2021,positive regulation of cell migration by vascular endothelial growth factor signaling pathway (GO:0038089),1/8,0.18337751894206378,5.580589641957837,9.465842503352695,PIK3CD,1.0
GO_Biological_Process_2021,folic acid transport (GO:0015884),1/8,0.18337751894206378,5.580589641957837,9.465842503352695,PDPN,1.0
GO_Biological_Process_2021,positive regulation of Arp2/3 complex-mediated actin nucleation (GO:2000601),1/8,0.18337751894206378,5.580589641957837,9.465842503352695,WASF2,1.0
GO_Biological_Process_2021,response to epinephrine (GO:0071871),1/8,0.18337751894206378,5.580589641957837,9.465842503352695,SLC9A1,1.0
GO_Biological_Process_2021,positive regulation of T-helper 2 cell cytokine production (GO:2000553),1/8,0.18337751894206378,5.580589641957837,9.465842503352695,PRKCZ,1.0
GO_Biological_Process_2021,negative regulation of muscle cell apoptotic process (GO:0010656),1/8,0.18337751894206378,5.580589641957837,9.465842503352695,ZC3H12A,1.0
GO_Biological_Process_2021,mast cell degranulation (GO:0043303),1/8,0.18337751894206378,5.580589641957837,9.465842503352695,PIK3CD,1.0
GO_Biological_Process_2021,commissural neuron axon guidance (GO:0071679),1/8,0.18337751894206378,5.580589641957837,9.465842503352695,EPHB2,1.0
GO_Biological_Process_2021,phosphatidylinositol-3-phosphate biosynthetic process (GO:0036092),1/8,0.18337751894206378,5.580589641957837,9.465842503352695,PIK3CD,1.0
GO_Biological_Process_2021,negative regulation of response to reactive oxygen species (GO:1901032),1/8,0.18337751894206378,5.580589641957837,9.465842503352695,PARK7,1.0
GO_Biological_Process_2021,regulation of nitrogen compound metabolic process (GO:0051171),1/8,0.18337751894206378,5.580589641957837,9.465842503352695,MFSD2A,1.0
GO_Biological_Process_2021,respiratory chain complex III assembly (GO:0017062),1/8,0.18337751894206378,5.580589641957837,9.465842503352695,SLC25A33,1.0
GO_Biological_Process_2021,positive regulation of muscle contraction (GO:0045933),1/8,0.18337751894206378,5.580589641957837,9.465842503352695,ENO1,1.0
GO_Biological_Process_2021,positive regulation of myeloid cell apoptotic process (GO:0033034),1/8,0.18337751894206378,5.580589641957837,9.465842503352695,PIK3CD,1.0
GO_Biological_Process_2021,glycoside catabolic process (GO:0016139),1/8,0.18337751894206378,5.580589641957837,9.465842503352695,FUCA1,1.0
GO_Biological_Process_2021,regulation of transcription from RNA polymerase II promoter in response to oxidative stress (GO:0043619),1/8,0.18337751894206378,5.580589641957837,9.465842503352695,SESN2,1.0
GO_Biological_Process_2021,negative regulation of fatty acid oxidation (GO:0046322),1/8,0.18337751894206378,5.580589641957837,9.465842503352695,MFSD2A,1.0
GO_Biological_Process_2021,histone H3-K4 demethylation (GO:0034720),1/8,0.18337751894206378,5.580589641957837,9.465842503352695,KDM1A,1.0
GO_Biological_Process_2021,positive regulation of oligodendrocyte differentiation (GO:0048714),1/8,0.18337751894206378,5.580589641957837,9.465842503352695,TNFRSF1B,1.0
GO_Biological_Process_2021,regulation of T-helper 2 cell differentiation (GO:0045628),1/8,0.18337751894206378,5.580589641957837,9.465842503352695,PRKCZ,1.0
GO_Biological_Process_2021,vitamin K metabolic process (GO:0042373),1/8,0.18337751894206378,5.580589641957837,9.465842503352695,UBIAD1,1.0
GO_Biological_Process_2021,protein retention in ER lumen (GO:0006621),1/8,0.18337751894206378,5.580589641957837,9.465842503352695,RER1,1.0
GO_Biological_Process_2021,positive regulation of neuron projection arborization (GO:0150012),1/8,0.18337751894206378,5.580589641957837,9.465842503352695,DVL1,1.0
GO_Biological_Process_2021,integrin activation (GO:0033622),1/8,0.18337751894206378,5.580589641957837,9.465842503352695,COL16A1,1.0
GO_Biological_Process_2021,regulation of chemokine (C-C motif) ligand 5 production (GO:0071649),1/8,0.18337751894206378,5.580589641957837,9.465842503352695,MUL1,1.0
GO_Biological_Process_2021,regulation of oxidative stress-induced neuron death (GO:1903203),1/8,0.18337751894206378,5.580589641957837,9.465842503352695,PINK1,1.0
GO_Biological_Process_2021,establishment of Golgi localization (GO:0051683),1/8,0.18337751894206378,5.580589641957837,9.465842503352695,CDC42,1.0
GO_Biological_Process_2021,regulation of alpha-beta T cell proliferation (GO:0046640),1/8,0.18337751894206378,5.580589641957837,9.465842503352695,TNFRSF14,1.0
GO_Biological_Process_2021,spermidine metabolic process (GO:0008216),1/8,0.18337751894206378,5.580589641957837,9.465842503352695,SRM,1.0
GO_Biological_Process_2021,regulation of chemokine-mediated signaling pathway (GO:0070099),1/8,0.18337751894206378,5.580589641957837,9.465842503352695,PADI2,1.0
GO_Biological_Process_2021,negative regulation of B cell apoptotic process (GO:0002903),1/8,0.18337751894206378,5.580589641957837,9.465842503352695,NOC2L,1.0
GO_Biological_Process_2021,mitochondrial respiratory chain complex III assembly (GO:0034551),1/8,0.18337751894206378,5.580589641957837,9.465842503352695,SLC25A33,1.0
GO_Biological_Process_2021,positive regulation of chromosome segregation (GO:0051984),1/8,0.18337751894206378,5.580589641957837,9.465842503352695,RCC2,1.0
GO_Biological_Process_2021,negative regulation by symbiont of host apoptotic process (GO:0033668),1/8,0.18337751894206378,5.580589641957837,9.465842503352695,SFPQ,1.0
GO_Biological_Process_2021,peptidyl-lysine hydroxylation (GO:0017185),1/8,0.18337751894206378,5.580589641957837,9.465842503352695,PLOD1,1.0
GO_Biological_Process_2021,positive regulation of intracellular steroid hormone receptor signaling pathway (GO:0033145),1/8,0.18337751894206378,5.580589641957837,9.465842503352695,SRARP,1.0
GO_Biological_Process_2021,methionine metabolic process (GO:0006555),1/8,0.18337751894206378,5.580589641957837,9.465842503352695,MTHFR,1.0
GO_Biological_Process_2021,regulation of RNA biosynthetic process (GO:2001141),1/8,0.18337751894206378,5.580589641957837,9.465842503352695,TNFRSF1B,1.0
GO_Biological_Process_2021,skeletal muscle tissue regeneration (GO:0043403),1/8,0.18337751894206378,5.580589641957837,9.465842503352695,AKIRIN1,1.0
GO_Biological_Process_2021,sequestering of BMP from receptor via BMP binding (GO:0038098),1/8,0.18337751894206378,5.580589641957837,9.465842503352695,NBL1,1.0
GO_Biological_Process_2021,negative regulation of T-helper 17 cell differentiation (GO:2000320),1/8,0.18337751894206378,5.580589641957837,9.465842503352695,ZC3H12A,1.0
GO_Biological_Process_2021,negative regulation by symbiont of host programmed cell death (GO:0052041),1/8,0.18337751894206378,5.580589641957837,9.465842503352695,SFPQ,1.0
GO_Biological_Process_2021,myoblast migration (GO:0051451),1/8,0.18337751894206378,5.580589641957837,9.465842503352695,AKIRIN1,1.0
GO_Biological_Process_2021,positive regulation of homotypic cell-cell adhesion (GO:0034112),1/8,0.18337751894206378,5.580589641957837,9.465842503352695,PDPN,1.0
GO_Biological_Process_2021,sulfur amino acid biosynthetic process (GO:0000097),1/8,0.18337751894206378,5.580589641957837,9.465842503352695,MTHFR,1.0
GO_Biological_Process_2021,"regulation of mRNA splicing, via spliceosome (GO:0048024)",4/90,0.18829025808062766,1.8205175936411027,3.039846719726671,KHDRBS1;SRSF10;SRSF4;THRAP3,1.0
GO_Biological_Process_2021,positive regulation of binding (GO:0051099),4/90,0.18829025808062766,1.8205175936411027,3.039846719726671,EPB41;RPL11;SKI;STMN1,1.0
GO_Biological_Process_2021,negative regulation of protein kinase activity (GO:0006469),4/90,0.18829025808062766,1.8205175936411027,3.039846719726671,CAMK2N1;CEP85;DVL1;PARK7,1.0
GO_Biological_Process_2021,Notch signaling pathway (GO:0007219),3/60,0.18933730546380464,2.058985451529468,3.4266154122484025,HES5;HEYL;YBX1,1.0
GO_Biological_Process_2021,aortic valve morphogenesis (GO:0003180),2/32,0.19020229663747298,2.6064256518120685,4.325798783243553,HEYL;TIE1,1.0
GO_Biological_Process_2021,regulation of NMDA receptor activity (GO:2000310),2/32,0.19020229663747298,2.6064256518120685,4.325798783243553,EPHB2;SLC6A9,1.0
GO_Biological_Process_2021,negative regulation of intracellular steroid hormone receptor signaling pathway (GO:0033144),2/32,0.19020229663747298,2.6064256518120685,4.325798783243553,HDAC1;HEYL,1.0
GO_Biological_Process_2021,chromatin remodeling at centromere (GO:0031055),2/32,0.19020229663747298,2.6064256518120685,4.325798783243553,CENPS;RBBP4,1.0
GO_Biological_Process_2021,protein transmembrane import into intracellular organelle (GO:0044743),2/32,0.19020229663747298,2.6064256518120685,4.325798783243553,PEX10;PEX14,1.0
GO_Biological_Process_2021,peptidyl-proline modification (GO:0018208),2/32,0.19020229663747298,2.6064256518120685,4.325798783243553,PPIE;PPIH,1.0
GO_Biological_Process_2021,regulation of intracellular protein transport (GO:0033157),2/32,0.19020229663747298,2.6064256518120685,4.325798783243553,ATP13A2;PLK3,1.0
GO_Biological_Process_2021,negative regulation of cell-matrix adhesion (GO:0001953),2/32,0.19020229663747298,2.6064256518120685,4.325798783243553,AJAP1;RCC2,1.0
GO_Biological_Process_2021,long-chain fatty acid transport (GO:0015909),2/32,0.19020229663747298,2.6064256518120685,4.325798783243553,FABP3;MFSD2A,1.0
GO_Biological_Process_2021,positive regulation of interleukin-10 production (GO:0032733),2/32,0.19020229663747298,2.6064256518120685,4.325798783243553,ISG15;PRKCZ,1.0
GO_Biological_Process_2021,modulation by host of symbiont process (GO:0051851),2/32,0.19020229663747298,2.6064256518120685,4.325798783243553,HDAC1;TARDBP,1.0
GO_Biological_Process_2021,regulation of stem cell differentiation (GO:2000736),4/91,0.1933662021647245,1.7994994084732,2.956882484541286,HES5;PSMB2;TP73;YTHDF2,1.0
GO_Biological_Process_2021,retinoid metabolic process (GO:0001523),4/92,0.19848441990083035,1.7789589093318405,2.876656024440752,AGRN;DHRS3;HSPG2;SDC3,1.0
GO_Biological_Process_2021,positive regulation of cytokine production involved in immune response (GO:0002720),2/33,0.1993310937863083,2.5222178545221183,4.067802812617722,LAPTM5;TNFRSF14,1.0
GO_Biological_Process_2021,regulation of histone acetylation (GO:0035065),2/33,0.1993310937863083,2.5222178545221183,4.067802812617722,NOC2L;PARK7,1.0
GO_Biological_Process_2021,positive regulation of ATP metabolic process (GO:1903580),2/33,0.1993310937863083,2.5222178545221183,4.067802812617722,ENO1;PINK1,1.0
GO_Biological_Process_2021,keratan sulfate metabolic process (GO:0042339),2/33,0.1993310937863083,2.5222178545221183,4.067802812617722,B4GALT2;ST3GAL3,1.0
GO_Biological_Process_2021,mitotic spindle organization (GO:0007052),6/157,0.2004839319915507,1.5563449836437122,2.501079344538174,CENPS;NUDC;RCC1;RCC2;STMN1;WRAP73,1.0
GO_Biological_Process_2021,negative regulation of Wnt signaling pathway (GO:0030178),7/191,0.2026970800382525,1.4905635122956515,2.3790029097842282,CTNNBIP1;DVL1;HDAC1;MAD2L2;NPHP4;PSMB2;PTPRU,1.0
GO_Biological_Process_2021,actin-mediated cell contraction (GO:0070252),1/9,0.2038012504611198,4.882765435716124,7.766575639496047,PDPN,1.0
GO_Biological_Process_2021,negative regulation of alpha-beta T cell activation (GO:0046636),1/9,0.2038012504611198,4.882765435716124,7.766575639496047,TNFRSF14,1.0
GO_Biological_Process_2021,mast cell mediated immunity (GO:0002448),1/9,0.2038012504611198,4.882765435716124,7.766575639496047,PIK3CD,1.0
GO_Biological_Process_2021,regulation of DNA-templated transcription in response to stress (GO:0043620),1/9,0.2038012504611198,4.882765435716124,7.766575639496047,RPS6KA1,1.0
GO_Biological_Process_2021,negative regulation of RNA catabolic process (GO:1902369),1/9,0.2038012504611198,4.882765435716124,7.766575639496047,ZCCHC17,1.0
GO_Biological_Process_2021,Schwann cell development (GO:0014044),1/9,0.2038012504611198,4.882765435716124,7.766575639496047,SKI,1.0
GO_Biological_Process_2021,positive regulation of smooth muscle cell apoptotic process (GO:0034393),1/9,0.2038012504611198,4.882765435716124,7.766575639496047,MFN2,1.0
GO_Biological_Process_2021,regulation of animal organ morphogenesis (GO:2000027),1/9,0.2038012504611198,4.882765435716124,7.766575639496047,AJAP1,1.0
GO_Biological_Process_2021,regulation of RNA polymerase II regulatory region sequence-specific DNA binding (GO:1903025),1/9,0.2038012504611198,4.882765435716124,7.766575639496047,ZNF593,1.0
GO_Biological_Process_2021,negative regulation of nitric oxide metabolic process (GO:1904406),1/9,0.2038012504611198,4.882765435716124,7.766575639496047,ZC3H12A,1.0
GO_Biological_Process_2021,lysosomal lumen acidification (GO:0007042),1/9,0.2038012504611198,4.882765435716124,7.766575639496047,PPT1,1.0
GO_Biological_Process_2021,ornithine metabolic process (GO:0006591),1/9,0.2038012504611198,4.882765435716124,7.766575639496047,AZIN2,1.0
GO_Biological_Process_2021,response to vitamin D (GO:0033280),1/9,0.2038012504611198,4.882765435716124,7.766575639496047,ALPL,1.0
GO_Biological_Process_2021,response to vitamin (GO:0033273),1/9,0.2038012504611198,4.882765435716124,7.766575639496047,ALPL,1.0
GO_Biological_Process_2021,cellular response to sterol depletion (GO:0071501),1/9,0.2038012504611198,4.882765435716124,7.766575639496047,ARHGEF10L,1.0
GO_Biological_Process_2021,tetrahydrofolate interconversion (GO:0035999),1/9,0.2038012504611198,4.882765435716124,7.766575639496047,MTHFR,1.0
GO_Biological_Process_2021,positive regulation of macrophage cytokine production (GO:0060907),1/9,0.2038012504611198,4.882765435716124,7.766575639496047,LAPTM5,1.0
GO_Biological_Process_2021,sensory organ morphogenesis (GO:0090596),1/9,0.2038012504611198,4.882765435716124,7.766575639496047,SKI,1.0
GO_Biological_Process_2021,negative regulation of nitric oxide biosynthetic process (GO:0045019),1/9,0.2038012504611198,4.882765435716124,7.766575639496047,ZC3H12A,1.0
GO_Biological_Process_2021,positive regulation of mast cell degranulation (GO:0043306),1/9,0.2038012504611198,4.882765435716124,7.766575639496047,FGR,1.0
GO_Biological_Process_2021,regulation of mitotic centrosome separation (GO:0046602),1/9,0.2038012504611198,4.882765435716124,7.766575639496047,CEP85,1.0
GO_Biological_Process_2021,neuronal ion channel clustering (GO:0045161),1/9,0.2038012504611198,4.882765435716124,7.766575639496047,AGRN,1.0
GO_Biological_Process_2021,peptidyl-cysteine modification (GO:0018198),1/9,0.2038012504611198,4.882765435716124,7.766575639496047,PARK7,1.0
GO_Biological_Process_2021,regulation of lipid transport (GO:0032368),1/9,0.2038012504611198,4.882765435716124,7.766575639496047,DISP3,1.0
GO_Biological_Process_2021,epithelial to mesenchymal transition involved in endocardial cushion formation (GO:0003198),1/9,0.2038012504611198,4.882765435716124,7.766575639496047,HEYL,1.0
GO_Biological_Process_2021,response to type I interferon (GO:0034340),1/9,0.2038012504611198,4.882765435716124,7.766575639496047,ISG15,1.0
GO_Biological_Process_2021,endothelial cell chemotaxis (GO:0035767),1/9,0.2038012504611198,4.882765435716124,7.766575639496047,PLEKHG5,1.0
GO_Biological_Process_2021,positive regulation of cell-cell adhesion mediated by cadherin (GO:2000049),1/9,0.2038012504611198,4.882765435716124,7.766575639496047,PTPRU,1.0
GO_Biological_Process_2021,isoprenoid biosynthetic process (GO:0008299),1/9,0.2038012504611198,4.882765435716124,7.766575639496047,DHDDS,1.0
GO_Biological_Process_2021,positive regulation of mitochondrial membrane permeability involved in apoptotic process (GO:1902110),1/9,0.2038012504611198,4.882765435716124,7.766575639496047,STPG1,1.0
GO_Biological_Process_2021,ketone body biosynthetic process (GO:0046951),1/9,0.2038012504611198,4.882765435716124,7.766575639496047,HMGCL,1.0
GO_Biological_Process_2021,L-ascorbic acid metabolic process (GO:0019852),1/9,0.2038012504611198,4.882765435716124,7.766575639496047,SLC2A1,1.0
GO_Biological_Process_2021,regulation of cellular response to oxidative stress (GO:1900407),1/9,0.2038012504611198,4.882765435716124,7.766575639496047,PINK1,1.0
GO_Biological_Process_2021,positive regulation of megakaryocyte differentiation (GO:0045654),1/9,0.2038012504611198,4.882765435716124,7.766575639496047,PITHD1,1.0
GO_Biological_Process_2021,positive regulation of tumor necrosis factor-mediated signaling pathway (GO:1903265),1/9,0.2038012504611198,4.882765435716124,7.766575639496047,LAPTM5,1.0
GO_Biological_Process_2021,regulation of tumor necrosis factor superfamily cytokine production (GO:1903555),1/9,0.2038012504611198,4.882765435716124,7.766575639496047,PARK7,1.0
GO_Biological_Process_2021,peripheral nervous system axon ensheathment (GO:0032292),1/9,0.2038012504611198,4.882765435716124,7.766575639496047,SKI,1.0
GO_Biological_Process_2021,negative regulation of glial cell differentiation (GO:0045686),1/9,0.2038012504611198,4.882765435716124,7.766575639496047,HES5,1.0
GO_Biological_Process_2021,galactose metabolic process (GO:0006012),1/9,0.2038012504611198,4.882765435716124,7.766575639496047,GALE,1.0
GO_Biological_Process_2021,mitochondrial tRNA modification (GO:0070900),1/9,0.2038012504611198,4.882765435716124,7.766575639496047,TRIT1,1.0
GO_Biological_Process_2021,nuclear RNA surveillance (GO:0071027),1/9,0.2038012504611198,4.882765435716124,7.766575639496047,EXOSC10,1.0
GO_Biological_Process_2021,anoikis (GO:0043276),1/9,0.2038012504611198,4.882765435716124,7.766575639496047,MTOR,1.0
GO_Biological_Process_2021,skeletal system development (GO:0001501),6/158,0.20436934122559075,1.5460259656674906,2.454820883424871,ALPL;COL9A2;EXTL1;HES5;P3H1;PRDX1,1.0
GO_Biological_Process_2021,positive regulation of protein dephosphorylation (GO:0035307),2/34,0.2085103680353696,2.4432730445627904,3.8304816594051476,CAMTA1;MTOR,1.0
GO_Biological_Process_2021,regulation of myoblast differentiation (GO:0045661),2/34,0.2085103680353696,2.4432730445627904,3.8304816594051476,AKIRIN1;XKR8,1.0
GO_Biological_Process_2021,regulation of cell adhesion mediated by integrin (GO:0033628),2/34,0.2085103680353696,2.4432730445627904,3.8304816594051476,EPHA2;EPHA8,1.0
GO_Biological_Process_2021,negative regulation of mitochondrion organization (GO:0010823),2/34,0.2085103680353696,2.4432730445627904,3.8304816594051476,MUL1;PINK1,1.0
GO_Biological_Process_2021,cell-substrate junction assembly (GO:0007044),2/34,0.2085103680353696,2.4432730445627904,3.8304816594051476,RCC2;TESK2,1.0
GO_Biological_Process_2021,positive regulation of DNA binding (GO:0043388),2/34,0.2085103680353696,2.4432730445627904,3.8304816594051476,PARK7;SKI,1.0
GO_Biological_Process_2021,organonitrogen compound catabolic process (GO:1901565),3/63,0.2086100735712098,1.9557343680938761,3.0651998790525496,MTOR;PLA2G5;PPT1,1.0
GO_Biological_Process_2021,positive regulation of viral process (GO:0048524),3/63,0.2086100735712098,1.9557343680938761,3.0651998790525496,KPNA6;PPIE;PPIH,1.0
GO_Biological_Process_2021,cell cycle G1/S phase transition (GO:0044843),3/63,0.2086100735712098,1.9557343680938761,3.0651998790525496,KHDRBS1;PLK3;RCC1,1.0
GO_Biological_Process_2021,negative regulation of cell death (GO:0060548),4/94,0.20884141073240473,1.739247277658545,2.723974501989655,ATP13A2;PARK7;PINK1;TNFRSF1B,1.0
GO_Biological_Process_2021,microtubule cytoskeleton organization involved in mitosis (GO:1902850),5/128,0.21708560326500353,1.5912786087333057,2.430620022033959,CENPS;NUDC;RCC1;RCC2;STMN1,1.0
GO_Biological_Process_2021,lung development (GO:0030324),2/35,0.21773191098678782,2.3691127685403908,3.611690475503375,ERRFI1;PDPN,1.0
GO_Biological_Process_2021,acylglycerol catabolic process (GO:0046464),2/35,0.21773191098678782,2.3691127685403908,3.611690475503375,FABP3;LYPLA2,1.0
GO_Biological_Process_2021,regulation of blood circulation (GO:1903522),2/35,0.21773191098678782,2.3691127685403908,3.611690475503375,ECE1;HSPB7,1.0
GO_Biological_Process_2021,regulation of phosphatidylinositol 3-kinase activity (GO:0043551),2/35,0.21773191098678782,2.3691127685403908,3.611690475503375,EPHA8;FGR,1.0
GO_Biological_Process_2021,"base-excision repair, gap-filling (GO:0006287)",2/35,0.21773191098678782,2.3691127685403908,3.611690475503375,MUTYH;RPA2,1.0
GO_Biological_Process_2021,cellular response to virus (GO:0098586),2/35,0.21773191098678782,2.3691127685403908,3.611690475503375,IFI6;ZC3H12A,1.0
GO_Biological_Process_2021,regulation of cell-matrix adhesion (GO:0001952),3/65,0.22169171657314796,1.8924514459881905,2.850916648447193,AJAP1;MACF1;SLC9A1,1.0
GO_Biological_Process_2021,"positive regulation of transcription, DNA-templated (GO:0045893)",34/1183,0.2220257566489162,1.1652864535140814,1.7537116951968983,AGO1;AGRN;AKIRIN1;ARID1A;CITED4;DVL1;FOXJ3;GPATCH3;HDAC1;HES5;HEYL;HIVEP3;KDM1A;MAD2L2;MTF1;MTOR;PADI2;PARK7;PITHD1;POU3F1;PRDM2;RLF;RPS6KA1;SFPQ;SKI;SLC9A1;THAP3;THRAP3;TP73;YBX1;ZBTB17;ZBTB48;ZC3H12A;ZNF593,1.0
GO_Biological_Process_2021,apoptotic process (GO:0006915),8/231,0.2226334846358325,1.4055925931088311,2.1115211491857644,CASP9;CDK11A;CDK11B;IFI6;MTOR;PLK3;RRAGC;TNFRSF25,1.0
GO_Biological_Process_2021,positive regulation of lipase activity (GO:0060193),1/10,0.22371518046809483,4.3400132753059015,6.498655813689781,PLA2G5,1.0
GO_Biological_Process_2021,neuron projection fasciculation (GO:0106030),1/10,0.22371518046809483,4.3400132753059015,6.498655813689781,EPHB2,1.0
GO_Biological_Process_2021,SNARE complex assembly (GO:0035493),1/10,0.22371518046809483,4.3400132753059015,6.498655813689781,VAMP3,1.0
GO_Biological_Process_2021,positive regulation of transcription of nucleolar large rRNA by RNA polymerase I (GO:1901838),1/10,0.22371518046809483,4.3400132753059015,6.498655813689781,MTOR,1.0
GO_Biological_Process_2021,negative regulation of transcription by competitive promoter binding (GO:0010944),1/10,0.22371518046809483,4.3400132753059015,6.498655813689781,MAD2L2,1.0
GO_Biological_Process_2021,regulation of granulocyte differentiation (GO:0030852),1/10,0.22371518046809483,4.3400132753059015,6.498655813689781,C1QC,1.0
GO_Biological_Process_2021,positive regulation of RIG-I signaling pathway (GO:1900246),1/10,0.22371518046809483,4.3400132753059015,6.498655813689781,PUM1,1.0
GO_Biological_Process_2021,regulation of postsynaptic neurotransmitter receptor activity (GO:0098962),1/10,0.22371518046809483,4.3400132753059015,6.498655813689781,DLGAP3,1.0
GO_Biological_Process_2021,regulation of phospholipid metabolic process (GO:1903725),1/10,0.22371518046809483,4.3400132753059015,6.498655813689781,MFSD2A,1.0
GO_Biological_Process_2021,positive regulation of protein sumoylation (GO:0033235),1/10,0.22371518046809483,4.3400132753059015,6.498655813689781,MUL1,1.0
GO_Biological_Process_2021,negative regulation of cell-cell adhesion mediated by cadherin (GO:2000048),1/10,0.22371518046809483,4.3400132753059015,6.498655813689781,MAD2L2,1.0
GO_Biological_Process_2021,negative regulation of protein autophosphorylation (GO:0031953),1/10,0.22371518046809483,4.3400132753059015,6.498655813689781,ERRFI1,1.0
GO_Biological_Process_2021,DNA replication-dependent nucleosome organization (GO:0034723),1/10,0.22371518046809483,4.3400132753059015,6.498655813689781,RBBP4,1.0
GO_Biological_Process_2021,negative regulation of peptidyl-lysine acetylation (GO:2000757),1/10,0.22371518046809483,4.3400132753059015,6.498655813689781,NOC2L,1.0
GO_Biological_Process_2021,phagosome-lysosome fusion (GO:0090385),1/10,0.22371518046809483,4.3400132753059015,6.498655813689781,PLA2G5,1.0
GO_Biological_Process_2021,phosphatidylcholine catabolic process (GO:0034638),1/10,0.22371518046809483,4.3400132753059015,6.498655813689781,PLA2G5,1.0
GO_Biological_Process_2021,long-chain fatty acid import into cell (GO:0044539),1/10,0.22371518046809483,4.3400132753059015,6.498655813689781,SLC2A1,1.0
GO_Biological_Process_2021,DNA replication-dependent nucleosome assembly (GO:0006335),1/10,0.22371518046809483,4.3400132753059015,6.498655813689781,RBBP4,1.0
GO_Biological_Process_2021,cellular response to prostaglandin stimulus (GO:0071379),1/10,0.22371518046809483,4.3400132753059015,6.498655813689781,GNB1,1.0
GO_Biological_Process_2021,methylguanosine-cap decapping (GO:0110156),1/10,0.22371518046809483,4.3400132753059015,6.498655813689781,PNRC2,1.0
GO_Biological_Process_2021,negative regulation of alpha-beta T cell proliferation (GO:0046642),1/10,0.22371518046809483,4.3400132753059015,6.498655813689781,TNFRSF14,1.0
GO_Biological_Process_2021,protein insertion into ER membrane by stop-transfer membrane-anchor sequence (GO:0045050),1/10,0.22371518046809483,4.3400132753059015,6.498655813689781,EMC1,1.0
GO_Biological_Process_2021,regulation of receptor binding (GO:1900120),1/10,0.22371518046809483,4.3400132753059015,6.498655813689781,PTPRF,1.0
GO_Biological_Process_2021,modulation by symbiont of host process (GO:0044003),1/10,0.22371518046809483,4.3400132753059015,6.498655813689781,ENO1,1.0
GO_Biological_Process_2021,modification-dependent macromolecule catabolic process (GO:0043632),1/10,0.22371518046809483,4.3400132753059015,6.498655813689781,ISG15,1.0
GO_Biological_Process_2021,positive regulation of keratinocyte migration (GO:0051549),1/10,0.22371518046809483,4.3400132753059015,6.498655813689781,MTOR,1.0
GO_Biological_Process_2021,positive regulation of circadian rhythm (GO:0042753),1/10,0.22371518046809483,4.3400132753059015,6.498655813689781,THRAP3,1.0
GO_Biological_Process_2021,negative regulation of receptor binding (GO:1900121),1/10,0.22371518046809483,4.3400132753059015,6.498655813689781,PTPRF,1.0
GO_Biological_Process_2021,defense response to tumor cell (GO:0002357),1/10,0.22371518046809483,4.3400132753059015,6.498655813689781,LAPTM5,1.0
GO_Biological_Process_2021,RNA polymerase II preinitiation complex assembly (GO:0051123),1/10,0.22371518046809483,4.3400132753059015,6.498655813689781,TAF12,1.0
GO_Biological_Process_2021,regulation of low-density lipoprotein particle clearance (GO:0010988),1/10,0.22371518046809483,4.3400132753059015,6.498655813689781,LDLRAP1,1.0
GO_Biological_Process_2021,regulation of T-helper 17 cell differentiation (GO:2000319),1/10,0.22371518046809483,4.3400132753059015,6.498655813689781,ZC3H12A,1.0
GO_Biological_Process_2021,negative regulation of circadian rhythm (GO:0042754),1/10,0.22371518046809483,4.3400132753059015,6.498655813689781,SFPQ,1.0
GO_Biological_Process_2021,arachidonate transport (GO:1903963),1/10,0.22371518046809483,4.3400132753059015,6.498655813689781,PLA2G5,1.0
GO_Biological_Process_2021,cellular response to hydroxyurea (GO:0072711),1/10,0.22371518046809483,4.3400132753059015,6.498655813689781,DDI2,1.0
GO_Biological_Process_2021,regulation of actin filament-based movement (GO:1903115),1/10,0.22371518046809483,4.3400132753059015,6.498655813689781,PDPN,1.0
GO_Biological_Process_2021,cellular response to acidic pH (GO:0071468),1/10,0.22371518046809483,4.3400132753059015,6.498655813689781,SLC9A1,1.0
GO_Biological_Process_2021,regulation of hydrogen peroxide-induced cell death (GO:1903205),1/10,0.22371518046809483,4.3400132753059015,6.498655813689781,PARK7,1.0
GO_Biological_Process_2021,positive regulation of cell activation (GO:0050867),1/10,0.22371518046809483,4.3400132753059015,6.498655813689781,RPS6KA1,1.0
GO_Biological_Process_2021,negative regulation of viral-induced cytoplasmic pattern recognition receptor signaling pathway (GO:0039532),1/10,0.22371518046809483,4.3400132753059015,6.498655813689781,GPATCH3,1.0
GO_Biological_Process_2021,regulation of peptidyl-lysine acetylation (GO:2000756),1/10,0.22371518046809483,4.3400132753059015,6.498655813689781,PARK7,1.0
GO_Biological_Process_2021,removal of superoxide radicals (GO:0019430),1/10,0.22371518046809483,4.3400132753059015,6.498655813689781,PRDX1,1.0
GO_Biological_Process_2021,positive regulation of monocyte differentiation (GO:0045657),1/10,0.22371518046809483,4.3400132753059015,6.498655813689781,CTNNBIP1,1.0
GO_Biological_Process_2021,histone H3-K36 demethylation (GO:0070544),1/10,0.22371518046809483,4.3400132753059015,6.498655813689781,KDM4A,1.0
GO_Biological_Process_2021,glycine transport (GO:0015816),1/10,0.22371518046809483,4.3400132753059015,6.498655813689781,SLC6A9,1.0
GO_Biological_Process_2021,negative regulation of lymphocyte apoptotic process (GO:0070229),1/10,0.22371518046809483,4.3400132753059015,6.498655813689781,NOC2L,1.0
GO_Biological_Process_2021,pinocytosis (GO:0006907),1/10,0.22371518046809483,4.3400132753059015,6.498655813689781,PPT1,1.0
GO_Biological_Process_2021,histone H4 deacetylation (GO:0070933),1/10,0.22371518046809483,4.3400132753059015,6.498655813689781,HDAC1,1.0
GO_Biological_Process_2021,negative regulation of extracellular matrix organization (GO:1903054),1/10,0.22371518046809483,4.3400132753059015,6.498655813689781,TNFRSF1B,1.0
GO_Biological_Process_2021,regulation of protein neddylation (GO:2000434),1/10,0.22371518046809483,4.3400132753059015,6.498655813689781,RPL11,1.0
GO_Biological_Process_2021,nucleic acid transport (GO:0050657),1/10,0.22371518046809483,4.3400132753059015,6.498655813689781,YBX1,1.0
GO_Biological_Process_2021,lung epithelium development (GO:0060428),1/10,0.22371518046809483,4.3400132753059015,6.498655813689781,ERRFI1,1.0
GO_Biological_Process_2021,arachidonic acid secretion (GO:0050482),1/10,0.22371518046809483,4.3400132753059015,6.498655813689781,PLA2G5,1.0
GO_Biological_Process_2021,morphogenesis of an epithelial sheet (GO:0002011),1/10,0.22371518046809483,4.3400132753059015,6.498655813689781,PHACTR4,1.0
GO_Biological_Process_2021,protein K11-linked deubiquitination (GO:0035871),1/10,0.22371518046809483,4.3400132753059015,6.498655813689781,OTUD3,1.0
GO_Biological_Process_2021,nuclear mRNA surveillance (GO:0071028),1/10,0.22371518046809483,4.3400132753059015,6.498655813689781,EXOSC10,1.0
GO_Biological_Process_2021,positive regulation of epidermis development (GO:0045684),1/10,0.22371518046809483,4.3400132753059015,6.498655813689781,KDF1,1.0
GO_Biological_Process_2021,regulation of axon guidance (GO:1902667),1/10,0.22371518046809483,4.3400132753059015,6.498655813689781,ZSWIM5,1.0
GO_Biological_Process_2021,regulation of DNA damage checkpoint (GO:2000001),1/10,0.22371518046809483,4.3400132753059015,6.498655813689781,RPA2,1.0
GO_Biological_Process_2021,UV protection (GO:0009650),1/10,0.22371518046809483,4.3400132753059015,6.498655813689781,SDF4,1.0
GO_Biological_Process_2021,positive regulation of transcription by RNA polymerase III (GO:0045945),1/10,0.22371518046809483,4.3400132753059015,6.498655813689781,MTOR,1.0
GO_Biological_Process_2021,acetyl-CoA biosynthetic process (GO:0006085),1/10,0.22371518046809483,4.3400132753059015,6.498655813689781,PPCS,1.0
GO_Biological_Process_2021,regulation of protein import into nucleus (GO:0042306),2/36,0.22698789157374769,2.29931486169578,3.4095588259895764,DMAP1;ZC3H12A,1.0
GO_Biological_Process_2021,positive regulation of innate immune response (GO:0045089),2/36,0.22698789157374769,2.29931486169578,3.4095588259895764,PLA2G5;TRIM62,1.0
GO_Biological_Process_2021,cellular response to nutrient levels (GO:0031669),3/66,0.22829333223068368,1.8623167211759595,2.750872597898412,MFSD2A;MTOR;RRAGC,1.0
GO_Biological_Process_2021,regulation of protein localization (GO:0032880),3/66,0.22829333223068368,1.8623167211759595,2.750872597898412,DVL1;KDM1A;PLEKHM2,1.0
GO_Biological_Process_2021,cellular response to hypoxia (GO:0071456),5/131,0.23072885997010403,1.5531505225754423,2.277713916790995,HP1BP3;MTOR;PINK1;PLK3;PSMB2,1.0
GO_Biological_Process_2021,nervous system development (GO:0007399),14/447,0.23092150249273294,1.2684876051257314,1.8591936686187778,ADGRB2;ARTN;DVL1;EPHB2;HES5;HPCAL4;MARCKSL1;MTF1;NBL1;POU3F1;PPT1;SLC2A1;SZT2;UTP11,1.0
GO_Biological_Process_2021,negative regulation of canonical Wnt signaling pathway (GO:0090090),6/165,0.2322900493395882,1.4774272109450606,2.1567016673986776,DVL1;HDAC1;MAD2L2;NPHP4;PSMB2;PTPRU,1.0
GO_Biological_Process_2021,regulation of viral genome replication (GO:0045069),3/67,0.23493151152967076,1.8331237065141108,2.6552086509686403,ISG15;PPIE;PPIH,1.0
GO_Biological_Process_2021,regulation of epidermal growth factor receptor signaling pathway (GO:0042058),3/67,0.23493151152967076,1.8331237065141108,2.6552086509686403,CDC42;ERRFI1;IFI6,1.0
GO_Biological_Process_2021,protein insertion into ER membrane (GO:0045048),2/37,0.23627084238779497,2.2335054066708606,3.222449101646917,EMC1;UBE2J2,1.0
GO_Biological_Process_2021,centromere complex assembly (GO:0034508),2/37,0.23627084238779497,2.2335054066708606,3.222449101646917,CENPS;RBBP4,1.0
GO_Biological_Process_2021,regulation of intracellular steroid hormone receptor signaling pathway (GO:0033143),2/37,0.23627084238779497,2.2335054066708606,3.222449101646917,KDM1A;PARK7,1.0
GO_Biological_Process_2021,lysosome localization (GO:0032418),2/37,0.23627084238779497,2.2335054066708606,3.222449101646917,PIK3CD;PLEKHM2,1.0
GO_Biological_Process_2021,regulation of vascular associated smooth muscle cell proliferation (GO:1904705),2/37,0.23627084238779497,2.2335054066708606,3.222449101646917,LDLRAP1;MFN2,1.0
GO_Biological_Process_2021,glutamine family amino acid metabolic process (GO:0009064),2/37,0.23627084238779497,2.2335054066708606,3.222449101646917,ALDH4A1;RIMKLA,1.0
GO_Biological_Process_2021,skeletal muscle tissue development (GO:0007519),2/37,0.23627084238779497,2.2335054066708606,3.222449101646917,SELENON;SKI,1.0
GO_Biological_Process_2021,"phagocytosis, engulfment (GO:0006911)",2/37,0.23627084238779497,2.2335054066708606,3.222449101646917,CDC42;XKR8,1.0
GO_Biological_Process_2021,regulation of cell adhesion (GO:0030155),5/133,0.23995860400750046,1.5287247173805614,2.1819317496751487,EPHA2;EPHA8;EPHB2;TNFRSF18;YTHDF2,1.0
GO_Biological_Process_2021,regulation of translational initiation (GO:0006446),3/68,0.24160333655990068,1.8048289384572418,2.5636837092306073,EIF4G3;KHDRBS1;YTHDF2,1.0
GO_Biological_Process_2021,aminoglycan metabolic process (GO:0006022),1/11,0.2431320093708438,3.9058115469777244,5.523406268789198,B3GALT6,1.0
GO_Biological_Process_2021,phosphorylated carbohydrate dephosphorylation (GO:0046838),1/11,0.2431320093708438,3.9058115469777244,5.523406268789198,INPP5B,1.0
GO_Biological_Process_2021,central nervous system myelination (GO:0022010),1/11,0.2431320093708438,3.9058115469777244,5.523406268789198,HES5,1.0
GO_Biological_Process_2021,regulation of lamellipodium morphogenesis (GO:2000392),1/11,0.2431320093708438,3.9058115469777244,5.523406268789198,PDPN,1.0
GO_Biological_Process_2021,negative regulation of activin receptor signaling pathway (GO:0032926),1/11,0.2431320093708438,3.9058115469777244,5.523406268789198,SKI,1.0
GO_Biological_Process_2021,positive regulation of interleukin-13 production (GO:0032736),1/11,0.2431320093708438,3.9058115469777244,5.523406268789198,PRKCZ,1.0
GO_Biological_Process_2021,mitochondrial transcription (GO:0006390),1/11,0.2431320093708438,3.9058115469777244,5.523406268789198,SLC25A33,1.0
GO_Biological_Process_2021,Notch signaling involved in heart development (GO:0061314),1/11,0.2431320093708438,3.9058115469777244,5.523406268789198,HEYL,1.0
GO_Biological_Process_2021,Golgi inheritance (GO:0048313),1/11,0.2431320093708438,3.9058115469777244,5.523406268789198,PLK3,1.0
GO_Biological_Process_2021,regulation of coagulation (GO:0050818),1/11,0.2431320093708438,3.9058115469777244,5.523406268789198,EPHB2,1.0
GO_Biological_Process_2021,Golgi to lysosome transport (GO:0090160),1/11,0.2431320093708438,3.9058115469777244,5.523406268789198,LAPTM5,1.0
GO_Biological_Process_2021,hematopoietic stem cell proliferation (GO:0071425),1/11,0.2431320093708438,3.9058115469777244,5.523406268789198,YTHDF2,1.0
GO_Biological_Process_2021,hepatocyte growth factor receptor signaling pathway (GO:0048012),1/11,0.2431320093708438,3.9058115469777244,5.523406268789198,STMN1,1.0
GO_Biological_Process_2021,positive regulation of neuroblast proliferation (GO:0002052),1/11,0.2431320093708438,3.9058115469777244,5.523406268789198,KDM1A,1.0
GO_Biological_Process_2021,positive regulation of actin nucleation (GO:0051127),1/11,0.2431320093708438,3.9058115469777244,5.523406268789198,WASF2,1.0
GO_Biological_Process_2021,negative regulation of lymphocyte migration (GO:2000402),1/11,0.2431320093708438,3.9058115469777244,5.523406268789198,PADI2,1.0
GO_Biological_Process_2021,positive regulation of triglyceride biosynthetic process (GO:0010867),1/11,0.2431320093708438,3.9058115469777244,5.523406268789198,MFSD2A,1.0
GO_Biological_Process_2021,response to hydroxyurea (GO:0072710),1/11,0.2431320093708438,3.9058115469777244,5.523406268789198,DDI2,1.0
GO_Biological_Process_2021,regulation of mesenchymal cell proliferation (GO:0010464),1/11,0.2431320093708438,3.9058115469777244,5.523406268789198,CTNNBIP1,1.0
GO_Biological_Process_2021,response to prostaglandin E (GO:0034695),1/11,0.2431320093708438,3.9058115469777244,5.523406268789198,GNB1,1.0
GO_Biological_Process_2021,negative regulation of defense response to virus (GO:0050687),1/11,0.2431320093708438,3.9058115469777244,5.523406268789198,MUL1,1.0
GO_Biological_Process_2021,enteric nervous system development (GO:0048484),1/11,0.2431320093708438,3.9058115469777244,5.523406268789198,PHACTR4,1.0
GO_Biological_Process_2021,positive regulation of myelination (GO:0031643),1/11,0.2431320093708438,3.9058115469777244,5.523406268789198,TNFRSF1B,1.0
GO_Biological_Process_2021,inositol phosphate dephosphorylation (GO:0046855),1/11,0.2431320093708438,3.9058115469777244,5.523406268789198,INPP5B,1.0
GO_Biological_Process_2021,positive regulation of posttranscriptional gene silencing (GO:0060148),1/11,0.2431320093708438,3.9058115469777244,5.523406268789198,PUM1,1.0
GO_Biological_Process_2021,regulation of T-helper 2 cell cytokine production (GO:2000551),1/11,0.2431320093708438,3.9058115469777244,5.523406268789198,PRKCZ,1.0
GO_Biological_Process_2021,regulation of phospholipase activity (GO:0010517),1/11,0.2431320093708438,3.9058115469777244,5.523406268789198,PLA2G5,1.0
GO_Biological_Process_2021,negative regulation of T-helper cell differentiation (GO:0045623),1/11,0.2431320093708438,3.9058115469777244,5.523406268789198,ZC3H12A,1.0
GO_Biological_Process_2021,cellular response to superoxide (GO:0071451),1/11,0.2431320093708438,3.9058115469777244,5.523406268789198,PRDX1,1.0
GO_Biological_Process_2021,regulation of pH (GO:0006885),1/11,0.2431320093708438,3.9058115469777244,5.523406268789198,SLC9A1,1.0
GO_Biological_Process_2021,regulation of biosynthetic process (GO:0009889),1/11,0.2431320093708438,3.9058115469777244,5.523406268789198,SLC25A33,1.0
GO_Biological_Process_2021,establishment of epithelial cell apical/basal polarity (GO:0045198),1/11,0.2431320093708438,3.9058115469777244,5.523406268789198,CDC42,1.0
GO_Biological_Process_2021,camera-type eye morphogenesis (GO:0048593),1/11,0.2431320093708438,3.9058115469777244,5.523406268789198,SKI,1.0
GO_Biological_Process_2021,regulation of mitochondrial fusion (GO:0010635),1/11,0.2431320093708438,3.9058115469777244,5.523406268789198,MUL1,1.0
GO_Biological_Process_2021,tetrahydrofolate metabolic process (GO:0046653),1/11,0.2431320093708438,3.9058115469777244,5.523406268789198,MTHFR,1.0
GO_Biological_Process_2021,positive regulation of lipid localization (GO:1905954),1/11,0.2431320093708438,3.9058115469777244,5.523406268789198,ZC3H12A,1.0
GO_Biological_Process_2021,"DNA damage response, signal transduction resulting in transcription (GO:0042772)",1/11,0.2431320093708438,3.9058115469777244,5.523406268789198,MAD2L2,1.0
GO_Biological_Process_2021,rhodopsin mediated signaling pathway (GO:0016056),1/11,0.2431320093708438,3.9058115469777244,5.523406268789198,GNB1,1.0
GO_Biological_Process_2021,regulation of mitochondrial depolarization (GO:0051900),1/11,0.2431320093708438,3.9058115469777244,5.523406268789198,IFI6,1.0
GO_Biological_Process_2021,calcineurin-NFAT signaling cascade (GO:0033173),1/11,0.2431320093708438,3.9058115469777244,5.523406268789198,ADGRB2,1.0
GO_Biological_Process_2021,negative regulation of nuclear division (GO:0051784),1/11,0.2431320093708438,3.9058115469777244,5.523406268789198,AURKAIP1,1.0
GO_Biological_Process_2021,regulation of T cell mediated immunity (GO:0002709),1/11,0.2431320093708438,3.9058115469777244,5.523406268789198,TNFRSF1B,1.0
GO_Biological_Process_2021,positive regulation of leukocyte apoptotic process (GO:2000108),1/11,0.2431320093708438,3.9058115469777244,5.523406268789198,PIK3CD,1.0
GO_Biological_Process_2021,T cell chemotaxis (GO:0010818),1/11,0.2431320093708438,3.9058115469777244,5.523406268789198,PIK3CD,1.0
GO_Biological_Process_2021,protein localization to phagophore assembly site (GO:0034497),1/11,0.2431320093708438,3.9058115469777244,5.523406268789198,MFN2,1.0
GO_Biological_Process_2021,nucleus localization (GO:0051647),1/11,0.2431320093708438,3.9058115469777244,5.523406268789198,MTOR,1.0
GO_Biological_Process_2021,regulation of cysteine-type endopeptidase activity involved in apoptotic signaling pathway (GO:2001267),1/11,0.2431320093708438,3.9058115469777244,5.523406268789198,PARK7,1.0
GO_Biological_Process_2021,negative regulation of proteasomal protein catabolic process (GO:1901799),2/38,0.24557364645174465,2.1713520324806597,3.0489221766295427,PARK7;RPL11,1.0
GO_Biological_Process_2021,negative regulation of TOR signaling (GO:0032007),2/38,0.24557364645174465,2.1713520324806597,3.0489221766295427,SESN2;SZT2,1.0
GO_Biological_Process_2021,negative regulation of ubiquitin-dependent protein catabolic process (GO:2000059),2/38,0.24557364645174465,2.1713520324806597,3.0489221766295427,PARK7;RPL11,1.0
GO_Biological_Process_2021,positive regulation of protein localization to membrane (GO:1905477),4/101,0.24619260876944063,1.6131526121392163,2.261060980658893,ARHGEF16;EPHA2;EPHB2;TP73,1.0
GO_Biological_Process_2021,post-translational protein modification (GO:0043687),11/345,0.24721343791937617,1.2908293584526036,1.8039381518122166,FBXO2;FBXO44;FBXO6;ICMT;KLHL21;MXRA8;PSMB2;PTP4A2;SPSB1;VWA1;WDTC1,1.0
GO_Biological_Process_2021,cell chemotaxis (GO:0060326),3/69,0.24830593640197854,1.7773915876142174,2.4760729850492993,ARHGEF16;EPHA2;PLEKHG5,1.0
GO_Biological_Process_2021,cellular response to decreased oxygen levels (GO:0036294),3/69,0.24830593640197854,1.7773915876142174,2.4760729850492993,HP1BP3;MTOR;PINK1,1.0
GO_Biological_Process_2021,regulation of proteasomal ubiquitin-dependent protein catabolic process (GO:0032434),4/102,0.25164771022299726,1.5966095802197708,2.2028823843462644,DVL1;PARK7;RNF19B;RPL11,1.0
GO_Biological_Process_2021,axonogenesis (GO:0007409),8/240,0.25339586636663003,1.3504345120811603,1.8538796364721573,ARTN;EPHA10;EPHA2;EPHA8;EPHB2;LYPLA2;PIK3CD;RAP1GAP,1.0
GO_Biological_Process_2021,proteasomal protein catabolic process (GO:0010498),7/205,0.25393394041491407,1.384166178307937,1.8972504515579953,DDI2;FBXO44;HECTD3;PSMB2;SPSB1;UBE4B;UBXN11,1.0
GO_Biological_Process_2021,regulation of receptor-mediated endocytosis (GO:0048259),2/39,0.2548895244245249,2.1125583001385775,2.8877088922594356,LDLRAP1;PPT1,1.0
GO_Biological_Process_2021,replication fork processing (GO:0031297),2/39,0.2548895244245249,2.1125583001385775,2.8877088922594356,CENPS;CORT,1.0
GO_Biological_Process_2021,regulation of cellular component biogenesis (GO:0044087),2/39,0.2548895244245249,2.1125583001385775,2.8877088922594356,PINK1;TIE1,1.0
GO_Biological_Process_2021,DNA replication-independent nucleosome assembly (GO:0006336),2/39,0.2548895244245249,2.1125583001385775,2.8877088922594356,CENPS;RBBP4,1.0
GO_Biological_Process_2021,negative regulation of secretion by cell (GO:1903531),2/39,0.2548895244245249,2.1125583001385775,2.8877088922594356,TNFRSF1B;VAMP3,1.0
GO_Biological_Process_2021,regulation of plasma membrane bounded cell projection assembly (GO:0120032),3/70,0.25503648848415067,1.7507732621694923,2.3921666866628692,CAPZB;CDC42;EPHA2,1.0
GO_Biological_Process_2021,"DNA-templated transcription, termination (GO:0006353)",3/70,0.25503648848415067,1.7507732621694923,2.3921666866628692,LSM10;MED18;SSU72,1.0
GO_Biological_Process_2021,chromatin remodeling (GO:0006338),4/103,0.25712801716059835,1.5804007509653648,2.1464705834656157,ARID1A;HDAC1;KDM4A;RBBP4,1.0
GO_Biological_Process_2021,negative regulation of neuron apoptotic process (GO:0043524),3/71,0.2617922197958736,1.7249378286496118,2.3117688262177847,PARK7;PINK1;PPT1,1.0
GO_Biological_Process_2021,myeloid leukocyte differentiation (GO:0002573),3/71,0.2617922197958736,1.7249378286496118,2.3117688262177847,CDC42;EPHA2;PIK3CD,1.0
GO_Biological_Process_2021,Fc-gamma receptor signaling pathway involved in phagocytosis (GO:0038096),3/71,0.2617922197958736,1.7249378286496118,2.3117688262177847,CDC42;FGR;WASF2,1.0
GO_Biological_Process_2021,cholesterol homeostasis (GO:0042632),3/71,0.2617922197958736,1.7249378286496118,2.3117688262177847,DISP3;FABP3;LDLRAP1,1.0
GO_Biological_Process_2021,positive regulation of cellular protein localization (GO:1903829),3/71,0.2617922197958736,1.7249378286496118,2.3117688262177847,CROCC;PARK7;SESN2,1.0
GO_Biological_Process_2021,regulation of hematopoietic stem cell differentiation (GO:1902036),3/71,0.2617922197958736,1.7249378286496118,2.3117688262177847,PSMB2;TP73;YTHDF2,1.0
GO_Biological_Process_2021,urogenital system development (GO:0001655),1/12,0.262064121798408,3.5505555874364885,4.754783556282315,EPHB2,1.0
GO_Biological_Process_2021,phagolysosome assembly (GO:0001845),1/12,0.262064121798408,3.5505555874364885,4.754783556282315,PLA2G5,1.0
GO_Biological_Process_2021,phospholipid homeostasis (GO:0055091),1/12,0.262064121798408,3.5505555874364885,4.754783556282315,FABP3,1.0
GO_Biological_Process_2021,regulation of astrocyte differentiation (GO:0048710),1/12,0.262064121798408,3.5505555874364885,4.754783556282315,HES5,1.0
GO_Biological_Process_2021,maintenance of protein localization in endoplasmic reticulum (GO:0035437),1/12,0.262064121798408,3.5505555874364885,4.754783556282315,RER1,1.0
GO_Biological_Process_2021,magnesium ion transport (GO:0015693),1/12,0.262064121798408,3.5505555874364885,4.754783556282315,NIPAL3,1.0
GO_Biological_Process_2021,microtubule anchoring (GO:0034453),1/12,0.262064121798408,3.5505555874364885,4.754783556282315,PEX14,1.0
GO_Biological_Process_2021,depurination (GO:0045007),1/12,0.262064121798408,3.5505555874364885,4.754783556282315,MUTYH,1.0
GO_Biological_Process_2021,calcium ion-regulated exocytosis of neurotransmitter (GO:0048791),1/12,0.262064121798408,3.5505555874364885,4.754783556282315,RIMS3,1.0
GO_Biological_Process_2021,negative regulation of gene silencing by miRNA (GO:0060965),1/12,0.262064121798408,3.5505555874364885,4.754783556282315,ZC3H12A,1.0
GO_Biological_Process_2021,negative regulation of histone acetylation (GO:0035067),1/12,0.262064121798408,3.5505555874364885,4.754783556282315,NOC2L,1.0
GO_Biological_Process_2021,negative regulation of heart contraction (GO:0045822),1/12,0.262064121798408,3.5505555874364885,4.754783556282315,ZC3H12A,1.0
GO_Biological_Process_2021,Golgi localization (GO:0051645),1/12,0.262064121798408,3.5505555874364885,4.754783556282315,CDC42,1.0
GO_Biological_Process_2021,negative regulation by host of viral process (GO:0044793),1/12,0.262064121798408,3.5505555874364885,4.754783556282315,ZC3H12A,1.0
GO_Biological_Process_2021,pyrimidine nucleobase metabolic process (GO:0006206),1/12,0.262064121798408,3.5505555874364885,4.754783556282315,CTPS1,1.0
GO_Biological_Process_2021,axonal fasciculation (GO:0007413),1/12,0.262064121798408,3.5505555874364885,4.754783556282315,EPHB2,1.0
GO_Biological_Process_2021,regulation of keratinocyte migration (GO:0051547),1/12,0.262064121798408,3.5505555874364885,4.754783556282315,MTOR,1.0
GO_Biological_Process_2021,regulation of alcohol biosynthetic process (GO:1902930),1/12,0.262064121798408,3.5505555874364885,4.754783556282315,H6PD,1.0
GO_Biological_Process_2021,regulation of histone H3-K9 methylation (GO:0051570),1/12,0.262064121798408,3.5505555874364885,4.754783556282315,KDM1A,1.0
GO_Biological_Process_2021,inositol phosphate catabolic process (GO:0071545),1/12,0.262064121798408,3.5505555874364885,4.754783556282315,INPP5B,1.0
GO_Biological_Process_2021,negative regulation of fatty acid biosynthetic process (GO:0045717),1/12,0.262064121798408,3.5505555874364885,4.754783556282315,WDTC1,1.0
GO_Biological_Process_2021,sno(s)RNA 3'-end processing (GO:0031126),1/12,0.262064121798408,3.5505555874364885,4.754783556282315,EXOSC10,1.0
GO_Biological_Process_2021,homocysteine metabolic process (GO:0050667),1/12,0.262064121798408,3.5505555874364885,4.754783556282315,MTHFR,1.0
GO_Biological_Process_2021,negative regulation of microtubule polymerization (GO:0031115),1/12,0.262064121798408,3.5505555874364885,4.754783556282315,STMN1,1.0
GO_Biological_Process_2021,regulation of plasminogen activation (GO:0010755),1/12,0.262064121798408,3.5505555874364885,4.754783556282315,ENO1,1.0
GO_Biological_Process_2021,regulation of pseudopodium assembly (GO:0031272),1/12,0.262064121798408,3.5505555874364885,4.754783556282315,CDC42,1.0
GO_Biological_Process_2021,mitochondrial genome maintenance (GO:0000002),1/12,0.262064121798408,3.5505555874364885,4.754783556282315,SLC25A33,1.0
GO_Biological_Process_2021,very-low-density lipoprotein particle assembly (GO:0034379),1/12,0.262064121798408,3.5505555874364885,4.754783556282315,MFSD2A,1.0
GO_Biological_Process_2021,regulation of RNA export from nucleus (GO:0046831),1/12,0.262064121798408,3.5505555874364885,4.754783556282315,KHDRBS1,1.0
GO_Biological_Process_2021,"mitochondrial electron transport, ubiquinol to cytochrome c (GO:0006122)",1/12,0.262064121798408,3.5505555874364885,4.754783556282315,UQCRHL,1.0
GO_Biological_Process_2021,presynapse organization (GO:0099172),1/12,0.262064121798408,3.5505555874364885,4.754783556282315,DVL1,1.0
GO_Biological_Process_2021,C-terminal protein amino acid modification (GO:0018410),1/12,0.262064121798408,3.5505555874364885,4.754783556282315,ICMT,1.0
GO_Biological_Process_2021,negative regulation of production of miRNAs involved in gene silencing by miRNA (GO:1903799),1/12,0.262064121798408,3.5505555874364885,4.754783556282315,ZC3H12A,1.0
GO_Biological_Process_2021,calcineurin-mediated signaling (GO:0097720),1/12,0.262064121798408,3.5505555874364885,4.754783556282315,ADGRB2,1.0
GO_Biological_Process_2021,positive regulation of pseudopodium assembly (GO:0031274),1/12,0.262064121798408,3.5505555874364885,4.754783556282315,CDC42,1.0
GO_Biological_Process_2021,regulation of B cell apoptotic process (GO:0002902),1/12,0.262064121798408,3.5505555874364885,4.754783556282315,NOC2L,1.0
GO_Biological_Process_2021,positive regulation of cation channel activity (GO:2001259),2/40,0.26421202222468826,2.0568589747618677,2.7376862551446557,EPHB2;LRRC38,1.0
GO_Biological_Process_2021,positive regulation of catalytic activity (GO:0043085),2/40,0.26421202222468826,2.0568589747618677,2.7376862551446557,AZIN2;PHACTR4,1.0
GO_Biological_Process_2021,negative regulation of ERBB signaling pathway (GO:1901185),2/40,0.26421202222468826,2.0568589747618677,2.7376862551446557,CDC42;ERRFI1,1.0
GO_Biological_Process_2021,fatty acid derivative biosynthetic process (GO:1901570),2/40,0.26421202222468826,2.0568589747618677,2.7376862551446557,HMGCL;PPT1,1.0
GO_Biological_Process_2021,response to organonitrogen compound (GO:0010243),2/40,0.26421202222468826,2.0568589747618677,2.7376862551446557,MTOR;RRAGC,1.0
GO_Biological_Process_2021,bone development (GO:0060348),2/40,0.26421202222468826,2.0568589747618677,2.7376862551446557,P3H1;SKI,1.0
GO_Biological_Process_2021,negative regulation of cell-substrate adhesion (GO:0010812),2/40,0.26421202222468826,2.0568589747618677,2.7376862551446557,AJAP1;RCC2,1.0
GO_Biological_Process_2021,supramolecular fiber organization (GO:0097435),11/351,0.26458974962576665,1.2676530482375774,1.6854395064796812,CDC42;COL16A1;COL8A2;COL9A2;HSPG2;MAD2L2;MARCKSL1;P3H1;PLK3;PLOD1;STMN1,1.0
GO_Biological_Process_2021,positive regulation of cellular metabolic process (GO:0031325),4/105,0.26815821900841447,1.5489459932043388,2.038688799351263,ECE1;IFNLR1;VAMP3;ZC3H12A,1.0
GO_Biological_Process_2021,sterol homeostasis (GO:0055092),3/72,0.2685704079655484,1.6998512482752353,2.234696137702629,DISP3;FABP3;LDLRAP1,1.0
GO_Biological_Process_2021,Fc-gamma receptor signaling pathway (GO:0038094),3/72,0.2685704079655484,1.6998512482752353,2.234696137702629,CDC42;FGR;WASF2,1.0
GO_Biological_Process_2021,cell morphogenesis involved in differentiation (GO:0000904),3/72,0.2685704079655484,1.6998512482752353,2.234696137702629,EPHA2;VAMP3;YTHDF2,1.0
GO_Biological_Process_2021,negative regulation of nucleic acid-templated transcription (GO:1903507),14/464,0.2734965485072579,1.2194787135452483,1.5810130275298433,DMAP1;ENO1;HDAC1;HEYL;ID3;KDM1A;KDM4A;KHDRBS1;PEX14;PHC2;SAMD11;SCMH1;SFPQ;SPEN,1.0
GO_Biological_Process_2021,hexose metabolic process (GO:0019318),2/41,0.2735349990597321,2.0040160250455026,2.59785747246144,AKR1A1;FUCA1,1.0
GO_Biological_Process_2021,regulation of response to DNA damage stimulus (GO:2001020),2/41,0.2735349990597321,2.0040160250455026,2.59785747246144,CASP9;RPA2,1.0
GO_Biological_Process_2021,keratinocyte differentiation (GO:0030216),2/41,0.2735349990597321,2.0040160250455026,2.59785747246144,CLIC4;EPHA2,1.0
GO_Biological_Process_2021,regulation of protein dephosphorylation (GO:0035304),2/41,0.2735349990597321,2.0040160250455026,2.59785747246144,CAMTA1;PPP1R8,1.0
GO_Biological_Process_2021,small GTPase mediated signal transduction (GO:0007264),4/106,0.27370512842008793,1.5336811842908997,1.9871967313101373,CNKSR1;GNB1;PARK7;RRAGC,1.0
GO_Biological_Process_2021,chromosome organization (GO:0051276),4/106,0.27370512842008793,1.5336811842908997,1.9871967313101373,HDAC1;HMGN2;MTHFR;PADI2,1.0
GO_Biological_Process_2021,very long-chain fatty acid biosynthetic process (GO:0042761),1/13,0.2805235944370309,3.2545089544854586,4.136798006742,ELOVL1,1.0
GO_Biological_Process_2021,central nervous system neuron axonogenesis (GO:0021955),1/13,0.2805235944370309,3.2545089544854586,4.136798006742,EPHB2,1.0
GO_Biological_Process_2021,transport along microtubule (GO:0010970),1/13,0.2805235944370309,3.2545089544854586,4.136798006742,CDC42,1.0
GO_Biological_Process_2021,myelination in peripheral nervous system (GO:0022011),1/13,0.2805235944370309,3.2545089544854586,4.136798006742,SKI,1.0
GO_Biological_Process_2021,pseudouridine synthesis (GO:0001522),1/13,0.2805235944370309,3.2545089544854586,4.136798006742,PUSL1,1.0
GO_Biological_Process_2021,DNA catabolic process (GO:0006308),1/13,0.2805235944370309,3.2545089544854586,4.136798006742,DFFB,1.0
GO_Biological_Process_2021,DNA replication-independent nucleosome organization (GO:0034724),1/13,0.2805235944370309,3.2545089544854586,4.136798006742,RBBP4,1.0
GO_Biological_Process_2021,negative regulation of reactive oxygen species biosynthetic process (GO:1903427),1/13,0.2805235944370309,3.2545089544854586,4.136798006742,PARK7,1.0
GO_Biological_Process_2021,positive regulation of steroid metabolic process (GO:0045940),1/13,0.2805235944370309,3.2545089544854586,4.136798006742,LDLRAP1,1.0
GO_Biological_Process_2021,polyamine metabolic process (GO:0006595),1/13,0.2805235944370309,3.2545089544854586,4.136798006742,SRM,1.0
GO_Biological_Process_2021,sodium ion export across plasma membrane (GO:0036376),1/13,0.2805235944370309,3.2545089544854586,4.136798006742,SLC9A1,1.0
GO_Biological_Process_2021,negative regulation of myotube differentiation (GO:0010832),1/13,0.2805235944370309,3.2545089544854586,4.136798006742,HDAC1,1.0
GO_Biological_Process_2021,"endonucleolytic cleavage of tricistronic rRNA transcript (SSU-rRNA, 5.8S rRNA, LSU-rRNA) (GO:0000479)",1/13,0.2805235944370309,3.2545089544854586,4.136798006742,NOL9,1.0
GO_Biological_Process_2021,negative regulation of nucleocytoplasmic transport (GO:0046823),1/13,0.2805235944370309,3.2545089544854586,4.136798006742,PARK7,1.0
GO_Biological_Process_2021,embryonic appendage morphogenesis (GO:0035113),1/13,0.2805235944370309,3.2545089544854586,4.136798006742,SKI,1.0
GO_Biological_Process_2021,negative regulation of substrate adhesion-dependent cell spreading (GO:1900025),1/13,0.2805235944370309,3.2545089544854586,4.136798006742,RCC2,1.0
GO_Biological_Process_2021,negative regulation of mononuclear cell migration (GO:0071676),1/13,0.2805235944370309,3.2545089544854586,4.136798006742,NBL1,1.0
GO_Biological_Process_2021,negative regulation of gluconeogenesis (GO:0045721),1/13,0.2805235944370309,3.2545089544854586,4.136798006742,C1QTNF12,1.0
GO_Biological_Process_2021,negative regulation of intrinsic apoptotic signaling pathway in response to DNA damage by p53 class mediator (GO:1902166),1/13,0.2805235944370309,3.2545089544854586,4.136798006742,KDM1A,1.0
GO_Biological_Process_2021,fatty acid elongation (GO:0030497),1/13,0.2805235944370309,3.2545089544854586,4.136798006742,ELOVL1,1.0
GO_Biological_Process_2021,negative regulation of histone methylation (GO:0031061),1/13,0.2805235944370309,3.2545089544854586,4.136798006742,KDM1A,1.0
GO_Biological_Process_2021,glucose import (GO:0046323),1/13,0.2805235944370309,3.2545089544854586,4.136798006742,SLC2A1,1.0
GO_Biological_Process_2021,negative regulation of cellular senescence (GO:2000773),1/13,0.2805235944370309,3.2545089544854586,4.136798006742,YBX1,1.0
GO_Biological_Process_2021,positive regulation of mRNA metabolic process (GO:1903313),1/13,0.2805235944370309,3.2545089544854586,4.136798006742,ZC3H12A,1.0
GO_Biological_Process_2021,cellular biogenic amine metabolic process (GO:0006576),1/13,0.2805235944370309,3.2545089544854586,4.136798006742,SRM,1.0
GO_Biological_Process_2021,icosanoid secretion (GO:0032309),1/13,0.2805235944370309,3.2545089544854586,4.136798006742,PLA2G5,1.0
GO_Biological_Process_2021,regulation of nucleocytoplasmic transport (GO:0046822),1/13,0.2805235944370309,3.2545089544854586,4.136798006742,KHDRBS1,1.0
GO_Biological_Process_2021,negative regulation of epidermal growth factor-activated receptor activity (GO:0007175),1/13,0.2805235944370309,3.2545089544854586,4.136798006742,ERRFI1,1.0
GO_Biological_Process_2021,regulation of oxidoreductase activity (GO:0051341),1/13,0.2805235944370309,3.2545089544854586,4.136798006742,SZT2,1.0
GO_Biological_Process_2021,negative regulation of hydrogen peroxide-induced cell death (GO:1903206),1/13,0.2805235944370309,3.2545089544854586,4.136798006742,PARK7,1.0
GO_Biological_Process_2021,regulation of interleukin-5 production (GO:0032674),1/13,0.2805235944370309,3.2545089544854586,4.136798006742,PRKCZ,1.0
GO_Biological_Process_2021,spliceosomal tri-snRNP complex assembly (GO:0000244),1/13,0.2805235944370309,3.2545089544854586,4.136798006742,SRSF10,1.0
GO_Biological_Process_2021,negative regulation of autophagosome assembly (GO:1902902),1/13,0.2805235944370309,3.2545089544854586,4.136798006742,PINK1,1.0
GO_Biological_Process_2021,transcription preinitiation complex assembly (GO:0070897),1/13,0.2805235944370309,3.2545089544854586,4.136798006742,TAF12,1.0
GO_Biological_Process_2021,regulation of protein acetylation (GO:1901983),1/13,0.2805235944370309,3.2545089544854586,4.136798006742,PARK7,1.0
GO_Biological_Process_2021,regulation of lysosomal lumen pH (GO:0035751),1/13,0.2805235944370309,3.2545089544854586,4.136798006742,PPT1,1.0
GO_Biological_Process_2021,alpha-linolenic acid metabolic process (GO:0036109),1/13,0.2805235944370309,3.2545089544854586,4.136798006742,ELOVL1,1.0
GO_Biological_Process_2021,negative regulation of cell morphogenesis involved in differentiation (GO:0010771),1/13,0.2805235944370309,3.2545089544854586,4.136798006742,RCC2,1.0
GO_Biological_Process_2021,Fc receptor mediated stimulatory signaling pathway (GO:0002431),3/74,0.2821835241592978,1.6517980802341758,2.08985100780782,CDC42;FGR;WASF2,1.0
GO_Biological_Process_2021,proteolysis involved in cellular protein catabolic process (GO:0051603),3/74,0.2821835241592978,1.6517980802341758,2.08985100780782,DDI2;FBXO44;ISG15,1.0
GO_Biological_Process_2021,positive regulation of epithelial to mesenchymal transition (GO:0010718),2/42,0.282852615848722,1.953815222814955,2.4673351278430125,MTOR;PDPN,1.0
GO_Biological_Process_2021,negative regulation of protein catabolic process (GO:0042177),2/42,0.282852615848722,1.953815222814955,2.4673351278430125,AZIN2;MAD2L2,1.0
GO_Biological_Process_2021,mitochondrial gene expression (GO:0140053),2/42,0.282852615848722,1.953815222814955,2.4673351278430125,MRPS15;SLC25A33,1.0
GO_Biological_Process_2021,histone H3 acetylation (GO:0043966),2/42,0.282852615848722,1.953815222814955,2.4673351278430125,MEAF6;TAF12,1.0
GO_Biological_Process_2021,regulation of ubiquitin-dependent protein catabolic process (GO:2000058),2/42,0.282852615848722,1.953815222814955,2.4673351278430125,LAPTM5;RPL11,1.0
GO_Biological_Process_2021,regulation of DNA recombination (GO:0000018),2/42,0.282852615848722,1.953815222814955,2.4673351278430125,KDM1A;RPA2,1.0
GO_Biological_Process_2021,regulation of double-strand break repair (GO:2000779),2/42,0.282852615848722,1.953815222814955,2.4673351278430125,KDM1A;RPA2,1.0
GO_Biological_Process_2021,nucleic acid phosphodiester bond hydrolysis (GO:0090305),3/75,0.28901326857314197,1.6287726038811685,2.02176722270282,PNRC2;RPA2;ZC3H12A,1.0
GO_Biological_Process_2021,regulation of hematopoietic progenitor cell differentiation (GO:1901532),3/75,0.28901326857314197,1.6287726038811685,2.02176722270282,PSMB2;TP73;YTHDF2,1.0
GO_Biological_Process_2021,natural killer cell activation (GO:0030101),2/43,0.29215932402611094,1.9060632402054103,2.345326941311662,PIK3CD;PRDX1,1.0
GO_Biological_Process_2021,positive regulation of neuron differentiation (GO:0045666),2/43,0.29215932402611094,1.9060632402054103,2.345326941311662,HEYL;NBL1,1.0
GO_Biological_Process_2021,DNA-dependent DNA replication maintenance of fidelity (GO:0045005),2/43,0.29215932402611094,1.9060632402054103,2.345326941311662,CENPS;CORT,1.0
GO_Biological_Process_2021,glutathione metabolic process (GO:0006749),2/43,0.29215932402611094,1.9060632402054103,2.345326941311662,MMACHC;PARK7,1.0
GO_Biological_Process_2021,negative regulation of type I interferon production (GO:0032480),2/43,0.29215932402611094,1.9060632402054103,2.345326941311662,GPATCH3;ISG15,1.0
GO_Biological_Process_2021,substantia nigra development (GO:0021762),2/43,0.29215932402611094,1.9060632402054103,2.345326941311662,CDC42;PADI2,1.0
GO_Biological_Process_2021,regulation of epithelial to mesenchymal transition (GO:0010717),3/76,0.295855103938923,1.6063779624967363,1.956384360944117,MAD2L2;MTOR;PDPN,1.0
GO_Biological_Process_2021,regulation of BMP signaling pathway (GO:0030510),3/76,0.295855103938923,1.6063779624967363,1.956384360944117,HES5;NBL1;SKI,1.0
GO_Biological_Process_2021,regulation of cell division (GO:0051302),3/76,0.295855103938923,1.6063779624967363,1.956384360944117,KDF1;KLHL21;PLK3,1.0
GO_Biological_Process_2021,RNA transport (GO:0050658),3/76,0.295855103938923,1.6063779624967363,1.956384360944117,SRRM1;SRSF4;YBX1,1.0
GO_Biological_Process_2021,water-soluble vitamin metabolic process (GO:0006767),3/76,0.295855103938923,1.6063779624967363,1.956384360944117,MMACHC;MTHFR;SLC2A1,1.0
GO_Biological_Process_2021,positive regulation of T-helper cell differentiation (GO:0045624),1/14,0.2985222036721081,3.0040079573730485,3.631578157878574,PRKCZ,1.0
GO_Biological_Process_2021,ceramide transport (GO:0035627),1/14,0.2985222036721081,3.0040079573730485,3.631578157878574,CPTP,1.0
GO_Biological_Process_2021,atrioventricular valve development (GO:0003171),1/14,0.2985222036721081,3.0040079573730485,3.631578157878574,HEYL,1.0
GO_Biological_Process_2021,respiratory electron transport chain (GO:0022904),1/14,0.2985222036721081,3.0040079573730485,3.631578157878574,SDHB,1.0
GO_Biological_Process_2021,cAMP metabolic process (GO:0046058),1/14,0.2985222036721081,3.0040079573730485,3.631578157878574,EPHA2,1.0
GO_Biological_Process_2021,bone morphogenesis (GO:0060349),1/14,0.2985222036721081,3.0040079573730485,3.631578157878574,SKI,1.0
GO_Biological_Process_2021,positive regulation of leukocyte degranulation (GO:0043302),1/14,0.2985222036721081,3.0040079573730485,3.631578157878574,FGR,1.0
GO_Biological_Process_2021,regulation of retinoic acid receptor signaling pathway (GO:0048385),1/14,0.2985222036721081,3.0040079573730485,3.631578157878574,DHRS3,1.0
GO_Biological_Process_2021,vascular endothelial growth factor signaling pathway (GO:0038084),1/14,0.2985222036721081,3.0040079573730485,3.631578157878574,PIK3CD,1.0
GO_Biological_Process_2021,"negative regulation of DNA damage response, signal transduction by p53 class mediator (GO:0043518)",1/14,0.2985222036721081,3.0040079573730485,3.631578157878574,KDM1A,1.0
GO_Biological_Process_2021,low-density lipoprotein particle remodeling (GO:0034374),1/14,0.2985222036721081,3.0040079573730485,3.631578157878574,PLA2G5,1.0
GO_Biological_Process_2021,heart process (GO:0003015),1/14,0.2985222036721081,3.0040079573730485,3.631578157878574,PPCS,1.0
GO_Biological_Process_2021,negative regulation of neuroinflammatory response (GO:0150079),1/14,0.2985222036721081,3.0040079573730485,3.631578157878574,TNFRSF1B,1.0
GO_Biological_Process_2021,polarized epithelial cell differentiation (GO:0030859),1/14,0.2985222036721081,3.0040079573730485,3.631578157878574,CDC42,1.0
GO_Biological_Process_2021,endothelial cell differentiation (GO:0045446),1/14,0.2985222036721081,3.0040079573730485,3.631578157878574,TIE1,1.0
GO_Biological_Process_2021,sequestering of extracellular ligand from receptor (GO:0035581),1/14,0.2985222036721081,3.0040079573730485,3.631578157878574,NBL1,1.0
GO_Biological_Process_2021,positive regulation of transmembrane transport (GO:0034764),1/14,0.2985222036721081,3.0040079573730485,3.631578157878574,AZIN2,1.0
GO_Biological_Process_2021,heterochromatin organization (GO:0070828),1/14,0.2985222036721081,3.0040079573730485,3.631578157878574,HP1BP3,1.0
GO_Biological_Process_2021,positive regulation of potassium ion transmembrane transporter activity (GO:1901018),1/14,0.2985222036721081,3.0040079573730485,3.631578157878574,LRRC38,1.0
GO_Biological_Process_2021,response to chemokine (GO:1990868),1/14,0.2985222036721081,3.0040079573730485,3.631578157878574,ZC3H12A,1.0
GO_Biological_Process_2021,positive regulation of type 2 immune response (GO:0002830),1/14,0.2985222036721081,3.0040079573730485,3.631578157878574,PRKCZ,1.0
GO_Biological_Process_2021,quinone biosynthetic process (GO:1901663),1/14,0.2985222036721081,3.0040079573730485,3.631578157878574,UBIAD1,1.0
GO_Biological_Process_2021,antiviral innate immune response (GO:0140374),1/14,0.2985222036721081,3.0040079573730485,3.631578157878574,ATAD3A,1.0
GO_Biological_Process_2021,protein localization to kinetochore (GO:0034501),1/14,0.2985222036721081,3.0040079573730485,3.631578157878574,RCC2,1.0
GO_Biological_Process_2021,regulation of macrophage cytokine production (GO:0010935),1/14,0.2985222036721081,3.0040079573730485,3.631578157878574,LAPTM5,1.0
GO_Biological_Process_2021,nucleoside phosphate biosynthetic process (GO:1901293),1/14,0.2985222036721081,3.0040079573730485,3.631578157878574,NMNAT1,1.0
GO_Biological_Process_2021,regulation of integrin-mediated signaling pathway (GO:2001044),1/14,0.2985222036721081,3.0040079573730485,3.631578157878574,PHACTR4,1.0
GO_Biological_Process_2021,negative regulation of secretion (GO:0051048),1/14,0.2985222036721081,3.0040079573730485,3.631578157878574,VAMP3,1.0
GO_Biological_Process_2021,regulation of intrinsic apoptotic signaling pathway in response to DNA damage by p53 class mediator (GO:1902165),1/14,0.2985222036721081,3.0040079573730485,3.631578157878574,KDM1A,1.0
GO_Biological_Process_2021,positive regulation of sodium ion transmembrane transporter activity (GO:2000651),1/14,0.2985222036721081,3.0040079573730485,3.631578157878574,SLC9A1,1.0
GO_Biological_Process_2021,regulation of fatty acid beta-oxidation (GO:0031998),1/14,0.2985222036721081,3.0040079573730485,3.631578157878574,MFSD2A,1.0
GO_Biological_Process_2021,positive regulation of brown fat cell differentiation (GO:0090336),1/14,0.2985222036721081,3.0040079573730485,3.631578157878574,FNDC5,1.0
GO_Biological_Process_2021,negative regulation of viral transcription (GO:0032897),1/14,0.2985222036721081,3.0040079573730485,3.631578157878574,TRIM62,1.0
GO_Biological_Process_2021,intestinal absorption (GO:0050892),1/14,0.2985222036721081,3.0040079573730485,3.631578157878574,SLC2A5,1.0
GO_Biological_Process_2021,immune response-regulating cell surface receptor signaling pathway (GO:0002768),1/14,0.2985222036721081,3.0040079573730485,3.631578157878574,FGR,1.0
GO_Biological_Process_2021,regulation of histone methylation (GO:0031060),1/14,0.2985222036721081,3.0040079573730485,3.631578157878574,MTHFR,1.0
GO_Biological_Process_2021,nuclear migration (GO:0007097),1/14,0.2985222036721081,3.0040079573730485,3.631578157878574,TMEM201,1.0
GO_Biological_Process_2021,substrate-dependent cell migration (GO:0006929),1/14,0.2985222036721081,3.0040079573730485,3.631578157878574,EPHA8,1.0
GO_Biological_Process_2021,carbohydrate transport (GO:0008643),1/14,0.2985222036721081,3.0040079573730485,3.631578157878574,SLC2A5,1.0
GO_Biological_Process_2021,cardiolipin metabolic process (GO:0032048),1/14,0.2985222036721081,3.0040079573730485,3.631578157878574,PLA2G5,1.0
GO_Biological_Process_2021,"maturation of LSU-rRNA from tricistronic rRNA transcript (SSU-rRNA, 5.8S rRNA, LSU-rRNA) (GO:0000463)",1/14,0.2985222036721081,3.0040079573730485,3.631578157878574,NOL9,1.0
GO_Biological_Process_2021,positive regulation of long-term synaptic potentiation (GO:1900273),1/14,0.2985222036721081,3.0040079573730485,3.631578157878574,EPHB2,1.0
GO_Biological_Process_2021,positive regulation of macrophage chemotaxis (GO:0010759),1/14,0.2985222036721081,3.0040079573730485,3.631578157878574,AKIRIN1,1.0
GO_Biological_Process_2021,synaptic membrane adhesion (GO:0099560),1/14,0.2985222036721081,3.0040079573730485,3.631578157878574,PTPRF,1.0
GO_Biological_Process_2021,regulation of transcription of nucleolar large rRNA by RNA polymerase I (GO:1901836),1/14,0.2985222036721081,3.0040079573730485,3.631578157878574,MTOR,1.0
GO_Biological_Process_2021,positive regulation of lymphocyte migration (GO:2000403),1/14,0.2985222036721081,3.0040079573730485,3.631578157878574,TNFRSF14,1.0
GO_Biological_Process_2021,cation transmembrane transport (GO:0098655),2/44,0.30144985471497754,1.8605851615296534,2.2311236659436893,ATP13A2;SLC6A9,1.0
GO_Biological_Process_2021,negative regulation of epidermal growth factor receptor signaling pathway (GO:0042059),2/44,0.30144985471497754,1.8605851615296534,2.2311236659436893,CDC42;ERRFI1,1.0
GO_Biological_Process_2021,branching morphogenesis of an epithelial tube (GO:0048754),2/44,0.30144985471497754,1.8605851615296534,2.2311236659436893,EPHA2;TIE1,1.0
GO_Biological_Process_2021,positive regulation of stress fiber assembly (GO:0051496),2/44,0.30144985471497754,1.8605851615296534,2.2311236659436893,ARHGEF10L;CDC42,1.0
GO_Biological_Process_2021,positive regulation of receptor-mediated endocytosis (GO:0048260),2/44,0.30144985471497754,1.8605851615296534,2.2311236659436893,LDLRAP1;PPT1,1.0
GO_Biological_Process_2021,intracellular protein transmembrane transport (GO:0065002),2/44,0.30144985471497754,1.8605851615296534,2.2311236659436893,PEX10;PEX14,1.0
GO_Biological_Process_2021,intracellular steroid hormone receptor signaling pathway (GO:0030518),2/44,0.30144985471497754,1.8605851615296534,2.2311236659436893,ARID1A;PADI2,1.0
GO_Biological_Process_2021,regulation of mRNA stability (GO:0043488),5/146,0.3020113949803461,1.3868471680571028,1.6604589816987696,PSMB2;PUM1;THRAP3;YBX1;YTHDF2,1.0
GO_Biological_Process_2021,cellular response to UV (GO:0034644),3/77,0.30270657297360454,1.5845885816902618,1.8935696463821932,CASP9;KDM1A;NOC2L,1.0
GO_Biological_Process_2021,negative regulation of apoptotic signaling pathway (GO:2001234),3/78,0.30956527302548137,1.563380251038627,1.8331982809244094,NOC2L;PARK7;PINK1,1.0
GO_Biological_Process_2021,neural crest cell development (GO:0014032),2/45,0.3107192082582779,1.8172223423271874,2.1240887597661984,PEF1;PHACTR4,1.0
GO_Biological_Process_2021,regulation of insulin receptor signaling pathway (GO:0046626),2/45,0.3107192082582779,1.8172223423271874,2.1240887597661984,C1QTNF12;PRKCZ,1.0
GO_Biological_Process_2021,chromosome condensation (GO:0030261),2/45,0.3107192082582779,1.8172223423271874,2.1240887597661984,DFFB;PHF13,1.0
GO_Biological_Process_2021,positive regulation of metabolic process (GO:0009893),4/113,0.3129913519674567,1.434669992531254,1.6664835658075083,DISP3;GPR3;KDM1A;MFN2,1.0
GO_Biological_Process_2021,"nuclear-transcribed mRNA catabolic process, nonsense-mediated decay (GO:0000184)",4/113,0.3129913519674567,1.434669992531254,1.6664835658075083,PNRC2;RPL11;RPL22;RPS8,1.0
GO_Biological_Process_2021,regulation of lymphocyte activation (GO:0051249),1/15,0.3160714330408632,2.789292816990983,3.212671309048649,THEMIS2,1.0
GO_Biological_Process_2021,regulation of macrophage differentiation (GO:0045649),1/15,0.3160714330408632,2.789292816990983,3.212671309048649,C1QC,1.0
GO_Biological_Process_2021,T cell proliferation (GO:0042098),1/15,0.3160714330408632,2.789292816990983,3.212671309048649,CTPS1,1.0
GO_Biological_Process_2021,"tRNA splicing, via endonucleolytic cleavage and ligation (GO:0006388)",1/15,0.3160714330408632,2.789292816990983,3.212671309048649,ZBTB8OS,1.0
GO_Biological_Process_2021,cellular response to exogenous dsRNA (GO:0071360),1/15,0.3160714330408632,2.789292816990983,3.212671309048649,MUL1,1.0
GO_Biological_Process_2021,cellular response to arsenic-containing substance (GO:0071243),1/15,0.3160714330408632,2.789292816990983,3.212671309048649,ZC3H12A,1.0
GO_Biological_Process_2021,prostanoid biosynthetic process (GO:0046457),1/15,0.3160714330408632,2.789292816990983,3.212671309048649,PRXL2B,1.0
GO_Biological_Process_2021,cellular sodium ion homeostasis (GO:0006883),1/15,0.3160714330408632,2.789292816990983,3.212671309048649,SLC9A1,1.0
GO_Biological_Process_2021,response to muscle stretch (GO:0035994),1/15,0.3160714330408632,2.789292816990983,3.212671309048649,SLC9A1,1.0
GO_Biological_Process_2021,engulfment of apoptotic cell (GO:0043652),1/15,0.3160714330408632,2.789292816990983,3.212671309048649,XKR8,1.0
GO_Biological_Process_2021,response to ethanol (GO:0045471),1/15,0.3160714330408632,2.789292816990983,3.212671309048649,SDF4,1.0
GO_Biological_Process_2021,response to acidic pH (GO:0010447),1/15,0.3160714330408632,2.789292816990983,3.212671309048649,SLC9A1,1.0
GO_Biological_Process_2021,"RNA phosphodiester bond hydrolysis, endonucleolytic (GO:0090502)",1/15,0.3160714330408632,2.789292816990983,3.212671309048649,ZC3H12A,1.0
GO_Biological_Process_2021,electron transport chain (GO:0022900),1/15,0.3160714330408632,2.789292816990983,3.212671309048649,SDHB,1.0
GO_Biological_Process_2021,establishment of apical/basal cell polarity (GO:0035089),1/15,0.3160714330408632,2.789292816990983,3.212671309048649,CDC42,1.0
GO_Biological_Process_2021,G protein-coupled glutamate receptor signaling pathway (GO:0007216),1/15,0.3160714330408632,2.789292816990983,3.212671309048649,GRIK3,1.0
GO_Biological_Process_2021,icosanoid biosynthetic process (GO:0046456),1/15,0.3160714330408632,2.789292816990983,3.212671309048649,PLA2G5,1.0
GO_Biological_Process_2021,histone mRNA catabolic process (GO:0071044),1/15,0.3160714330408632,2.789292816990983,3.212671309048649,EXOSC10,1.0
GO_Biological_Process_2021,positive regulation of membrane protein ectodomain proteolysis (GO:0051044),1/15,0.3160714330408632,2.789292816990983,3.212671309048649,TNFRSF1B,1.0
GO_Biological_Process_2021,medium-chain fatty acid metabolic process (GO:0051791),1/15,0.3160714330408632,2.789292816990983,3.212671309048649,ACOT7,1.0
GO_Biological_Process_2021,membrane raft organization (GO:0031579),1/15,0.3160714330408632,2.789292816990983,3.212671309048649,PPT1,1.0
GO_Biological_Process_2021,macrophage differentiation (GO:0030225),1/15,0.3160714330408632,2.789292816990983,3.212671309048649,CDC42,1.0
GO_Biological_Process_2021,positive regulation of lyase activity (GO:0051349),1/15,0.3160714330408632,2.789292816990983,3.212671309048649,PARK7,1.0
GO_Biological_Process_2021,mammary gland epithelium development (GO:0061180),1/15,0.3160714330408632,2.789292816990983,3.212671309048649,EPHA2,1.0
GO_Biological_Process_2021,intracellular cholesterol transport (GO:0032367),1/15,0.3160714330408632,2.789292816990983,3.212671309048649,LDLRAP1,1.0
GO_Biological_Process_2021,positive regulation of pattern recognition receptor signaling pathway (GO:0062208),1/15,0.3160714330408632,2.789292816990983,3.212671309048649,PUM1,1.0
GO_Biological_Process_2021,histone H4-K8 acetylation (GO:0043982),1/15,0.3160714330408632,2.789292816990983,3.212671309048649,MEAF6,1.0
GO_Biological_Process_2021,histone H4-K5 acetylation (GO:0043981),1/15,0.3160714330408632,2.789292816990983,3.212671309048649,MEAF6,1.0
GO_Biological_Process_2021,regulation of triglyceride biosynthetic process (GO:0010866),1/15,0.3160714330408632,2.789292816990983,3.212671309048649,MFSD2A,1.0
GO_Biological_Process_2021,microvillus assembly (GO:0030033),1/15,0.3160714330408632,2.789292816990983,3.212671309048649,ESPN,1.0
GO_Biological_Process_2021,mitochondrial RNA metabolic process (GO:0000959),1/15,0.3160714330408632,2.789292816990983,3.212671309048649,SLC25A33,1.0
GO_Biological_Process_2021,regulation of integrin activation (GO:0033623),1/15,0.3160714330408632,2.789292816990983,3.212671309048649,FBLIM1,1.0
GO_Biological_Process_2021,"phototransduction, visible light (GO:0007603)",1/15,0.3160714330408632,2.789292816990983,3.212671309048649,GNB1,1.0
GO_Biological_Process_2021,ubiquinone biosynthetic process (GO:0006744),1/15,0.3160714330408632,2.789292816990983,3.212671309048649,UBIAD1,1.0
GO_Biological_Process_2021,androgen receptor signaling pathway (GO:0030521),1/15,0.3160714330408632,2.789292816990983,3.212671309048649,ARID1A,1.0
GO_Biological_Process_2021,acetyl-CoA metabolic process (GO:0006084),1/15,0.3160714330408632,2.789292816990983,3.212671309048649,PPCS,1.0
GO_Biological_Process_2021,ubiquinone metabolic process (GO:0006743),1/15,0.3160714330408632,2.789292816990983,3.212671309048649,UBIAD1,1.0
GO_Biological_Process_2021,positive regulation of acute inflammatory response (GO:0002675),1/15,0.3160714330408632,2.789292816990983,3.212671309048649,PARK7,1.0
GO_Biological_Process_2021,negative regulation of endoplasmic reticulum stress-induced intrinsic apoptotic signaling pathway (GO:1902236),1/15,0.3160714330408632,2.789292816990983,3.212671309048649,PARK7,1.0
GO_Biological_Process_2021,regulation of extracellular matrix disassembly (GO:0010715),1/15,0.3160714330408632,2.789292816990983,3.212671309048649,PDPN,1.0
GO_Biological_Process_2021,modulation by host of viral genome replication (GO:0044827),1/15,0.3160714330408632,2.789292816990983,3.212671309048649,ZC3H12A,1.0
GO_Biological_Process_2021,photoreceptor cell development (GO:0042461),1/15,0.3160714330408632,2.789292816990983,3.212671309048649,MFSD2A,1.0
GO_Biological_Process_2021,negative regulation of leukocyte activation (GO:0002695),1/15,0.3160714330408632,2.789292816990983,3.212671309048649,ZC3H12A,1.0
GO_Biological_Process_2021,positive regulation of exosomal secretion (GO:1903543),1/15,0.3160714330408632,2.789292816990983,3.212671309048649,ATP13A2,1.0
GO_Biological_Process_2021,mRNA 3'-end processing (GO:0031124),3/79,0.31642885638452917,1.5427300343515085,1.7751528740454303,SRRM1;SRSF4;SSU72,1.0
GO_Biological_Process_2021,positive regulation of proteasomal ubiquitin-dependent protein catabolic process (GO:0032436),3/79,0.31642885638452917,1.5427300343515085,1.7751528740454303,DVL1;PLK3;RNF19B,1.0
GO_Biological_Process_2021,positive regulation of ubiquitin-dependent protein catabolic process (GO:2000060),3/79,0.31642885638452917,1.5427300343515085,1.7751528740454303,DVL1;LAPTM5;RNF19B,1.0
GO_Biological_Process_2021,alpha-amino acid metabolic process (GO:1901605),2/46,0.3199626440970285,1.775830560361197,2.0236495391918026,MTHFR;RIMKLA,1.0
GO_Biological_Process_2021,"regulation of synaptic transmission, glutamatergic (GO:0051966)",2/46,0.3199626440970285,1.775830560361197,2.0236495391918026,GRIK3;TPRG1L,1.0
GO_Biological_Process_2021,spliceosomal complex assembly (GO:0000245),2/46,0.3199626440970285,1.775830560361197,2.0236495391918026,SF3A3;SRSF10,1.0
GO_Biological_Process_2021,positive regulation of gene expression (GO:0010628),14/482,0.3211782042759111,1.1714677405716074,1.3305052127642107,AGO1;AGO3;AGO4;ATP13A2;CAMK2N1;EPHB2;FGR;MTOR;PARK7;PIK3CD;POU3F1;RNF207;RPL11;ZC3H12A,1.0
GO_Biological_Process_2021,brain development (GO:0007420),5/150,0.3216198915414411,1.3483106665963014,1.5295032496155005,HES5;HSPG2;KLHL17;MFSD2A;PPT1,1.0
GO_Biological_Process_2021,regulation of cytokine production (GO:0001817),5/150,0.3216198915414411,1.3483106665963014,1.5295032496155005,ERMAP;FGR;ISG15;PIK3CD;TNFRSF1B,1.0
GO_Biological_Process_2021,negative regulation of extrinsic apoptotic signaling pathway (GO:2001237),3/80,0.3232950305061574,1.5226161869289905,1.719322919621775,EYA3;IFI6;PARK7,1.0
GO_Biological_Process_2021,protein modification by small protein conjugation (GO:0032446),12/409,0.3269506204798478,1.1832390233231878,1.322797483669655,FBXO2;ISG15;KLHL21;MIB2;MUL1;PEX10;PEX14;PINK1;RNF220;SPSB1;TRIM62;UBE2J2,1.0
GO_Biological_Process_2021,regulation of T cell activation (GO:0050863),2/47,0.3291756709846721,1.7362784131492508,1.9292895741887623,LAPTM5;TNFRSF1B,1.0
GO_Biological_Process_2021,polyol metabolic process (GO:0019751),2/47,0.3291756709846721,1.7362784131492508,1.9292895741887623,INPP5B;PLCH2,1.0
GO_Biological_Process_2021,regulation of synapse assembly (GO:0051963),2/47,0.3291756709846721,1.7362784131492508,1.9292895741887623,CLSTN1;EPHB2,1.0
GO_Biological_Process_2021,histone deacetylation (GO:0016575),2/47,0.3291756709846721,1.7362784131492508,1.9292895741887623,HDAC1;SFPQ,1.0
GO_Biological_Process_2021,regulation of DNA binding (GO:0051101),2/47,0.3291756709846721,1.7362784131492508,1.9292895741887623,KDM1A;SKI,1.0
GO_Biological_Process_2021,regulation of wound healing (GO:0061041),2/47,0.3291756709846721,1.7362784131492508,1.9292895741887623,AJAP1;EPHB2,1.0
GO_Biological_Process_2021,activation of cysteine-type endopeptidase activity involved in apoptotic process (GO:0006919),3/81,0.3301615581533817,1.5030180791839733,1.6656043156294977,CASP9;LAPTM5;MUL1,1.0
GO_Biological_Process_2021,regulation of amyloid-beta clearance (GO:1900221),1/16,0.33318248050043636,2.6032063619931924,2.8610928690484387,HDAC1,1.0
GO_Biological_Process_2021,odontogenesis of dentin-containing tooth (GO:0042475),1/16,0.33318248050043636,2.6032063619931924,2.8610928690484387,HDAC1,1.0
GO_Biological_Process_2021,negative regulation of histone modification (GO:0031057),1/16,0.33318248050043636,2.6032063619931924,2.8610928690484387,NOC2L,1.0
GO_Biological_Process_2021,sphingolipid catabolic process (GO:0030149),1/16,0.33318248050043636,2.6032063619931924,2.8610928690484387,PPT1,1.0
GO_Biological_Process_2021,regulation of activin receptor signaling pathway (GO:0032925),1/16,0.33318248050043636,2.6032063619931924,2.8610928690484387,SKI,1.0
GO_Biological_Process_2021,"RNA splicing, via endonucleolytic cleavage and ligation (GO:0000394)",1/16,0.33318248050043636,2.6032063619931924,2.8610928690484387,ZBTB8OS,1.0
GO_Biological_Process_2021,positive regulation of small molecule metabolic process (GO:0062013),1/16,0.33318248050043636,2.6032063619931924,2.8610928690484387,LDLRAP1,1.0
GO_Biological_Process_2021,regulation of mast cell degranulation (GO:0043304),1/16,0.33318248050043636,2.6032063619931924,2.8610928690484387,FGR,1.0
GO_Biological_Process_2021,negative regulation of macrophage activation (GO:0043031),1/16,0.33318248050043636,2.6032063619931924,2.8610928690484387,ZC3H12A,1.0
GO_Biological_Process_2021,regulation of systemic arterial blood pressure (GO:0003073),1/16,0.33318248050043636,2.6032063619931924,2.8610928690484387,SLC2A5,1.0
GO_Biological_Process_2021,positive regulation of myeloid leukocyte cytokine production involved in immune response (GO:0061081),1/16,0.33318248050043636,2.6032063619931924,2.8610928690484387,LAPTM5,1.0
GO_Biological_Process_2021,glutamine family amino acid catabolic process (GO:0009065),1/16,0.33318248050043636,2.6032063619931924,2.8610928690484387,ALDH4A1,1.0
GO_Biological_Process_2021,regulation of interleukin-13 production (GO:0032656),1/16,0.33318248050043636,2.6032063619931924,2.8610928690484387,PRKCZ,1.0
GO_Biological_Process_2021,regulation of monocyte differentiation (GO:0045655),1/16,0.33318248050043636,2.6032063619931924,2.8610928690484387,CTNNBIP1,1.0
GO_Biological_Process_2021,regulation of isotype switching (GO:0045191),1/16,0.33318248050043636,2.6032063619931924,2.8610928690484387,MAD2L2,1.0
GO_Biological_Process_2021,regulation of rRNA processing (GO:2000232),1/16,0.33318248050043636,2.6032063619931924,2.8610928690484387,YTHDF2,1.0
GO_Biological_Process_2021,regulation of systemic arterial blood pressure by hormone (GO:0001990),1/16,0.33318248050043636,2.6032063619931924,2.8610928690484387,ECE1,1.0
GO_Biological_Process_2021,late endosome to vacuole transport via multivesicular body sorting pathway (GO:0032511),1/16,0.33318248050043636,2.6032063619931924,2.8610928690484387,TMEM50A,1.0
GO_Biological_Process_2021,epiboly involved in wound healing (GO:0090505),1/16,0.33318248050043636,2.6032063619931924,2.8610928690484387,PDPN,1.0
GO_Biological_Process_2021,negative regulation of focal adhesion assembly (GO:0051895),1/16,0.33318248050043636,2.6032063619931924,2.8610928690484387,RCC2,1.0
GO_Biological_Process_2021,regulation of ERBB signaling pathway (GO:1901184),1/16,0.33318248050043636,2.6032063619931924,2.8610928690484387,IFI6,1.0
GO_Biological_Process_2021,negative regulation of cell-substrate junction organization (GO:0150118),1/16,0.33318248050043636,2.6032063619931924,2.8610928690484387,RCC2,1.0
GO_Biological_Process_2021,positive regulation of immunoglobulin mediated immune response (GO:0002891),1/16,0.33318248050043636,2.6032063619931924,2.8610928690484387,MAD2L2,1.0
GO_Biological_Process_2021,positive regulation of isotype switching (GO:0045830),1/16,0.33318248050043636,2.6032063619931924,2.8610928690484387,MAD2L2,1.0
GO_Biological_Process_2021,positive regulation of double-strand break repair via nonhomologous end joining (GO:2001034),1/16,0.33318248050043636,2.6032063619931924,2.8610928690484387,MAD2L2,1.0
GO_Biological_Process_2021,regulation of fatty acid oxidation (GO:0046320),1/16,0.33318248050043636,2.6032063619931924,2.8610928690484387,FABP3,1.0
GO_Biological_Process_2021,regulation of hormone secretion (GO:0046883),1/16,0.33318248050043636,2.6032063619931924,2.8610928690484387,VAMP3,1.0
GO_Biological_Process_2021,male meiosis I (GO:0007141),1/16,0.33318248050043636,2.6032063619931924,2.8610928690484387,FOXJ3,1.0
GO_Biological_Process_2021,regulation of interleukin-10 production (GO:0032653),2/48,0.3383540375271971,1.6984459245117371,1.8405421284515324,ISG15;PRKCZ,1.0
GO_Biological_Process_2021,myelination (GO:0042552),2/48,0.3383540375271971,1.6984459245117371,1.8405421284515324,HES5;SKI,1.0
GO_Biological_Process_2021,establishment of protein localization to mitochondrion (GO:0072655),2/48,0.3383540375271971,1.6984459245117371,1.8405421284515324,MFN2;PINK1,1.0
GO_Biological_Process_2021,base-excision repair (GO:0006284),2/48,0.3383540375271971,1.6984459245117371,1.8405421284515324,MUTYH;RPA2,1.0
GO_Biological_Process_2021,inositol phosphate metabolic process (GO:0043647),2/48,0.3383540375271971,1.6984459245117371,1.8405421284515324,INPP5B;PLCH2,1.0
GO_Biological_Process_2021,regulation of cellular response to stress (GO:0080135),4/118,0.34136174105329636,1.3713921632111796,1.4739894939641254,CASP9;MTOR;PINK1;RPA2,1.0
GO_Biological_Process_2021,epidermis development (GO:0008544),3/83,0.34388700193503796,1.4652917217748147,1.5641141580567968,HDAC1;PLOD1;YBX1,1.0
GO_Biological_Process_2021,glycoprotein biosynthetic process (GO:0009101),3/83,0.34388700193503796,1.4652917217748147,1.5641141580567968,B3GALT6;DDOST;ST3GAL3,1.0
GO_Biological_Process_2021,regulation of defense response (GO:0031347),3/83,0.34388700193503796,1.4652917217748147,1.5641141580567968,FGR;PARK7;ZMPSTE24,1.0
GO_Biological_Process_2021,inner mitochondrial membrane organization (GO:0007007),2/49,0.34749372303889053,1.6622233290077344,1.7569844824346101,DNAJC11;MICOS10,1.0
GO_Biological_Process_2021,regulation of smooth muscle cell proliferation (GO:0048660),2/49,0.34749372303889053,1.6622233290077344,1.7569844824346101,HES5;MFN2,1.0
GO_Biological_Process_2021,negative regulation of catabolic process (GO:0009895),2/49,0.34749372303889053,1.6622233290077344,1.7569844824346101,AZIN2;MAD2L2,1.0
GO_Biological_Process_2021,vasculature development (GO:0001944),1/17,0.349866265515938,2.440380713870126,2.5628983096864224,ERRFI1,1.0
GO_Biological_Process_2021,pulmonary valve morphogenesis (GO:0003184),1/17,0.349866265515938,2.440380713870126,2.5628983096864224,HEYL,1.0
GO_Biological_Process_2021,negative regulation of intrinsic apoptotic signaling pathway by p53 class mediator (GO:1902254),1/17,0.349866265515938,2.440380713870126,2.5628983096864224,KDM1A,1.0
GO_Biological_Process_2021,negative regulation of insulin secretion (GO:0046676),1/17,0.349866265515938,2.440380713870126,2.5628983096864224,BMP8A,1.0
GO_Biological_Process_2021,negative regulation of execution phase of apoptosis (GO:1900118),1/17,0.349866265515938,2.440380713870126,2.5628983096864224,DFFA,1.0
GO_Biological_Process_2021,cell surface receptor signaling pathway involved in heart development (GO:0061311),1/17,0.349866265515938,2.440380713870126,2.5628983096864224,HEYL,1.0
GO_Biological_Process_2021,negative regulation of chemokine production (GO:0032682),1/17,0.349866265515938,2.440380713870126,2.5628983096864224,MUL1,1.0
GO_Biological_Process_2021,negative regulation of fatty acid metabolic process (GO:0045922),1/17,0.349866265515938,2.440380713870126,2.5628983096864224,WDTC1,1.0
GO_Biological_Process_2021,cellular biogenic amine biosynthetic process (GO:0042401),1/17,0.349866265515938,2.440380713870126,2.5628983096864224,SRM,1.0
GO_Biological_Process_2021,cellular modified amino acid catabolic process (GO:0042219),1/17,0.349866265515938,2.440380713870126,2.5628983096864224,ALDH4A1,1.0
GO_Biological_Process_2021,tail-anchored membrane protein insertion into ER membrane (GO:0071816),1/17,0.349866265515938,2.440380713870126,2.5628983096864224,EMC1,1.0
GO_Biological_Process_2021,regulation of NLRP3 inflammasome complex assembly (GO:1900225),1/17,0.349866265515938,2.440380713870126,2.5628983096864224,CPTP,1.0
GO_Biological_Process_2021,cellular response to fatty acid (GO:0071398),1/17,0.349866265515938,2.440380713870126,2.5628983096864224,ZC3H12A,1.0
GO_Biological_Process_2021,cellular response to gamma radiation (GO:0071480),1/17,0.349866265515938,2.440380713870126,2.5628983096864224,KDM1A,1.0
GO_Biological_Process_2021,negative regulation of ATPase activity (GO:0032780),1/17,0.349866265515938,2.440380713870126,2.5628983096864224,ATP5IF1,1.0
GO_Biological_Process_2021,stem cell development (GO:0048864),1/17,0.349866265515938,2.440380713870126,2.5628983096864224,PEF1,1.0
GO_Biological_Process_2021,positive regulation of transcription of Notch receptor target (GO:0007221),1/17,0.349866265515938,2.440380713870126,2.5628983096864224,HEYL,1.0
GO_Biological_Process_2021,regulation of leukocyte migration (GO:0002685),1/17,0.349866265515938,2.440380713870126,2.5628983096864224,TNFRSF18,1.0
GO_Biological_Process_2021,regulation of metal ion transport (GO:0010959),1/17,0.349866265515938,2.440380713870126,2.5628983096864224,EPB41,1.0
GO_Biological_Process_2021,negative regulation of cell aging (GO:0090344),1/17,0.349866265515938,2.440380713870126,2.5628983096864224,YBX1,1.0
GO_Biological_Process_2021,preassembly of GPI anchor in ER membrane (GO:0016254),1/17,0.349866265515938,2.440380713870126,2.5628983096864224,PIGV,1.0
GO_Biological_Process_2021,modified amino acid transport (GO:0072337),1/17,0.349866265515938,2.440380713870126,2.5628983096864224,PDPN,1.0
GO_Biological_Process_2021,snRNA metabolic process (GO:0016073),1/17,0.349866265515938,2.440380713870126,2.5628983096864224,INTS11,1.0
GO_Biological_Process_2021,regulation of Arp2/3 complex-mediated actin nucleation (GO:0034315),1/17,0.349866265515938,2.440380713870126,2.5628983096864224,WASF2,1.0
GO_Biological_Process_2021,regulation of cellular respiration (GO:0043457),1/17,0.349866265515938,2.440380713870126,2.5628983096864224,IFNLR1,1.0
GO_Biological_Process_2021,positive regulation of muscle hypertrophy (GO:0014742),1/17,0.349866265515938,2.440380713870126,2.5628983096864224,SLC9A1,1.0
GO_Biological_Process_2021,dolichol-linked oligosaccharide biosynthetic process (GO:0006488),1/17,0.349866265515938,2.440380713870126,2.5628983096864224,DHDDS,1.0
GO_Biological_Process_2021,positive regulation of stem cell proliferation (GO:2000648),1/17,0.349866265515938,2.440380713870126,2.5628983096864224,KDM1A,1.0
GO_Biological_Process_2021,regulation of neuroblast proliferation (GO:1902692),1/17,0.349866265515938,2.440380713870126,2.5628983096864224,KDM1A,1.0
GO_Biological_Process_2021,mesenchyme morphogenesis (GO:0072132),1/17,0.349866265515938,2.440380713870126,2.5628983096864224,HEYL,1.0
GO_Biological_Process_2021,vascular transport (GO:0010232),3/84,0.35074172036586365,1.4471271793185532,1.5161626213307282,MFSD2A;SLC2A1;SLC6A9,1.0
GO_Biological_Process_2021,regulation of cytokinesis (GO:0032465),3/84,0.35074172036586365,1.4471271793185532,1.5161626213307282,CDC42;KLHL21;PLK3,1.0
GO_Biological_Process_2021,negative regulation of ERK1 and ERK2 cascade (GO:0070373),2/50,0.3565909287039041,1.6275100083163987,1.6782330050455265,CAMK2N1;EPHB2,1.0
GO_Biological_Process_2021,ribosome assembly (GO:0042255),2/50,0.3565909287039041,1.6275100083163987,1.6782330050455265,MRPL20;RPL11,1.0
GO_Biological_Process_2021,regulation of cellular component movement (GO:0051270),2/50,0.3565909287039041,1.6275100083163987,1.6782330050455265,PDPN;ZSWIM5,1.0
GO_Biological_Process_2021,cellular response to tumor necrosis factor (GO:0071356),6/194,0.3572421936956375,1.2476526586529095,1.2842604264592625,PSMB2;TNFRSF14;TNFRSF18;TNFRSF1B;TNFRSF25;ZC3H12A,1.0
GO_Biological_Process_2021,G1/S transition of mitotic cell cycle (GO:0000082),3/85,0.35758839670250764,1.429405674483176,1.4699617498632123,KHDRBS1;PLK3;RCC1,1.0
GO_Biological_Process_2021,"Wnt signaling pathway, planar cell polarity pathway (GO:0060071)",3/85,0.35758839670250764,1.429405674483176,1.4699617498632123,CDC42;DVL1;PSMB2,1.0
GO_Biological_Process_2021,B cell activation (GO:0042113),3/85,0.35758839670250764,1.429405674483176,1.4699617498632123,CTPS1;EPHB2;PIK3CD,1.0
GO_Biological_Process_2021,epithelium development (GO:0060429),4/122,0.36411625255925256,1.3246309198492263,1.3382508904378467,DVL1;ERRFI1;HES5;MFSD2A,1.0
GO_Biological_Process_2021,potassium ion transport (GO:0006813),4/122,0.36411625255925256,1.3246309198492263,1.3382508904378467,KCNAB2;KCNQ4;LRRC38;SLC9A1,1.0
GO_Biological_Process_2021,regulation of mRNA catabolic process (GO:0061013),4/122,0.36411625255925256,1.3246309198492263,1.3382508904378467,PSMB2;PUM1;YTHDF2;ZC3H12A,1.0
GO_Biological_Process_2021,regulation of interferon-gamma production (GO:0032649),3/86,0.3644250698488744,1.4121111938606994,1.425433500413915,ISG15;LAPTM5;ZC3H12A,1.0
GO_Biological_Process_2021,transport across blood-brain barrier (GO:0150104),3/86,0.3644250698488744,1.4121111938606994,1.425433500413915,MFSD2A;SLC2A1;SLC6A9,1.0
GO_Biological_Process_2021,positive regulation of fat cell differentiation (GO:0045600),2/51,0.3656420690341105,1.5942135578573622,1.6039388624523758,FNDC5;ZC3H12A,1.0
GO_Biological_Process_2021,cholesterol transport (GO:0030301),2/51,0.3656420690341105,1.5942135578573622,1.6039388624523758,LDLRAP1;STX12,1.0
GO_Biological_Process_2021,inositol lipid-mediated signaling (GO:0048017),2/51,0.3656420690341105,1.5942135578573622,1.6039388624523758,PIK3CD;PLCH2,1.0
GO_Biological_Process_2021,positive regulation of actin filament bundle assembly (GO:0032233),2/51,0.3656420690341105,1.5942135578573622,1.6039388624523758,ARHGEF10L;CDC42,1.0
GO_Biological_Process_2021,negative regulation of peptide hormone secretion (GO:0090278),1/18,0.36613343597292797,2.296711024349773,2.307637472852902,BMP8A,1.0
GO_Biological_Process_2021,negative regulation of biosynthetic process (GO:0009890),1/18,0.36613343597292797,2.296711024349773,2.307637472852902,PARK7,1.0
GO_Biological_Process_2021,cellular response to dsRNA (GO:0071359),1/18,0.36613343597292797,2.296711024349773,2.307637472852902,MUL1,1.0
GO_Biological_Process_2021,regulation of production of miRNAs involved in gene silencing by miRNA (GO:1903798),1/18,0.36613343597292797,2.296711024349773,2.307637472852902,ZC3H12A,1.0
GO_Biological_Process_2021,negative regulation of leukocyte cell-cell adhesion (GO:1903038),1/18,0.36613343597292797,2.296711024349773,2.307637472852902,LAPTM5,1.0
GO_Biological_Process_2021,negative regulation of lipid catabolic process (GO:0050995),1/18,0.36613343597292797,2.296711024349773,2.307637472852902,MFSD2A,1.0
GO_Biological_Process_2021,"synaptic transmission, glutamatergic (GO:0035249)",1/18,0.36613343597292797,2.296711024349773,2.307637472852902,GRIK3,1.0
GO_Biological_Process_2021,regulation of fatty acid metabolic process (GO:0019217),1/18,0.36613343597292797,2.296711024349773,2.307637472852902,FABP3,1.0
GO_Biological_Process_2021,rRNA catabolic process (GO:0016075),1/18,0.36613343597292797,2.296711024349773,2.307637472852902,EXOSC10,1.0
GO_Biological_Process_2021,presynapse assembly (GO:0099054),1/18,0.36613343597292797,2.296711024349773,2.307637472852902,DVL1,1.0
GO_Biological_Process_2021,chromatin disassembly (GO:0031498),1/18,0.36613343597292797,2.296711024349773,2.307637472852902,ARID1A,1.0
GO_Biological_Process_2021,positive regulation of glial cell differentiation (GO:0045687),1/18,0.36613343597292797,2.296711024349773,2.307637472852902,TNFRSF1B,1.0
GO_Biological_Process_2021,negative regulation of fibroblast proliferation (GO:0048147),1/18,0.36613343597292797,2.296711024349773,2.307637472852902,SKI,1.0
GO_Biological_Process_2021,regulation of platelet aggregation (GO:0090330),1/18,0.36613343597292797,2.296711024349773,2.307637472852902,PDPN,1.0
GO_Biological_Process_2021,regulation of oxidative stress-induced intrinsic apoptotic signaling pathway (GO:1902175),1/18,0.36613343597292797,2.296711024349773,2.307637472852902,SFPQ,1.0
GO_Biological_Process_2021,amyloid precursor protein metabolic process (GO:0042982),1/18,0.36613343597292797,2.296711024349773,2.307637472852902,LDLRAP1,1.0
GO_Biological_Process_2021,cellular response to pH (GO:0071467),1/18,0.36613343597292797,2.296711024349773,2.307637472852902,SLC9A1,1.0
GO_Biological_Process_2021,mitochondrial fusion (GO:0008053),1/18,0.36613343597292797,2.296711024349773,2.307637472852902,MFN2,1.0
GO_Biological_Process_2021,positive regulation of extracellular matrix organization (GO:1903055),1/18,0.36613343597292797,2.296711024349773,2.307637472852902,PDPN,1.0
GO_Biological_Process_2021,cellular response to zinc ion (GO:0071294),1/18,0.36613343597292797,2.296711024349773,2.307637472852902,ATP13A2,1.0
GO_Biological_Process_2021,regulation of chromosome segregation (GO:0051983),1/18,0.36613343597292797,2.296711024349773,2.307637472852902,PUM1,1.0
GO_Biological_Process_2021,positive regulation of macrophage derived foam cell differentiation (GO:0010744),1/18,0.36613343597292797,2.296711024349773,2.307637472852902,PLA2G5,1.0
GO_Biological_Process_2021,long-chain fatty-acyl-CoA biosynthetic process (GO:0035338),1/18,0.36613343597292797,2.296711024349773,2.307637472852902,ELOVL1,1.0
GO_Biological_Process_2021,regulation of brown fat cell differentiation (GO:0090335),1/18,0.36613343597292797,2.296711024349773,2.307637472852902,FNDC5,1.0
GO_Biological_Process_2021,"positive regulation of mRNA splicing, via spliceosome (GO:0048026)",1/18,0.36613343597292797,2.296711024349773,2.307637472852902,THRAP3,1.0
GO_Biological_Process_2021,negative regulation of Rho protein signal transduction (GO:0035024),1/18,0.36613343597292797,2.296711024349773,2.307637472852902,STMN1,1.0
GO_Biological_Process_2021,microtubule depolymerization (GO:0007019),1/18,0.36613343597292797,2.296711024349773,2.307637472852902,STMN1,1.0
GO_Biological_Process_2021,positive regulation of interleukin-4 production (GO:0032753),1/18,0.36613343597292797,2.296711024349773,2.307637472852902,PRKCZ,1.0
GO_Biological_Process_2021,sodium ion import across plasma membrane (GO:0098719),1/18,0.36613343597292797,2.296711024349773,2.307637472852902,SLC9A1,1.0
GO_Biological_Process_2021,regulation of multicellular organism growth (GO:0040014),1/18,0.36613343597292797,2.296711024349773,2.307637472852902,MFSD2A,1.0
GO_Biological_Process_2021,regulation of delayed rectifier potassium channel activity (GO:1902259),1/18,0.36613343597292797,2.296711024349773,2.307637472852902,RNF207,1.0
GO_Biological_Process_2021,positive regulation of excitatory postsynaptic potential (GO:2000463),1/18,0.36613343597292797,2.296711024349773,2.307637472852902,PRKCZ,1.0
GO_Biological_Process_2021,T cell migration (GO:0072678),1/18,0.36613343597292797,2.296711024349773,2.307637472852902,PIK3CD,1.0
GO_Biological_Process_2021,positive regulation of cardiac muscle hypertrophy (GO:0010613),1/18,0.36613343597292797,2.296711024349773,2.307637472852902,SLC9A1,1.0
GO_Biological_Process_2021,"alternative mRNA splicing, via spliceosome (GO:0000380)",1/18,0.36613343597292797,2.296711024349773,2.307637472852902,SFPQ,1.0
GO_Biological_Process_2021,negative regulation of double-strand break repair via homologous recombination (GO:2000042),1/18,0.36613343597292797,2.296711024349773,2.307637472852902,MAD2L2,1.0
GO_Biological_Process_2021,fluid transport (GO:0042044),1/18,0.36613343597292797,2.296711024349773,2.307637472852902,PDPN,1.0
GO_Biological_Process_2021,nucleosome disassembly (GO:0006337),1/18,0.36613343597292797,2.296711024349773,2.307637472852902,ARID1A,1.0
GO_Biological_Process_2021,nucleotide biosynthetic process (GO:0009165),1/18,0.36613343597292797,2.296711024349773,2.307637472852902,NMNAT1,1.0
GO_Biological_Process_2021,regulation of mitochondrial outer membrane permeabilization involved in apoptotic signaling pathway (GO:1901028),1/18,0.36613343597292797,2.296711024349773,2.307637472852902,MUL1,1.0
GO_Biological_Process_2021,release of cytochrome c from mitochondria (GO:0001836),1/18,0.36613343597292797,2.296711024349773,2.307637472852902,IFI6,1.0
GO_Biological_Process_2021,regulation of telomerase RNA localization to Cajal body (GO:1904872),1/18,0.36613343597292797,2.296711024349773,2.307637472852902,EXOSC10,1.0
GO_Biological_Process_2021,positive regulation of nervous system process (GO:0031646),1/18,0.36613343597292797,2.296711024349773,2.307637472852902,TNFRSF1B,1.0
GO_Biological_Process_2021,hyaluronan catabolic process (GO:0030214),1/18,0.36613343597292797,2.296711024349773,2.307637472852902,SLC9A1,1.0
GO_Biological_Process_2021,phosphatidylinositol acyl-chain remodeling (GO:0036149),1/18,0.36613343597292797,2.296711024349773,2.307637472852902,PLA2G5,1.0
GO_Biological_Process_2021,negative regulation of signal transduction by p53 class mediator (GO:1901797),1/18,0.36613343597292797,2.296711024349773,2.307637472852902,KDM1A,1.0
GO_Biological_Process_2021,positive regulation of phosphoprotein phosphatase activity (GO:0032516),1/18,0.36613343597292797,2.296711024349773,2.307637472852902,MTOR,1.0
GO_Biological_Process_2021,phosphatidylglycerol acyl-chain remodeling (GO:0036148),1/18,0.36613343597292797,2.296711024349773,2.307637472852902,PLA2G5,1.0
GO_Biological_Process_2021,3'-UTR-mediated mRNA stabilization (GO:0070935),1/18,0.36613343597292797,2.296711024349773,2.307637472852902,TARDBP,1.0
GO_Biological_Process_2021,water transport (GO:0006833),1/18,0.36613343597292797,2.296711024349773,2.307637472852902,PDPN,1.0
GO_Biological_Process_2021,protein autophosphorylation (GO:0046777),5/159,0.36616574705604077,1.268922971216826,1.2748478102164047,ATP13A2;EPHA8;FGR;MTOR;PINK1,1.0
GO_Biological_Process_2021,regulation of anatomical structure morphogenesis (GO:0022603),4/123,0.3698026080099562,1.3134317985398511,1.3065834437368586,CAPZB;EPHA2;ZMYM4;ZMYM6,1.0
GO_Biological_Process_2021,protein targeting to membrane (GO:0006612),3/87,0.3712498334116808,1.3952284865863773,1.382504055232657,ICMT;PEX14;ZDHHC18,1.0
GO_Biological_Process_2021,sodium ion transmembrane transport (GO:0035725),3/87,0.3712498334116808,1.3952284865863773,1.382504055232657,SCNN1D;SLC6A9;SLC9A1,1.0
GO_Biological_Process_2021,regulation of intrinsic apoptotic signaling pathway (GO:2001242),2/52,0.3746437636139939,1.5622489654166871,1.5337842709269836,NOC2L;PINK1,1.0
GO_Biological_Process_2021,glycolipid metabolic process (GO:0006664),2/52,0.3746437636139939,1.5622489654166871,1.5337842709269836,CPTP;FUCA1,1.0
GO_Biological_Process_2021,positive regulation of developmental growth (GO:0048639),2/52,0.3746437636139939,1.5622489654166871,1.5337842709269836,AGRN;MACF1,1.0
GO_Biological_Process_2021,negative regulation of BMP signaling pathway (GO:0030514),2/52,0.3746437636139939,1.5622489654166871,1.5337842709269836,NBL1;SKI,1.0
GO_Biological_Process_2021,negative regulation of protein metabolic process (GO:0051248),2/52,0.3746437636139939,1.5622489654166871,1.5337842709269836,AZIN2;MAD2L2,1.0
GO_Biological_Process_2021,negative regulation of intracellular signal transduction (GO:1902532),6/198,0.37507765904990936,1.221406858498849,1.197738660709043,EPHA2;MUL1;NOC2L;OTUD3;PINK1;ZC3H12A,1.0
GO_Biological_Process_2021,regulation of establishment of planar polarity (GO:0090175),3/88,0.3780608353951241,1.3787430194832155,1.3411035502914328,CDC42;DVL1;PSMB2,1.0
GO_Biological_Process_2021,peptide biosynthetic process (GO:0043043),5/162,0.3810636208770347,1.2444830225331232,1.2006634485246577,MRPS15;PABPC4;RPL11;RPL22;RPS8,1.0
GO_Biological_Process_2021,protein targeting (GO:0006605),4/125,0.38116432040044457,1.2915888842504908,1.2457693936240557,ICMT;MFN2;RPL11;ZDHHC18,1.0
GO_Biological_Process_2021,DNA methylation or demethylation (GO:0044728),1/19,0.3819943749186558,2.169004633665015,2.08734029875525,DMAP1,1.0
GO_Biological_Process_2021,neural crest cell differentiation (GO:0014033),1/19,0.3819943749186558,2.169004633665015,2.08734029875525,PEF1,1.0
GO_Biological_Process_2021,positive regulation of triglyceride metabolic process (GO:0090208),1/19,0.3819943749186558,2.169004633665015,2.08734029875525,MFSD2A,1.0
GO_Biological_Process_2021,regulation of epithelial cell differentiation (GO:0030856),1/19,0.3819943749186558,2.169004633665015,2.08734029875525,AJAP1,1.0
GO_Biological_Process_2021,striated muscle cell differentiation (GO:0051146),1/19,0.3819943749186558,2.169004633665015,2.08734029875525,SKI,1.0
GO_Biological_Process_2021,N-glycan processing (GO:0006491),1/19,0.3819943749186558,2.169004633665015,2.08734029875525,MAN1C1,1.0
GO_Biological_Process_2021,positive regulation of cellular protein catabolic process (GO:1903364),1/19,0.3819943749186558,2.169004633665015,2.08734029875525,ATP5IF1,1.0
GO_Biological_Process_2021,NLS-bearing protein import into nucleus (GO:0006607),1/19,0.3819943749186558,2.169004633665015,2.08734029875525,KPNA6,1.0
GO_Biological_Process_2021,positive regulation of actin cytoskeleton reorganization (GO:2000251),1/19,0.3819943749186558,2.169004633665015,2.08734029875525,CDC42,1.0
GO_Biological_Process_2021,negative regulation of cytokine production involved in inflammatory response (GO:1900016),1/19,0.3819943749186558,2.169004633665015,2.08734029875525,ZC3H12A,1.0
GO_Biological_Process_2021,prostaglandin biosynthetic process (GO:0001516),1/19,0.3819943749186558,2.169004633665015,2.08734029875525,PRXL2B,1.0
GO_Biological_Process_2021,barbed-end actin filament capping (GO:0051016),1/19,0.3819943749186558,2.169004633665015,2.08734029875525,CAPZB,1.0
GO_Biological_Process_2021,regulation of mitochondrial membrane permeability (GO:0046902),1/19,0.3819943749186558,2.169004633665015,2.08734029875525,MUL1,1.0
GO_Biological_Process_2021,regulation of T cell cytokine production (GO:0002724),1/19,0.3819943749186558,2.169004633665015,2.08734029875525,TNFRSF1B,1.0
GO_Biological_Process_2021,endocardial cushion morphogenesis (GO:0003203),1/19,0.3819943749186558,2.169004633665015,2.08734029875525,HEYL,1.0
GO_Biological_Process_2021,regulation of exosomal secretion (GO:1903541),1/19,0.3819943749186558,2.169004633665015,2.08734029875525,ATP13A2,1.0
GO_Biological_Process_2021,regulation of histone H3-K4 methylation (GO:0051569),1/19,0.3819943749186558,2.169004633665015,2.08734029875525,KDM1A,1.0
GO_Biological_Process_2021,actin filament capping (GO:0051693),1/19,0.3819943749186558,2.169004633665015,2.08734029875525,CAPZB,1.0
GO_Biological_Process_2021,atrioventricular valve morphogenesis (GO:0003181),1/19,0.3819943749186558,2.169004633665015,2.08734029875525,HEYL,1.0
GO_Biological_Process_2021,negative regulation of T cell receptor signaling pathway (GO:0050860),1/19,0.3819943749186558,2.169004633665015,2.08734029875525,LAPTM5,1.0
GO_Biological_Process_2021,nuclear membrane organization (GO:0071763),1/19,0.3819943749186558,2.169004633665015,2.08734029875525,TARDBP,1.0
GO_Biological_Process_2021,fatty acid transmembrane transport (GO:1902001),1/19,0.3819943749186558,2.169004633665015,2.08734029875525,SLC2A1,1.0
GO_Biological_Process_2021,regulation of lymphocyte proliferation (GO:0050670),1/19,0.3819943749186558,2.169004633665015,2.08734029875525,TNFRSF1B,1.0
GO_Biological_Process_2021,aspartate family amino acid metabolic process (GO:0009066),1/19,0.3819943749186558,2.169004633665015,2.08734029875525,MTHFR,1.0
GO_Biological_Process_2021,negative regulation of striated muscle cell differentiation (GO:0051154),1/19,0.3819943749186558,2.169004633665015,2.08734029875525,HDAC1,1.0
GO_Biological_Process_2021,folic acid metabolic process (GO:0046655),1/19,0.3819943749186558,2.169004633665015,2.08734029875525,MTHFR,1.0
GO_Biological_Process_2021,glycerolipid catabolic process (GO:0046503),1/19,0.3819943749186558,2.169004633665015,2.08734029875525,LYPLA2,1.0
GO_Biological_Process_2021,regulation of neuroinflammatory response (GO:0150077),1/19,0.3819943749186558,2.169004633665015,2.08734029875525,TNFRSF1B,1.0
GO_Biological_Process_2021,positive regulation of focal adhesion assembly (GO:0051894),1/19,0.3819943749186558,2.169004633665015,2.08734029875525,COL16A1,1.0
GO_Biological_Process_2021,DNA alkylation (GO:0006305),1/19,0.3819943749186558,2.169004633665015,2.08734029875525,DMAP1,1.0
GO_Biological_Process_2021,negative regulation of RNA metabolic process (GO:0051253),1/19,0.3819943749186558,2.169004633665015,2.08734029875525,ZC3H12A,1.0
GO_Biological_Process_2021,positive regulation of macrophage migration (GO:1905523),1/19,0.3819943749186558,2.169004633665015,2.08734029875525,AKIRIN1,1.0
GO_Biological_Process_2021,regulation of nervous system process (GO:0031644),1/19,0.3819943749186558,2.169004633665015,2.08734029875525,DLGAP3,1.0
GO_Biological_Process_2021,establishment or maintenance of apical/basal cell polarity (GO:0035088),1/19,0.3819943749186558,2.169004633665015,2.08734029875525,CLIC4,1.0
GO_Biological_Process_2021,maintenance of protein localization in organelle (GO:0072595),1/19,0.3819943749186558,2.169004633665015,2.08734029875525,PINK1,1.0
GO_Biological_Process_2021,positive regulation of oxidoreductase activity (GO:0051353),1/19,0.3819943749186558,2.169004633665015,2.08734029875525,PARK7,1.0
GO_Biological_Process_2021,histone H4-K16 acetylation (GO:0043984),1/19,0.3819943749186558,2.169004633665015,2.08734029875525,MEAF6,1.0
GO_Biological_Process_2021,regulation of synaptic vesicle exocytosis (GO:2000300),1/19,0.3819943749186558,2.169004633665015,2.08734029875525,RIMS3,1.0
GO_Biological_Process_2021,leukotriene biosynthetic process (GO:0019370),1/19,0.3819943749186558,2.169004633665015,2.08734029875525,PLA2G5,1.0
GO_Biological_Process_2021,negative regulation of cysteine-type endopeptidase activity (GO:2000117),2/53,0.3835928291236262,1.5315378864050584,1.4674792157582408,IFI6;RPS6KA1,1.0
GO_Biological_Process_2021,positive regulation of B cell activation (GO:0050871),2/53,0.3835928291236262,1.5315378864050584,1.4674792157582408,EPHB2;MAD2L2,1.0
GO_Biological_Process_2021,IRE1-mediated unfolded protein response (GO:0036498),2/53,0.3835928291236262,1.5315378864050584,1.4674792157582408,EXTL1;ZBTB17,1.0
GO_Biological_Process_2021,mitochondrial translational elongation (GO:0070125),3/89,0.384856277847,1.3626409353359412,1.3011658237891022,AURKAIP1;MRPL20;MRPS15,1.0
GO_Biological_Process_2021,mitochondrial translational termination (GO:0070126),3/89,0.384856277847,1.3626409353359412,1.3011658237891022,AURKAIP1;MRPL20;MRPS15,1.0
GO_Biological_Process_2021,negative regulation of growth (GO:0045926),4/126,0.38683739794775546,1.2809359875274011,1.216570023205594,ENO1;MUL1;PPT1;SESN2,1.0
GO_Biological_Process_2021,negative regulation of cell growth (GO:0030308),4/126,0.38683739794775546,1.2809359875274011,1.216570023205594,ENO1;MUL1;PPT1;SESN2,1.0
GO_Biological_Process_2021,modification-dependent protein catabolic process (GO:0019941),6/201,0.3884710645576361,1.202429126079759,1.1369407378162197,ISG15;PINK1;RNF19B;SPSB1;UBE4B;UBR4,1.0
GO_Biological_Process_2021,double-strand break repair (GO:0006302),5/164,0.3909902276484197,1.2287020913075875,1.1538406057824453,EYA3;KDM4A;MAD2L2;RPA2;SFPQ,1.0
GO_Biological_Process_2021,negative regulation of translation (GO:0017148),3/90,0.3916344164596338,1.3469090140426272,1.2626281832095325,PUM1;YBX1;YTHDF2,1.0
GO_Biological_Process_2021,SRP-dependent cotranslational protein targeting to membrane (GO:0006614),3/90,0.3916344164596338,1.3469090140426272,1.2626281832095325,RPL11;RPL22;RPS8,1.0
GO_Biological_Process_2021,"regulation of alternative mRNA splicing, via spliceosome (GO:0000381)",2/54,0.39248627163101446,1.5020080027400307,1.404758570692053,KHDRBS1;THRAP3,1.0
GO_Biological_Process_2021,regulation of proteolysis (GO:0030162),2/54,0.39248627163101446,1.5020080027400307,1.404758570692053,AURKAIP1;CAMK2N1,1.0
GO_Biological_Process_2021,regulation of potassium ion transmembrane transport (GO:1901379),2/54,0.39248627163101446,1.5020080027400307,1.404758570692053,GNB1;KCNAB2,1.0
GO_Biological_Process_2021,negative regulation of cellular macromolecule biosynthetic process (GO:2000113),15/547,0.3941886965109733,1.1027051944950328,1.026536449793216,DMAP1;ENO1;HDAC1;HEYL;ID3;KDM1A;KDM4A;KHDRBS1;PEX14;PHC2;SAMD11;SCMH1;SFPQ;SPEN;YBX1,1.0
GO_Biological_Process_2021,regulation of angiogenesis (GO:0045765),6/203,0.39739924992654724,1.190098416690706,1.098239285502649,AGO1;EPHA2;HSPG2;PIK3CD;TIE1;ZC3H12A,1.0
GO_Biological_Process_2021,negative regulation of dephosphorylation (GO:0035305),1/20,0.39745920713629623,2.054741020947074,1.8958334605917557,PPP1R8,1.0
GO_Biological_Process_2021,cellular monovalent inorganic cation homeostasis (GO:0030004),1/20,0.39745920713629623,2.054741020947074,1.8958334605917557,SLC9A1,1.0
GO_Biological_Process_2021,regulation of protein modification by small protein conjugation or removal (GO:1903320),1/20,0.39745920713629623,2.054741020947074,1.8958334605917557,PINK1,1.0
GO_Biological_Process_2021,regulation of protein localization to cell periphery (GO:1904375),1/20,0.39745920713629623,2.054741020947074,1.8958334605917557,LDLRAP1,1.0
GO_Biological_Process_2021,regulation of granulocyte chemotaxis (GO:0071622),1/20,0.39745920713629623,2.054741020947074,1.8958334605917557,AKIRIN1,1.0
GO_Biological_Process_2021,"base-excision repair, AP site formation (GO:0006285)",1/20,0.39745920713629623,2.054741020947074,1.8958334605917557,MUTYH,1.0
GO_Biological_Process_2021,cardiac ventricle development (GO:0003231),1/20,0.39745920713629623,2.054741020947074,1.8958334605917557,HEYL,1.0
GO_Biological_Process_2021,cardiac epithelial to mesenchymal transition (GO:0060317),1/20,0.39745920713629623,2.054741020947074,1.8958334605917557,HEYL,1.0
GO_Biological_Process_2021,natural killer cell mediated immunity (GO:0002228),1/20,0.39745920713629623,2.054741020947074,1.8958334605917557,PLEKHM2,1.0
GO_Biological_Process_2021,cellular response to nitrogen compound (GO:1901699),1/20,0.39745920713629623,2.054741020947074,1.8958334605917557,DDI2,1.0
GO_Biological_Process_2021,establishment of epithelial cell polarity (GO:0090162),1/20,0.39745920713629623,2.054741020947074,1.8958334605917557,CDC42,1.0
GO_Biological_Process_2021,mesoderm development (GO:0007498),1/20,0.39745920713629623,2.054741020947074,1.8958334605917557,TIE1,1.0
GO_Biological_Process_2021,modulation by symbiont of entry into host (GO:0052372),1/20,0.39745920713629623,2.054741020947074,1.8958334605917557,TRIM62,1.0
GO_Biological_Process_2021,maintenance of protein location in nucleus (GO:0051457),1/20,0.39745920713629623,2.054741020947074,1.8958334605917557,PARK7,1.0
GO_Biological_Process_2021,protein-DNA complex disassembly (GO:0032986),1/20,0.39745920713629623,2.054741020947074,1.8958334605917557,ARID1A,1.0
GO_Biological_Process_2021,protein targeting to lysosome (GO:0006622),1/20,0.39745920713629623,2.054741020947074,1.8958334605917557,LAPTM5,1.0
GO_Biological_Process_2021,eye morphogenesis (GO:0048592),1/20,0.39745920713629623,2.054741020947074,1.8958334605917557,SKI,1.0
GO_Biological_Process_2021,insulin secretion (GO:0030073),1/20,0.39745920713629623,2.054741020947074,1.8958334605917557,PARK7,1.0
GO_Biological_Process_2021,inositol phosphate-mediated signaling (GO:0048016),1/20,0.39745920713629623,2.054741020947074,1.8958334605917557,ADGRB2,1.0
GO_Biological_Process_2021,folic acid-containing compound metabolic process (GO:0006760),1/20,0.39745920713629623,2.054741020947074,1.8958334605917557,MTHFR,1.0
GO_Biological_Process_2021,negative regulation of telomere maintenance via telomerase (GO:0032211),1/20,0.39745920713629623,2.054741020947074,1.8958334605917557,EXOSC10,1.0
GO_Biological_Process_2021,neuromuscular synaptic transmission (GO:0007274),1/20,0.39745920713629623,2.054741020947074,1.8958334605917557,KIF1B,1.0
GO_Biological_Process_2021,positive regulation of epithelial cell differentiation (GO:0030858),1/20,0.39745920713629623,2.054741020947074,1.8958334605917557,KDF1,1.0
GO_Biological_Process_2021,regulation of nuclear division (GO:0051783),1/20,0.39745920713629623,2.054741020947074,1.8958334605917557,RCC1,1.0
GO_Biological_Process_2021,positive regulation of epidermal cell differentiation (GO:0045606),1/20,0.39745920713629623,2.054741020947074,1.8958334605917557,KDF1,1.0
GO_Biological_Process_2021,positive regulation of G2/M transition of mitotic cell cycle (GO:0010971),1/20,0.39745920713629623,2.054741020947074,1.8958334605917557,RCC2,1.0
GO_Biological_Process_2021,positive regulation of protein processing (GO:0010954),1/20,0.39745920713629623,2.054741020947074,1.8958334605917557,ENO1,1.0
GO_Biological_Process_2021,regulation of T cell migration (GO:2000404),1/20,0.39745920713629623,2.054741020947074,1.8958334605917557,TNFRSF14,1.0
GO_Biological_Process_2021,gene expression (GO:0010467),10/356,0.3990899831489399,1.1297628653475316,1.0377644290111678,MRPS15;NOL9;PABPC4;RPL11;RPL22;RPS8;RRAGC;SNRNP40;SRRM1;SRSF4,1.0
GO_Biological_Process_2021,regulation of posttranscriptional gene silencing (GO:0060147),2/55,0.40132127914537763,1.4735924543076455,1.3453795626045317,AGO1;PUM1,1.0
GO_Biological_Process_2021,regulation of gene silencing by RNA (GO:0060966),2/55,0.40132127914537763,1.4735924543076455,1.3453795626045317,AGO1;PUM1,1.0
GO_Biological_Process_2021,T cell activation (GO:0042110),3/92,0.40513207047354105,1.3165057504195936,1.1895184561006586,CTPS1;DDOST;PIK3CD,1.0
GO_Biological_Process_2021,regulation of lipid metabolic process (GO:0019216),3/92,0.40513207047354105,1.3165057504195936,1.1895184561006586,DISP3;NFYC;ZFP69,1.0
GO_Biological_Process_2021,regulation of endothelial cell proliferation (GO:0001936),3/92,0.40513207047354105,1.3165057504195936,1.1895184561006586,ATP5IF1;PIK3CD;TIE1,1.0
GO_Biological_Process_2021,regulation of response to external stimulus (GO:0032101),4/130,0.40945225620239334,1.2400153366228348,1.1072530610730227,EPHB2;FGR;PARK7;ZMPSTE24,1.0
GO_Biological_Process_2021,protein glycosylation (GO:0006486),4/130,0.40945225620239334,1.2400153366228348,1.1072530610730227,DDOST;MAN1C1;PLOD1;ST3GAL3,1.0
GO_Biological_Process_2021,peptidyl-tyrosine modification (GO:0018212),2/56,0.41009521442317814,1.4462293335949783,1.289119534605878,EPHB2;FGR,1.0
GO_Biological_Process_2021,autophagosome organization (GO:1905037),2/56,0.41009521442317814,1.4462293335949783,1.289119534605878,ATP13A2;STX12,1.0
GO_Biological_Process_2021,telomere maintenance (GO:0000723),2/56,0.41009521442317814,1.4462293335949783,1.289119534605878,RPA2;ZBTB48,1.0
GO_Biological_Process_2021,proteasome-mediated ubiquitin-dependent protein catabolic process (GO:0043161),9/321,0.4109763775104293,1.1272912199909355,1.002409382094549,FBXO2;FBXO44;FBXO6;HECTD3;PSMB2;SPSB1;UBE2J2;UBE4B;UBXN11,1.0
GO_Biological_Process_2021,positive regulation of peptidyl-serine phosphorylation (GO:0033138),3/93,0.4118483613202138,1.3018108396684607,1.154836464123204,MAD2L2;PARK7;PINK1,1.0
GO_Biological_Process_2021,regulation of cardiac muscle cell proliferation (GO:0060043),1/21,0.41253780555630915,1.9519037695009265,1.728269133500246,TP73,1.0
GO_Biological_Process_2021,stress granule assembly (GO:0034063),1/21,0.41253780555630915,1.9519037695009265,1.728269133500246,YTHDF2,1.0
GO_Biological_Process_2021,beta-catenin destruction complex disassembly (GO:1904886),1/21,0.41253780555630915,1.9519037695009265,1.728269133500246,DVL1,1.0
GO_Biological_Process_2021,anterior/posterior axis specification (GO:0009948),1/21,0.41253780555630915,1.9519037695009265,1.728269133500246,SKI,1.0
GO_Biological_Process_2021,negative regulation of response to wounding (GO:1903035),1/21,0.41253780555630915,1.9519037695009265,1.728269133500246,AJAP1,1.0
GO_Biological_Process_2021,long-term synaptic potentiation (GO:0060291),1/21,0.41253780555630915,1.9519037695009265,1.728269133500246,PRKCZ,1.0
GO_Biological_Process_2021,hydrogen peroxide catabolic process (GO:0042744),1/21,0.41253780555630915,1.9519037695009265,1.728269133500246,PRDX1,1.0
GO_Biological_Process_2021,intracellular lipid transport (GO:0032365),1/21,0.41253780555630915,1.9519037695009265,1.728269133500246,FABP3,1.0
GO_Biological_Process_2021,mitotic spindle assembly checkpoint signaling (GO:0007094),1/21,0.41253780555630915,1.9519037695009265,1.728269133500246,MAD2L2,1.0
GO_Biological_Process_2021,positive regulation of transcription regulatory region DNA binding (GO:2000679),1/21,0.41253780555630915,1.9519037695009265,1.728269133500246,PARK7,1.0
GO_Biological_Process_2021,sterol transport (GO:0015918),1/21,0.41253780555630915,1.9519037695009265,1.728269133500246,LDLRAP1,1.0
GO_Biological_Process_2021,myotube differentiation (GO:0014902),1/21,0.41253780555630915,1.9519037695009265,1.728269133500246,SKI,1.0
GO_Biological_Process_2021,spindle assembly checkpoint signaling (GO:0071173),1/21,0.41253780555630915,1.9519037695009265,1.728269133500246,MAD2L2,1.0
GO_Biological_Process_2021,cellular response to inorganic substance (GO:0071241),1/21,0.41253780555630915,1.9519037695009265,1.728269133500246,DDI2,1.0
GO_Biological_Process_2021,NAD biosynthetic process (GO:0009435),1/21,0.41253780555630915,1.9519037695009265,1.728269133500246,NMNAT1,1.0
GO_Biological_Process_2021,positive regulation of transcription from RNA polymerase II promoter involved in cellular response to chemical stimulus (GO:1901522),1/21,0.41253780555630915,1.9519037695009265,1.728269133500246,SESN2,1.0
GO_Biological_Process_2021,mitotic spindle checkpoint signaling (GO:0071174),1/21,0.41253780555630915,1.9519037695009265,1.728269133500246,MAD2L2,1.0
GO_Biological_Process_2021,"nucleotide-excision repair, preincision complex stabilization (GO:0006293)",1/21,0.41253780555630915,1.9519037695009265,1.728269133500246,RPA2,1.0
GO_Biological_Process_2021,"nucleotide-excision repair, DNA incision, 3'-to lesion (GO:0006295)",1/21,0.41253780555630915,1.9519037695009265,1.728269133500246,RPA2,1.0
GO_Biological_Process_2021,positive regulation of phosphatase activity (GO:0010922),1/21,0.41253780555630915,1.9519037695009265,1.728269133500246,MTOR,1.0
GO_Biological_Process_2021,regulation of transcription by RNA polymerase III (GO:0006359),1/21,0.41253780555630915,1.9519037695009265,1.728269133500246,MTOR,1.0
GO_Biological_Process_2021,autonomic nervous system development (GO:0048483),1/21,0.41253780555630915,1.9519037695009265,1.728269133500246,PHACTR4,1.0
GO_Biological_Process_2021,vacuolar acidification (GO:0007035),1/21,0.41253780555630915,1.9519037695009265,1.728269133500246,PPT1,1.0
GO_Biological_Process_2021,regulation of cardiac muscle contraction by calcium ion signaling (GO:0010882),1/21,0.41253780555630915,1.9519037695009265,1.728269133500246,SLC9A1,1.0
GO_Biological_Process_2021,endocardial cushion development (GO:0003197),1/21,0.41253780555630915,1.9519037695009265,1.728269133500246,HEYL,1.0
GO_Biological_Process_2021,cobalamin metabolic process (GO:0009235),1/21,0.41253780555630915,1.9519037695009265,1.728269133500246,MMACHC,1.0
GO_Biological_Process_2021,linoleic acid metabolic process (GO:0043651),1/21,0.41253780555630915,1.9519037695009265,1.728269133500246,ELOVL1,1.0
GO_Biological_Process_2021,retinol metabolic process (GO:0042572),1/21,0.41253780555630915,1.9519037695009265,1.728269133500246,DHRS3,1.0
GO_Biological_Process_2021,regulation of cholesterol metabolic process (GO:0090181),1/21,0.41253780555630915,1.9519037695009265,1.728269133500246,LDLRAP1,1.0
GO_Biological_Process_2021,positive regulation of T cell cytokine production (GO:0002726),1/21,0.41253780555630915,1.9519037695009265,1.728269133500246,PRKCZ,1.0
GO_Biological_Process_2021,positive regulation of lipid storage (GO:0010884),1/21,0.41253780555630915,1.9519037695009265,1.728269133500246,ZC3H12A,1.0
GO_Biological_Process_2021,intrinsic apoptotic signaling pathway in response to DNA damage by p53 class mediator (GO:0042771),1/21,0.41253780555630915,1.9519037695009265,1.728269133500246,TP73,1.0
GO_Biological_Process_2021,extrinsic apoptotic signaling pathway in absence of ligand (GO:0097192),1/21,0.41253780555630915,1.9519037695009265,1.728269133500246,CASP9,1.0
GO_Biological_Process_2021,regulation of protein kinase B signaling (GO:0051896),6/207,0.41523348163077967,1.1661731596671696,1.0249662786875429,EPHA2;MUL1;OTUD3;PARK7;PIK3CD;PINK1,1.0
GO_Biological_Process_2021,phosphorylation (GO:0016310),11/400,0.41691731446351366,1.1051408404487524,0.966851653382859,CDK11A;CDK11B;EPHB2;FGR;MAP3K6;MTOR;NADK;PIK3CD;PINK1;PRKCZ;TESK2,1.0
GO_Biological_Process_2021,cellular protein modification process (GO:0006464),27/1025,0.4176440694417991,1.0582560251763673,0.9239905515021223,CDK11A;CDK11B;DDOST;FBXO2;FBXO44;FBXO6;FGR;ICMT;ISG15;KLHL21;MAP3K6;MTOR;MXRA8;P3H1;PARK7;PIK3CD;PINK1;PRKCZ;PSMB2;PTP4A2;PTPRF;PTPRU;SPSB1;ST3GAL3;TESK2;VWA1;WDTC1,1.0
GO_Biological_Process_2021,cotranslational protein targeting to membrane (GO:0006613),3/94,0.41854089815277795,1.2874388939887813,1.121334388221634,RPL11;RPL22;RPS8,1.0
GO_Biological_Process_2021,positive regulation of epithelial cell migration (GO:0010634),3/94,0.41854089815277795,1.2874388939887813,1.121334388221634,MTOR;PIK3CD;ZC3H12A,1.0
GO_Biological_Process_2021,regulation of mitotic nuclear division (GO:0007088),2/57,0.41880560801895467,1.4198612354536808,1.23577396783195,AURKAIP1;RCC1,1.0
GO_Biological_Process_2021,"positive regulation of gene expression, epigenetic (GO:0045815)",2/57,0.41880560801895467,1.4198612354536808,1.23577396783195,ARID1A;PADI2,1.0
GO_Biological_Process_2021,carboxylic acid transport (GO:0046942),2/57,0.41880560801895467,1.4198612354536808,1.23577396783195,SLC66A1;SLC6A9,1.0
GO_Biological_Process_2021,positive regulation of transcription by RNA polymerase II (GO:0045944),24/908,0.41902616786100716,1.0617893999148773,0.9235676816020112,AGO1;AGRN;AKIRIN1;CITED4;DVL1;FOXJ3;HDAC1;HEYL;KDM1A;MTF1;PARK7;PRDM2;RLF;RPS6KA1;SFPQ;SKI;SLC9A1;THAP3;THRAP3;TP73;YBX1;ZBTB17;ZC3H12A;ZNF593,1.0
GO_Biological_Process_2021,positive regulation of I-kappaB kinase/NF-kappaB signaling (GO:0043123),5/171,0.42560405862651685,1.176463406317035,1.0049889292925214,MIB2;MUL1;PINK1;PLEKHG5;TRIM62,1.0
GO_Biological_Process_2021,defense response to virus (GO:0051607),4/133,0.4263028784552689,1.2109902237719214,1.032496565632529,ATAD3A;IFI6;IFNLR1;ISG15,1.0
GO_Biological_Process_2021,regulation of membrane protein ectodomain proteolysis (GO:0051043),1/22,0.4272397975089512,1.8588605420020314,1.5807932899948398,TNFRSF1B,1.0
GO_Biological_Process_2021,regulation of macrophage chemotaxis (GO:0010758),1/22,0.4272397975089512,1.8588605420020314,1.5807932899948398,AKIRIN1,1.0
GO_Biological_Process_2021,regulation of vacuole organization (GO:0044088),1/22,0.4272397975089512,1.8588605420020314,1.5807932899948398,ENO1,1.0
GO_Biological_Process_2021,positive regulation of peptidase activity (GO:0010952),1/22,0.4272397975089512,1.8588605420020314,1.5807932899948398,PINK1,1.0
GO_Biological_Process_2021,regulation of voltage-gated calcium channel activity (GO:1901385),1/22,0.4272397975089512,1.8588605420020314,1.5807932899948398,HPCA,1.0
GO_Biological_Process_2021,regulation of viral release from host cell (GO:1902186),1/22,0.4272397975089512,1.8588605420020314,1.5807932899948398,TRIM62,1.0
GO_Biological_Process_2021,glutathione derivative biosynthetic process (GO:1901687),1/22,0.4272397975089512,1.8588605420020314,1.5807932899948398,AKR1A1,1.0
GO_Biological_Process_2021,glutathione derivative metabolic process (GO:1901685),1/22,0.4272397975089512,1.8588605420020314,1.5807932899948398,AKR1A1,1.0
GO_Biological_Process_2021,fatty-acyl-CoA metabolic process (GO:0035337),1/22,0.4272397975089512,1.8588605420020314,1.5807932899948398,PPT1,1.0
GO_Biological_Process_2021,negative regulation of small molecule metabolic process (GO:0062014),1/22,0.4272397975089512,1.8588605420020314,1.5807932899948398,C1QTNF12,1.0
GO_Biological_Process_2021,negative regulation of protein dephosphorylation (GO:0035308),1/22,0.4272397975089512,1.8588605420020314,1.5807932899948398,PPP1R8,1.0
GO_Biological_Process_2021,phosphatidylserine acyl-chain remodeling (GO:0036150),1/22,0.4272397975089512,1.8588605420020314,1.5807932899948398,PLA2G5,1.0
GO_Biological_Process_2021,positive regulation of signal transduction by p53 class mediator (GO:1901798),1/22,0.4272397975089512,1.8588605420020314,1.5807932899948398,CHD5,1.0
GO_Biological_Process_2021,membrane lipid metabolic process (GO:0006643),1/22,0.4272397975089512,1.8588605420020314,1.5807932899948398,SMPDL3B,1.0
GO_Biological_Process_2021,limb morphogenesis (GO:0035108),1/22,0.4272397975089512,1.8588605420020314,1.5807932899948398,SKI,1.0
GO_Biological_Process_2021,error-free translesion synthesis (GO:0070987),1/22,0.4272397975089512,1.8588605420020314,1.5807932899948398,RPA2,1.0
GO_Biological_Process_2021,microglial cell activation (GO:0001774),1/22,0.4272397975089512,1.8588605420020314,1.5807932899948398,C1QA,1.0
GO_Biological_Process_2021,protein import into peroxisome membrane (GO:0045046),1/22,0.4272397975089512,1.8588605420020314,1.5807932899948398,PEX14,1.0
GO_Biological_Process_2021,negative regulation of cyclin-dependent protein kinase activity (GO:1904030),1/22,0.4272397975089512,1.8588605420020314,1.5807932899948398,CAMK2N1,1.0
GO_Biological_Process_2021,positive regulation of calcium ion transmembrane transporter activity (GO:1901021),1/22,0.4272397975089512,1.8588605420020314,1.5807932899948398,SLC9A1,1.0
GO_Biological_Process_2021,cell projection assembly (GO:0030031),1/22,0.4272397975089512,1.8588605420020314,1.5807932899948398,CDC42,1.0
GO_Biological_Process_2021,positive regulation of axon extension (GO:0045773),1/22,0.4272397975089512,1.8588605420020314,1.5807932899948398,MACF1,1.0
GO_Biological_Process_2021,tetrapyrrole metabolic process (GO:0033013),1/22,0.4272397975089512,1.8588605420020314,1.5807932899948398,MMACHC,1.0
GO_Biological_Process_2021,negative regulation of lipid biosynthetic process (GO:0051055),1/22,0.4272397975089512,1.8588605420020314,1.5807932899948398,WDTC1,1.0
GO_Biological_Process_2021,negative regulation of mitotic metaphase/anaphase transition (GO:0045841),1/22,0.4272397975089512,1.8588605420020314,1.5807932899948398,MAD2L2,1.0
GO_Biological_Process_2021,negative regulation of lymphocyte activation (GO:0051250),1/22,0.4272397975089512,1.8588605420020314,1.5807932899948398,LAPTM5,1.0
GO_Biological_Process_2021,regulation of adenylate cyclase activity (GO:0045761),1/22,0.4272397975089512,1.8588605420020314,1.5807932899948398,CAP1,1.0
GO_Biological_Process_2021,natural killer cell mediated cytotoxicity (GO:0042267),1/22,0.4272397975089512,1.8588605420020314,1.5807932899948398,PLEKHM2,1.0
GO_Biological_Process_2021,regulation of endoplasmic reticulum stress-induced intrinsic apoptotic signaling pathway (GO:1902235),1/22,0.4272397975089512,1.8588605420020314,1.5807932899948398,PARK7,1.0
GO_Biological_Process_2021,negative regulation of B cell activation (GO:0050869),1/22,0.4272397975089512,1.8588605420020314,1.5807932899948398,LAPTM5,1.0
GO_Biological_Process_2021,osteoclast differentiation (GO:0030316),1/22,0.4272397975089512,1.8588605420020314,1.5807932899948398,EPHA2,1.0
GO_Biological_Process_2021,regulation of lipid storage (GO:0010883),1/22,0.4272397975089512,1.8588605420020314,1.5807932899948398,ZC3H12A,1.0
GO_Biological_Process_2021,proteasomal ubiquitin-independent protein catabolic process (GO:0010499),1/22,0.4272397975089512,1.8588605420020314,1.5807932899948398,PSMB2,1.0
GO_Biological_Process_2021,organelle fusion (GO:0048284),1/22,0.4272397975089512,1.8588605420020314,1.5807932899948398,MFN2,1.0
GO_Biological_Process_2021,negative regulation of interleukin-2 production (GO:0032703),1/22,0.4272397975089512,1.8588605420020314,1.5807932899948398,LAPTM5,1.0
GO_Biological_Process_2021,chordate embryonic development (GO:0043009),2/58,0.4274501515732472,1.394434855103144,1.1851547280706252,DVL1;HES5,1.0
GO_Biological_Process_2021,autophagosome assembly (GO:0000045),2/58,0.4274501515732472,1.394434855103144,1.1851547280706252,MFN2;STX12,1.0
GO_Biological_Process_2021,positive regulation of protein binding (GO:0032092),2/58,0.4274501515732472,1.394434855103144,1.1851547280706252,EPB41;RPL11,1.0
GO_Biological_Process_2021,positive regulation of mitotic cell cycle phase transition (GO:1901992),2/58,0.4274501515732472,1.394434855103144,1.1851547280706252,LSM10;RCC2,1.0
GO_Biological_Process_2021,eye development (GO:0001654),2/58,0.4274501515732472,1.394434855103144,1.1851547280706252,HES5;SKI,1.0
GO_Biological_Process_2021,negative regulation of hydrolase activity (GO:0051346),2/58,0.4274501515732472,1.394434855103144,1.1851547280706252,ATP5IF1;RCC2,1.0
GO_Biological_Process_2021,regulation of phagocytosis (GO:0050764),2/58,0.4274501515732472,1.394434855103144,1.1851547280706252,FGR;PLA2G5,1.0
GO_Biological_Process_2021,proteolysis (GO:0006508),8/287,0.42782800833155044,1.1202027927458273,0.951090273457917,DDI2;ECE1;FBXO2;FBXO6;MMP23B;SVBP;TINAGL1;ZMPSTE24,1.0
GO_Biological_Process_2021,transmembrane receptor protein tyrosine kinase signaling pathway (GO:0007169),11/404,0.4297151471687862,1.093663632026215,0.9237441082483544,ATP6V0B;CDC42;CNKSR1;EPHA10;EPHA2;EPHA8;EPHB2;FGR;STMN1;TIE1;WASF2,1.0
GO_Biological_Process_2021,translational termination (GO:0006415),3/96,0.43184882649054035,1.2596222249313371,1.0576792001790034,AURKAIP1;MRPL20;MRPS15,1.0
GO_Biological_Process_2021,positive regulation of tyrosine phosphorylation of STAT protein (GO:0042531),2/59,0.4360266913301562,1.3699006284491173,1.137088508301288,HES5;TNFRSF18,1.0
GO_Biological_Process_2021,phospholipid transport (GO:0015914),2/59,0.4360266913301562,1.3699006284491173,1.137088508301288,CPTP;MFSD2A,1.0
GO_Biological_Process_2021,regulation of secretion by cell (GO:1903530),2/59,0.4360266913301562,1.3699006284491173,1.137088508301288,P3H1;VAMP3,1.0
GO_Biological_Process_2021,positive regulation of cold-induced thermogenesis (GO:0120162),3/97,0.4384614018916855,1.2461577734194893,1.0274365152240186,GPR3;KDM1A;MFN2,1.0
GO_Biological_Process_2021,hyaluronan metabolic process (GO:0030212),1/23,0.4415745708218719,1.7742757897303085,1.45030788097773,SLC9A1,1.0
GO_Biological_Process_2021,cytoskeleton-dependent intracellular transport (GO:0030705),1/23,0.4415745708218719,1.7742757897303085,1.45030788097773,KIF1B,1.0
GO_Biological_Process_2021,DNA methylation (GO:0006306),1/23,0.4415745708218719,1.7742757897303085,1.45030788097773,DMAP1,1.0
GO_Biological_Process_2021,mitotic cell cycle checkpoint signaling (GO:0007093),1/23,0.4415745708218719,1.7742757897303085,1.45030788097773,PLK3,1.0
GO_Biological_Process_2021,regulation of supramolecular fiber organization (GO:1902903),1/23,0.4415745708218719,1.7742757897303085,1.45030788097773,PARK7,1.0
GO_Biological_Process_2021,response to nutrient levels (GO:0031667),1/23,0.4415745708218719,1.7742757897303085,1.45030788097773,MTOR,1.0
GO_Biological_Process_2021,positive regulation of transcription by RNA polymerase I (GO:0045943),1/23,0.4415745708218719,1.7742757897303085,1.45030788097773,MTOR,1.0
GO_Biological_Process_2021,peptidyl-S-diacylglycerol-L-cysteine biosynthetic process from peptidyl-cysteine (GO:0018231),1/23,0.4415745708218719,1.7742757897303085,1.45030788097773,ZDHHC18,1.0
GO_Biological_Process_2021,triglyceride catabolic process (GO:0019433),1/23,0.4415745708218719,1.7742757897303085,1.45030788097773,FABP3,1.0
GO_Biological_Process_2021,regulation of interleukin-4 production (GO:0032673),1/23,0.4415745708218719,1.7742757897303085,1.45030788097773,PRKCZ,1.0
GO_Biological_Process_2021,positive regulation of mRNA processing (GO:0050685),1/23,0.4415745708218719,1.7742757897303085,1.45030788097773,THRAP3,1.0
GO_Biological_Process_2021,ear morphogenesis (GO:0042471),1/23,0.4415745708218719,1.7742757897303085,1.45030788097773,EPHB2,1.0
GO_Biological_Process_2021,positive regulation of morphogenesis of an epithelium (GO:1905332),1/23,0.4415745708218719,1.7742757897303085,1.45030788097773,PIK3CD,1.0
GO_Biological_Process_2021,negative regulation of smoothened signaling pathway (GO:0045879),1/23,0.4415745708218719,1.7742757897303085,1.45030788097773,PTCH2,1.0
GO_Biological_Process_2021,regulation of mononuclear cell migration (GO:0071675),1/23,0.4415745708218719,1.7742757897303085,1.45030788097773,AKIRIN1,1.0
GO_Biological_Process_2021,oligosaccharide biosynthetic process (GO:0009312),1/23,0.4415745708218719,1.7742757897303085,1.45030788097773,ST3GAL3,1.0
GO_Biological_Process_2021,negative regulation of GTPase activity (GO:0034260),1/23,0.4415745708218719,1.7742757897303085,1.45030788097773,RCC2,1.0
GO_Biological_Process_2021,negative regulation of G protein-coupled receptor signaling pathway (GO:0045744),1/23,0.4415745708218719,1.7742757897303085,1.45030788097773,STMN1,1.0
GO_Biological_Process_2021,positive regulation of cell cycle G2/M phase transition (GO:1902751),1/23,0.4415745708218719,1.7742757897303085,1.45030788097773,RCC2,1.0
GO_Biological_Process_2021,negative regulation of intracellular protein transport (GO:0090317),1/23,0.4415745708218719,1.7742757897303085,1.45030788097773,PARK7,1.0
GO_Biological_Process_2021,peptidyl-L-cysteine S-palmitoylation (GO:0018230),1/23,0.4415745708218719,1.7742757897303085,1.45030788097773,ZDHHC18,1.0
GO_Biological_Process_2021,regulation of protein export from nucleus (GO:0046825),1/23,0.4415745708218719,1.7742757897303085,1.45030788097773,PARK7,1.0
GO_Biological_Process_2021,response to organic cyclic compound (GO:0014070),2/60,0.44453322187727184,1.3462124096107464,1.091415442367967,ALPL;PAQR7,1.0
GO_Biological_Process_2021,regulation of neuron apoptotic process (GO:0043523),3/98,0.44504458977859956,1.2329767840447328,0.9981943313145123,PARK7;PINK1;PPT1,1.0
GO_Biological_Process_2021,regulation of peptidyl-serine phosphorylation (GO:0033135),3/98,0.44504458977859956,1.2329767840447328,0.9981943313145123,MAD2L2;PARK7;PINK1,1.0
GO_Biological_Process_2021,regulation of canonical Wnt signaling pathway (GO:0060828),7/253,0.4467092913182202,1.1113144786042513,0.8955497175062839,DVL1;HDAC1;MAD2L2;NPHP4;PSMB2;PTPRU;RNF220,1.0
GO_Biological_Process_2021,protein lipidation (GO:0006497),2/61,0.45296788010094424,1.323327181241473,1.0479878684967652,PIGV;ZDHHC18,1.0
GO_Biological_Process_2021,positive regulation of developmental process (GO:0051094),5/177,0.454974295532761,1.1350716243560817,0.8938851980899774,DVL1;MAD2L2;MUL1;PINK1;RPS6KA1,1.0
GO_Biological_Process_2021,extracellular structure organization (GO:0043062),6/216,0.45509565638974475,1.1156737778782058,0.8783115579086139,AGRN;COL16A1;COL8A2;COL9A2;HSPG2;MMP23B,1.0
GO_Biological_Process_2021,cholesterol efflux (GO:0033344),1/24,0.45555127976661147,1.6970462333083005,1.334297492062717,STX12,1.0
GO_Biological_Process_2021,leukotriene metabolic process (GO:0006691),1/24,0.45555127976661147,1.6970462333083005,1.334297492062717,PLA2G5,1.0
GO_Biological_Process_2021,response to gamma radiation (GO:0010332),1/24,0.45555127976661147,1.6970462333083005,1.334297492062717,KDM1A,1.0
GO_Biological_Process_2021,regulation of cell size (GO:0008361),1/24,0.45555127976661147,1.6970462333083005,1.334297492062717,MTOR,1.0
GO_Biological_Process_2021,regulation of cardiac muscle hypertrophy (GO:0010611),1/24,0.45555127976661147,1.6970462333083005,1.334297492062717,SLC9A1,1.0
GO_Biological_Process_2021,inner ear morphogenesis (GO:0042472),1/24,0.45555127976661147,1.6970462333083005,1.334297492062717,EPHB2,1.0
GO_Biological_Process_2021,positive regulation of p38MAPK cascade (GO:1900745),1/24,0.45555127976661147,1.6970462333083005,1.334297492062717,ZC3H12A,1.0
GO_Biological_Process_2021,glucose catabolic process to pyruvate (GO:0061718),1/24,0.45555127976661147,1.6970462333083005,1.334297492062717,ENO1,1.0
GO_Biological_Process_2021,ncRNA 3'-end processing (GO:0043628),1/24,0.45555127976661147,1.6970462333083005,1.334297492062717,TOE1,1.0
GO_Biological_Process_2021,positive regulation of viral life cycle (GO:1903902),1/24,0.45555127976661147,1.6970462333083005,1.334297492062717,KPNA6,1.0
GO_Biological_Process_2021,protein K48-linked deubiquitination (GO:0071108),1/24,0.45555127976661147,1.6970462333083005,1.334297492062717,OTUD3,1.0
GO_Biological_Process_2021,"wound healing, spreading of cells (GO:0044319)",1/24,0.45555127976661147,1.6970462333083005,1.334297492062717,PDPN,1.0
GO_Biological_Process_2021,negative regulation of NIK/NF-kappaB signaling (GO:1901223),1/24,0.45555127976661147,1.6970462333083005,1.334297492062717,ZC3H12A,1.0
GO_Biological_Process_2021,carbohydrate biosynthetic process (GO:0016051),1/24,0.45555127976661147,1.6970462333083005,1.334297492062717,ST3GAL3,1.0
GO_Biological_Process_2021,"protein alpha-1,2-demannosylation (GO:0036508)",1/24,0.45555127976661147,1.6970462333083005,1.334297492062717,MAN1C1,1.0
GO_Biological_Process_2021,sulfur amino acid metabolic process (GO:0000096),1/24,0.45555127976661147,1.6970462333083005,1.334297492062717,MTHFR,1.0
GO_Biological_Process_2021,canonical glycolysis (GO:0061621),1/24,0.45555127976661147,1.6970462333083005,1.334297492062717,ENO1,1.0
GO_Biological_Process_2021,positive regulation of cell-substrate junction organization (GO:0150117),1/24,0.45555127976661147,1.6970462333083005,1.334297492062717,COL16A1,1.0
GO_Biological_Process_2021,positive regulation of transcription from RNA polymerase II promoter in response to stress (GO:0036003),1/24,0.45555127976661147,1.6970462333083005,1.334297492062717,SESN2,1.0
GO_Biological_Process_2021,negative regulation of protein tyrosine kinase activity (GO:0061099),1/24,0.45555127976661147,1.6970462333083005,1.334297492062717,ERRFI1,1.0
GO_Biological_Process_2021,dorsal/ventral pattern formation (GO:0009953),1/24,0.45555127976661147,1.6970462333083005,1.334297492062717,NBL1,1.0
GO_Biological_Process_2021,heterochromatin assembly (GO:0031507),1/24,0.45555127976661147,1.6970462333083005,1.334297492062717,HDAC1,1.0
GO_Biological_Process_2021,negative regulation of synaptic transmission (GO:0050805),1/24,0.45555127976661147,1.6970462333083005,1.334297492062717,GRIK3,1.0
GO_Biological_Process_2021,positive regulation of phospholipase activity (GO:0010518),1/24,0.45555127976661147,1.6970462333083005,1.334297492062717,PLA2G5,1.0
GO_Biological_Process_2021,amino acid import across plasma membrane (GO:0089718),1/24,0.45555127976661147,1.6970462333083005,1.334297492062717,SLC6A9,1.0
GO_Biological_Process_2021,"nucleotide-excision repair, DNA gap filling (GO:0006297)",1/24,0.45555127976661147,1.6970462333083005,1.334297492062717,RPA2,1.0
GO_Biological_Process_2021,positive regulation of translation (GO:0045727),3/100,0.4581177089703189,1.2074301242256174,0.9425551170298152,KHDRBS1;MTOR;YTHDF2,1.0
GO_Biological_Process_2021,external encapsulating structure organization (GO:0045229),6/217,0.459490256882152,1.1103286616382995,0.8634332503044571,AGRN;COL16A1;COL8A2;COL9A2;HSPG2;MMP23B,1.0
GO_Biological_Process_2021,protein dephosphorylation (GO:0006470),4/139,0.45960687472684775,1.156810013116883,0.8992853350171011,EYA3;PTPRF;PTPRU;SSU72,1.0
GO_Biological_Process_2021,potassium ion transmembrane transport (GO:0071805),4/139,0.45960687472684775,1.156810013116883,0.8992853350171011,KCNAB2;KCNQ4;LRRC38;SLC9A1,1.0
GO_Biological_Process_2021,regulation of mitotic cell cycle (GO:0007346),5/178,0.4598316526974303,1.1284521293603995,0.8766886239388613,CDK11A;CDK11B;PSMB2;RCC1;TP73,1.0
GO_Biological_Process_2021,glucose metabolic process (GO:0006006),2/62,0.46132893935007974,1.3012047938178422,1.0066692243180688,AKR1A1;ENO1,1.0
GO_Biological_Process_2021,neuron projection morphogenesis (GO:0048812),4/140,0.4650956666433602,1.1482447592265645,0.8789953256586045,CDC42;DVL1;EPHB2;NBL1,1.0
GO_Biological_Process_2021,positive regulation of release of cytochrome c from mitochondria (GO:0090200),1/25,0.4691788508577558,1.6262524732547934,1.2307010976757609,PINK1,1.0
GO_Biological_Process_2021,negative regulation of cell junction assembly (GO:1901889),1/25,0.4691788508577558,1.6262524732547934,1.2307010976757609,RCC2,1.0
GO_Biological_Process_2021,cellular response to hexose stimulus (GO:0071331),1/25,0.4691788508577558,1.6262524732547934,1.2307010976757609,SLC2A5,1.0
GO_Biological_Process_2021,cAMP-mediated signaling (GO:0019933),1/25,0.4691788508577558,1.6262524732547934,1.2307010976757609,CAP1,1.0
GO_Biological_Process_2021,positive regulation of T cell migration (GO:2000406),1/25,0.4691788508577558,1.6262524732547934,1.2307010976757609,TNFRSF14,1.0
GO_Biological_Process_2021,negative regulation of response to endoplasmic reticulum stress (GO:1903573),1/25,0.4691788508577558,1.6262524732547934,1.2307010976757609,PARK7,1.0
GO_Biological_Process_2021,phosphatidylglycerol metabolic process (GO:0046471),1/25,0.4691788508577558,1.6262524732547934,1.2307010976757609,PLA2G5,1.0
GO_Biological_Process_2021,glycolytic process through glucose-6-phosphate (GO:0061620),1/25,0.4691788508577558,1.6262524732547934,1.2307010976757609,ENO1,1.0
GO_Biological_Process_2021,fat-soluble vitamin metabolic process (GO:0006775),1/25,0.4691788508577558,1.6262524732547934,1.2307010976757609,UBIAD1,1.0
GO_Biological_Process_2021,sodium ion homeostasis (GO:0055078),1/25,0.4691788508577558,1.6262524732547934,1.2307010976757609,SLC9A1,1.0
GO_Biological_Process_2021,phosphatidylinositol dephosphorylation (GO:0046856),1/25,0.4691788508577558,1.6262524732547934,1.2307010976757609,INPP5B,1.0
GO_Biological_Process_2021,endosome transport via multivesicular body sorting pathway (GO:0032509),1/25,0.4691788508577558,1.6262524732547934,1.2307010976757609,TMEM50A,1.0
GO_Biological_Process_2021,regulation of ryanodine-sensitive calcium-release channel activity (GO:0060314),1/25,0.4691788508577558,1.6262524732547934,1.2307010976757609,SELENON,1.0
GO_Biological_Process_2021,peptide catabolic process (GO:0043171),1/25,0.4691788508577558,1.6262524732547934,1.2307010976757609,ECE1,1.0
GO_Biological_Process_2021,regulation of myotube differentiation (GO:0010830),1/25,0.4691788508577558,1.6262524732547934,1.2307010976757609,HDAC1,1.0
GO_Biological_Process_2021,negative regulation of antigen receptor-mediated signaling pathway (GO:0050858),1/25,0.4691788508577558,1.6262524732547934,1.2307010976757609,LAPTM5,1.0
GO_Biological_Process_2021,negative regulation of cellular carbohydrate metabolic process (GO:0010677),1/25,0.4691788508577558,1.6262524732547934,1.2307010976757609,C1QTNF12,1.0
GO_Biological_Process_2021,positive regulation of cellular biosynthetic process (GO:0031328),5/180,0.4695084992449356,1.1154400934831727,0.8433495396655256,FABP3;MFSD2A;MTOR;PARK7;SLC6A9,1.0
GO_Biological_Process_2021,"vesicle targeting, rough ER to cis-Golgi (GO:0048207)",2/63,0.46961480380184567,1.2798077305720352,0.9673330575545327,PEF1;TRAPPC3,1.0
GO_Biological_Process_2021,vesicle coating (GO:0006901),2/63,0.46961480380184567,1.2798077305720352,0.9673330575545327,PEF1;TRAPPC3,1.0
GO_Biological_Process_2021,COPII vesicle coating (GO:0048208),2/63,0.46961480380184567,1.2798077305720352,0.9673330575545327,PEF1;TRAPPC3,1.0
GO_Biological_Process_2021,regulation of small GTPase mediated signal transduction (GO:0051056),4/141,0.47056456768568916,1.1398045455390244,0.8592098530406245,ARHGEF16;CDC42;INPP5B;PLEKHG5,1.0
GO_Biological_Process_2021,protein phosphorylation (GO:0006468),13/496,0.47079489361033966,1.0510158321476124,0.7917646469698258,ATP13A2;CDK11A;CDK11B;EPHA8;EPHB2;FGR;MAP3K6;MTOR;PIK3CD;PINK1;PRKCZ;RPS6KA1;TESK2,1.0
GO_Biological_Process_2021,regulation of cell death (GO:0010941),3/102,0.4710584696684414,1.1829156526820217,0.8904670276030368,PARK7;TNFRSF1B;ZC3H12A,1.0
GO_Biological_Process_2021,mitotic sister chromatid segregation (GO:0000070),3/102,0.4710584696684414,1.1829156526820217,0.8904670276030368,NUDC;PHF13;WRAP73,1.0
GO_Biological_Process_2021,regulation of protein catabolic process (GO:0042176),3/102,0.4710584696684414,1.1829156526820217,0.8904670276030368,ATP13A2;AZIN2;MAD2L2,1.0
GO_Biological_Process_2021,cell junction assembly (GO:0034329),3/102,0.4710584696684414,1.1829156526820217,0.8904670276030368,CDC42;FBLIM1;GJA4,1.0
GO_Biological_Process_2021,positive regulation of vasculature development (GO:1904018),3/102,0.4710584696684414,1.1829156526820217,0.8904670276030368,PIK3CD;TIE1;ZC3H12A,1.0
GO_Biological_Process_2021,extracellular matrix organization (GO:0030198),8/300,0.4768190264289522,1.0696068392690448,0.7921703557599937,AGRN;COL16A1;COL8A2;COL9A2;HSPG2;MMP23B;P3H1;PLOD1,1.0
GO_Biological_Process_2021,cellular response to organonitrogen compound (GO:0071417),3/103,0.4774763832436766,1.1710261339833776,0.8656700378487246,MTOR;RRAGC;SESN2,1.0
GO_Biological_Process_2021,protein targeting to ER (GO:0045047),3/103,0.4774763832436766,1.1710261339833776,0.8656700378487246,RPL11;RPL22;RPS8,1.0
GO_Biological_Process_2021,tRNA processing (GO:0008033),2/64,0.4778240030228655,1.259100895172867,0.9298621386614366,TRIT1;ZBTB8OS,1.0
GO_Biological_Process_2021,regulation of innate immune response (GO:0045088),2/64,0.4778240030228655,1.259100895172867,0.9298621386614366,FGR;MUL1,1.0
GO_Biological_Process_2021,protein secretion (GO:0009306),2/64,0.4778240030228655,1.259100895172867,0.9298621386614366,PARK7;SVBP,1.0
GO_Biological_Process_2021,negative regulation of cell cycle process (GO:0010948),2/64,0.4778240030228655,1.259100895172867,0.9298621386614366,AURKAIP1;RBBP4,1.0
GO_Biological_Process_2021,lipid homeostasis (GO:0055088),2/64,0.4778240030228655,1.259100895172867,0.9298621386614366,ATP13A2;FABP3,1.0
GO_Biological_Process_2021,monocarboxylic acid metabolic process (GO:0032787),4/143,0.4814395942566542,1.1232884439346291,0.8210952186256764,ACOT7;ALDH4A1;HYI;MECR,1.0
GO_Biological_Process_2021,neuron development (GO:0048666),4/143,0.4814395942566542,1.1232884439346291,0.8210952186256764,EPHA8;NCDN;PPT1;STMN1,1.0
GO_Biological_Process_2021,positive regulation of protein insertion into mitochondrial membrane involved in apoptotic signaling pathway (GO:1900740),1/26,0.4824659885083749,1.5611222140055667,1.1378158871876114,TP73,1.0
GO_Biological_Process_2021,mRNA polyadenylation (GO:0006378),1/26,0.4824659885083749,1.5611222140055667,1.1378158871876114,SSU72,1.0
GO_Biological_Process_2021,regulation of protein insertion into mitochondrial membrane involved in apoptotic signaling pathway (GO:1900739),1/26,0.4824659885083749,1.5611222140055667,1.1378158871876114,TP73,1.0
GO_Biological_Process_2021,regulation of monocyte chemotaxis (GO:0090025),1/26,0.4824659885083749,1.5611222140055667,1.1378158871876114,NBL1,1.0
GO_Biological_Process_2021,hippo signaling (GO:0035329),1/26,0.4824659885083749,1.5611222140055667,1.1378158871876114,NPHP4,1.0
GO_Biological_Process_2021,phosphatidylethanolamine acyl-chain remodeling (GO:0036152),1/26,0.4824659885083749,1.5611222140055667,1.1378158871876114,PLA2G5,1.0
GO_Biological_Process_2021,negative regulation of telomere maintenance via telomere lengthening (GO:1904357),1/26,0.4824659885083749,1.5611222140055667,1.1378158871876114,EXOSC10,1.0
GO_Biological_Process_2021,negative regulation of proteolysis involved in cellular protein catabolic process (GO:1903051),1/26,0.4824659885083749,1.5611222140055667,1.1378158871876114,RPL11,1.0
GO_Biological_Process_2021,meiosis I (GO:0007127),1/26,0.4824659885083749,1.5611222140055667,1.1378158871876114,FOXJ3,1.0
GO_Biological_Process_2021,positive regulation of glucose import (GO:0046326),1/26,0.4824659885083749,1.5611222140055667,1.1378158871876114,C1QTNF12,1.0
GO_Biological_Process_2021,positive regulation of G1/S transition of mitotic cell cycle (GO:1900087),1/26,0.4824659885083749,1.5611222140055667,1.1378158871876114,LSM10,1.0
GO_Biological_Process_2021,RNA polyadenylation (GO:0043631),1/26,0.4824659885083749,1.5611222140055667,1.1378158871876114,SSU72,1.0
GO_Biological_Process_2021,DNA modification (GO:0006304),1/26,0.4824659885083749,1.5611222140055667,1.1378158871876114,MUTYH,1.0
GO_Biological_Process_2021,positive regulation of ion transmembrane transporter activity (GO:0032414),1/26,0.4824659885083749,1.5611222140055667,1.1378158871876114,SLC6A9,1.0
GO_Biological_Process_2021,regulation of regulatory T cell differentiation (GO:0045589),1/26,0.4824659885083749,1.5611222140055667,1.1378158871876114,TNFRSF18,1.0
GO_Biological_Process_2021,proteoglycan metabolic process (GO:0006029),1/26,0.4824659885083749,1.5611222140055667,1.1378158871876114,B3GALT6,1.0
GO_Biological_Process_2021,negative regulation of intrinsic apoptotic signaling pathway in response to DNA damage (GO:1902230),1/26,0.4824659885083749,1.5611222140055667,1.1378158871876114,KDM1A,1.0
GO_Biological_Process_2021,translational elongation (GO:0006414),3/104,0.48385789899336895,1.1593720512985684,0.8416623863349366,AURKAIP1;MRPL20;MRPS15,1.0
GO_Biological_Process_2021,protein autoubiquitination (GO:0051865),2/65,0.4859551867196819,1.2390514196276408,0.8941476635178689,RNF19B;RNF220,1.0
GO_Biological_Process_2021,chemical homeostasis (GO:0048878),2/65,0.4859551867196819,1.2390514196276408,0.8941476635178689,ATP13A2;SLC66A1,1.0
GO_Biological_Process_2021,cellular response to type I interferon (GO:0071357),2/65,0.4859551867196819,1.2390514196276408,0.8941476635178689,IFI6;ISG15,1.0
GO_Biological_Process_2021,regulation of RNA metabolic process (GO:0051252),2/65,0.4859551867196819,1.2390514196276408,0.8941476635178689,TNFRSF1B;YTHDF2,1.0
GO_Biological_Process_2021,mitotic G1 DNA damage checkpoint signaling (GO:0031571),2/65,0.4859551867196819,1.2390514196276408,0.8941476635178689,PLK3;RPA2,1.0
GO_Biological_Process_2021,tRNA modification (GO:0006400),2/65,0.4859551867196819,1.2390514196276408,0.8941476635178689,PUSL1;TRIT1,1.0
GO_Biological_Process_2021,type I interferon signaling pathway (GO:0060337),2/65,0.4859551867196819,1.2390514196276408,0.8941476635178689,IFI6;ISG15,1.0
GO_Biological_Process_2021,regulation of I-kappaB kinase/NF-kappaB signaling (GO:0043122),6/224,0.48998408410256167,1.0742859053416849,0.7663766250258339,MIB2;MUL1;PINK1;PLEKHG5;TRIM62;ZC3H12A,1.0
GO_Biological_Process_2021,activation of GTPase activity (GO:0090630),3/105,0.49020200722822105,1.1479464800389512,0.8184143383362397,ARHGEF16;EPHA2;RAP1GAP,1.0
GO_Biological_Process_2021,mitochondrial translation (GO:0032543),3/105,0.49020200722822105,1.1479464800389512,0.8184143383362397,AURKAIP1;MRPL20;MRPS15,1.0
GO_Biological_Process_2021,positive regulation of cell death (GO:0010942),2/66,0.49400711967246297,1.219628490193203,0.8600885358156887,C1QA;ZC3H12A,1.0
GO_Biological_Process_2021,regulation of vasculature development (GO:1901342),1/27,0.4954211805453134,1.5010019746985883,1.0542242465461926,EPHA2,1.0
GO_Biological_Process_2021,negative regulation of catalytic activity (GO:0043086),1/27,0.4954211805453134,1.5010019746985883,1.0542242465461926,ATP5IF1,1.0
GO_Biological_Process_2021,regulation of epidermal growth factor-activated receptor activity (GO:0007176),1/27,0.4954211805453134,1.5010019746985883,1.0542242465461926,ERRFI1,1.0
GO_Biological_Process_2021,positive regulation of gene silencing by miRNA (GO:2000637),1/27,0.4954211805453134,1.5010019746985883,1.0542242465461926,PUM1,1.0
GO_Biological_Process_2021,monovalent inorganic cation homeostasis (GO:0055067),1/27,0.4954211805453134,1.5010019746985883,1.0542242465461926,SLC9A1,1.0
GO_Biological_Process_2021,mitotic chromosome condensation (GO:0007076),1/27,0.4954211805453134,1.5010019746985883,1.0542242465461926,PHF13,1.0
GO_Biological_Process_2021,L-alpha-amino acid transmembrane transport (GO:1902475),1/27,0.4954211805453134,1.5010019746985883,1.0542242465461926,SLC6A9,1.0
GO_Biological_Process_2021,entrainment of circadian clock by photoperiod (GO:0043153),1/27,0.4954211805453134,1.5010019746985883,1.0542242465461926,PER3,1.0
GO_Biological_Process_2021,positive regulation of muscle cell differentiation (GO:0051149),1/27,0.4954211805453134,1.5010019746985883,1.0542242465461926,CDC42,1.0
GO_Biological_Process_2021,regulation of toll-like receptor signaling pathway (GO:0034121),1/27,0.4954211805453134,1.5010019746985883,1.0542242465461926,SMPDL3B,1.0
GO_Biological_Process_2021,modulation of excitatory postsynaptic potential (GO:0098815),1/27,0.4954211805453134,1.5010019746985883,1.0542242465461926,PRKCZ,1.0
GO_Biological_Process_2021,microtubule polymerization or depolymerization (GO:0031109),1/27,0.4954211805453134,1.5010019746985883,1.0542242465461926,STMN1,1.0
GO_Biological_Process_2021,negative regulation of protein polymerization (GO:0032272),1/27,0.4954211805453134,1.5010019746985883,1.0542242465461926,STMN1,1.0
GO_Biological_Process_2021,regulation of blood coagulation (GO:0030193),1/27,0.4954211805453134,1.5010019746985883,1.0542242465461926,EPHB2,1.0
GO_Biological_Process_2021,acute inflammatory response (GO:0002526),1/27,0.4954211805453134,1.5010019746985883,1.0542242465461926,CTNNBIP1,1.0
GO_Biological_Process_2021,negative regulation of insulin receptor signaling pathway (GO:0046627),1/27,0.4954211805453134,1.5010019746985883,1.0542242465461926,PRKCZ,1.0
GO_Biological_Process_2021,cellular lipid catabolic process (GO:0044242),1/27,0.4954211805453134,1.5010019746985883,1.0542242465461926,SMPDL3B,1.0
GO_Biological_Process_2021,positive regulation of BMP signaling pathway (GO:0030513),1/27,0.4954211805453134,1.5010019746985883,1.0542242465461926,HES5,1.0
GO_Biological_Process_2021,peptide hormone secretion (GO:0030072),1/27,0.4954211805453134,1.5010019746985883,1.0542242465461926,PARK7,1.0
GO_Biological_Process_2021,positive regulation of cellular component movement (GO:0051272),1/27,0.4954211805453134,1.5010019746985883,1.0542242465461926,PDPN,1.0
GO_Biological_Process_2021,positive regulation of multicellular organismal process (GO:0051240),9/345,0.4958153034820122,1.0454611372396627,0.7334451359873053,ENO1;FGR;GPR3;KDM1A;MAD2L2;MFN2;MTOR;PDPN;PIK3CD,1.0
GO_Biological_Process_2021,protein localization to nucleus (GO:0034504),3/106,0.496507741562438,1.1367427645319481,0.7958974981976511,DVL1;IPO13;RPL11,1.0
GO_Biological_Process_2021,protein processing (GO:0016485),3/106,0.496507741562438,1.1367427645319481,0.7958974981976511,DDI2;ECE1;ZMPSTE24,1.0
GO_Biological_Process_2021,regulation of protein phosphorylation (GO:0001932),7/266,0.49888842529888916,1.0548215349879957,0.7334942093770246,EPHB2;FGR;PARK7;PINK1;SESN2;TARDBP;ZC3H12A,1.0
GO_Biological_Process_2021,regulation of gene silencing by miRNA (GO:0060964),2/67,0.5019786768460874,1.2008031893567477,0.8275907201201327,AGO1;PUM1,1.0
GO_Biological_Process_2021,vascular endothelial growth factor receptor signaling pathway (GO:0048010),2/67,0.5019786768460874,1.2008031893567477,0.8275907201201327,CDC42;WASF2,1.0
GO_Biological_Process_2021,protein N-linked glycosylation (GO:0006487),2/67,0.5019786768460874,1.2008031893567477,0.8275907201201327,DDOST;MAN1C1,1.0
GO_Biological_Process_2021,response to calcium ion (GO:0051592),3/107,0.5027741781288196,1.1257545050923874,0.7740847380844565,CLIC4;HPCA;PEF1,1.0
GO_Biological_Process_2021,"negative regulation of transcription, DNA-templated (GO:0045892)",24/948,0.5047565647151071,1.0136417996151865,0.6930056281367276,DMAP1;ENO1;HDAC1;HES5;HEYL;ID3;KDM1A;KDM4A;KHDRBS1;MAD2L2;NOC2L;PER3;PEX14;PHC2;PLK3;PRDM2;SAMD11;SCMH1;SFPQ;SKI;SPEN;ZFP69;ZNF436;ZNF684,1.0
GO_Biological_Process_2021,protein depolymerization (GO:0051261),1/28,0.5080527035877881,1.445335086451386,0.9787376899436766,STMN1,1.0
GO_Biological_Process_2021,protein localization to Golgi apparatus (GO:0034067),1/28,0.5080527035877881,1.445335086451386,0.9787376899436766,VPS13D,1.0
GO_Biological_Process_2021,negative regulation of cellular response to insulin stimulus (GO:1900077),1/28,0.5080527035877881,1.445335086451386,0.9787376899436766,PRKCZ,1.0
GO_Biological_Process_2021,regulation of microtubule polymerization or depolymerization (GO:0031110),1/28,0.5080527035877881,1.445335086451386,0.9787376899436766,STMN1,1.0
GO_Biological_Process_2021,positive regulation of monooxygenase activity (GO:0032770),1/28,0.5080527035877881,1.445335086451386,0.9787376899436766,PARK7,1.0
GO_Biological_Process_2021,cristae formation (GO:0042407),1/28,0.5080527035877881,1.445335086451386,0.9787376899436766,DNAJC11,1.0
GO_Biological_Process_2021,cellular zinc ion homeostasis (GO:0006882),1/28,0.5080527035877881,1.445335086451386,0.9787376899436766,ATP13A2,1.0
GO_Biological_Process_2021,regulation of muscle contraction (GO:0006937),1/28,0.5080527035877881,1.445335086451386,0.9787376899436766,ENO1,1.0
GO_Biological_Process_2021,neutral amino acid transport (GO:0015804),1/28,0.5080527035877881,1.445335086451386,0.9787376899436766,SLC6A9,1.0
GO_Biological_Process_2021,protein localization to cell surface (GO:0034394),1/28,0.5080527035877881,1.445335086451386,0.9787376899436766,PTPRU,1.0
GO_Biological_Process_2021,ventricular septum morphogenesis (GO:0060412),1/28,0.5080527035877881,1.445335086451386,0.9787376899436766,HEYL,1.0
GO_Biological_Process_2021,phagosome acidification (GO:0090383),1/28,0.5080527035877881,1.445335086451386,0.9787376899436766,ATP6V0B,1.0
GO_Biological_Process_2021,glycerophospholipid catabolic process (GO:0046475),1/28,0.5080527035877881,1.445335086451386,0.9787376899436766,PLA2G5,1.0
GO_Biological_Process_2021,positive regulation of defense response to virus by host (GO:0002230),1/28,0.5080527035877881,1.445335086451386,0.9787376899436766,ZC3H12A,1.0
GO_Biological_Process_2021,GPI anchor metabolic process (GO:0006505),1/28,0.5080527035877881,1.445335086451386,0.9787376899436766,PIGV,1.0
GO_Biological_Process_2021,"regulation of DNA damage response, signal transduction by p53 class mediator (GO:0043516)",1/28,0.5080527035877881,1.445335086451386,0.9787376899436766,KDM1A,1.0
GO_Biological_Process_2021,photoperiodism (GO:0009648),1/28,0.5080527035877881,1.445335086451386,0.9787376899436766,PER3,1.0
GO_Biological_Process_2021,mucosal immune response (GO:0002385),1/28,0.5080527035877881,1.445335086451386,0.9787376899436766,IFNLR1,1.0
GO_Biological_Process_2021,regulation of tyrosine phosphorylation of STAT protein (GO:0042509),2/68,0.5098688386729413,1.1825483521820035,0.7965666577156019,HES5;TNFRSF18,1.0
GO_Biological_Process_2021,regulation of nucleic acid-templated transcription (GO:1903506),11/430,0.5120813256518604,1.0244031988606166,0.6856042008881079,CDK11A;CDK11B;DVL1;HP1BP3;MYCBP;NFYC;PPIE;PRDM2;SFPQ;SRSF10;YBX1,1.0
GO_Biological_Process_2021,positive regulation of hydrolase activity (GO:0051345),4/149,0.5135104381038268,1.0764738386973436,0.7174535829051832,AGRN;ASAP3;PINK1;RAP1GAP,1.0
GO_Biological_Process_2021,positive regulation of nucleic acid-templated transcription (GO:1903508),13/511,0.5141536564723032,1.0185546912809251,0.6775763107389746,ARID1A;GPATCH3;HDAC1;HES5;HIVEP3;MAD2L2;PITHD1;POU3F1;RLF;RPS6KA1;THRAP3;TP73;ZBTB48,1.0
GO_Biological_Process_2021,lipid transport (GO:0006869),3/109,0.515185670329533,1.1043999631626749,0.7324688886275222,CPTP;FABP3;MFSD2A,1.0
GO_Biological_Process_2021,peptidyl-tyrosine phosphorylation (GO:0018108),2/69,0.5176766865019251,1.164838435519938,0.766934738331503,EPHB2;FGR,1.0
GO_Biological_Process_2021,positive regulation of protein transport (GO:0051222),2/69,0.5176766865019251,1.164838435519938,0.766934738331503,ATP13A2;PLK3,1.0
GO_Biological_Process_2021,RNA 3'-end processing (GO:0031123),2/69,0.5176766865019251,1.164838435519938,0.766934738331503,SRRM1;SRSF4,1.0
GO_Biological_Process_2021,cellular response to calcium ion (GO:0071277),2/69,0.5176766865019251,1.164838435519938,0.766934738331503,CLIC4;HPCA,1.0
GO_Biological_Process_2021,response to cytokine (GO:0034097),4/150,0.5187677133521111,1.069045493802386,0.7016135546032313,DDOST;IFNLR1;ISG15;LDLRAP1,1.0
GO_Biological_Process_2021,dicarboxylic acid transport (GO:0006835),1/29,0.5203686282926798,1.3936444045075556,0.9103533569735521,PDPN,1.0
GO_Biological_Process_2021,lipid catabolic process (GO:0016042),1/29,0.5203686282926798,1.3936444045075556,0.9103533569735521,PPT1,1.0
GO_Biological_Process_2021,negative regulation of wound healing (GO:0061045),1/29,0.5203686282926798,1.3936444045075556,0.9103533569735521,AJAP1,1.0
GO_Biological_Process_2021,beta-catenin-TCF complex assembly (GO:1904837),1/29,0.5203686282926798,1.3936444045075556,0.9103533569735521,HDAC1,1.0
GO_Biological_Process_2021,glycolytic process (GO:0006096),1/29,0.5203686282926798,1.3936444045075556,0.9103533569735521,ENO1,1.0
GO_Biological_Process_2021,regulation of gluconeogenesis (GO:0006111),1/29,0.5203686282926798,1.3936444045075556,0.9103533569735521,C1QTNF12,1.0
GO_Biological_Process_2021,glial cell differentiation (GO:0010001),1/29,0.5203686282926798,1.3936444045075556,0.9103533569735521,HES5,1.0
GO_Biological_Process_2021,negative regulation of transferase activity (GO:0051348),1/29,0.5203686282926798,1.3936444045075556,0.9103533569735521,PARK7,1.0
GO_Biological_Process_2021,positive regulation of leukocyte migration (GO:0002687),1/29,0.5203686282926798,1.3936444045075556,0.9103533569735521,TNFRSF18,1.0
GO_Biological_Process_2021,"nucleotide-excision repair, preincision complex assembly (GO:0006294)",1/29,0.5203686282926798,1.3936444045075556,0.9103533569735521,RPA2,1.0
GO_Biological_Process_2021,aggrephagy (GO:0035973),1/29,0.5203686282926798,1.3936444045075556,0.9103533569735521,PARK7,1.0
GO_Biological_Process_2021,transition metal ion homeostasis (GO:0055076),1/29,0.5203686282926798,1.3936444045075556,0.9103533569735521,ATP13A2,1.0
GO_Biological_Process_2021,negative regulation of epithelial to mesenchymal transition (GO:0010719),1/29,0.5203686282926798,1.3936444045075556,0.9103533569735521,MAD2L2,1.0
GO_Biological_Process_2021,negative regulation of myeloid leukocyte differentiation (GO:0002762),1/29,0.5203686282926798,1.3936444045075556,0.9103533569735521,C1QC,1.0
GO_Biological_Process_2021,limb development (GO:0060173),1/29,0.5203686282926798,1.3936444045075556,0.9103533569735521,KDF1,1.0
GO_Biological_Process_2021,response to zinc ion (GO:0010043),1/29,0.5203686282926798,1.3936444045075556,0.9103533569735521,ATP13A2,1.0
GO_Biological_Process_2021,regulation of fatty acid biosynthetic process (GO:0042304),1/29,0.5203686282926798,1.3936444045075556,0.9103533569735521,WDTC1,1.0
GO_Biological_Process_2021,positive regulation of dephosphorylation (GO:0035306),1/29,0.5203686282926798,1.3936444045075556,0.9103533569735521,CAMTA1,1.0
GO_Biological_Process_2021,regulation of double-strand break repair via nonhomologous end joining (GO:2001032),1/29,0.5203686282926798,1.3936444045075556,0.9103533569735521,MAD2L2,1.0
GO_Biological_Process_2021,negative regulation of cell differentiation (GO:0045596),5/191,0.5216420534723096,1.0488758346811227,0.6825807528477662,DISP3;HES5;MAD2L2;SKI;YTHDF2,1.0
GO_Biological_Process_2021,COPII-coated vesicle budding (GO:0090114),2/70,0.5254013982083305,1.1476493987596978,0.7386188216899688,PEF1;TRAPPC3,1.0
GO_Biological_Process_2021,negative regulation of viral process (GO:0048525),2/70,0.5254013982083305,1.1476493987596978,0.7386188216899688,ISG15;TRIM62,1.0
GO_Biological_Process_2021,defense response to Gram-positive bacterium (GO:0050830),2/70,0.5254013982083305,1.1476493987596978,0.7386188216899688,FGR;TNFRSF14,1.0
GO_Biological_Process_2021,establishment of protein localization to membrane (GO:0090150),2/70,0.5254013982083305,1.1476493987596978,0.7386188216899688,ICMT;ZDHHC18,1.0
GO_Biological_Process_2021,aerobic electron transport chain (GO:0019646),2/70,0.5254013982083305,1.1476493987596978,0.7386188216899688,NDUFS5;UQCRHL,1.0
GO_Biological_Process_2021,regulation of Wnt signaling pathway (GO:0030111),3/111,0.5274299130785784,1.0838363301933223,0.6933726829029941,CTNNBIP1;MACF1;SKI,1.0
GO_Biological_Process_2021,morphogenesis of an epithelium (GO:0002009),1/30,0.5323768244698199,1.3455185971805408,0.8482199339779595,KDF1,1.0
GO_Biological_Process_2021,maintenance of blood-brain barrier (GO:0035633),1/30,0.5323768244698199,1.3455185971805408,0.8482199339779595,MFSD2A,1.0
GO_Biological_Process_2021,snRNA 3'-end processing (GO:0034472),1/30,0.5323768244698199,1.3455185971805408,0.8482199339779595,TOE1,1.0
GO_Biological_Process_2021,"negative regulation of gene expression, epigenetic (GO:0045814)",1/30,0.5323768244698199,1.3455185971805408,0.8482199339779595,RBBP4,1.0
GO_Biological_Process_2021,cell projection organization (GO:0030030),1/30,0.5323768244698199,1.3455185971805408,0.8482199339779595,CDC42,1.0
GO_Biological_Process_2021,negative regulation of Notch signaling pathway (GO:0045746),1/30,0.5323768244698199,1.3455185971805408,0.8482199339779595,YTHDF2,1.0
GO_Biological_Process_2021,regulation of cation transmembrane transport (GO:1904062),1/30,0.5323768244698199,1.3455185971805408,0.8482199339779595,KCNAB2,1.0
GO_Biological_Process_2021,ncRNA catabolic process (GO:0034661),1/30,0.5323768244698199,1.3455185971805408,0.8482199339779595,EXOSC10,1.0
GO_Biological_Process_2021,alpha-amino acid catabolic process (GO:1901606),1/30,0.5323768244698199,1.3455185971805408,0.8482199339779595,ALDH4A1,1.0
GO_Biological_Process_2021,regulation of protein localization to membrane (GO:1905475),1/30,0.5323768244698199,1.3455185971805408,0.8482199339779595,LDLRAP1,1.0
GO_Biological_Process_2021,Golgi to plasma membrane protein transport (GO:0043001),1/30,0.5323768244698199,1.3455185971805408,0.8482199339779595,MACF1,1.0
GO_Biological_Process_2021,positive regulation of B cell proliferation (GO:0030890),1/30,0.5323768244698199,1.3455185971805408,0.8482199339779595,EPHB2,1.0
GO_Biological_Process_2021,response to alcohol (GO:0097305),1/30,0.5323768244698199,1.3455185971805408,0.8482199339779595,SDF4,1.0
GO_Biological_Process_2021,respiratory tube development (GO:0030323),1/30,0.5323768244698199,1.3455185971805408,0.8482199339779595,PDPN,1.0
GO_Biological_Process_2021,plasma membrane invagination (GO:0099024),1/30,0.5323768244698199,1.3455185971805408,0.8482199339779595,CDC42,1.0
GO_Biological_Process_2021,positive regulation of DNA recombination (GO:0045911),1/30,0.5323768244698199,1.3455185971805408,0.8482199339779595,MAD2L2,1.0
GO_Biological_Process_2021,phosphatidylcholine acyl-chain remodeling (GO:0036151),1/30,0.5323768244698199,1.3455185971805408,0.8482199339779595,PLA2G5,1.0
GO_Biological_Process_2021,regulation of long-term synaptic potentiation (GO:1900271),1/30,0.5323768244698199,1.3455185971805408,0.8482199339779595,EPHB2,1.0
GO_Biological_Process_2021,regulation of vasoconstriction (GO:0019229),1/30,0.5323768244698199,1.3455185971805408,0.8482199339779595,ECE1,1.0
GO_Biological_Process_2021,"maturation of SSU-rRNA from tricistronic rRNA transcript (SSU-rRNA, 5.8S rRNA, LSU-rRNA) (GO:0000462)",1/30,0.5323768244698199,1.3455185971805408,0.8482199339779595,RPS8,1.0
GO_Biological_Process_2021,long-chain fatty acid biosynthetic process (GO:0042759),1/30,0.5323768244698199,1.3455185971805408,0.8482199339779595,ACOT7,1.0
GO_Biological_Process_2021,regulation of striated muscle contraction (GO:0006942),1/30,0.5323768244698199,1.3455185971805408,0.8482199339779595,RNF207,1.0
GO_Biological_Process_2021,regulation of macrophage activation (GO:0043030),1/30,0.5323768244698199,1.3455185971805408,0.8482199339779595,ZC3H12A,1.0
GO_Biological_Process_2021,zinc ion homeostasis (GO:0055069),1/30,0.5323768244698199,1.3455185971805408,0.8482199339779595,ATP13A2,1.0
GO_Biological_Process_2021,protein N-linked glycosylation via asparagine (GO:0018279),1/30,0.5323768244698199,1.3455185971805408,0.8482199339779595,DDOST,1.0
GO_Biological_Process_2021,mitochondrial ATP synthesis coupled electron transport (GO:0042775),2/71,0.5330422439594162,1.13095859494903,0.7115478035497963,NDUFS5;UQCRHL,1.0
GO_Biological_Process_2021,phosphatidylinositol-mediated signaling (GO:0048015),2/71,0.5330422439594162,1.13095859494903,0.7115478035497963,PIK3CD;PLCH2,1.0
GO_Biological_Process_2021,regulation of endopeptidase activity (GO:0052548),2/71,0.5330422439594162,1.13095859494903,0.7115478035497963,ATP13A2;HDAC1,1.0
GO_Biological_Process_2021,response to metal ion (GO:0010038),2/71,0.5330422439594162,1.13095859494903,0.7115478035497963,MTF1;PEF1,1.0
GO_Biological_Process_2021,fatty acid biosynthetic process (GO:0006633),2/71,0.5330422439594162,1.13095859494903,0.7115478035497963,ACOT7;ELOVL1,1.0
GO_Biological_Process_2021,phosphatidylinositol metabolic process (GO:0046488),3/112,0.5334874353074085,1.0738374994834536,0.6747133199076792,INPP5B;PIK3CD;PLA2G5,1.0
GO_Biological_Process_2021,positive regulation of Wnt signaling pathway (GO:0030177),4/153,0.5343767320714605,1.0473587150822083,0.656331735610868,MACF1;PSMB2;RNF220;SKI,1.0
GO_Biological_Process_2021,regulation of programmed cell death (GO:0043067),5/194,0.5354834617725484,1.0320666784179786,0.6446136483855973,DFFA;PINK1;TARDBP;TNFRSF25;TP73,1.0
GO_Biological_Process_2021,sulfur compound biosynthetic process (GO:0044272),3/113,0.539500964853043,1.0640204656955825,0.6566184206398935,AKR1A1;B4GALT2;ST3GAL3,1.0
GO_Biological_Process_2021,positive regulation of neurogenesis (GO:0050769),2/72,0.54059858213067,1.1147446712472384,0.6856552215559794,KDM1A;SPEN,1.0
GO_Biological_Process_2021,extrinsic apoptotic signaling pathway (GO:0097191),2/72,0.54059858213067,1.1147446712472384,0.6856552215559794,CASP9;TNFRSF1B,1.0
GO_Biological_Process_2021,peptidyl-asparagine modification (GO:0018196),1/31,0.5440849660704755,1.3006011770086603,0.7916107200006259,DDOST,1.0
GO_Biological_Process_2021,regulation of developmental growth (GO:0048638),1/31,0.5440849660704755,1.3006011770086603,0.7916107200006259,MFSD2A,1.0
GO_Biological_Process_2021,ribonucleoside bisphosphate metabolic process (GO:0033875),1/31,0.5440849660704755,1.3006011770086603,0.7916107200006259,ACOT7,1.0
GO_Biological_Process_2021,phospholipid translocation (GO:0045332),1/31,0.5440849660704755,1.3006011770086603,0.7916107200006259,MFSD2A,1.0
GO_Biological_Process_2021,protein palmitoylation (GO:0018345),1/31,0.5440849660704755,1.3006011770086603,0.7916107200006259,ZDHHC18,1.0
GO_Biological_Process_2021,purine nucleoside bisphosphate metabolic process (GO:0034032),1/31,0.5440849660704755,1.3006011770086603,0.7916107200006259,ACOT7,1.0
GO_Biological_Process_2021,regulation of cellular senescence (GO:2000772),1/31,0.5440849660704755,1.3006011770086603,0.7916107200006259,YBX1,1.0
GO_Biological_Process_2021,regulation of potassium ion transport (GO:0043266),1/31,0.5440849660704755,1.3006011770086603,0.7916107200006259,KCNAB2,1.0
GO_Biological_Process_2021,proteoglycan biosynthetic process (GO:0030166),1/31,0.5440849660704755,1.3006011770086603,0.7916107200006259,B3GALT6,1.0
GO_Biological_Process_2021,regulation of macrophage derived foam cell differentiation (GO:0010743),1/31,0.5440849660704755,1.3006011770086603,0.7916107200006259,PLA2G5,1.0
GO_Biological_Process_2021,negative regulation of response to biotic stimulus (GO:0002832),1/31,0.5440849660704755,1.3006011770086603,0.7916107200006259,MUL1,1.0
GO_Biological_Process_2021,negative regulation of peptidyl-tyrosine phosphorylation (GO:0050732),1/31,0.5440849660704755,1.3006011770086603,0.7916107200006259,PRKCZ,1.0
GO_Biological_Process_2021,negative regulation of osteoblast differentiation (GO:0045668),1/31,0.5440849660704755,1.3006011770086603,0.7916107200006259,SKI,1.0
GO_Biological_Process_2021,negative regulation of response to DNA damage stimulus (GO:2001021),1/31,0.5440849660704755,1.3006011770086603,0.7916107200006259,KDM1A,1.0
GO_Biological_Process_2021,positive regulation of ubiquitin-protein transferase activity (GO:0051443),1/31,0.5440849660704755,1.3006011770086603,0.7916107200006259,PINK1,1.0
GO_Biological_Process_2021,vitamin transport (GO:0051180),1/31,0.5440849660704755,1.3006011770086603,0.7916107200006259,PDPN,1.0
GO_Biological_Process_2021,negative regulation of interleukin-6 production (GO:0032715),1/31,0.5440849660704755,1.3006011770086603,0.7916107200006259,ZC3H12A,1.0
GO_Biological_Process_2021,positive regulation of RNA splicing (GO:0033120),1/31,0.5440849660704755,1.3006011770086603,0.7916107200006259,THRAP3,1.0
GO_Biological_Process_2021,prostaglandin metabolic process (GO:0006693),1/31,0.5440849660704755,1.3006011770086603,0.7916107200006259,PRXL2B,1.0
GO_Biological_Process_2021,regulation of cellular pH (GO:0030641),1/31,0.5440849660704755,1.3006011770086603,0.7916107200006259,SLC9A1,1.0
GO_Biological_Process_2021,negative regulation of transcription by RNA polymerase II (GO:0000122),17/684,0.5450146661091966,0.9937919038661042,0.6031746165393025,DMAP1;ENO1;HDAC1;HES5;ID3;KDM1A;MAD2L2;NOC2L;PER3;PLK3;PRDM2;SFPQ;SKI;SPEN;ZFP69;ZNF436;ZNF684,1.0
GO_Biological_Process_2021,activation of protein kinase activity (GO:0032147),3/114,0.5454698531174831,1.0543803153993847,0.6390680699779896,MTOR;PARK7;PINK1,1.0
GO_Biological_Process_2021,regulation of hydrolase activity (GO:0051336),2/73,0.5480698553678847,1.0989874777905675,0.6608788967558565,ATP5IF1;RAP1GAP,1.0
GO_Biological_Process_2021,transcription-coupled nucleotide-excision repair (GO:0006283),2/73,0.5480698553678847,1.0989874777905675,0.6608788967558565,PPIE;RPA2,1.0
GO_Biological_Process_2021,chromatin assembly (GO:0031497),2/73,0.5480698553678847,1.0989874777905675,0.6608788967558565,NOC2L;RBBP4,1.0
GO_Biological_Process_2021,"antigen processing and presentation of exogenous peptide antigen via MHC class I, TAP-dependent (GO:0002479)",2/73,0.5480698553678847,1.0989874777905675,0.6608788967558565,PSMB2;VAMP3,1.0
GO_Biological_Process_2021,peptidyl-serine phosphorylation (GO:0018105),4/156,0.5497301077507785,1.0265279934167744,0.614200271226513,MTOR;PINK1;PRKCZ;RPS6KA1,1.0
GO_Biological_Process_2021,"DNA damage response, signal transduction by p53 class mediator (GO:0030330)",2/74,0.5554555867903456,1.0836679841521377,0.6371606071230386,PLK3;SESN2,1.0
GO_Biological_Process_2021,regulation of cellular biosynthetic process (GO:0031326),1/32,0.5555005360521854,1.2585816549123852,0.7399021633880875,TNFRSF1B,1.0
GO_Biological_Process_2021,DNA damage checkpoint signaling (GO:0000077),1/32,0.5555005360521854,1.2585816549123852,0.7399021633880875,FBXO6,1.0
GO_Biological_Process_2021,RNA biosynthetic process (GO:0032774),1/32,0.5555005360521854,1.2585816549123852,0.7399021633880875,TAF12,1.0
GO_Biological_Process_2021,chondrocyte differentiation (GO:0002062),1/32,0.5555005360521854,1.2585816549123852,0.7399021633880875,HES5,1.0
GO_Biological_Process_2021,B cell proliferation (GO:0042100),1/32,0.5555005360521854,1.2585816549123852,0.7399021633880875,CTPS1,1.0
GO_Biological_Process_2021,negative regulation of DNA biosynthetic process (GO:2000279),1/32,0.5555005360521854,1.2585816549123852,0.7399021633880875,EXOSC10,1.0
GO_Biological_Process_2021,positive regulation of receptor signaling pathway via STAT (GO:1904894),1/32,0.5555005360521854,1.2585816549123852,0.7399021633880875,HES5,1.0
GO_Biological_Process_2021,metal ion export (GO:0070839),1/32,0.5555005360521854,1.2585816549123852,0.7399021633880875,SLC9A1,1.0
GO_Biological_Process_2021,membrane depolarization (GO:0051899),1/32,0.5555005360521854,1.2585816549123852,0.7399021633880875,ATP5IF1,1.0
GO_Biological_Process_2021,regulation of chemotaxis (GO:0050920),1/32,0.5555005360521854,1.2585816549123852,0.7399021633880875,ZSWIM5,1.0
GO_Biological_Process_2021,superoxide metabolic process (GO:0006801),1/32,0.5555005360521854,1.2585816549123852,0.7399021633880875,PRDX1,1.0
GO_Biological_Process_2021,negative regulation of microtubule polymerization or depolymerization (GO:0031111),1/32,0.5555005360521854,1.2585816549123852,0.7399021633880875,STMN1,1.0
GO_Biological_Process_2021,positive regulation of immune effector process (GO:0002699),1/32,0.5555005360521854,1.2585816549123852,0.7399021633880875,PLA2G5,1.0
GO_Biological_Process_2021,positive regulation of glucose transmembrane transport (GO:0010828),1/32,0.5555005360521854,1.2585816549123852,0.7399021633880875,C1QTNF12,1.0
GO_Biological_Process_2021,intra-Golgi vesicle-mediated transport (GO:0006891),1/32,0.5555005360521854,1.2585816549123852,0.7399021633880875,TRAPPC3,1.0
GO_Biological_Process_2021,establishment or maintenance of epithelial cell apical/basal polarity (GO:0045197),1/32,0.5555005360521854,1.2585816549123852,0.7399021633880875,CDC42,1.0
GO_Biological_Process_2021,GPI anchor biosynthetic process (GO:0006506),1/32,0.5555005360521854,1.2585816549123852,0.7399021633880875,PIGV,1.0
GO_Biological_Process_2021,regulation of intracellular estrogen receptor signaling pathway (GO:0033146),1/32,0.5555005360521854,1.2585816549123852,0.7399021633880875,SRARP,1.0
GO_Biological_Process_2021,negative regulation of double-strand break repair (GO:2000780),1/32,0.5555005360521854,1.2585816549123852,0.7399021633880875,MAD2L2,1.0
GO_Biological_Process_2021,negative regulation of apoptotic process (GO:0043066),12/485,0.555785701523654,0.9891692174177279,0.5810107842309443,ATAD3A;DFFA;HDAC1;IFI6;PARK7;PDPN;PINK1;PLK3;PPT1;RPS6KA1;SFPQ;ZC3H12A,1.0
GO_Biological_Process_2021,positive regulation of angiogenesis (GO:0045766),3/116,0.5572712911487765,1.035611881194398,0.6055254772392648,PIK3CD;TIE1;ZC3H12A,1.0
GO_Biological_Process_2021,sphingolipid metabolic process (GO:0006665),3/116,0.5572712911487765,1.035611881194398,0.6055254772392648,CPTP;ELOVL1;PPT1,1.0
GO_Biological_Process_2021,regulation of macromolecule metabolic process (GO:0060255),5/200,0.5626019086201102,0.9999999803159807,0.5751829791109131,PRDM2;TARDBP;TP73;YBX1;ZC3H12A,1.0
GO_Biological_Process_2021,membrane organization (GO:0061024),6/242,0.5654447232015343,0.9914224740980148,0.565252322649827,AZIN2;CPTP;LDLRAP1;MFN2;PPT1;VAMP3,1.0
GO_Biological_Process_2021,very long-chain fatty acid metabolic process (GO:0000038),1/33,0.5666308311229934,1.2191883529471272,0.6925566262366807,ELOVL1,1.0
GO_Biological_Process_2021,primary alcohol metabolic process (GO:0034308),1/33,0.5666308311229934,1.2191883529471272,0.6925566262366807,DHRS3,1.0
GO_Biological_Process_2021,positive regulation of organelle organization (GO:0010638),1/33,0.5666308311229934,1.2191883529471272,0.6925566262366807,PLA2G5,1.0
GO_Biological_Process_2021,negative regulation of smooth muscle cell proliferation (GO:0048662),1/33,0.5666308311229934,1.2191883529471272,0.6925566262366807,MFN2,1.0
GO_Biological_Process_2021,signal transduction by p53 class mediator (GO:0072331),1/33,0.5666308311229934,1.2191883529471272,0.6925566262366807,SESN2,1.0
GO_Biological_Process_2021,lytic vacuole organization (GO:0080171),1/33,0.5666308311229934,1.2191883529471272,0.6925566262366807,MTOR,1.0
GO_Biological_Process_2021,regulation of protein localization to cell surface (GO:2000008),1/33,0.5666308311229934,1.2191883529471272,0.6925566262366807,KCNAB2,1.0
GO_Biological_Process_2021,negative regulation of JNK cascade (GO:0046329),1/33,0.5666308311229934,1.2191883529471272,0.6925566262366807,PINK1,1.0
GO_Biological_Process_2021,regulation of neurotransmitter secretion (GO:0046928),1/33,0.5666308311229934,1.2191883529471272,0.6925566262366807,RIMS3,1.0
GO_Biological_Process_2021,positive regulation of receptor signaling pathway via JAK-STAT (GO:0046427),1/33,0.5666308311229934,1.2191883529471272,0.6925566262366807,HES5,1.0
GO_Biological_Process_2021,actin filament bundle assembly (GO:0051017),1/33,0.5666308311229934,1.2191883529471272,0.6925566262366807,ESPN,1.0
GO_Biological_Process_2021,apoptotic mitochondrial changes (GO:0008637),1/33,0.5666308311229934,1.2191883529471272,0.6925566262366807,IFI6,1.0
GO_Biological_Process_2021,actin filament bundle organization (GO:0061572),1/33,0.5666308311229934,1.2191883529471272,0.6925566262366807,ESPN,1.0
GO_Biological_Process_2021,muscle cell development (GO:0055001),1/33,0.5666308311229934,1.2191883529471272,0.6925566262366807,KDM1A,1.0
GO_Biological_Process_2021,apoptotic cell clearance (GO:0043277),1/33,0.5666308311229934,1.2191883529471272,0.6925566262366807,XKR8,1.0
GO_Biological_Process_2021,positive regulation of histone modification (GO:0031058),1/33,0.5666308311229934,1.2191883529471272,0.6925566262366807,KDM1A,1.0
GO_Biological_Process_2021,phosphatidylcholine biosynthetic process (GO:0006656),1/33,0.5666308311229934,1.2191883529471272,0.6925566262366807,MFSD2A,1.0
GO_Biological_Process_2021,negative regulation of response to external stimulus (GO:0032102),3/118,0.5688872683580736,1.0174962620921932,0.5739421556957292,AJAP1;MUL1;SMPDL3B,1.0
GO_Biological_Process_2021,positive regulation of protein-containing complex assembly (GO:0031334),3/118,0.5688872683580736,1.0174962620921932,0.5739421556957292,ISG15;PARK7;RPA2,1.0
GO_Biological_Process_2021,adenylate cyclase-activating G protein-coupled receptor signaling pathway (GO:0007189),3/118,0.5688872683580736,1.0174962620921932,0.5739421556957292,ADGRB2;GNB1;GPR3,1.0
GO_Biological_Process_2021,regulation of RNA splicing (GO:0043484),2/76,0.5699688972059921,1.0542711179810966,0.5926832695293187,KHDRBS1;SRSF10,1.0
GO_Biological_Process_2021,cell morphogenesis involved in neuron differentiation (GO:0048667),2/76,0.5699688972059921,1.0542711179810966,0.5926832695293187,DVL1;MFSD2A,1.0
GO_Biological_Process_2021,protein import into nucleus (GO:0006606),2/76,0.5699688972059921,1.0542711179810966,0.5926832695293187,IPO13;KPNA6,1.0
GO_Biological_Process_2021,establishment of protein localization to organelle (GO:0072594),2/76,0.5699688972059921,1.0542711179810966,0.5926832695293187,IPO13;PINK1,1.0
GO_Biological_Process_2021,positive regulation of cysteine-type endopeptidase activity involved in apoptotic process (GO:0043280),3/119,0.5746244570126919,1.008672706236378,0.5588435835576924,CASP9;LAPTM5;MUL1,1.0
GO_Biological_Process_2021,purine ribonucleotide metabolic process (GO:0009150),2/77,0.5770958925188556,1.040160622218997,0.5718250096879988,ACOT7;EPHA2,1.0
GO_Biological_Process_2021,negative regulation of developmental process (GO:0051093),2/77,0.5770958925188556,1.040160622218997,0.5718250096879988,MUL1;PINK1,1.0
GO_Biological_Process_2021,positive regulation of phosphatidylinositol 3-kinase signaling (GO:0014068),2/77,0.5770958925188556,1.040160622218997,0.5718250096879988,FGR;PIK3CD,1.0
GO_Biological_Process_2021,phosphatidylcholine metabolic process (GO:0046470),2/77,0.5770958925188556,1.040160622218997,0.5718250096879988,MFSD2A;PLA2G5,1.0
GO_Biological_Process_2021,protein insertion into membrane (GO:0051205),1/34,0.5774829663680735,1.1821825238282484,0.6491084445146983,UBE2J2,1.0
GO_Biological_Process_2021,phosphatidylinositol 3-kinase signaling (GO:0014065),1/34,0.5774829663680735,1.1821825238282484,0.6491084445146983,PIK3CD,1.0
GO_Biological_Process_2021,phosphatidylserine metabolic process (GO:0006658),1/34,0.5774829663680735,1.1821825238282484,0.6491084445146983,PLA2G5,1.0
GO_Biological_Process_2021,protein localization to chromosome (GO:0034502),1/34,0.5774829663680735,1.1821825238282484,0.6491084445146983,RPA2,1.0
GO_Biological_Process_2021,axoneme assembly (GO:0035082),1/34,0.5774829663680735,1.1821825238282484,0.6491084445146983,CFAP74,1.0
GO_Biological_Process_2021,regulation of transmembrane transport (GO:0034762),1/34,0.5774829663680735,1.1821825238282484,0.6491084445146983,SLC2A1,1.0
GO_Biological_Process_2021,positive regulation of interleukin-12 production (GO:0032735),1/34,0.5774829663680735,1.1821825238282484,0.6491084445146983,LAPTM5,1.0
GO_Biological_Process_2021,sister chromatid segregation (GO:0000819),1/34,0.5774829663680735,1.1821825238282484,0.6491084445146983,WRAP73,1.0
GO_Biological_Process_2021,central nervous system neuron differentiation (GO:0021953),1/34,0.5774829663680735,1.1821825238282484,0.6491084445146983,CHD5,1.0
GO_Biological_Process_2021,positive regulation of mitochondrial outer membrane permeabilization involved in apoptotic signaling pathway (GO:1901030),1/34,0.5774829663680735,1.1821825238282484,0.6491084445146983,TP73,1.0
GO_Biological_Process_2021,B cell receptor signaling pathway (GO:0050853),1/34,0.5774829663680735,1.1821825238282484,0.6491084445146983,PIK3CD,1.0
GO_Biological_Process_2021,protein destabilization (GO:0031648),1/34,0.5774829663680735,1.1821825238282484,0.6491084445146983,MUL1,1.0
GO_Biological_Process_2021,negative regulation of extrinsic apoptotic signaling pathway via death domain receptors (GO:1902042),1/34,0.5774829663680735,1.1821825238282484,0.6491084445146983,PARK7,1.0
GO_Biological_Process_2021,regulation of keratinocyte differentiation (GO:0045616),1/34,0.5774829663680735,1.1821825238282484,0.6491084445146983,ERRFI1,1.0
GO_Biological_Process_2021,response to steroid hormone (GO:0048545),1/34,0.5774829663680735,1.1821825238282484,0.6491084445146983,PAQR7,1.0
GO_Biological_Process_2021,organelle disassembly (GO:1903008),1/34,0.5774829663680735,1.1821825238282484,0.6491084445146983,PLK3,1.0
GO_Biological_Process_2021,macroautophagy (GO:0016236),3/120,0.5803138430995893,0.9999999803951921,0.5441862023271807,ATP13A2;MFN2;PINK1,1.0
GO_Biological_Process_2021,cytoskeleton organization (GO:0007010),3/120,0.5803138430995893,0.9999999803951921,0.5441862023271807,CAPZB;ZMYM4;ZMYM6,1.0
GO_Biological_Process_2021,protein modification process (GO:0036211),2/78,0.5841361719792074,1.0264214552927418,0.551825885372429,FBXO2;ICMT,1.0
GO_Biological_Process_2021,negative regulation of blood vessel morphogenesis (GO:2000181),2/78,0.5841361719792074,1.0264214552927418,0.551825885372429,AGO1;HSPG2,1.0
GO_Biological_Process_2021,antigen processing and presentation of exogenous peptide antigen via MHC class I (GO:0042590),2/78,0.5841361719792074,1.0264214552927418,0.551825885372429,PSMB2;VAMP3,1.0
GO_Biological_Process_2021,regulation of apoptotic process (GO:0042981),18/742,0.586333748686129,0.9684784655561997,0.5170378354054176,ARHGEF16;ATAD3A;CASP9;DFFA;HDAC1;IFI6;PARK7;PDPN;PINK1;PLEKHG5;PLK3;PPT1;RPS6KA1;STPG1;TARDBP;TNFRSF25;TP73;UTP11,1.0
GO_Biological_Process_2021,regulation of lipid biosynthetic process (GO:0046890),1/35,0.5880638797616401,1.1473535081869508,0.6091525779900099,MTOR,1.0
GO_Biological_Process_2021,intracellular pH reduction (GO:0051452),1/35,0.5880638797616401,1.1473535081869508,0.6091525779900099,ATP6V0B,1.0
GO_Biological_Process_2021,regulation of T cell receptor signaling pathway (GO:0050856),1/35,0.5880638797616401,1.1473535081869508,0.6091525779900099,LAPTM5,1.0
GO_Biological_Process_2021,regulation of muscle cell differentiation (GO:0051147),1/35,0.5880638797616401,1.1473535081869508,0.6091525779900099,CDC42,1.0
GO_Biological_Process_2021,respiratory system development (GO:0060541),1/35,0.5880638797616401,1.1473535081869508,0.6091525779900099,PDPN,1.0
GO_Biological_Process_2021,negative regulation of T cell proliferation (GO:0042130),1/35,0.5880638797616401,1.1473535081869508,0.6091525779900099,TNFRSF14,1.0
GO_Biological_Process_2021,maturation of SSU-rRNA (GO:0030490),1/35,0.5880638797616401,1.1473535081869508,0.6091525779900099,RPS8,1.0
GO_Biological_Process_2021,negative regulation of organelle assembly (GO:1902116),1/35,0.5880638797616401,1.1473535081869508,0.6091525779900099,PINK1,1.0
GO_Biological_Process_2021,negative regulation of epithelial cell migration (GO:0010633),1/35,0.5880638797616401,1.1473535081869508,0.6091525779900099,SVBP,1.0
GO_Biological_Process_2021,blood vessel diameter maintenance (GO:0097746),1/35,0.5880638797616401,1.1473535081869508,0.6091525779900099,ECE1,1.0
GO_Biological_Process_2021,regulation of autophagosome assembly (GO:2000785),1/35,0.5880638797616401,1.1473535081869508,0.6091525779900099,PINK1,1.0
GO_Biological_Process_2021,regulation of regulated secretory pathway (GO:1903305),1/35,0.5880638797616401,1.1473535081869508,0.6091525779900099,RIMS3,1.0
GO_Biological_Process_2021,cellular response to hydrogen peroxide (GO:0070301),1/35,0.5880638797616401,1.1473535081869508,0.6091525779900099,PARK7,1.0
GO_Biological_Process_2021,regulation of trans-synaptic signaling (GO:0099177),1/35,0.5880638797616401,1.1473535081869508,0.6091525779900099,GRIK3,1.0
GO_Biological_Process_2021,response to exogenous dsRNA (GO:0043330),1/35,0.5880638797616401,1.1473535081869508,0.6091525779900099,MUL1,1.0
GO_Biological_Process_2021,protein localization to cilium (GO:0061512),1/35,0.5880638797616401,1.1473535081869508,0.6091525779900099,NPHP4,1.0
GO_Biological_Process_2021,peptidyl-tyrosine dephosphorylation (GO:0035335),1/35,0.5880638797616401,1.1473535081869508,0.6091525779900099,PTPRF,1.0
GO_Biological_Process_2021,response to estrogen (GO:0043627),1/35,0.5880638797616401,1.1473535081869508,0.6091525779900099,CITED4,1.0
GO_Biological_Process_2021,positive regulation of cell cycle G1/S phase transition (GO:1902808),1/35,0.5880638797616401,1.1473535081869508,0.6091525779900099,LSM10,1.0
GO_Biological_Process_2021,muscle cell differentiation (GO:0042692),1/35,0.5880638797616401,1.1473535081869508,0.6091525779900099,KDM1A,1.0
GO_Biological_Process_2021,recombinational repair (GO:0000725),2/79,0.5910896087479007,1.0130391498450908,0.5326434747884322,RPA2;SFPQ,1.0
GO_Biological_Process_2021,regulation of cellular response to heat (GO:1900034),2/79,0.5910896087479007,1.0130391498450908,0.5326434747884322,MTOR;RPA2,1.0
GO_Biological_Process_2021,regulation of ion transport (GO:0043269),2/79,0.5910896087479007,1.0130391498450908,0.5326434747884322,NKAIN1;VAMP3,1.0
GO_Biological_Process_2021,axon development (GO:0061564),2/79,0.5910896087479007,1.0130391498450908,0.5326434747884322,EPHB2;SVBP,1.0
GO_Biological_Process_2021,adenylate cyclase-modulating G protein-coupled receptor signaling pathway (GO:0007188),4/165,0.5941298244070946,0.9686936295382096,0.5043575296962062,ADGRB2;CORT;GPR3;WASF2,1.0
GO_Biological_Process_2021,negative regulation of cellular response to growth factor stimulus (GO:0090288),2/80,0.5979561363951246,0.9999999804345592,0.5142378681703181,NBL1;SKI,1.0
GO_Biological_Process_2021,regulation of NIK/NF-kappaB signaling (GO:1901222),2/80,0.5979561363951246,0.9999999804345592,0.5142378681703181,LAPTM5;ZC3H12A,1.0
GO_Biological_Process_2021,negative regulation of cell cycle (GO:0045786),2/80,0.5979561363951246,0.9999999804345592,0.5142378681703181,CAMK2N1;ZBTB17,1.0
GO_Biological_Process_2021,negative regulation of cellular component organization (GO:0051129),2/80,0.5979561363951246,0.9999999804345592,0.5142378681703181,CDC42;PRKCZ,1.0
GO_Biological_Process_2021,activation of adenylate cyclase activity (GO:0007190),1/36,0.598380336567009,1.11451472201087,0.5723353106764812,CAP1,1.0
GO_Biological_Process_2021,positive regulation of bone mineralization (GO:0030501),1/36,0.598380336567009,1.11451472201087,0.5723353106764812,ISG15,1.0
GO_Biological_Process_2021,axonal transport (GO:0098930),1/36,0.598380336567009,1.11451472201087,0.5723353106764812,KIF1B,1.0
GO_Biological_Process_2021,regulation of sodium ion transport (GO:0002028),1/36,0.598380336567009,1.11451472201087,0.5723353106764812,NKAIN1,1.0
GO_Biological_Process_2021,macrophage activation (GO:0042116),1/36,0.598380336567009,1.11451472201087,0.5723353106764812,C1QA,1.0
GO_Biological_Process_2021,intrinsic apoptotic signaling pathway by p53 class mediator (GO:0072332),1/36,0.598380336567009,1.11451472201087,0.5723353106764812,TP73,1.0
GO_Biological_Process_2021,establishment of protein localization to plasma membrane (GO:0061951),1/36,0.598380336567009,1.11451472201087,0.5723353106764812,MACF1,1.0
GO_Biological_Process_2021,retina homeostasis (GO:0001895),1/36,0.598380336567009,1.11451472201087,0.5723353106764812,PRDX1,1.0
GO_Biological_Process_2021,positive regulation of cytokine-mediated signaling pathway (GO:0001961),1/36,0.598380336567009,1.11451472201087,0.5723353106764812,LAPTM5,1.0
GO_Biological_Process_2021,cyclic-nucleotide-mediated signaling (GO:0019935),1/36,0.598380336567009,1.11451472201087,0.5723353106764812,CAP1,1.0
GO_Biological_Process_2021,negative regulation of toll-like receptor signaling pathway (GO:0034122),1/36,0.598380336567009,1.11451472201087,0.5723353106764812,SMPDL3B,1.0
GO_Biological_Process_2021,negative regulation of DNA metabolic process (GO:0051053),1/36,0.598380336567009,1.11451472201087,0.5723353106764812,DFFA,1.0
GO_Biological_Process_2021,mitochondrion disassembly (GO:0061726),1/36,0.598380336567009,1.11451472201087,0.5723353106764812,PINK1,1.0
GO_Biological_Process_2021,regulation of osteoclast differentiation (GO:0045670),1/36,0.598380336567009,1.11451472201087,0.5723353106764812,MTOR,1.0
GO_Biological_Process_2021,positive regulation of myeloid leukocyte differentiation (GO:0002763),1/36,0.598380336567009,1.11451472201087,0.5723353106764812,CTNNBIP1,1.0
GO_Biological_Process_2021,membrane fusion (GO:0061025),1/36,0.598380336567009,1.11451472201087,0.5723353106764812,VAMP3,1.0
GO_Biological_Process_2021,telomere maintenance via telomere lengthening (GO:0010833),1/36,0.598380336567009,1.11451472201087,0.5723353106764812,ZBTB48,1.0
GO_Biological_Process_2021,transferrin transport (GO:0033572),1/36,0.598380336567009,1.11451472201087,0.5723353106764812,ATP6V0B,1.0
GO_Biological_Process_2021,positive regulation of substrate adhesion-dependent cell spreading (GO:1900026),1/36,0.598380336567009,1.11451472201087,0.5723353106764812,CDC42,1.0
GO_Biological_Process_2021,positive regulation of interferon-beta production (GO:0032728),1/36,0.598380336567009,1.11451472201087,0.5723353106764812,ISG15,1.0
GO_Biological_Process_2021,regulation of microtubule-based process (GO:0032886),1/36,0.598380336567009,1.11451472201087,0.5723353106764812,MACF1,1.0
GO_Biological_Process_2021,defense response to symbiont (GO:0140546),3/124,0.6025855643898795,0.9667425854339504,0.48967987597829665,IFI6;IFNLR1;ISG15,1.0
GO_Biological_Process_2021,regulation of protein secretion (GO:0050708),3/125,0.6080303490781438,0.9587689886911936,0.47701679708436784,ATP13A2;P3H1;SLC2A1,1.0
GO_Biological_Process_2021,positive regulation of exocytosis (GO:0045921),1/37,0.6084389336275428,1.0835003128445717,0.5383465863324152,ATP13A2,1.0
GO_Biological_Process_2021,positive regulation of myeloid cell differentiation (GO:0045639),1/37,0.6084389336275428,1.0835003128445717,0.5383465863324152,PITHD1,1.0
GO_Biological_Process_2021,regulation of microtubule cytoskeleton organization (GO:0070507),1/37,0.6084389336275428,1.0835003128445717,0.5383465863324152,STMN1,1.0
GO_Biological_Process_2021,neural crest cell migration (GO:0001755),1/37,0.6084389336275428,1.0835003128445717,0.5383465863324152,PHACTR4,1.0
GO_Biological_Process_2021,regulation of protein autophosphorylation (GO:0031952),1/37,0.6084389336275428,1.0835003128445717,0.5383465863324152,ERRFI1,1.0
GO_Biological_Process_2021,regulation of p38MAPK cascade (GO:1900744),1/37,0.6084389336275428,1.0835003128445717,0.5383465863324152,ZC3H12A,1.0
GO_Biological_Process_2021,negative regulation of G1/S transition of mitotic cell cycle (GO:2000134),1/37,0.6084389336275428,1.0835003128445717,0.5383465863324152,PLK3,1.0
GO_Biological_Process_2021,negative regulation of endothelial cell proliferation (GO:0001937),1/37,0.6084389336275428,1.0835003128445717,0.5383465863324152,ATP5IF1,1.0
GO_Biological_Process_2021,negative regulation of stress-activated MAPK cascade (GO:0032873),1/37,0.6084389336275428,1.0835003128445717,0.5383465863324152,PINK1,1.0
GO_Biological_Process_2021,"nucleotide-excision repair, DNA incision, 5'-to lesion (GO:0006296)",1/37,0.6084389336275428,1.0835003128445717,0.5383465863324152,RPA2,1.0
GO_Biological_Process_2021,tRNA transport (GO:0051031),1/37,0.6084389336275428,1.0835003128445717,0.5383465863324152,YBX1,1.0
GO_Biological_Process_2021,acyl-CoA metabolic process (GO:0006637),1/37,0.6084389336275428,1.0835003128445717,0.5383465863324152,ACOT7,1.0
GO_Biological_Process_2021,regulation of glucose import (GO:0046324),1/37,0.6084389336275428,1.0835003128445717,0.5383465863324152,C1QTNF12,1.0
GO_Biological_Process_2021,phagosome maturation (GO:0090382),1/37,0.6084389336275428,1.0835003128445717,0.5383465863324152,ATP6V0B,1.0
GO_Biological_Process_2021,positive regulation of cytokinesis (GO:0032467),1/37,0.6084389336275428,1.0835003128445717,0.5383465863324152,CDC42,1.0
GO_Biological_Process_2021,glutamate receptor signaling pathway (GO:0007215),1/37,0.6084389336275428,1.0835003128445717,0.5383465863324152,GRIK3,1.0
GO_Biological_Process_2021,regulation of intracellular pH (GO:0051453),1/37,0.6084389336275428,1.0835003128445717,0.5383465863324152,SLC9A1,1.0
GO_Biological_Process_2021,anterograde axonal transport (GO:0008089),1/37,0.6084389336275428,1.0835003128445717,0.5383465863324152,KIF1B,1.0
GO_Biological_Process_2021,phospholipid biosynthetic process (GO:0008654),1/37,0.6084389336275428,1.0835003128445717,0.5383465863324152,DHDDS,1.0
GO_Biological_Process_2021,regulation of actin cytoskeleton reorganization (GO:2000249),1/37,0.6084389336275428,1.0835003128445717,0.5383465863324152,CDC42,1.0
GO_Biological_Process_2021,proton transmembrane transport (GO:1902600),1/37,0.6084389336275428,1.0835003128445717,0.5383465863324152,SLC9A1,1.0
GO_Biological_Process_2021,positive regulation of phosphorylation (GO:0042327),6/253,0.6088194106440282,0.9467291524330753,0.4697988055899761,EPHA10;EPHA2;EPHA8;EPHB2;PINK1;TIE1,1.0
GO_Biological_Process_2021,positive regulation of intracellular signal transduction (GO:1902533),13/546,0.610775020318168,0.9499173446453594,0.4683345216914837,CHD5;EPHA8;FGR;LAPTM5;MIB2;MUL1;PARK7;PIK3CD;PINK1;PLEKHG5;PUM1;RRAGC;TRIM62,1.0
GO_Biological_Process_2021,peptidyl-serine modification (GO:0018209),4/169,0.6130104099744813,0.9450146441926423,0.46246499278936065,MTOR;PINK1;PRKCZ;RPS6KA1,1.0
GO_Biological_Process_2021,circulatory system development (GO:0072359),3/126,0.613425299105715,0.950925043927994,0.4647140108816954,C1ORF127;ECE1;HSPG2,1.0
GO_Biological_Process_2021,negative regulation of programmed cell death (GO:0043069),9/381,0.6154158162291743,0.9425136137783838,0.4575499404477127,ATAD3A;HDAC1;IFI6;LAPTM5;PARK7;PDPN;PLK3;PPT1;RPS6KA1,1.0
GO_Biological_Process_2021,regulation of osteoblast differentiation (GO:0045667),2/83,0.6180344456835448,0.9628142010045242,0.46331686701750835,CTNNBIP1;SKI,1.0
GO_Biological_Process_2021,regulation of interleukin-1 beta production (GO:0032651),2/83,0.6180344456835448,0.9628142010045242,0.46331686701750835,CPTP;ZC3H12A,1.0
GO_Biological_Process_2021,lysosome organization (GO:0007040),1/38,0.6182461035512131,1.054162358227803,0.5069136564193013,MTOR,1.0
GO_Biological_Process_2021,spliceosomal snRNP assembly (GO:0000387),1/38,0.6182461035512131,1.054162358227803,0.5069136564193013,SRSF10,1.0
GO_Biological_Process_2021,connective tissue development (GO:0061448),1/38,0.6182461035512131,1.054162358227803,0.5069136564193013,HES5,1.0
GO_Biological_Process_2021,lymphocyte proliferation (GO:0046651),1/38,0.6182461035512131,1.054162358227803,0.5069136564193013,CTPS1,1.0
GO_Biological_Process_2021,DNA replication initiation (GO:0006270),1/38,0.6182461035512131,1.054162358227803,0.5069136564193013,RPA2,1.0
GO_Biological_Process_2021,negative regulation of endothelial cell migration (GO:0010596),1/38,0.6182461035512131,1.054162358227803,0.5069136564193013,SVBP,1.0
GO_Biological_Process_2021,positive regulation of cell development (GO:0010720),1/38,0.6182461035512131,1.054162358227803,0.5069136564193013,SPEN,1.0
GO_Biological_Process_2021,ventricular septum development (GO:0003281),1/38,0.6182461035512131,1.054162358227803,0.5069136564193013,HEYL,1.0
GO_Biological_Process_2021,positive regulation of potassium ion transport (GO:0043268),1/38,0.6182461035512131,1.054162358227803,0.5069136564193013,GNB1,1.0
GO_Biological_Process_2021,negative regulation of G0 to G1 transition (GO:0070317),1/38,0.6182461035512131,1.054162358227803,0.5069136564193013,RBBP4,1.0
GO_Biological_Process_2021,regulation of axon extension (GO:0030516),1/38,0.6182461035512131,1.054162358227803,0.5069136564193013,MACF1,1.0
GO_Biological_Process_2021,regulation of phosphoprotein phosphatase activity (GO:0043666),1/38,0.6182461035512131,1.054162358227803,0.5069136564193013,MTOR,1.0
GO_Biological_Process_2021,translation (GO:0006412),5/214,0.6225793072142347,0.9323377130289902,0.44182016498124255,MRPS15;PABPC4;RPL11;RPL22;RPS8,1.0
GO_Biological_Process_2021,positive regulation of GTPase activity (GO:0043547),5/214,0.6225793072142347,0.9323377130289902,0.44182016498124255,AGRN;ARHGEF16;ASAP3;EPHA2;RAP1GAP,1.0
GO_Biological_Process_2021,plasma membrane bounded cell projection organization (GO:0120036),3/128,0.6240647591454644,0.9356136637502283,0.4411429046751293,EPHA8;NCDN;STMN1,1.0
GO_Biological_Process_2021,spindle assembly (GO:0051225),2/84,0.6245537804473907,0.9510235880145131,0.44766376487342374,RCC1;WRAP73,1.0
GO_Biological_Process_2021,nuclear export (GO:0051168),2/84,0.6245537804473907,0.9510235880145131,0.44766376487342374,SRRM1;SRSF4,1.0
GO_Biological_Process_2021,regulation of cellular macromolecule biosynthetic process (GO:2000112),11/468,0.6251325520254043,0.9373525921534085,0.4403603444973777,CDK11A;CDK11B;DVL1;HP1BP3;MYCBP;NFYC;PPIE;PRDM2;SFPQ;SRSF10;YBX1,1.0
GO_Biological_Process_2021,positive regulation of intracellular transport (GO:0032388),1/39,0.6278081187913891,1.026368506485601,0.47779578819140384,PLK3,1.0
GO_Biological_Process_2021,regulation of T cell differentiation (GO:0045580),1/39,0.6278081187913891,1.026368506485601,0.47779578819140384,TNFRSF18,1.0
GO_Biological_Process_2021,"nucleotide-excision repair, DNA incision (GO:0033683)",1/39,0.6278081187913891,1.026368506485601,0.47779578819140384,RPA2,1.0
GO_Biological_Process_2021,protein acylation (GO:0043543),1/39,0.6278081187913891,1.026368506485601,0.47779578819140384,ZDHHC18,1.0
GO_Biological_Process_2021,negative regulation of cellular metabolic process (GO:0031324),1/39,0.6278081187913891,1.026368506485601,0.47779578819140384,PINK1,1.0
GO_Biological_Process_2021,"mitochondrial electron transport, NADH to ubiquinone (GO:0006120)",1/39,0.6278081187913891,1.026368506485601,0.47779578819140384,NDUFS5,1.0
GO_Biological_Process_2021,regulation of dendrite development (GO:0050773),1/39,0.6278081187913891,1.026368506485601,0.47779578819140384,MFSD2A,1.0
GO_Biological_Process_2021,phospholipid dephosphorylation (GO:0046839),1/39,0.6278081187913891,1.026368506485601,0.47779578819140384,INPP5B,1.0
GO_Biological_Process_2021,endothelial cell migration (GO:0043542),1/39,0.6278081187913891,1.026368506485601,0.47779578819140384,PLEKHG5,1.0
GO_Biological_Process_2021,response to peptide (GO:1901652),1/39,0.6278081187913891,1.026368506485601,0.47779578819140384,EIF2B3,1.0
GO_Biological_Process_2021,regulation of viral entry into host cell (GO:0046596),1/39,0.6278081187913891,1.026368506485601,0.47779578819140384,TRIM62,1.0
GO_Biological_Process_2021,odontogenesis (GO:0042476),1/39,0.6278081187913891,1.026368506485601,0.47779578819140384,HDAC1,1.0
GO_Biological_Process_2021,regulation of intracellular transport (GO:0032386),1/39,0.6278081187913891,1.026368506485601,0.47779578819140384,ATP13A2,1.0
GO_Biological_Process_2021,DNA integrity checkpoint signaling (GO:0031570),1/39,0.6278081187913891,1.026368506485601,0.47779578819140384,FBXO6,1.0
GO_Biological_Process_2021,negative regulation of protein secretion (GO:0050709),1/39,0.6278081187913891,1.026368506485601,0.47779578819140384,BMP8A,1.0
GO_Biological_Process_2021,cellular response to ketone (GO:1901655),1/39,0.6278081187913891,1.026368506485601,0.47779578819140384,GNB1,1.0
GO_Biological_Process_2021,negative regulation of defense response (GO:0031348),2/85,0.6309866812605202,0.9395170861808878,0.4326199249959512,MUL1;SMPDL3B,1.0
GO_Biological_Process_2021,positive regulation of protein catabolic process (GO:0045732),2/85,0.6309866812605202,0.9395170861808878,0.4326199249959512,PLK3;TNFRSF1B,1.0
GO_Biological_Process_2021,innate immune response (GO:0045087),7/302,0.6328965288184767,0.9243648182564292,0.42284914406886226,ATAD3A;FGR;IFI6;IFNLR1;ISG15;PIK3CD;TRIM62,1.0
GO_Biological_Process_2021,Golgi organization (GO:0007030),3/130,0.634502328804025,0.9207845317670377,0.41887807055012133,CDC42;PLEKHM2;PLK3,1.0
GO_Biological_Process_2021,regulation of primary metabolic process (GO:0080090),3/130,0.634502328804025,0.9207845317670377,0.41887807055012133,NFYC;PSMB2;ZFP69,1.0
GO_Biological_Process_2021,cation transport (GO:0006812),4/174,0.6358333967454735,0.9169829041879634,0.415227010962264,KCNQ4;SCNN1D;SLC66A1;SLC6A9,1.0
GO_Biological_Process_2021,regulation of nitric oxide biosynthetic process (GO:0045428),1/40,0.6371310956264329,0.9999999804737684,0.45077983417083245,ZC3H12A,1.0
GO_Biological_Process_2021,autophagy of mitochondrion (GO:0000422),1/40,0.6371310956264329,0.9999999804737684,0.45077983417083245,PINK1,1.0
GO_Biological_Process_2021,glycolipid biosynthetic process (GO:0009247),1/40,0.6371310956264329,0.9999999804737684,0.45077983417083245,PIGV,1.0
GO_Biological_Process_2021,positive regulation of intrinsic apoptotic signaling pathway (GO:2001244),1/40,0.6371310956264329,0.9999999804737684,0.45077983417083245,SFPQ,1.0
GO_Biological_Process_2021,stem cell differentiation (GO:0048863),1/40,0.6371310956264329,0.9999999804737684,0.45077983417083245,PUM1,1.0
GO_Biological_Process_2021,regulation of microtubule polymerization (GO:0031113),1/40,0.6371310956264329,0.9999999804737684,0.45077983417083245,STMN1,1.0
GO_Biological_Process_2021,positive regulation of ossification (GO:0045778),1/40,0.6371310956264329,0.9999999804737684,0.45077983417083245,ISG15,1.0
GO_Biological_Process_2021,positive regulation of double-strand break repair (GO:2000781),1/40,0.6371310956264329,0.9999999804737684,0.45077983417083245,MAD2L2,1.0
GO_Biological_Process_2021,synaptic vesicle exocytosis (GO:0016079),1/40,0.6371310956264329,0.9999999804737684,0.45077983417083245,RIMS3,1.0
GO_Biological_Process_2021,carboxylic acid metabolic process (GO:0019752),1/40,0.6371310956264329,0.9999999804737684,0.45077983417083245,SLC2A1,1.0
GO_Biological_Process_2021,positive regulation of wound healing (GO:0090303),1/40,0.6371310956264329,0.9999999804737684,0.45077983417083245,MTOR,1.0
GO_Biological_Process_2021,negative regulation of I-kappaB kinase/NF-kappaB signaling (GO:0043124),1/40,0.6371310956264329,0.9999999804737684,0.45077983417083245,ZC3H12A,1.0
GO_Biological_Process_2021,positive regulation of endothelial cell migration (GO:0010595),2/86,0.6373333862941308,0.9282845486766347,0.4181572772708505,PIK3CD;ZC3H12A,1.0
GO_Biological_Process_2021,positive regulation of proteasomal protein catabolic process (GO:1901800),2/86,0.6373333862941308,0.9282845486766347,0.4181572772708505,DVL1;RNF19B,1.0
GO_Biological_Process_2021,regulation of Ras protein signal transduction (GO:0046578),2/86,0.6373333862941308,0.9282845486766347,0.4181572772708505,EPHB2;MFN2,1.0
GO_Biological_Process_2021,cellular response to metal ion (GO:0071248),3/131,0.6396450082397065,0.9135437446658704,0.4082096510498812,ATP13A2;CLIC4;HPCA,1.0
GO_Biological_Process_2021,negative regulation of angiogenesis (GO:0016525),2/87,0.6435941757737178,0.9173163061724814,0.40424929153760064,AGO1;HSPG2,1.0
GO_Biological_Process_2021,gluconeogenesis (GO:0006094),1/41,0.6462209980406004,0.9749498807625273,0.4256765054390078,ENO1,1.0
GO_Biological_Process_2021,acylglycerol metabolic process (GO:0006639),1/41,0.6462209980406004,0.9749498807625273,0.4256765054390078,LYPLA2,1.0
GO_Biological_Process_2021,visual system development (GO:0150063),1/41,0.6462209980406004,0.9749498807625273,0.4256765054390078,C1QA,1.0
GO_Biological_Process_2021,positive regulation of TOR signaling (GO:0032008),1/41,0.6462209980406004,0.9749498807625273,0.4256765054390078,RRAGC,1.0
GO_Biological_Process_2021,regulation of release of cytochrome c from mitochondria (GO:0090199),1/41,0.6462209980406004,0.9749498807625273,0.4256765054390078,PINK1,1.0
GO_Biological_Process_2021,carbohydrate catabolic process (GO:0016052),1/41,0.6462209980406004,0.9749498807625273,0.4256765054390078,ENO1,1.0
GO_Biological_Process_2021,T cell differentiation (GO:0030217),1/41,0.6462209980406004,0.9749498807625273,0.4256765054390078,PIK3CD,1.0
GO_Biological_Process_2021,negative regulation of cell-cell adhesion (GO:0022408),1/41,0.6462209980406004,0.9749498807625273,0.4256765054390078,MAD2L2,1.0
GO_Biological_Process_2021,protein methylation (GO:0006479),1/41,0.6462209980406004,0.9749498807625273,0.4256765054390078,ICMT,1.0
GO_Biological_Process_2021,positive regulation of cation transmembrane transport (GO:1904064),1/41,0.6462209980406004,0.9749498807625273,0.4256765054390078,GNB1,1.0
GO_Biological_Process_2021,positive regulation of biomineral tissue development (GO:0070169),1/41,0.6462209980406004,0.9749498807625273,0.4256765054390078,ISG15,1.0
GO_Biological_Process_2021,epithelial cell migration (GO:0010631),1/41,0.6462209980406004,0.9749498807625273,0.4256765054390078,PLEKHG5,1.0
GO_Biological_Process_2021,response to growth factor (GO:0070848),1/41,0.6462209980406004,0.9749498807625273,0.4256765054390078,EPHA2,1.0
GO_Biological_Process_2021,regulation of G0 to G1 transition (GO:0070316),1/41,0.6462209980406004,0.9749498807625273,0.4256765054390078,RBBP4,1.0
GO_Biological_Process_2021,regulation of viral transcription (GO:0046782),1/41,0.6462209980406004,0.9749498807625273,0.4256765054390078,TRIM62,1.0
GO_Biological_Process_2021,transmembrane receptor protein serine/threonine kinase signaling pathway (GO:0007178),3/133,0.6497775690807281,0.899396360637436,0.38775241433741503,BMP8A;PRKCZ;SKI,1.0
GO_Biological_Process_2021,regulation of translation (GO:0006417),4/178,0.6534531448882859,0.8957174462533795,0.38111384247150526,EIF4G3;MTOR;RPS6KA1;YBX1,1.0
GO_Biological_Process_2021,positive regulation of peptidyl-tyrosine phosphorylation (GO:0050731),3/134,0.6547672828422215,0.8924846615701091,0.3779452989176632,HES5;TNFRSF14;TNFRSF18,1.0
GO_Biological_Process_2021,heterophilic cell-cell adhesion via plasma membrane cell adhesion molecules (GO:0007157),1/42,0.655083641508695,0.9511217371347614,0.4023172230444335,IGSF21,1.0
GO_Biological_Process_2021,phosphatidylinositol phosphate biosynthetic process (GO:0046854),1/42,0.655083641508695,0.9511217371347614,0.4023172230444335,PIK3CD,1.0
GO_Biological_Process_2021,skeletal system morphogenesis (GO:0048705),1/42,0.655083641508695,0.9511217371347614,0.4023172230444335,SKI,1.0
GO_Biological_Process_2021,nucleic acid-templated transcription (GO:0097659),1/42,0.655083641508695,0.9511217371347614,0.4023172230444335,RRAGC,1.0
GO_Biological_Process_2021,regulation of type I interferon production (GO:0032479),2/89,0.6558593258713906,0.8961362516817029,0.37799829613127345,GPATCH3;ISG15,1.0
GO_Biological_Process_2021,protein import (GO:0017038),2/89,0.6558593258713906,0.8961362516817029,0.37799829613127345,IPO13;PEX14,1.0
GO_Biological_Process_2021,transforming growth factor beta receptor signaling pathway (GO:0007179),2/89,0.6558593258713906,0.8961362516817029,0.37799829613127345,PRKCZ;SKI,1.0
GO_Biological_Process_2021,regulation of cysteine-type endopeptidase activity involved in apoptotic process (GO:0043281),2/89,0.6558593258713906,0.8961362516817029,0.37799829613127345,IFI6;RPS6KA1,1.0
GO_Biological_Process_2021,regulation of cation channel activity (GO:2001257),2/89,0.6558593258713906,0.8961362516817029,0.37799829613127345,HPCA;SELENON,1.0
GO_Biological_Process_2021,negative regulation of signal transduction (GO:0009968),6/267,0.660398766401436,0.8952952496880529,0.37146823670234047,CTNNBIP1;PHACTR4;PRKCZ;PTCH2;SMPDL3B;YTHDF2,1.0
GO_Biological_Process_2021,neutrophil degranulation (GO:0043312),11/481,0.6606412561120197,0.910803619323948,0.37756846291834445,ATAD3B;CAP1;DDOST;FGR;FUCA1;KCNAB2;PADI2;PPIE;SLC2A5;TNFRSF1B;UBR4,1.0
GO_Biological_Process_2021,sodium ion transport (GO:0006814),2/90,0.6618644374489302,0.8859072480924065,0.36560906765204365,SCNN1D;SLC6A9,1.0
GO_Biological_Process_2021,cellular amino acid catabolic process (GO:0009063),2/90,0.6618644374489302,0.8859072480924065,0.36560906765204365,ALDH4A1;HMGCL,1.0
GO_Biological_Process_2021,protein complex oligomerization (GO:0051259),2/90,0.6618644374489302,0.8859072480924065,0.36560906765204365,SLC9A1;ZC3H12A,1.0
GO_Biological_Process_2021,mitochondrial respiratory chain complex assembly (GO:0033108),2/90,0.6618644374489302,0.8859072480924065,0.36560906765204365,NDUFS5;SLC25A33,1.0
GO_Biological_Process_2021,ubiquitin-dependent protein catabolic process (GO:0006511),8/354,0.6630771831864746,0.9001362667743347,0.36983347955416984,HECTD3;PINK1;PSMB2;RNF19B;SPSB1;UBE4B;UBR4;UBXN11,1.0
GO_Biological_Process_2021,positive regulation of axonogenesis (GO:0050772),1/43,0.6637246966868517,0.9284282670130798,0.38055144666004936,MACF1,1.0
GO_Biological_Process_2021,regulation of cytokine production involved in inflammatory response (GO:1900015),1/43,0.6637246966868517,0.9284282670130798,0.38055144666004936,ZC3H12A,1.0
GO_Biological_Process_2021,signal release from synapse (GO:0099643),1/43,0.6637246966868517,0.9284282670130798,0.38055144666004936,DVL1,1.0
GO_Biological_Process_2021,regulation of cell-substrate adhesion (GO:0010810),1/43,0.6637246966868517,0.9284282670130798,0.38055144666004936,PDPN,1.0
GO_Biological_Process_2021,negative regulation of proteolysis (GO:0045861),1/43,0.6637246966868517,0.9284282670130798,0.38055144666004936,CAMK2N1,1.0
GO_Biological_Process_2021,ribonucleoprotein complex assembly (GO:0022618),3/136,0.6645933180403498,0.8789730694084177,0.35913079667535047,MRPL20;RPL11;SRSF10,1.0
GO_Biological_Process_2021,positive regulation of cell migration (GO:0030335),6/269,0.6674115465789918,0.8883945576847825,0.3592209286088096,EPHB2;FGR;MTOR;PDPN;PIK3CD;TNFRSF18,1.0
GO_Biological_Process_2021,negative regulation of cytokine production (GO:0001818),4/182,0.6704947172303868,0.8754077392372036,0.34993501271017863,GPATCH3;ISG15;LAPTM5;ZC3H12A,1.0
GO_Biological_Process_2021,neutrophil activation involved in immune response (GO:0002283),11/485,0.6711805999832743,0.9029276825611675,0.3600126418443616,ATAD3B;CAP1;DDOST;FGR;FUCA1;KCNAB2;PADI2;PPIE;SLC2A5;TNFRSF1B;UBR4,1.0
GO_Biological_Process_2021,lymphocyte chemotaxis (GO:0048247),1/44,0.6721496930117791,0.9067903071296158,0.3602443990990749,PIK3CD,1.0
GO_Biological_Process_2021,hexose biosynthetic process (GO:0019319),1/44,0.6721496930117791,0.9067903071296158,0.3602443990990749,ENO1,1.0
GO_Biological_Process_2021,positive regulation of biosynthetic process (GO:0009891),1/44,0.6721496930117791,0.9067903071296158,0.3602443990990749,MTOR,1.0
GO_Biological_Process_2021,positive regulation of cell division (GO:0051781),1/44,0.6721496930117791,0.9067903071296158,0.3602443990990749,CDC42,1.0
GO_Biological_Process_2021,positive regulation of cell-matrix adhesion (GO:0001954),1/44,0.6721496930117791,0.9067903071296158,0.3602443990990749,COL16A1,1.0
GO_Biological_Process_2021,neurotransmitter secretion (GO:0007269),1/44,0.6721496930117791,0.9067903071296158,0.3602443990990749,DVL1,1.0
GO_Biological_Process_2021,positive regulation of potassium ion transmembrane transport (GO:1901381),1/44,0.6721496930117791,0.9067903071296158,0.3602443990990749,GNB1,1.0
GO_Biological_Process_2021,positive regulation of osteoblast differentiation (GO:0045669),1/44,0.6721496930117791,0.9067903071296158,0.3602443990990749,CTNNBIP1,1.0
GO_Biological_Process_2021,mitotic spindle assembly (GO:0090307),1/44,0.6721496930117791,0.9067903071296158,0.3602443990990749,WRAP73,1.0
GO_Biological_Process_2021,metal ion homeostasis (GO:0055065),1/44,0.6721496930117791,0.9067903071296158,0.3602443990990749,SELENON,1.0
GO_Biological_Process_2021,cardiac ventricle morphogenesis (GO:0003208),1/44,0.6721496930117791,0.9067903071296158,0.3602443990990749,HEYL,1.0
GO_Biological_Process_2021,cellular macromolecule biosynthetic process (GO:0034645),7/314,0.6727834773186516,0.8876782931386489,0.3518150724602629,MRPS15;PABPC4;RPA2;RPL11;RPL22;RPS8;RRAGC,1.0
GO_Biological_Process_2021,positive regulation of transmembrane receptor protein serine/threonine kinase signaling pathway (GO:0090100),2/92,0.673621866006799,0.8661311744864333,0.342196608826402,BMP8A;HES5,1.0
GO_Biological_Process_2021,regulation of peptidyl-tyrosine phosphorylation (GO:0050730),2/92,0.673621866006799,0.8661311744864333,0.342196608826402,PRKCZ;TNFRSF14,1.0
GO_Biological_Process_2021,positive regulation of cellular component biogenesis (GO:0044089),2/92,0.673621866006799,0.8661311744864333,0.342196608826402,ATP13A2;PARK7,1.0
GO_Biological_Process_2021,neutrophil mediated immunity (GO:0002446),11/488,0.6789607899005708,0.8971074148276661,0.3473527243826643,ATAD3B;CAP1;DDOST;FGR;FUCA1;KCNAB2;PADI2;PPIE;SLC2A5;TNFRSF1B;UBR4,1.0
GO_Biological_Process_2021,visual perception (GO:0007601),2/93,0.6793751298460649,0.8565691169187101,0.33113405672357343,DHRS3;EYA3,1.0
GO_Biological_Process_2021,regulation of heart contraction (GO:0008016),2/93,0.6793751298460649,0.8565691169187101,0.33113405672357343,HSPB7;RNF207,1.0
GO_Biological_Process_2021,negative regulation of T cell activation (GO:0050868),1/45,0.6803640222107221,0.8861358908772183,0.34127512066551413,LAPTM5,1.0
GO_Biological_Process_2021,regulation of DNA repair (GO:0006282),1/45,0.6803640222107221,0.8861358908772183,0.34127512066551413,EYA3,1.0
GO_Biological_Process_2021,protein deacetylation (GO:0006476),1/45,0.6803640222107221,0.8861358908772183,0.34127512066551413,HDAC1,1.0
GO_Biological_Process_2021,regulation of receptor signaling pathway via JAK-STAT (GO:0046425),1/45,0.6803640222107221,0.8861358908772183,0.34127512066551413,HES5,1.0
GO_Biological_Process_2021,positive regulation of response to biotic stimulus (GO:0002833),1/45,0.6803640222107221,0.8861358908772183,0.34127512066551413,PUM1,1.0
GO_Biological_Process_2021,microtubule bundle formation (GO:0001578),1/45,0.6803640222107221,0.8861358908772183,0.34127512066551413,CFAP74,1.0
GO_Biological_Process_2021,inorganic cation transmembrane transport (GO:0098662),6/274,0.6845399992850243,0.8715934325648801,0.33034105817406956,KCNAB2;KCNQ4;LRRC38;SCNN1D;SLC6A9;SLC9A1,1.0
GO_Biological_Process_2021,nucleosome organization (GO:0034728),2/94,0.685045439230701,0.8472149301676765,0.3204760833680759,ARID1A;DMAP1,1.0
GO_Biological_Process_2021,negative regulation of cellular protein metabolic process (GO:0032269),2/94,0.685045439230701,0.8472149301676765,0.3204760833680759,CAMK2N1;YBX1,1.0
GO_Biological_Process_2021,negative regulation of MAPK cascade (GO:0043409),2/94,0.685045439230701,0.8472149301676765,0.3204760833680759,CAMK2N1;EPHB2,1.0
GO_Biological_Process_2021,positive regulation of cellular catabolic process (GO:0031331),3/141,0.6882635245347271,0.8469075155464326,0.31639066074011246,LAPTM5;TNFRSF1B;ZC3H12A,1.0
GO_Biological_Process_2021,posttranscriptional regulation of gene expression (GO:0010608),1/46,0.6883729417243597,0.866399448680483,0.32353479951144853,PUM1,1.0
GO_Biological_Process_2021,positive regulation of organelle assembly (GO:1902117),1/46,0.6883729417243597,0.866399448680483,0.32353479951144853,CROCC,1.0
GO_Biological_Process_2021,negative regulation of tumor necrosis factor production (GO:0032720),1/46,0.6883729417243597,0.866399448680483,0.32353479951144853,ZC3H12A,1.0
GO_Biological_Process_2021,establishment of protein localization to extracellular region (GO:0035592),1/46,0.6883729417243597,0.866399448680483,0.32353479951144853,SVBP,1.0
GO_Biological_Process_2021,erythrocyte differentiation (GO:0030218),1/46,0.6883729417243597,0.866399448680483,0.32353479951144853,ATP5IF1,1.0
GO_Biological_Process_2021,interleukin-12-mediated signaling pathway (GO:0035722),1/46,0.6883729417243597,0.866399448680483,0.32353479951144853,CDC42,1.0
GO_Biological_Process_2021,regulation of fibroblast proliferation (GO:0048145),1/46,0.6883729417243597,0.866399448680483,0.32353479951144853,SKI,1.0
GO_Biological_Process_2021,positive regulation of response to stimulus (GO:0048584),1/46,0.6883729417243597,0.866399448680483,0.32353479951144853,SELENON,1.0
GO_Biological_Process_2021,regulation of B cell proliferation (GO:0030888),1/46,0.6883729417243597,0.866399448680483,0.32353479951144853,EPHB2,1.0
GO_Biological_Process_2021,sensory perception of light stimulus (GO:0050953),2/95,0.690633336901626,0.8380619087231166,0.31020545000076105,DHRS3;EYA3,1.0
GO_Biological_Process_2021,transcription by RNA polymerase II (GO:0006366),7/320,0.6916864591525103,0.8703899146885766,0.3208453235198257,ELOA;HDAC1;INTS11;LSM10;MED18;SSU72;TAF12,1.0
GO_Biological_Process_2021,DNA metabolic process (GO:0006259),6/277,0.6945370723981285,0.8618103419969073,0.31413826216476115,CENPS;DFFB;FBXO6;MUTYH;PARK7;RPA2,1.0
GO_Biological_Process_2021,positive regulation of neuron death (GO:1901216),1/47,0.6961815780447878,0.8475211126662144,0.30692533390587734,C1QA,1.0
GO_Biological_Process_2021,glycosphingolipid metabolic process (GO:0006687),1/47,0.6961815780447878,0.8475211126662144,0.30692533390587734,CPTP,1.0
GO_Biological_Process_2021,telomere organization (GO:0032200),1/47,0.6961815780447878,0.8475211126662144,0.30692533390587734,RPA2,1.0
GO_Biological_Process_2021,regulation of cellular metabolic process (GO:0031323),1/47,0.6961815780447878,0.8475211126662144,0.30692533390587734,PINK1,1.0
GO_Biological_Process_2021,positive regulation of pathway-restricted SMAD protein phosphorylation (GO:0010862),1/47,0.6961815780447878,0.8475211126662144,0.30692533390587734,BMP8A,1.0
GO_Biological_Process_2021,positive regulation of cell-cell adhesion (GO:0022409),1/47,0.6961815780447878,0.8475211126662144,0.30692533390587734,PTPRU,1.0
GO_Biological_Process_2021,epithelial to mesenchymal transition (GO:0001837),1/47,0.6961815780447878,0.8475211126662144,0.30692533390587734,HEYL,1.0
GO_Biological_Process_2021,receptor-mediated endocytosis (GO:0006898),3/143,0.6973745800914272,0.8347226050788784,0.3008612346069891,HSPG2;LDLRAP1;PPT1,1.0
GO_Biological_Process_2021,regulation of GTPase activity (GO:0043087),4/189,0.6989093127939399,0.8419790593105793,0.3016257651665804,AGRN;ASAP3;RAP1GAP;RCC2,1.0
GO_Biological_Process_2021,double-strand break repair via homologous recombination (GO:0000724),2/97,0.7015641900709,0.8203339513989165,0.29076152797126625,RPA2;SFPQ,1.0
GO_Biological_Process_2021,calcium ion homeostasis (GO:0055074),2/97,0.7015641900709,0.8203339513989165,0.29076152797126625,ATP13A2;SELENON,1.0
GO_Biological_Process_2021,protein maturation (GO:0051604),2/97,0.7015641900709,0.8203339513989165,0.29076152797126625,DDI2;ECE1,1.0
GO_Biological_Process_2021,negative regulation of tumor necrosis factor superfamily cytokine production (GO:1903556),1/48,0.7037949299706938,0.8294461100993615,0.29135809012756914,ZC3H12A,1.0
GO_Biological_Process_2021,cellular response to alcohol (GO:0097306),1/48,0.7037949299706938,0.8294461100993615,0.29135809012756914,GNB1,1.0
GO_Biological_Process_2021,phosphatidic acid biosynthetic process (GO:0006654),1/48,0.7037949299706938,0.8294461100993615,0.29135809012756914,PLA2G5,1.0
GO_Biological_Process_2021,regulation of interleukin-2 production (GO:0032663),1/48,0.7037949299706938,0.8294461100993615,0.29135809012756914,LAPTM5,1.0
GO_Biological_Process_2021,cognition (GO:0050890),1/48,0.7037949299706938,0.8294461100993615,0.29135809012756914,MFSD2A,1.0
GO_Biological_Process_2021,cellular response to ionizing radiation (GO:0071479),1/48,0.7037949299706938,0.8294461100993615,0.29135809012756914,KDM1A,1.0
GO_Biological_Process_2021,negative regulation of mitotic cell cycle (GO:0045930),1/48,0.7037949299706938,0.8294461100993615,0.29135809012756914,AURKAIP1,1.0
GO_Biological_Process_2021,substrate adhesion-dependent cell spreading (GO:0034446),1/48,0.7037949299706938,0.8294461100993615,0.29135809012756914,VAMP3,1.0
GO_Biological_Process_2021,positive regulation of DNA repair (GO:0045739),1/48,0.7037949299706938,0.8294461100993615,0.29135809012756914,EYA3,1.0
GO_Biological_Process_2021,Golgi to plasma membrane transport (GO:0006893),1/48,0.7037949299706938,0.8294461100993615,0.29135809012756914,MACF1,1.0
GO_Biological_Process_2021,cellular response to interleukin-12 (GO:0071349),1/48,0.7037949299706938,0.8294461100993615,0.29135809012756914,CDC42,1.0
GO_Biological_Process_2021,positive regulation of reactive oxygen species metabolic process (GO:2000379),1/49,0.7112178717817731,0.8121242326394609,0.27675282598934386,ZC3H12A,1.0
GO_Biological_Process_2021,mitotic cytokinesis (GO:0000281),1/49,0.7112178717817731,0.8121242326394609,0.27675282598934386,STMN1,1.0
GO_Biological_Process_2021,response to unfolded protein (GO:0006986),1/49,0.7112178717817731,0.8121242326394609,0.27675282598934386,HSPB7,1.0
GO_Biological_Process_2021,oligosaccharide metabolic process (GO:0009311),1/49,0.7112178717817731,0.8121242326394609,0.27675282598934386,ST3GAL3,1.0
GO_Biological_Process_2021,secondary alcohol metabolic process (GO:1902652),1/49,0.7112178717817731,0.8121242326394609,0.27675282598934386,LDLRAP1,1.0
GO_Biological_Process_2021,response to glucose (GO:0009749),1/49,0.7112178717817731,0.8121242326394609,0.27675282598934386,EIF2B3,1.0
GO_Biological_Process_2021,response to hydrogen peroxide (GO:0042542),1/49,0.7112178717817731,0.8121242326394609,0.27675282598934386,PARK7,1.0
GO_Biological_Process_2021,regulation of interferon-beta production (GO:0032648),1/49,0.7112178717817731,0.8121242326394609,0.27675282598934386,ISG15,1.0
GO_Biological_Process_2021,cellular response to mechanical stimulus (GO:0071260),1/49,0.7112178717817731,0.8121242326394609,0.27675282598934386,SLC9A1,1.0
GO_Biological_Process_2021,receptor internalization (GO:0031623),1/49,0.7112178717817731,0.8121242326394609,0.27675282598934386,LDLRAP1,1.0
GO_Biological_Process_2021,mRNA-containing ribonucleoprotein complex export from nucleus (GO:0071427),2/99,0.7121724977653481,0.8033370438612816,0.27268080971619896,SRRM1;SRSF4,1.0
GO_Biological_Process_2021,regulation of ERK1 and ERK2 cascade (GO:0070372),5/238,0.7131364907718805,0.8352624797662325,0.28238758156901395,CAMK2N1;EPHA2;EPHB2;PLA2G5;PRKCZ,1.0
GO_Biological_Process_2021,organic acid transport (GO:0015849),2/100,0.7173572893734099,0.795098746840489,0.2641168963618471,MFSD2A;PDPN,1.0
GO_Biological_Process_2021,cell-matrix adhesion (GO:0007160),2/100,0.7173572893734099,0.795098746840489,0.2641168963618471,RCC2;TESK2,1.0
GO_Biological_Process_2021,amino acid transport (GO:0006865),1/50,0.7184551563343827,0.7955093705860867,0.26303675510082225,PDPN,1.0
GO_Biological_Process_2021,iron ion transport (GO:0006826),1/50,0.7184551563343827,0.7955093705860867,0.26303675510082225,ATP6V0B,1.0
GO_Biological_Process_2021,chloride transmembrane transport (GO:1902476),1/50,0.7184551563343827,0.7955093705860867,0.26303675510082225,GABRD,1.0
GO_Biological_Process_2021,positive regulation of cell morphogenesis involved in differentiation (GO:0010770),1/50,0.7184551563343827,0.7955093705860867,0.26303675510082225,CDC42,1.0
GO_Biological_Process_2021,phosphatidic acid metabolic process (GO:0046473),1/50,0.7184551563343827,0.7955093705860867,0.26303675510082225,PLA2G5,1.0
GO_Biological_Process_2021,organic hydroxy compound biosynthetic process (GO:1901617),1/50,0.7184551563343827,0.7955093705860867,0.26303675510082225,PARK7,1.0
GO_Biological_Process_2021,cellular protein metabolic process (GO:0044267),9/417,0.7187280663211407,0.8577333003396836,0.28328546734064325,FBXO2;ICMT;MRPS15;MXRA8;PABPC4;RPL11;RPL22;RPS8;VWA1,1.0
GO_Biological_Process_2021,positive regulation of cell cycle process (GO:0090068),2/101,0.7224633919458489,0.7870268800625408,0.25585341061776934,CDC42;RCC2,1.0
GO_Biological_Process_2021,regulation of cell population proliferation (GO:0042127),17/764,0.7232182665385793,0.8835923225533336,0.2863229781456632,AGO3;CAMK2N1;CHD5;FABP3;HDAC1;HES5;HP1BP3;IFNLR1;P3H1;PDPN;PTPRU;RBBP4;SKI;SLC25A33;TFAP2E;TRNP1;ZBTB17,1.0
GO_Biological_Process_2021,positive regulation of programmed cell death (GO:0043068),6/286,0.7232507318303223,0.8337188962231571,0.27012435816774455,ARHGEF16;CASP9;LAPTM5;PLEKHG5;STPG1;UTP11,1.0
GO_Biological_Process_2021,regulation of smoothened signaling pathway (GO:0008589),1/51,0.7255114180803882,0.7795591030148475,0.25014373112685545,PTCH2,1.0
GO_Biological_Process_2021,regulation of interleukin-12 production (GO:0032655),1/51,0.7255114180803882,0.7795591030148475,0.25014373112685545,LAPTM5,1.0
GO_Biological_Process_2021,regulation of cellular amine metabolic process (GO:0033238),1/51,0.7255114180803882,0.7795591030148475,0.25014373112685545,PSMB2,1.0
GO_Biological_Process_2021,mesenchymal cell differentiation (GO:0048762),1/51,0.7255114180803882,0.7795591030148475,0.25014373112685545,HEYL,1.0
GO_Biological_Process_2021,regulation of epithelial cell migration (GO:0010632),1/51,0.7255114180803882,0.7795591030148475,0.25014373112685545,MACF1,1.0
GO_Biological_Process_2021,mitotic nuclear membrane reassembly (GO:0007084),1/51,0.7255114180803882,0.7795591030148475,0.25014373112685545,RCC1,1.0
GO_Biological_Process_2021,mitotic nuclear membrane organization (GO:0101024),1/51,0.7255114180803882,0.7795591030148475,0.25014373112685545,RCC1,1.0
GO_Biological_Process_2021,mitotic metaphase plate congression (GO:0007080),1/51,0.7255114180803882,0.7795591030148475,0.25014373112685545,NUDC,1.0
GO_Biological_Process_2021,negative regulation of transport (GO:0051051),1/51,0.7255114180803882,0.7795591030148475,0.25014373112685545,YRDC,1.0
GO_Biological_Process_2021,regulation of protein modification process (GO:0031399),1/51,0.7255114180803882,0.7795591030148475,0.25014373112685545,SESN2,1.0
GO_Biological_Process_2021,positive regulation of cellular protein metabolic process (GO:0032270),2/102,0.7274914903913969,0.7791164506201514,0.2478782182423111,AURKAIP1;MTOR,1.0
GO_Biological_Process_2021,calcium-mediated signaling (GO:0019722),2/102,0.7274914903913969,0.7791164506201514,0.2478782182423111,RCAN3;SLC9A1,1.0
GO_Biological_Process_2021,protein O-linked glycosylation (GO:0006493),2/102,0.7274914903913969,0.7791164506201514,0.2478782182423111,PLOD1;ST3GAL3,1.0
GO_Biological_Process_2021,ameboidal-type cell migration (GO:0001667),1/52,0.7323911760111017,0.7642343361326766,0.23801353469116196,PHACTR4,1.0
GO_Biological_Process_2021,plasma membrane bounded cell projection morphogenesis (GO:0120039),1/52,0.7323911760111017,0.7642343361326766,0.23801353469116196,NBL1,1.0
GO_Biological_Process_2021,regulation of telomere maintenance via telomerase (GO:0032210),1/52,0.7323911760111017,0.7642343361326766,0.23801353469116196,EXOSC10,1.0
GO_Biological_Process_2021,cartilage development (GO:0051216),1/52,0.7323911760111017,0.7642343361326766,0.23801353469116196,HES5,1.0
GO_Biological_Process_2021,regulation of release of sequestered calcium ion into cytosol (GO:0051279),1/52,0.7323911760111017,0.7642343361326766,0.23801353469116196,SELENON,1.0
GO_Biological_Process_2021,myeloid cell differentiation (GO:0030099),1/52,0.7323911760111017,0.7642343361326766,0.23801353469116196,ATP5IF1,1.0
GO_Biological_Process_2021,fatty acid beta-oxidation (GO:0006635),1/52,0.7323911760111017,0.7642343361326766,0.23801353469116196,MECR,1.0
GO_Biological_Process_2021,response to peptide hormone (GO:0043434),1/52,0.7323911760111017,0.7642343361326766,0.23801353469116196,EIF2B3,1.0
GO_Biological_Process_2021,positive regulation of cytokine production (GO:0001819),7/335,0.7357877183454339,0.8299361632848252,0.25463572528007566,FGR;ISG15;LAPTM5;PARK7;PIK3CD;PRKCZ;TNFRSF14,1.0
GO_Biological_Process_2021,actin filament organization (GO:0007015),3/152,0.735880517854077,0.7839385151436352,0.2404241537926165,CDC42;MAD2L2;MARCKSL1,1.0
GO_Biological_Process_2021,cellular metal ion homeostasis (GO:0006875),2/104,0.7373164882315374,0.7637609111143371,0.23274701167231962,ATP13A2;SLC9A1,1.0
GO_Biological_Process_2021,mRNA transport (GO:0051028),2/104,0.7373164882315374,0.7637609111143371,0.23274701167231962,SRRM1;SRSF4,1.0
GO_Biological_Process_2021,regulation of insulin secretion (GO:0050796),2/104,0.7373164882315374,0.7637609111143371,0.23274701167231962,BMP8A;SLC2A1,1.0
GO_Biological_Process_2021,positive regulation of NIK/NF-kappaB signaling (GO:1901224),1/53,0.7390988365281685,0.7494989833613583,0.22659124835916478,LAPTM5,1.0
GO_Biological_Process_2021,heart morphogenesis (GO:0003007),1/53,0.7390988365281685,0.7494989833613583,0.22659124835916478,HEYL,1.0
GO_Biological_Process_2021,positive regulation of phagocytosis (GO:0050766),1/53,0.7390988365281685,0.7494989833613583,0.22659124835916478,PLA2G5,1.0
GO_Biological_Process_2021,positive regulation of DNA-binding transcription factor activity (GO:0051091),5/246,0.7396637156811798,0.8072006211882016,0.24341912416530945,KDM1A;PARK7;PRKCZ;TAF12;TRIM62,1.0
GO_Biological_Process_2021,dephosphorylation (GO:0016311),3/153,0.7399105935697292,0.7786720169281285,0.23455619435315306,ALPL;PTPRF;PTPRU,1.0
GO_Biological_Process_2021,nucleotide-excision repair (GO:0006289),2/105,0.742114827668495,0.756306765723165,0.22556947117316226,PPIE;RPA2,1.0
GO_Biological_Process_2021,regulation of proteasomal protein catabolic process (GO:0061136),1/54,0.7456386962432092,0.7353196816380144,0.2158267074287607,PINK1,1.0
GO_Biological_Process_2021,cytoplasmic microtubule organization (GO:0031122),1/54,0.7456386962432092,0.7353196816380144,0.2158267074287607,PLK3,1.0
GO_Biological_Process_2021,unsaturated fatty acid metabolic process (GO:0033559),1/54,0.7456386962432092,0.7353196816380144,0.2158267074287607,ELOVL1,1.0
GO_Biological_Process_2021,regulation of cellular amino acid metabolic process (GO:0006521),1/54,0.7456386962432092,0.7353196816380144,0.2158267074287607,PSMB2,1.0
GO_Biological_Process_2021,regulation of cyclin-dependent protein kinase activity (GO:1904029),1/54,0.7456386962432092,0.7353196816380144,0.2158267074287607,CAMK2N1,1.0
GO_Biological_Process_2021,positive regulation of leukocyte chemotaxis (GO:0002690),1/54,0.7456386962432092,0.7353196816380144,0.2158267074287607,AKIRIN1,1.0
GO_Biological_Process_2021,negative regulation of viral genome replication (GO:0045071),1/54,0.7456386962432092,0.7353196816380144,0.2158267074287607,ISG15,1.0
GO_Biological_Process_2021,nuclear membrane reassembly (GO:0031468),1/54,0.7456386962432092,0.7353196816380144,0.2158267074287607,RCC1,1.0
GO_Biological_Process_2021,peptidyl-lysine modification (GO:0018205),2/106,0.7468380408628423,0.7489959692818233,0.2186371140682197,PARK7;PLOD1,1.0
GO_Biological_Process_2021,RNA export from nucleus (GO:0006405),2/106,0.7468380408628423,0.7489959692818233,0.2186371140682197,SRRM1;SRSF4,1.0
GO_Biological_Process_2021,regulation of phosphatidylinositol 3-kinase signaling (GO:0014066),2/106,0.7468380408628423,0.7489959692818233,0.2186371140682197,FGR;PIK3CD,1.0
GO_Biological_Process_2021,generation of neurons (GO:0048699),4/202,0.7469128003733874,0.7861681174994617,0.2294092291740201,ARTN;HES5;HEYL;YTHDF2,1.0
GO_Biological_Process_2021,mRNA export from nucleus (GO:0006406),2/107,0.7514868763434903,0.7418244261060308,0.2119403759212894,SRRM1;SRSF4,1.0
GO_Biological_Process_2021,positive regulation of response to DNA damage stimulus (GO:2001022),1/55,0.752014944707984,0.7216655392377572,0.20567401615617775,EYA3,1.0
GO_Biological_Process_2021,regulation of blood vessel endothelial cell migration (GO:0043535),1/55,0.752014944707984,0.7216655392377572,0.20567401615617775,EPHA2,1.0
GO_Biological_Process_2021,protein targeting to mitochondrion (GO:0006626),1/55,0.752014944707984,0.7216655392377572,0.20567401615617775,MFN2,1.0
GO_Biological_Process_2021,triglyceride metabolic process (GO:0006641),1/55,0.752014944707984,0.7216655392377572,0.20567401615617775,FABP3,1.0
GO_Biological_Process_2021,pyruvate metabolic process (GO:0006090),1/55,0.752014944707984,0.7216655392377572,0.20567401615617775,ENO1,1.0
GO_Biological_Process_2021,negative regulation of transmembrane receptor protein serine/threonine kinase signaling pathway (GO:0090101),2/108,0.7560620922219056,0.7347881950656306,0.20547012621142355,NBL1;SKI,1.0
GO_Biological_Process_2021,sensory organ development (GO:0007423),1/56,0.7582316670767987,0.7085079111066004,0.19609112062047457,ECE1,1.0
GO_Biological_Process_2021,"DNA damage response, signal transduction by p53 class mediator resulting in cell cycle arrest (GO:0006977)",1/56,0.7582316670767987,0.7085079111066004,0.19609112062047457,PLK3,1.0
GO_Biological_Process_2021,protein-containing complex disassembly (GO:0032984),1/56,0.7582316670767987,0.7085079111066004,0.19609112062047457,DVL1,1.0
GO_Biological_Process_2021,mitochondrial transport (GO:0006839),1/56,0.7582316670767987,0.7085079111066004,0.19609112062047457,MFN2,1.0
GO_Biological_Process_2021,organonitrogen compound biosynthetic process (GO:1901566),3/158,0.7593329409730339,0.7533588480858544,0.20741094633048326,AKR1A1;ELOVL1;MFSD2A,1.0
GO_Biological_Process_2021,regulation of inflammatory response (GO:0050727),4/206,0.7604512298050128,0.7704407386189488,0.21098003312993235,PARK7;SMPDL3B;TNFRSF1B;VAMP3,1.0
GO_Biological_Process_2021,negative regulation of DNA recombination (GO:0045910),1/57,0.7642928467028317,0.695820198265842,0.18703943074386273,MAD2L2,1.0
GO_Biological_Process_2021,dicarboxylic acid metabolic process (GO:0043648),1/57,0.7642928467028317,0.695820198265842,0.18703943074386273,MTHFR,1.0
GO_Biological_Process_2021,regulation of bone mineralization (GO:0030500),1/57,0.7642928467028317,0.695820198265842,0.18703943074386273,ISG15,1.0
GO_Biological_Process_2021,positive regulation of interferon-gamma production (GO:0032729),1/57,0.7642928467028317,0.695820198265842,0.18703943074386273,ISG15,1.0
GO_Biological_Process_2021,negative regulation of cell cycle G2/M phase transition (GO:1902750),1/57,0.7642928467028317,0.695820198265842,0.18703943074386273,PSMB2,1.0
GO_Biological_Process_2021,mitochondrial respiratory chain complex I assembly (GO:0032981),1/58,0.7702023676700172,0.6835776683317768,0.17848348508346934,NDUFS5,1.0
GO_Biological_Process_2021,membrane lipid biosynthetic process (GO:0046467),1/58,0.7702023676700172,0.6835776683317768,0.17848348508346934,ELOVL1,1.0
GO_Biological_Process_2021,RNA modification (GO:0009451),1/58,0.7702023676700172,0.6835776683317768,0.17848348508346934,TRIT1,1.0
GO_Biological_Process_2021,regulation of pathway-restricted SMAD protein phosphorylation (GO:0060393),1/58,0.7702023676700172,0.6835776683317768,0.17848348508346934,BMP8A,1.0
GO_Biological_Process_2021,nucleosome assembly (GO:0006334),1/58,0.7702023676700172,0.6835776683317768,0.17848348508346934,RBBP4,1.0
GO_Biological_Process_2021,regulation of tumor necrosis factor-mediated signaling pathway (GO:0010803),1/58,0.7702023676700172,0.6835776683317768,0.17848348508346934,LAPTM5,1.0
GO_Biological_Process_2021,cellular iron ion homeostasis (GO:0006879),1/58,0.7702023676700172,0.6835776683317768,0.17848348508346934,ATP13A2,1.0
GO_Biological_Process_2021,fat cell differentiation (GO:0045444),1/58,0.7702023676700172,0.6835776683317768,0.17848348508346934,SDF4,1.0
GO_Biological_Process_2021,NADH dehydrogenase complex assembly (GO:0010257),1/58,0.7702023676700172,0.6835776683317768,0.17848348508346934,NDUFS5,1.0
GO_Biological_Process_2021,muscle organ development (GO:0007517),1/58,0.7702023676700172,0.6835776683317768,0.17848348508346934,FHL3,1.0
GO_Biological_Process_2021,regulation of neurotransmitter receptor activity (GO:0099601),1/58,0.7702023676700172,0.6835776683317768,0.17848348508346934,DLGAP3,1.0
GO_Biological_Process_2021,regulation of calcium ion transport (GO:0051924),1/58,0.7702023676700172,0.6835776683317768,0.17848348508346934,EPB41,1.0
GO_Biological_Process_2021,receptor metabolic process (GO:0043112),1/58,0.7702023676700172,0.6835776683317768,0.17848348508346934,LDLRAP1,1.0
GO_Biological_Process_2021,positive regulation of protein kinase B signaling (GO:0051897),3/161,0.7704137341663235,0.7389399544415209,0.19273592846071003,PARK7;PIK3CD;PINK1,1.0
GO_Biological_Process_2021,regulation of cytoskeleton organization (GO:0051493),2/112,0.7736422055957416,0.7079225856386483,0.18168534342239936,CLIC4;MTOR,1.0
GO_Biological_Process_2021,selective autophagy (GO:0061912),1/59,0.7759640172620837,0.6717572946023346,0.17039065293164796,PARK7,1.0
GO_Biological_Process_2021,response to reactive oxygen species (GO:0000302),1/59,0.7759640172620837,0.6717572946023346,0.17039065293164796,PLK3,1.0
GO_Biological_Process_2021,fatty acid oxidation (GO:0019395),1/59,0.7759640172620837,0.6717572946023346,0.17039065293164796,MECR,1.0
GO_Biological_Process_2021,mitotic DNA damage checkpoint signaling (GO:0044773),1/59,0.7759640172620837,0.6717572946023346,0.17039065293164796,RPA2,1.0
GO_Biological_Process_2021,negative regulation of inflammatory response (GO:0050728),4/212,0.7796977440330847,0.7479838562751395,0.18613499130371083,FGR;GNB1;SMPDL3B;TNFRSF1B,1.0
GO_Biological_Process_2021,chemical synaptic transmission (GO:0007268),6/306,0.7801563062338017,0.7773279198921473,0.19298019643394598,CORT;DVL1;GABRD;GRIK3;KIF1B;RPS6KA1,1.0
GO_Biological_Process_2021,cytokine-mediated signaling pathway (GO:0019221),13/621,0.7810011269954865,0.8294471897187436,0.20502166656682885,CDC42;CSF3R;IFI6;IFNLR1;ISG15;PIK3CD;PSMB2;TNFRSF14;TNFRSF18;TNFRSF1B;TNFRSF25;TRIM62;TXLNA,1.0
GO_Biological_Process_2021,adenylate cyclase-inhibiting G protein-coupled receptor signaling pathway (GO:0007193),1/60,0.7815814883703007,0.6603376115077888,0.1627308690374859,CORT,1.0
GO_Biological_Process_2021,homophilic cell adhesion via plasma membrane adhesion molecules (GO:0007156),1/60,0.7815814883703007,0.6603376115077888,0.1627308690374859,IGSF21,1.0
GO_Biological_Process_2021,cellular response to chemokine (GO:1990869),1/60,0.7815814883703007,0.6603376115077888,0.1627308690374859,ZC3H12A,1.0
GO_Biological_Process_2021,negative regulation of cell motility (GO:2000146),2/114,0.782010808004003,0.6952093954633799,0.170942756264128,CLIC4;PTPRU,1.0
GO_Biological_Process_2021,positive regulation of cellular component organization (GO:0051130),2/114,0.782010808004003,0.6952093954633799,0.170942756264128,PARK7;PLEKHM2,1.0
GO_Biological_Process_2021,response to lipid (GO:0033993),2/114,0.782010808004003,0.6952093954633799,0.170942756264128,ALPL;PAQR7,1.0
GO_Biological_Process_2021,cellular response to transforming growth factor beta stimulus (GO:0071560),2/114,0.782010808004003,0.6952093954633799,0.170942756264128,PRKCZ;SKI,1.0
GO_Biological_Process_2021,cellular amide metabolic process (GO:0043603),2/115,0.7860925304888391,0.6890215595373643,0.1658342396431779,ACOT7;MTHFR,1.0
GO_Biological_Process_2021,cellular response to molecule of bacterial origin (GO:0071219),2/115,0.7860925304888391,0.6890215595373643,0.1658342396431779,TNFRSF1B;ZC3H12A,1.0
GO_Biological_Process_2021,response to light stimulus (GO:0009416),1/61,0.787058381841457,0.6492985845163944,0.155476396916813,UBE4B,1.0
GO_Biological_Process_2021,positive regulation of interleukin-8 production (GO:0032757),1/61,0.787058381841457,0.6492985845163944,0.155476396916813,PARK7,1.0
GO_Biological_Process_2021,negative regulation of response to stimulus (GO:0048585),1/61,0.787058381841457,0.6492985845163944,0.155476396916813,YBX1,1.0
GO_Biological_Process_2021,O-glycan processing (GO:0016266),1/61,0.787058381841457,0.6492985845163944,0.155476396916813,ST3GAL3,1.0
GO_Biological_Process_2021,iron ion homeostasis (GO:0055072),1/61,0.787058381841457,0.6492985845163944,0.155476396916813,ATP13A2,1.0
GO_Biological_Process_2021,regulation of MAPK cascade (GO:0043408),3/166,0.7879534333836398,0.7160879246371071,0.17065541433476478,EPHA2;EPHA8;LAPTM5,1.0
GO_Biological_Process_2021,cytosolic transport (GO:0016482),2/116,0.7901069381965593,0.6829422821363664,0.1608923083124404,LAPTM5;VAMP3,1.0
GO_Biological_Process_2021,positive regulation of apoptotic process (GO:0043065),6/310,0.7904073924748176,0.7669401084627508,0.18038951318396224,ARHGEF16;CASP9;PLEKHG5;STPG1;UTP11;ZC3H12A,1.0
GO_Biological_Process_2021,positive regulation of cell projection organization (GO:0031346),2/117,0.7940548376251307,0.6769687312988643,0.1561108545546264,DVL1;P3H1,1.0
GO_Biological_Process_2021,negative regulation of peptidase activity (GO:0010466),1/63,0.7976043927186045,0.6282888234682568,0.1420828385159673,PARK7,1.0
GO_Biological_Process_2021,cellular response to reactive oxygen species (GO:0034614),1/63,0.7976043927186045,0.6282888234682568,0.1420828385159673,PARK7,1.0
GO_Biological_Process_2021,amyloid fibril formation (GO:1990000),1/63,0.7976043927186045,0.6282888234682568,0.1420828385159673,HSPG2,1.0
GO_Biological_Process_2021,positive regulation of DNA metabolic process (GO:0051054),1/63,0.7976043927186045,0.6282888234682568,0.1420828385159673,EYA3,1.0
GO_Biological_Process_2021,monocarboxylic acid biosynthetic process (GO:0072330),1/63,0.7976043927186045,0.6282888234682568,0.1420828385159673,PARK7,1.0
GO_Biological_Process_2021,antimicrobial humoral immune response mediated by antimicrobial peptide (GO:0061844),1/64,0.8026802719201244,0.618284175350096,0.13589812678667668,HMGN2,1.0
GO_Biological_Process_2021,regulation of extrinsic apoptotic signaling pathway (GO:2001236),1/64,0.8026802719201244,0.618284175350096,0.13589812678667668,PARK7,1.0
GO_Biological_Process_2021,regulation of cellular ketone metabolic process (GO:0010565),1/64,0.8026802719201244,0.618284175350096,0.13589812678667668,PSMB2,1.0
GO_Biological_Process_2021,pre-replicative complex assembly (GO:0036388),1/64,0.8026802719201244,0.618284175350096,0.13589812678667668,PSMB2,1.0
GO_Biological_Process_2021,regulation of cilium assembly (GO:1902017),1/64,0.8026802719201244,0.618284175350096,0.13589812678667668,CROCC,1.0
GO_Biological_Process_2021,regulation of cell migration (GO:0030334),8/408,0.8034623577317761,0.7764227488531962,0.16990066358917327,CLIC4;EPHB2;FGR;MACF1;PDPN;PIK3CD;PTPRU;RCC2,1.0
GO_Biological_Process_2021,cellular response to lipopolysaccharide (GO:0071222),2/120,0.8055075750218641,0.6596555585325443,0.14267206698730214,TNFRSF1B;ZC3H12A,1.0
GO_Biological_Process_2021,"transcription, DNA-templated (GO:0006351)",4/221,0.8062486849686676,0.7166270113434611,0.154334973085036,ELOA;RRAGC;SLC25A33;TAF12,1.0
GO_Biological_Process_2021,positive regulation of cell motility (GO:2000147),4/221,0.8062486849686676,0.7166270113434611,0.154334973085036,EPHB2;FGR;PDPN;PIK3CD,1.0
GO_Biological_Process_2021,BMP signaling pathway (GO:0030509),1/65,0.8076291013763812,0.6085921724856278,0.13002715319812605,BMP8A,1.0
GO_Biological_Process_2021,regulation of cellular catabolic process (GO:0031329),1/65,0.8076291013763812,0.6085921724856278,0.13002715319812605,RRAGC,1.0
GO_Biological_Process_2021,inorganic anion transmembrane transport (GO:0098661),1/65,0.8076291013763812,0.6085921724856278,0.13002715319812605,GABRD,1.0
GO_Biological_Process_2021,negative regulation of G2/M transition of mitotic cell cycle (GO:0010972),1/66,0.8124540549410568,0.5991983850939124,0.12445105634447923,PSMB2,1.0
GO_Biological_Process_2021,cell-cell junction assembly (GO:0007043),1/66,0.8124540549410568,0.5991983850939124,0.12445105634447923,GJA4,1.0
GO_Biological_Process_2021,embryonic organ development (GO:0048568),1/66,0.8124540549410568,0.5991983850939124,0.12445105634447923,MFSD2A,1.0
GO_Biological_Process_2021,cellular response to organic substance (GO:0071310),2/123,0.8163908814096035,0.6432008902009181,0.13048103016472762,LDLRAP1;PARK7,1.0
GO_Biological_Process_2021,transcription elongation from RNA polymerase II promoter (GO:0006368),1/67,0.8171582273364354,0.5900892579261884,0.11915231834284926,ELOA,1.0
GO_Biological_Process_2021,anion transmembrane transport (GO:0098656),1/67,0.8171582273364354,0.5900892579261884,0.11915231834284926,SLC6A9,1.0
GO_Biological_Process_2021,defense response to bacterium (GO:0042742),3/176,0.8197034746612852,0.6743466447631489,0.134068623496223,FGR;ISG15;TNFRSF14,1.0
GO_Biological_Process_2021,regulation of tumor necrosis factor production (GO:0032680),2/124,0.8198958866066479,0.6378958331978254,0.1266720241211766,EPHB2;ZC3H12A,1.0
GO_Biological_Process_2021,fatty acid metabolic process (GO:0006631),2/124,0.8198958866066479,0.6378958331978254,0.1266720241211766,ACOT7;MECR,1.0
GO_Biological_Process_2021,cellular response to oxygen-containing compound (GO:1901701),6/323,0.8212071208733013,0.7349902152650801,0.14477831569470495,GNB1;MTOR;RRAGC;SESN2;TNFRSF1B;ZC3H12A,1.0
GO_Biological_Process_2021,interferon-gamma-mediated signaling pathway (GO:0060333),1/68,0.8217446361224576,0.5812520450022771,0.11411465290741081,TRIM62,1.0
GO_Biological_Process_2021,canonical Wnt signaling pathway (GO:0060070),1/68,0.8217446361224576,0.5812520450022771,0.11411465290741081,DVL1,1.0
GO_Biological_Process_2021,negative regulation of transforming growth factor beta receptor signaling pathway (GO:0030512),1/68,0.8217446361224576,0.5812520450022771,0.11411465290741081,SKI,1.0
GO_Biological_Process_2021,glycerophospholipid biosynthetic process (GO:0046474),3/177,0.8226448776706189,0.6704363984301288,0.1308897464462672,MFSD2A;PIK3CD;PLA2G5,1.0
GO_Biological_Process_2021,negative regulation of immune response (GO:0050777),3/178,0.8255453073754586,0.6665708406266286,0.1277890506551569,FGR;GNB1;MUL1,1.0
GO_Biological_Process_2021,positive regulation of protein polymerization (GO:0032273),1/69,0.8262162236168772,0.5726747501055396,0.10932290413626464,PINK1,1.0
GO_Biological_Process_2021,"DNA-templated transcription, elongation (GO:0006354)",1/69,0.8262162236168772,0.5726747501055396,0.10932290413626464,ELOA,1.0
GO_Biological_Process_2021,synapse assembly (GO:0007416),1/69,0.8262162236168772,0.5726747501055396,0.10932290413626464,DVL1,1.0
GO_Biological_Process_2021,phosphatidylinositol biosynthetic process (GO:0006661),2/126,0.8267265894641365,0.6275424154982414,0.11940955139797768,PIGV;PIK3CD,1.0
GO_Biological_Process_2021,carbohydrate homeostasis (GO:0033500),1/70,0.8305758587677257,0.5643460724521857,0.10476295485305863,PARK7,1.0
GO_Biological_Process_2021,sterol metabolic process (GO:0016125),1/70,0.8305758587677257,0.5643460724521857,0.10476295485305863,LDLRAP1,1.0
GO_Biological_Process_2021,neutrophil chemotaxis (GO:0030593),1/70,0.8305758587677257,0.5643460724521857,0.10476295485305863,PIK3CD,1.0
GO_Biological_Process_2021,snRNA transcription by RNA polymerase II (GO:0042795),1/70,0.8305758587677257,0.5643460724521857,0.10476295485305863,INTS11,1.0
GO_Biological_Process_2021,positive regulation of cell-substrate adhesion (GO:0010811),1/70,0.8305758587677257,0.5643460724521857,0.10476295485305863,CDC42,1.0
GO_Biological_Process_2021,fatty acid catabolic process (GO:0009062),1/70,0.8305758587677257,0.5643460724521857,0.10476295485305863,MECR,1.0
GO_Biological_Process_2021,wound healing (GO:0042060),1/70,0.8305758587677257,0.5643460724521857,0.10476295485305863,MACF1,1.0
GO_Biological_Process_2021,cellular protein localization (GO:0034613),6/329,0.8341640633389175,0.7211115286271779,0.1307556758089193,CROCC;LAPTM5;MFN2;PTPRU;RRAGC;STX12,1.0
GO_Biological_Process_2021,snRNA transcription (GO:0009301),1/71,0.8348263389792729,0.5562553570174993,0.10042164348467413,INTS11,1.0
GO_Biological_Process_2021,nucleic acid metabolic process (GO:0090304),1/71,0.8348263389792729,0.5562553570174993,0.10042164348467413,HNRNPR,1.0
GO_Biological_Process_2021,regulation of TOR signaling (GO:0032006),1/71,0.8348263389792729,0.5562553570174993,0.10042164348467413,RRAGC,1.0
GO_Biological_Process_2021,regulation of G1/S transition of mitotic cell cycle (GO:2000045),1/71,0.8348263389792729,0.5562553570174993,0.10042164348467413,LSM10,1.0
GO_Biological_Process_2021,cellular response to BMP stimulus (GO:0071773),1/71,0.8348263389792729,0.5562553570174993,0.10042164348467413,BMP8A,1.0
GO_Biological_Process_2021,positive regulation of macromolecule biosynthetic process (GO:0010557),2/129,0.8365363907368979,0.6126237112539589,0.10934429989244017,MTOR;SLC6A9,1.0
GO_Biological_Process_2021,DNA-dependent DNA replication (GO:0006261),2/129,0.8365363907368979,0.6126237112539589,0.10934429989244017,PSMB2;RPA2,1.0
GO_Biological_Process_2021,cellular response to insulin stimulus (GO:0032869),2/129,0.8365363907368979,0.6126237112539589,0.10934429989244017,ATP6V0B;SLC25A33,1.0
GO_Biological_Process_2021,negative regulation of supramolecular fiber organization (GO:1902904),1/72,0.8389703918926333,0.5483925490598461,0.09628668857717615,STMN1,1.0
GO_Biological_Process_2021,positive regulation of protein secretion (GO:0050714),1/72,0.8389703918926333,0.5483925490598461,0.09628668857717615,ATP13A2,1.0
GO_Biological_Process_2021,response to ionizing radiation (GO:0010212),1/72,0.8389703918926333,0.5483925490598461,0.09628668857717615,EYA3,1.0
GO_Biological_Process_2021,cytoskeleton-dependent cytokinesis (GO:0061640),1/72,0.8389703918926333,0.5483925490598461,0.09628668857717615,STMN1,1.0
GO_Biological_Process_2021,positive regulation of secretion by cell (GO:1903532),1/72,0.8389703918926333,0.5483925490598461,0.09628668857717615,ATP13A2,1.0
GO_Biological_Process_2021,negative regulation of epithelial cell proliferation (GO:0050680),1/72,0.8389703918926333,0.5483925490598461,0.09628668857717615,ATP5IF1,1.0
GO_Biological_Process_2021,G2/M transition of mitotic cell cycle (GO:0000086),2/130,0.839693172954599,0.6078062130084093,0.10619512607600251,KHDRBS1;PLK3,1.0
GO_Biological_Process_2021,positive regulation of canonical Wnt signaling pathway (GO:0090263),2/130,0.839693172954599,0.6078062130084093,0.10619512607600251,PSMB2;RNF220,1.0
GO_Biological_Process_2021,cell cycle G2/M phase transition (GO:0044839),2/131,0.8427946948881635,0.6030634046581397,0.10314307491321255,KHDRBS1;PLK3,1.0
GO_Biological_Process_2021,granulocyte chemotaxis (GO:0071621),1/73,0.843010677122144,0.54074815243435,0.0923466201573332,PIK3CD,1.0
GO_Biological_Process_2021,negative regulation of cell adhesion (GO:0007162),1/73,0.843010677122144,0.54074815243435,0.0923466201573332,EPHB2,1.0
GO_Biological_Process_2021,regulation of actin filament-based process (GO:0032970),1/73,0.843010677122144,0.54074815243435,0.0923466201573332,MTOR,1.0
GO_Biological_Process_2021,neurotransmitter transport (GO:0006836),1/73,0.843010677122144,0.54074815243435,0.0923466201573332,DVL1,1.0
GO_Biological_Process_2021,endoplasmic reticulum organization (GO:0007029),1/73,0.843010677122144,0.54074815243435,0.0923466201573332,UBE2J2,1.0
GO_Biological_Process_2021,defense response to Gram-negative bacterium (GO:0050829),1/73,0.843010677122144,0.54074815243435,0.0923466201573332,TNFRSF14,1.0
GO_Biological_Process_2021,regulation of Rho protein signal transduction (GO:0035023),1/73,0.843010677122144,0.54074815243435,0.0923466201573332,STMN1,1.0
GO_Biological_Process_2021,insulin receptor signaling pathway (GO:0008286),1/73,0.843010677122144,0.54074815243435,0.0923466201573332,ATP6V0B,1.0
GO_Biological_Process_2021,endoplasmic reticulum to Golgi vesicle-mediated transport (GO:0006888),3/185,0.8447334884441617,0.6407013384032056,0.10810816348923874,CAPZB;PEF1;TRAPPC3,1.0
GO_Biological_Process_2021,mitotic nuclear division (GO:0140014),1/74,0.8469497879486069,0.5333131913328402,0.08859071723859156,WRAP73,1.0
GO_Biological_Process_2021,sphingolipid biosynthetic process (GO:0030148),1/74,0.8469497879486069,0.5333131913328402,0.08859071723859156,ELOVL1,1.0
GO_Biological_Process_2021,regulation of peptide hormone secretion (GO:0090276),1/74,0.8469497879486069,0.5333131913328402,0.08859071723859156,SLC2A1,1.0
GO_Biological_Process_2021,NIK/NF-kappaB signaling (GO:0038061),1/74,0.8469497879486069,0.5333131913328402,0.08859071723859156,PSMB2,1.0
GO_Biological_Process_2021,regulation of cell motility (GO:2000145),2/133,0.8488350857465583,0.5937950158209713,0.09731727702765176,MACF1;RCC2,1.0
GO_Biological_Process_2021,positive regulation of lymphocyte proliferation (GO:0050671),1/75,0.8507902529704727,0.5260791751259657,0.0850089508503224,EPHB2,1.0
GO_Biological_Process_2021,regulation of transcription from RNA polymerase II promoter in response to hypoxia (GO:0061418),1/75,0.8507902529704727,0.5260791751259657,0.0850089508503224,PSMB2,1.0
GO_Biological_Process_2021,regulation of T cell proliferation (GO:0042129),1/76,0.854534537713999,0.5190380660179412,0.08159193203908363,TNFRSF1B,1.0
GO_Biological_Process_2021,phospholipid metabolic process (GO:0006644),1/76,0.854534537713999,0.5190380660179412,0.08159193203908363,PLA2G5,1.0
GO_Biological_Process_2021,actomyosin structure organization (GO:0031032),1/76,0.854534537713999,0.5190380660179412,0.08159193203908363,EPB41,1.0
GO_Biological_Process_2021,negative regulation of inflammatory response to antigenic stimulus (GO:0002862),2/136,0.85750064457661,0.5804111856717767,0.08922855493477504,FGR;GNB1,1.0
GO_Biological_Process_2021,organic substance transport (GO:0071702),2/136,0.85750064457661,0.5804111856717767,0.08922855493477504,MFSD2A;PPT1,1.0
GO_Biological_Process_2021,positive regulation of type I interferon production (GO:0032481),1/77,0.8581850462034089,0.5121822492548647,0.07833086435188555,ISG15,1.0
GO_Biological_Process_2021,cholesterol metabolic process (GO:0008203),1/77,0.8581850462034089,0.5121822492548647,0.07833086435188555,LDLRAP1,1.0
GO_Biological_Process_2021,inorganic cation import across plasma membrane (GO:0098659),1/77,0.8581850462034089,0.5121822492548647,0.07833086435188555,SLC9A1,1.0
GO_Biological_Process_2021,import into nucleus (GO:0051170),1/77,0.8581850462034089,0.5121822492548647,0.07833086435188555,IPO13,1.0
GO_Biological_Process_2021,positive regulation of endothelial cell proliferation (GO:0001938),1/77,0.8581850462034089,0.5121822492548647,0.07833086435188555,PIK3CD,1.0
GO_Biological_Process_2021,positive regulation of tumor necrosis factor production (GO:0032760),1/77,0.8581850462034089,0.5121822492548647,0.07833086435188555,EPHB2,1.0
GO_Biological_Process_2021,neutrophil migration (GO:1990266),1/77,0.8581850462034089,0.5121822492548647,0.07833086435188555,PIK3CD,1.0
GO_Biological_Process_2021,regulation of inflammatory response to antigenic stimulus (GO:0002861),2/137,0.8602868823159793,0.5760820949321608,0.08669422650717339,FGR;GNB1,1.0
GO_Biological_Process_2021,negative regulation of NF-kappaB transcription factor activity (GO:0032088),1/79,0.8652140521554212,0.4989979862489484,0.0722441018709364,ZC3H12A,1.0
GO_Biological_Process_2021,transcription initiation from RNA polymerase II promoter (GO:0006367),2/140,0.8683492804311246,0.5634712653863229,0.0795403072885464,HDAC1;TAF12,1.0
GO_Biological_Process_2021,regulation of fat cell differentiation (GO:0045598),1/80,0.8685970637473237,0.4926561888536975,0.06940340337150123,ZC3H12A,1.0
GO_Biological_Process_2021,positive regulation of cell adhesion (GO:0045785),1/80,0.8685970637473237,0.4926561888536975,0.06940340337150123,TNFRSF18,1.0
GO_Biological_Process_2021,glycerophospholipid metabolic process (GO:0006650),1/80,0.8685970637473237,0.4926561888536975,0.06940340337150123,PIGV,1.0
GO_Biological_Process_2021,protein localization to membrane (GO:0072657),3/195,0.8689603848435874,0.6070170907164569,0.08526024980655887,AGRN;DVL1;EPHA2,1.0
GO_Biological_Process_2021,positive regulation of tumor necrosis factor superfamily cytokine production (GO:1903557),1/81,0.8718953302195294,0.48647293639332795,0.0666885785742909,EPHB2,1.0
GO_Biological_Process_2021,regulation of interleukin-8 production (GO:0032677),1/81,0.8718953302195294,0.48647293639332795,0.0666885785742909,PARK7,1.0
GO_Biological_Process_2021,positive regulation of cellular amide metabolic process (GO:0034250),1/81,0.8718953302195294,0.48647293639332795,0.0666885785742909,MTOR,1.0
GO_Biological_Process_2021,positive regulation of cytoskeleton organization (GO:0051495),1/82,0.8751109703063928,0.48044235683321435,0.06409320960654814,CDC42,1.0
GO_Biological_Process_2021,"regulation of gene expression, epigenetic (GO:0040029)",1/82,0.8751109703063928,0.48044235683321435,0.06409320960654814,RBBP4,1.0
GO_Biological_Process_2021,cell-cell junction organization (GO:0045216),1/82,0.8751109703063928,0.48044235683321435,0.06409320960654814,GJA4,1.0
GO_Biological_Process_2021,protein-DNA complex assembly (GO:0065004),2/143,0.8759826859515141,0.5513970668849887,0.07300990838883563,PSMB2;RPA2,1.0
GO_Biological_Process_2021,nitrogen compound transport (GO:0071705),2/143,0.8759826859515141,0.5513970668849887,0.07300990838883563,PDPN;PPT1,1.0
GO_Biological_Process_2021,peptide metabolic process (GO:0006518),1/83,0.8782460498749642,0.474558864579445,0.06161125870174053,MMACHC,1.0
GO_Biological_Process_2021,long-chain fatty acid metabolic process (GO:0001676),1/83,0.8782460498749642,0.474558864579445,0.06161125870174053,ELOVL1,1.0
GO_Biological_Process_2021,regulation of Notch signaling pathway (GO:0008593),1/83,0.8782460498749642,0.474558864579445,0.06161125870174053,YTHDF2,1.0
GO_Biological_Process_2021,positive regulation of signal transduction (GO:0009967),4/252,0.8783824973639175,0.6260405704297232,0.08118064278685368,C1QTNF12;MACF1;PRKCZ;SKI,1.0
GO_Biological_Process_2021,negative regulation of cell migration (GO:0030336),2/144,0.8784352033674786,0.5474857068070916,0.07096133736874266,CLIC4;PTPRU,1.0
GO_Biological_Process_2021,lymphocyte differentiation (GO:0030098),1/84,0.8813025832415615,0.4688171432233568,0.05923704213332673,PIK3CD,1.0
GO_Biological_Process_2021,anaphase-promoting complex-dependent catabolic process (GO:0031145),1/84,0.8813025832415615,0.4688171432233568,0.05923704213332673,PSMB2,1.0
GO_Biological_Process_2021,response to insulin (GO:0032868),1/84,0.8813025832415615,0.4688171432233568,0.05923704213332673,SLC25A33,1.0
GO_Biological_Process_2021,"retrograde vesicle-mediated transport, Golgi to endoplasmic reticulum (GO:0006890)",1/85,0.8842825344556215,0.46321212951860413,0.05696520619458959,RER1,1.0
GO_Biological_Process_2021,glucose homeostasis (GO:0042593),1/86,0.887187818551639,0.45773899848925736,0.0547907050432783,PARK7,1.0
GO_Biological_Process_2021,response to interleukin-1 (GO:0070555),1/86,0.887187818551639,0.45773899848925736,0.0547907050432783,ZC3H12A,1.0
GO_Biological_Process_2021,negative regulation of cellular amide metabolic process (GO:0034249),1/86,0.887187818551639,0.45773899848925736,0.0547907050432783,YBX1,1.0
GO_Biological_Process_2021,regulation of transcription from RNA polymerase II promoter in response to stress (GO:0043618),1/87,0.890020302769987,0.4523931495768721,0.05270878024768183,PSMB2,1.0
GO_Biological_Process_2021,regulation of G2/M transition of mitotic cell cycle (GO:0010389),2/149,0.8900398508106999,0.5287271431681979,0.061590917893533874,PSMB2;RCC2,1.0
GO_Biological_Process_2021,cellular response to organic cyclic compound (GO:0071407),2/150,0.8922340003220892,0.5251275269023562,0.0598786370087018,GNB1;ZC3H12A,1.0
GO_Biological_Process_2021,"retrograde transport, endosome to Golgi (GO:0042147)",1/88,0.8927818077473891,0.4471701937429325,0.05071494188669853,VAMP3,1.0
GO_Biological_Process_2021,positive regulation of neuron projection development (GO:0010976),1/88,0.8927818077473891,0.4471701937429325,0.05071494188669853,P3H1,1.0
GO_Biological_Process_2021,metal ion transport (GO:0030001),1/88,0.8927818077473891,0.4471701937429325,0.05071494188669853,NIPAL3,1.0
GO_Biological_Process_2021,post-Golgi vesicle-mediated transport (GO:0006892),1/89,0.895474108677798,0.4420659414506734,0.04880495107069118,PUM1,1.0
GO_Biological_Process_2021,second-messenger-mediated signaling (GO:0019932),1/89,0.895474108677798,0.4420659414506734,0.04880495107069118,RCAN3,1.0
GO_Biological_Process_2021,mitotic cell cycle phase transition (GO:0044772),3/209,0.897261985150627,0.5653532736747892,0.061288473615460366,KHDRBS1;PLK3;RCC1,1.0
GO_Biological_Process_2021,positive regulation of transport (GO:0051050),1/91,0.9006579787235605,0.4321977203523057,0.04522071579044994,PLA2G5,1.0
GO_Biological_Process_2021,regulation of actin cytoskeleton organization (GO:0032956),1/91,0.9006579787235605,0.4321977203523057,0.04522071579044994,MTOR,1.0
GO_Biological_Process_2021,protein transport (GO:0015031),6/369,0.9023383057655943,0.6403118286415947,0.06580213645412376,ATP6V0B;LAPTM5;MACF1;PPT1;STX12;SVBP,1.0
GO_Biological_Process_2021,cellular response to interleukin-1 (GO:0071347),2/155,0.9026074338894274,0.5078352526840967,0.05203663695914162,PSMB2;ZC3H12A,1.0
GO_Biological_Process_2021,positive regulation of NF-kappaB transcription factor activity (GO:0051092),2/155,0.9026074338894274,0.5078352526840967,0.05203663695914162,PRKCZ;TRIM62,1.0
GO_Biological_Process_2021,negative regulation of mitotic cell cycle phase transition (GO:1901991),1/92,0.9031528810611072,0.42742627278825984,0.04353910895158987,PSMB2,1.0
GO_Biological_Process_2021,Wnt signaling pathway (GO:0016055),1/92,0.9031528810611072,0.42742627278825984,0.04353910895158987,DVL1,1.0
GO_Biological_Process_2021,protein deubiquitination (GO:0016579),4/267,0.9040436034271434,0.5898748810915388,0.059505212959474814,OTUD3;PSMB2;USP48;ZC3H12A,1.0
GO_Biological_Process_2021,regulation of cell differentiation (GO:0045595),2/156,0.9045671594891698,0.5045115428343533,0.05060186525113393,HES5;RPS6KA1,1.0
GO_Biological_Process_2021,regulation of epithelial cell proliferation (GO:0050678),1/93,0.9055852479221403,0.42275855234517146,0.04192659812013321,TIE1,1.0
GO_Biological_Process_2021,hemopoiesis (GO:0030097),1/94,0.9079566437145213,0.4181912129868806,0.04037997927480913,YTHDF2,1.0
GO_Biological_Process_2021,interleukin-1-mediated signaling pathway (GO:0070498),1/94,0.9079566437145213,0.4181912129868806,0.04037997927480913,PSMB2,1.0
GO_Biological_Process_2021,response to lipopolysaccharide (GO:0032496),2/159,0.9102276531133894,0.494794454802301,0.046540634845502075,TNFRSF1B;ZC3H12A,1.0
GO_Biological_Process_2021,regulation of cell cycle phase transition (GO:1901987),1/95,0.9102685937869991,0.413721051061745,0.03889621837379907,PSMB2,1.0
GO_Biological_Process_2021,ciliary basal body-plasma membrane docking (GO:0097711),1/95,0.9102685937869991,0.413721051061745,0.03889621837379907,NPHP4,1.0
GO_Biological_Process_2021,cellular transition metal ion homeostasis (GO:0046916),1/96,0.9125225854024976,0.4093449978087174,0.03747244100879751,ATP13A2,1.0
GO_Biological_Process_2021,regulation of vesicle-mediated transport (GO:0060627),1/96,0.9125225854024976,0.4093449978087174,0.03747244100879751,FGR,1.0
GO_Biological_Process_2021,positive regulation of MAPK cascade (GO:0043410),4/274,0.9142915003063061,0.5743727485752209,0.05146714700887817,EPHA8;LAPTM5;PLA2G5;PRKCZ,1.0
GO_Biological_Process_2021,positive regulation of cellular process (GO:0048522),11/625,0.9150676956954004,0.6919192790632203,0.06141284003020227,CDC42;HDAC1;HES5;MFSD2A;PDPN;PLA2G5;RPS6KA1;SLC25A33;TNFRSF18;TNFRSF1B;ZC3H12A,1.0
GO_Biological_Process_2021,antigen processing and presentation of exogenous peptide antigen via MHC class II (GO:0019886),1/98,0.9168624575560356,0.40086357500903524,0.034794080313570085,CAPZB,1.0
GO_Biological_Process_2021,protein modification by small protein removal (GO:0070646),4/276,0.9170348735597291,0.5700901216300617,0.04937537852922016,OTUD3;PSMB2;USP48;ZC3H12A,1.0
GO_Biological_Process_2021,positive regulation of stress-activated MAPK cascade (GO:0032874),1/99,0.9189511306151241,0.39675268130510755,0.03353446293736691,ZC3H12A,1.0
GO_Biological_Process_2021,organic anion transport (GO:0015711),1/99,0.9189511306151241,0.39675268130510755,0.03353446293736691,CPTP,1.0
GO_Biological_Process_2021,heart development (GO:0007507),2/164,0.9189687461647386,0.47939906841406993,0.04051073892929309,C1ORF127;ECE1,1.0
GO_Biological_Process_2021,regulation of neuron projection development (GO:0010975),2/165,0.9206182176574943,0.47643333140431254,0.03940573361521686,MFSD2A;P3H1,1.0
GO_Biological_Process_2021,antigen processing and presentation of peptide antigen via MHC class II (GO:0002495),1/100,0.9209874320418081,0.3927248359588351,0.0323247448564341,CAPZB,1.0
GO_Biological_Process_2021,regulation of transforming growth factor beta receptor signaling pathway (GO:0017015),1/100,0.9209874320418081,0.3927248359588351,0.0323247448564341,SKI,1.0
GO_Biological_Process_2021,epithelial cell differentiation (GO:0030855),1/101,0.9229726724427677,0.38877754751948795,0.031162717897122303,HDAC1,1.0
GO_Biological_Process_2021,"DNA-templated transcription, initiation (GO:0006352)",2/168,0.9253791564775715,0.4677505110022518,0.03627485972784681,HDAC1;TAF12,1.0
GO_Biological_Process_2021,antigen processing and presentation of exogenous peptide antigen (GO:0002478),1/103,0.9267950497407861,0.3811151640784025,0.028973452443443556,CAPZB,1.0
GO_Biological_Process_2021,cell-cell adhesion via plasma-membrane adhesion molecules (GO:0098742),2/170,0.9284022466220381,0.46213424225012517,0.03433203821245531,IGSF21;PTPRF,1.0
GO_Biological_Process_2021,regulation of JNK cascade (GO:0046328),1/105,0.9304281072306961,0.3737474876927434,0.02695110640038396,PINK1,1.0
GO_Biological_Process_2021,positive regulation of ERK1 and ERK2 cascade (GO:0070374),2/172,0.931309506921866,0.4566501209980486,0.032496871701470115,PLA2G5;PRKCZ,1.0
GO_Biological_Process_2021,cellular response to peptide hormone stimulus (GO:0071375),1/106,0.9321765840532471,0.370168902019709,0.02599807781673693,SLC25A33,1.0
GO_Biological_Process_2021,DNA replication (GO:0006260),1/108,0.9355430647944547,0.3632123990291374,0.024200152167584497,RPA2,1.0
GO_Biological_Process_2021,response to tumor necrosis factor (GO:0034612),1/110,0.9387427646023038,0.3565111805519813,0.022536420552223466,ZC3H12A,1.0
GO_Biological_Process_2021,regulation of interleukin-6 production (GO:0032675),1/110,0.9387427646023038,0.3565111805519813,0.022536420552223466,ZC3H12A,1.0
GO_Biological_Process_2021,cellular divalent inorganic cation homeostasis (GO:0072503),1/111,0.9402826649390985,0.3532519515653644,0.021751397615950598,ATP13A2,1.0
GO_Biological_Process_2021,Fc-epsilon receptor signaling pathway (GO:0038095),1/111,0.9402826649390985,0.3532519515653644,0.021751397615950598,PSMB2,1.0
GO_Biological_Process_2021,regulation of immune response (GO:0050776),2/179,0.9406300299349846,0.43843168429623486,0.026834379428516717,FGR;ZMPSTE24,1.0
GO_Biological_Process_2021,Fc receptor signaling pathway (GO:0038093),1/112,0.9417839303385883,0.35005144742535327,0.020995877196220876,PSMB2,1.0
GO_Biological_Process_2021,regulated exocytosis (GO:0045055),2/180,0.9418593023778931,0.43594602278796174,0.026112894775742607,RIMS3;SDF4,1.0
GO_Biological_Process_2021,anterograde trans-synaptic signaling (GO:0098916),3/244,0.9455077352130397,0.48237139740922663,0.02702881772947173,CORT;GABRD;RPS6KA1,1.0
GO_Biological_Process_2021,stimulatory C-type lectin receptor signaling pathway (GO:0002223),1/115,0.9460654709057128,0.3407868301779526,0.018894416043275266,PSMB2,1.0
GO_Biological_Process_2021,cellular response to lectin (GO:1990858),1/115,0.9460654709057128,0.3407868301779526,0.018894416043275266,PSMB2,1.0
GO_Biological_Process_2021,positive regulation of protein metabolic process (GO:0051247),1/115,0.9460654709057128,0.3407868301779526,0.018894416043275266,SLC6A9,1.0
GO_Biological_Process_2021,ion transport (GO:0006811),1/116,0.9474216320597054,0.33780604028096284,0.018245260848445438,SLC9A1,1.0
GO_Biological_Process_2021,innate immune response activating cell surface receptor signaling pathway (GO:0002220),1/119,0.9512893022134978,0.3291668017659586,0.016437620444444554,PSMB2,1.0
GO_Biological_Process_2021,cellular response to interferon-gamma (GO:0071346),1/121,0.9537086656171427,0.3236472882702614,0.015339922213934242,TRIM62,1.0
GO_Biological_Process_2021,positive regulation of epithelial cell proliferation (GO:0050679),1/123,0.9560080924349674,0.31830874243016083,0.014320360524952835,PIK3CD,1.0
GO_Biological_Process_2021,cilium assembly (GO:0060271),4/314,0.9561887206787859,0.4992195531504904,0.022365025420192083,CCDC28B;CFAP74;NPHP4;UBXN10,1.0
GO_Biological_Process_2021,positive regulation of protein phosphorylation (GO:0001934),5/371,0.9569176889425721,0.5280675504623986,0.023254986346250173,BMP8A;MAD2L2;PARK7;PINK1;TNFRSF14,1.0
GO_Biological_Process_2021,regulation of phosphorylation (GO:0042325),1/125,0.958193517033077,0.3131424077461926,0.01337290946093475,SESN2,1.0
GO_Biological_Process_2021,cellular response to cytokine stimulus (GO:0071345),7/482,0.9590774812720393,0.5686986115882635,0.02376216926974352,CSF3R;IFNLR1;LDLRAP1;PIK3CD;TNFRSF1B;TXLNA;ZC3H12A,1.0
GO_Biological_Process_2021,endomembrane system organization (GO:0010256),2/199,0.961086829317455,0.39351313115180653,0.015618741197942676,CDC42;PLEKHM2,1.0
GO_Biological_Process_2021,protein localization to plasma membrane (GO:0072659),1/136,0.9684141244460144,0.28746381090957995,0.009226285740184722,EPHA2,1.0
GO_Biological_Process_2021,cellular calcium ion homeostasis (GO:0006874),1/136,0.9684141244460144,0.28746381090957995,0.009226285740184722,ATP13A2,1.0
GO_Biological_Process_2021,intracellular protein transport (GO:0006886),4/336,0.9702084145335371,0.4656043437511756,0.014081910148465918,IPO13;LAPTM5;RPL11;STX12,1.0
GO_Biological_Process_2021,positive regulation of response to external stimulus (GO:0032103),1/139,0.9707398648027951,0.2811710322381571,0.008349866135364543,PUM1,1.0
GO_Biological_Process_2021,protein localization to cell periphery (GO:1990778),1/140,0.9714764877119437,0.2791338017330202,0.008077633271569826,EPHA2,1.0
GO_Biological_Process_2021,positive regulation of protein modification process (GO:0031401),2/214,0.9717967108404799,0.3653860654446232,0.01045319899977812,CAMTA1;PINK1,1.0
GO_Biological_Process_2021,cellular response to lipid (GO:0071396),2/219,0.9746881447644635,0.3568744956376876,0.009149445065133955,TNFRSF1B;ZC3H12A,1.0
GO_Biological_Process_2021,cilium organization (GO:0044782),2/228,0.9791874618822922,0.34250274768049,0.007203576616229493,CCDC28B;UBXN10,1.0
GO_Biological_Process_2021,inflammatory response (GO:0006954),2/230,0.9800766682655042,0.3394631089799911,0.006831517682986654,HSPG2;PIK3CD,1.0
GO_Biological_Process_2021,MAPK cascade (GO:0000165),3/303,0.982492471400693,0.3863178998728793,0.0068233777519732435,ARTN;ICMT;PSMB2,1.0
GO_Biological_Process_2021,organelle assembly (GO:0070925),5/425,0.9825125447447075,0.4588744498447682,0.00809553973687374,CCDC28B;RCC1;STX12;UBXN10;YTHDF2,1.0
GO_Biological_Process_2021,cellular protein-containing complex assembly (GO:0034622),1/168,0.9860388765658685,0.23199692345847545,0.0032617599544861138,VAMP3,1.0
GO_Biological_Process_2021,neuron differentiation (GO:0030182),1/174,0.9880222979478274,0.22388128421797787,0.0026977723216639986,PPT1,1.0
GO_Biological_Process_2021,regulation of mitotic cell cycle phase transition (GO:1901990),1/188,0.9916243574123637,0.2069700858719143,0.0017408078774125211,PSMB2,1.0
GO_Biological_Process_2021,positive regulation of cell population proliferation (GO:0008284),5/474,0.992640763341016,0.40987701375235,0.0030275358360152393,DISP3;HDAC1;HES5;KDM1A;SLC25A33,1.0
GO_Biological_Process_2021,plasma membrane bounded cell projection assembly (GO:0120031),2/278,0.9931278816916497,0.2797276006049693,0.0019289567927233788,CCDC28B;UBXN10,1.0
GO_Biological_Process_2021,regulation of signal transduction (GO:0009966),1/198,0.9935139256421966,0.19636226384918407,0.001277768589575884,DHRS3,1.0
GO_Biological_Process_2021,negative regulation of multicellular organismal process (GO:0051241),1/214,0.9956926933253647,0.1814615110360343,0.0007832985448529639,MAD2L2,1.0
GO_Molecular_Function_2021,miRNA binding (GO:0035198),6/30,8.442969223864148e-05,9.856275109184715,92.44783339250294,AGO1;AGO3;AGO4;PUM1;YBX1;ZC3H12A,0.0352071816635135
GO_Molecular_Function_2021,regulatory RNA binding (GO:0061980),6/40,0.00044179716336257934,6.953798386265096,53.71572607031352,AGO1;AGO3;AGO4;PUM1;YBX1;ZC3H12A,0.1842294171221956
GO_Molecular_Function_2021,ephrin receptor activity (GO:0005003),4/17,0.0007089915833787707,12.08870943989885,87.66329414067033,EPHA10;EPHA2;EPHA8;EPHB2,0.2956494902689474
GO_Molecular_Function_2021,transmembrane-ephrin receptor activity (GO:0005005),4/17,0.0007089915833787707,12.08870943989885,87.66329414067033,EPHA10;EPHA2;EPHA8;EPHB2,0.2956494902689474
GO_Molecular_Function_2021,tumor necrosis factor-activated receptor activity (GO:0005031),3/9,0.0011659403745782181,19.61166963558009,132.46167502163868,TNFRSF14;TNFRSF1B;TNFRSF25,0.486197136199117
GO_Molecular_Function_2021,voltage-gated chloride channel activity (GO:0005247),3/10,0.0016348123547037037,16.809140228042594,107.8512635631592,CLCN6;CLCNKA;CLCNKB,0.6817167519114444
GO_Molecular_Function_2021,RNA binding (GO:0003723),53/1406,0.0018293715998077215,1.5902865271034512,10.024820791715205,AGO1;AGO3;AGO4;CDK11B;EBNA1BP2;EIF3I;EIF4G3;ENO1;ERI3;EXOSC10;GNL2;HMGN2;HNRNPR;KDM1A;KHDRBS1;LRRC47;LSM10;MACF1;MRPL20;MRPS15;MRTO4;NOC2L;PABPC4;PARK7;PEF1;PPIE;PPP1R8;PRDX1;PUM1;RCAN3;RCC2;RPL11;RPL22;RPS8;SF3A3;SFPQ;SNIP1;SNRNP40;SPEN;SRRM1;SRSF10;SRSF4;SYF2;TARDBP;THRAP3;TOE1;TRNAU1AP;UTP11;YBX1;YRDC;YTHDF2;ZC3H12A;ZCCHC17,0.7628479571198199
GO_Molecular_Function_2021,death receptor activity (GO:0005035),3/12,0.0028874853054332654,13.072434351325937,76.43935119990734,TNFRSF14;TNFRSF1B;TNFRSF25,1.0
GO_Molecular_Function_2021,kinesin binding (GO:0019894),4/29,0.005583706546305348,6.28225794108351,32.59174147400963,CLSTN1;CROCC;KIF1B;PLEKHM2,1.0
GO_Molecular_Function_2021,ribonuclease activity (GO:0004540),6/66,0.0060659884181197285,3.9352225944286925,20.089538717896378,AGO1;AGO3;EXOSC10;INTS11;PPP1R8;ZC3H12A,1.0
GO_Molecular_Function_2021,voltage-gated anion channel activity (GO:0008308),3/16,0.006823892045386851,9.04828956101569,45.12676334768942,CLCN6;CLCNKA;CLCNKB,1.0
GO_Molecular_Function_2021,palmitoyl-CoA hydrolase activity (GO:0016290),2/6,0.008752514158603515,19.57429680573701,92.7511276515359,ACOT7;PPT1,1.0
GO_Molecular_Function_2021,endoribonuclease activity (GO:0004521),4/34,0.009886036132252772,5.233870864908518,24.162855767023533,AGO1;AGO3;INTS11;ZC3H12A,1.0
GO_Molecular_Function_2021,core promoter sequence-specific DNA binding (GO:0001046),4/37,0.013278779388034458,4.757331284828976,20.559226043299017,AGO1;HDAC1;PARK7;ZBTB17,1.0
GO_Molecular_Function_2021,mRNA binding (GO:0003729),13/263,0.015486450390605878,2.0554414373009973,8.566647868622857,EIF4G3;HNRNPR;KHDRBS1;PABPC4;PARK7;PPIE;PPP1R8;PUM1;SNIP1;SRSF4;TARDBP;YTHDF2;ZC3H12A,1.0
GO_Molecular_Function_2021,DNA-binding transcription factor binding (GO:0140297),11/208,0.015868380203164428,2.2041563718332444,9.132760618253794,DMAP1;HDAC1;KDM1A;MAD2L2;NOC2L;PARK7;RERE;SKI;SPEN;TP73;ZBTB17,1.0
GO_Molecular_Function_2021,poly(A) binding (GO:0008143),3/22,0.01679988058833307,6.189028788953143,25.29074512689807,KHDRBS1;PABPC4;PPIE,1.0
GO_Molecular_Function_2021,transmembrane receptor protein tyrosine kinase activity (GO:0004714),5/60,0.01693749976445345,3.5711661372216206,14.564019713665973,EPHA10;EPHA2;EPHA8;EPHB2;TIE1,1.0
GO_Molecular_Function_2021,transmembrane receptor protein kinase activity (GO:0019199),5/60,0.01693749976445345,3.5711661372216206,14.564019713665973,EPHA10;EPHA2;EPHA8;EPHB2;TIE1,1.0
GO_Molecular_Function_2021,prenyltransferase activity (GO:0004659),2/9,0.019987666789615548,11.18359129005984,43.75736501649889,DHDDS;UBIAD1,1.0
GO_Molecular_Function_2021,chloride channel activity (GO:0005254),5/64,0.021819921880792178,3.328368364535616,12.730782261731685,CLCN6;CLCNKA;CLCNKB;CLIC4;GABRD,1.0
GO_Molecular_Function_2021,"oxidoreductase activity, acting on the CH-OH group of donors, NAD or NADP as acceptor (GO:0016616)",6/87,0.021837865399528786,2.911830801754812,11.135160911669164,AKR1A1;DHRS3;H6PD;KCNAB2;PGD;PRXL2B,1.0
GO_Molecular_Function_2021,ubiquitination-like modification-dependent protein binding (GO:0140035),2/10,0.02457588039834349,9.785140370780313,36.26363029444785,FAAP20;LAPTM5,1.0
GO_Molecular_Function_2021,single-stranded RNA binding (GO:0003727),4/45,0.025650143922455952,3.8274979578445043,14.020913853016395,AGO1;AGO3;AGO4;EXOSC10,1.0
GO_Molecular_Function_2021,ubiquitin-dependent protein binding (GO:0140036),2/11,0.029546891440604902,8.697456322451792,30.630499349736766,FAAP20;LAPTM5,1.0
GO_Molecular_Function_2021,galactosyltransferase activity (GO:0008378),2/11,0.029546891440604902,8.697456322451792,30.630499349736766,B3GALT6;B4GALT2,1.0
GO_Molecular_Function_2021,alditol:NADP+ 1-oxidoreductase activity (GO:0004032),2/11,0.029546891440604902,8.697456322451792,30.630499349736766,AKR1A1;AKR7A2,1.0
GO_Molecular_Function_2021,poly-purine tract binding (GO:0070717),3/28,0.03202317849105507,4.70221318748062,16.181704191216266,KHDRBS1;PABPC4;PPIE,1.0
GO_Molecular_Function_2021,ubiquitin protein ligase binding (GO:0031625),12/265,0.035198892354220586,1.8706991138075166,6.260744794443278,ISG15;KDM4A;LAPTM5;MFN2;MUL1;PINK1;RPA2;RPL11;SKI;TNFRSF14;TNFRSF1B;UBE2J2,1.0
GO_Molecular_Function_2021,endonuclease activity (GO:0004519),4/51,0.03832553051359525,3.3378516845920436,10.886867270153568,AGO1;AGO3;INTS11;ZC3H12A,1.0
GO_Molecular_Function_2021,histone demethylase activity (H3-K9 specific) (GO:0032454),2/13,0.0405504501349323,7.115370433973942,22.806245068033682,KDM1A;KDM4A,1.0
GO_Molecular_Function_2021,exoribonuclease activity (GO:0004532),2/13,0.0405504501349323,7.115370433973942,22.806245068033682,EXOSC10;ZC3H12A,1.0
GO_Molecular_Function_2021,"4 iron, 4 sulfur cluster binding (GO:0051539)",2/14,0.04654167438102964,6.522088225794748,20.00590002092161,EXO5;SDHB,1.0
GO_Molecular_Function_2021,"exoribonuclease activity, producing 5'-phosphomonoesters (GO:0016896)",3/33,0.048705940830527365,3.9175049533701216,11.838520813853847,ERI3;EXOSC10;TOE1,1.0
GO_Molecular_Function_2021,nucleosomal DNA binding (GO:0031492),3/33,0.048705940830527365,3.9175049533701216,11.838520813853847,HDAC1;RBBP4;RCC1,1.0
GO_Molecular_Function_2021,amyloid-beta binding (GO:0001540),5/80,0.050012533933314965,2.616161564656669,7.8366638983673775,C1QA;CLSTN1;EPHB2;HSPG2;LDLRAP1,1.0
GO_Molecular_Function_2021,ubiquitin-like protein ligase binding (GO:0044389),12/282,0.05205111281870423,1.751366085240677,5.176213437295948,ISG15;KDM4A;LAPTM5;MFN2;MUL1;PINK1;RPA2;RPL11;SKI;TNFRSF14;TNFRSF1B;UBE2J2,1.0
GO_Molecular_Function_2021,3'-5'-exoribonuclease activity (GO:0000175),3/34,0.05246270580132812,3.790939109158751,11.174372004908776,ERI3;EXOSC10;TOE1,1.0
GO_Molecular_Function_2021,hexose transmembrane transporter activity (GO:0015149),2/15,0.05283299250953198,6.020080203489276,17.702764788108396,SLC2A1;SLC2A5,1.0
GO_Molecular_Function_2021,"oxidoreductase activity, acting on the CH-NH group of donors, NAD or NADP as acceptor (GO:0016646)",2/15,0.05283299250953198,6.020080203489276,17.702764788108396,ALDH4A1;MTHFR,1.0
GO_Molecular_Function_2021,protein tyrosine kinase activity (GO:0004713),6/108,0.05390056615204627,2.309835629593706,6.746138964374772,EPHA10;EPHA2;EPHA8;EPHB2;FGR;TIE1,1.0
GO_Molecular_Function_2021,transmembrane receptor protein phosphatase activity (GO:0019198),2/16,0.05940572114726701,5.589787612941729,15.782009259641375,PTPRF;PTPRU,1.0
GO_Molecular_Function_2021,transmembrane receptor protein tyrosine phosphatase activity (GO:0005001),2/16,0.05940572114726701,5.589787612941729,15.782009259641375,PTPRF;PTPRU,1.0
GO_Molecular_Function_2021,alcohol dehydrogenase (NADP+) activity (GO:0008106),2/17,0.06624192025241268,5.216867367800521,14.16088274391536,AKR1A1;AKR7A2,1.0
GO_Molecular_Function_2021,SH3 domain binding (GO:0017124),4/62,0.06934660343634286,2.7032813706930203,7.21407968936111,CASP9;ESPN;KHDRBS1;WASF2,1.0
GO_Molecular_Function_2021,acyl-CoA hydrolase activity (GO:0047617),2/18,0.07332436774710814,4.890562153301965,12.778365411447675,ACOT7;PPT1,1.0
GO_Molecular_Function_2021,NAD-retinol dehydrogenase activity (GO:0004745),2/19,0.08063653494982481,4.602645787567944,11.588557419843832,AKR1A1;DHRS3,1.0
GO_Molecular_Function_2021,nuclear receptor binding (GO:0016922),6/120,0.08075193732380687,2.0654165371373168,5.197359080183734,ARID1A;KDM1A;PADI2;PARK7;SRARP;THRAP3,1.0
GO_Molecular_Function_2021,translation initiation factor activity (GO:0003743),3/41,0.08241397394133815,3.0914962858853867,7.716375563588127,EIF2B3;EIF3I;EIF4G3,1.0
GO_Molecular_Function_2021,antiporter activity (GO:0015297),2/20,0.08816256278348908,4.346720129137704,10.556326554392845,SLC35E2A;SLC35E2B,1.0
GO_Molecular_Function_2021,glucose transmembrane transporter activity (GO:0005355),2/21,0.09588723873604421,4.11773401370012,9.65436659095969,SLC2A1;SLC2A5,1.0
GO_Molecular_Function_2021,poly(U) RNA binding (GO:0008266),2/22,0.10379597455081534,3.911646509806295,8.861162716122283,KHDRBS1;PABPC4,1.0
GO_Molecular_Function_2021,cyclin-dependent protein serine/threonine kinase activity (GO:0004693),2/23,0.11187478462470203,3.7251863872356914,8.159555235500564,CDK11A;CDK11B,1.0
GO_Molecular_Function_2021,carboxy-lyase activity (GO:0016831),2/23,0.11187478462470203,3.7251863872356914,8.159555235500564,AZIN2;UROD,1.0
GO_Molecular_Function_2021,cyclin-dependent protein kinase activity (GO:0097472),2/23,0.11187478462470203,3.7251863872356914,8.159555235500564,CDK11A;CDK11B,1.0
GO_Molecular_Function_2021,low-density lipoprotein particle receptor binding (GO:0050750),2/23,0.11187478462470203,3.7251863872356914,8.159555235500564,HSPG2;LDLRAP1,1.0
GO_Molecular_Function_2021,protein tyrosine phosphatase activity (GO:0004725),4/74,0.11407668939856458,2.2384792186942555,4.859479487402799,EYA3;PTP4A2;PTPRF;PTPRU,1.0
GO_Molecular_Function_2021,3'-5' exonuclease activity (GO:0008408),3/48,0.11807324050660134,2.609657896519291,5.575404043092076,ERI3;EXOSC10;TOE1,1.0
GO_Molecular_Function_2021,"phosphotransferase activity, alcohol group as acceptor (GO:0016773)",4/75,0.11826965822703421,2.2068377576426963,4.711130812599087,NADK;NOL9;PANK4;PIK3CD,1.0
GO_Molecular_Function_2021,GPI-linked ephrin receptor activity (GO:0005004),1/5,0.11891560438325303,9.767534879408117,20.798414874254938,EPHA8,1.0
GO_Molecular_Function_2021,fructose transmembrane transporter activity (GO:0005353),1/5,0.11891560438325303,9.767534879408117,20.798414874254938,SLC2A5,1.0
GO_Molecular_Function_2021,solute:proton antiporter activity (GO:0015299),1/5,0.11891560438325303,9.767534879408117,20.798414874254938,SLC9A1,1.0
GO_Molecular_Function_2021,oxo-acid-lyase activity (GO:0016833),1/5,0.11891560438325303,9.767534879408117,20.798414874254938,HMGCL,1.0
GO_Molecular_Function_2021,folic acid transmembrane transporter activity (GO:0008517),1/5,0.11891560438325303,9.767534879408117,20.798414874254938,PDPN,1.0
GO_Molecular_Function_2021,troponin I binding (GO:0031013),1/5,0.11891560438325303,9.767534879408117,20.798414874254938,RCAN3,1.0
GO_Molecular_Function_2021,tumor necrosis factor binding (GO:0043120),1/5,0.11891560438325303,9.767534879408117,20.798414874254938,TNFRSF1B,1.0
GO_Molecular_Function_2021,ATPase inhibitor activity (GO:0042030),1/5,0.11891560438325303,9.767534879408117,20.798414874254938,ATP5IF1,1.0
GO_Molecular_Function_2021,small protein activating enzyme binding (GO:0044388),1/5,0.11891560438325303,9.767534879408117,20.798414874254938,PARK7,1.0
GO_Molecular_Function_2021,thiolester hydrolase activity (GO:0016790),1/5,0.11891560438325303,9.767534879408117,20.798414874254938,PPT1,1.0
GO_Molecular_Function_2021,single-stranded DNA 3'-5' exodeoxyribonuclease activity (GO:0008310),1/5,0.11891560438325303,9.767534879408117,20.798414874254938,EXO5,1.0
GO_Molecular_Function_2021,protein-arginine deiminase activity (GO:0004668),1/5,0.11891560438325303,9.767534879408117,20.798414874254938,PADI2,1.0
GO_Molecular_Function_2021,potassium channel activator activity (GO:0099104),1/5,0.11891560438325303,9.767534879408117,20.798414874254938,LRRC38,1.0
GO_Molecular_Function_2021,"oxidoreductase activity, acting on metal ions, NAD or NADP as acceptor (GO:0016723)",1/5,0.11891560438325303,9.767534879408117,20.798414874254938,MMACHC,1.0
GO_Molecular_Function_2021,L-lysine transmembrane transporter activity (GO:0015189),1/5,0.11891560438325303,9.767534879408117,20.798414874254938,SLC66A1,1.0
GO_Molecular_Function_2021,kainate selective glutamate receptor activity (GO:0015277),1/5,0.11891560438325303,9.767534879408117,20.798414874254938,GRIK3,1.0
GO_Molecular_Function_2021,histone acetyltransferase activity (H3-K23 specific) (GO:0043994),1/5,0.11891560438325303,9.767534879408117,20.798414874254938,MEAF6,1.0
GO_Molecular_Function_2021,gap junction channel activity (GO:0005243),2/24,0.12011026509285985,3.5556771848987787,7.535706956182998,GJA4;GJB3,1.0
GO_Molecular_Function_2021,ubiquitin protein ligase activity (GO:0061630),10/263,0.1249955985479647,1.552553006146978,3.228497885505129,CDC42;FBXO2;FBXO44;FBXO6;MUL1;RNF19B;RNF220;TRIM62;UBE4B;UBR4,1.0
GO_Molecular_Function_2021,FAD binding (GO:0071949),2/25,0.12848957357915344,3.400907913199858,6.978348513082248,MMACHC;MTHFR,1.0
GO_Molecular_Function_2021,wide pore channel activity (GO:0022829),2/25,0.12848957357915344,3.400907913199858,6.978348513082248,GJA4;GJB3,1.0
GO_Molecular_Function_2021,poly-pyrimidine tract binding (GO:0008187),2/25,0.12848957357915344,3.400907913199858,6.978348513082248,KHDRBS1;PABPC4,1.0
GO_Molecular_Function_2021,GTPase binding (GO:0051020),8/201,0.13227997103288258,1.6266059747741108,3.2903548623649748,ARHGEF16;ENO1;GNB1;RAP1GAP;RCC1;RCC2;RRAGC;YBX1,1.0
GO_Molecular_Function_2021,protein carboxyl O-methyltransferase activity (GO:0051998),1/6,0.14094822242818292,7.81362710193132,15.309729283218111,ICMT,1.0
GO_Molecular_Function_2021,RNA polymerase III cis-regulatory region sequence-specific DNA binding (GO:0000992),1/6,0.14094822242818292,7.81362710193132,15.309729283218111,MTOR,1.0
GO_Molecular_Function_2021,sulfatide binding (GO:0120146),1/6,0.14094822242818292,7.81362710193132,15.309729283218111,PPT1,1.0
GO_Molecular_Function_2021,alkaline phosphatase activity (GO:0004035),1/6,0.14094822242818292,7.81362710193132,15.309729283218111,ALPL,1.0
GO_Molecular_Function_2021,long-chain fatty acyl-CoA binding (GO:0036042),1/6,0.14094822242818292,7.81362710193132,15.309729283218111,ACOT7,1.0
GO_Molecular_Function_2021,mismatched DNA binding (GO:0030983),1/6,0.14094822242818292,7.81362710193132,15.309729283218111,MUTYH,1.0
GO_Molecular_Function_2021,immunoglobulin receptor binding (GO:0034987),1/6,0.14094822242818292,7.81362710193132,15.309729283218111,FGR,1.0
GO_Molecular_Function_2021,fructose binding (GO:0070061),1/6,0.14094822242818292,7.81362710193132,15.309729283218111,SLC2A5,1.0
GO_Molecular_Function_2021,protein phosphatase 2B binding (GO:0030346),1/6,0.14094822242818292,7.81362710193132,15.309729283218111,SLC9A1,1.0
GO_Molecular_Function_2021,RNA polymerase III type 3 promoter sequence-specific DNA binding (GO:0001006),1/6,0.14094822242818292,7.81362710193132,15.309729283218111,MTOR,1.0
GO_Molecular_Function_2021,C3HC4-type RING finger domain binding (GO:0055131),1/6,0.14094822242818292,7.81362710193132,15.309729283218111,PINK1,1.0
GO_Molecular_Function_2021,apolipoprotein receptor binding (GO:0034190),1/6,0.14094822242818292,7.81362710193132,15.309729283218111,CDC42,1.0
GO_Molecular_Function_2021,androgen receptor binding (GO:0050681),2/27,0.14563099554797024,3.128513995009759,6.027643105030706,KDM1A;PARK7,1.0
GO_Molecular_Function_2021,transcription cis-regulatory region binding (GO:0000976),18/549,0.14791202156008107,1.3340600335081434,2.5495723319053827,AGO1;ENO1;HDAC1;MTF1;NFYC;PARK7;PER3;PRDM2;SFPQ;TFAP2E;TP73;ZBTB17;ZBTB48;ZBTB8A;ZBTB8B;ZFP69;ZNF436;ZNF684,1.0
GO_Molecular_Function_2021,kinase activity (GO:0016301),5/112,0.14939995925969649,1.830737243294839,3.4804663446028328,MTOR;NADK;PANK4;PIK3CD;PINK1,1.0
GO_Molecular_Function_2021,lipoprotein particle receptor binding (GO:0070325),2/28,0.15437005839850224,3.008032069656446,5.620214887147733,HSPG2;LDLRAP1,1.0
GO_Molecular_Function_2021,histone demethylase activity (GO:0032452),2/28,0.15437005839850224,3.008032069656446,5.620214887147733,KDM1A;KDM4A,1.0
GO_Molecular_Function_2021,flavin adenine dinucleotide binding (GO:0050660),3/55,0.15835857250039415,2.2575452273671446,4.160415134368651,KDM1A;MMACHC;MTHFR,1.0
GO_Molecular_Function_2021,leucine binding (GO:0070728),1/7,0.16243096168925666,6.511021916946788,11.833796779600588,SESN2,1.0
GO_Molecular_Function_2021,MutSalpha complex binding (GO:0032407),1/7,0.16243096168925666,6.511021916946788,11.833796779600588,MUTYH,1.0
GO_Molecular_Function_2021,JUN kinase binding (GO:0008432),1/7,0.16243096168925666,6.511021916946788,11.833796779600588,MAD2L2,1.0
GO_Molecular_Function_2021,fatty acid elongase activity (GO:0009922),1/7,0.16243096168925666,6.511021916946788,11.833796779600588,ELOVL1,1.0
GO_Molecular_Function_2021,ribosomal protein S6 kinase activity (GO:0004711),1/7,0.16243096168925666,6.511021916946788,11.833796779600588,RPS6KA1,1.0
GO_Molecular_Function_2021,alpha-mannosidase activity (GO:0004559),1/7,0.16243096168925666,6.511021916946788,11.833796779600588,MANEAL,1.0
GO_Molecular_Function_2021,ceramide 1-phosphate binding (GO:1902387),1/7,0.16243096168925666,6.511021916946788,11.833796779600588,CPTP,1.0
GO_Molecular_Function_2021,ceramide 1-phosphate transfer activity (GO:1902388),1/7,0.16243096168925666,6.511021916946788,11.833796779600588,CPTP,1.0
GO_Molecular_Function_2021,1-alkyl-2-acetylglycerophosphocholine esterase activity (GO:0003847),1/7,0.16243096168925666,6.511021916946788,11.833796779600588,PAFAH2,1.0
GO_Molecular_Function_2021,RNA polymerase II CTD heptapeptide repeat phosphatase activity (GO:0008420),1/7,0.16243096168925666,6.511021916946788,11.833796779600588,SSU72,1.0
GO_Molecular_Function_2021,phospholipid scramblase activity (GO:0017128),1/7,0.16243096168925666,6.511021916946788,11.833796779600588,XKR8,1.0
GO_Molecular_Function_2021,"phosphatidylinositol-4,5-bisphosphate 5-phosphatase activity (GO:0004439)",1/7,0.16243096168925666,6.511021916946788,11.833796779600588,INPP5B,1.0
GO_Molecular_Function_2021,carbohydrate:proton symporter activity (GO:0005351),1/7,0.16243096168925666,6.511021916946788,11.833796779600588,SLC45A1,1.0
GO_Molecular_Function_2021,MutLalpha complex binding (GO:0032405),1/7,0.16243096168925666,6.511021916946788,11.833796779600588,MUTYH,1.0
GO_Molecular_Function_2021,"mannosyl-oligosaccharide 1,2-alpha-mannosidase activity (GO:0004571)",1/7,0.16243096168925666,6.511021916946788,11.833796779600588,MAN1C1,1.0
GO_Molecular_Function_2021,mannosyl-oligosaccharide mannosidase activity (GO:0015924),1/7,0.16243096168925666,6.511021916946788,11.833796779600588,MAN1C1,1.0
GO_Molecular_Function_2021,morphogen activity (GO:0016015),1/7,0.16243096168925666,6.511021916946788,11.833796779600588,NBL1,1.0
GO_Molecular_Function_2021,1-phosphatidylinositol-4-phosphate 3-kinase activity (GO:0035005),1/7,0.16243096168925666,6.511021916946788,11.833796779600588,PIK3CD,1.0
GO_Molecular_Function_2021,long-chain fatty acid binding (GO:0036041),1/7,0.16243096168925666,6.511021916946788,11.833796779600588,FABP3,1.0
GO_Molecular_Function_2021,N6-methyladenosine-containing RNA binding (GO:1990247),1/7,0.16243096168925666,6.511021916946788,11.833796779600588,YTHDF2,1.0
GO_Molecular_Function_2021,"hydrolase activity, acting on acid anhydrides, in phosphorus-containing anhydrides (GO:0016818)",1/7,0.16243096168925666,6.511021916946788,11.833796779600588,ALPL,1.0
GO_Molecular_Function_2021,acid-amino acid ligase activity (GO:0016881),1/7,0.16243096168925666,6.511021916946788,11.833796779600588,PPCS,1.0
GO_Molecular_Function_2021,mRNA 3'-UTR binding (GO:0003730),4/85,0.1635992338309297,1.933393032505766,3.5000901156851,PABPC4;PUM1;TARDBP;ZC3H12A,1.0
GO_Molecular_Function_2021,secondary active transmembrane transporter activity (GO:0015291),3/56,0.1644250266447511,2.21483614350772,3.998444969488708,MFSD2A;SLC35E2A;SLC35E2B,1.0
GO_Molecular_Function_2021,Hsp70 protein binding (GO:0030544),2/31,0.18113257645015574,2.696440883397877,4.60693948958458,DNAJC8;RNF207,1.0
GO_Molecular_Function_2021,ceramide transfer activity (GO:0120017),1/8,0.18337751894206378,5.580589641957837,9.465842503352695,CPTP,1.0
GO_Molecular_Function_2021,calcium-dependent protein kinase activity (GO:0010857),1/8,0.18337751894206378,5.580589641957837,9.465842503352695,PINK1,1.0
GO_Molecular_Function_2021,cuprous ion binding (GO:1903136),1/8,0.18337751894206378,5.580589641957837,9.465842503352695,PARK7,1.0
GO_Molecular_Function_2021,ubiquitin ligase inhibitor activity (GO:1990948),1/8,0.18337751894206378,5.580589641957837,9.465842503352695,RPL11,1.0
GO_Molecular_Function_2021,adenylate kinase activity (GO:0004017),1/8,0.18337751894206378,5.580589641957837,9.465842503352695,AK2,1.0
GO_Molecular_Function_2021,calcium-independent phospholipase A2 activity (GO:0047499),1/8,0.18337751894206378,5.580589641957837,9.465842503352695,PLA2G5,1.0
GO_Molecular_Function_2021,glycine transmembrane transporter activity (GO:0015187),1/8,0.18337751894206378,5.580589641957837,9.465842503352695,SLC6A9,1.0
GO_Molecular_Function_2021,procollagen-proline dioxygenase activity (GO:0019798),1/8,0.18337751894206378,5.580589641957837,9.465842503352695,P3H1,1.0
GO_Molecular_Function_2021,protein kinase B binding (GO:0043422),1/8,0.18337751894206378,5.580589641957837,9.465842503352695,PINK1,1.0
GO_Molecular_Function_2021,solute:cation antiporter activity (GO:0015298),1/8,0.18337751894206378,5.580589641957837,9.465842503352695,SLC9A1,1.0
GO_Molecular_Function_2021,arginine transmembrane transporter activity (GO:0015181),1/8,0.18337751894206378,5.580589641957837,9.465842503352695,SLC66A1,1.0
GO_Molecular_Function_2021,5'-3' exodeoxyribonuclease activity (GO:0035312),1/8,0.18337751894206378,5.580589641957837,9.465842503352695,EXO5,1.0
GO_Molecular_Function_2021,phosphatidylinositol phosphate 5-phosphatase activity (GO:0034595),1/8,0.18337751894206378,5.580589641957837,9.465842503352695,INPP5B,1.0
GO_Molecular_Function_2021,"intramolecular oxidoreductase activity, interconverting aldoses and ketoses (GO:0016861)",1/8,0.18337751894206378,5.580589641957837,9.465842503352695,HYI,1.0
GO_Molecular_Function_2021,oxidized DNA binding (GO:0032356),1/8,0.18337751894206378,5.580589641957837,9.465842503352695,MUTYH,1.0
GO_Molecular_Function_2021,cadherin binding (GO:0045296),11/322,0.18498868011749497,1.3879562319153604,2.3421215174097108,ARHGEF16;CAPZB;EFHD2;ENO1;EPHA2;LYPLA2;MACF1;NUDC;PARK7;PRDX1;WASF2,1.0
GO_Molecular_Function_2021,ubiquitin-protein transferase activity (GO:0004842),13/392,0.18531504117715702,1.3467462468824354,2.270207423841594,CDC42;FBXO2;FBXO44;FBXO6;HECTD3;KLHL21;MIB2;MUL1;RNF19B;RNF220;TRIM62;UBE2J2;UBR4,1.0
GO_Molecular_Function_2021,"DNA-binding transcription repressor activity, RNA polymerase II-specific (GO:0001227)",9/256,0.19309412853880845,1.4287704722324674,2.34972376606014,ENO1;HES5;HEYL;PRDM2;SKI;ZBTB17;ZFP69;ZNF436;ZNF684,1.0
GO_Molecular_Function_2021,RNA polymerase II-specific DNA-binding transcription factor binding (GO:0061629),7/190,0.19919922175598564,1.4987862570769035,2.4182164477041863,ARID1A;DMAP1;HDAC1;KDM1A;MAD2L2;RERE;SPEN,1.0
GO_Molecular_Function_2021,telomeric DNA binding (GO:0042162),2/33,0.1993310937863083,2.5222178545221183,4.067802812617722,KDM1A;ZBTB48,1.0
GO_Molecular_Function_2021,ubiquitin-protein transferase inhibitor activity (GO:0055105),1/9,0.2038012504611198,4.882765435716124,7.766575639496047,RPL11,1.0
GO_Molecular_Function_2021,5S rRNA binding (GO:0008097),1/9,0.2038012504611198,4.882765435716124,7.766575639496047,RPL11,1.0
GO_Molecular_Function_2021,mannosidase activity (GO:0015923),1/9,0.2038012504611198,4.882765435716124,7.766575639496047,MANEAL,1.0
GO_Molecular_Function_2021,H3 histone acetyltransferase activity (GO:0010484),1/9,0.2038012504611198,4.882765435716124,7.766575639496047,MEAF6,1.0
GO_Molecular_Function_2021,"phosphatidylinositol-4,5-bisphosphate phosphatase activity (GO:0106019)",1/9,0.2038012504611198,4.882765435716124,7.766575639496047,INPP5B,1.0
GO_Molecular_Function_2021,G protein-coupled glutamate receptor activity (GO:0098988),1/9,0.2038012504611198,4.882765435716124,7.766575639496047,GRIK3,1.0
GO_Molecular_Function_2021,histone demethylase activity (H3-K4 specific) (GO:0032453),1/9,0.2038012504611198,4.882765435716124,7.766575639496047,KDM1A,1.0
GO_Molecular_Function_2021,adenylate cyclase inhibiting G protein-coupled glutamate receptor activity (GO:0001640),1/9,0.2038012504611198,4.882765435716124,7.766575639496047,GRIK3,1.0
GO_Molecular_Function_2021,double-stranded telomeric DNA binding (GO:0003691),1/9,0.2038012504611198,4.882765435716124,7.766575639496047,ZBTB48,1.0
GO_Molecular_Function_2021,armadillo repeat domain binding (GO:0070016),1/9,0.2038012504611198,4.882765435716124,7.766575639496047,CTNNBIP1,1.0
GO_Molecular_Function_2021,single-stranded DNA exodeoxyribonuclease activity (GO:0008297),1/9,0.2038012504611198,4.882765435716124,7.766575639496047,EXO5,1.0
GO_Molecular_Function_2021,estrogen receptor binding (GO:0030331),2/35,0.21773191098678782,2.3691127685403908,3.611690475503375,PADI2;SRARP,1.0
GO_Molecular_Function_2021,ubiquitin-like protein conjugating enzyme binding (GO:0044390),2/35,0.21773191098678782,2.3691127685403908,3.611690475503375,PARK7;RNF19B,1.0
GO_Molecular_Function_2021,zinc ion binding (GO:0008270),11/336,0.22197690321289834,1.32719833755926,1.9976749712844941,ATAD3A;ATAD3B;ATAD3C;ATP13A2;ECE1;KDM4A;MMP23B;PRDM2;SKI;SMPDL3B;ZNF593,1.0
GO_Molecular_Function_2021,aldo-keto reductase (NADP) activity (GO:0004033),1/10,0.22371518046809483,4.3400132753059015,6.498655813689781,KCNAB2,1.0
GO_Molecular_Function_2021,1-phosphatidylinositol-3-kinase activity (GO:0016303),1/10,0.22371518046809483,4.3400132753059015,6.498655813689781,PIK3CD,1.0
GO_Molecular_Function_2021,symporter activity (GO:0015293),1/10,0.22371518046809483,4.3400132753059015,6.498655813689781,MFSD2A,1.0
GO_Molecular_Function_2021,cysteine-type endopeptidase activity involved in apoptotic signaling pathway (GO:0097199),1/10,0.22371518046809483,4.3400132753059015,6.498655813689781,CASP9,1.0
GO_Molecular_Function_2021,fatty acid synthase activity (GO:0004312),1/10,0.22371518046809483,4.3400132753059015,6.498655813689781,ELOVL1,1.0
GO_Molecular_Function_2021,G-rich strand telomeric DNA binding (GO:0098505),1/10,0.22371518046809483,4.3400132753059015,6.498655813689781,RPA2,1.0
GO_Molecular_Function_2021,adenylate cyclase binding (GO:0008179),1/10,0.22371518046809483,4.3400132753059015,6.498655813689781,CAP1,1.0
GO_Molecular_Function_2021,histone demethylase activity (H3-K36 specific) (GO:0051864),1/10,0.22371518046809483,4.3400132753059015,6.498655813689781,KDM4A,1.0
GO_Molecular_Function_2021,ligand-gated sodium channel activity (GO:0015280),1/10,0.22371518046809483,4.3400132753059015,6.498655813689781,SCNN1D,1.0
GO_Molecular_Function_2021,oxidized purine DNA binding (GO:0032357),1/10,0.22371518046809483,4.3400132753059015,6.498655813689781,MUTYH,1.0
GO_Molecular_Function_2021,nucleotide transmembrane transporter activity (GO:0015215),1/10,0.22371518046809483,4.3400132753059015,6.498655813689781,SLC25A33,1.0
GO_Molecular_Function_2021,ubiquitin-like protein ligase activity (GO:0061659),9/270,0.23584826488912783,1.3511482279771765,1.9518236370764583,CDC42;FBXO2;FBXO44;FBXO6;MUL1;RNF19B;RNF220;TRIM62;UBR4,1.0
GO_Molecular_Function_2021,phosphotyrosine residue binding (GO:0001784),2/37,0.23627084238779497,2.2335054066708606,3.222449101646917,FGR;LDLRAP1,1.0
GO_Molecular_Function_2021,methylated histone binding (GO:0035064),3/68,0.24160333655990068,1.8048289384572418,2.5636837092306073,CHD5;KDM4A;PHF13,1.0
GO_Molecular_Function_2021,"racemase and epimerase activity, acting on carbohydrates and derivatives (GO:0016857)",1/11,0.2431320093708438,3.9058115469777244,5.523406268789198,GALE,1.0
GO_Molecular_Function_2021,potassium:proton antiporter activity (GO:0015386),1/11,0.2431320093708438,3.9058115469777244,5.523406268789198,SLC9A1,1.0
GO_Molecular_Function_2021,filamin binding (GO:0031005),1/11,0.2431320093708438,3.9058115469777244,5.523406268789198,FBLIM1,1.0
GO_Molecular_Function_2021,3'-5'-exodeoxyribonuclease activity (GO:0008296),1/11,0.2431320093708438,3.9058115469777244,5.523406268789198,EXO5,1.0
GO_Molecular_Function_2021,protein serine/threonine phosphatase inhibitor activity (GO:0004865),1/11,0.2431320093708438,3.9058115469777244,5.523406268789198,PPP1R8,1.0
GO_Molecular_Function_2021,thioesterase binding (GO:0031996),1/11,0.2431320093708438,3.9058115469777244,5.523406268789198,CDC42,1.0
GO_Molecular_Function_2021,sodium:phosphate symporter activity (GO:0005436),1/11,0.2431320093708438,3.9058115469777244,5.523406268789198,MFSD2A,1.0
GO_Molecular_Function_2021,UDP-galactosyltransferase activity (GO:0035250),1/11,0.2431320093708438,3.9058115469777244,5.523406268789198,B3GALT6,1.0
GO_Molecular_Function_2021,"hydrolase activity, acting on carbon-nitrogen (but not peptide) bonds, in linear amidines (GO:0016813)",1/11,0.2431320093708438,3.9058115469777244,5.523406268789198,PADI2,1.0
GO_Molecular_Function_2021,ubiquitin-ubiquitin ligase activity (GO:0034450),1/11,0.2431320093708438,3.9058115469777244,5.523406268789198,UBE4B,1.0
GO_Molecular_Function_2021,MAP kinase kinase kinase activity (GO:0004709),1/11,0.2431320093708438,3.9058115469777244,5.523406268789198,MAP3K6,1.0
GO_Molecular_Function_2021,sodium channel activity (GO:0005272),2/38,0.24557364645174465,2.1713520324806597,3.0489221766295427,GRIK3;SCNN1D,1.0
GO_Molecular_Function_2021,phosphatidylinositol 3-kinase activity (GO:0035004),1/12,0.262064121798408,3.5505555874364885,4.754783556282315,PIK3CD,1.0
GO_Molecular_Function_2021,RNA stem-loop binding (GO:0035613),1/12,0.262064121798408,3.5505555874364885,4.754783556282315,ZC3H12A,1.0
GO_Molecular_Function_2021,poly(A)-specific ribonuclease activity (GO:0004535),1/12,0.262064121798408,3.5505555874364885,4.754783556282315,TOE1,1.0
GO_Molecular_Function_2021,aspartic-type peptidase activity (GO:0070001),1/12,0.262064121798408,3.5505555874364885,4.754783556282315,DDI2,1.0
GO_Molecular_Function_2021,BMP binding (GO:0036122),1/12,0.262064121798408,3.5505555874364885,4.754783556282315,NBL1,1.0
GO_Molecular_Function_2021,sodium:proton antiporter activity (GO:0015385),1/12,0.262064121798408,3.5505555874364885,4.754783556282315,SLC9A1,1.0
GO_Molecular_Function_2021,single-stranded telomeric DNA binding (GO:0043047),1/12,0.262064121798408,3.5505555874364885,4.754783556282315,RPA2,1.0
GO_Molecular_Function_2021,"2 iron, 2 sulfur cluster binding (GO:0051537)",1/12,0.262064121798408,3.5505555874364885,4.754783556282315,SDHB,1.0
GO_Molecular_Function_2021,neurexin family protein binding (GO:0042043),1/12,0.262064121798408,3.5505555874364885,4.754783556282315,SYTL1,1.0
GO_Molecular_Function_2021,double-stranded RNA binding (GO:0003725),3/73,0.27536838220953813,1.6754814273401266,2.1607770932732513,AGO1;AGO3;AGO4,1.0
GO_Molecular_Function_2021,water channel activity (GO:0015250),1/13,0.2805235944370309,3.2545089544854586,4.136798006742,PDPN,1.0
GO_Molecular_Function_2021,microtubule minus-end binding (GO:0051011),1/13,0.2805235944370309,3.2545089544854586,4.136798006742,MACF1,1.0
GO_Molecular_Function_2021,monovalent cation:proton antiporter activity (GO:0005451),1/13,0.2805235944370309,3.2545089544854586,4.136798006742,SLC9A1,1.0
GO_Molecular_Function_2021,phosphatidylinositol phosphate kinase activity (GO:0016307),1/13,0.2805235944370309,3.2545089544854586,4.136798006742,PIK3CD,1.0
GO_Molecular_Function_2021,protein phosphatase activator activity (GO:0072542),1/13,0.2805235944370309,3.2545089544854586,4.136798006742,PHACTR4,1.0
GO_Molecular_Function_2021,BMP receptor binding (GO:0070700),1/13,0.2805235944370309,3.2545089544854586,4.136798006742,BMP8A,1.0
GO_Molecular_Function_2021,cysteine-type endopeptidase activity involved in execution phase of apoptosis (GO:0097200),1/13,0.2805235944370309,3.2545089544854586,4.136798006742,CASP9,1.0
GO_Molecular_Function_2021,pseudouridine synthase activity (GO:0009982),1/13,0.2805235944370309,3.2545089544854586,4.136798006742,PUSL1,1.0
GO_Molecular_Function_2021,basic amino acid transmembrane transporter activity (GO:0015174),1/13,0.2805235944370309,3.2545089544854586,4.136798006742,SLC66A1,1.0
GO_Molecular_Function_2021,aldehyde dehydrogenase (NAD+) activity (GO:0004029),1/13,0.2805235944370309,3.2545089544854586,4.136798006742,ALDH4A1,1.0
GO_Molecular_Function_2021,ubiquitin binding (GO:0043130),3/74,0.2821835241592978,1.6517980802341758,2.08985100780782,DDI2;RNF19B;UBXN11,1.0
GO_Molecular_Function_2021,actin binding (GO:0003779),6/177,0.2826055180491337,1.3728957751775483,1.7349328981946228,CAP1;CAPZB;FHL3;HPCA;MACF1;PHACTR4,1.0
GO_Molecular_Function_2021,protein phosphorylated amino acid binding (GO:0045309),2/42,0.282852615848722,1.953815222814955,2.4673351278430125,FGR;LDLRAP1,1.0
GO_Molecular_Function_2021,snRNA binding (GO:0017069),2/43,0.29215932402611094,1.9060632402054103,2.345326941311662,LSM10;TOE1,1.0
GO_Molecular_Function_2021,GTPase activity (GO:0003924),7/216,0.296594483364713,1.3105680224668113,1.5928505467433238,CDC42;GNB1;GNL2;GPN2;MFN2;RAP1GAP;RRAGC,1.0
GO_Molecular_Function_2021,phosphatase activator activity (GO:0019211),1/14,0.2985222036721081,3.0040079573730485,3.631578157878574,PHACTR4,1.0
GO_Molecular_Function_2021,deoxyribonuclease activity (GO:0004536),1/14,0.2985222036721081,3.0040079573730485,3.631578157878574,DFFB,1.0
GO_Molecular_Function_2021,vitamin D receptor binding (GO:0042809),1/14,0.2985222036721081,3.0040079573730485,3.631578157878574,THRAP3,1.0
GO_Molecular_Function_2021,metal ion:proton antiporter activity (GO:0051139),1/14,0.2985222036721081,3.0040079573730485,3.631578157878574,SLC9A1,1.0
GO_Molecular_Function_2021,protein kinase C activity (GO:0004697),1/14,0.2985222036721081,3.0040079573730485,3.631578157878574,PRKCZ,1.0
GO_Molecular_Function_2021,RNA polymerase II core promoter sequence-specific DNA binding (GO:0000979),1/14,0.2985222036721081,3.0040079573730485,3.631578157878574,HDAC1,1.0
GO_Molecular_Function_2021,copper ion binding (GO:0005507),2/45,0.3107192082582779,1.8172223423271874,2.1240887597661984,ATP13A2;PARK7,1.0
GO_Molecular_Function_2021,aspartic-type endopeptidase activity (GO:0004190),1/15,0.3160714330408632,2.789292816990983,3.212671309048649,DDI2,1.0
GO_Molecular_Function_2021,clathrin adaptor activity (GO:0035615),1/15,0.3160714330408632,2.789292816990983,3.212671309048649,LDLRAP1,1.0
GO_Molecular_Function_2021,water transmembrane transporter activity (GO:0005372),1/15,0.3160714330408632,2.789292816990983,3.212671309048649,PDPN,1.0
GO_Molecular_Function_2021,1-phosphatidylinositol binding (GO:0005545),1/15,0.3160714330408632,2.789292816990983,3.212671309048649,EPB41,1.0
GO_Molecular_Function_2021,cysteine-type endopeptidase activity involved in apoptotic process (GO:0097153),1/15,0.3160714330408632,2.789292816990983,3.212671309048649,CASP9,1.0
GO_Molecular_Function_2021,aldehyde dehydrogenase [NAD(P)+] activity (GO:0004030),1/15,0.3160714330408632,2.789292816990983,3.212671309048649,ALDH4A1,1.0
GO_Molecular_Function_2021,phosphatidylinositol kinase activity (GO:0052742),1/15,0.3160714330408632,2.789292816990983,3.212671309048649,PIK3CD,1.0
GO_Molecular_Function_2021,transition metal ion binding (GO:0046914),13/445,0.3226748702677715,1.1782454703778786,1.3327253003499793,ATAD3A;ATAD3B;ATAD3C;ATP13A2;ECE1;HMGCL;KDM4A;MMP23B;PARK7;PRDM2;SKI;SMPDL3B;ZNF593,1.0
GO_Molecular_Function_2021,potassium ion antiporter activity (GO:0022821),1/16,0.33318248050043636,2.6032063619931924,2.8610928690484387,SLC9A1,1.0
GO_Molecular_Function_2021,nuclear import signal receptor activity (GO:0061608),1/16,0.33318248050043636,2.6032063619931924,2.8610928690484387,KPNA6,1.0
GO_Molecular_Function_2021,chloride transmembrane transporter activity (GO:0015108),1/16,0.33318248050043636,2.6032063619931924,2.8610928690484387,CLCN6,1.0
GO_Molecular_Function_2021,CoA hydrolase activity (GO:0016289),1/16,0.33318248050043636,2.6032063619931924,2.8610928690484387,ACOT7,1.0
GO_Molecular_Function_2021,"ATPase activity, coupled to transmembrane movement of ions, rotational mechanism (GO:0044769)",1/16,0.33318248050043636,2.6032063619931924,2.8610928690484387,ATP6V0B,1.0
GO_Molecular_Function_2021,"proton-transporting ATPase activity, rotational mechanism (GO:0046961)",1/16,0.33318248050043636,2.6032063619931924,2.8610928690484387,ATP6V0B,1.0
GO_Molecular_Function_2021,calcium-dependent phospholipase A2 activity (GO:0047498),1/16,0.33318248050043636,2.6032063619931924,2.8610928690484387,PLA2G5,1.0
GO_Molecular_Function_2021,transmembrane receptor protein serine/threonine kinase binding (GO:0070696),1/16,0.33318248050043636,2.6032063619931924,2.8610928690484387,BMP8A,1.0
GO_Molecular_Function_2021,metalloendopeptidase activity (GO:0004222),3/82,0.33702625746223774,1.4839161260654117,1.6138989227140388,ECE1;MMP23B;ZMPSTE24,1.0
GO_Molecular_Function_2021,manganese ion binding (GO:0030145),2/48,0.3383540375271971,1.6984459245117371,1.8405421284515324,ATP13A2;HMGCL,1.0
GO_Molecular_Function_2021,cation transmembrane transporter activity (GO:0008324),2/48,0.3383540375271971,1.6984459245117371,1.8405421284515324,SLC66A1;SLC6A9,1.0
GO_Molecular_Function_2021,tRNA binding (GO:0000049),2/49,0.34749372303889053,1.6622233290077344,1.7569844824346101,TRNAU1AP;YRDC,1.0
GO_Molecular_Function_2021,amino acid transmembrane transporter activity (GO:0015171),2/49,0.34749372303889053,1.6622233290077344,1.7569844824346101,PDPN;SLC66A1,1.0
GO_Molecular_Function_2021,exonuclease activity (GO:0004527),2/49,0.34749372303889053,1.6622233290077344,1.7569844824346101,EXOSC10;ZC3H12A,1.0
GO_Molecular_Function_2021,ionotropic glutamate receptor activity (GO:0004970),1/17,0.349866265515938,2.440380713870126,2.5628983096864224,GRIK3,1.0
GO_Molecular_Function_2021,nucleobase-containing compound kinase activity (GO:0019205),1/17,0.349866265515938,2.440380713870126,2.5628983096864224,NOL9,1.0
GO_Molecular_Function_2021,potassium channel regulator activity (GO:0015459),2/50,0.3565909287039041,1.6275100083163987,1.6782330050455265,KCNAB2;LRRC38,1.0
GO_Molecular_Function_2021,protein serine/threonine kinase activity (GO:0004674),10/344,0.35888378407892213,1.1710863753426095,1.2000785674059569,CDK11A;CDK11B;MAP3K6;MTOR;PDIK1L;PINK1;PLK3;PRKCZ;RPS6KA1;TESK2,1.0
GO_Molecular_Function_2021,"oxidoreductase activity, acting on the CH-CH group of donors, NAD or NADP as acceptor (GO:0016628)",1/18,0.36613343597292797,2.296711024349773,2.307637472852902,MECR,1.0
GO_Molecular_Function_2021,DNA binding (GO:0003677),22/811,0.37754796104914945,1.091477458379716,1.0631619891223847,ARID1A;CAMTA1;CENPS;FOXJ3;HP1BP3;KHDRBS1;MTF1;NFYC;PARK7;POU3F1;PRDM2;RLF;RPA2;SFPQ;TAF12;TARDBP;THRAP3;TRNP1;YBX1;ZC3H12A;ZMYM4;ZMYM6,1.0
GO_Molecular_Function_2021,histone deacetylase activity (GO:0004407),1/19,0.3819943749186558,2.169004633665015,2.08734029875525,HDAC1,1.0
GO_Molecular_Function_2021,GABA-A receptor activity (GO:0004890),1/19,0.3819943749186558,2.169004633665015,2.08734029875525,GABRD,1.0
GO_Molecular_Function_2021,phosphatidic acid binding (GO:0070300),1/19,0.3819943749186558,2.169004633665015,2.08734029875525,ATP13A2,1.0
GO_Molecular_Function_2021,nucleotidyltransferase activity (GO:0016779),1/19,0.3819943749186558,2.169004633665015,2.08734029875525,YRDC,1.0
GO_Molecular_Function_2021,SUMO transferase activity (GO:0019789),1/19,0.3819943749186558,2.169004633665015,2.08734029875525,MUL1,1.0
GO_Molecular_Function_2021,glutamate receptor activity (GO:0008066),1/19,0.3819943749186558,2.169004633665015,2.08734029875525,GRIK3,1.0
GO_Molecular_Function_2021,nuclear receptor coactivator activity (GO:0030374),2/53,0.3835928291236262,1.5315378864050584,1.4674792157582408,KDM1A;THRAP3,1.0
GO_Molecular_Function_2021,transcription coregulator binding (GO:0001221),2/53,0.3835928291236262,1.5315378864050584,1.4674792157582408,PER3;ZBTB17,1.0
GO_Molecular_Function_2021,L-amino acid transmembrane transporter activity (GO:0015179),2/53,0.3835928291236262,1.5315378864050584,1.4674792157582408,SLC66A1;SLC6A9,1.0
GO_Molecular_Function_2021,nucleoside monophosphate kinase activity (GO:0050145),1/20,0.39745920713629623,2.054741020947074,1.8958334605917557,AK2,1.0
GO_Molecular_Function_2021,transcription coactivator binding (GO:0001223),1/20,0.39745920713629623,2.054741020947074,1.8958334605917557,ZBTB17,1.0
GO_Molecular_Function_2021,potassium channel activity (GO:0005267),3/91,0.3983935601287784,1.3315346364150706,1.2254311893772756,GRIK3;KCNQ4;LRRC38,1.0
GO_Molecular_Function_2021,hydro-lyase activity (GO:0016836),2/55,0.40132127914537763,1.4735924543076455,1.3453795626045317,ENO1;PARK7,1.0
GO_Molecular_Function_2021,histone deacetylase binding (GO:0042826),3/93,0.4118483613202138,1.3018108396684607,1.154836464123204,HDAC1;RBBP4;SFPQ,1.0
GO_Molecular_Function_2021,ubiquitin-specific protease binding (GO:1990381),1/21,0.41253780555630915,1.9519037695009265,1.728269133500246,PARK7,1.0
GO_Molecular_Function_2021,neurotransmitter receptor activity involved in regulation of postsynaptic membrane potential (GO:0099529),1/21,0.41253780555630915,1.9519037695009265,1.728269133500246,GRIK3,1.0
GO_Molecular_Function_2021,sialyltransferase activity (GO:0008373),1/21,0.41253780555630915,1.9519037695009265,1.728269133500246,ST3GAL3,1.0
GO_Molecular_Function_2021,cysteine-type endopeptidase inhibitor activity involved in apoptotic process (GO:0043027),1/21,0.41253780555630915,1.9519037695009265,1.728269133500246,RPS6KA1,1.0
GO_Molecular_Function_2021,lysophospholipase activity (GO:0004622),1/21,0.41253780555630915,1.9519037695009265,1.728269133500246,LYPLA2,1.0
GO_Molecular_Function_2021,phosphatidylinositol bisphosphate binding (GO:1902936),3/94,0.41854089815277795,1.2874388939887813,1.121334388221634,ATP13A2;LDLRAP1;SLC9A1,1.0
GO_Molecular_Function_2021,protein phosphatase regulator activity (GO:0019888),2/57,0.41880560801895467,1.4198612354536808,1.23577396783195,PHACTR4;RCAN3,1.0
GO_Molecular_Function_2021,telomerase RNA binding (GO:0070034),1/22,0.4272397975089512,1.8588605420020314,1.5807932899948398,EXOSC10,1.0
GO_Molecular_Function_2021,TBP-class protein binding (GO:0017025),1/22,0.4272397975089512,1.8588605420020314,1.5807932899948398,TAF12,1.0
GO_Molecular_Function_2021,K63-linked polyubiquitin modification-dependent protein binding (GO:0070530),1/22,0.4272397975089512,1.8588605420020314,1.5807932899948398,FAAP20,1.0
GO_Molecular_Function_2021,mannosyltransferase activity (GO:0000030),1/22,0.4272397975089512,1.8588605420020314,1.5807932899948398,PIGV,1.0
GO_Molecular_Function_2021,mRNA 3'-UTR AU-rich region binding (GO:0035925),1/22,0.4272397975089512,1.8588605420020314,1.5807932899948398,ZC3H12A,1.0
GO_Molecular_Function_2021,peptidase activator activity (GO:0016504),1/22,0.4272397975089512,1.8588605420020314,1.5807932899948398,PINK1,1.0
GO_Molecular_Function_2021,protein kinase A regulatory subunit binding (GO:0034237),1/22,0.4272397975089512,1.8588605420020314,1.5807932899948398,WASF2,1.0
GO_Molecular_Function_2021,GABA receptor activity (GO:0016917),1/22,0.4272397975089512,1.8588605420020314,1.5807932899948398,GABRD,1.0
GO_Molecular_Function_2021,phospholipid transfer activity (GO:0120014),1/22,0.4272397975089512,1.8588605420020314,1.5807932899948398,CPTP,1.0
GO_Molecular_Function_2021,bHLH transcription factor binding (GO:0043425),1/22,0.4272397975089512,1.8588605420020314,1.5807932899948398,KDM1A,1.0
GO_Molecular_Function_2021,adenylyltransferase activity (GO:0070566),1/22,0.4272397975089512,1.8588605420020314,1.5807932899948398,NMNAT1,1.0
GO_Molecular_Function_2021,syntaxin-1 binding (GO:0017075),1/22,0.4272397975089512,1.8588605420020314,1.5807932899948398,VAMP3,1.0
GO_Molecular_Function_2021,carboxylic ester hydrolase activity (GO:0052689),3/96,0.43184882649054035,1.2596222249313371,1.0576792001790034,H6PD;LYPLA2;PAFAH2,1.0
GO_Molecular_Function_2021,phosphatidylinositol phospholipase C activity (GO:0004435),1/23,0.4415745708218719,1.7742757897303085,1.45030788097773,PLCH2,1.0
GO_Molecular_Function_2021,protein phosphatase 1 binding (GO:0008157),1/23,0.4415745708218719,1.7742757897303085,1.45030788097773,PHACTR4,1.0
GO_Molecular_Function_2021,disordered domain specific binding (GO:0097718),1/23,0.4415745708218719,1.7742757897303085,1.45030788097773,DFFB,1.0
GO_Molecular_Function_2021,pyrophosphate hydrolysis-driven proton transmembrane transporter activity (GO:0009678),1/23,0.4415745708218719,1.7742757897303085,1.45030788097773,ATP6V0B,1.0
GO_Molecular_Function_2021,nuclease activity (GO:0004518),2/60,0.44453322187727184,1.3462124096107464,1.091415442367967,DFFB;ZC3H12A,1.0
GO_Molecular_Function_2021,cysteine-type peptidase activity (GO:0008234),3/98,0.44504458977859956,1.2329767840447328,0.9981943313145123,CASP9;TINAGL1;USP48,1.0
GO_Molecular_Function_2021,nuclear localization sequence binding (GO:0008139),1/24,0.45555127976661147,1.6970462333083005,1.334297492062717,KPNA6,1.0
GO_Molecular_Function_2021,"phosphatidylinositol-3,5-bisphosphate binding (GO:0080025)",1/24,0.45555127976661147,1.6970462333083005,1.334297492062717,ATP13A2,1.0
GO_Molecular_Function_2021,protein-cysteine S-palmitoyltransferase activity (GO:0019706),1/25,0.4691788508577558,1.6262524732547934,1.2307010976757609,ZDHHC18,1.0
GO_Molecular_Function_2021,phospholipase C activity (GO:0004629),1/25,0.4691788508577558,1.6262524732547934,1.2307010976757609,PLCH2,1.0
GO_Molecular_Function_2021,NF-kappaB binding (GO:0051059),1/25,0.4691788508577558,1.6262524732547934,1.2307010976757609,HDAC1,1.0
GO_Molecular_Function_2021,methylation-dependent protein binding (GO:0140034),2/63,0.46961480380184567,1.2798077305720352,0.9673330575545327,KDM4A;PHF13,1.0
GO_Molecular_Function_2021,general transcription initiation factor binding (GO:0140296),1/26,0.4824659885083749,1.5611222140055667,1.1378158871876114,TAF12,1.0
GO_Molecular_Function_2021,neuropeptide hormone activity (GO:0005184),1/26,0.4824659885083749,1.5611222140055667,1.1378158871876114,CORT,1.0
GO_Molecular_Function_2021,organic anion transmembrane transporter activity (GO:0008514),4/144,0.4868442217411635,1.1152073513639071,0.8027386083340832,MFSD2A;PDPN;SLC66A1;SLC6A9,1.0
GO_Molecular_Function_2021,thiol-dependent deubiquitinase (GO:0004843),3/106,0.496507741562438,1.1367427645319481,0.7958974981976511,OTUD3;USP48;ZC3H12A,1.0
GO_Molecular_Function_2021,magnesium ion binding (GO:0000287),4/146,0.49758411882138714,1.0993866208381275,0.7673615860580761,HMGCL;MAP3K6;PINK1;RRAGC,1.0
GO_Molecular_Function_2021,protein serine/threonine/tyrosine kinase activity (GO:0004712),1/28,0.5080527035877881,1.445335086451386,0.9787376899436766,RPS6KA1,1.0
GO_Molecular_Function_2021,thyroid hormone receptor binding (GO:0046966),1/28,0.5080527035877881,1.445335086451386,0.9787376899436766,THRAP3,1.0
GO_Molecular_Function_2021,sodium ion transmembrane transporter activity (GO:0015081),1/28,0.5080527035877881,1.445335086451386,0.9787376899436766,SLC9A1,1.0
GO_Molecular_Function_2021,"endoribonuclease activity, producing 5'-phosphomonoesters (GO:0016891)",1/28,0.5080527035877881,1.445335086451386,0.9787376899436766,AGO3,1.0
GO_Molecular_Function_2021,anion channel activity (GO:0005253),2/68,0.5098688386729413,1.1825483521820035,0.7965666577156019,CLIC4;GABRD,1.0
GO_Molecular_Function_2021,ubiquitin conjugating enzyme binding (GO:0031624),1/29,0.5203686282926798,1.3936444045075556,0.9103533569735521,RNF19B,1.0
GO_Molecular_Function_2021,transcription corepressor binding (GO:0001222),1/29,0.5203686282926798,1.3936444045075556,0.9103533569735521,PER3,1.0
GO_Molecular_Function_2021,palmitoyltransferase activity (GO:0016409),1/29,0.5203686282926798,1.3936444045075556,0.9103533569735521,ZDHHC18,1.0
GO_Molecular_Function_2021,protein phosphatase inhibitor activity (GO:0004864),1/29,0.5203686282926798,1.3936444045075556,0.9103533569735521,PPP1R8,1.0
GO_Molecular_Function_2021,phospholipase A2 activity (GO:0004623),1/29,0.5203686282926798,1.3936444045075556,0.9103533569735521,PLA2G5,1.0
GO_Molecular_Function_2021,microtubule binding (GO:0008017),6/232,0.524122513094844,1.0358281476750062,0.6691758701079019,KIF1B;MACF1;MACO1;PEX14;RCC2;SVBP,1.0
GO_Molecular_Function_2021,ligand-gated channel activity (GO:0022834),1/30,0.5323768244698199,1.3455185971805408,0.8482199339779595,GRIK3,1.0
GO_Molecular_Function_2021,transmitter-gated ion channel activity involved in regulation of postsynaptic membrane potential (GO:1904315),1/30,0.5323768244698199,1.3455185971805408,0.8482199339779595,GRIK3,1.0
GO_Molecular_Function_2021,deubiquitinase activity (GO:0101005),3/112,0.5334874353074085,1.0738374994834536,0.6747133199076792,OTUD3;USP48;ZC3H12A,1.0
GO_Molecular_Function_2021,omega peptidase activity (GO:0008242),3/113,0.539500964853043,1.0640204656955825,0.6566184206398935,OTUD3;USP48;ZC3H12A,1.0
GO_Molecular_Function_2021,protein tyrosine kinase binding (GO:1990782),2/72,0.54059858213067,1.1147446712472384,0.6856552215559794,ARHGEF16;KHDRBS1,1.0
GO_Molecular_Function_2021,ligand-gated ion channel activity (GO:0015276),1/31,0.5440849660704755,1.3006011770086603,0.7916107200006259,GRIK3,1.0
GO_Molecular_Function_2021,glucuronosyltransferase activity (GO:0015020),1/31,0.5440849660704755,1.3006011770086603,0.7916107200006259,EXTL1,1.0
GO_Molecular_Function_2021,nucleoside-triphosphatase activity (GO:0017111),7/278,0.5456041717025442,1.0074848419550166,0.6103963041714655,CDC42;GNB1;GNL2;GPN2;MFN2;RAP1GAP;RRAGC,1.0
GO_Molecular_Function_2021,potassium ion transmembrane transporter activity (GO:0015079),1/32,0.5555005360521854,1.2585816549123852,0.7399021633880875,KCNQ4,1.0
GO_Molecular_Function_2021,acetyltransferase activity (GO:0016407),1/32,0.5555005360521854,1.2585816549123852,0.7399021633880875,PAFAH2,1.0
GO_Molecular_Function_2021,chemokine binding (GO:0019956),1/32,0.5555005360521854,1.2585816549123852,0.7399021633880875,PDPN,1.0
GO_Molecular_Function_2021,beta-tubulin binding (GO:0048487),1/32,0.5555005360521854,1.2585816549123852,0.7399021633880875,PEX14,1.0
GO_Molecular_Function_2021,RNA polymerase II complex binding (GO:0000993),1/32,0.5555005360521854,1.2585816549123852,0.7399021633880875,AGO1,1.0
GO_Molecular_Function_2021,SH2 domain binding (GO:0042169),1/32,0.5555005360521854,1.2585816549123852,0.7399021633880875,KHDRBS1,1.0
GO_Molecular_Function_2021,neutral amino acid transmembrane transporter activity (GO:0015175),1/32,0.5555005360521854,1.2585816549123852,0.7399021633880875,SLC6A9,1.0
GO_Molecular_Function_2021,"phosphatidylinositol-4,5-bisphosphate binding (GO:0005546)",2/75,0.5627553763305426,1.0687682026681853,0.6144457898491446,LDLRAP1;SLC9A1,1.0
GO_Molecular_Function_2021,2-oxoglutarate-dependent dioxygenase activity (GO:0016706),1/33,0.5666308311229934,1.2191883529471272,0.6925566262366807,KDM4A,1.0
GO_Molecular_Function_2021,basal RNA polymerase II transcription machinery binding (GO:0001099),1/33,0.5666308311229934,1.2191883529471272,0.6925566262366807,AGO1,1.0
GO_Molecular_Function_2021,delayed rectifier potassium channel activity (GO:0005251),1/33,0.5666308311229934,1.2191883529471272,0.6925566262366807,KCNQ4,1.0
GO_Molecular_Function_2021,RNA polymerase core enzyme binding (GO:0043175),1/33,0.5666308311229934,1.2191883529471272,0.6925566262366807,AGO1,1.0
GO_Molecular_Function_2021,hexosyltransferase activity (GO:0016758),3/119,0.5746244570126919,1.008672706236378,0.5588435835576924,B4GALT2;EXTL1;PIGV,1.0
GO_Molecular_Function_2021,transmitter-gated ion channel activity (GO:0022824),1/34,0.5774829663680735,1.1821825238282484,0.6491084445146983,GRIK3,1.0
GO_Molecular_Function_2021,frizzled binding (GO:0005109),1/34,0.5774829663680735,1.1821825238282484,0.6491084445146983,DVL1,1.0
GO_Molecular_Function_2021,hormone activity (GO:0005179),2/78,0.5841361719792074,1.0264214552927418,0.551825885372429,C1QTNF12;CORT,1.0
GO_Molecular_Function_2021,metallopeptidase activity (GO:0008237),3/121,0.5859550140501573,0.9914742499072466,0.5299551422325747,ECE1;MMP23B;ZMPSTE24,1.0
GO_Molecular_Function_2021,"catalytic activity, acting on a tRNA (GO:0140101)",1/35,0.5880638797616401,1.1473535081869508,0.6091525779900099,TRIT1,1.0
GO_Molecular_Function_2021,ubiquitin conjugating enzyme activity (GO:0061631),1/35,0.5880638797616401,1.1473535081869508,0.6091525779900099,UBE2J2,1.0
GO_Molecular_Function_2021,non-membrane spanning protein tyrosine kinase activity (GO:0004715),1/35,0.5880638797616401,1.1473535081869508,0.6091525779900099,FGR,1.0
GO_Molecular_Function_2021,NADH dehydrogenase (ubiquinone) activity (GO:0008137),1/35,0.5880638797616401,1.1473535081869508,0.6091525779900099,NDUFS5,1.0
GO_Molecular_Function_2021,NADH dehydrogenase (quinone) activity (GO:0050136),1/35,0.5880638797616401,1.1473535081869508,0.6091525779900099,NDUFS5,1.0
GO_Molecular_Function_2021,"DNA-binding transcription activator activity, RNA polymerase II-specific (GO:0001228)",8/333,0.5951268025330197,0.9593495744972727,0.49788399299898967,FOXJ3;GMEB1;MTF1;NFYC;PRDM2;RLF;TP73;ZBTB17,1.0
GO_Molecular_Function_2021,protein phosphatase binding (GO:0019903),3/123,0.5970912123657386,0.9748490754557532,0.5027154283266118,PHACTR4;RPA2;SLC9A1,1.0
GO_Molecular_Function_2021,ligand-gated cation channel activity (GO:0099094),2/80,0.5979561363951246,0.9999999804345592,0.5142378681703181,GRIK3;SCNN1D,1.0
GO_Molecular_Function_2021,NADP binding (GO:0050661),1/36,0.598380336567009,1.11451472201087,0.5723353106764812,PGD,1.0
GO_Molecular_Function_2021,phosphoric diester hydrolase activity (GO:0008081),1/36,0.598380336567009,1.11451472201087,0.5723353106764812,SMPDL3B,1.0
GO_Molecular_Function_2021,GTPase activator activity (GO:0005096),8/336,0.6052401635448468,0.9504263147097567,0.47723750380231517,ARHGEF10L;ARHGEF16;ASAP3;EIF2B3;ERRFI1;RAP1GAP;RCC1;SMAP2,1.0
GO_Molecular_Function_2021,voltage-gated potassium channel activity (GO:0005249),2/82,0.6114284831835806,0.9748995793192855,0.4796089490075275,KCNQ4;LRRC38,1.0
GO_Molecular_Function_2021,transcription regulatory region nucleic acid binding (GO:0001067),5/212,0.6143147791303505,0.9414434011732022,0.4587162379194058,NFYC;PER3;SFPQ;TP73;ZBTB48,1.0
GO_Molecular_Function_2021,protein kinase binding (GO:0019901),12/506,0.6148780087661513,0.9460741830091988,0.4601055730159745,CAMK2N1;CASP9;CDC42;DVL1;ERRFI1;FGR;KHDRBS1;MAD2L2;PINK1;RCC2;SKI;TP73,1.0
GO_Molecular_Function_2021,ATPase regulator activity (GO:0060590),1/38,0.6182461035512131,1.054162358227803,0.5069136564193013,ATP5IF1,1.0
GO_Molecular_Function_2021,ubiquitin-like protein conjugating enzyme activity (GO:0061650),1/38,0.6182461035512131,1.054162358227803,0.5069136564193013,UBE2J2,1.0
GO_Molecular_Function_2021,UDP-glycosyltransferase activity (GO:0008194),2/84,0.6245537804473907,0.9510235880145131,0.44766376487342374,B3GALT6;EXTL1,1.0
GO_Molecular_Function_2021,signaling receptor complex adaptor activity (GO:0030159),1/39,0.6278081187913891,1.026368506485601,0.47779578819140384,LDLRAP1,1.0
GO_Molecular_Function_2021,proton transmembrane transporter activity (GO:0015078),1/40,0.6371310956264329,0.9999999804737684,0.45077983417083245,SLC9A1,1.0
GO_Molecular_Function_2021,cysteine-type endopeptidase inhibitor activity (GO:0004869),1/40,0.6371310956264329,0.9999999804737684,0.45077983417083245,RPS6KA1,1.0
GO_Molecular_Function_2021,small GTPase binding (GO:0031267),4/175,0.6402920785883202,0.9115732701519726,0.40640747122977583,ARHGEF16;RAP1GAP;RCC1;RCC2,1.0
GO_Molecular_Function_2021,carboxylic acid binding (GO:0031406),1/41,0.6462209980406004,0.9749498807625273,0.4256765054390078,SESN2,1.0
GO_Molecular_Function_2021,cytokine receptor activity (GO:0004896),2/88,0.649769369736011,0.9066031390754016,0.39087087818072425,CSF3R;IFNLR1,1.0
GO_Molecular_Function_2021,rRNA binding (GO:0019843),1/42,0.655083641508695,0.9511217371347614,0.4023172230444335,RPL11,1.0
GO_Molecular_Function_2021,signal sequence binding (GO:0005048),1/42,0.655083641508695,0.9511217371347614,0.4023172230444335,KPNA6,1.0
GO_Molecular_Function_2021,S-adenosylmethionine-dependent methyltransferase activity (GO:0008757),1/43,0.6637246966868517,0.9284282670130798,0.38055144666004936,ICMT,1.0
GO_Molecular_Function_2021,protein kinase inhibitor activity (GO:0004860),1/43,0.6637246966868517,0.9284282670130798,0.38055144666004936,CAMK2N1,1.0
GO_Molecular_Function_2021,damaged DNA binding (GO:0003684),1/44,0.6721496930117791,0.9067903071296158,0.3602443990990749,RPA2,1.0
GO_Molecular_Function_2021,cyclin-dependent protein serine/threonine kinase regulator activity (GO:0016538),1/44,0.6721496930117791,0.9067903071296158,0.3602443990990749,CCNL2,1.0
GO_Molecular_Function_2021,endopeptidase activity (GO:0004175),7/315,0.6759831272497352,0.8847501208145835,0.3464567897209682,CASP9;DDI2;ECE1;MMP23B;PSMB2;USP48;ZMPSTE24,1.0
GO_Molecular_Function_2021,channel activity (GO:0015267),1/46,0.6883729417243597,0.866399448680483,0.32353479951144853,PDPN,1.0
GO_Molecular_Function_2021,GTPase regulator activity (GO:0030695),5/233,0.6956188109908386,0.8538011527851619,0.30989007746680713,ARHGEF10L;ASAP3;ERRFI1;RAP1GAP;SMAP2,1.0
GO_Molecular_Function_2021,G protein-coupled receptor binding (GO:0001664),3/143,0.6973745800914272,0.8347226050788784,0.3008612346069891,CORT;DVL1;PTCH2,1.0
GO_Molecular_Function_2021,single-stranded DNA binding (GO:0003697),2/97,0.7015641900709,0.8203339513989165,0.29076152797126625,PARK7;RPA2,1.0
GO_Molecular_Function_2021,voltage-gated cation channel activity (GO:0022843),2/97,0.7015641900709,0.8203339513989165,0.29076152797126625,KCNQ4;LRRC38,1.0
GO_Molecular_Function_2021,acetylglucosaminyltransferase activity (GO:0008375),1/48,0.7037949299706938,0.8294461100993615,0.29135809012756914,EXTL1,1.0
GO_Molecular_Function_2021,ribosome binding (GO:0043022),1/48,0.7037949299706938,0.8294461100993615,0.29135809012756914,ZC3H12A,1.0
GO_Molecular_Function_2021,kinase binding (GO:0019900),10/461,0.7196529042791482,0.861984688051265,0.2835811192153828,CAMK2N1;CASP9;CDC42;DVL1;ERRFI1;FGR;PARK7;RCC2;SKI;TP73,1.0
GO_Molecular_Function_2021,guanyl-nucleotide exchange factor activity (GO:0005085),3/149,0.72349468549557,0.8001708726571832,0.25898496778834085,ARHGEF16;EIF2B3;RCC1,1.0
GO_Molecular_Function_2021,polyubiquitin modification-dependent protein binding (GO:0031593),1/51,0.7255114180803882,0.7795591030148475,0.25014373112685545,FAAP20,1.0
GO_Molecular_Function_2021,exopeptidase activity (GO:0008238),1/53,0.7390988365281685,0.7494989833613583,0.22659124835916478,ZMPSTE24,1.0
GO_Molecular_Function_2021,phosphoric ester hydrolase activity (GO:0042578),1/53,0.7390988365281685,0.7494989833613583,0.22659124835916478,SMPDL3B,1.0
GO_Molecular_Function_2021,cysteine-type endopeptidase activity (GO:0004197),2/105,0.742114827668495,0.756306765723165,0.22556947117316226,CASP9;USP48,1.0
GO_Molecular_Function_2021,pyrophosphatase activity (GO:0016462),1/54,0.7456386962432092,0.7353196816380144,0.2158267074287607,ALPL,1.0
GO_Molecular_Function_2021,metal ion binding (GO:0046872),11/517,0.7484009545238753,0.8444029350748933,0.24472182653062635,AGRN;EFHD2;HMGCL;HPCA;MAN1C1;MAP3K6;PADI2;PINK1;PLA2G5;RRAGC;SDF4,1.0
GO_Molecular_Function_2021,metalloexopeptidase activity (GO:0008235),1/55,0.752014944707984,0.7216655392377572,0.20567401615617775,ZMPSTE24,1.0
GO_Molecular_Function_2021,microtubule motor activity (GO:0003777),1/56,0.7582316670767987,0.7085079111066004,0.19609112062047457,KIF1B,1.0
GO_Molecular_Function_2021,receptor tyrosine kinase binding (GO:0030971),1/56,0.7582316670767987,0.7085079111066004,0.19609112062047457,ARHGEF16,1.0
GO_Molecular_Function_2021,"hydrolase activity, acting on carbon-nitrogen (but not peptide) bonds, in linear amides (GO:0016811)",1/57,0.7642928467028317,0.695820198265842,0.18703943074386273,HDAC1,1.0
GO_Molecular_Function_2021,carboxylic acid transmembrane transporter activity (GO:0046943),1/57,0.7642928467028317,0.695820198265842,0.18703943074386273,PDPN,1.0
GO_Molecular_Function_2021,oxidoreduction-driven active transmembrane transporter activity (GO:0015453),1/58,0.7702023676700172,0.6835776683317768,0.17848348508346934,NDUFS5,1.0
GO_Molecular_Function_2021,calcium ion binding (GO:0005509),7/348,0.7703070297117728,0.797755065638322,0.2081870312062027,AGRN;EFHD2;HPCA;MAN1C1;PADI2;PLA2G5;SDF4,1.0
GO_Molecular_Function_2021,phosphatase binding (GO:0019902),2/114,0.782010808004003,0.6952093954633799,0.170942756264128,RCAN3;RPA2,1.0
GO_Molecular_Function_2021,tubulin binding (GO:0015631),6/307,0.7827538588389745,0.7747050837837284,0.18975393053787262,KIF1B;MACO1;PEX14;RCC2;STMN1;SVBP,1.0
GO_Molecular_Function_2021,protein serine/threonine phosphatase activity (GO:0004722),1/62,0.7923982087675449,0.6386214928361933,0.14860161727231638,SSU72,1.0
GO_Molecular_Function_2021,syntaxin binding (GO:0019905),1/62,0.7923982087675449,0.6386214928361933,0.14860161727231638,VAMP3,1.0
GO_Molecular_Function_2021,PDZ domain binding (GO:0030165),1/63,0.7976043927186045,0.6282888234682568,0.1420828385159673,ARHGEF16,1.0
GO_Molecular_Function_2021,protease binding (GO:0002020),2/118,0.7979370370952524,0.6710981727171811,0.1514840279835631,PARK7;PINK1,1.0
GO_Molecular_Function_2021,protein homodimerization activity (GO:0042803),13/636,0.8077789308721819,0.8088338373669343,0.17265921815121207,ACOT7;ATP5IF1;ECE1;ENO1;GALE;MMACHC;PADI2;PARK7;PPCS;RAP1GAP;SFPQ;SMIM1;SRM,1.0
GO_Molecular_Function_2021,motor activity (GO:0003774),1/66,0.8124540549410568,0.5991983850939124,0.12445105634447923,KIF1B,1.0
GO_Molecular_Function_2021,GDP binding (GO:0019003),1/67,0.8171582273364354,0.5900892579261884,0.11915231834284926,RRAGC,1.0
GO_Molecular_Function_2021,ATP binding (GO:0005524),5/278,0.8277746831513064,0.7113996973980008,0.13446470403363298,CDK11A;CDK11B;MAP3K6;NOL9;PINK1,1.0
GO_Molecular_Function_2021,double-stranded DNA binding (GO:0003690),13/651,0.832099160722092,0.7891897649062758,0.14505596856792186,CAMTA1;CENPS;FOXJ3;GMEB1;HES5;MTF1;PARK7;POU3F1;TARDBP;TFAP2E;YBX1;ZBTB48;ZNF684,1.0
GO_Molecular_Function_2021,phospholipase activity (GO:0004620),1/73,0.843010677122144,0.54074815243435,0.0923466201573332,LYPLA2,1.0
GO_Molecular_Function_2021,ATPase binding (GO:0051117),1/73,0.843010677122144,0.54074815243435,0.0923466201573332,ATP5IF1,1.0
GO_Molecular_Function_2021,protein heterodimerization activity (GO:0046982),3/188,0.852381220640966,0.6302137023666828,0.10065862124309626,PEF1;RCC1;RRAGC,1.0
GO_Molecular_Function_2021,"acyltransferase activity, transferring groups other than amino-acyl groups (GO:0016747)",1/76,0.854534537713999,0.5190380660179412,0.08159193203908363,ZDHHC18,1.0
GO_Molecular_Function_2021,GTP binding (GO:0005525),3/189,0.8548565739933374,0.6267930038744837,0.09829466533468884,CDC42;GNL2;RRAGC,1.0
GO_Molecular_Function_2021,phosphatase activity (GO:0016791),1/79,0.8652140521554212,0.4989979862489484,0.0722441018709364,ALPL,1.0
GO_Molecular_Function_2021,ion channel activity (GO:0005216),1/84,0.8813025832415615,0.4688171432233568,0.05923704213332673,GRIK3,1.0
GO_Molecular_Function_2021,adenyl ribonucleotide binding (GO:0032559),5/306,0.8835021668525357,0.6442833525333543,0.07980192479264103,CDK11A;CDK11B;MAP3K6;NOL9;PINK1,1.0
GO_Molecular_Function_2021,growth factor activity (GO:0008083),1/87,0.890020302769987,0.4523931495768721,0.05270878024768183,ARTN,1.0
GO_Molecular_Function_2021,purine ribonucleoside triphosphate binding (GO:0035639),8/460,0.8920459123165501,0.6852291396088042,0.07827898479259131,CDC42;CDK11A;CDK11B;GNL2;MAP3K6;NOL9;PINK1;RRAGC,1.0
GO_Molecular_Function_2021,phosphatidylinositol binding (GO:0035091),1/92,0.9031528810611072,0.42742627278825984,0.04353910895158987,EPB41,1.0
GO_Molecular_Function_2021,guanyl ribonucleotide binding (GO:0032561),3/214,0.9059570102398228,0.5518132383464204,0.05449896490011085,CDC42;GNL2;RRAGC,1.0
GO_Molecular_Function_2021,sequence-specific double-stranded DNA binding (GO:1990837),13/712,0.9076314123947987,0.7179896041316068,0.06958533835356794,FOXJ3;GMEB1;HES5;MTF1;NFYC;PER3;POU3F1;SFPQ;TFAP2E;TP73;YBX1;ZBTB48;ZNF684,1.0
GO_Molecular_Function_2021,RNA polymerase II transcription regulatory region sequence-specific DNA binding (GO:0000977),27/1359,0.914447489448678,0.7785840648776583,0.06963284706362183,ENO1;FOXJ3;GMEB1;HDAC1;HES4;HES5;HEYL;HIVEP3;MED8;MTF1;NFYC;POU3F1;PRDM2;SKI;TFAP2E;THRAP3;TP73;ZBTB17;ZBTB40;ZBTB48;ZBTB8A;ZBTB8B;ZFP69;ZNF362;ZNF436;ZNF684;ZNF691,1.0
GO_Molecular_Function_2021,protein kinase regulator activity (GO:0019887),1/98,0.9168624575560356,0.40086357500903524,0.034794080313570085,CCNL2,1.0
GO_Molecular_Function_2021,cation channel activity (GO:0005261),1/98,0.9168624575560356,0.40086357500903524,0.034794080313570085,KCNQ4,1.0
GO_Molecular_Function_2021,receptor ligand activity (GO:0048018),4/307,0.9505842113809876,0.5109389870904855,0.02589363374491687,ARTN;BMP8A;C1QTNF12;NBL1,1.0
GO_Molecular_Function_2021,RNA polymerase II cis-regulatory region sequence-specific DNA binding (GO:0000978),19/1149,0.9816452051470863,0.6421540539319986,0.011896118413621468,FOXJ3;GMEB1;HDAC1;HES4;HES5;HEYL;HIVEP3;MED8;MTF1;NFYC;POU3F1;SKI;THRAP3;TP73;ZBTB17;ZBTB40;ZBTB48;ZNF362;ZNF691,1.0
GO_Molecular_Function_2021,cis-regulatory region sequence-specific DNA binding (GO:0000987),19/1149,0.9816452051470863,0.6421540539319986,0.011896118413621468,FOXJ3;GMEB1;HDAC1;HES4;HES5;HEYL;HIVEP3;MED8;MTF1;NFYC;POU3F1;SKI;THRAP3;TP73;ZBTB17;ZBTB40;ZBTB48;ZNF362;ZNF691,1.0
GO_Molecular_Function_2021,sequence-specific DNA binding (GO:0043565),10/707,0.9841560601121317,0.5505519171453551,0.008792752813224088,FOXJ3;GMEB1;HES5;KDM1A;MTF1;POU3F1;PRDM2;TFAP2E;YBX1;ZNF684,1.0
GO_Molecular_Function_2021,cytokine activity (GO:0005125),1/173,0.9877124282822773,0.22519457080050026,0.002784235433700145,BMP8A,1.0
GO_Molecular_Function_2021,G protein-coupled receptor activity (GO:0004930),2/283,0.9938591163012354,0.2746787809469381,0.0016919708799830284,ADGRB2;GPR3,1.0
MSigDB_Hallmark_2020,Glycolysis,10/200,0.029308781456862647,2.0741138148140035,7.321348189514224,AGRN;AKR1A1;ARTN;B3GALT6;B4GALT2;ENO1;GALE;PLOD1;SDC3;STMN1,1.0
MSigDB_Hallmark_2020,Protein Secretion,5/96,0.09282911572597122,2.1544011119879007,5.121000544836598,KIF1B;PPT1;RER1;STX12;VAMP3,1.0
MSigDB_Hallmark_2020,Pperoxisome,5/104,0.11952795440831156,1.9794918496133675,4.204846497996087,CTPS1;DHRS3;HMGCL;PEX14;PRDX1,1.0
MSigDB_Hallmark_2020,TGF-beta Signaling,3/54,0.1523633239315413,2.301929177260272,4.331050561566961,HDAC1;ID3;SKI,1.0
MSigDB_Hallmark_2020,Myc Targets V2,3/58,0.1767583884987655,2.134077148573535,3.6982949106770455,MAP3K6;MRTO4;SRM,1.0
MSigDB_Hallmark_2020,Myc Targets V1,7/200,0.23518409886121117,1.4203932498359524,2.0558582589898884,CTPS1;HNRNPR;PABPC4;PSMB2;RPL22;SRM;TARDBP,1.0
MSigDB_Hallmark_2020,DNA Repair,5/150,0.3216198915414411,1.3483106665963014,1.5295032496155005,AGO4;ELOA;RPA2;SF3A3;TAF12,1.0
MSigDB_Hallmark_2020,Hypoxia,6/200,0.3840061711201364,1.2086898213107993,1.156832985994739,B3GALT6;ENO1;ERRFI1;SDC3;SLC2A1;SLC2A5,1.0
MSigDB_Hallmark_2020,heme Metabolism,6/200,0.3840061711201364,1.2086898213107993,1.156832985994739,EPB41;ERMAP;RAP1GAP;SLC2A1;SLC6A9;UROD,1.0
MSigDB_Hallmark_2020,Cholesterol Homeostasis,2/74,0.5554555867903456,1.0836679841521377,0.6371606071230386,ERRFI1;FBXO6,1.0
MSigDB_Hallmark_2020,Notch Signaling,1/32,0.5555005360521854,1.2585816549123852,0.7399021633880875,HEYL,1.0
MSigDB_Hallmark_2020,Mitotic Spindle,5/199,0.5581370151826105,1.005206686451099,0.5861870831886665,CAPZB;CDC42;EPB41;KIF1B;WASF2,1.0
MSigDB_Hallmark_2020,p53 Pathway,5/200,0.5626019086201102,0.9999999803159807,0.5751829791109131,EPHA2;FUCA1;PLK3;RNF19B;WRAP73,1.0
MSigDB_Hallmark_2020,Epithelial Mesenchymal Transition,5/200,0.5626019086201102,0.9999999803159807,0.5751829791109131,COL16A1;COL8A2;FUCA1;P3H1;PLOD1,1.0
MSigDB_Hallmark_2020,E2F Targets,5/200,0.5626019086201102,0.9999999803159807,0.5751829791109131,AK2;CTPS1;PPP1R8;RPA2;STMN1,1.0
MSigDB_Hallmark_2020,G2-M Checkpoint,5/200,0.5626019086201102,0.9999999803159807,0.5751829791109131,HMGN2;RPA2;SFPQ;SRSF10;STMN1,1.0
MSigDB_Hallmark_2020,KRAS Signaling Up,5/200,0.5626019086201102,0.9999999803159807,0.5751829791109131,EPHB2;FUCA1;LAPTM5;TNFRSF1B;YRDC,1.0
MSigDB_Hallmark_2020,IL-6/JAK/STAT3 Signaling,2/87,0.6435941757737178,0.9173163061724814,0.40424929153760064,CSF3R;TNFRSF1B,1.0
MSigDB_Hallmark_2020,Apical Surface,1/44,0.6721496930117791,0.9067903071296158,0.3602443990990749,CROCC,1.0
MSigDB_Hallmark_2020,Coagulation,3/138,0.6742147216721797,0.8658618207181838,0.34132847961798163,C1QA;CASP9;PEF1,1.0
MSigDB_Hallmark_2020,UV Response Dn,3/144,0.7018539494180285,0.8287597765522029,0.29340577882674057,PEX14;PIK3CD;PRDM2,1.0
MSigDB_Hallmark_2020,Reactive Oxygen Species Pathway,1/49,0.7112178717817731,0.8121242326394609,0.27675282598934386,PRDX1,1.0
MSigDB_Hallmark_2020,Estrogen Response Early,4/200,0.7399282084286274,0.7942725321266648,0.2392365650754684,DHRS3;KAZN;NBL1;SLC2A1,1.0
MSigDB_Hallmark_2020,TNF-alpha Signaling via NF-kB,4/200,0.7399282084286274,0.7942725321266648,0.2392365650754684,RNF19B;SPSB1;YRDC;ZC3H12A,1.0
MSigDB_Hallmark_2020,Inflammatory Response,4/200,0.7399282084286274,0.7942725321266648,0.2392365650754684,CSF3R;KIF1B;PDPN;TNFRSF1B,1.0
MSigDB_Hallmark_2020,Xenobiotic Metabolism,4/200,0.7399282084286274,0.7942725321266648,0.2392365650754684,EPHA2;PGD;PINK1;RAP1GAP,1.0
MSigDB_Hallmark_2020,Oxidative Phosphorylation,4/200,0.7399282084286274,0.7942725321266648,0.2392365650754684,ATP6V0B;MFN2;MRPS15;SDHB,1.0
MSigDB_Hallmark_2020,Complement,4/200,0.7399282084286274,0.7942725321266648,0.2392365650754684,C1QA;C1QC;CASP9;HPCAL4,1.0
MSigDB_Hallmark_2020,mTORC1 Signaling,4/200,0.7399282084286274,0.7942725321266648,0.2392365650754684,ENO1;NFYC;PRDX1;SLC2A1,1.0
MSigDB_Hallmark_2020,Apical Junction,4/200,0.7399282084286274,0.7942725321266648,0.2392365650754684,CAP1;COL16A1;LDLRAP1;SDC3,1.0
MSigDB_Hallmark_2020,PI3K/AKT/mTOR  Signaling,2/105,0.742114827668495,0.756306765723165,0.22556947117316226,RPS6KA1;SLC2A1,1.0
MSigDB_Hallmark_2020,Apoptosis,3/161,0.7704137341663235,0.7389399544415209,0.19273592846071003,CASP9;DFFA;PPT1,1.0
MSigDB_Hallmark_2020,Unfolded Protein Response,2/113,0.7778609666902043,0.701508723928603,0.1762242365104402,EXOSC10;ZBTB17,1.0
MSigDB_Hallmark_2020,Spermatogenesis,2/135,0.8546637721275473,0.5848053755202592,0.09184200955436161,MTOR;SLC2A5,1.0
MSigDB_Hallmark_2020,IL-2/STAT5 Signaling,3/199,0.8776789887708256,0.5945057987185217,0.07756776873773044,DHRS3;TNFRSF18;TNFRSF1B,1.0
MSigDB_Hallmark_2020,Adipogenesis,3/200,0.8797767163902502,0.5914573620895832,0.07575807903194062,AK2;PEX14;SDHB,1.0
MSigDB_Hallmark_2020,Estrogen Response Late,3/200,0.8797767163902502,0.5914573620895832,0.07575807903194062,GALE;GJB3;NBL1,1.0
MSigDB_Hallmark_2020,Fatty Acid Metabolism,2/158,0.9083766597587597,0.49799195812908736,0.04785511631805125,HMGCL;UROD,1.0
MSigDB_Hallmark_2020,UV Response Up,2/158,0.9083766597587597,0.49799195812908736,0.04785511631805125,PPT1;UROD,1.0
MSigDB_Hallmark_2020,Interferon Alpha Response,1/97,0.9147200686872017,0.4050601123317947,0.03610592277680896,ISG15,1.0
MSigDB_Hallmark_2020,Androgen Response,1/100,0.9209874320418081,0.3927248359588351,0.0323247448564341,TMEM50A,1.0
MSigDB_Hallmark_2020,Myogenesis,2/200,0.961908143589447,0.39150540794307825,0.015204628407923993,AGRN;FABP3,1.0
MSigDB_Hallmark_2020,Interferon Gamma Response,2/200,0.961908143589447,0.39150540794307825,0.015204628407923993,ISG15;PSMB2,1.0
MSigDB_Hallmark_2020,Allograft Rejection,2/200,0.961908143589447,0.39150540794307825,0.015204628407923993,EIF4G3;FGR,1.0
MSigDB_Hallmark_2020,KRAS Signaling Dn,2/200,0.961908143589447,0.39150540794307825,0.015204628407923993,GPR3;MTHFR,1.0
