Gene_set,Term,Overlap,P-value,Odds Ratio,Combined Score,Genes,Adjusted P-value
KEGG_2021_Human,Fatty acid elongation,4/27,0.003389365036786298,7.312218736711927,41.58541189587388,ACOT7;ELOVL1;MECR;PPT1,0.8100582437919253
KEGG_2021_Human,Various types of N-glycan biosynthesis,4/39,0.012751425788397913,4.802216647735478,20.94780776412733,B4GALT2;DDOST;MAN1C1;ST3GAL3,1.0
KEGG_2021_Human,Terpenoid backbone biosynthesis,3/22,0.01408670980674907,6.625806312518031,28.24265506711408,DHDDS;ICMT;ZMPSTE24,1.0
KEGG_2021_Human,Synthesis and degradation of ketone bodies,2/10,0.021712678801948687,10.474248707634148,40.11489476437351,HMGCL;OXCT2,1.0
KEGG_2021_Human,Insulin resistance,6/108,0.04141086101313056,2.473898598094886,7.87741782361876,MTOR;PIK3CD;PRKCZ;PTPRF;RPS6KA1;SLC2A1,1.0
KEGG_2021_Human,Thiamine metabolism,2/15,0.04692074401207228,6.444040802620452,19.714224373835403,AK2;ALPL,1.0
KEGG_2021_Human,Spliceosome,7/150,0.06305281987801961,2.0588109935212335,5.690105780492406,PPIE;PPIH;SF3A3;SNRNP40;SRSF10;SRSF4;SYF2,1.0
KEGG_2021_Human,Thyroid hormone signaling pathway,6/121,0.06500256516123186,2.1927723986130574,5.993567391672749,CASP9;HDAC1;MTOR;PIK3CD;SLC2A1;SLC9A1,1.0
KEGG_2021_Human,Fc gamma R-mediated phagocytosis,5/97,0.07742952253655963,2.2819043560580337,5.8379947660734155,ASAP3;CDC42;MARCKSL1;PIK3CD;WASF2,1.0
KEGG_2021_Human,Human papillomavirus infection,12/331,0.09014480154456345,1.5849694430508408,3.813972192525907,ATP6V0B;CDC42;COL9A2;DVL1;HDAC1;HES4;HEYL;ISG15;MTOR;PIK3CD;PRKCZ;UBR4,1.0
KEGG_2021_Human,Type II diabetes mellitus,3/46,0.09248118862496464,2.924080958871978,6.961505805298849,MTOR;PIK3CD;PRKCZ,1.0
KEGG_2021_Human,Mannose type O-glycan biosynthesis,2/23,0.1001598641761258,3.9875331271835326,9.175264789447668,B4GALT2;ST3GAL3,1.0
KEGG_2021_Human,Pancreatic cancer,4/76,0.10258213858329723,2.329980793894092,5.305579342768935,CASP9;CDC42;MTOR;PIK3CD,1.0
KEGG_2021_Human,Bacterial invasion of epithelial cells,4/77,0.10632040177100417,2.2979451571356884,5.150380081731204,CDC42;MAD2L2;PIK3CD;WASF2,1.0
KEGG_2021_Human,Arginine and proline metabolism,3/50,0.11173438227840238,2.674673931498662,5.86189779806068,ALDH4A1;AZIN2;SRM,1.0
KEGG_2021_Human,N-Glycan biosynthesis,3/50,0.11173438227840238,2.674673931498662,5.86189779806068,B4GALT2;DDOST;MAN1C1,1.0
KEGG_2021_Human,Peroxisome,4/82,0.12590538442661567,2.150088372096902,4.455465955253143,HMGCL;PEX10;PEX14;PRDX1,1.0
KEGG_2021_Human,Glycosaminoglycan biosynthesis,3/53,0.1270869570508125,2.5138063988428736,5.185690309574995,B3GALT6;B4GALT2;ST3GAL3,1.0
KEGG_2021_Human,Biosynthesis of unsaturated fatty acids,2/27,0.13089284177532096,3.348841131569933,6.809454163419337,ACOT7;ELOVL1,1.0
KEGG_2021_Human,Parkinson disease,9/249,0.13153853862266188,1.576143757328023,3.197137317189239,CASP9;MFN2;NDUFS5;PARK7;PINK1;PSMB2;SDHB;UBE2J2;UQCRHL,1.0
KEGG_2021_Human,Butanoate metabolism,2/28,0.13888167998605683,3.2198744786094946,6.356460243421053,HMGCL;OXCT2,1.0
KEGG_2021_Human,mTOR signaling pathway,6/154,0.15332254699825487,1.7009476650081528,3.1896364969701434,DVL1;MTOR;PIK3CD;RPS6KA1;RRAGC;SESN2,1.0
KEGG_2021_Human,Pentose phosphate pathway,2/30,0.15515794534312552,2.9895768840372834,5.570513522336931,H6PD;PGD,1.0
KEGG_2021_Human,Notch signaling pathway,3/59,0.15982260429271805,2.2437787547420855,4.114396464309359,DVL1;HDAC1;HEYL,1.0
KEGG_2021_Human,VEGF signaling pathway,3/59,0.15982260429271805,2.2437787547420855,4.114396464309359,CASP9;CDC42;PIK3CD,1.0
KEGG_2021_Human,Galactose metabolism,2/31,0.1634274509385005,2.8863400312980163,5.228276247972784,B4GALT2;GALE,1.0
KEGG_2021_Human,Thermogenesis,8/232,0.1784123384633993,1.4990682911693232,2.583880901870179,ARID1A;BMP8A;KDM1A;MTOR;NDUFS5;RPS6KA1;SDHB;UQCRHL,1.0
KEGG_2021_Human,Coronavirus disease,8/232,0.1784123384633993,1.4990682911693232,2.583880901870179,C1QA;C1QB;C1QC;ISG15;PIK3CD;RPL11;RPL22;RPS8,1.0
KEGG_2021_Human,Prion disease,9/273,0.1917862712993672,1.4310754300518327,2.3632403240461803,C1QA;C1QB;C1QC;CASP9;NDUFS5;PIK3CD;PSMB2;SDHB;UQCRHL,1.0
KEGG_2021_Human,mRNA surveillance pathway,4/98,0.1971860905107539,1.7826485318303003,2.894321301951773,PABPC4;SRRM1;SSU72;TARDBP,1.0
KEGG_2021_Human,Nicotinate and nicotinamide metabolism,2/35,0.1971888074215857,2.535960409879898,4.117369080991197,NADK;NMNAT1,1.0
KEGG_2021_Human,Diabetic cardiomyopathy,7/203,0.19931403285536112,1.4979857135546948,2.4160616757735447,MTOR;NDUFS5;PIK3CD;PRKCZ;SDHB;SLC2A1;UQCRHL,1.0
KEGG_2021_Human,Protein processing in endoplasmic reticulum,6/171,0.21252937398006533,1.5243604557891282,2.360739035080857,DDOST;FBXO2;FBXO6;MAN1C1;UBE2J2;UBE4B,1.0
KEGG_2021_Human,"Alanine, aspartate and glutamate metabolism",2/37,0.21437446909697358,2.3908031381495345,3.6819107984149957,ALDH4A1;RIMKLA,1.0
KEGG_2021_Human,Longevity regulating pathway,4/102,0.21664749239350214,1.7095355023894971,2.614706694574183,HDAC1;MTOR;PIK3CD;SESN2,1.0
KEGG_2021_Human,Chagas disease,4/102,0.21664749239350214,1.7095355023894971,2.614706694574183,C1QA;C1QB;C1QC;PIK3CD,1.0
KEGG_2021_Human,Adipocytokine signaling pathway,3/69,0.21903089127120698,1.9028347596653328,2.889535458890186,MTOR;SLC2A1;TNFRSF1B,1.0
KEGG_2021_Human,Renal cell carcinoma,3/69,0.21903089127120698,1.9028347596653328,2.889535458890186,CDC42;PIK3CD;SLC2A1,1.0
KEGG_2021_Human,Pathways of neurodegeneration,14/475,0.22514931939194682,1.27568871663342,1.9020409759298222,CASP9;DNALI1;DVL1;MFN2;MTOR;NDUFS5;PARK7;PINK1;PSMB2;SDHB;TARDBP;TNFRSF1B;UBE2J2;UQCRHL,1.0
KEGG_2021_Human,Central carbon metabolism in cancer,3/70,0.22518962305623802,1.8743379481365297,2.7942863721486684,MTOR;PIK3CD;SLC2A1,1.0
KEGG_2021_Human,Adherens junction,3/71,0.2313815742926936,1.8466792781232795,2.702960627027624,CDC42;PTPRF;WASF2,1.0
KEGG_2021_Human,p53 signaling pathway,3/73,0.2438555461855653,1.7937326812407721,2.531278344897076,CASP9;SESN2;TP73,1.0
KEGG_2021_Human,Inositol phosphate metabolism,3/73,0.2438555461855653,1.7937326812407721,2.531278344897076,INPP5B;PIK3CD;PLCH2,1.0
KEGG_2021_Human,HIF-1 signaling pathway,4/109,0.2518440035047437,1.5949917562655715,2.1994065722359126,ENO1;MTOR;PIK3CD;SLC2A1,1.0
KEGG_2021_Human,Pertussis,3/76,0.26275666708194634,1.7197525047748028,2.298495475900564,C1QA;C1QB;C1QC,1.0
KEGG_2021_Human,RNA transport,6/186,0.2702501346867214,1.3962481667478752,1.826861327612745,EIF2B3;EIF3I;EIF4G3;PABPC4;SRRM1;TARDBP,1.0
KEGG_2021_Human,RNA degradation,3/79,0.28183201311038075,1.6516128685561469,2.0916753459999238,ENO1;EXOSC10;PABPC4,1.0
KEGG_2021_Human,Glycosphingolipid biosynthesis,2/45,0.2839576759885888,1.9452040714423722,2.4488759175416805,B4GALT2;ST3GAL3,1.0
KEGG_2021_Human,Non-alcoholic fatty liver disease,5/155,0.2975700018333438,1.3953923391923901,1.6913631216494882,CDC42;NDUFS5;PIK3CD;SDHB;UQCRHL,1.0
KEGG_2021_Human,Other types of O-glycan biosynthesis,2/47,0.30135026462136144,1.8585598084715351,2.229309075091773,B4GALT2;ST3GAL3,1.0
KEGG_2021_Human,Carbohydrate digestion and absorption,2/47,0.30135026462136144,1.8585598084715351,2.229309075091773,PIK3CD;SLC2A5,1.0
KEGG_2021_Human,Neurotrophin signaling pathway,4/119,0.3038959713126408,1.4555471957668802,1.7336583594161403,CDC42;PIK3CD;RPS6KA1;TP73,1.0
KEGG_2021_Human,"Valine, leucine and isoleucine degradation",2/48,0.31002092550106997,1.8180630333873393,2.129161765951265,HMGCL;OXCT2,1.0
KEGG_2021_Human,Ribosome,5/158,0.3112803731233756,1.367819957329091,1.5963296714078918,MRPL20;MRPS15;RPL11;RPL22;RPS8,1.0
KEGG_2021_Human,Complement and coagulation cascades,3/85,0.32027758338749296,1.5302910772400031,1.7423392440120684,C1QA;C1QB;C1QC,1.0
KEGG_2021_Human,Colorectal cancer,3/86,0.3267003589772552,1.5117761050712746,1.691241860793228,CASP9;MTOR;PIK3CD,1.0
KEGG_2021_Human,ECM-receptor interaction,3/88,0.3395422795508734,1.476053099945727,1.5943688004146948,AGRN;COL9A2;HSPG2,1.0
KEGG_2021_Human,Other glycan degradation,1/18,0.34713812764048363,2.45811809952386,2.6007688771609705,FUCA1,1.0
KEGG_2021_Human,Fatty acid biosynthesis,1/18,0.34713812764048363,2.45811809952386,2.6007688771609705,MECR,1.0
KEGG_2021_Human,Amyotrophic lateral sclerosis,10/364,0.34794300917544224,1.182863320705745,1.2487684187813035,CASP9;DNALI1;MTOR;NDUFS5;PINK1;PSMB2;SDHB;TARDBP;TNFRSF1B;UQCRHL,1.0
KEGG_2021_Human,Lysosome,4/128,0.35164812060487377,1.34927694603199,1.4101620707649591,ATP6V0B;FUCA1;LAPTM5;PPT1,1.0
KEGG_2021_Human,Fanconi anemia pathway,2/54,0.3614527057573114,1.607791316604016,1.6361271492984337,CENPS;RPA2,1.0
KEGG_2021_Human,Small cell lung cancer,3/92,0.3651636702127921,1.409423674655381,1.4198669605602916,CASP9;PIK3CD;ZBTB17,1.0
KEGG_2021_Human,Endocytosis,7/252,0.3767881484566607,1.1953516945538833,1.1667495462219155,ACAP3;ASAP3;CAPZB;CDC42;LDLRAP1;PRKCZ;SMAP2,1.0
KEGG_2021_Human,One carbon pool by folate,1/20,0.3773622085376961,2.1991434229868982,2.143174755381866,MTHFR,1.0
KEGG_2021_Human,TGF-beta signaling pathway,3/94,0.37791726894802025,1.378305536470329,1.3412015135718853,BMP8A;ID3;NBL1,1.0
KEGG_2021_Human,Oxidative phosphorylation,4/133,0.37824340789940314,1.2966452547334875,1.2606210190987805,ATP6V0B;NDUFS5;SDHB;UQCRHL,1.0
KEGG_2021_Human,Staphylococcus aureus infection,3/95,0.38427446381456326,1.3632538283264723,1.3038135514364653,C1QA;C1QB;C1QC,1.0
KEGG_2021_Human,Glutathione metabolism,2/57,0.38664513694563074,1.5198595077673536,1.4442434049696287,PGD;SRM,1.0
KEGG_2021_Human,Pantothenate and CoA biosynthesis,1/21,0.39194651716654283,2.08907918545869,1.9566939957687042,PPCS,1.0
KEGG_2021_Human,Endometrial cancer,2/58,0.3949468627884394,1.4926425193179105,1.3866709422400718,CASP9;PIK3CD,1.0
KEGG_2021_Human,Prostate cancer,3/97,0.3969424939030069,1.3341111593670902,1.232670497033763,CASP9;MTOR;PIK3CD,1.0
KEGG_2021_Human,Yersinia infection,4/137,0.39944748780834494,1.2573891361108447,1.1538720194605714,CDC42;PIK3CD;RPS6KA1;WASF2,1.0
KEGG_2021_Human,Insulin signaling pathway,4/137,0.39944748780834494,1.2573891361108447,1.1538720194605714,MTOR;PIK3CD;PRKCZ;PTPRF,1.0
KEGG_2021_Human,Choline metabolism in cancer,3/98,0.40325059085223575,1.319999972292021,1.1988201425486753,MTOR;PIK3CD;WASF2,1.0
KEGG_2021_Human,Viral myocarditis,2/60,0.4113929345307052,1.441024092948277,1.279926931600249,CASP9;EIF4G3,1.0
KEGG_2021_Human,Progesterone-mediated oocyte maturation,3/100,0.4158084036250449,1.2926504550743614,1.1343404496792098,MAD2L2;PIK3CD;RPS6KA1,1.0
KEGG_2021_Human,AGE-RAGE signaling pathway in diabetic complications,3/100,0.4158084036250449,1.2926504550743614,1.1343404496792098,CDC42;PIK3CD;PRKCZ,1.0
KEGG_2021_Human,Mismatch repair,1/23,0.4201003815180092,1.8989682297281476,1.646902211300518,RPA2,1.0
KEGG_2021_Human,Axon guidance,5/182,0.4223866948405133,1.180888554866045,1.0177299611664334,CDC42;EPHA2;EPHB2;PIK3CD;PRKCZ,1.0
KEGG_2021_Human,Huntington disease,8/306,0.4256058714418084,1.1224977876784112,0.9588842448195986,CASP9;DNALI1;HDAC1;MTOR;NDUFS5;PSMB2;SDHB;UQCRHL,1.0
KEGG_2021_Human,Apoptosis,4/142,0.4257687923732386,1.2115192148941698,1.0344663683972728,CASP9;DFFA;DFFB;PIK3CD,1.0
KEGG_2021_Human,Spinocerebellar ataxia,4/143,0.43100025407484915,1.202741229970691,1.0122830661362452,MTOR;PIK3CD;PSMB2;PUM1,1.0
KEGG_2021_Human,Vitamin digestion and absorption,1/24,0.4336856556557461,1.816311292453999,1.5174105750166365,MMACHC,1.0
KEGG_2021_Human,Protein digestion and absorption,3/103,0.43448071692614326,1.253677393039196,1.0450701324725473,COL16A1;COL8A2;COL9A2,1.0
KEGG_2021_Human,Basal cell carcinoma,2/63,0.43563860762748396,1.3699429812261585,1.1383435181703558,DVL1;PTCH2,1.0
KEGG_2021_Human,Lysine degradation,2/63,0.43563860762748396,1.3699429812261585,1.1383435181703558,PLOD1;PRDM2,1.0
KEGG_2021_Human,Breast cancer,4/147,0.45179108015320363,1.1688569804758637,0.9286982696268558,DVL1;HEYL;MTOR;PIK3CD,1.0
KEGG_2021_Human,Folate biosynthesis,1/26,0.4599108214056454,1.6708350828514973,1.2977754947071098,ALPL,1.0
KEGG_2021_Human,Glycosylphosphatidylinositol (GPI)-anchor biosynthesis,1/26,0.4599108214056454,1.6708350828514973,1.2977754947071098,PIGV,1.0
KEGG_2021_Human,Acute myeloid leukemia,2/67,0.4671041968626634,1.2853746842029203,0.9784309713676898,MTOR;PIK3CD,1.0
KEGG_2021_Human,Glycolysis / Gluconeogenesis,2/67,0.4671041968626634,1.2853746842029203,0.9784309713676898,AKR1A1;ENO1,1.0
KEGG_2021_Human,Chemokine signaling pathway,5/192,0.46807079621973163,1.1171619403900066,0.8480775345682876,CDC42;FGR;GNB1;PIK3CD;PRKCZ,1.0
KEGG_2021_Human,Pathways in cancer,13/531,0.47375612646186266,1.0487589405466025,0.7834885712740476,CASP9;CDC42;CSF3R;DVL1;GNB1;HDAC1;HEYL;MTOR;PIK3CD;PLEKHG5;PTCH2;SLC2A1;ZBTB17,1.0
KEGG_2021_Human,Mitophagy,2/68,0.4748071173985768,1.2658342822392175,0.9428523942646373,MFN2;PINK1,1.0
KEGG_2021_Human,Phototransduction,1/28,0.4849240138651307,1.546910904301218,1.1195969893862339,GNB1,1.0
KEGG_2021_Human,Epithelial cell signaling in Helicobacter pylori infection,2/70,0.49000848173126027,1.2284776314262564,0.8763131162971766,ATP6V0B;CDC42,1.0
KEGG_2021_Human,Non-small cell lung cancer,2/72,0.504930644542716,1.1932556463740358,0.8153923885460299,CASP9;PIK3CD,1.0
KEGG_2021_Human,Ascorbate and aldarate metabolism,1/30,0.5087811289397773,1.4400797158958047,0.9731156610771803,AKR1A1,1.0
KEGG_2021_Human,Citrate cycle (TCA cycle),1/30,0.5087811289397773,1.4400797158958047,0.9731156610771803,SDHB,1.0
KEGG_2021_Human,Glyoxylate and dicarboxylate metabolism,1/30,0.5087811289397773,1.4400797158958047,0.9731156610771803,HYI,1.0
KEGG_2021_Human,Circadian rhythm,1/31,0.5202929182064874,1.3920056811133688,0.9094854557205996,PER3,1.0
KEGG_2021_Human,Proteoglycans in cancer,5/205,0.525649609606424,1.0438444704353247,0.6713177043119138,CDC42;HSPG2;MTOR;PIK3CD;SLC9A1,1.0
KEGG_2021_Human,Glioma,2/75,0.5267759930974655,1.1440413658901114,0.7333074989571289,MTOR;PIK3CD,1.0
KEGG_2021_Human,JAK-STAT signaling pathway,4/162,0.5271991687220547,1.0570711257342267,0.6767124873610133,CSF3R;IFNLR1;MTOR;PIK3CD,1.0
KEGG_2021_Human,Hippo signaling pathway,4/163,0.532051787478185,1.050368661487663,0.662797802694797,BMP8A;DVL1;PRKCZ;TP73,1.0
KEGG_2021_Human,Chronic myeloid leukemia,2/76,0.533911650557345,1.1285233495213063,0.7081765044310235,HDAC1;PIK3CD,1.0
KEGG_2021_Human,Metabolism of xenobiotics by cytochrome P450,2/76,0.533911650557345,1.1285233495213063,0.7081765044310235,AKR7A2;AKR7A3,1.0
KEGG_2021_Human,Cytokine-cytokine receptor interaction,7/295,0.5383535171207676,1.0146119332061765,0.6282881307674764,BMP8A;CSF3R;IFNLR1;TNFRSF14;TNFRSF18;TNFRSF1B;TNFRSF25,1.0
KEGG_2021_Human,SNARE interactions in vesicular transport,1/33,0.5425151268619051,1.3048714930702037,0.7979802129542782,VAMP3,1.0
KEGG_2021_Human,Base excision repair,1/33,0.5425151268619051,1.3048714930702037,0.7979802129542782,MUTYH,1.0
KEGG_2021_Human,Rap1 signaling pathway,5/210,0.5470706934922311,1.0181214556482223,0.6141076960686643,CDC42;EPHA2;PIK3CD;PRKCZ;RAP1GAP,1.0
KEGG_2021_Human,Synaptic vesicle cycle,2/78,0.5479605795621381,1.098712423339128,0.660932578474858,ATP6V0B;SLC6A9,1.0
KEGG_2021_Human,Pentose and glucuronate interconversions,1/34,0.5532379655772169,1.265265043959674,0.7489952187298203,AKR1A1,1.0
KEGG_2021_Human,Human immunodeficiency virus 1 infection,5/212,0.5555096132408756,1.0081801938947528,0.5926782498743551,CASP9;GNB1;MTOR;PIK3CD;TNFRSF1B,1.0
KEGG_2021_Human,Hepatocellular carcinoma,4/168,0.5559367943221394,1.0180824007877531,0.5977168600964611,ARID1A;DVL1;MTOR;PIK3CD,1.0
KEGG_2021_Human,Cell cycle,3/124,0.557516363031384,1.034977317651781,0.604699392770418,HDAC1;MAD2L2;ZBTB17,1.0
KEGG_2021_Human,DNA replication,1/36,0.5739370830449849,1.1928418227289914,0.6623081259714688,RPA2,1.0
KEGG_2021_Human,Aldosterone-regulated sodium reabsorption,1/37,0.5839249334324296,1.1596478463315951,0.6238706453164949,PIK3CD,1.0
KEGG_2021_Human,Relaxin signaling pathway,3/129,0.5843764240346232,0.9936507727939927,0.5337990741117962,GNB1;PIK3CD;PRKCZ,1.0
KEGG_2021_Human,ErbB signaling pathway,2/85,0.5947616517783095,1.0056879669393193,0.522549975498082,MTOR;PIK3CD,1.0
KEGG_2021_Human,Cardiac muscle contraction,2/87,0.6074504529459829,0.9819237360607126,0.48947392563734715,SLC9A1;UQCRHL,1.0
KEGG_2021_Human,Tuberculosis,4/180,0.6104680991467779,0.9480799173611304,0.4679051614977974,ATP6V0B;CASP9;NFYC;PLK3,1.0
KEGG_2021_Human,Nicotine addiction,1/40,0.6125082836932271,1.070279448338605,0.5246432926826154,GABRD,1.0
KEGG_2021_Human,Systemic lupus erythematosus,3/135,0.6152070834547082,0.9481915734504256,0.46062800243820373,C1QA;C1QB;C1QC,1.0
KEGG_2021_Human,PD-L1 expression and PD-1 checkpoint pathway in cancer,2/89,0.6198354258784493,0.9592521134983638,0.45881151210834475,MTOR;PIK3CD,1.0
KEGG_2021_Human,GABAergic synapse,2/89,0.6198354258784493,0.9592521134983638,0.45881151210834475,GABRD;GNB1,1.0
KEGG_2021_Human,Homologous recombination,1/41,0.6215937608090362,1.0434689289407082,0.4961366244790896,RPA2,1.0
KEGG_2021_Human,Apelin signaling pathway,3/137,0.6251352629101021,0.933943167686024,0.4387545755973318,GNB1;MTOR;SLC9A1,1.0
KEGG_2021_Human,Autophagy,3/137,0.6251352629101021,0.933943167686024,0.4387545755973318,MTOR;PIK3CD;RRAGC,1.0
KEGG_2021_Human,Bile secretion,2/90,0.6259142353955284,0.9483027503290475,0.44431959273506705,SLC2A1;SLC9A1,1.0
KEGG_2021_Human,Morphine addiction,2/91,0.631917471024684,0.9375994402646599,0.4303548400909724,GABRD;GNB1,1.0
KEGG_2021_Human,Measles,3/139,0.6348866859888349,0.9201138326793991,0.4180157589942713,CASP9;PIK3CD;TP73,1.0
KEGG_2021_Human,Alzheimer disease,8/369,0.6359773138945986,0.9235697744544931,0.41800064809358056,CASP9;DVL1;MTOR;NDUFS5;PIK3CD;PSMB2;SDHB;UQCRHL,1.0
KEGG_2021_Human,Porphyrin and chlorophyll metabolism,1/43,0.639131933568071,0.9936779643446139,0.44481435339571423,UROD,1.0
KEGG_2021_Human,Ubiquitin mediated proteolysis,3/140,0.6396957958367229,0.9133505812528013,0.408050820689414,FBXO2;UBE2J2;UBE4B,1.0
KEGG_2021_Human,Signaling pathways regulating pluripotency of stem cells,3/143,0.6538556205793747,0.8936405342381454,0.3796799059334843,DVL1;ID3;PIK3CD,1.0
KEGG_2021_Human,Basal transcription factors,1/45,0.6558589126384933,0.9484134510754372,0.4000498845544327,TAF12,1.0
KEGG_2021_Human,Chemical carcinogenesis,5/239,0.6610402519307456,0.8906056558489115,0.36865779098661644,KPNA6;MTOR;PAQR7;PIK3CD;RPS6KA1,1.0
KEGG_2021_Human,Proteasome,1/46,0.6639299739707503,0.9272900115498215,0.3797981409732232,PSMB2,1.0
KEGG_2021_Human,Kaposi sarcoma-associated herpesvirus infection,4/193,0.6646703327144654,0.8822751137167035,0.36037771162226534,CASP9;GNB1;MTOR;PIK3CD,1.0
KEGG_2021_Human,Phosphatidylinositol signaling system,2/97,0.6663632097410015,0.87811156959101,0.3564433970484201,INPP5B;PIK3CD,1.0
KEGG_2021_Human,Circadian entrainment,2/97,0.6663632097410015,0.87811156959101,0.3564433970484201,GNB1;PER3,1.0
KEGG_2021_Human,Pyruvate metabolism,1/47,0.6718121415653019,0.9070849824383628,0.36081711562536495,AKR1A1,1.0
KEGG_2021_Human,Nucleotide excision repair,1/47,0.6718121415653019,0.9070849824383628,0.36081711562536495,RPA2,1.0
KEGG_2021_Human,Retrograde endocannabinoid signaling,3/148,0.6765608947321706,0.8626028739966753,0.33704725439072636,GABRD;GNB1;NDUFS5,1.0
KEGG_2021_Human,Amino sugar and nucleotide sugar metabolism,1/48,0.679509827013477,0.8877397417997323,0.3430080625375959,GALE,1.0
KEGG_2021_Human,Gastric cancer,3/149,0.6809677200810578,0.8566504460051606,0.32915968837545434,DVL1;MTOR;PIK3CD,1.0
KEGG_2021_Human,Viral protein interaction with cytokine and cytokine receptor,2/100,0.6825886801678358,0.851099220152465,0.32500315345799274,TNFRSF14;TNFRSF1B,1.0
KEGG_2021_Human,Shigellosis,5/246,0.6855919962582864,0.864423773932756,0.32629627720426807,CDC42;MTOR;PIK3CD;RRAGC;WASF2,1.0
KEGG_2021_Human,Ether lipid metabolism,1/49,0.687027339090346,0.8692005528543779,0.3262815401914239,PAFAH2,1.0
KEGG_2021_Human,Amoebiasis,2/102,0.6930434116183578,0.8339913988413864,0.3057934869742138,PIK3CD;PRDX1,1.0
KEGG_2021_Human,Phagosome,3/152,0.6939203808690226,0.8392725522044295,0.30666855401864096,ATP6V0B;STX12;VAMP3,1.0
KEGG_2021_Human,Vibrio cholerae infection,1/50,0.6943688861459183,0.85141806549863,0.31055637705697375,ATP6V0B,1.0
KEGG_2021_Human,Cholesterol metabolism,1/50,0.6943688861459183,0.85141806549863,0.31055637705697375,LDLRAP1,1.0
KEGG_2021_Human,Cysteine and methionine metabolism,1/50,0.6943688861459183,0.85141806549863,0.31055637705697375,SRM,1.0
KEGG_2021_Human,Epstein-Barr virus infection,4/202,0.6990594237959445,0.8417798499355178,0.301373624367016,CASP9;HDAC1;ISG15;PIK3CD,1.0
KEGG_2021_Human,Viral carcinogenesis,4/203,0.7027197397646961,0.8375064803907697,0.2954698825267823,CDC42;HDAC1;PIK3CD;UBR4,1.0
KEGG_2021_Human,T cell receptor signaling pathway,2/104,0.703212624500537,0.8175544724836834,0.2878576430634266,CDC42;PIK3CD,1.0
KEGG_2021_Human,C-type lectin receptor signaling pathway,2/104,0.703212624500537,0.8175544724836834,0.2878576430634266,PIK3CD;PLK3,1.0
KEGG_2021_Human,Cellular senescence,3/156,0.710568596884909,0.817162116518968,0.27921595098061786,MTOR;PIK3CD;RBBP4,1.0
KEGG_2021_Human,PI3K-Akt signaling pathway,7/354,0.725396114604379,0.8395168825875112,0.2695163242594384,CASP9;COL9A2;CSF3R;EPHA2;GNB1;MTOR;PIK3CD,1.0
KEGG_2021_Human,Regulation of lipolysis in adipocytes,1/55,0.7285776983899189,0.7723847883619722,0.24458414234758827,PIK3CD,1.0
KEGG_2021_Human,Hepatitis B,3/162,0.7342233641717418,0.7860823531497811,0.24285384318450493,CASP9;HSPG2;PIK3CD,1.0
KEGG_2021_Human,Hedgehog signaling pathway,1/56,0.7349464944367234,0.758302495344895,0.23352500069481194,PTCH2,1.0
KEGG_2021_Human,Pyrimidine metabolism,1/56,0.7349464944367234,0.758302495344895,0.23352500069481194,CTPS1,1.0
KEGG_2021_Human,TNF signaling pathway,2/112,0.7411174157674465,0.7577838311829456,0.22702916413415017,PIK3CD;TNFRSF1B,1.0
KEGG_2021_Human,Legionellosis,1/57,0.7411661615347784,0.744723141364142,0.223067249641935,CASP9,1.0
KEGG_2021_Human,Lipid and atherosclerosis,4/215,0.7441430550434369,0.7893855039058322,0.2332807705297615,CASP9;CDC42;MIB2;PIK3CD,1.0
KEGG_2021_Human,Cholinergic synapse,2/113,0.7455529332242392,0.75091828454705,0.2204914928379753,GNB1;PIK3CD,1.0
KEGG_2021_Human,Leukocyte transendothelial migration,2/114,0.7499231907379891,0.7441753369582239,0.21416211985105751,CDC42;PIK3CD,1.0
KEGG_2021_Human,Regulation of actin cytoskeleton,4/218,0.7537840727952809,0.7781985011949646,0.2199572830947529,CDC42;PIK3CD;SLC9A1;WASF2,1.0
KEGG_2021_Human,Glycerolipid metabolism,1/61,0.7646220256526683,0.6949321767680476,0.18650148573342,AKR1A1,1.0
KEGG_2021_Human,Arachidonic acid metabolism,1/61,0.7646220256526683,0.6949321767680476,0.18650148573342,PRXL2B,1.0
KEGG_2021_Human,Influenza A,3/172,0.7702267667113931,0.7391868522081088,0.19297973715686495,CASP9;KPNA6;PIK3CD,1.0
KEGG_2021_Human,"Growth hormone synthesis, secretion and action",2/119,0.7708174274695977,0.7121895599343058,0.1853856011332935,MTOR;PIK3CD,1.0
KEGG_2021_Human,Sphingolipid signaling pathway,2/119,0.7708174274695977,0.7121895599343058,0.1853856011332935,PIK3CD;PRKCZ,1.0
KEGG_2021_Human,AMPK signaling pathway,2/120,0.7748093161954487,0.706117683617901,0.18015768200698792,MTOR;PIK3CD,1.0
KEGG_2021_Human,Human cytomegalovirus infection,4/225,0.7751902638525097,0.7532766263775418,0.19181946586047532,CASP9;GNB1;MTOR;PIK3CD,1.0
KEGG_2021_Human,GnRH secretion,1/64,0.7808109266976477,0.6617382003706515,0.16372875427957098,PIK3CD,1.0
KEGG_2021_Human,Platelet activation,2/124,0.7901752792157655,0.682825567912348,0.16080575289589838,PIK3CD;PRKCZ,1.0
KEGG_2021_Human,Ras signaling pathway,4/232,0.7951051730418282,0.7298850421190837,0.16734868471458458,CDC42;EPHA2;GNB1;PIK3CD,1.0
KEGG_2021_Human,Long-term potentiation,1/67,0.7958885973816185,0.6315618581912003,0.14418308132630012,RPS6KA1,1.0
KEGG_2021_Human,Retinol metabolism,1/68,0.8006808582768878,0.6221036016871933,0.13828917665781834,DHRS3,1.0
KEGG_2021_Human,Fc epsilon RI signaling pathway,1/68,0.8006808582768878,0.6221036016871933,0.13828917665781834,PIK3CD,1.0
KEGG_2021_Human,Amphetamine addiction,1/69,0.8053608381246912,0.6129235291980099,0.1326764034122193,HDAC1,1.0
KEGG_2021_Human,Oocyte meiosis,2/129,0.8080785306646082,0.65577370124645,0.13974277478447217,MAD2L2;RPS6KA1,1.0
KEGG_2021_Human,RIG-I-like receptor signaling pathway,1/70,0.809931162130393,0.604009545766484,0.12732884835561867,ISG15,1.0
KEGG_2021_Human,Prolactin signaling pathway,1/70,0.809931162130393,0.604009545766484,0.12732884835561867,PIK3CD,1.0
KEGG_2021_Human,FoxO signaling pathway,2/131,0.8148510687195909,0.6455401268798157,0.13217428946920506,PIK3CD;PLK3,1.0
KEGG_2021_Human,Melanoma,1/72,0.8187530386110167,0.5869348732779275,0.11737099873377731,PIK3CD,1.0
KEGG_2021_Human,MAPK signaling pathway,5/294,0.8210336705898351,0.7190580311338144,0.14179188632461795,CDC42;EPHA2;MAP3K6;RPS6KA1;STMN1,1.0
KEGG_2021_Human,Neutrophil extracellular trap formation,3/189,0.8222195144192146,0.6710371000331946,0.1313540832945435,HDAC1;MTOR;PIK3CD,1.0
KEGG_2021_Human,PPAR signaling pathway,1/74,0.8271662897917833,0.5707957992818946,0.10830823363757487,FABP3,1.0
KEGG_2021_Human,Herpes simplex virus 1 infection,9/498,0.8274271063626609,0.7635831266337799,0.1446488080538473,CASP9;EIF2B3;MTOR;PIK3CD;SRSF4;TNFRSF14;ZFP69;ZNF436;ZNF684,1.0
KEGG_2021_Human,Gastric acid secretion,1/76,0.8351898043597322,0.5555174758989834,0.10004662496922706,SLC9A1,1.0
KEGG_2021_Human,Leishmaniasis,1/77,0.839061073761441,0.5481798600637695,0.09619009670808641,MARCKSL1,1.0
KEGG_2021_Human,Fluid shear stress and atherosclerosis,2/139,0.8398517733040632,0.6075937343378432,0.10604325125498407,PIK3CD;PRKCZ,1.0
KEGG_2021_Human,Antigen processing and presentation,1/78,0.8428415996601333,0.5410328316528469,0.09250375894516424,NFYC,1.0
KEGG_2021_Human,Pathogenic Escherichia coli infection,3/197,0.8430057633484807,0.6430994211549399,0.10982947369174008,CASP9;CDC42;WASF2,1.0
KEGG_2021_Human,Focal adhesion,3/201,0.8525877978438515,0.6299771780454566,0.10046818484174336,CDC42;COL9A2;PIK3CD,1.0
KEGG_2021_Human,B cell receptor signaling pathway,1/81,0.8536596957788778,0.5206638006817174,0.08238080489891904,PIK3CD,1.0
KEGG_2021_Human,Phospholipase D signaling pathway,2/148,0.8642954372774543,0.5698747602443244,0.08311089253546378,MTOR;PIK3CD,1.0
KEGG_2021_Human,Cell adhesion molecules,2/148,0.8642954372774543,0.5698747602443244,0.08311089253546378,PTPRF;SDC3,1.0
KEGG_2021_Human,Insulin secretion,1/86,0.8700636335222616,0.4899105578429532,0.06819012537607352,SLC2A1,1.0
KEGG_2021_Human,Hepatitis C,2/157,0.8852779912562367,0.5365360541100529,0.06537883302824003,CASP9;PIK3CD,1.0
KEGG_2021_Human,GnRH signaling pathway,1/93,0.8899925382881186,0.45247182743054465,0.05273206231402541,CDC42,1.0
KEGG_2021_Human,Rheumatoid arthritis,1/93,0.8899925382881186,0.45247182743054465,0.05273206231402541,ATP6V0B,1.0
KEGG_2021_Human,Salivary secretion,1/93,0.8899925382881186,0.45247182743054465,0.05273206231402541,SLC9A1,1.0
KEGG_2021_Human,Glycerophospholipid metabolism,1/98,0.9023308501569985,0.4290381596466365,0.04409398068631861,LYPLA2,1.0
KEGG_2021_Human,Inflammatory mediator regulation of TRP channels,1/98,0.9023308501569985,0.4290381596466365,0.04409398068631861,PIK3CD,1.0
KEGG_2021_Human,Wnt signaling pathway,2/166,0.9032244743607026,0.5068564742588112,0.051589965098549226,CTNNBIP1;DVL1,1.0
KEGG_2021_Human,Hematopoietic cell lineage,1/99,0.9046275621521008,0.42463836896067825,0.042562333260035515,CSF3R,1.0
KEGG_2021_Human,Tight junction,2/169,0.9086003864674553,0.49767416911521345,0.04770201949806668,CDC42;PRKCZ,1.0
KEGG_2021_Human,Melanogenesis,1/101,0.9090605631901634,0.4161027750299192,0.03967272025186977,DVL1,1.0
KEGG_2021_Human,Pancreatic secretion,1/102,0.9111993468690921,0.41196174431103605,0.03830979892214967,SLC9A1,1.0
KEGG_2021_Human,Toll-like receptor signaling pathway,1/104,0.9153275000575753,0.4039209079636903,0.03573623755331347,PIK3CD,1.0
KEGG_2021_Human,Th17 cell differentiation,1/107,0.9211634206309461,0.3924285805427196,0.03222537962392334,MTOR,1.0
KEGG_2021_Human,Glucagon signaling pathway,1/107,0.9211634206309461,0.3924285805427196,0.03222537962392334,SLC2A1,1.0
KEGG_2021_Human,Ribosome biogenesis in eukaryotes,1/108,0.9230181192256637,0.3887410113079533,0.031140648341993742,GNL2,1.0
KEGG_2021_Human,Toxoplasmosis,1/112,0.9300115724712833,0.3746551612580352,0.027184322627589057,CASP9,1.0
KEGG_2021_Human,Serotonergic synapse,1/113,0.9316585246074176,0.37129090689343425,0.02628328280231066,GNB1,1.0
KEGG_2021_Human,Salmonella infection,3/249,0.9332482930740712,0.5057959505703468,0.03494240249322572,CDC42;PIK3CD;PLEKHM2,1.0
KEGG_2021_Human,Glutamatergic synapse,1/114,0.9332668018982975,0.3679861968538705,0.025414656733937394,GNB1,1.0
KEGG_2021_Human,Alcoholism,2/186,0.9341418796120562,0.45129687429573795,0.03074547820189533,GNB1;HDAC1,1.0
KEGG_2021_Human,MicroRNAs in cancer,4/310,0.9342550164143867,0.5416384830867297,0.0368345806549726,HDAC1;MTOR;PIK3CD;STMN1,1.0
KEGG_2021_Human,Transcriptional misregulation in cancer,2/192,0.9414213012441487,0.43690986209477367,0.026373855451300977,HDAC1;ZBTB17,1.0
KEGG_2021_Human,Osteoclast differentiation,1/127,0.9510398581914753,0.32979843639668893,0.016555652442891724,PIK3CD,1.0
KEGG_2021_Human,Purine metabolism,1/129,0.9533187400849386,0.3246118775845958,0.015518386186783079,AK2,1.0
KEGG_2021_Human,Natural killer cell mediated cytotoxicity,1/131,0.9554917660178107,0.3195849051974901,0.014550423588991597,PIK3CD,1.0
KEGG_2021_Human,Dopaminergic synapse,1/132,0.9565401254472569,0.31712897975646137,0.014090846299251916,GNB1,1.0
KEGG_2021_Human,Estrogen signaling pathway,1/137,0.9614236540813502,0.3053911008103682,0.012014122564231861,PIK3CD,1.0
KEGG_2021_Human,cAMP signaling pathway,2/216,0.9635794544666054,0.387429296768093,0.01437375480432752,PIK3CD;SLC9A1,1.0
KEGG_2021_Human,Human T-cell leukemia virus 1 infection,2/219,0.9657038205111345,0.38201379710676275,0.013331554091403108,PIK3CD;SLC2A1,1.0
KEGG_2021_Human,Adrenergic signaling in cardiomyocytes,1/150,0.9717079670392549,0.2785594124275538,0.007994645414204533,SLC9A1,1.0
KEGG_2021_Human,Cushing syndrome,1/155,0.9748898525845641,0.2694457520377867,0.006852217278678216,DVL1,1.0
KEGG_2021_Human,NOD-like receptor signaling pathway,1/181,0.9865041989168561,0.23021650720450024,0.0031281121789557913,MFN2,1.0
KEGG_2021_Human,Neuroactive ligand-receptor interaction,2/341,0.9972954970564207,0.2429893475905283,0.0006580556642038714,CORT;GABRD,1.0
KEGG_2021_Human,Olfactory transduction,1/440,0.9999734326274916,0.0931306775724287,2.4742702705079687e-06,GNB1,1.0
Reactome_2022,PTEN Regulation R-HSA-6807070,12/139,0.00010651995911477461,4.020928218908364,36.780146870706254,AGO1;AGO3;AGO4;HDAC1;KDM1A;MTOR;OTUD3;PHC2;PSMB2;RBBP4;RRAGC;SCMH1,0.09054196524755842
Reactome_2022,Classical Antibody-Mediated Complement Activation R-HSA-173623,3/6,0.00024157799604407194,41.99784858069143,349.7714455204709,C1QA;C1QB;C1QC,0.20534129663746115
Reactome_2022,Post-transcriptional Silencing By Small RNAs R-HSA-426496,3/7,0.0004154138849536409,31.496773532327452,245.24128744341732,AGO1;AGO3;AGO4,0.3531018022105948
Reactome_2022,Regulation Of PTEN Gene Transcription R-HSA-8943724,7/61,0.0005383263785094793,5.477062630046846,41.226099788309405,HDAC1;KDM1A;MTOR;PHC2;RBBP4;RRAGC;SCMH1,0.4575774217330574
Reactome_2022,Small Interfering RNA (siRNA) Biogenesis R-HSA-426486,3/9,0.0009626983745091606,20.995698483963476,145.83130125987924,AGO1;AGO3;AGO4,0.8182936183327865
Reactome_2022,Defective B3GALT6 Causes EDSP2 And SEMDJL1 R-HSA-4420332,4/20,0.0010647579969984332,10.51508598566625,71.97584494294598,AGRN;B3GALT6;HSPG2;SDC3,0.9050442974486682
Reactome_2022,Competing Endogenous RNAs (ceRNAs) Regulate PTEN Translation R-HSA-8948700,3/10,0.0013514646051150292,17.995391327288054,118.8877473724285,AGO1;AGO3;AGO4,1.0
Reactome_2022,NR1H3 And NR1H2 Regulate Gene Expression Linked To Cholesterol Transport And Efflux R-HSA-9029569,5/36,0.001422800028871843,6.793353162687977,44.53130291097667,AGO1;AGO3;AGO4;KDM1A;KDM4A,1.0
Reactome_2022,Metabolism Of Vitamins And Cofactors R-HSA-196854,12/186,0.001490330988262119,2.927707136340361,19.055734446190908,AGRN;HSPG2;LDLRAP1;MMACHC;MTHFR;NADK;NMNAT1;PANK4;PPCS;SDC3;SLC2A1;UBIAD1,1.0
Reactome_2022,Regulation Of PTEN mRNA Translation R-HSA-8943723,3/11,0.0018261182227100505,15.745160959781487,99.28210051654462,AGO1;AGO3;AGO4,1.0
Reactome_2022,Diseases Associated With Glycosaminoglycan Metabolism R-HSA-3560782,5/40,0.0023004507012256053,6.0157357571423935,36.54349052969279,AGRN;B3GALT6;HSPG2;SDC3;ST3GAL3,1.0
Reactome_2022,TP53 Regulates Metabolic Genes R-HSA-5628897,7/81,0.0028785089084175067,3.9926715458586814,23.359056440824737,AGO1;AGO3;AGO4;MTOR;PRDX1;RRAGC;SESN2,1.0
Reactome_2022,GAG Synthesis Requires Tetrasaccharide Linker Sequence R-HSA-1971475,4/26,0.0029408911694043163,7.644984165174714,44.56293856409326,AGRN;B3GALT6;HSPG2;SDC3,1.0
Reactome_2022,"Defective EXT1 Causes Exostoses 1, TRPS2 And CHDS R-HSA-3656253",3/13,0.0030569003143781966,12.594838445272291,72.92857122597782,AGRN;HSPG2;SDC3,1.0
Reactome_2022,mRNA Splicing - Major Pathway R-HSA-72163,11/181,0.0036635275953236877,2.741433845405618,15.377603745265787,DNAJC8;HNRNPR;PPIE;PPIH;SF3A3;SNRNP40;SRRM1;SRSF10;SRSF4;SYF2;YBX1,1.0
Reactome_2022,Creation Of C4 And C2 Activators R-HSA-166786,3/14,0.003823538636453032,11.449266621814404,63.733246461557464,C1QA;C1QB;C1QC,1.0
Reactome_2022,NR1H2 And NR1H3-mediated Signaling R-HSA-9024446,5/46,0.004274164917228717,5.133803821584599,28.00575481335662,AGO1;AGO3;AGO4;KDM1A;KDM4A,1.0
Reactome_2022,TNFs Bind Their Physiological Receptors R-HSA-5669034,4/29,0.004421303526676105,6.7265515826174225,36.46679340733546,TNFRSF14;TNFRSF18;TNFRSF1B;TNFRSF25,1.0
Reactome_2022,PIP3 Activates AKT Signaling R-HSA-1257604,14/268,0.004449167687220724,2.3404557407059077,12.673657327640534,AGO1;AGO3;AGO4;CASP9;CLSTN1;HDAC1;KDM1A;MTOR;OTUD3;PHC2;PSMB2;RBBP4;RRAGC;SCMH1,1.0
Reactome_2022,mRNA Splicing R-HSA-72172,11/189,0.0050663184825489975,2.617141536787157,13.831961679566112,DNAJC8;HNRNPR;PPIE;PPIH;SF3A3;SNRNP40;SRRM1;SRSF10;SRSF4;SYF2;YBX1,1.0
Reactome_2022,Regulation Of MECP2 Expression And Activity R-HSA-9022692,4/31,0.005646126506019604,6.227649932833215,32.239208139734195,AGO1;AGO3;AGO4;HDAC1,1.0
Reactome_2022,Regulation Of RUNX1 Expression And Activity R-HSA-8934593,3/17,0.006780705098448605,8.994469857261786,44.915451939506276,AGO1;AGO3;AGO4,1.0
Reactome_2022,Metabolism Of Water-Soluble Vitamins And Cofactors R-HSA-196849,8/122,0.008008597330426375,2.962318777707029,14.29982265387878,LDLRAP1;MMACHC;MTHFR;NADK;NMNAT1;PANK4;PPCS;SLC2A1,1.0
Reactome_2022,Amino Acids Regulate mTORC1 R-HSA-9639288,5/55,0.009144069597394715,4.2077752892489135,19.754031172930944,ATP6V0B;MTOR;RRAGC;SESN2;SZT2,1.0
Reactome_2022,Transcriptional Regulation By TP53 R-HSA-3700989,16/354,0.009601813596410989,2.010158620239199,9.338801515364183,AGO1;AGO3;AGO4;ARTN;ELOA;HDAC1;MEAF6;MTOR;NOC2L;PLK3;PRDX1;RBBP4;RRAGC;SESN2;TAF12;TP73,1.0
Reactome_2022,Defective B3GAT3 Causes JDSSDHD R-HSA-3560801,3/20,0.010793351959047546,7.406071950786562,33.540803015505524,AGRN;HSPG2;SDC3,1.0
Reactome_2022,"Defective B4GALT7 Causes EDS, Progeroid Type R-HSA-3560783",3/20,0.010793351959047546,7.406071950786562,33.540803015505524,AGRN;HSPG2;SDC3,1.0
Reactome_2022,Regulation Of TP53 Activity R-HSA-5633007,9/157,0.011765282786286992,2.5680974546489987,11.409035455403684,ARTN;HDAC1;MEAF6;MTOR;NOC2L;PLK3;RBBP4;TAF12;TP73,1.0
Reactome_2022,Initial Triggering Of Complement R-HSA-166663,3/21,0.01237704824841516,6.994265086144837,30.71819305046433,C1QA;C1QB;C1QC,1.0
Reactome_2022,HS-GAG Degradation R-HSA-2024096,3/21,0.01237704824841516,6.994265086144837,30.71819305046433,AGRN;HSPG2;SDC3,1.0
Reactome_2022,Intracellular Signaling By Second Messengers R-HSA-9006925,14/306,0.013463903098172037,2.031862849307227,8.752743005125664,AGO1;AGO3;AGO4;CASP9;CLSTN1;HDAC1;KDM1A;MTOR;OTUD3;PHC2;PSMB2;RBBP4;RRAGC;SCMH1,1.0
Reactome_2022,Coenzyme A Biosynthesis R-HSA-196783,2/8,0.013934272054121332,13.967095558646019,59.68704004653905,PANK4;PPCS,1.0
Reactome_2022,Other Interleukin Signaling R-HSA-449836,3/24,0.0178885302628627,5.994162700586364,24.118086301834182,CSF3R;IFNLR1;TXLNA,1.0
Reactome_2022,MicroRNA (miRNA) Biogenesis R-HSA-203927,3/24,0.0178885302628627,5.994162700586364,24.118086301834182,AGO1;AGO3;AGO4,1.0
Reactome_2022,Collagen Biosynthesis And Modifying Enzymes R-HSA-1650814,5/67,0.020247819915960724,3.3912770134260524,13.22499060713498,COL16A1;COL8A2;COL9A2;P3H1;PLOD1,1.0
Reactome_2022,Ketone Body Metabolism R-HSA-74182,2/10,0.021712678801948687,10.474248707634148,40.11489476437351,HMGCL;OXCT2,1.0
Reactome_2022,Oxidative Stress Induced Senescence R-HSA-2559580,6/93,0.021975962026178655,2.9026719792674376,11.081838667294019,AGO1;AGO3;AGO4;PHC2;RBBP4;SCMH1,1.0
Reactome_2022,Transcriptional Regulation By RUNX1 R-HSA-8878171,10/204,0.022239231093048872,2.176428171315551,8.28326228226268,AGO1;AGO3;AGO4;ARID1A;HDAC1;PHC2;PSMB2;SCMH1;TNFRSF18;TP73,1.0
Reactome_2022,Glycosaminoglycan Metabolism R-HSA-1630316,7/120,0.022824009432596538,2.6094292346638697,9.8634918171767,AGRN;B3GALT6;B4GALT2;HSPG2;SDC3;SLC9A1;ST3GAL3,1.0
Reactome_2022,Metabolism Of Fat-Soluble Vitamins R-HSA-6806667,4/47,0.023915320743392914,3.9071771431392257,14.586414330586846,AGRN;HSPG2;SDC3;UBIAD1,1.0
Reactome_2022,Processing Of Capped Intron-Containing Pre-mRNA R-HSA-72203,11/242,0.02773836935827746,2.0111492745294,7.209846762907634,DNAJC8;HNRNPR;PPIE;PPIH;SF3A3;SNRNP40;SRRM1;SRSF10;SRSF4;SYF2;YBX1,1.0
Reactome_2022,Cellular Response To Starvation R-HSA-9711097,8/153,0.02775561187144112,2.325277311969234,8.334531532967953,ATP6V0B;MTOR;RPL11;RPL22;RPS8;RRAGC;SESN2;SZT2,1.0
Reactome_2022,Chondroitin Sulfate/Dermatan Sulfate Metabolism R-HSA-1793185,4/50,0.029250722102937395,3.651799023621273,12.897610100309832,AGRN;B3GALT6;HSPG2;SDC3,1.0
Reactome_2022,Regulation Of TP53 Activity Thru Acetylation R-HSA-6804758,3/29,0.02964755751757002,4.840198409557354,17.029635664276014,HDAC1;MEAF6;RBBP4,1.0
Reactome_2022,Activation Of TFAP2 (AP-2) Family Of Transcription Factors R-HSA-8866907,2/12,0.030879746398301388,8.378540597027026,29.137671642303758,CITED4;TFAP2E,1.0
Reactome_2022,HS-GAG Biosynthesis R-HSA-2022928,3/30,0.03238521217430214,4.660692853175064,15.98642524968749,AGRN;HSPG2;SDC3,1.0
Reactome_2022,Heparan Sulfate/Heparin (HS-GAG) Metabolism R-HSA-1638091,4/53,0.03523657574319368,3.4276916942483755,11.467927506367785,AGRN;B3GALT6;HSPG2;SDC3,1.0
Reactome_2022,Apoptosis Induced DNA Fragmentation R-HSA-140342,2/13,0.0359384456862874,7.616464920442619,25.331963573154507,DFFA;DFFB,1.0
Reactome_2022,GPVI-mediated Activation Cascade R-HSA-114604,3/32,0.03824128246675688,4.338820821041303,14.161215447535357,CDC42;PDPN;PRKCZ,1.0
Reactome_2022,Cellular Senescence R-HSA-2559583,8/165,0.04063271049984442,2.146219838139502,6.874732451860333,AGO1;AGO3;AGO4;ARTN;PHC2;RBBP4;RPS6KA1;SCMH1,1.0
Reactome_2022,Oncogene Induced Senescence R-HSA-2559585,3/33,0.04135756208790182,4.19397840658111,13.359918189987077,AGO1;AGO3;AGO4,1.0
Reactome_2022,Metabolism Of RNA R-HSA-8953854,23/666,0.04159913122341429,1.5183287275836452,4.8277934091129415,DNAJC8;EBNA1BP2;EXOSC10;HNRNPR;LSM10;NOL9;PNRC2;PPIE;PPIH;PSMB2;RPL11;RPL22;RPS8;SF3A3;SNRNP40;SRRM1;SRSF10;SRSF4;SYF2;TRIT1;UTP11;YBX1;ZBTB8OS,1.0
Reactome_2022,Diseases Associated With Glycosylation Precursor Biosynthesis R-HSA-5609975,2/15,0.04692074401207228,6.444040802620452,19.714224373835403,DHDDS;GALE,1.0
Reactome_2022,RUNX1 Interacts With Co-Factors Whose Precise Effect On RUNX1 Targets Is Not Known R-HSA-8939243,3/35,0.04796003953467398,3.9314515303720103,11.941340258936611,ARID1A;PHC2;SCMH1,1.0
Reactome_2022,Signaling By NOTCH R-HSA-157118,9/203,0.04996328300222878,1.9545178480587047,5.8566480044662015,AGO1;AGO3;AGO4;HDAC1;HEYL;MIB2;PSMB2;ST3GAL3;YBX1,1.0
Reactome_2022,Diseases Of Glycosylation R-HSA-3781865,7/143,0.05128404549363086,2.1655607554682494,6.432528783316714,AGRN;B3GALT6;DHDDS;GALE;HSPG2;SDC3;ST3GAL3,1.0
Reactome_2022,Transcriptional Regulation By MECP2 R-HSA-8986944,4/60,0.051762052948229255,2.9981526462836556,8.877823704896137,AGO1;AGO3;AGO4;HDAC1,1.0
Reactome_2022,FOXO-mediated Transcription Of Cell Death Genes R-HSA-9614657,2/16,0.05281203761995901,5.98344561347603,17.59741005639537,NFYC;PINK1,1.0
Reactome_2022,Transcription Of E2F Targets Under Negative Control By P107 (RBL1) And P130 (RBL2) In Complex With HDAC1 R-HSA-1362300,2/16,0.05281203761995901,5.98344561347603,17.59741005639537,HDAC1;RBBP4,1.0
Reactome_2022,SUMOylation Of DNA Methylation Proteins R-HSA-4655427,2/16,0.05281203761995901,5.98344561347603,17.59741005639537,PHC2;SCMH1,1.0
Reactome_2022,Ca2+ Pathway R-HSA-4086398,4/61,0.054414650550255725,2.9454022368844797,8.574424808222096,AGO1;AGO3;AGO4;GNB1,1.0
Reactome_2022,Early SARS-CoV-2 Infection Events R-HSA-9772572,3/37,0.05504527982663242,3.6998101690110405,10.727966468860929,AGRN;HSPG2;SDC3,1.0
Reactome_2022,NCAM1 Interactions R-HSA-419037,3/37,0.05504527982663242,3.6998101690110405,10.727966468860929,AGRN;ARTN;COL9A2,1.0
Reactome_2022,Antigen Processing: Ubiquitination And Proteasome Degradation R-HSA-983168,12/307,0.05838950295602686,1.7160570551414784,4.874664531967445,FBXO2;FBXO44;FBXO6;HECTD3;KLHL21;MIB2;PSMB2;RNF19B;RNF220;SPSB1;UBE2J2;UBR4,1.0
Reactome_2022,Vitamin B5 (Pantothenate) Metabolism R-HSA-199220,2/17,0.058949548622827024,5.58426311621753,15.809458258631267,PANK4;PPCS,1.0
Reactome_2022,Collagen Formation R-HSA-1474290,5/90,0.060059666465917705,2.470715231861061,6.948680951462573,COL16A1;COL8A2;COL9A2;P3H1;PLOD1,1.0
Reactome_2022,MAPK6/MAPK4 Signaling R-HSA-5687128,5/90,0.060059666465917705,2.470715231861061,6.948680951462573,AGO1;AGO3;AGO4;CDC42;PSMB2,1.0
Reactome_2022,Transcriptional Regulation By VENTX R-HSA-8853884,3/39,0.06259895594730984,3.493906736690178,9.681638903776514,AGO1;AGO3;AGO4,1.0
Reactome_2022,RET Signaling R-HSA-8853659,3/40,0.06654649465310294,3.3993024569751875,9.211614746847934,ARTN;CLSTN1;RAP1GAP,1.0
Reactome_2022,Integrin Cell Surface Interactions R-HSA-216083,4/66,0.06875373628402917,2.707174581533362,7.247713297790431,AGRN;COL16A1;COL9A2;HSPG2,1.0
Reactome_2022,RUNX1 Regulates Genes Involved In Megakaryocyte Differentiation And Platelet Function R-HSA-8936459,4/66,0.06875373628402917,2.707174581533362,7.247713297790431,AGO1;AGO3;AGO4;HDAC1,1.0
Reactome_2022,Non-integrin membrane-ECM Interactions R-HSA-3000171,3/41,0.0706049941293943,3.309677349876775,8.772810825424399,AGRN;HSPG2;SDC3,1.0
Reactome_2022,Transcription Of E2F Targets Under Negative Control By DREAM Complex R-HSA-1362277,2/19,0.07190499718524561,4.9267860619094135,12.969318506701361,HDAC1;RBBP4,1.0
Reactome_2022,Aflatoxin Activation And Detoxification R-HSA-5423646,2/19,0.07190499718524561,4.9267860619094135,12.969318506701361,AKR7A2;AKR7A3,1.0
Reactome_2022,Metabolism Of Carbohydrates R-HSA-71387,11/285,0.0728544868455729,1.691753545613213,4.431195103614836,AGRN;AKR1A1;B3GALT6;B4GALT2;ENO1;GALE;HSPG2;SDC3;SLC2A1;SLC9A1;ST3GAL3,1.0
Reactome_2022,RNA Polymerase II Transcription R-HSA-73857,39/1312,0.07391533601062995,1.3039348414184315,3.3965350457980903,AGO1;AGO3;AGO4;ARID1A;ARTN;CITED4;DMAP1;ELOA;HDAC1;HIVEP3;INTS11;LSM10;MEAF6;MED8;MTOR;NFYC;NOC2L;PHC2;PINK1;PLK3;PRDX1;PSMB2;RBBP4;RRAGC;SCMH1;SESN2;SKI;SRRM1;SRSF4;SSU72;TAF12;TFAP2E;TNFRSF18;TP73;YBX1;ZFP69;ZNF436;ZNF684;ZNF691,1.0
Reactome_2022,RND1 GTPase Cycle R-HSA-9696273,3/42,0.07477221891510724,3.2246484021167428,8.362509296965117,EPHA2;PLEKHG5;UBXN11,1.0
Reactome_2022,RND3 GTPase Cycle R-HSA-9696264,3/42,0.07477221891510724,3.2246484021167428,8.362509296965117,EPHA2;PLEKHG5;UBXN11,1.0
Reactome_2022,G Beta:Gamma Signaling Thru CDC42 R-HSA-8964616,2/20,0.07869517998815657,4.652837289281031,11.828319055568086,CDC42;GNB1,1.0
Reactome_2022,SUMOylation Of Transcription Cofactors R-HSA-3899300,3/43,0.07904585847745309,3.143870901744712,7.978286411020664,PARK7;PHC2;SCMH1,1.0
Reactome_2022,Retinoid Metabolism And Transport R-HSA-975634,3/43,0.07904585847745309,3.143870901744712,7.978286411020664,AGRN;HSPG2;SDC3,1.0
Reactome_2022,RND2 GTPase Cycle R-HSA-9696270,3/43,0.07904585847745309,3.143870901744712,7.978286411020664,EPHA2;NUDC;UBXN11,1.0
Reactome_2022,Visual Phototransduction R-HSA-2187338,5/98,0.08011001140558627,2.257251630338744,5.6981031896464716,AGRN;DHRS3;GNB1;HSPG2;SDC3,1.0
Reactome_2022,Collagen Chain Trimerization R-HSA-8948216,3/44,0.0834235346776464,3.0670337672444883,7.617974591934587,COL16A1;COL8A2;COL9A2,1.0
Reactome_2022,TNFR2 Non-Canonical NF-kB Pathway R-HSA-5668541,5/100,0.08561784195158385,2.2095031931561206,5.430653017167279,PSMB2;TNFRSF14;TNFRSF18;TNFRSF1B;TNFRSF25,1.0
Reactome_2022,"Cobalamin (Cbl, Vitamin B12) Transport And Metabolism R-HSA-196741",2/21,0.08567603596076087,4.4077252295609,10.830583621938379,LDLRAP1;MMACHC,1.0
Reactome_2022,Regulation Of Complement Cascade R-HSA-977606,3/45,0.08790280886656499,2.993855543910941,7.279630169156194,C1QA;C1QB;C1QC,1.0
Reactome_2022,RHOC GTPase Cycle R-HSA-9013106,4/73,0.09174283601679924,2.4316591192577213,5.808664327744031,ARHGEF10L;DHDDS;MACO1;VAMP3,1.0
Reactome_2022,PINK1-PRKN Mediated Mitophagy R-HSA-5205685,2/22,0.09283496857616204,4.1871243758127825,9.952509471398136,MFN2;PINK1,1.0
Reactome_2022,RHOG GTPase Cycle R-HSA-9013408,4/74,0.09529241248232208,2.3967979791330487,5.634404885874408,ARHGEF16;CDC42;EPHA2;VAMP3,1.0
Reactome_2022,Miscellaneous Transport And Binding Events R-HSA-5223345,2/23,0.1001598641761258,3.9875331271835326,9.175264789447668,NIPAL3;SLC66A1,1.0
Reactome_2022,Factors Involved In Megakaryocyte Development And Platelet Production R-HSA-983231,6/136,0.100269173338864,1.938261697307023,4.457802216007206,CAPZB;CDC42;HDAC1;KDM1A;KIF1B;MFN2,1.0
Reactome_2022,Signaling By NOTCH3 R-HSA-9012852,3/49,0.10678536266787451,2.732959269417426,6.113450645975146,HEYL;MIB2;YBX1,1.0
Reactome_2022,mTORC1-mediated Signaling R-HSA-166208,2/24,0.10763907635005869,3.8060865375205775,8.48365854836922,MTOR;RRAGC,1.0
Reactome_2022,Chromatin Modifying Enzymes R-HSA-3247509,9/238,0.1078032224649021,1.6527955809106387,3.6815157614794773,ARID1A;DMAP1;HDAC1;KDM1A;KDM4A;MEAF6;PADI2;RBBP4;TAF12,1.0
Reactome_2022,Class I MHC Mediated Antigen Processing And Presentation R-HSA-983169,13/378,0.10859293804420772,1.5003522182972417,3.331005328286309,FBXO2;FBXO44;FBXO6;HECTD3;KLHL21;MIB2;PSMB2;RNF19B;RNF220;SPSB1;UBE2J2;UBR4;VAMP3,1.0
Reactome_2022,Pre-NOTCH Expression And Processing R-HSA-1912422,4/78,0.11011962369396046,2.266775348397782,5.000932608485307,AGO1;AGO3;AGO4;ST3GAL3,1.0
Reactome_2022,G Alpha (12/13) Signaling Events R-HSA-416482,4/78,0.11011962369396046,2.266775348397782,5.000932608485307,ARHGEF10L;ARHGEF16;GNB1;PLEKHG5,1.0
Reactome_2022,Diseases Of Base Excision Repair R-HSA-9605308,1/5,0.11166168122067735,10.453961237602543,22.9180277318776,MUTYH,1.0
Reactome_2022,N-glycan Trimming And Elongation In cis-Golgi R-HSA-964739,1/5,0.11166168122067735,10.453961237602543,22.9180277318776,MAN1C1,1.0
Reactome_2022,Estrogen-stimulated Signaling Thru PRKCZ R-HSA-9634635,1/5,0.11166168122067735,10.453961237602543,22.9180277318776,PRKCZ,1.0
Reactome_2022,Formation Of Xylulose-5-Phosphate R-HSA-5661270,1/5,0.11166168122067735,10.453961237602543,22.9180277318776,AKR1A1,1.0
Reactome_2022,Intestinal Absorption R-HSA-8963676,1/5,0.11166168122067735,10.453961237602543,22.9180277318776,SLC2A5,1.0
Reactome_2022,Chylomicron Clearance R-HSA-8964026,1/5,0.11166168122067735,10.453961237602543,22.9180277318776,LDLRAP1,1.0
Reactome_2022,NOTCH3 Activation And Transmission Of Signal To Nucleus R-HSA-9013507,2/25,0.11526141077816025,3.640417912176141,7.8653143600663356,MIB2;YBX1,1.0
Reactome_2022,Transcriptional Activity Of SMAD2/SMAD3:SMAD4 Heterotrimer R-HSA-2173793,3/51,0.11676945157200803,2.6188171493265133,5.624050687955386,HDAC1;SKI;YBX1,1.0
Reactome_2022,RHOD GTPase Cycle R-HSA-9013405,3/52,0.12188787886358855,2.565240235814452,5.398942308855889,CAPZB;EFHD2;VAMP3,1.0
Reactome_2022,Constitutive Signaling By AKT1 E17K In Cancer R-HSA-5674400,2/26,0.12301611052564837,3.4885550056104075,7.310057534564434,CASP9;MTOR,1.0
Reactome_2022,HDMs Demethylate Histones R-HSA-3214842,2/26,0.12301611052564837,3.4885550056104075,7.310057534564434,KDM1A;KDM4A,1.0
Reactome_2022,N-glycan Antennae Elongation In medial/trans-Golgi R-HSA-975576,2/26,0.12301611052564837,3.4885550056104075,7.310057534564434,B4GALT2;FUCA1,1.0
Reactome_2022,Synthesis Of IP3 And IP4 In Cytosol R-HSA-1855204,2/26,0.12301611052564837,3.4885550056104075,7.310057534564434,INPP5B;PLCH2,1.0
Reactome_2022,Translation R-HSA-72766,10/281,0.12510965678098113,1.5518296773597833,3.225578344312819,AURKAIP1;DDOST;DLGAP3;EIF2B3;EIF3I;MRPL20;MRPS15;RPL11;RPL22;RPS8,1.0
Reactome_2022,Mitochondrial Translation Termination R-HSA-5419276,4/82,0.12590538442661567,2.150088372096902,4.455465955253143,AURKAIP1;DLGAP3;MRPL20;MRPS15,1.0
Reactome_2022,Mitochondrial Translation Elongation R-HSA-5389840,4/82,0.12590538442661567,2.150088372096902,4.455465955253143,AURKAIP1;DLGAP3;MRPL20;MRPS15,1.0
Reactome_2022,Mitochondrial Translation Initiation R-HSA-5368286,4/82,0.12590538442661567,2.150088372096902,4.455465955253143,AURKAIP1;DLGAP3;MRPL20;MRPS15,1.0
Reactome_2022,Cellular Responses To Stress R-HSA-2262752,22/722,0.12591993821915373,1.327046735844564,2.7497854647905613,AGO1;AGO3;AGO4;ARTN;ATP6V0B;CAPZB;MTOR;MUL1;NFYC;PHC2;PRDX1;PSMB2;RBBP4;RPL11;RPL22;RPS6KA1;RPS8;RRAGC;SCMH1;SESN2;SZT2;ZBTB17,1.0
Reactome_2022,Major Pathway Of rRNA Processing In Nucleolus And Cytosol R-HSA-6791226,7/179,0.12784622690780986,1.7091257268110749,3.5155470069200407,EBNA1BP2;EXOSC10;NOL9;RPL11;RPL22;RPS8;UTP11,1.0
Reactome_2022,Macroautophagy R-HSA-1632852,5/114,0.12941360291536602,1.9243267472305439,3.9347512973692713,MFN2;MTOR;PARK7;PINK1;RRAGC,1.0
Reactome_2022,G0 And Early G1 R-HSA-1538133,2/27,0.13089284177532096,3.348841131569933,6.809454163419337,HDAC1;RBBP4,1.0
Reactome_2022,LDL Remodeling R-HSA-8964041,1/6,0.13245399595879806,8.36274072456658,16.905446744369815,TRNP1,1.0
Reactome_2022,Activation Of Caspases Thru Apoptosome-Mediated Cleavage R-HSA-111459,1/6,0.13245399595879806,8.36274072456658,16.905446744369815,CASP9,1.0
Reactome_2022,Sensory Perception Of Salty Taste R-HSA-9730628,1/6,0.13245399595879806,8.36274072456658,16.905446744369815,SCNN1D,1.0
Reactome_2022,Beta Oxidation Of decanoyl-CoA To octanoyl-CoA-CoA R-HSA-77346,1/6,0.13245399595879806,8.36274072456658,16.905446744369815,MECR,1.0
Reactome_2022,Synthesis Of Dolichyl-phosphate R-HSA-446199,1/6,0.13245399595879806,8.36274072456658,16.905446744369815,DHDDS,1.0
Reactome_2022,Sensing Of DNA Double Strand Breaks R-HSA-5693548,1/6,0.13245399595879806,8.36274072456658,16.905446744369815,ARTN,1.0
Reactome_2022,Cobalamin (Cbl) Metabolism R-HSA-9759218,1/6,0.13245399595879806,8.36274072456658,16.905446744369815,MMACHC,1.0
Reactome_2022,p75NTR Negatively Regulates Cell Cycle Via SC1 R-HSA-193670,1/6,0.13245399595879806,8.36274072456658,16.905446744369815,HDAC1,1.0
Reactome_2022,Cap-dependent Translation Initiation R-HSA-72737,5/116,0.13637337044578374,1.8894596142023201,3.764481459310259,EIF2B3;EIF3I;RPL11;RPL22;RPS8,1.0
Reactome_2022,ECM Proteoglycans R-HSA-3000178,3/55,0.13771618655910647,2.4168733983964366,4.791597324001952,AGRN;COL9A2;HSPG2,1.0
Reactome_2022,Complement Cascade R-HSA-166658,3/55,0.13771618655910647,2.4168733983964366,4.791597324001952,C1QA;C1QB;C1QC,1.0
Reactome_2022,Mitophagy R-HSA-5205647,2/28,0.13888167998605683,3.2198744786094946,6.356460243421053,MFN2;PINK1,1.0
Reactome_2022,Keratan Sulfate Biosynthesis R-HSA-2022854,2/28,0.13888167998605683,3.2198744786094946,6.356460243421053,B4GALT2;ST3GAL3,1.0
Reactome_2022,Interconversion Of Nucleotide Di- And Triphosphates R-HSA-499943,2/28,0.13888167998605683,3.2198744786094946,6.356460243421053,AK2;CTPS1,1.0
Reactome_2022,E3 Ubiquitin Ligases Ubiquitinate Target Proteins R-HSA-8866654,3/56,0.1431408846553335,2.3711502849783064,4.60934051421908,PEX10;PEX14;UBE2J2,1.0
Reactome_2022,Cellular Responses To Stimuli R-HSA-8953897,22/736,0.1444591332150241,1.3000590086092962,2.5153003819312953,AGO1;AGO3;AGO4;ARTN;ATP6V0B;CAPZB;MTOR;MUL1;NFYC;PHC2;PRDX1;PSMB2;RBBP4;RPL11;RPL22;RPS6KA1;RPS8;RRAGC;SCMH1;SESN2;SZT2;ZBTB17,1.0
Reactome_2022,RAC2 GTPase Cycle R-HSA-9013404,4/87,0.14688005884845073,2.020045657544716,3.874728259450748,CDC42;EPHA2;VAMP3;WASF2,1.0
Reactome_2022,Energy Dependent Regulation Of mTOR By LKB1-AMPK R-HSA-380972,2/29,0.14697309646520404,3.100460911053533,5.945151550793887,MTOR;RRAGC,1.0
Reactome_2022,Cristae Formation R-HSA-8949613,2/29,0.14697309646520404,3.100460911053533,5.945151550793887,DNAJC11;MICOS10,1.0
Reactome_2022,G1/S-Specific Transcription R-HSA-69205,2/29,0.14697309646520404,3.100460911053533,5.945151550793887,HDAC1;RBBP4,1.0
Reactome_2022,Estrogen-dependent Gene Expression R-HSA-9018519,5/119,0.14711590296613639,1.8394528049907886,3.5253748489281214,AGO1;AGO3;AGO4;HDAC1;KDM1A,1.0
Reactome_2022,NCAM Signaling For Neurite Out-Growth R-HSA-375165,3/57,0.1486353347416108,2.3271206202052914,4.436095535559808,AGRN;ARTN;COL9A2,1.0
Reactome_2022,NRAGE Signals Death Thru JNK R-HSA-193648,3/57,0.1486353347416108,2.3271206202052914,4.436095535559808,ARHGEF10L;ARHGEF16;PLEKHG5,1.0
Reactome_2022,SUMOylation Of Chromatin Organization Proteins R-HSA-4551638,3/57,0.1486353347416108,2.3271206202052914,4.436095535559808,HDAC1;PHC2;SCMH1,1.0
Reactome_2022,Mitochondrial Translation R-HSA-5368287,4/88,0.15122911428825134,1.99589486769931,3.7701641301623074,AURKAIP1;DLGAP3;MRPL20;MRPS15,1.0
Reactome_2022,Retinoid Cycle In Cones (Daylight Vision) R-HSA-2187335,1/7,0.15276066445391073,6.9685937158759375,13.093171339670779,DHRS3,1.0
Reactome_2022,RHOT2 GTPase Cycle R-HSA-9013419,1/7,0.15276066445391073,6.9685937158759375,13.093171339670779,MFN2,1.0
Reactome_2022,SMAC (DIABLO) Binds To IAPs R-HSA-111463,1/7,0.15276066445391073,6.9685937158759375,13.093171339670779,CASP9,1.0
Reactome_2022,Vitamin C (Ascorbate) Metabolism R-HSA-196836,1/7,0.15276066445391073,6.9685937158759375,13.093171339670779,SLC2A1,1.0
Reactome_2022,MECP2 Regulates Transcription Of Neuronal Ligands R-HSA-9022702,1/7,0.15276066445391073,6.9685937158759375,13.093171339670779,HDAC1,1.0
Reactome_2022,Inactivation Of CDC42 And RAC1 R-HSA-428543,1/7,0.15276066445391073,6.9685937158759375,13.093171339670779,CDC42,1.0
Reactome_2022,Aryl Hydrocarbon Receptor Signaling R-HSA-8937144,1/7,0.15276066445391073,6.9685937158759375,13.093171339670779,AURKAIP1,1.0
Reactome_2022,RSK Activation R-HSA-444257,1/7,0.15276066445391073,6.9685937158759375,13.093171339670779,RPS6KA1,1.0
Reactome_2022,CREB Phosphorylation R-HSA-199920,1/7,0.15276066445391073,6.9685937158759375,13.093171339670779,RPS6KA1,1.0
Reactome_2022,GLI Proteins Bind Promoters Of Hh Responsive Genes To Promote Transcription R-HSA-5635851,1/7,0.15276066445391073,6.9685937158759375,13.093171339670779,PTCH2,1.0
Reactome_2022,ESR-mediated Signaling R-HSA-8939211,7/188,0.15294475766498278,1.623386550157241,3.048197996122349,AGO1;AGO3;AGO4;GNB1;HDAC1;KDM1A;PRKCZ,1.0
Reactome_2022,Constitutive Signaling By NOTCH1 HD+PEST Domain Mutants R-HSA-2894862,3/58,0.15419681334698968,2.2846920341512957,4.271289980434708,HDAC1;HEYL;MIB2,1.0
Reactome_2022,RHO GTPase Cycle R-HSA-9012999,14/441,0.15496708788682453,1.379721209589444,2.572548862161474,ARHGEF10L;ARHGEF16;CAPZB;CDC42;DHDDS;EFHD2;EPHA2;MACO1;NUDC;PLEKHG5;SRRM1;UBXN11;VAMP3;WASF2,1.0
Reactome_2022,rRNA Processing In Nucleus And Cytosol R-HSA-8868773,7/189,0.15586638566236366,1.6143834131703916,3.0007450830048072,EBNA1BP2;EXOSC10;NOL9;RPL11;RPL22;RPS8;UTP11,1.0
Reactome_2022,Signaling By Nuclear Receptors R-HSA-9006931,9/260,0.1577845509443736,1.5062104202745608,2.7812548621051913,AGO1;AGO3;AGO4;DHRS3;GNB1;HDAC1;KDM1A;KDM4A;PRKCZ,1.0
Reactome_2022,Regulation Of TP53 Activity Thru Phosphorylation R-HSA-6804756,4/90,0.16007172535040967,1.949278226834922,3.571337512839733,ARTN;NOC2L;PLK3;TAF12,1.0
Reactome_2022,Downregulation Of SMAD2/3:SMAD4 Transcriptional Activity R-HSA-2173795,2/31,0.1634274509385005,2.8863400312980163,5.228276247972784,HDAC1;SKI,1.0
Reactome_2022,Nicotinate Metabolism R-HSA-196807,2/31,0.1634274509385005,2.8863400312980163,5.228276247972784,NADK;NMNAT1,1.0
Reactome_2022,Signaling By TGF-beta Receptor Complex R-HSA-170834,4/91,0.16456281917392074,1.926773641590045,3.4767915571810097,HDAC1;PRKCZ;SKI;YBX1,1.0
Reactome_2022,HDACs Deacetylate Histones R-HSA-3214815,3/60,0.16551000173190178,2.204301028996356,3.9649283982305485,HDAC1;KDM1A;RBBP4,1.0
Reactome_2022,FCGR3A-mediated Phagocytosis R-HSA-9664422,3/60,0.16551000173190178,2.204301028996356,3.9649283982305485,CDC42;FGR;WASF2,1.0
Reactome_2022,Recruitment And ATM-mediated Phosphorylation Of Repair And Signal Proteins At DNA Double Strand Breaks R-HSA-5693565,3/60,0.16551000173190178,2.204301028996356,3.9649283982305485,ARTN;EYA3;KDM4A,1.0
Reactome_2022,Selective Autophagy R-HSA-9663891,3/61,0.17125631299991792,2.1661846041384107,3.8224362216714627,MFN2;PARK7;PINK1,1.0
Reactome_2022,DNA Double Strand Break Response R-HSA-5693606,3/61,0.17125631299991792,2.1661846041384107,3.8224362216714627,ARTN;EYA3;KDM4A,1.0
Reactome_2022,G-protein Beta:Gamma Signaling R-HSA-397795,2/32,0.17177319550328343,2.7899856354080335,4.9147837413285504,CDC42;GNB1,1.0
Reactome_2022,Synthesis Of Ketone Bodies R-HSA-77111,1/8,0.1725930062253092,5.972774423954051,10.493083717848416,HMGCL,1.0
Reactome_2022,Sodium/Proton Exchangers R-HSA-425986,1/8,0.1725930062253092,5.972774423954051,10.493083717848416,SLC9A1,1.0
Reactome_2022,Role Of ABL In ROBO-SLIT Signaling R-HSA-428890,1/8,0.1725930062253092,5.972774423954051,10.493083717848416,CAP1,1.0
Reactome_2022,Noncanonical Activation Of NOTCH3 R-HSA-9017802,1/8,0.1725930062253092,5.972774423954051,10.493083717848416,YBX1,1.0
Reactome_2022,Recycling Of eIF2:GDP R-HSA-72731,1/8,0.1725930062253092,5.972774423954051,10.493083717848416,EIF2B3,1.0
Reactome_2022,Synthesis Of diphthamide-EEF2 R-HSA-5358493,1/8,0.1725930062253092,5.972774423954051,10.493083717848416,DPH2,1.0
Reactome_2022,Miro GTPase Cycle R-HSA-9715370,1/8,0.1725930062253092,5.972774423954051,10.493083717848416,MFN2,1.0
Reactome_2022,Linoleic Acid (LA) Metabolism R-HSA-2046105,1/8,0.1725930062253092,5.972774423954051,10.493083717848416,ELOVL1,1.0
Reactome_2022,Defective ST3GAL3 Causes MCT12 And EIEE15 R-HSA-3656243,1/8,0.1725930062253092,5.972774423954051,10.493083717848416,ST3GAL3,1.0
Reactome_2022,"SMAC, XIAP-regulated Apoptotic Response R-HSA-111469",1/8,0.1725930062253092,5.972774423954051,10.493083717848416,CASP9,1.0
Reactome_2022,Transport Of RCbl Within Body R-HSA-9758890,1/8,0.1725930062253092,5.972774423954051,10.493083717848416,LDLRAP1,1.0
Reactome_2022,VEGFA-VEGFR2 Pathway R-HSA-4420097,4/93,0.1736783552906933,1.8832816341505072,3.2967790850575924,CDC42;MTOR;PRKCZ;WASF2,1.0
Reactome_2022,RAC3 GTPase Cycle R-HSA-9013423,4/93,0.1736783552906933,1.8832816341505072,3.2967790850575924,CDC42;EPHA2;VAMP3;WASF2,1.0
Reactome_2022,Pre-NOTCH Transcription And Translation R-HSA-1912408,3/62,0.17705886128373804,2.1293602614790395,3.6865040388368167,AGO1;AGO3;AGO4,1.0
Reactome_2022,Signaling By BRAF And RAF1 Fusions R-HSA-6802952,3/62,0.17705886128373804,2.1293602614790395,3.6865040388368167,AGTRAP;CLCN6;CNKSR1,1.0
Reactome_2022,Generic Transcription Pathway R-HSA-212436,33/1190,0.17741328623481928,1.204810273081086,2.083446258117932,AGO1;AGO3;AGO4;ARID1A;ARTN;CITED4;ELOA;HDAC1;HIVEP3;MEAF6;MED8;MTOR;NFYC;NOC2L;PHC2;PINK1;PLK3;PRDX1;PSMB2;RBBP4;RRAGC;SCMH1;SESN2;SKI;TAF12;TFAP2E;TNFRSF18;TP73;YBX1;ZFP69;ZNF436;ZNF684;ZNF691,1.0
Reactome_2022,Keratan Sulfate/Keratin Metabolism R-HSA-1638074,2/33,0.18018710733653384,2.6998476521561146,4.62688951594276,B4GALT2;ST3GAL3,1.0
Reactome_2022,Autophagy R-HSA-9612973,5/128,0.1813583233943542,1.7040685166376184,2.9093229788606148,MFN2;MTOR;PARK7;PINK1;RRAGC,1.0
Reactome_2022,Peroxisomal Protein Import R-HSA-9033241,3/63,0.1829149881180168,2.0937633969083143,3.5567466094017854,HMGCL;PEX10;PEX14,1.0
Reactome_2022,P75 NTR Receptor-Mediated Signaling R-HSA-193704,4/95,0.1829632930407117,1.8417013633017183,3.1280740186258686,ARHGEF10L;ARHGEF16;HDAC1;PLEKHG5,1.0
Reactome_2022,rRNA Processing R-HSA-72312,7/199,0.18643921373061906,1.529510090533946,2.5690416614434506,EBNA1BP2;EXOSC10;NOL9;RPL11;RPL22;RPS8;UTP11,1.0
Reactome_2022,CD28 Co-Stimulation R-HSA-389356,2/34,0.18866144925661946,2.6153432928574403,4.361872535639919,CDC42;MTOR,1.0
Reactome_2022,Chylomicron Assembly R-HSA-8963888,1/9,0.19196207750814998,5.225909955012635,8.625141963099349,TRNP1,1.0
Reactome_2022,Displacement Of DNA Glycosylase By APEX1 R-HSA-110357,1/9,0.19196207750814998,5.225909955012635,8.625141963099349,MUTYH,1.0
Reactome_2022,Activation Of PUMA And Translocation To Mitochondria R-HSA-139915,1/9,0.19196207750814998,5.225909955012635,8.625141963099349,TP73,1.0
Reactome_2022,Serine Biosynthesis R-HSA-977347,1/9,0.19196207750814998,5.225909955012635,8.625141963099349,SERINC2,1.0
Reactome_2022,tRNA Modification In Mitochondrion R-HSA-6787450,1/9,0.19196207750814998,5.225909955012635,8.625141963099349,TRIT1,1.0
Reactome_2022,ATF6 (ATF6-alpha) Activates Chaperone Genes R-HSA-381183,1/9,0.19196207750814998,5.225909955012635,8.625141963099349,NFYC,1.0
Reactome_2022,Maturation Of Protein 3A R-HSA-9683673,1/9,0.19196207750814998,5.225909955012635,8.625141963099349,ST3GAL3,1.0
Reactome_2022,Neddylation R-HSA-8951664,8/237,0.19292663813195068,1.4659578196597363,2.4121533686533367,FBXO2;FBXO44;FBXO6;KLHL21;MUL1;PSMB2;SPSB1;WDTC1,1.0
Reactome_2022,FOXO-mediated Transcription R-HSA-9614085,3/65,0.19477744913917092,2.0260145256285464,3.314352418861605,HDAC1;NFYC;PINK1,1.0
Reactome_2022,Formation Of A Pool Of Free 40S Subunits R-HSA-72689,4/98,0.1971860905107539,1.7826485318303003,2.894321301951773,EIF3I;RPL11;RPL22;RPS8,1.0
Reactome_2022,Gene And Protein Expression By JAK-STAT Signaling After Interleukin-12 Stimulation R-HSA-8950505,2/35,0.1971888074215857,2.535960409879898,4.117369080991197,AURKAIP1;CDC42,1.0
Reactome_2022,Gene Expression (Transcription) R-HSA-74160,39/1449,0.20133834416980362,1.1684074524549175,1.8726866386535193,AGO1;AGO3;AGO4;ARID1A;ARTN;CITED4;DMAP1;ELOA;HDAC1;HIVEP3;INTS11;LSM10;MEAF6;MED8;MTOR;NFYC;NOC2L;PHC2;PINK1;PLK3;PRDX1;PSMB2;RBBP4;RRAGC;SCMH1;SESN2;SKI;SRRM1;SRSF4;SSU72;TAF12;TFAP2E;TNFRSF18;TP73;YBX1;ZFP69;ZNF436;ZNF684;ZNF691,1.0
Reactome_2022,SMAD2/SMAD3:SMAD4 Heterotrimer Regulates Transcription R-HSA-2173796,2/36,0.205762080487766,2.4612471082539753,3.8913171492594527,HDAC1;YBX1,1.0
Reactome_2022,Mitochondrial Fatty Acid Beta-Oxidation R-HSA-77289,2/36,0.205762080487766,2.4612471082539753,3.8913171492594527,ACOT7;MECR,1.0
Reactome_2022,Transcriptional Regulation By AP-2 (TFAP2) Family Of Transcription Factors R-HSA-8864260,2/36,0.205762080487766,2.4612471082539753,3.8913171492594527,CITED4;TFAP2E,1.0
Reactome_2022,RHO GTPases Activate WASPs And WAVEs R-HSA-5663213,2/36,0.205762080487766,2.4612471082539753,3.8913171492594527,CDC42;WASF2,1.0
Reactome_2022,RNA Polymerase II Transcription Termination R-HSA-73856,3/67,0.20682287994698065,1.9624999588037646,3.09268897501578,LSM10;SRRM1;SRSF4,1.0
Reactome_2022,KEAP1-NFE2L2 Pathway R-HSA-9755511,4/100,0.2068499666272544,1.7453304230532234,2.7502245681766864,MUL1;PRDX1;PSMB2;SESN2,1.0
Reactome_2022,Stimuli-sensing Channels R-HSA-2672351,4/100,0.2068499666272544,1.7453304230532234,2.7502245681766864,BEST4;CLCN6;CLCNKA;SCNN1D,1.0
Reactome_2022,Nervous System Development R-HSA-9675108,16/545,0.21000053234442634,1.2715927256021315,1.9845051004709688,AGRN;ARTN;CAP1;CDC42;CLSTN1;COL9A2;EPHA2;EPHB2;LYPLA2;POU3F1;PSMB2;RAP1GAP;RPL11;RPL22;RPS6KA1;RPS8,1.0
Reactome_2022,STAT3 Nuclear Events Downstream Of ALK Signaling R-HSA-9701898,1/10,0.21087867736439467,4.645015368058201,7.229837751923362,HDAC1,1.0
Reactome_2022,Caspase Activation Via Dependence Receptors In Absence Of Ligand R-HSA-418889,1/10,0.21087867736439467,4.645015368058201,7.229837751923362,CASP9,1.0
Reactome_2022,RUNX1 And FOXP3 Control Development Of Regulatory T Lymphocytes (Tregs) R-HSA-8877330,1/10,0.21087867736439467,4.645015368058201,7.229837751923362,TNFRSF18,1.0
Reactome_2022,Negative Regulation Of Activity Of TFAP2 (AP-2) Family Transcription Factors R-HSA-8866904,1/10,0.21087867736439467,4.645015368058201,7.229837751923362,TFAP2E,1.0
Reactome_2022,SLBP Independent Processing Of Histone Pre-mRNAs R-HSA-111367,1/10,0.21087867736439467,4.645015368058201,7.229837751923362,LSM10,1.0
Reactome_2022,Urea Cycle R-HSA-70635,1/10,0.21087867736439467,4.645015368058201,7.229837751923362,TINAGL1,1.0
Reactome_2022,Reactions Specific To Complex N-glycan Synthesis Pathway R-HSA-975578,1/10,0.21087867736439467,4.645015368058201,7.229837751923362,FUCA1,1.0
Reactome_2022,RHO GTPases Activate KTN1 R-HSA-5625970,1/10,0.21087867736439467,4.645015368058201,7.229837751923362,CDC42,1.0
Reactome_2022,Costimulation By CD28 Family R-HSA-388841,3/68,0.21290781917753837,1.932208396164253,2.988925402018553,CDC42;MTOR;TNFRSF14,1.0
Reactome_2022,RHOV GTPase Cycle R-HSA-9013424,2/37,0.21437446909697358,2.3908031381495345,3.6819107984149957,CDC42;EPHA2,1.0
Reactome_2022,Fatty acyl-CoA Biosynthesis R-HSA-75105,2/37,0.21437446909697358,2.3908031381495345,3.6819107984149957,ELOVL1;PPT1,1.0
Reactome_2022,Signaling By VEGF R-HSA-194138,4/102,0.21664749239350214,1.7095355023894971,2.614706694574183,CDC42;MTOR;PRKCZ;WASF2,1.0
Reactome_2022,RHOB GTPase Cycle R-HSA-9013026,3/69,0.21903089127120698,1.9028347596653328,2.889535458890186,ARHGEF10L;DHDDS;VAMP3,1.0
Reactome_2022,Diseases Of Metabolism R-HSA-5668914,8/247,0.2233444390762272,1.4038930027714729,2.1044919483903324,AGRN;B3GALT6;DHDDS;GALE;HSPG2;MMACHC;SDC3;ST3GAL3,1.0
Reactome_2022,Ion Channel Transport R-HSA-983712,6/175,0.22749884385488153,1.4879735334578847,2.203108675740016,ATP13A2;ATP6V0B;BEST4;CLCN6;CLCNKA;SCNN1D,1.0
Reactome_2022,ATF6 (ATF6-alpha) Activates Chaperones R-HSA-381033,1/11,0.22935335365221174,4.180299698494653,6.155455504379367,NFYC,1.0
Reactome_2022,Mitochondrial Fatty Acid Beta-Oxidation Of Saturated Fatty Acids R-HSA-77286,1/11,0.22935335365221174,4.180299698494653,6.155455504379367,MECR,1.0
Reactome_2022,RHO GTPases Activate IQGAPs R-HSA-5626467,1/11,0.22935335365221174,4.180299698494653,6.155455504379367,CDC42,1.0
Reactome_2022,Activation Of Phototransduction Cascade R-HSA-2485179,1/11,0.22935335365221174,4.180299698494653,6.155455504379367,GNB1,1.0
Reactome_2022,Formation Of Apoptosome R-HSA-111458,1/11,0.22935335365221174,4.180299698494653,6.155455504379367,CASP9,1.0
Reactome_2022,SLBP Dependent Processing Of Replication-Dependent Histone Pre-mRNAs R-HSA-77588,1/11,0.22935335365221174,4.180299698494653,6.155455504379367,LSM10,1.0
Reactome_2022,Translesion Synthesis By Y Family DNA Polymerases Bypasses Lesions On DNA Template R-HSA-110313,2/39,0.23169084458751643,2.261338544444075,3.3068715013270515,ISG15;MAD2L2,1.0
Reactome_2022,RHOU GTPase Cycle R-HSA-9013420,2/39,0.23169084458751643,2.261338544444075,3.3068715013270515,CDC42;EPHA2,1.0
Reactome_2022,Axon Guidance R-HSA-422475,15/519,0.23684664941844663,1.2501313721982985,1.8006172161228562,AGRN;ARTN;CAP1;CDC42;CLSTN1;COL9A2;EPHA2;EPHB2;LYPLA2;PSMB2;RAP1GAP;RPL11;RPL22;RPS6KA1;RPS8,1.0
Reactome_2022,Beta-catenin Independent WNT Signaling R-HSA-3858494,5/142,0.2396261072720366,1.5288265667498164,2.1841969935786505,AGO1;AGO3;AGO4;GNB1;PSMB2,1.0
Reactome_2022,Collagen Degradation R-HSA-1442490,2/40,0.2403826524788012,2.2017166920797187,3.138598312443881,COL16A1;COL9A2,1.0
Reactome_2022,SRP-dependent Cotranslational Protein Targeting To Membrane R-HSA-1799339,4/108,0.24673985071830248,1.6104111067053308,2.2536426919489316,DDOST;RPL11;RPL22;RPS8,1.0
Reactome_2022,L13a-mediated Translational Silencing Of Ceruloplasmin Expression R-HSA-156827,4/108,0.24673985071830248,1.6104111067053308,2.2536426919489316,EIF3I;RPL11;RPL22;RPS8,1.0
Reactome_2022,TP53 Regulates Transcription Of Caspase Activators And Caspases R-HSA-6803207,1/12,0.24739640885711267,3.8000777870335694,5.307809321792726,TP73,1.0
Reactome_2022,CD28 Dependent Vav1 Pathway R-HSA-389359,1/12,0.24739640885711267,3.8000777870335694,5.307809321792726,CDC42,1.0
Reactome_2022,Vitamin D (Calciferol) Metabolism R-HSA-196791,1/12,0.24739640885711267,3.8000777870335694,5.307809321792726,LDLRAP1,1.0
Reactome_2022,Hyaluronan Uptake And Degradation R-HSA-2160916,1/12,0.24739640885711267,3.8000777870335694,5.307809321792726,SLC9A1,1.0
Reactome_2022,Erythropoietin Activates Phosphoinositide-3-kinase (PI3K) R-HSA-9027276,1/12,0.24739640885711267,3.8000777870335694,5.307809321792726,CLSTN1,1.0
Reactome_2022,Disorders Of Developmental Biology R-HSA-9675151,1/12,0.24739640885711267,3.8000777870335694,5.307809321792726,HDAC1,1.0
Reactome_2022,HDR Thru MMEJ (alt-NHEJ) R-HSA-5685939,1/12,0.24739640885711267,3.8000777870335694,5.307809321792726,ARTN,1.0
Reactome_2022,TP53 Regulates Transcription Of Death Receptors And Ligands R-HSA-6803211,1/12,0.24739640885711267,3.8000777870335694,5.307809321792726,TP73,1.0
Reactome_2022,MTOR Signaling R-HSA-165159,2/41,0.24908919906082208,2.1451523706058424,2.9816421331934007,MTOR;RRAGC,1.0
Reactome_2022,"Cell Death Signaling Via NRAGE, NRIF And NADE R-HSA-204998",3/74,0.25013286169415294,1.768377972874501,2.450552862989093,ARHGEF10L;ARHGEF16;PLEKHG5,1.0
Reactome_2022,Signaling By NOTCH1 R-HSA-1980143,3/74,0.25013286169415294,1.768377972874501,2.450552862989093,HDAC1;HEYL;MIB2,1.0
Reactome_2022,GTP Hydrolysis And Joining Of 60S Ribosomal Subunit R-HSA-72706,4/109,0.2518440035047437,1.5949917562655715,2.1994065722359126,EIF3I;RPL11;RPL22;RPS8,1.0
Reactome_2022,Deactivation Of Beta-Catenin Transactivating Complex R-HSA-3769402,2/42,0.2578050480681079,2.09141626520566,2.835022679903944,CTNNBIP1;HDAC1,1.0
Reactome_2022,"Gamma Carboxylation, Hypusine Formation And Arylsulfatase Activation R-HSA-163841",2/42,0.2578050480681079,2.09141626520566,2.835022679903944,DPH2;ICMT,1.0
Reactome_2022,RHOF GTPase Cycle R-HSA-9035034,2/42,0.2578050480681079,2.09141626520566,2.835022679903944,CAPZB;VAMP3,1.0
Reactome_2022,RHOA GTPase Cycle R-HSA-8980692,5/147,0.2615735415759125,1.4746143941235599,1.9775165999571018,ARHGEF10L;DHDDS;MACO1;PLEKHG5;VAMP3,1.0
Reactome_2022,Protein Ubiquitination R-HSA-8852135,3/76,0.26275666708194634,1.7197525047748028,2.298495475900564,PEX10;PEX14;UBE2J2,1.0
Reactome_2022,Alpha-Linolenic (Omega3) And Linoleic (Omega6) Acid Metabolism R-HSA-2046104,1/13,0.2650179057880147,3.4832261941493323,4.625577694173153,ELOVL1,1.0
Reactome_2022,Advanced Glycosylation Endproduct Receptor Signaling R-HSA-879415,1/13,0.2650179057880147,3.4832261941493323,4.625577694173153,DDOST,1.0
Reactome_2022,Glutamate And Glutamine Metabolism R-HSA-8964539,1/13,0.2650179057880147,3.4832261941493323,4.625577694173153,RIMKLA,1.0
Reactome_2022,FCGR Activation R-HSA-2029481,1/13,0.2650179057880147,3.4832261941493323,4.625577694173153,FGR,1.0
Reactome_2022,Cytochrome C-Mediated Apoptotic Response R-HSA-111461,1/13,0.2650179057880147,3.4832261941493323,4.625577694173153,CASP9,1.0
Reactome_2022,Defects In Cobalamin (B12) Metabolism R-HSA-3296469,1/13,0.2650179057880147,3.4832261941493323,4.625577694173153,MMACHC,1.0
Reactome_2022,Nonsense Mediated Decay (NMD) Enhanced By Exon Junction Complex (EJC) R-HSA-975957,4/112,0.26728366145553545,1.5504469661062674,2.045729159315705,PNRC2;RPL11;RPL22;RPS8,1.0
Reactome_2022,Interleukin-12 Signaling R-HSA-9020591,2/44,0.27524412633872103,1.9916206408910349,2.5693835012191477,AURKAIP1;CDC42,1.0
Reactome_2022,Oncogenic MAPK Signaling R-HSA-6802957,3/78,0.27545784000354884,1.6737203949737551,2.1579623394348553,AGTRAP;CLCN6;CNKSR1,1.0
Reactome_2022,AKT Phosphorylates Targets In Cytosol R-HSA-198323,1/14,0.2822276731413549,3.2151210001703627,4.067260471009814,CASP9,1.0
Reactome_2022,Repression Of WNT Target Genes R-HSA-4641265,1/14,0.2822276731413549,3.2151210001703627,4.067260471009814,HDAC1,1.0
Reactome_2022,Heme Biosynthesis R-HSA-189451,1/14,0.2822276731413549,3.2151210001703627,4.067260471009814,UROD,1.0
Reactome_2022,DCC Mediated Attractive Signaling R-HSA-418885,1/14,0.2822276731413549,3.2151210001703627,4.067260471009814,CDC42,1.0
Reactome_2022,Regulation Of TP53 Activity Thru Association With Co-factors R-HSA-6804759,1/14,0.2822276731413549,3.2151210001703627,4.067260471009814,TP73,1.0
Reactome_2022,"Synthesis Of IP2, IP, And Ins In Cytosol R-HSA-1855183",1/14,0.2822276731413549,3.2151210001703627,4.067260471009814,INPP5B,1.0
Reactome_2022,TP53 Regulates Transcription Of Additional Cell Death Genes With Uncertain Roles In P53-Dependent Apoptosis R-HSA-6803205,1/14,0.2822276731413549,3.2151210001703627,4.067260471009814,TP73,1.0
Reactome_2022,ERCC6 (CSB) And EHMT2 (G9a) Positively Regulate rRNA Expression R-HSA-427389,2/45,0.2839576759885888,1.9452040714423722,2.4488759175416805,HDAC1;RBBP4,1.0
Reactome_2022,"Signaling By Rho GTPases, Miro GTPases And RHOBTB3 R-HSA-9716542",18/660,0.2857344075360114,1.1769470149671175,1.4743527510375267,ARHGEF10L;ARHGEF16;CAPZB;CDC42;DHDDS;EFHD2;EPHA2;KDM1A;MACO1;MFN2;NUDC;PLEKHG5;PRKCZ;RCC2;SRRM1;UBXN11;VAMP3;WASF2,1.0
Reactome_2022,PPARA Activates Gene Expression R-HSA-1989781,4/116,0.28812113656726585,1.494765978407137,1.860048329476676,MED18;MED8;NFYC;THRAP3,1.0
Reactome_2022,RNA Polymerase II Pre-transcription Events R-HSA-674695,3/80,0.28821909731725404,1.6300795636039307,2.0278749434591257,DMAP1;ELOA;TAF12,1.0
Reactome_2022,RNA Polymerase I Transcription Initiation R-HSA-73762,2/46,0.2926611526869349,1.9008973460595577,2.3357082527040185,HDAC1;RBBP4,1.0
Reactome_2022,Regulation Of Lipid Metabolism By PPARalpha R-HSA-400206,4/118,0.2986260530488925,1.468390773707549,1.774642974522838,MED18;MED8;NFYC;THRAP3,1.0
Reactome_2022,N-Glycan Antennae Elongation R-HSA-975577,1/15,0.2990353109363035,2.9853165481883885,3.6038550780774647,B4GALT2,1.0
Reactome_2022,Constitutive Signaling By NOTCH1 HD Domain Mutants R-HSA-2691232,1/15,0.2990353109363035,2.9853165481883885,3.6038550780774647,MIB2,1.0
Reactome_2022,Synthesis Of Prostaglandins (PG) And Thromboxanes (TX) R-HSA-2162123,1/15,0.2990353109363035,2.9853165481883885,3.6038550780774647,PRXL2B,1.0
Reactome_2022,SUMOylation Of RNA Binding Proteins R-HSA-4570464,2/47,0.30135026462136144,1.8585598084715351,2.229309075091773,PHC2;SCMH1,1.0
Reactome_2022,Sensory Perception Of Taste R-HSA-9717189,2/47,0.30135026462136144,1.8585598084715351,2.229309075091773,GNB1;SCNN1D,1.0
Reactome_2022,Signaling By TGFB Family Members R-HSA-9006936,4/119,0.3038959713126408,1.4555471957668802,1.7336583594161403,HDAC1;PRKCZ;SKI;YBX1,1.0
Reactome_2022,Platelet Homeostasis R-HSA-418346,3/83,0.30743743618237573,1.5687096444901154,1.8502674117940785,FGR;GNB1;PAFAH2,1.0
Reactome_2022,DNA Damage Bypass R-HSA-73893,2/48,0.31002092550106997,1.8180630333873393,2.129161765951265,ISG15;MAD2L2,1.0
Reactome_2022,NOTCH1 Intracellular Domain Regulates Transcription R-HSA-2122947,2/48,0.31002092550106997,1.8180630333873393,2.129161765951265,HDAC1;HEYL,1.0
Reactome_2022,Inositol Phosphate Metabolism R-HSA-1483249,2/48,0.31002092550106997,1.8180630333873393,2.129161765951265,INPP5B;PLCH2,1.0
Reactome_2022,Transcriptional Regulation Of White Adipocyte Differentiation R-HSA-381340,3/84,0.31385599270416004,1.5492632092153673,1.7953187727145286,MED18;MED8;THRAP3,1.0
Reactome_2022,TGF-beta Receptor Signaling In EMT (Epithelial To Mesenchymal Transition) R-HSA-2173791,1/16,0.31545019582405986,2.786152689804011,3.214536112688281,PRKCZ,1.0
Reactome_2022,Translesion Synthesis By REV1 R-HSA-110312,1/16,0.31545019582405986,2.786152689804011,3.214536112688281,MAD2L2,1.0
Reactome_2022,Cell-extracellular Matrix Interactions R-HSA-446353,1/16,0.31545019582405986,2.786152689804011,3.214536112688281,FBLIM1,1.0
Reactome_2022,Gap Junction Assembly R-HSA-190861,1/16,0.31545019582405986,2.786152689804011,3.214536112688281,GJB3,1.0
Reactome_2022,Hyaluronan Metabolism R-HSA-2142845,1/16,0.31545019582405986,2.786152689804011,3.214536112688281,SLC9A1,1.0
Reactome_2022,Rap1 Signaling R-HSA-392517,1/16,0.31545019582405986,2.786152689804011,3.214536112688281,RAP1GAP,1.0
Reactome_2022,Signaling By NTRK3 (TRKC) R-HSA-9034015,1/16,0.31545019582405986,2.786152689804011,3.214536112688281,PTPRU,1.0
Reactome_2022,Polo-like Kinase Mediated Events R-HSA-156711,1/16,0.31545019582405986,2.786152689804011,3.214536112688281,RBBP4,1.0
Reactome_2022,Plasma Lipoprotein Assembly R-HSA-8963898,1/16,0.31545019582405986,2.786152689804011,3.214536112688281,TRNP1,1.0
Reactome_2022,mRNA Splicing - Minor Pathway R-HSA-72165,2/49,0.3186692473237589,1.7792895253280032,2.034798270336235,SNRNP40;YBX1,1.0
Reactome_2022,EPH-ephrin Mediated Repulsion Of Cells R-HSA-3928665,2/49,0.3186692473237589,1.7792895253280032,2.034798270336235,EPHA2;EPHB2,1.0
Reactome_2022,Peptide Chain Elongation R-HSA-156902,3/86,0.3267003589772552,1.5117761050712746,1.691241860793228,RPL11;RPL22;RPS8,1.0
Reactome_2022,"Formation Of Ternary Complex, And Subsequently, 43S Complex R-HSA-72695",2/50,0.32729153336731553,1.7421315801044726,1.9457936709739359,EIF3I;RPS8,1.0
Reactome_2022,Translesion Synthesis By POLK R-HSA-5655862,1/17,0.3314814862741369,2.611884313717681,2.883999091042015,MAD2L2,1.0
Reactome_2022,Gastrin-CREB Signaling Pathway Via PKC And MAPK R-HSA-881907,1/17,0.3314814862741369,2.611884313717681,2.883999091042015,RPS6KA1,1.0
Reactome_2022,Platelet Sensitization By LDL R-HSA-432142,1/17,0.3314814862741369,2.611884313717681,2.883999091042015,FGR,1.0
Reactome_2022,Metabolism Of Folate And Pterines R-HSA-196757,1/17,0.3314814862741369,2.611884313717681,2.883999091042015,MTHFR,1.0
Reactome_2022,Translesion Synthesis By POLI R-HSA-5656121,1/17,0.3314814862741369,2.611884313717681,2.883999091042015,MAD2L2,1.0
Reactome_2022,Fcgamma Receptor (FCGR) Dependent Phagocytosis R-HSA-2029480,3/87,0.33312251255328407,1.4937019655732298,1.6419443440999337,CDC42;FGR;WASF2,1.0
Reactome_2022,Diseases Of DNA Repair R-HSA-9675135,2/51,0.33588427139977683,1.7064902857063924,1.8617614625739682,ARTN;MUTYH,1.0
Reactome_2022,Transport To Golgi And Subsequent Modification R-HSA-948021,5/164,0.33893293564212024,1.3157965953228659,1.4236301015111685,B4GALT2;CAPZB;FUCA1;MAN1C1;TRAPPC3,1.0
Reactome_2022,Protein-protein Interactions At Synapses R-HSA-6794362,3/88,0.3395422795508734,1.476053099945727,1.5943688004146948,DLGAP3;EPB41;PTPRF,1.0
Reactome_2022,Signaling By Rho GTPases R-HSA-194315,17/644,0.33996025810728725,1.1365315886509402,1.2262341128688379,ARHGEF10L;ARHGEF16;CAPZB;CDC42;DHDDS;EFHD2;EPHA2;KDM1A;MACO1;NUDC;PLEKHG5;PRKCZ;RCC2;SRRM1;UBXN11;VAMP3;WASF2,1.0
Reactome_2022,Asparagine N-linked Glycosylation R-HSA-446203,8/282,0.3405777487485502,1.2223420876767905,1.3165991381707054,B4GALT2;CAPZB;DDOST;DHDDS;FUCA1;MAN1C1;ST3GAL3;TRAPPC3,1.0
Reactome_2022,Apoptotic Execution Phase R-HSA-75153,2/52,0.3444441271012242,1.6722746430842352,1.7823494243614566,DFFA;DFFB,1.0
Reactome_2022,G Beta:Gamma Signaling Thru BTK R-HSA-8964315,1/18,0.34713812764048363,2.45811809952386,2.6007688771609705,GNB1,1.0
Reactome_2022,Pre-NOTCH Processing In Golgi R-HSA-1912420,1/18,0.34713812764048363,2.45811809952386,2.6007688771609705,ST3GAL3,1.0
Reactome_2022,Ephrin Signaling R-HSA-3928664,1/18,0.34713812764048363,2.45811809952386,2.6007688771609705,EPHB2,1.0
Reactome_2022,VEGFR2 Mediated Cell Proliferation R-HSA-5218921,1/18,0.34713812764048363,2.45811809952386,2.6007688771609705,PRKCZ,1.0
Reactome_2022,Synthesis Of Glycosylphosphatidylinositol (GPI) R-HSA-162710,1/18,0.34713812764048363,2.45811809952386,2.6007688771609705,PIGV,1.0
Reactome_2022,MECP2 Regulates Neuronal Receptors And Channels R-HSA-9022699,1/18,0.34713812764048363,2.45811809952386,2.6007688771609705,HDAC1,1.0
Reactome_2022,Lewis Blood Group Biosynthesis R-HSA-9037629,1/18,0.34713812764048363,2.45811809952386,2.6007688771609705,ST3GAL3,1.0
Reactome_2022,LDL Clearance R-HSA-8964038,1/18,0.34713812764048363,2.45811809952386,2.6007688771609705,LDLRAP1,1.0
Reactome_2022,Regulation Of Signaling By CBL R-HSA-912631,1/18,0.34713812764048363,2.45811809952386,2.6007688771609705,CLSTN1,1.0
Reactome_2022,Eukaryotic Translation Elongation R-HSA-156842,3/90,0.35236780712698423,1.4419725318374468,1.5040923369245214,RPL11;RPL22;RPS8,1.0
Reactome_2022,Eukaryotic Translation Termination R-HSA-72764,3/90,0.35236780712698423,1.4419725318374468,1.5040923369245214,RPL11;RPL22;RPS8,1.0
Reactome_2022,Selenocysteine Synthesis R-HSA-2408557,3/90,0.35236780712698423,1.4419725318374468,1.5040923369245214,RPL11;RPL22;RPS8,1.0
Reactome_2022,Viral mRNA Translation R-HSA-192823,3/90,0.35236780712698423,1.4419725318374468,1.5040923369245214,RPL11;RPL22;RPS8,1.0
Reactome_2022,Adaptive Immune System R-HSA-1280218,19/733,0.3564788310775177,1.1152763758458784,1.1503857454184598,CAPZB;CDC42;CLSTN1;FBXO2;FBXO44;FBXO6;HECTD3;KLHL21;MIB2;MTOR;PSMB2;RAP1GAP;RNF19B;RNF220;SPSB1;TNFRSF14;UBE2J2;UBR4;VAMP3,1.0
Reactome_2022,EPH-Ephrin Signaling R-HSA-2682334,3/91,0.358770249898111,1.4255131665578793,1.4612551548217758,CDC42;EPHA2;EPHB2,1.0
Reactome_2022,RHOJ GTPase Cycle R-HSA-9013409,2/54,0.3614527057573114,1.607791316604016,1.6361271492984337,CDC42;VAMP3,1.0
Reactome_2022,Interleukin-12 Family Signaling R-HSA-447115,2/54,0.3614527057573114,1.607791316604016,1.6361271492984337,AURKAIP1;CDC42,1.0
Reactome_2022,Prostacyclin Signaling Thru Prostacyclin Receptor R-HSA-392851,1/19,0.36242885711021905,2.3214370202404635,2.356089296811217,GNB1,1.0
Reactome_2022,RAS Processing R-HSA-9648002,1/19,0.36242885711021905,2.3214370202404635,2.356089296811217,ICMT,1.0
Reactome_2022,RHO GTPases Activate CIT R-HSA-5625900,1/19,0.36242885711021905,2.3214370202404635,2.356089296811217,DHDDS,1.0
Reactome_2022,Na+/Cl- Dependent Neurotransmitter Transporters R-HSA-442660,1/19,0.36242885711021905,2.3214370202404635,2.356089296811217,SLC6A9,1.0
Reactome_2022,SARS-CoV Infections R-HSA-9679506,10/369,0.36350943545762077,1.1660848056449595,1.1800195483446678,AGRN;DDOST;HDAC1;HSPG2;ISG15;KDM1A;RBBP4;RPS8;SDC3;ST3GAL3,1.0
Reactome_2022,Signaling By ROBO Receptors R-HSA-376176,6/209,0.3644886609755902,1.2365811267112397,1.2480316657040842,CAP1;CDC42;PSMB2;RPL11;RPL22;RPS8,1.0
Reactome_2022,Nonsense Mediated Decay (NMD) Independent Of Exon Junction Complex (EJC) R-HSA-975956,3/92,0.3651636702127921,1.409423674655381,1.4198669605602916,RPL11;RPL22;RPS8,1.0
Reactome_2022,Intrinsic Pathway For Apoptosis R-HSA-109606,2/55,0.3698955932742246,1.5773746531699506,1.5687535017566785,CASP9;TP73,1.0
Reactome_2022,Extracellular Matrix Organization R-HSA-1474244,8/291,0.37232739466572423,1.182915937412413,1.1686993207762315,AGRN;COL16A1;COL8A2;COL9A2;HSPG2;P3H1;PLOD1;SDC3,1.0
Reactome_2022,Class I Peroxisomal Membrane Protein Import R-HSA-9603798,1/20,0.3773622085376961,2.1991434229868982,2.143174755381866,PEX14,1.0
Reactome_2022,G Beta:Gamma Signaling Thru PLC Beta R-HSA-418217,1/20,0.3773622085376961,2.1991434229868982,2.143174755381866,GNB1,1.0
Reactome_2022,Receptor-type Tyrosine-Protein Phosphatases R-HSA-388844,1/20,0.3773622085376961,2.1991434229868982,2.143174755381866,PTPRF,1.0
Reactome_2022,Apoptotic Factor-Mediated Response R-HSA-111471,1/20,0.3773622085376961,2.1991434229868982,2.143174755381866,CASP9,1.0
Reactome_2022,Chaperone Mediated Autophagy R-HSA-9613829,1/20,0.3773622085376961,2.1991434229868982,2.143174755381866,PARK7,1.0
Reactome_2022,TP53 Regulates Transcription Of Genes Involved In Cytochrome C Release R-HSA-6803204,1/20,0.3773622085376961,2.1991434229868982,2.143174755381866,TP73,1.0
Reactome_2022,Syndecan Interactions R-HSA-3000170,1/20,0.3773622085376961,2.1991434229868982,2.143174755381866,SDC3,1.0
Reactome_2022,Signaling By Hippo R-HSA-2028269,1/20,0.3773622085376961,2.1991434229868982,2.143174755381866,NPHP4,1.0
Reactome_2022,Fatty Acid Metabolism R-HSA-8978868,5/173,0.3807021042213161,1.2447289668679336,1.2020821729970792,ACOT7;ELOVL1;MECR;PPT1;PRXL2B,1.0
Reactome_2022,Neurexins And Neuroligins R-HSA-6794361,2/57,0.38664513694563074,1.5198595077673536,1.4442434049696287,DLGAP3;EPB41,1.0
Reactome_2022,Translation Initiation Complex Formation R-HSA-72649,2/57,0.38664513694563074,1.5198595077673536,1.4442434049696287,EIF3I;RPS8,1.0
Reactome_2022,Assembly Of Collagen Fibrils And Other Multimeric Structures R-HSA-2022090,2/57,0.38664513694563074,1.5198595077673536,1.4442434049696287,COL8A2;COL9A2,1.0
Reactome_2022,Ribosomal Scanning And Start Codon Recognition R-HSA-72702,2/57,0.38664513694563074,1.5198595077673536,1.4442434049696287,EIF3I;RPS8,1.0
Reactome_2022,Cellular Hexose Transport R-HSA-189200,1/21,0.39194651716654283,2.08907918545869,1.9566939957687042,SLC2A1,1.0
Reactome_2022,Citric Acid Cycle (TCA Cycle) R-HSA-71403,1/21,0.39194651716654283,2.08907918545869,1.9566939957687042,SDHB,1.0
Reactome_2022,"Synthesis, Secretion, And Inactivation Of Glucagon-like Peptide-1 (GLP-1) R-HSA-381771",1/21,0.39194651716654283,2.08907918545869,1.9566939957687042,GNB1,1.0
Reactome_2022,RHO GTPases Activate PAKs R-HSA-5627123,1/21,0.39194651716654283,2.08907918545869,1.9566939957687042,CDC42,1.0
Reactome_2022,Deregulated CDK5 Triggers Neurodegenerative Pathways In Alzheimers Disease Models R-HSA-8862803,1/21,0.39194651716654283,2.08907918545869,1.9566939957687042,PRDX1,1.0
Reactome_2022,Synaptic Adhesion-Like Molecules R-HSA-8849932,1/21,0.39194651716654283,2.08907918545869,1.9566939957687042,PTPRF,1.0
Reactome_2022,NOTCH2 Activation And Transmission Of Signal To Nucleus R-HSA-2979096,1/21,0.39194651716654283,2.08907918545869,1.9566939957687042,MIB2,1.0
Reactome_2022,Defects In Vitamin And Cofactor Metabolism R-HSA-3296482,1/21,0.39194651716654283,2.08907918545869,1.9566939957687042,MMACHC,1.0
Reactome_2022,Presynaptic Function Of Kainate Receptors R-HSA-500657,1/21,0.39194651716654283,2.08907918545869,1.9566939957687042,GNB1,1.0
Reactome_2022,TP53 Regulates Transcription Of Additional Cell Cycle Genes With Uncertain Roles In P53 Pathway R-HSA-6804115,1/21,0.39194651716654283,2.08907918545869,1.9566939957687042,PLK3,1.0
Reactome_2022,"mRNA Activation Upon Binding Of Cap-Binding Complex And eIFs, Subsequent Binding To 43S R-HSA-72662",2/58,0.3949468627884394,1.4926425193179105,1.3866709422400718,EIF3I;RPS8,1.0
Reactome_2022,Formation Of RNA Pol II Elongation Complex R-HSA-112382,2/58,0.3949468627884394,1.4926425193179105,1.3866709422400718,DMAP1;ELOA,1.0
Reactome_2022,mRNA 3-End Processing R-HSA-72187,2/58,0.3949468627884394,1.4926425193179105,1.3866709422400718,SRRM1;SRSF4,1.0
Reactome_2022,Late SARS-CoV-2 Infection Events R-HSA-9772573,2/58,0.3949468627884394,1.4926425193179105,1.3866709422400718,DDOST;ST3GAL3,1.0
Reactome_2022,Metabolism Of Polyamines R-HSA-351202,2/58,0.3949468627884394,1.4926425193179105,1.3866709422400718,AZIN2;PSMB2,1.0
Reactome_2022,Potential Therapeutics For SARS R-HSA-9679191,3/97,0.3969424939030069,1.3341111593670902,1.232670497033763,HDAC1;KDM1A;RBBP4,1.0
Reactome_2022,RHOQ GTPase Cycle R-HSA-9013406,2/59,0.4031968367707456,1.4663805129193248,1.3319580089474388,CDC42;VAMP3,1.0
Reactome_2022,Response Of EIF2AK4 (GCN2) To Amino Acid Deficiency R-HSA-9633012,3/98,0.40325059085223575,1.319999972292021,1.1988201425486753,RPL11;RPL22;RPS8,1.0
Reactome_2022,Apoptosis R-HSA-109581,5/178,0.4039000669970538,1.2084420274834304,1.0955587876887771,CASP9;DFFA;DFFB;PSMB2;TP73,1.0
Reactome_2022,RAC1 GTPase Cycle R-HSA-9013149,5/178,0.4039000669970538,1.2084420274834304,1.0955587876887771,CDC42;DHDDS;EPHA2;VAMP3;WASF2,1.0
Reactome_2022,ERK/MAPK Targets R-HSA-198753,1/22,0.40618992424227507,1.9894972562665014,1.7924065866310228,RPS6KA1,1.0
Reactome_2022,Laminin Interactions R-HSA-3000157,1/22,0.40618992424227507,1.9894972562665014,1.7924065866310228,HSPG2,1.0
Reactome_2022,RA Biosynthesis Pathway R-HSA-5365859,1/22,0.40618992424227507,1.9894972562665014,1.7924065866310228,DHRS3,1.0
Reactome_2022,Blood Group Systems Biosynthesis R-HSA-9033658,1/22,0.40618992424227507,1.9894972562665014,1.7924065866310228,ST3GAL3,1.0
Reactome_2022,Response Of Mtb To Phagocytosis R-HSA-9637690,1/22,0.40618992424227507,1.9894972562665014,1.7924065866310228,ENO1,1.0
Reactome_2022,Insertion Of Tail-Anchored Proteins Into Endoplasmic Reticulum Membrane R-HSA-9609523,1/22,0.40618992424227507,1.9894972562665014,1.7924065866310228,UBE2J2,1.0
Reactome_2022,ADP Signaling Thru P2Y Purinoceptor 12 R-HSA-392170,1/22,0.40618992424227507,1.9894972562665014,1.7924065866310228,GNB1,1.0
Reactome_2022,L1CAM Interactions R-HSA-373760,3/99,0.4095396505151114,1.3061827682810159,1.1660575103443134,EPHB2;LYPLA2;RPS6KA1,1.0
Reactome_2022,Death Receptor Signaling R-HSA-73887,4/139,0.4100055918735738,1.2386334349911376,1.104346347865619,ARHGEF10L;ARHGEF16;HDAC1;PLEKHG5,1.0
Reactome_2022,Neutrophil Degranulation R-HSA-6798695,12/468,0.4147235679293029,1.1008771694175137,0.9689294248723928,ATAD3B;CAP1;DDOST;FGR;FUCA1;KCNAB2;PADI2;PPIE;SLC2A5;TINAGL1;TNFRSF1B;UBR4,1.0
Reactome_2022,Nuclear Events (Kinase And Transcription Factor Activation) R-HSA-198725,2/61,0.41953315898937604,1.4165272126372643,1.2304135439661599,ID3;RPS6KA1,1.0
Reactome_2022,Triglyceride Catabolism R-HSA-163560,1/23,0.4201003815180092,1.8989682297281476,1.646902211300518,FABP3,1.0
Reactome_2022,RHOBTB1 GTPase Cycle R-HSA-9013422,1/23,0.4201003815180092,1.8989682297281476,1.646902211300518,SRRM1,1.0
Reactome_2022,RHOBTB2 GTPase Cycle R-HSA-9013418,1/23,0.4201003815180092,1.8989682297281476,1.646902211300518,SRRM1,1.0
Reactome_2022,CD28 Dependent PI3K/Akt Signaling R-HSA-389357,1/23,0.4201003815180092,1.8989682297281476,1.646902211300518,MTOR,1.0
Reactome_2022,Immune System R-HSA-168256,47/1943,0.4274313527180074,1.0384306763850315,0.8826261804319506,ATAD3B;ATP6V0B;AURKAIP1;C1QA;C1QB;C1QC;CAP1;CAPZB;CASP9;CDC42;CLSTN1;CSF3R;DDOST;EIF4G3;FBXO2;FBXO44;FBXO6;FGR;FUCA1;HECTD3;IFI6;IFNLR1;ISG15;KCNAB2;KLHL21;MIB2;MTOR;PADI2;PPIE;PSMB2;RAP1GAP;RNF19B;RNF220;RPS6KA1;SLC2A5;SPSB1;TINAGL1;TNFRSF14;TNFRSF18;TNFRSF1B;TNFRSF25;TRIM62;TXLNA;UBE2J2;UBR4;VAMP3;WASF2,1.0
Reactome_2022,Regulation Of Actin Dynamics For Phagocytic Cup Formation R-HSA-2029482,2/62,0.42761563557956417,1.3928468950032855,1.1832659673253991,CDC42;WASF2,1.0
Reactome_2022,G-protein Activation R-HSA-202040,1/24,0.4336856556557461,1.816311292453999,1.5174105750166365,GNB1,1.0
Reactome_2022,Aggrephagy R-HSA-9646399,1/24,0.4336856556557461,1.816311292453999,1.5174105750166365,PARK7,1.0
Reactome_2022,Signaling By Erythropoietin R-HSA-9006335,1/24,0.4336856556557461,1.816311292453999,1.5174105750166365,CLSTN1,1.0
Reactome_2022,Thromboxane Signaling Thru TP Receptor R-HSA-428930,1/24,0.4336856556557461,1.816311292453999,1.5174105750166365,GNB1,1.0
Reactome_2022,Synthesis Of Very Long-Chain Fatty acyl-CoAs R-HSA-75876,1/24,0.4336856556557461,1.816311292453999,1.5174105750166365,ELOVL1,1.0
Reactome_2022,Defective Intrinsic Pathway For Apoptosis R-HSA-9734009,1/24,0.4336856556557461,1.816311292453999,1.5174105750166365,PRDX1,1.0
Reactome_2022,"Incretin Synthesis, Secretion, And Inactivation R-HSA-400508",1/24,0.4336856556557461,1.816311292453999,1.5174105750166365,GNB1,1.0
Reactome_2022,RHO GTPases Activate NADPH Oxidases R-HSA-5668599,1/24,0.4336856556557461,1.816311292453999,1.5174105750166365,PRKCZ,1.0
Reactome_2022,Impaired BRCA2 Binding To PALB2 R-HSA-9709603,1/24,0.4336856556557461,1.816311292453999,1.5174105750166365,ARTN,1.0
Reactome_2022,Synthesis Of Substrates In N-glycan Biosythesis R-HSA-446219,2/63,0.43563860762748396,1.3699429812261585,1.1383435181703558,DHDDS;ST3GAL3,1.0
Reactome_2022,DNA Repair R-HSA-73894,8/310,0.4397864751278112,1.1073999189148591,0.9096913304727947,ARTN;EYA3;FAAP20;ISG15;KDM4A;MAD2L2;MUTYH;PPIE,1.0
Reactome_2022,Cargo Recognition For Clathrin-Mediated Endocytosis R-HSA-8856825,3/104,0.4406563293597985,1.2412008682292586,1.0171517067663145,LDLRAP1;NECAP2;VAMP3,1.0
Reactome_2022,RHO GTPase Effectors R-HSA-195258,7/269,0.44175330267324375,1.1168054606147413,0.9124341839762832,CDC42;DHDDS;KDM1A;NUDC;PRKCZ;RCC2;WASF2,1.0
Reactome_2022,PI3K/AKT Signaling In Cancer R-HSA-2219528,3/105,0.44680586864083977,1.2289689811606925,0.9900956039486699,CASP9;CLSTN1;MTOR,1.0
Reactome_2022,ADP Signaling Thru P2Y Purinoceptor 1 R-HSA-418592,1/25,0.44695333252564573,1.7405424332860293,1.401660721026897,GNB1,1.0
Reactome_2022,Gap Junction Trafficking R-HSA-190828,1/25,0.44695333252564573,1.7405424332860293,1.401660721026897,GJB3,1.0
Reactome_2022,G Beta:Gamma Signaling Thru PI3Kgamma R-HSA-392451,1/25,0.44695333252564573,1.7405424332860293,1.401660721026897,GNB1,1.0
Reactome_2022,Inactivation Of CSF3 (G-CSF) Signaling R-HSA-9705462,1/25,0.44695333252564573,1.7405424332860293,1.401660721026897,CSF3R,1.0
Reactome_2022,NOTCH3 Intracellular Domain Regulates Transcription R-HSA-9013508,1/25,0.44695333252564573,1.7405424332860293,1.401660721026897,HEYL,1.0
Reactome_2022,Defective HDR Thru Homologous Recombination (HRR) Due To BRCA1 Loss-Of-Function R-HSA-9701192,1/25,0.44695333252564573,1.7405424332860293,1.401660721026897,ARTN,1.0
Reactome_2022,Termination Of O-glycan Biosynthesis R-HSA-977068,1/25,0.44695333252564573,1.7405424332860293,1.401660721026897,ST3GAL3,1.0
Reactome_2022,HATs Acetylate Histones R-HSA-3214847,3/106,0.4529282941730462,1.2169746064623899,0.9638700009875819,DMAP1;MEAF6;TAF12,1.0
Reactome_2022,Signaling By ALK R-HSA-201556,1/26,0.4599108214056454,1.6708350828514973,1.2977754947071098,HDAC1,1.0
Reactome_2022,Interleukin-20 Family Signaling R-HSA-8854691,1/26,0.4599108214056454,1.6708350828514973,1.2977754947071098,IFNLR1,1.0
Reactome_2022,Insulin Receptor Recycling R-HSA-77387,1/26,0.4599108214056454,1.6708350828514973,1.2977754947071098,ATP6V0B,1.0
Reactome_2022,Infection With Mycobacterium Tuberculosis R-HSA-9635486,1/26,0.4599108214056454,1.6708350828514973,1.2977754947071098,ENO1,1.0
Reactome_2022,Caspase Activation Via Extrinsic Apoptotic Signaling Pathway R-HSA-5357769,1/26,0.4599108214056454,1.6708350828514973,1.2977754947071098,CASP9,1.0
Reactome_2022,Gene Silencing By RNA R-HSA-211000,3/108,0.46508782325138914,1.1936712499056874,0.9137899869418171,AGO1;AGO3;AGO4,1.0
Reactome_2022,Regulation Of PTEN Stability And Activity R-HSA-8948751,2/67,0.4671041968626634,1.2853746842029203,0.9784309713676898,OTUD3;PSMB2,1.0
Reactome_2022,Sensory Processing Of Sound By Inner Hair Cells Of Cochlea R-HSA-9662360,2/67,0.4671041968626634,1.2853746842029203,0.9784309713676898,CAPZB;ESPN,1.0
Reactome_2022,MAPK Family Signaling Cascades R-HSA-5683057,8/318,0.46799520548024487,1.0783730486468692,0.8188056663904548,AGO1;AGO3;AGO4;ARTN;CDC42;CNKSR1;ICMT;PSMB2,1.0
Reactome_2022,Degradation Of Extracellular Matrix R-HSA-1474228,3/109,0.47112302569704867,1.1823493361069124,0.8898786962331043,COL16A1;COL9A2;HSPG2,1.0
Reactome_2022,CREB1 Phosphorylation Thru NMDA Receptor-Mediated Activation Of RAS Signaling R-HSA-442742,1/27,0.47256535908373487,1.6064898362965443,1.2041913912181499,RPS6KA1,1.0
Reactome_2022,Postmitotic Nuclear Pore Complex (NPC) Reformation R-HSA-9615933,1/27,0.47256535908373487,1.6064898362965443,1.2041913912181499,RCC1,1.0
Reactome_2022,Gap Junction Trafficking And Regulation R-HSA-157858,1/27,0.47256535908373487,1.6064898362965443,1.2041913912181499,GJB3,1.0
Reactome_2022,Interleukin Receptor SHC Signaling R-HSA-912526,1/27,0.47256535908373487,1.6064898362965443,1.2041913912181499,CLSTN1,1.0
Reactome_2022,Synthesis Of PC R-HSA-1483191,1/27,0.47256535908373487,1.6064898362965443,1.2041913912181499,MFSD2A,1.0
Reactome_2022,Signaling By BMP R-HSA-201451,1/27,0.47256535908373487,1.6064898362965443,1.2041913912181499,SKI,1.0
Reactome_2022,Resolution Of D-loop Structures Thru Synthesis-Dependent Strand Annealing (SDSA) R-HSA-5693554,1/27,0.47256535908373487,1.6064898362965443,1.2041913912181499,ARTN,1.0
Reactome_2022,VEGFR2 Mediated Vascular Permeability R-HSA-5218920,1/27,0.47256535908373487,1.6064898362965443,1.2041913912181499,MTOR,1.0
Reactome_2022,ATF4 Activates Genes In Response To Endoplasmic Reticulum Stress R-HSA-380994,1/27,0.47256535908373487,1.6064898362965443,1.2041913912181499,NFYC,1.0
Reactome_2022,Metabolism Of Amino Acids And Derivatives R-HSA-71291,9/364,0.48078463760500545,1.0592101404142749,0.7756975563992597,ALDH4A1;AZIN2;PSMB2;RIMKLA;RPL11;RPL22;RPS8;SERINC2;TINAGL1,1.0
Reactome_2022,Transcription Of HIV Genome R-HSA-167172,2/69,0.48244222862625963,1.246877175856521,0.9088414153962512,ELOA;TAF12,1.0
Reactome_2022,Notch-HLH Transcription Pathway R-HSA-350054,1/28,0.4849240138651307,1.546910904301218,1.1195969893862339,HDAC1,1.0
Reactome_2022,Metabolism Of Porphyrins R-HSA-189445,1/28,0.4849240138651307,1.546910904301218,1.1195969893862339,UROD,1.0
Reactome_2022,Recycling Pathway Of L1 R-HSA-437239,1/28,0.4849240138651307,1.546910904301218,1.1195969893862339,RPS6KA1,1.0
Reactome_2022,Digestion And Absorption R-HSA-8963743,1/28,0.4849240138651307,1.546910904301218,1.1195969893862339,SLC2A5,1.0
Reactome_2022,"Adrenaline,noradrenaline Inhibits Insulin Secretion R-HSA-400042",1/28,0.4849240138651307,1.546910904301218,1.1195969893862339,GNB1,1.0
Reactome_2022,SARS-CoV-2 Infection R-HSA-9694516,7/283,0.49444460010217556,1.0593856860172868,0.7461467025989206,AGRN;DDOST;HSPG2;ISG15;RPS8;SDC3;ST3GAL3,1.0
Reactome_2022,Myogenesis R-HSA-525793,1/29,0.4969936894865563,1.4915876103055576,1.042885167881753,CDC42,1.0
Reactome_2022,Processing Of Capped Intronless Pre-mRNA R-HSA-75067,1/29,0.4969936894865563,1.4915876103055576,1.042885167881753,LSM10,1.0
Reactome_2022,"FOXO-mediated Transcription Of Oxidative Stress, Metabolic And Neuronal Genes R-HSA-9615017",1/29,0.4969936894865563,1.4915876103055576,1.042885167881753,HDAC1,1.0
Reactome_2022,EGR2 And SOX10-mediated Initiation Of Schwann Cell Myelination R-HSA-9619665,1/29,0.4969936894865563,1.4915876103055576,1.042885167881753,POU3F1,1.0
Reactome_2022,Activation Of Kainate Receptors Upon Glutamate Binding R-HSA-451326,1/29,0.4969936894865563,1.4915876103055576,1.042885167881753,GNB1,1.0
Reactome_2022,Activation Of G Protein Gated Potassium Channels R-HSA-1296041,1/29,0.4969936894865563,1.4915876103055576,1.042885167881753,GNB1,1.0
Reactome_2022,"Plasma Lipoprotein Assembly, Remodeling, And Clearance R-HSA-174824",2/71,0.4975049138309289,1.2106114071244054,0.8451881667054293,LDLRAP1;TRNP1,1.0
Reactome_2022,Diseases Of Programmed Cell Death R-HSA-9645723,2/71,0.4975049138309289,1.2106114071244054,0.8451881667054293,PRDX1;RBBP4,1.0
Reactome_2022,Selenoamino Acid Metabolism R-HSA-2408522,3/114,0.5008185124542439,1.1287997438154083,0.7805779974037731,RPL11;RPL22;RPS8,1.0
Reactome_2022,Influenza Infection R-HSA-168255,4/157,0.502582451361631,1.0918976556428412,0.7512207501910161,ISG15;RPL11;RPL22;RPS8,1.0
Reactome_2022,Regulation Of RUNX2 Expression And Activity R-HSA-8939902,2/72,0.504930644542716,1.1932556463740358,0.8153923885460299,HIVEP3;PSMB2,1.0
Reactome_2022,Interferon Alpha/Beta Signaling R-HSA-909733,2/72,0.504930644542716,1.1932556463740358,0.8153923885460299,IFI6;ISG15,1.0
Reactome_2022,Translation Of Structural Proteins R-HSA-9683701,1/30,0.5087811289397773,1.4400797158958047,0.9731156610771803,ST3GAL3,1.0
Reactome_2022,Signaling By CSF3 (G-CSF) R-HSA-9674555,1/30,0.5087811289397773,1.4400797158958047,0.9731156610771803,CSF3R,1.0
Reactome_2022,Activation Of BH3-only Proteins R-HSA-114452,1/30,0.5087811289397773,1.4400797158958047,0.9731156610771803,TP73,1.0
Reactome_2022,MAPK Targets/ Nuclear Events Mediated By MAP Kinases R-HSA-450282,1/30,0.5087811289397773,1.4400797158958047,0.9731156610771803,RPS6KA1,1.0
Reactome_2022,Extra-nuclear Estrogen Signaling R-HSA-9009391,2/73,0.512284872665453,1.176388780292691,0.786856359285413,GNB1;PRKCZ,1.0
Reactome_2022,Positive Epigenetic Regulation Of rRNA Expression R-HSA-5250913,2/74,0.5195668729702116,1.159990438269161,0.7595150506242321,HDAC1;RBBP4,1.0
Reactome_2022,RNA Polymerase II Transcribes snRNA Genes R-HSA-6807505,2/74,0.5195668729702116,1.159990438269161,0.7595150506242321,INTS11;SSU72,1.0
Reactome_2022,Transport Of Mature mRNA Derived From An Intron-Containing Transcript R-HSA-159236,2/74,0.5195668729702116,1.159990438269161,0.7595150506242321,SRRM1;SRSF4,1.0
Reactome_2022,Glyoxylate Metabolism And Glycine Degradation R-HSA-389661,1/31,0.5202929182064874,1.3920056811133688,0.9094854557205996,ALDH4A1,1.0
Reactome_2022,Pausing And Recovery Of Tat-mediated HIV Elongation R-HSA-167238,1/31,0.5202929182064874,1.3920056811133688,0.9094854557205996,ELOA,1.0
Reactome_2022,Transferrin Endocytosis And Recycling R-HSA-917977,1/31,0.5202929182064874,1.3920056811133688,0.9094854557205996,ATP6V0B,1.0
Reactome_2022,Activated NOTCH1 Transmits Signal To Nucleus R-HSA-2122948,1/31,0.5202929182064874,1.3920056811133688,0.9094854557205996,MIB2,1.0
Reactome_2022,EGFR Downregulation R-HSA-182971,1/31,0.5202929182064874,1.3920056811133688,0.9094854557205996,CDC42,1.0
Reactome_2022,Antigen Activates B Cell Receptor Leading To Second Messenger Generation R-HSA-983695,1/31,0.5202929182064874,1.3920056811133688,0.9094854557205996,CLSTN1,1.0
Reactome_2022,Late Endosomal Microautophagy R-HSA-9615710,1/31,0.5202929182064874,1.3920056811133688,0.9094854557205996,PARK7,1.0
Reactome_2022,ISG15 Antiviral Mechanism R-HSA-1169408,2/75,0.5267759930974655,1.1440413658901114,0.7333074989571289,EIF4G3;ISG15,1.0
Reactome_2022,Sensory Processing Of Sound R-HSA-9659379,2/75,0.5267759930974655,1.1440413658901114,0.7333074989571289,CAPZB;ESPN,1.0
Reactome_2022,RHO GTPases Activate Formins R-HSA-5663220,3/119,0.5296429929725642,1.0798664956869646,0.6863114164295393,CDC42;NUDC;RCC2,1.0
Reactome_2022,Termination Of Translesion DNA Synthesis R-HSA-5656169,1/32,0.5315354899065905,1.3470331969620577,0.8513051929960255,ISG15,1.0
Reactome_2022,Thrombin Signaling Thru Proteinase Activated Receptors (PARs) R-HSA-456926,1/32,0.5315354899065905,1.3470331969620577,0.8513051929960255,GNB1,1.0
Reactome_2022,Gluconeogenesis R-HSA-70263,1/32,0.5315354899065905,1.3470331969620577,0.8513051929960255,ENO1,1.0
Reactome_2022,Glucagon Signaling In Metabolic Regulation R-HSA-163359,1/32,0.5315354899065905,1.3470331969620577,0.8513051929960255,GNB1,1.0
Reactome_2022,PERK Regulates Gene Expression R-HSA-381042,1/32,0.5315354899065905,1.3470331969620577,0.8513051929960255,NFYC,1.0
Reactome_2022,Nuclear Signaling By ERBB4 R-HSA-1251985,1/32,0.5315354899065905,1.3470331969620577,0.8513051929960255,STMN1,1.0
Reactome_2022,Signaling By NOTCH2 R-HSA-1980145,1/32,0.5315354899065905,1.3470331969620577,0.8513051929960255,MIB2,1.0
Reactome_2022,"Inactivation, Recovery And Regulation Of Phototransduction Cascade R-HSA-2514859",1/32,0.5315354899065905,1.3470331969620577,0.8513051929960255,GNB1,1.0
Reactome_2022,SUMOylation Of DNA Damage Response And Repair Proteins R-HSA-3108214,2/76,0.533911650557345,1.1285233495213063,0.7081765044310235,PHC2;SCMH1,1.0
Reactome_2022,Signaling By WNT R-HSA-195721,7/294,0.5347506674687766,1.0182000736753594,0.6373471041769211,AGO1;AGO3;AGO4;CTNNBIP1;GNB1;HDAC1;PSMB2,1.0
Reactome_2022,Diseases Of Signal Transduction By Growth Factor Receptors And Second Messengers R-HSA-5663202,10/424,0.5348305884356493,1.0082694973196014,0.6309803341117096,AGTRAP;CASP9;CLCN6;CLSTN1;CNKSR1;HDAC1;HEYL;MIB2;MTOR;PSMB2,1.0
Reactome_2022,Protein Localization R-HSA-9609507,4/164,0.5368797587740864,1.0437499780441817,0.6491927828936976,HMGCL;PEX10;PEX14;UBE2J2,1.0
Reactome_2022,Programmed Cell Death R-HSA-5357801,5/208,0.5385564685499659,1.0282586043327946,0.6363511277490939,CASP9;DFFA;DFFB;PSMB2;TP73,1.0
Reactome_2022,Regulation Of Insulin Secretion R-HSA-422356,2/77,0.5409733298298667,1.113419146922336,0.6840683557863182,GNB1;SLC2A1,1.0
Reactome_2022,Biosynthesis Of N-glycan Precursor (Dolichol LLO) And Transfer To Protein R-HSA-446193,2/77,0.5409733298298667,1.113419146922336,0.6840683557863182,DHDDS;ST3GAL3,1.0
Reactome_2022,Signaling By High-Kinase Activity BRAF Mutants R-HSA-6802948,1/33,0.5425151268619051,1.3048714930702037,0.7979802129542782,CNKSR1,1.0
Reactome_2022,Phototransduction Cascade R-HSA-2514856,1/33,0.5425151268619051,1.3048714930702037,0.7979802129542782,GNB1,1.0
Reactome_2022,Signal Amplification R-HSA-392518,1/33,0.5425151268619051,1.3048714930702037,0.7979802129542782,GNB1,1.0
Reactome_2022,Sialic Acid Metabolism R-HSA-4085001,1/33,0.5425151268619051,1.3048714930702037,0.7979802129542782,ST3GAL3,1.0
Reactome_2022,Plasma Lipoprotein Remodeling R-HSA-8963899,1/33,0.5425151268619051,1.3048714930702037,0.7979802129542782,TRNP1,1.0
Reactome_2022,Resolution Of D-loop Structures Thru Holliday Junction Intermediates R-HSA-5693568,1/33,0.5425151268619051,1.3048714930702037,0.7979802129542782,ARTN,1.0
Reactome_2022,HIV Elongation Arrest And Recovery R-HSA-167287,1/33,0.5425151268619051,1.3048714930702037,0.7979802129542782,ELOA,1.0
Reactome_2022,NOD1/2 Signaling Pathway R-HSA-168638,1/33,0.5425151268619051,1.3048714930702037,0.7979802129542782,CASP9,1.0
Reactome_2022,Glucagon-type Ligand Receptors R-HSA-420092,1/33,0.5425151268619051,1.3048714930702037,0.7979802129542782,GNB1,1.0
Reactome_2022,Nuclear Events Mediated By NFE2L2 R-HSA-9759194,2/78,0.5479605795621381,1.098712423339128,0.660932578474858,PRDX1;PSMB2,1.0
Reactome_2022,RNA Polymerase I Promoter Clearance R-HSA-73854,2/78,0.5479605795621381,1.098712423339128,0.660932578474858,HDAC1;RBBP4,1.0
Reactome_2022,Regulation Of Expression Of SLITs And ROBOs R-HSA-9010553,4/167,0.5512115639806261,1.0243811927525208,0.610158910121159,PSMB2;RPL11;RPL22;RPS8,1.0
Reactome_2022,Nuclear Import Of Rev Protein R-HSA-180746,1/34,0.5532379655772169,1.265265043959674,0.7489952187298203,RCC1,1.0
Reactome_2022,Transcriptional Regulation By E2F6 R-HSA-8953750,1/34,0.5532379655772169,1.265265043959674,0.7489952187298203,RBBP4,1.0
Reactome_2022,Detoxification Of Reactive Oxygen Species R-HSA-3299685,1/34,0.5532379655772169,1.265265043959674,0.7489952187298203,PRDX1,1.0
Reactome_2022,EPHB-mediated Forward Signaling R-HSA-3928662,1/34,0.5532379655772169,1.265265043959674,0.7489952187298203,CDC42,1.0
Reactome_2022,COPI-independent Golgi-to-ER Retrograde Traffic R-HSA-6811436,1/34,0.5532379655772169,1.265265043959674,0.7489952187298203,CAPZB,1.0
Reactome_2022,Resolution Of D-Loop Structures R-HSA-5693537,1/34,0.5532379655772169,1.265265043959674,0.7489952187298203,ARTN,1.0
Reactome_2022,Post-translational Protein Modification R-HSA-597592,32/1383,0.5533488933250874,0.9877019180086567,0.5844889724767959,ALPL;B4GALT2;CAPZB;DDOST;DHDDS;DPH2;FBXO2;FBXO44;FBXO6;FUCA1;HDAC1;ICMT;KLHL21;MAN1C1;MUL1;OTUD3;PARK7;PEX10;PEX14;PHC2;PIGV;PSMB2;PTP4A2;SCMH1;SPSB1;ST3GAL3;SVBP;TRAPPC3;UBE2J2;USP48;VWA1;WDTC1,1.0
Reactome_2022,RNA Polymerase I Transcription R-HSA-73864,2/79,0.5548730098595863,1.0843876925762632,0.6387217038205998,HDAC1;RBBP4,1.0
Reactome_2022,SUMO E3 Ligases SUMOylate Target Proteins R-HSA-3108232,4/168,0.5559367943221394,1.0180824007877531,0.5977168600964611,HDAC1;PARK7;PHC2;SCMH1,1.0
Reactome_2022,Inwardly Rectifying K+ Channels R-HSA-1296065,1/35,0.563709999640618,1.2279883859732932,0.7039017860231485,GNB1,1.0
Reactome_2022,Impaired BRCA2 Binding To RAD51 R-HSA-9709570,1/35,0.563709999640618,1.2279883859732932,0.7039017860231485,ARTN,1.0
Reactome_2022,RHOBTB GTPase Cycle R-HSA-9706574,1/35,0.563709999640618,1.2279883859732932,0.7039017860231485,SRRM1,1.0
Reactome_2022,Rev-mediated Nuclear Export Of HIV RNA R-HSA-165054,1/35,0.563709999640618,1.2279883859732932,0.7039017860231485,RCC1,1.0
Reactome_2022,Negative Regulators Of DDX58/IFIH1 Signaling R-HSA-936440,1/35,0.563709999640618,1.2279883859732932,0.7039017860231485,ISG15,1.0
Reactome_2022,Plasma Lipoprotein Clearance R-HSA-8964043,1/35,0.563709999640618,1.2279883859732932,0.7039017860231485,LDLRAP1,1.0
Reactome_2022,Centrosome Maturation R-HSA-380287,2/81,0.5684721442461663,1.056826185285688,0.5968985636571111,CDK11A;CDK11B,1.0
Reactome_2022,Glutathione Conjugation R-HSA-156590,1/36,0.5739370830449849,1.1928418227289914,0.6623081259714688,AKR1A1,1.0
Reactome_2022,HSF1-dependent Transactivation R-HSA-3371571,1/36,0.5739370830449849,1.1928418227289914,0.6623081259714688,MTOR,1.0
Reactome_2022,ROS And RNS Production In Phagocytes R-HSA-1222556,1/36,0.5739370830449849,1.1928418227289914,0.6623081259714688,ATP6V0B,1.0
Reactome_2022,Activated PKN1 Stimulates Transcription Of Androgen Receptor Regulated KLK2 And KLK3 R-HSA-5625886,1/36,0.5739370830449849,1.1928418227289914,0.6623081259714688,KDM1A,1.0
Reactome_2022,Regulation Of TP53 Degradation R-HSA-6804757,1/36,0.5739370830449849,1.1928418227289914,0.6623081259714688,MTOR,1.0
Reactome_2022,RHOH GTPase Cycle R-HSA-9013407,1/36,0.5739370830449849,1.1928418227289914,0.6623081259714688,VAMP3,1.0
Reactome_2022,Cyclin E Associated Events During G1/S Transition R-HSA-69202,2/82,0.57515835271877,1.0435622099020985,0.5772045687610566,PSMB2;RBBP4,1.0
Reactome_2022,Cytokine Signaling In Immune System R-HSA-1280215,16/702,0.5790425826166659,0.9724708889833641,0.5313379237285553,AURKAIP1;CDC42;CLSTN1;CSF3R;EIF4G3;IFI6;IFNLR1;ISG15;PSMB2;RPS6KA1;TNFRSF14;TNFRSF18;TNFRSF1B;TNFRSF25;TRIM62;TXLNA,1.0
Reactome_2022,Antiviral Mechanism By IFN-stimulated Genes R-HSA-1169410,2/83,0.5817687457196681,1.0306257400835361,0.5582716742662643,EIF4G3;ISG15,1.0
Reactome_2022,Transport Of Mature Transcript To Cytoplasm R-HSA-72202,2/83,0.5817687457196681,1.0306257400835361,0.5582716742662643,SRRM1;SRSF4,1.0
Reactome_2022,SUMOylation R-HSA-2990846,4/174,0.5837164634188557,0.9818458211316189,0.5285668026613484,HDAC1;PARK7;PHC2;SCMH1,1.0
Reactome_2022,Triglyceride Metabolism R-HSA-8979227,1/37,0.5839249334324296,1.1596478463315951,0.6238706453164949,FABP3,1.0
Reactome_2022,Cleavage Of Damaged Purine R-HSA-110331,1/37,0.5839249334324296,1.1596478463315951,0.6238706453164949,MUTYH,1.0
Reactome_2022,MAP2K And MAPK Activation R-HSA-5674135,1/37,0.5839249334324296,1.1596478463315951,0.6238706453164949,CNKSR1,1.0
Reactome_2022,Interactions Of Rev With Host Cellular Proteins R-HSA-177243,1/37,0.5839249334324296,1.1596478463315951,0.6238706453164949,RCC1,1.0
Reactome_2022,Regulation Of TP53 Expression And Degradation R-HSA-6806003,1/37,0.5839249334324296,1.1596478463315951,0.6238706453164949,MTOR,1.0
Reactome_2022,Cooperation Of PDCL (PhLP1) And TRiC/CCT In G-protein Beta Folding R-HSA-6814122,1/37,0.5839249334324296,1.1596478463315951,0.6238706453164949,GNB1,1.0
Reactome_2022,HDR Thru Single Strand Annealing (SSA) R-HSA-5685938,1/37,0.5839249334324296,1.1596478463315951,0.6238706453164949,ARTN,1.0
Reactome_2022,G1/S Transition R-HSA-69206,3/129,0.5843764240346232,0.9936507727939927,0.5337990741117962,HDAC1;PSMB2;RBBP4,1.0
Reactome_2022,Cyclin A:Cdk2-associated Events At S Phase Entry R-HSA-69656,2/84,0.5883032031102906,1.0180047939190848,0.5400645862973488,PSMB2;RBBP4,1.0
Reactome_2022,Degradation Of Beta-Catenin By Destruction Complex R-HSA-195253,2/84,0.5883032031102906,1.0180047939190848,0.5400645862973488,HDAC1;PSMB2,1.0
Reactome_2022,Hemostasis R-HSA-109582,13/576,0.5925102416977105,0.9626490531894905,0.5038381160552756,CAP1;CAPZB;CDC42;FGR;GNB1;HDAC1;KDM1A;KIF1B;MFN2;PAFAH2;PDPN;PRKCZ;SDC3,1.0
Reactome_2022,Association Of TriC/CCT With Target Proteins During Biosynthesis R-HSA-390471,1/38,0.5936791352634989,1.1282481389286527,0.5882869496510219,FBXO6,1.0
Reactome_2022,Assembly Of ORC Complex At Origin Of Replication R-HSA-68616,1/38,0.5936791352634989,1.1282481389286527,0.5882869496510219,KPNA6,1.0
Reactome_2022,Resolution Of Abasic Sites (AP Sites) R-HSA-73933,1/38,0.5936791352634989,1.1282481389286527,0.5882869496510219,MUTYH,1.0
Reactome_2022,HSP90 Chaperone Cycle For Steroid Hormone Receptors (SHR) In Presence Of Ligand R-HSA-3371497,1/38,0.5936791352634989,1.1282481389286527,0.5882869496510219,CAPZB,1.0
Reactome_2022,Fanconi Anemia Pathway R-HSA-6783310,1/38,0.5936791352634989,1.1282481389286527,0.5882869496510219,FAAP20,1.0
Reactome_2022,FCGR3A-mediated IL10 Synthesis R-HSA-9664323,1/38,0.5936791352634989,1.1282481389286527,0.5882869496510219,FGR,1.0
Reactome_2022,Signaling By RAF1 Mutants R-HSA-9656223,1/38,0.5936791352634989,1.1282481389286527,0.5882869496510219,CNKSR1,1.0
Reactome_2022,Hedgehog On State R-HSA-5632684,2/85,0.5947616517783095,1.0056879669393193,0.522549975498082,PSMB2;PTCH2,1.0
Reactome_2022,Signaling By NTRKs R-HSA-166520,3/132,0.5999862860688558,0.970392577781005,0.4957235739246731,ID3;PTPRU;RPS6KA1,1.0
Reactome_2022,Metabolism Of Proteins R-HSA-392499,43/1890,0.6013134733583866,0.9687633141653449,0.49275070079943667,ALPL;AURKAIP1;B4GALT2;CAPZB;DDOST;DHDDS;DLGAP3;DPH2;EIF2B3;EIF3I;FBXO2;FBXO44;FBXO6;FUCA1;GNB1;HDAC1;HSPG2;ICMT;KLHL21;MAN1C1;MRPL20;MRPS15;MUL1;OTUD3;PARK7;PEX10;PEX14;PHC2;PIGV;PSMB2;PTP4A2;RPL11;RPL22;RPS8;SCMH1;SPSB1;ST3GAL3;SVBP;TRAPPC3;UBE2J2;USP48;VWA1;WDTC1,1.0
Reactome_2022,NGF-stimulated Transcription R-HSA-9031628,1/39,0.6032051429128665,1.0985010477048125,0.5552900126113163,ID3,1.0
Reactome_2022,Ovarian Tumor Domain Proteases R-HSA-5689896,1/39,0.6032051429128665,1.0985010477048125,0.5552900126113163,OTUD3,1.0
Reactome_2022,Presynaptic Phase Of Homologous DNA Pairing And Strand Exchange R-HSA-5693616,1/40,0.6125082836932271,1.070279448338605,0.5246432926826154,ARTN,1.0
Reactome_2022,Signaling By Receptor Tyrosine Kinases R-HSA-9006934,11/496,0.6145664507216018,0.9452818494682175,0.46019933105722427,ATP6V0B;CDC42;COL9A2;HDAC1;ID3;MTOR;PRKCZ;PTPRU;RPS6KA1;STMN1;WASF2,1.0
Reactome_2022,Intra-Golgi And Retrograde Golgi-to-ER Traffic R-HSA-6811442,4/181,0.6148227816398025,0.9426748291869466,0.458537033535444,CAPZB;KIF1B;MAN1C1;VAMP3,1.0
Reactome_2022,Cellular Response To Chemical Stress R-HSA-9711123,4/182,0.6191471880847303,0.9373304723405627,0.449367711586543,MUL1;PRDX1;PSMB2;SESN2,1.0
Reactome_2022,G2/M Transition R-HSA-69275,4/182,0.6191471880847303,0.9373304723405627,0.449367711586543,CDK11A;CDK11B;PSMB2;RBBP4,1.0
Reactome_2022,ER-Phagosome Pathway R-HSA-1236974,2/89,0.6198354258784493,0.9592521134983638,0.45881151210834475,PSMB2;VAMP3,1.0
Reactome_2022,Unfolded Protein Response (UPR) R-HSA-381119,2/89,0.6198354258784493,0.9592521134983638,0.45881151210834475,NFYC;ZBTB17,1.0
Reactome_2022,Mitochondrial Biogenesis R-HSA-1592230,2/89,0.6198354258784493,0.9592521134983638,0.45881151210834475,DNAJC11;MICOS10,1.0
Reactome_2022,Late Phase Of HIV Life Cycle R-HSA-162599,3/136,0.620193194842181,0.9410138051330204,0.44954510949525833,ELOA;RCC1;TAF12,1.0
Reactome_2022,Defective Homologous Recombination Repair (HRR) Due To BRCA2 Loss Of Function R-HSA-9701190,1/41,0.6215937608090362,1.0434689289407082,0.4961366244790896,ARTN,1.0
Reactome_2022,Signaling By Retinoic Acid R-HSA-5362517,1/41,0.6215937608090362,1.0434689289407082,0.4961366244790896,DHRS3,1.0
Reactome_2022,"Sensory Perception Of Sweet, Bitter, And Umami (Glutamate) Taste R-HSA-9717207",1/41,0.6215937608090362,1.0434689289407082,0.4961366244790896,GNB1,1.0
Reactome_2022,Paradoxical Activation Of RAF Signaling By Kinase Inactive BRAF R-HSA-6802955,1/41,0.6215937608090362,1.0434689289407082,0.4961366244790896,CNKSR1,1.0
Reactome_2022,Carboxyterminal Post-Translational Modifications Of Tubulin R-HSA-8955332,1/41,0.6215937608090362,1.0434689289407082,0.4961366244790896,SVBP,1.0
Reactome_2022,Influenza Viral RNA Transcription And Replication R-HSA-168273,3/137,0.6251352629101021,0.933943167686024,0.4387545755973318,RPL11;RPL22;RPS8,1.0
Reactome_2022,Chaperonin-mediated Protein Folding R-HSA-390466,2/90,0.6259142353955284,0.9483027503290475,0.44431959273506705,FBXO6;GNB1,1.0
Reactome_2022,Respiratory Electron Transport R-HSA-611105,2/90,0.6259142353955284,0.9483027503290475,0.44431959273506705,NDUFS5;SDHB,1.0
Reactome_2022,Mitotic G2-G2/M Phases R-HSA-453274,4/184,0.6277044148889626,0.9268199038760079,0.4316069613019423,CDK11A;CDK11B;PSMB2;RBBP4,1.0
Reactome_2022,Intra-Golgi Traffic R-HSA-6811438,1/42,0.6304666562417429,1.017966239757343,0.469582746345496,MAN1C1,1.0
Reactome_2022,tRNA Modification In Nucleus And Cytosol R-HSA-6782315,1/42,0.6304666562417429,1.017966239757343,0.469582746345496,TRIT1,1.0
Reactome_2022,Defective Pyroptosis R-HSA-9710421,1/42,0.6304666562417429,1.017966239757343,0.469582746345496,RBBP4,1.0
Reactome_2022,Vasopressin Regulates Renal Water Homeostasis Via Aquaporins R-HSA-432040,1/42,0.6304666562417429,1.017966239757343,0.469582746345496,GNB1,1.0
Reactome_2022,Activation Of GABAB Receptors R-HSA-991365,1/42,0.6304666562417429,1.017966239757343,0.469582746345496,GNB1,1.0
Reactome_2022,Glucagon-like Peptide-1 (GLP1) Regulates Insulin Secretion R-HSA-381676,1/42,0.6304666562417429,1.017966239757343,0.469582746345496,GNB1,1.0
Reactome_2022,Signaling By SCF-KIT R-HSA-1433557,1/42,0.6304666562417429,1.017966239757343,0.469582746345496,PTPRU,1.0
Reactome_2022,Kinesins R-HSA-983189,1/42,0.6304666562417429,1.017966239757343,0.469582746345496,KIF1B,1.0
Reactome_2022,PRC2 Methylates Histones And DNA R-HSA-212300,1/42,0.6304666562417429,1.017966239757343,0.469582746345496,RBBP4,1.0
Reactome_2022,NS1 Mediated Effects On Host Pathways R-HSA-168276,1/42,0.6304666562417429,1.017966239757343,0.469582746345496,ISG15,1.0
Reactome_2022,Activation Of Gene Expression By SREBF (SREBP) R-HSA-2426168,1/42,0.6304666562417429,1.017966239757343,0.469582746345496,NFYC,1.0
Reactome_2022,Class B/2 (Secretin Family Receptors) R-HSA-373080,2/92,0.6378453332649479,0.9271339815350361,0.4168945556352769,GNB1;PTCH2,1.0
Reactome_2022,Post-translational Modification: Synthesis Of GPI-anchored Proteins R-HSA-163125,2/92,0.6378453332649479,0.9271339815350361,0.4168945556352769,ALPL;PIGV,1.0
Reactome_2022,Homologous DNA Pairing And Strand Exchange R-HSA-5693579,1/43,0.639131933568071,0.9936779643446139,0.44481435339571423,ARTN,1.0
Reactome_2022,GPER1 Signaling R-HSA-9634597,1/43,0.639131933568071,0.9936779643446139,0.44481435339571423,GNB1,1.0
Reactome_2022,Voltage Gated Potassium Channels R-HSA-1296072,1/43,0.639131933568071,0.9936779643446139,0.44481435339571423,KCNAB2,1.0
Reactome_2022,Formation Of HIV-1 Elongation Complex Containing HIV-1 Tat R-HSA-167200,1/43,0.639131933568071,0.9936779643446139,0.44481435339571423,ELOA,1.0
Reactome_2022,Unattached Kinetochores Signal Amplification Via A MAD2 Inhibitory Signal R-HSA-141444,2/93,0.6436980545665177,0.9168985328873823,0.4039172050004702,NUDC;RCC2,1.0
Reactome_2022,Metabolism Of Lipids R-HSA-556833,16/732,0.6459347996631952,0.9302417359824405,0.4065683922677555,ACOT7;CLSTN1;CPTP;ELOVL1;FABP3;HMGCL;LDLRAP1;MECR;MED18;MED8;MFSD2A;NFYC;OXCT2;PPT1;PRXL2B;THRAP3,1.0
Reactome_2022,TP53 Regulates Transcription Of Cell Death Genes R-HSA-5633008,1/44,0.6475944407129397,0.970519376160384,0.42168158649259213,TP73,1.0
Reactome_2022,"Base-Excision Repair, AP Site Formation R-HSA-73929",1/44,0.6475944407129397,0.970519376160384,0.42168158649259213,MUTYH,1.0
Reactome_2022,Interleukin-2 Family Signaling R-HSA-451927,1/44,0.6475944407129397,0.970519376160384,0.42168158649259213,CLSTN1,1.0
Reactome_2022,"Interleukin-3, Interleukin-5 And GM-CSF Signaling R-HSA-512988",1/44,0.6475944407129397,0.970519376160384,0.42168158649259213,CLSTN1,1.0
Reactome_2022,Clathrin-mediated Endocytosis R-HSA-8856828,3/142,0.6491803331701883,0.9001160173101067,0.38889038864032727,LDLRAP1;NECAP2;VAMP3,1.0
Reactome_2022,Metabolism Of Nucleotides R-HSA-15869,2/95,0.655179154375526,0.8970879871177297,0.37933057171645634,AK2;CTPS1,1.0
Reactome_2022,Interleukin-10 Signaling R-HSA-6783783,1/45,0.6558589126384933,0.9484134510754372,0.4000498845544327,TNFRSF1B,1.0
Reactome_2022,Glycosphingolipid Metabolism R-HSA-1660662,1/45,0.6558589126384933,0.9484134510754372,0.4000498845544327,CPTP,1.0
Reactome_2022,Formation Of HIV Elongation Complex In Absence Of HIV Tat R-HSA-167152,1/45,0.6558589126384933,0.9484134510754372,0.4000498845544327,ELOA,1.0
Reactome_2022,TBC/RABGAPs R-HSA-8854214,1/45,0.6558589126384933,0.9484134510754372,0.4000498845544327,SYTL1,1.0
Reactome_2022,Infectious Disease R-HSA-5663205,21/961,0.6586088598538931,0.9292017503819875,0.3880583052522471,AGRN;CDC42;DDOST;ELOA;ENO1;FGR;GNB1;HDAC1;HSPG2;ISG15;KDM1A;PSMB2;RBBP4;RCC1;RPL11;RPL22;RPS8;SDC3;ST3GAL3;TAF12;WASF2,1.0
Reactome_2022,Protein Folding R-HSA-391251,2/96,0.6608081434350638,0.8874988399632703,0.36768343266665643,FBXO6;GNB1,1.0
Reactome_2022,XBP1(S) Activates Chaperone Genes R-HSA-381038,1/46,0.6639299739707503,0.9272900115498215,0.3797981409732232,ZBTB17,1.0
Reactome_2022,HIV Transcription Initiation R-HSA-167161,1/46,0.6639299739707503,0.9272900115498215,0.3797981409732232,TAF12,1.0
Reactome_2022,EML4 And NUDC In Mitotic Spindle Formation R-HSA-9648025,2/97,0.6663632097410015,0.87811156959101,0.3564433970484201,NUDC;RCC2,1.0
Reactome_2022,SARS-CoV-2 Modulates Host Translation Machinery R-HSA-9754678,1/47,0.6718121415653019,0.9070849824383628,0.36081711562536495,RPS8,1.0
Reactome_2022,PKMTs Methylate Histone Lysines R-HSA-3214841,1/47,0.6718121415653019,0.9070849824383628,0.36081711562536495,RBBP4,1.0
Reactome_2022,G Alpha (Z) Signaling Events R-HSA-418597,1/47,0.6718121415653019,0.9070849824383628,0.36081711562536495,GNB1,1.0
Reactome_2022,RUNX1 Regulates Transcription Of Genes Involved In Differentiation Of HSCs R-HSA-8939236,2/98,0.6718447226345174,0.868919867351505,0.34559378938729257,PSMB2;TP73,1.0
Reactome_2022,Mitotic G1 Phase And G1/S Transition R-HSA-453279,3/147,0.6721093510895895,0.8686379745991835,0.34513959805993827,HDAC1;PSMB2;RBBP4,1.0
Reactome_2022,IRE1alpha Activates Chaperones R-HSA-381070,1/48,0.679509827013477,0.8877397417997323,0.3430080625375959,ZBTB17,1.0
Reactome_2022,Retrograde Transport At Trans-Golgi-Network R-HSA-6811440,1/48,0.679509827013477,0.8877397417997323,0.3430080625375959,VAMP3,1.0
Reactome_2022,Cross-presentation Of Soluble Exogenous Antigens (Endosomes) R-HSA-1236978,1/48,0.679509827013477,0.8877397417997323,0.3430080625375959,PSMB2,1.0
Reactome_2022,CDC42 GTPase Cycle R-HSA-9013148,3/149,0.6809677200810578,0.8566504460051606,0.32915968837545434,ARHGEF16;CDC42;VAMP3,1.0
Reactome_2022,HIV Life Cycle R-HSA-162587,3/149,0.6809677200810578,0.8566504460051606,0.32915968837545434,ELOA;RCC1;TAF12,1.0
Reactome_2022,DNA Double-Strand Break Repair R-HSA-5693532,3/149,0.6809677200810578,0.8566504460051606,0.32915968837545434,ARTN;EYA3;KDM4A,1.0
Reactome_2022,Transport Of Small Molecules R-HSA-382551,15/706,0.6857428959988838,0.9028569591092617,0.3406050528033051,ATP13A2;ATP6V0B;BEST4;CLCN6;CLCNKA;GNB1;LDLRAP1;NIPAL3;PSMB2;SCNN1D;SLC2A1;SLC66A1;SLC6A9;SLC9A1;TRNP1,1.0
Reactome_2022,RMTs Methylate Histone Arginines R-HSA-3214858,1/49,0.687027339090346,0.8692005528543779,0.3262815401914239,ARID1A,1.0
Reactome_2022,Signaling By EGFR R-HSA-177929,1/49,0.687027339090346,0.8692005528543779,0.3262815401914239,CDC42,1.0
Reactome_2022,Regulation Of Activated PAK-2p34 By Proteasome Mediated Degradation R-HSA-211733,1/49,0.687027339090346,0.8692005528543779,0.3262815401914239,PSMB2,1.0
Reactome_2022,TP53 Regulates Transcription Of Cell Cycle Genes R-HSA-6791312,1/49,0.687027339090346,0.8692005528543779,0.3262815401914239,PLK3,1.0
Reactome_2022,Netrin-1 Signaling R-HSA-373752,1/49,0.687027339090346,0.8692005528543779,0.3262815401914239,CDC42,1.0
Reactome_2022,Interferon Signaling R-HSA-913531,4/200,0.691642256448267,0.8504574064600577,0.31355210292037644,EIF4G3;IFI6;ISG15;TRIM62,1.0
Reactome_2022,Potassium Channels R-HSA-1296071,2/102,0.6930434116183578,0.8339913988413864,0.3057934869742138,GNB1;KCNAB2,1.0
Reactome_2022,Aquaporin-mediated Transport R-HSA-445717,1/50,0.6943688861459183,0.85141806549863,0.31055637705697375,GNB1,1.0
Reactome_2022,Regulation Of Ornithine Decarboxylase (ODC) R-HSA-350562,1/50,0.6943688861459183,0.85141806549863,0.31055637705697375,PSMB2,1.0
Reactome_2022,Nonhomologous End-Joining (NHEJ) R-HSA-5693571,1/51,0.701538578440841,0.8343468776371119,0.29575876951168995,ARTN,1.0
Reactome_2022,Ubiquitin Mediated Degradation Of Phosphorylated Cdc25A R-HSA-69601,1/51,0.701538578440841,0.8343468776371119,0.29575876951168995,PSMB2,1.0
Reactome_2022,Autodegradation Of E3 Ubiquitin Ligase COP1 R-HSA-349425,1/51,0.701538578440841,0.8343468776371119,0.29575876951168995,PSMB2,1.0
Reactome_2022,Complex I Biogenesis R-HSA-6799198,1/51,0.701538578440841,0.8343468776371119,0.29575876951168995,NDUFS5,1.0
Reactome_2022,Ubiquitin-dependent Degradation Of Cyclin D R-HSA-75815,1/51,0.701538578440841,0.8343468776371119,0.29575876951168995,PSMB2,1.0
Reactome_2022,Vpu Mediated Degradation Of CD4 R-HSA-180534,1/51,0.701538578440841,0.8343468776371119,0.29575876951168995,PSMB2,1.0
Reactome_2022,Synthesis Of PIPs At Plasma Membrane R-HSA-1660499,1/51,0.701538578440841,0.8343468776371119,0.29575876951168995,CLSTN1,1.0
Reactome_2022,GSK3B And BTRC:CUL1-mediated-degradation Of NFE2L2 R-HSA-9762114,1/51,0.701538578440841,0.8343468776371119,0.29575876951168995,PSMB2,1.0
Reactome_2022,Antigen processing-Cross Presentation R-HSA-1236975,2/104,0.703212624500537,0.8175544724836834,0.2878576430634266,PSMB2;VAMP3,1.0
Reactome_2022,Integration Of Energy Metabolism R-HSA-163685,2/105,0.7081913964589782,0.8095753820187791,0.27933660858553505,GNB1;SLC2A1,1.0
Reactome_2022,tRNA Processing R-HSA-72306,2/105,0.7081913964589782,0.8095753820187791,0.27933660858553505,TRIT1;ZBTB8OS,1.0
Reactome_2022,Signaling By Non-Receptor Tyrosine Kinases R-HSA-9006927,1/52,0.7085404304278924,0.8179451481231043,0.2818214930310526,KHDRBS1,1.0
Reactome_2022,SARS-CoV-1 Infection R-HSA-9678108,1/52,0.7085404304278924,0.8179451481231043,0.2818214930310526,ST3GAL3,1.0
Reactome_2022,Signaling By PDGF R-HSA-186797,1/52,0.7085404304278924,0.8179451481231043,0.2818214930310526,COL9A2,1.0
Reactome_2022,Formation Of TC-NER Pre-Incision Complex R-HSA-6781823,1/52,0.7085404304278924,0.8179451481231043,0.2818214930310526,PPIE,1.0
Reactome_2022,Regulation Of Apoptosis R-HSA-169911,1/52,0.7085404304278924,0.8179451481231043,0.2818214930310526,PSMB2,1.0
Reactome_2022,Innate Immune System R-HSA-168249,22/1035,0.7100753145711056,0.9017702404283938,0.30875191636027555,ATAD3B;ATP6V0B;C1QA;C1QB;C1QC;CAP1;CASP9;CDC42;DDOST;FGR;FUCA1;ISG15;KCNAB2;PADI2;PPIE;PSMB2;RPS6KA1;SLC2A5;TINAGL1;TNFRSF1B;UBR4;WASF2,1.0
Reactome_2022,"Platelet Activation, Signaling And Aggregation R-HSA-76002",5/254,0.7121488287054918,0.8363041623739246,0.2838988027406951,CAP1;CDC42;GNB1;PDPN;PRKCZ,1.0
Reactome_2022,Resolution Of Sister Chromatid Cohesion R-HSA-2500257,2/106,0.7131003022721689,0.8017497356012767,0.2710981973347525,NUDC;RCC2,1.0
Reactome_2022,Vif-mediated Degradation Of APOBEC3G R-HSA-180585,1/53,0.7153783629805166,0.8021742543596355,0.2686832106021816,PSMB2,1.0
Reactome_2022,"Nucleotide-binding Domain, Leucine Rich Repeat Containing NLR Signaling Pathways R-HSA-168643",1/53,0.7153783629805166,0.8021742543596355,0.2686832106021816,CASP9,1.0
Reactome_2022,Negative Regulation Of NOTCH4 Signaling R-HSA-9604323,1/53,0.7153783629805166,0.8021742543596355,0.2686832106021816,PSMB2,1.0
Reactome_2022,Ion Transport By P-type ATPases R-HSA-936837,1/53,0.7153783629805166,0.8021742543596355,0.2686832106021816,ATP13A2,1.0
Reactome_2022,Deposition Of New CENPA-containing Nucleosomes At Centromere R-HSA-606279,1/53,0.7153783629805166,0.8021742543596355,0.2686832106021816,RBBP4,1.0
Reactome_2022,Sensory Processing Of Sound By Outer Hair Cells Of Cochlea R-HSA-9662361,1/53,0.7153783629805166,0.8021742543596355,0.2686832106021816,ESPN,1.0
Reactome_2022,Regulation Of RUNX3 Expression And Activity R-HSA-8941858,1/54,0.7220562055696336,0.7869984886627127,0.25628786483653765,PSMB2,1.0
Reactome_2022,AUF1 (hnRNP D0) Binds And Destabilizes mRNA R-HSA-450408,1/54,0.7220562055696336,0.7869984886627127,0.25628786483653765,PSMB2,1.0
Reactome_2022,SCF-beta-TrCP Mediated Degradation Of Emi1 R-HSA-174113,1/54,0.7220562055696336,0.7869984886627127,0.25628786483653765,PSMB2,1.0
Reactome_2022,Degradation Of AXIN R-HSA-4641257,1/54,0.7220562055696336,0.7869984886627127,0.25628786483653765,PSMB2,1.0
Reactome_2022,Pyruvate Metabolism And Citric Acid (TCA) Cycle R-HSA-71406,1/54,0.7220562055696336,0.7869984886627127,0.25628786483653765,SDHB,1.0
Reactome_2022,FBXL7 Down-Regulates AURKA During Mitotic Entry And In Early Mitosis R-HSA-8854050,1/54,0.7220562055696336,0.7869984886627127,0.25628786483653765,PSMB2,1.0
Reactome_2022,Signaling By B Cell Receptor (BCR) R-HSA-983705,2/109,0.7274132438054921,0.7791504389376486,0.24797283908588277,CLSTN1;PSMB2,1.0
Reactome_2022,Degradation Of DVL R-HSA-4641258,1/55,0.7285776983899189,0.7723847883619722,0.24458414234758827,PSMB2,1.0
Reactome_2022,Golgi Associated Vesicle Biogenesis R-HSA-432722,1/55,0.7285776983899189,0.7723847883619722,0.24458414234758827,PUM1,1.0
Reactome_2022,Regulation Of Cholesterol Biosynthesis By SREBP (SREBF) R-HSA-1655829,1/55,0.7285776983899189,0.7723847883619722,0.24458414234758827,NFYC,1.0
Reactome_2022,Hh Mutants Are Degraded By ERAD R-HSA-5362768,1/55,0.7285776983899189,0.7723847883619722,0.24458414234758827,PSMB2,1.0
Reactome_2022,Assembly Of Pre-Replicative Complex R-HSA-68867,2/110,0.7320481684845821,0.7718963437122864,0.24076138830000002,KPNA6;PSMB2,1.0
Reactome_2022,Mitotic Spindle Checkpoint R-HSA-69618,2/110,0.7320481684845821,0.7718963437122864,0.24076138830000002,NUDC;RCC2,1.0
Reactome_2022,Meiotic Recombination R-HSA-912446,1/56,0.7349464944367234,0.758302495344895,0.23352500069481194,ARTN,1.0
Reactome_2022,Stabilization Of P53 R-HSA-69541,1/56,0.7349464944367234,0.758302495344895,0.23352500069481194,PSMB2,1.0
Reactome_2022,Signaling By Interleukins R-HSA-449147,9/453,0.7365393251292646,0.8429605897429537,0.2577711524956039,AURKAIP1;CDC42;CLSTN1;CSF3R;IFNLR1;PSMB2;RPS6KA1;TNFRSF1B;TXLNA,1.0
Reactome_2022,Golgi-to-ER Retrograde Transport R-HSA-8856688,2/112,0.7411174157674465,0.7577838311829456,0.22702916413415017,CAPZB;KIF1B,1.0
Reactome_2022,"Respiratory Electron Transport, ATP Synthesis By Chemiosmotic Coupling, Heat Production By Uncoupling Proteins R-HSA-163200",2/112,0.7411174157674465,0.7577838311829456,0.22702916413415017,NDUFS5;SDHB,1.0
Reactome_2022,Signaling By ERBB4 R-HSA-1236394,1/57,0.7411661615347784,0.744723141364142,0.223067249641935,STMN1,1.0
Reactome_2022,tRNA Processing In Nucleus R-HSA-6784531,1/57,0.7411661615347784,0.744723141364142,0.223067249641935,ZBTB8OS,1.0
Reactome_2022,Hh Mutants Abrogate Ligand Secretion R-HSA-5387390,1/58,0.7472401843198022,0.7316202559441172,0.213171179687086,PSMB2,1.0
Reactome_2022,NIK To Noncanonical NF-kB Signaling R-HSA-5676590,1/58,0.7472401843198022,0.7316202559441172,0.213171179687086,PSMB2,1.0
Reactome_2022,Disease R-HSA-1643685,37/1736,0.7495979452319307,0.9010636597492567,0.2597030264861857,AGRN;AGTRAP;ARTN;B3GALT6;CASP9;CDC42;CLCN6;CLSTN1;CNKSR1;DDOST;DHDDS;ELOA;ENO1;FGR;GALE;GNB1;HDAC1;HEYL;HSPG2;ISG15;KDM1A;MIB2;MMACHC;MTOR;MUTYH;PRDX1;PSMB2;RBBP4;RCC1;RPL11;RPL22;RPS8;SDC3;SLC2A1;ST3GAL3;TAF12;WASF2,1.0
Reactome_2022,Signaling By NTRK1 (TRKA) R-HSA-187037,2/114,0.7499231907379891,0.7441753369582239,0.21416211985105751,ID3;RPS6KA1,1.0
Reactome_2022,GABA Receptor Activation R-HSA-977443,1/59,0.7531719661740964,0.7189691941592656,0.20380023183767723,GNB1,1.0
Reactome_2022,GLI3 Is Processed To GLI3R By Proteasome R-HSA-5610785,1/59,0.7531719661740964,0.7189691941592656,0.20380023183767723,PSMB2,1.0
Reactome_2022,Degradation Of GLI2 By Proteasome R-HSA-5610783,1/59,0.7531719661740964,0.7189691941592656,0.20380023183767723,PSMB2,1.0
Reactome_2022,SCF(Skp2)-mediated Degradation Of P27/P21 R-HSA-187577,1/59,0.7531719661740964,0.7189691941592656,0.20380023183767723,PSMB2,1.0
Reactome_2022,Iron Uptake And Transport R-HSA-917937,1/59,0.7531719661740964,0.7189691941592656,0.20380023183767723,ATP6V0B,1.0
Reactome_2022,O-linked Glycosylation Of Mucins R-HSA-913709,1/59,0.7531719661740964,0.7189691941592656,0.20380023183767723,ST3GAL3,1.0
Reactome_2022,Arachidonic Acid Metabolism R-HSA-2142753,1/59,0.7531719661740964,0.7189691941592656,0.20380023183767723,PRXL2B,1.0
Reactome_2022,Role Of GTSE1 In G2/M Progression After G2 Checkpoint R-HSA-8852276,1/59,0.7531719661740964,0.7189691941592656,0.20380023183767723,PSMB2,1.0
Reactome_2022,Transcriptional Regulation Of Granulopoiesis R-HSA-9616222,1/59,0.7531719661740964,0.7189691941592656,0.20380023183767723,CSF3R,1.0
Reactome_2022,Degradation Of GLI1 By Proteasome R-HSA-5610780,1/59,0.7531719661740964,0.7189691941592656,0.20380023183767723,PSMB2,1.0
Reactome_2022,Biological Oxidations R-HSA-211859,4/218,0.7537840727952809,0.7781985011949646,0.2199572830947529,AKR1A1;AKR7A2;AKR7A3;AURKAIP1,1.0
Reactome_2022,Epigenetic Regulation Of Gene Expression R-HSA-212165,2/116,0.7584704038347786,0.7310443337589312,0.20209830284566802,HDAC1;RBBP4,1.0
Reactome_2022,rRNA Modification In Nucleus And Cytosol R-HSA-6790901,1/60,0.7589648311172045,0.7067469819264429,0.1949207034573018,UTP11,1.0
Reactome_2022,Defective CFTR Causes Cystic Fibrosis R-HSA-5678895,1/60,0.7589648311172045,0.7067469819264429,0.1949207034573018,PSMB2,1.0
Reactome_2022,Formation Of beta-catenin:TCF Transactivating Complex R-HSA-201722,1/60,0.7589648311172045,0.7067469819264429,0.1949207034573018,HDAC1,1.0
Reactome_2022,Separation Of Sister Chromatids R-HSA-2467813,3/170,0.7633603726390349,0.7481166541838284,0.20201023624717243,NUDC;PSMB2;RCC2,1.0
Reactome_2022,DNA Damage/Telomere Stress Induced Senescence R-HSA-2559586,1/61,0.7646220256526683,0.6949321767680476,0.18650148573342,ARTN,1.0
Reactome_2022,Dectin-1 Mediated Noncanonical NF-kB Signaling R-HSA-5607761,1/61,0.7646220256526683,0.6949321767680476,0.18650148573342,PSMB2,1.0
Reactome_2022,Post NMDA Receptor Activation Events R-HSA-438064,1/61,0.7646220256526683,0.6949321767680476,0.18650148573342,RPS6KA1,1.0
Reactome_2022,Developmental Biology R-HSA-1266738,22/1073,0.7691783506076476,0.8673823160172286,0.22762923245070552,AGRN;ARTN;CAP1;CDC42;CLSTN1;COL9A2;CSF3R;EPHA2;EPHB2;KAZN;LYPLA2;MED18;MED8;POU3F1;PSMB2;RAP1GAP;RBBP4;RPL11;RPL22;RPS6KA1;RPS8;THRAP3,1.0
Reactome_2022,TP53 Regulates Transcription Of DNA Repair Genes R-HSA-6796648,1/62,0.7701467205718997,0.6835047422705834,0.1785138289255608,ELOA,1.0
Reactome_2022,RAB Geranylgeranylation R-HSA-8873719,1/62,0.7701467205718997,0.6835047422705834,0.1785138289255608,PTP4A2,1.0
Reactome_2022,Asymmetric Localization Of PCP Proteins R-HSA-4608870,1/62,0.7701467205718997,0.6835047422705834,0.1785138289255608,PSMB2,1.0
Reactome_2022,MAP Kinase Activation R-HSA-450294,1/62,0.7701467205718997,0.6835047422705834,0.1785138289255608,RPS6KA1,1.0
Reactome_2022,RHO GTPases Activate PKNs R-HSA-5625740,1/62,0.7701467205718997,0.6835047422705834,0.1785138289255608,KDM1A,1.0
Reactome_2022,Transcriptional Regulation By RUNX2 R-HSA-8878166,2/119,0.7708174274695977,0.7121895599343058,0.1853856011332935,HIVEP3;PSMB2,1.0
Reactome_2022,Autodegradation Of Cdh1 By Cdh1:APC/C R-HSA-174084,1/63,0.7755420127161643,0.6724459346923921,0.170931132072607,PSMB2,1.0
Reactome_2022,Oxygen-dependent Proline Hydroxylation Of Hypoxia-inducible Factor Alpha R-HSA-1234176,1/64,0.7808109266976477,0.6617382003706515,0.16372875427957098,PSMB2,1.0
Reactome_2022,Gap-filling DNA Repair Synthesis And Ligation In TC-NER R-HSA-6782210,1/64,0.7808109266976477,0.6617382003706515,0.16372875427957098,PPIE,1.0
Reactome_2022,Hedgehog Ligand Biogenesis R-HSA-5358346,1/64,0.7808109266976477,0.6617382003706515,0.16372875427957098,PSMB2,1.0
Reactome_2022,Rab Regulation Of Trafficking R-HSA-9007101,2/122,0.7826113061443867,0.6942775248009115,0.17018069758791457,SYTL1;TRAPPC3,1.0
Reactome_2022,p53-Dependent G1 DNA Damage Response R-HSA-69563,1/65,0.7859564165805482,0.6513650827464651,0.15688384508151895,PSMB2,1.0
Reactome_2022,Regulation Of RAS By GAPs R-HSA-5658442,1/65,0.7859564165805482,0.6513650827464651,0.15688384508151895,PSMB2,1.0
Reactome_2022,Dual Incision In TC-NER R-HSA-6782135,1/65,0.7859564165805482,0.6513650827464651,0.15688384508151895,PPIE,1.0
Reactome_2022,HIV Infection R-HSA-162906,4/229,0.7867498041619291,0.7397317852069298,0.1774209640740199,ELOA;PSMB2;RCC1;TAF12,1.0
Reactome_2022,Activation Of NF-kappaB In B Cells R-HSA-1169091,1/66,0.7909813675231266,0.6413111379722537,0.1503751917052289,PSMB2,1.0
Reactome_2022,COPII-mediated Vesicle Transport R-HSA-204005,1/66,0.7909813675231266,0.6413111379722537,0.1503751917052289,TRAPPC3,1.0
Reactome_2022,Mitotic Anaphase R-HSA-68882,4/232,0.7951051730418282,0.7298850421190837,0.16734868471458458,NUDC;PSMB2;RCC1;RCC2,1.0
Reactome_2022,HDR Thru Homologous Recombination (HRR) R-HSA-5685942,1/67,0.7958885973816185,0.6315618581912003,0.14418308132630012,ARTN,1.0
Reactome_2022,G1/S DNA Damage Checkpoints R-HSA-69615,1/67,0.7958885973816185,0.6315618581912003,0.14418308132630012,PSMB2,1.0
Reactome_2022,APC/C:Cdc20 Mediated Degradation Of Securin R-HSA-174154,1/67,0.7958885973816185,0.6315618581912003,0.14418308132630012,PSMB2,1.0
Reactome_2022,Mitotic Metaphase And Anaphase R-HSA-2555396,4/233,0.7978312350473287,0.7266601262606188,0.16412213999149958,NUDC;PSMB2;RCC1;RCC2,1.0
Reactome_2022,DNA Replication Pre-Initiation R-HSA-69002,2/127,0.801086493843775,0.6663347499928165,0.14778395568836356,KPNA6;PSMB2,1.0
Reactome_2022,Interleukin-17 Signaling R-HSA-448424,1/69,0.8053608381246912,0.6129235291980099,0.1326764034122193,RPS6KA1,1.0
Reactome_2022,Orc1 Removal From Chromatin R-HSA-68949,1/69,0.8053608381246912,0.6129235291980099,0.1326764034122193,PSMB2,1.0
Reactome_2022,Glycolysis R-HSA-70171,1/69,0.8053608381246912,0.6129235291980099,0.1326764034122193,ENO1,1.0
Reactome_2022,Host Interactions Of HIV Factors R-HSA-162909,2/130,0.8114919058243532,0.6506169391632631,0.13590142995713847,PSMB2;RCC1,1.0
Reactome_2022,trans-Golgi Network Vesicle Budding R-HSA-199992,1/71,0.8143943942489569,0.595350247575859,0.12223166682770163,PUM1,1.0
Reactome_2022,Base Excision Repair R-HSA-73884,1/72,0.8187530386110167,0.5869348732779275,0.11737099873377731,MUTYH,1.0
Reactome_2022,Cdc20:Phospho-APC/C Mediated Degradation Of Cyclin A R-HSA-174184,1/72,0.8187530386110167,0.5869348732779275,0.11737099873377731,PSMB2,1.0
Reactome_2022,CDK-mediated Phosphorylation And Removal Of Cdc6 R-HSA-69017,1/72,0.8187530386110167,0.5869348732779275,0.11737099873377731,PSMB2,1.0
Reactome_2022,ER To Golgi Anterograde Transport R-HSA-199977,2/133,0.8214094021550151,0.6356190280663611,0.12504763934026197,CAPZB;TRAPPC3,1.0
Reactome_2022,APC:Cdc20 Mediated Degradation Of Cell Cycle Proteins Before Cycle Checkpoint Satisfied R-HSA-179419,1/73,0.8230095409158161,0.5787532593771608,0.11273389213170384,PSMB2,1.0
Reactome_2022,APC/C:Cdh1 Mediated Degradation Of Cdc20 And APC/C:Cdh1 Targets In Late Mitosis/Early G1 R-HSA-174178,1/73,0.8230095409158161,0.5787532593771608,0.11273389213170384,PSMB2,1.0
Reactome_2022,Cellular Response To Hypoxia R-HSA-1234174,1/73,0.8230095409158161,0.5787532593771608,0.11273389213170384,PSMB2,1.0
Reactome_2022,NoRC Negatively Regulates rRNA Expression R-HSA-427413,1/74,0.8271662897917833,0.5707957992818946,0.10830823363757487,HDAC1,1.0
Reactome_2022,Formation Of Cornified Envelope R-HSA-6809371,1/74,0.8271662897917833,0.5707957992818946,0.10830823363757487,KAZN,1.0
Reactome_2022,Activation Of NMDA Receptors And Postsynaptic Events R-HSA-442755,1/74,0.8271662897917833,0.5707957992818946,0.10830823363757487,RPS6KA1,1.0
Reactome_2022,Signaling By Hedgehog R-HSA-5358351,2/135,0.8277588060129764,0.6259963081645892,0.11833425065736287,PSMB2;PTCH2,1.0
Reactome_2022,Nuclear Envelope (NE) Reassembly R-HSA-2995410,1/75,0.8312256181254903,0.5630534056756896,0.10408268496239238,RCC1,1.0
Reactome_2022,APC/C:Cdc20 Mediated Degradation Of Mitotic Proteins R-HSA-176409,1/75,0.8312256181254903,0.5630534056756896,0.10408268496239238,PSMB2,1.0
Reactome_2022,Leishmania Infection R-HSA-9658195,4/247,0.8330003497352632,0.6842982685642401,0.12503581239918618,CDC42;FGR;GNB1;WASF2,1.0
Reactome_2022,Transcriptional Regulation By Small RNAs R-HSA-5578749,1/76,0.8351898043597322,0.5555174758989834,0.10004662496922706,AGO1,1.0
Reactome_2022,Activation Of APC/C And APC/C:Cdc20 Mediated Degradation Of Mitotic Proteins R-HSA-176814,1/76,0.8351898043597322,0.5555174758989834,0.10004662496922706,PSMB2,1.0
Reactome_2022,Transcription-Coupled Nucleotide Excision Repair (TC-NER) R-HSA-6781827,1/77,0.839061073761441,0.5481798600637695,0.09619009670808641,PPIE,1.0
Reactome_2022,ABC Transporter Disorders R-HSA-5619084,1/77,0.839061073761441,0.5481798600637695,0.09619009670808641,PSMB2,1.0
Reactome_2022,G2/M DNA Damage Checkpoint R-HSA-69473,1/77,0.839061073761441,0.5481798600637695,0.09619009670808641,ARTN,1.0
Reactome_2022,Negative Epigenetic Regulation Of rRNA Expression R-HSA-5250941,1/77,0.839061073761441,0.5481798600637695,0.09619009670808641,HDAC1,1.0
Reactome_2022,Signaling By Insulin Receptor R-HSA-74752,1/77,0.839061073761441,0.5481798600637695,0.09619009670808641,ATP6V0B,1.0
Reactome_2022,FCERI Mediated NF-kB Activation R-HSA-2871837,1/78,0.8428415996601333,0.5410328316528469,0.09250375894516424,PSMB2,1.0
Reactome_2022,COPI-dependent Golgi-to-ER Retrograde Traffic R-HSA-6811434,1/78,0.8428415996601333,0.5410328316528469,0.09250375894516424,KIF1B,1.0
Reactome_2022,Constitutive Signaling By Aberrant PI3K In Cancer R-HSA-2219530,1/78,0.8428415996601333,0.5410328316528469,0.09250375894516424,CLSTN1,1.0
Reactome_2022,TCF Dependent Signaling In Response To WNT R-HSA-201681,3/198,0.8454505224623722,0.6397683902117633,0.10740791990267408,CTNNBIP1;HDAC1;PSMB2,1.0
Reactome_2022,Downstream Signaling Events Of B Cell Receptor (BCR) R-HSA-1168372,1/79,0.8465335046575759,0.5340690603806659,0.08897884175542847,PSMB2,1.0
Reactome_2022,Amyloid Fiber Formation R-HSA-977225,1/79,0.8465335046575759,0.5340690603806659,0.08897884175542847,HSPG2,1.0
Reactome_2022,Processing Of DNA Double-Strand Break Ends R-HSA-5693607,1/80,0.8501388618093381,0.5272815871153754,0.08560710579356244,ARTN,1.0
Reactome_2022,COPI-mediated Anterograde Transport R-HSA-6807878,1/80,0.8501388618093381,0.5272815871153754,0.08560710579356244,CAPZB,1.0
Reactome_2022,Regulation Of APC/C Activators Between G1/S And Early Anaphase R-HSA-176408,1/80,0.8501388618093381,0.5272815871153754,0.08560710579356244,PSMB2,1.0
Reactome_2022,Ub-specific Processing Proteases R-HSA-5689880,3/201,0.8525877978438515,0.6299771780454566,0.10046818484174336,MUL1;PSMB2;USP48,1.0
Reactome_2022,Signaling By NOTCH4 R-HSA-9013694,1/81,0.8536596957788778,0.5206638006817174,0.08238080489891904,PSMB2,1.0
Reactome_2022,DDX58/IFIH1-mediated Induction Of Interferon-Alpha/Beta R-HSA-168928,1/81,0.8536596957788778,0.5206638006817174,0.08238080489891904,ISG15,1.0
Reactome_2022,Senescence-Associated Secretory Phenotype (SASP) R-HSA-2559582,1/81,0.8536596957788778,0.5206638006817174,0.08238080489891904,RPS6KA1,1.0
Reactome_2022,PI Metabolism R-HSA-1483255,1/82,0.8570979839648052,0.5142094163822236,0.07929265172605789,CLSTN1,1.0
Reactome_2022,G2/M Checkpoints R-HSA-69481,2/148,0.8642954372774543,0.5698747602443244,0.08311089253546378,ARTN;PSMB2,1.0
Reactome_2022,Cell Junction Organization R-HSA-446728,1/86,0.8700636335222616,0.4899105578429532,0.06819012537607352,FBLIM1,1.0
Reactome_2022,"Transport Of Bile Salts And Organic Acids, Metal Ions And Amine Compounds R-HSA-425366",1/86,0.8700636335222616,0.4899105578429532,0.06819012537607352,SLC6A9,1.0
Reactome_2022,APC/C-mediated Degradation Of Cell Cycle Proteins R-HSA-174143,1/87,0.8731172751568695,0.48418902429155525,0.06569737967455137,PSMB2,1.0
Reactome_2022,Meiosis R-HSA-1500620,1/88,0.8760993027381775,0.47859902024708595,0.06330708511964049,ARTN,1.0
Reactome_2022,Regulation Of mRNA Stability By Proteins That Bind AU-rich Elements R-HSA-450531,1/88,0.8760993027381775,0.47859902024708595,0.06330708511964049,PSMB2,1.0
Reactome_2022,PCP/CE Pathway R-HSA-4086400,1/88,0.8760993027381775,0.47859902024708595,0.06330708511964049,PSMB2,1.0
Reactome_2022,Opioid Signaling R-HSA-111885,1/88,0.8760993027381775,0.47859902024708595,0.06330708511964049,GNB1,1.0
Reactome_2022,Metabolism Of Steroids R-HSA-8957322,2/153,0.876351726069545,0.5508626209845301,0.07270712057608367,LDLRAP1;NFYC,1.0
Reactome_2022,Interferon Gamma Signaling R-HSA-877300,1/89,0.8790113922479471,0.47313606174908185,0.061014406265912986,TRIM62,1.0
Reactome_2022,Sphingolipid Metabolism R-HSA-428157,1/89,0.8790113922479471,0.47313606174908185,0.061014406265912986,CPTP,1.0
Reactome_2022,Glucose Metabolism R-HSA-70326,1/89,0.8790113922479471,0.47313606174908185,0.061014406265912986,ENO1,1.0
Reactome_2022,Peptide Hormone Metabolism R-HSA-2980736,1/89,0.8790113922479471,0.47313606174908185,0.061014406265912986,GNB1,1.0
Reactome_2022,RAB GEFs Exchange GTP For GDP On RABs R-HSA-8876198,1/89,0.8790113922479471,0.47313606174908185,0.061014406265912986,TRAPPC3,1.0
Reactome_2022,DNA Replication R-HSA-69306,2/155,0.8808920151650304,0.5436056998553015,0.06894020059879877,KPNA6;PSMB2,1.0
Reactome_2022,Cell Cycle Checkpoints R-HSA-69620,4/271,0.8813883645202049,0.6220134184039146,0.07853350325538658,ARTN;NUDC;PSMB2;RCC2,1.0
Reactome_2022,RAF/MAP Kinase Cascade R-HSA-5673001,4/271,0.8813883645202049,0.6220134184039146,0.07853350325538658,ARTN;CNKSR1;ICMT;PSMB2,1.0
Reactome_2022,Switching Of Origins To A Post-Replicative State R-HSA-69052,1/90,0.8818551805271877,0.4677958663633925,0.05881477244963539,PSMB2,1.0
Reactome_2022,Activation Of HOX Genes During Differentiation R-HSA-5619507,1/91,0.8846322661883269,0.4625743419862739,0.0567038610066489,RBBP4,1.0
Reactome_2022,MAPK1/MAPK3 Signaling R-HSA-5684996,4/277,0.8913992780363077,0.608153328120985,0.06991502669627049,ARTN;CNKSR1;ICMT;PSMB2,1.0
Reactome_2022,Neuronal System R-HSA-112316,6/386,0.8914189004705106,0.6545454407195679,0.0752339867799937,DLGAP3;EPB41;GNB1;KCNAB2;PTPRF;RPS6KA1,1.0
Reactome_2022,Downstream TCR Signaling R-HSA-202424,1/94,0.8925787387242046,0.4475835139358369,0.05086363515471633,PSMB2,1.0
Reactome_2022,S Phase R-HSA-69242,2/161,0.8936050101122427,0.5229303207890085,0.05882517674262153,PSMB2;RBBP4,1.0
Reactome_2022,Deubiquitination R-HSA-5688426,4/279,0.8945682127306669,0.603667698902146,0.06725710604753718,MUL1;OTUD3;PSMB2;USP48,1.0
Reactome_2022,Transcriptional Regulation By RUNX3 R-HSA-8878159,1/95,0.8951042662172756,0.44279920711122933,0.04906882465637505,PSMB2,1.0
Reactome_2022,UCH Proteinases R-HSA-5689603,1/95,0.8951042662172756,0.44279920711122933,0.04906882465637505,PSMB2,1.0
Reactome_2022,Citric Acid (TCA) Cycle And Respiratory Electron Transport R-HSA-1428517,2/163,0.8975548359591915,0.5163809771096237,0.055811004363551846,NDUFS5;SDHB,1.0
Reactome_2022,HCMV Early Events R-HSA-9609690,1/96,0.8975705411939304,0.4381156225355609,0.04734433573696026,RBBP4,1.0
Reactome_2022,MyD88 Cascade Initiated On Plasma Membrane R-HSA-975871,1/96,0.8975705411939304,0.4381156225355609,0.04734433573696026,RPS6KA1,1.0
Reactome_2022,Membrane Trafficking R-HSA-199991,10/599,0.897688803677527,0.7022115641342142,0.07579096830029276,CAPZB;GJB3;KIF1B;LDLRAP1;MAN1C1;NECAP2;PUM1;SYTL1;TRAPPC3;VAMP3,1.0
Reactome_2022,Anchoring Of Basal Body To Plasma Membrane R-HSA-5620912,1/97,0.8999789508965652,0.43352961263855216,0.04568704300317083,NPHP4,1.0
Reactome_2022,Anti-inflammatory Response Favoring Leishmania Infection R-HSA-9662851,2/165,0.9013679120645425,0.5099923535205306,0.05295850727169017,FGR;GNB1,1.0
Reactome_2022,Hedgehog Off State R-HSA-5610787,1/98,0.9023308501569985,0.4290381596466365,0.04409398068631861,PSMB2,1.0
Reactome_2022,Cellular Response To Heat Stress R-HSA-3371556,1/99,0.9046275621521008,0.42463836896067825,0.042562333260035515,MTOR,1.0
Reactome_2022,CLEC7A (Dectin-1) Signaling R-HSA-5607764,1/99,0.9046275621521008,0.42463836896067825,0.042562333260035515,PSMB2,1.0
Reactome_2022,SLC Transporter Disorders R-HSA-5619102,1/99,0.9046275621521008,0.42463836896067825,0.042562333260035515,SLC2A1,1.0
Reactome_2022,TRAF6 Mediated Induction Of NFkB And MAP Kinases Upon TLR7/8 Or 9 Activation R-HSA-975138,1/101,0.9090605631901634,0.4161027750299192,0.03967272025186977,RPS6KA1,1.0
Reactome_2022,MyD88 Dependent Cascade Initiated On Endosome R-HSA-975155,1/102,0.9111993468690921,0.41196174431103605,0.03830979892214967,RPS6KA1,1.0
Reactome_2022,ABC-family Proteins Mediated Transport R-HSA-382556,1/102,0.9111993468690921,0.41196174431103605,0.03830979892214967,PSMB2,1.0
Reactome_2022,Toll Like Receptor 3 (TLR3) Cascade R-HSA-168164,1/103,0.9132879339464499,0.4079019102729154,0.036998366221340236,RPS6KA1,1.0
Reactome_2022,Toll Like Receptor 7/8 (TLR7/8) Cascade R-HSA-168181,1/103,0.9132879339464499,0.4079019102729154,0.036998366221340236,RPS6KA1,1.0
Reactome_2022,Transport Of Inorganic Cations/Anions And Amino Acids/Oligopeptides R-HSA-425393,1/104,0.9153275000575753,0.4039209079636903,0.03573623755331347,SLC9A1,1.0
Reactome_2022,Phase I - Functionalization Of Compounds R-HSA-211945,1/104,0.9153275000575753,0.4039209079636903,0.03573623755331347,AURKAIP1,1.0
Reactome_2022,MHC Class II Antigen Presentation R-HSA-2132295,1/104,0.9153275000575753,0.4039209079636903,0.03573623755331347,CAPZB,1.0
Reactome_2022,Post-translational Protein Phosphorylation R-HSA-8957275,1/106,0.9192641351813055,0.3961863891914814,0.03335167626846504,VWA1,1.0
Reactome_2022,Toll Like Receptor 9 (TLR9) Cascade R-HSA-168138,1/106,0.9192641351813055,0.3961863891914814,0.03335167626846504,RPS6KA1,1.0
Reactome_2022,"PI5P, PP2A And IER3 Regulate PI3K/AKT Signaling R-HSA-6811558",1/106,0.9192641351813055,0.3961863891914814,0.03335167626846504,CLSTN1,1.0
Reactome_2022,Disorders Of Transmembrane Transporters R-HSA-5619115,2/176,0.9200769603590816,0.47748013404845063,0.039773121046366725,PSMB2;SLC2A1,1.0
Reactome_2022,MyD88-independent TLR4 Cascade R-HSA-166166,1/107,0.9211634206309461,0.3924285805427196,0.03222537962392334,RPS6KA1,1.0
Reactome_2022,Interleukin-4 And Interleukin-13 Signaling R-HSA-6785807,1/107,0.9211634206309461,0.3924285805427196,0.03222537962392334,TNFRSF1B,1.0
Reactome_2022,Phase II - Conjugation Of Compounds R-HSA-156580,1/107,0.9211634206309461,0.3924285805427196,0.03222537962392334,AKR1A1,1.0
Reactome_2022,O-linked Glycosylation R-HSA-5173105,1/107,0.9211634206309461,0.3924285805427196,0.03222537962392334,ST3GAL3,1.0
Reactome_2022,Nucleotide Excision Repair R-HSA-5696398,1/108,0.9230181192256637,0.3887410113079533,0.031140648341993742,PPIE,1.0
Reactome_2022,"Cell Cycle, Mitotic R-HSA-69278",8/523,0.9255007664168959,0.642195005372291,0.0497189420847759,CDK11A;CDK11B;HDAC1;NUDC;PSMB2;RBBP4;RCC1;RCC2,1.0
Reactome_2022,Neurotransmitter Receptors And Postsynaptic Signal Transmission R-HSA-112314,2/182,0.9288220596489337,0.46142106806678684,0.034070454127074684,GNB1;RPS6KA1,1.0
Reactome_2022,MyD88:MAL(TIRAP) Cascade Initiated On Plasma Membrane R-HSA-166058,1/112,0.9300115724712833,0.3746551612580352,0.027184322627589057,RPS6KA1,1.0
Reactome_2022,SLC-mediated Transmembrane Transport R-HSA-425407,3/247,0.9309248649379718,0.5099947010894847,0.03650374209364694,SLC2A1;SLC6A9;SLC9A1,1.0
Reactome_2022,Reproduction R-HSA-1474165,1/113,0.9316585246074176,0.37129090689343425,0.02628328280231066,ARTN,1.0
Reactome_2022,Negative Regulation Of PI3K/AKT Network R-HSA-199418,1/113,0.9316585246074176,0.37129090689343425,0.02628328280231066,CLSTN1,1.0
Reactome_2022,Vesicle-mediated Transport R-HSA-5653656,10/637,0.9324928811815376,0.6583300111164652,0.04601316086096195,CAPZB;GJB3;KIF1B;LDLRAP1;MAN1C1;NECAP2;PUM1;SYTL1;TRAPPC3;VAMP3,1.0
Reactome_2022,HDR Thru Homologous Recombination (HRR) Or Single Strand Annealing (SSA) R-HSA-5693567,1/114,0.9332668018982975,0.3679861968538705,0.025414656733937394,ARTN,1.0
Reactome_2022,Interleukin-1 Signaling R-HSA-9020702,1/114,0.9332668018982975,0.3679861968538705,0.025414656733937394,PSMB2,1.0
Reactome_2022,Mitotic Prometaphase R-HSA-68877,2/186,0.9341418796120562,0.45129687429573795,0.03074547820189533,NUDC;RCC2,1.0
Reactome_2022,TCR Signaling R-HSA-202403,1/116,0.9363709359101811,0.361549196428981,0.02376953922833817,PSMB2,1.0
Reactome_2022,Chromosome Maintenance R-HSA-73886,1/118,0.9393309734635121,0.35533226439468607,0.022239318114517535,RBBP4,1.0
Reactome_2022,Synthesis Of DNA R-HSA-69239,1/119,0.9407590543617657,0.3523028271745847,0.021514508294913262,PSMB2,1.0
Reactome_2022,Homology Directed Repair R-HSA-5693538,1/119,0.9407590543617657,0.3523028271745847,0.021514508294913262,ARTN,1.0
Reactome_2022,Cell-Cell Communication R-HSA-1500931,1/120,0.9421535899766087,0.34932430486574556,0.020815177227871465,FBLIM1,1.0
Reactome_2022,HCMV Infection R-HSA-9609646,1/121,0.9435153666310829,0.3463954245953871,0.020140340129134057,RBBP4,1.0
Reactome_2022,SARS-CoV-2 Activates/Modulates Innate And Adaptive Immune Responses R-HSA-9705671,1/121,0.9435153666310829,0.3463954245953871,0.020140340129134057,ISG15,1.0
Reactome_2022,Peptide Ligand-Binding Receptors R-HSA-375276,2/196,0.9458427943806675,0.42781291967217094,0.023820154074194227,CORT;ECE1,1.0
Reactome_2022,SARS-CoV-2-host Interactions R-HSA-9705683,2/196,0.9458427943806675,0.42781291967217094,0.023820154074194227,ISG15;RPS8,1.0
Reactome_2022,Regulation Of IGF Transport And Uptake By IGFBPs R-HSA-381426,1/123,0.9461436968139845,0.3406817073466549,0.018860419388123235,VWA1,1.0
Reactome_2022,Platelet Degranulation R-HSA-114608,1/125,0.9486499752874082,0.3351523035575593,0.01766768228743845,CAP1,1.0
Reactome_2022,Glycerophospholipid Biosynthesis R-HSA-1483206,1/127,0.9510398581914753,0.32979843639668893,0.016555652442891724,MFSD2A,1.0
Reactome_2022,Fc Epsilon Receptor (FCERI) Signaling R-HSA-2454202,1/130,0.954418172908664,0.32207890700194564,0.015026065513459155,PSMB2,1.0
Reactome_2022,Response To Elevated Platelet Cytosolic Ca2+ R-HSA-76005,1/130,0.954418172908664,0.32207890700194564,0.015026065513459155,CAP1,1.0
Reactome_2022,ADORA2B Mediated Anti-Inflammatory Cytokine Production R-HSA-9660821,1/131,0.9554917660178107,0.3195849051974901,0.014550423588991597,GNB1,1.0
Reactome_2022,Phospholipid Metabolism R-HSA-1483257,2/208,0.9572797595122329,0.4026417683086583,0.017579178773259475,CLSTN1;MFSD2A,1.0
Reactome_2022,Organelle Biogenesis And Maintenance R-HSA-1852241,3/275,0.9575625766848141,0.4568311099574588,0.019810118278460492,DNAJC11;MICOS10;NPHP4,1.0
Reactome_2022,Cell Surface Interactions At Vascular Wall R-HSA-202733,1/134,0.9585634968182056,0.3123279225033225,0.013217552978028733,SDC3,1.0
Reactome_2022,G Alpha (Q) Signaling Events R-HSA-416476,2/212,0.9605498876539617,0.3948906518570369,0.015894095560135744,GNB1;RPS6KA1,1.0
Reactome_2022,Toll Like Receptor 4 (TLR4) Cascade R-HSA-166016,1/140,0.9640867814421713,0.2987537102696277,0.01092660809568026,RPS6KA1,1.0
Reactome_2022,C-type Lectin Receptors (CLRs) R-HSA-5621481,1/141,0.9649330748099992,0.29660445999929275,0.010587750768743276,PSMB2,1.0
Reactome_2022,Cell Cycle R-HSA-1640170,9/654,0.9714337746190456,0.5741601945134072,0.016640414486378468,ARTN;CDK11A;CDK11B;HDAC1;NUDC;PSMB2;RBBP4;RCC1;RCC2,1.0
Reactome_2022,Interleukin-1 Family Signaling R-HSA-446652,1/152,0.9730263459402568,0.2748415218314634,0.007515299593221309,PSMB2,1.0
Reactome_2022,G Alpha (S) Signaling Events R-HSA-418555,1/153,0.9736623631762483,0.273019266243248,0.0072870712759688875,GNB1,1.0
Reactome_2022,Sensory Perception R-HSA-9709957,8/616,0.9776459243355763,0.5413043363446426,0.012237654194924131,AGRN;CAPZB;DHRS3;ESPN;GNB1;HSPG2;SCNN1D;SDC3,1.0
Reactome_2022,Toll-like Receptor Cascades R-HSA-168898,1/162,0.9787535579877312,0.25763761814147973,0.005532869989306692,RPS6KA1,1.0
Reactome_2022,M Phase R-HSA-68886,4/380,0.9790666691547697,0.43919661585553876,0.009291441368828207,NUDC;PSMB2;RCC1;RCC2,1.0
Reactome_2022,Transmission Across Chemical Synapses R-HSA-112315,2/246,0.980153411337596,0.33926686125544275,0.006801003682510644,GNB1;RPS6KA1,1.0
Reactome_2022,Signaling By GPCR R-HSA-372790,9/689,0.9820071449311374,0.5435986043621989,0.009869953929654536,ARHGEF10L;ARHGEF16;CDC42;CORT;ECE1;GNB1;PLEKHG5;PTCH2;RPS6KA1,1.0
Reactome_2022,Cilium Assembly R-HSA-5617833,1/186,0.9880242769383378,0.22393656572391174,0.0026979899241357645,NPHP4,1.0
Reactome_2022,GPCR Downstream Signaling R-HSA-388396,7/619,0.9909038725116595,0.4694256489767734,0.004289494153418338,ARHGEF10L;ARHGEF16;CDC42;CORT;GNB1;PLEKHG5;RPS6KA1,1.0
Reactome_2022,Keratinization R-HSA-6805567,1/208,0.9929238388309997,0.19990896353731233,0.0014196167080765118,KAZN,1.0
Reactome_2022,GPCR Ligand Binding R-HSA-500792,4/458,0.9947010994975929,0.36225884093187405,0.0019246774067055166,CORT;ECE1;GNB1;PTCH2,1.0
Reactome_2022,G Alpha (I) Signaling Events R-HSA-418594,2/312,0.9949830858127641,0.2661221043542951,0.0013384720750892695,CORT;GNB1,1.0
Reactome_2022,Class A/1 (Rhodopsin-like Receptors) R-HSA-373076,2/327,0.9963522270503042,0.25364146051941405,0.0009269180816519532,CORT;ECE1,1.0
Reactome_2022,Olfactory Signaling Pathway R-HSA-381753,1/401,0.9999317497538301,0.10241969807452467,6.9904081573784855e-06,GNB1,1.0
GO_Biological_Process_2021,mRNA catabolic process (GO:0006402),7/44,6.653847141485964e-05,8.000527473166725,76.94691517501695,AGO1;AGO3;AGO4;EXOSC10;MRTO4;THRAP3;YTHDF2,0.1577627157246322
GO_Biological_Process_2021,production of small RNA involved in gene silencing by RNA (GO:0070918),5/20,7.961074256619406e-05,14.051115614446747,132.61950889116662,AGO1;AGO3;AGO4;PUM1;SNIP1,0.1887570706244461
GO_Biological_Process_2021,regulation of cell morphogenesis (GO:0022604),6/32,8.592018162122158e-05,9.74325653735875,91.21726226380719,CAPZB;MACF1;MFSD2A;PDPN;ZMYM4;ZMYM6,0.20371675062391637
GO_Biological_Process_2021,mRNA cleavage involved in gene silencing by miRNA (GO:0035279),3/5,0.00012292796232130337,62.99999867741939,567.2464470110958,AGO1;AGO3;AGO4,0.2914621986638103
GO_Biological_Process_2021,cell junction disassembly (GO:0150146),3/6,0.00024157799604407194,41.99784858069143,349.7714455204709,C1QA;C1QB;C1QC,0.5727814286204945
GO_Biological_Process_2021,regulation of lamellipodium organization (GO:1902743),4/14,0.00024589313343714036,16.82930999074763,139.86189136582084,CAPZB;CDC42;EPHA2;PDPN,0.5830126193794598
GO_Biological_Process_2021,"RNA splicing, via transesterification reactions (GO:0000375)",5/25,0.00024771226198295175,10.535636926876093,87.47995060656115,SF3A3;SNRNP40;SRRM1;SRSF10;SRSF4,0.5873257731615786
GO_Biological_Process_2021,mRNA metabolic process (GO:0016071),9/95,0.000386019234404834,4.4336524364660015,34.84683825832369,AGO3;AGO4;AURKAIP1;HNRNPR;LSM10;SF3A3;SFPQ;SRSF4;YTHDF2,0.9152516047738615
GO_Biological_Process_2021,miRNA loading onto RISC involved in gene silencing by miRNA (GO:0035280),3/7,0.0004154138849536409,31.496773532327452,245.24128744341732,AGO1;AGO3;AGO4,0.9849463212250826
GO_Biological_Process_2021,production of miRNAs involved in gene silencing by miRNA (GO:0035196),5/29,0.0005126372690518181,8.777897583090764,66.50084332922916,AGO1;AGO3;AGO4;PUM1;SNIP1,1.0
GO_Biological_Process_2021,regulation of cell growth (GO:0001558),14/217,0.0006221997993574893,2.936199238075514,21.675754758116128,ATAD3A;CDC42;CDK11A;CDK11B;ENO1;MAD2L2;MFSD2A;MTOR;MUL1;PPT1;PTCH2;RPS6KA1;SESN2;SLC25A33,1.0
GO_Biological_Process_2021,RNA secondary structure unwinding (GO:0010501),3/8,0.0006531237901242751,25.196128503309065,184.78195309121992,AGO1;AGO3;AGO4,1.0
GO_Biological_Process_2021,gene silencing by miRNA (GO:0035195),5/32,0.0008205979378853351,7.8013757254322496,55.43249805478568,AGO1;AGO3;AGO4;PUM1;SNIP1,1.0
GO_Biological_Process_2021,carbohydrate derivative catabolic process (GO:1901136),4/19,0.0008677285461119855,11.216666430675293,79.07336642041534,FBXO2;FBXO44;FBXO6;FUCA1,1.0
GO_Biological_Process_2021,synapse pruning (GO:0098883),3/9,0.0009626983745091606,20.995698483963476,145.83130125987924,C1QA;C1QB;C1QC,1.0
GO_Biological_Process_2021,"complement activation, classical pathway (GO:0006958)",3/9,0.0009626983745091606,20.995698483963476,145.83130125987924,C1QA;C1QB;C1QC,1.0
GO_Biological_Process_2021,small RNA loading onto RISC (GO:0070922),3/9,0.0009626983745091606,20.995698483963476,145.83130125987924,AGO1;AGO3;AGO4,1.0
GO_Biological_Process_2021,regulation of lamellipodium assembly (GO:0010591),5/34,0.0010911933737447772,7.2626050453447935,49.53447674103531,AKIRIN1;CAPZB;CDC42;EPHA2;WASF2,1.0
GO_Biological_Process_2021,membrane lipid catabolic process (GO:0046466),3/10,0.0013514646051150292,17.995391327288054,118.8877473724285,FUCA1;PPT1;SMPDL3B,1.0
GO_Biological_Process_2021,cellular macromolecule catabolic process (GO:0044265),6/53,0.0014390088782302044,5.38408388732986,35.23237181047892,DFFB;FBXO2;FBXO44;FBXO6;PABPC4;PPP1R8,1.0
GO_Biological_Process_2021,regulation of transport (GO:0051049),5/37,0.0016139142966647986,6.580723403359106,42.30808152044792,DISP3;EPB41;MUL1;PINK1;YRDC,1.0
GO_Biological_Process_2021,ribonucleoside bisphosphate biosynthetic process (GO:0034030),3/11,0.0018261182227100505,15.745160959781487,99.28210051654462,ACOT7;PANK4;PPCS,1.0
GO_Biological_Process_2021,positive regulation of cellular respiration (GO:1901857),3/11,0.0018261182227100505,15.745160959781487,99.28210051654462,IFNLR1;PARK7;PINK1,1.0
GO_Biological_Process_2021,coenzyme A biosynthetic process (GO:0015937),3/11,0.0018261182227100505,15.745160959781487,99.28210051654462,ACOT7;PANK4;PPCS,1.0
GO_Biological_Process_2021,"negative regulation of translation, ncRNA-mediated (GO:0040033)",3/11,0.0018261182227100505,15.745160959781487,99.28210051654462,AGO1;AGO3;AGO4,1.0
GO_Biological_Process_2021,humoral immune response mediated by circulating immunoglobulin (GO:0002455),3/11,0.0018261182227100505,15.745160959781487,99.28210051654462,C1QA;C1QB;C1QC,1.0
GO_Biological_Process_2021,miRNA mediated inhibition of translation (GO:0035278),3/11,0.0018261182227100505,15.745160959781487,99.28210051654462,AGO1;AGO3;AGO4,1.0
GO_Biological_Process_2021,purine nucleoside bisphosphate biosynthetic process (GO:0034033),3/11,0.0018261182227100505,15.745160959781487,99.28210051654462,ACOT7;PANK4;PPCS,1.0
GO_Biological_Process_2021,regulation of peptidase activity (GO:0052547),4/23,0.0018410100081217612,8.853448089592202,55.754066464018656,ATP13A2;HDAC1;PINK1;SVBP,1.0
GO_Biological_Process_2021,RNA splicing (GO:0008380),8/98,0.0021199887221894837,3.7569081328208376,23.12882075819303,RRAGC;SF3A3;SFPQ;SNRNP40;SRRM1;SRSF10;SRSF4;TARDBP,1.0
GO_Biological_Process_2021,"RNA splicing, via transesterification reactions with bulged adenosine as nucleophile (GO:0000377)",14/251,0.002478247584663536,2.5105484692094664,15.063801931957673,DNAJC8;HNRNPR;PPIE;PPIH;SF3A3;SFPQ;SNIP1;SNRNP40;SPEN;SRRM1;SRSF10;SRSF4;SYF2;YBX1,1.0
GO_Biological_Process_2021,regulation of actomyosin structure organization (GO:0110020),3/13,0.0030569003143781966,12.594838445272291,72.92857122597782,ASAP3;CDC42;SLC9A1,1.0
GO_Biological_Process_2021,RNA processing (GO:0006396),11/179,0.0033667494709727296,2.7743565104861037,15.796652042375987,AURKAIP1;HNRNPR;NOL9;PABPC4;RRAGC;SF3A3;SFPQ;SNRNP40;SRRM1;SRSF4;TARDBP,1.0
GO_Biological_Process_2021,regulation of signal transduction by p53 class mediator (GO:1901796),10/156,0.0037664373822535306,2.899144521553643,16.181939615186934,HDAC1;MEAF6;MTOR;NOC2L;PLK3;RBBP4;RPA2;RPL11;TAF12;TP73,1.0
GO_Biological_Process_2021,protein catabolic process (GO:0030163),6/64,0.003789710306228242,4.360501475254111,24.311826406417325,DDI2;FBXO2;FBXO44;FBXO6;MTOR;PPT1,1.0
GO_Biological_Process_2021,coenzyme A metabolic process (GO:0015936),3/14,0.003823538636453032,11.449266621814404,63.733246461557464,ACOT7;PANK4;PPCS,1.0
GO_Biological_Process_2021,pre-miRNA processing (GO:0031054),3/14,0.003823538636453032,11.449266621814404,63.733246461557464,AGO1;AGO3;AGO4,1.0
GO_Biological_Process_2021,RNA metabolic process (GO:0016070),9/133,0.004115251693411037,3.068943641234625,16.85787707821576,AGO1;AGO3;AGO4;HNRNPR;NOL9;PABPC4;PPP1R8;SNRNP40;ZC3H12A,1.0
GO_Biological_Process_2021,negative regulation of ubiquitin-protein transferase activity (GO:0051444),3/15,0.0046971403809788655,10.494623435599499,56.259591848754454,MAD2L2;PARK7;RPL11,1.0
GO_Biological_Process_2021,regulation of neuron projection arborization (GO:0150011),3/15,0.0046971403809788655,10.494623435599499,56.259591848754454,DVL1;MACF1;MFSD2A,1.0
GO_Biological_Process_2021,mRNA processing (GO:0006397),15/300,0.0049368945669096345,2.236203042305266,11.87651634381121,AURKAIP1;DNAJC8;HNRNPR;PPIE;PPIH;SF3A3;SFPQ;SNIP1;SNRNP40;SPEN;SRRM1;SRSF10;SRSF4;SYF2;YBX1,1.0
GO_Biological_Process_2021,negative regulation of hydrogen peroxide-induced neuron death (GO:1903208),2/5,0.005213931018730654,27.9384829626935,146.85643396122987,PARK7;PINK1,1.0
GO_Biological_Process_2021,positive regulation of bicellular tight junction assembly (GO:1903348),2/5,0.005213931018730654,27.9384829626935,146.85643396122987,EPHA2;NPHP4,1.0
GO_Biological_Process_2021,negative regulation of oxidative stress-induced neuron intrinsic apoptotic signaling pathway (GO:1903377),2/5,0.005213931018730654,27.9384829626935,146.85643396122987,PARK7;PINK1,1.0
GO_Biological_Process_2021,"mRNA splicing, via spliceosome (GO:0000398)",14/274,0.005391950695231519,2.2857336004497855,11.938039276724492,DNAJC8;HNRNPR;PPIE;PPIH;SF3A3;SFPQ;SNIP1;SNRNP40;SPEN;SRRM1;SRSF10;SRSF4;SYF2;YBX1,1.0
GO_Biological_Process_2021,RNA catabolic process (GO:0006401),5/49,0.005616193412125446,4.783035438124112,24.78617355617539,AGO3;AGO4;PABPC4;PPP1R8;YTHDF2,1.0
GO_Biological_Process_2021,aminoglycan catabolic process (GO:0006026),4/31,0.005646126506019604,6.227649932833215,32.239208139734195,AGRN;FUCA1;HSPG2;SDC3,1.0
GO_Biological_Process_2021,negative regulation of type I interferon-mediated signaling pathway (GO:0060339),3/16,0.005681688756865254,9.686848431879191,50.085915436606044,ISG15;MUL1;YTHDF2,1.0
GO_Biological_Process_2021,regulation of protein binding (GO:0043393),8/118,0.006591640617598578,3.070671871586185,15.420769835406393,CTNNBIP1;DVL1;EPB41;KDM1A;LDLRAP1;PARK7;PEX14;RPL11,1.0
GO_Biological_Process_2021,RNA interference (GO:0016246),3/17,0.006780705098448605,8.994469857261786,44.915451939506276,AGO1;AGO3;AGO4,1.0
GO_Biological_Process_2021,regulation of stem cell proliferation (GO:0072091),3/17,0.006780705098448605,8.994469857261786,44.915451939506276,AGO3;KDF1;KDM1A,1.0
GO_Biological_Process_2021,positive regulation of autophagy of mitochondrion in response to mitochondrial depolarization (GO:1904925),2/6,0.007700107530073949,20.952789260669757,101.96718863709842,ATP5IF1;PINK1,1.0
GO_Biological_Process_2021,regulation of protein targeting (GO:1903533),2/6,0.007700107530073949,20.952789260669757,101.96718863709842,ATP5IF1;PINK1,1.0
GO_Biological_Process_2021,transmembrane receptor protein tyrosine phosphatase signaling pathway (GO:0007185),2/6,0.007700107530073949,20.952789260669757,101.96718863709842,PTPRF;PTPRU,1.0
GO_Biological_Process_2021,hexose import across plasma membrane (GO:0140271),2/6,0.007700107530073949,20.952789260669757,101.96718863709842,SLC2A1;SLC2A5,1.0
GO_Biological_Process_2021,regulation of stress fiber assembly (GO:0051492),6/74,0.0077080767597999785,3.717341403495284,18.086674674888318,ARHGEF10L;ASAP3;CDC42;SLC9A1;STMN1;WASF2,1.0
GO_Biological_Process_2021,negative regulation of protein binding (GO:0032091),6/74,0.0077080767597999785,3.717341403495284,18.086674674888318,CTNNBIP1;DVL1;KDM1A;PARK7;PEX14;PTPRF,1.0
GO_Biological_Process_2021,neural tube closure (GO:0001843),4/34,0.007876791972849658,5.604022870602955,27.144959700760833,DVL1;MTHFR;PHACTR4;SKI,1.0
GO_Biological_Process_2021,ncRNA processing (GO:0034470),11/201,0.007932193801345506,2.450328175220275,11.851810133968545,AGO1;AGO3;AGO4;EBNA1BP2;EXOSC10;INTS11;MRTO4;NOL9;RPL11;RPL22;UTP11,1.0
GO_Biological_Process_2021,glycoprotein catabolic process (GO:0006516),3/18,0.007997273235483101,8.394408425926702,40.53369920403052,FBXO2;FBXO44;FBXO6,1.0
GO_Biological_Process_2021,mitochondrion organization (GO:0007005),10/175,0.008327988557860494,2.562789412086773,12.270977380272635,ATAD3A;ATAD3B;ATAD3C;MFN2;MTFR1L;MUL1;PARK7;PINK1;SLC25A33;VPS13D,1.0
GO_Biological_Process_2021,glycosaminoglycan metabolic process (GO:0030203),5/54,0.008471631573617617,4.293868644862889,20.48618539185758,AGRN;B3GALT6;FUCA1;HSPG2;SDC3,1.0
GO_Biological_Process_2021,regulation of megakaryocyte differentiation (GO:0045652),5/54,0.008471631573617617,4.293868644862889,20.48618539185758,AGO1;AGO3;AGO4;HDAC1;PITHD1,1.0
GO_Biological_Process_2021,glycoprotein metabolic process (GO:0009100),5/55,0.009144069597394715,4.2077752892489135,19.754031172930944,FBXO2;FBXO44;FBXO6;MAN1C1;PARK7,1.0
GO_Biological_Process_2021,regulation of autophagy of mitochondrion (GO:1903146),3/19,0.009334062864740185,7.869354673508503,36.782031824256535,ATP13A2;PARK7;PINK1,1.0
GO_Biological_Process_2021,regulation of androgen receptor signaling pathway (GO:0060765),4/36,0.009645656154342893,5.253232648098434,24.38155344345118,HDAC1;HEYL;KDM1A;PARK7,1.0
GO_Biological_Process_2021,"Wnt signaling pathway, calcium modulating pathway (GO:0007223)",4/36,0.009645656154342893,5.253232648098434,24.38155344345118,AGO1;AGO3;AGO4;GNB1,1.0
GO_Biological_Process_2021,regulation of mRNA processing (GO:0050684),4/36,0.009645656154342893,5.253232648098434,24.38155344345118,CDK11A;CDK11B;KHDRBS1;SRSF10,1.0
GO_Biological_Process_2021,negative regulation of protein phosphorylation (GO:0001933),9/152,0.00964968655812379,2.6585766608503647,12.338001913378944,CAMK2N1;CEP85;DVL1;EPHB2;ERRFI1;PARK7;PRKCZ;TARDBP;ZC3H12A,1.0
GO_Biological_Process_2021,Rho protein signal transduction (GO:0007266),5/56,0.009852413687620678,4.125058143659016,19.057928714686778,CDC42;CNKSR1;PDPN;PHACTR4;PLEKHG5,1.0
GO_Biological_Process_2021,glycosaminoglycan catabolic process (GO:0006027),5/56,0.009852413687620678,4.125058143659016,19.057928714686778,AGRN;FUCA1;HSPG2;SDC3;SLC9A1,1.0
GO_Biological_Process_2021,ribosomal large subunit biogenesis (GO:0042273),5/57,0.01059753663612143,4.045522426745653,18.39553135141639,EBNA1BP2;MRPL20;MRTO4;NOC2L;RPL11,1.0
GO_Biological_Process_2021,positive regulation of cell junction assembly (GO:1901890),5/57,0.01059753663612143,4.045522426745653,18.39553135141639,CLSTN1;COL16A1;EPHA2;EPHB2;NPHP4,1.0
GO_Biological_Process_2021,positive regulation of proteolysis (GO:0045862),5/57,0.01059753663612143,4.045522426745653,18.39553135141639,ATP5IF1;AURKAIP1;PINK1;TNFRSF1B;ZC3H12A,1.0
GO_Biological_Process_2021,positive regulation of pinocytosis (GO:0048549),2/7,0.01061398498812207,16.761373039455513,76.19020914211511,CDC42;PPT1,1.0
GO_Biological_Process_2021,positive regulation of mitophagy in response to mitochondrial depolarization (GO:0098779),2/7,0.01061398498812207,16.761373039455513,76.19020914211511,MFN2;PINK1,1.0
GO_Biological_Process_2021,post-transcriptional gene silencing by RNA (GO:0035194),3/20,0.010793351959047546,7.406071950786562,33.540803015505524,AGO1;AGO3;AGO4,1.0
GO_Biological_Process_2021,glucose transmembrane transport (GO:1904659),3/20,0.010793351959047546,7.406071950786562,33.540803015505524,SLC2A1;SLC2A5;SLC45A1,1.0
GO_Biological_Process_2021,positive regulation of production of molecular mediator of immune response (GO:0002702),4/38,0.01165402138185518,4.943711863535621,22.009919241573296,EPHB2;LAPTM5;TNFRSF14;VAMP3,1.0
GO_Biological_Process_2021,positive regulation of signaling (GO:0023056),4/38,0.01165402138185518,4.943711863535621,22.009919241573296,CLSTN1;ECE1;RIMS3;VAMP3,1.0
GO_Biological_Process_2021,mRNA destabilization (GO:0061157),4/38,0.01165402138185518,4.943711863535621,22.009919241573296,PUM1;TARDBP;YTHDF2;ZC3H12A,1.0
GO_Biological_Process_2021,negative regulation of protein modification process (GO:0031400),6/81,0.011791277244806612,3.3691774179831726,14.960479360793427,EPHB2;P3H1;PARK7;PPP1R8;TARDBP;ZC3H12A,1.0
GO_Biological_Process_2021,negative regulation of autophagy (GO:0010507),5/59,0.012201507116699005,3.8952882947981893,17.16340292712149,CPTP;EIF4G3;KDM4A;MTOR;PINK1,1.0
GO_Biological_Process_2021,aerobic respiration (GO:0009060),3/21,0.01237704824841516,6.994265086144837,30.71819305046433,MTFR1L;SDHB;UQCRHL,1.0
GO_Biological_Process_2021,glyoxylate metabolic process (GO:0046487),2/8,0.013934272054121332,13.967095558646019,59.68704004653905,ALDH4A1;HYI,1.0
GO_Biological_Process_2021,regulation of chaperone-mediated autophagy (GO:1904714),2/8,0.013934272054121332,13.967095558646019,59.68704004653905,ATP13A2;PLK3,1.0
GO_Biological_Process_2021,protein depalmitoylation (GO:0002084),2/8,0.013934272054121332,13.967095558646019,59.68704004653905,LYPLA2;PPT1,1.0
GO_Biological_Process_2021,lymphatic endothelial cell differentiation (GO:0060836),2/8,0.013934272054121332,13.967095558646019,59.68704004653905,PDPN;TIE1,1.0
GO_Biological_Process_2021,regulation of establishment of protein localization to mitochondrion (GO:1903747),2/8,0.013934272054121332,13.967095558646019,59.68704004653905,ATP5IF1;PINK1,1.0
GO_Biological_Process_2021,macromolecule depalmitoylation (GO:0098734),2/8,0.013934272054121332,13.967095558646019,59.68704004653905,LYPLA2;PPT1,1.0
GO_Biological_Process_2021,"maturation of 5.8S rRNA from tricistronic rRNA transcript (SSU-rRNA, 5.8S rRNA, LSU-rRNA) (GO:0000466)",3/22,0.01408670980674907,6.625806312518031,28.24265506711408,ERI3;EXOSC10;NOL9,1.0
GO_Biological_Process_2021,positive regulation of translational initiation (GO:0045948),3/22,0.01408670980674907,6.625806312518031,28.24265506711408,KHDRBS1;MTOR;YTHDF2,1.0
GO_Biological_Process_2021,regulation of mitochondrial membrane potential (GO:0051881),4/41,0.015138834620079134,4.542171386264946,19.033932890884234,ATP5IF1;PARK7;PINK1;SLC25A33,1.0
GO_Biological_Process_2021,hexose transmembrane transport (GO:0008645),3/23,0.015923564776543154,6.294193416253906,26.057678798089434,SLC2A1;SLC2A5;SLC45A1,1.0
GO_Biological_Process_2021,protein deacylation (GO:0035601),3/23,0.015923564776543154,6.294193416253906,26.057678798089434,HDAC1;LYPLA2;PPT1,1.0
GO_Biological_Process_2021,ATP-dependent chromatin remodeling (GO:0043044),4/42,0.016431071915125568,4.42241370006141,18.169845378623332,ARID1A;DMAP1;HDAC1;RBBP4,1.0
GO_Biological_Process_2021,translesion synthesis (GO:0019985),4/42,0.016431071915125568,4.42241370006141,18.169845378623332,FAAP20;ISG15;MAD2L2;RPA2,1.0
GO_Biological_Process_2021,regulation of cellular component organization (GO:0051128),8/139,0.016680337280992295,2.5756388434436297,10.543441124941653,ATAD3A;CDK11A;CDK11B;MAD2L2;MTOR;PARK7;PINK1;PTCH2,1.0
GO_Biological_Process_2021,exonucleolytic trimming involved in rRNA processing (GO:0000459),2/9,0.017640435962581955,11.971183072353522,48.33438805329587,ERI3;EXOSC10,1.0
GO_Biological_Process_2021,skeletal muscle fiber development (GO:0048741),2/9,0.017640435962581955,11.971183072353522,48.33438805329587,SELENON;SKI,1.0
GO_Biological_Process_2021,positive regulation of ATP biosynthetic process (GO:2001171),2/9,0.017640435962581955,11.971183072353522,48.33438805329587,ENO1;PINK1,1.0
GO_Biological_Process_2021,positive regulation of autophagy of mitochondrion (GO:1903599),2/9,0.017640435962581955,11.971183072353522,48.33438805329587,PARK7;VPS13D,1.0
GO_Biological_Process_2021,negative regulation of ubiquitin protein ligase activity (GO:1904667),2/9,0.017640435962581955,11.971183072353522,48.33438805329587,MAD2L2;RPL11,1.0
GO_Biological_Process_2021,"exonucleolytic trimming to generate mature 3'-end of 5.8S rRNA from tricistronic rRNA transcript (SSU-rRNA, 5.8S rRNA, LSU-rRNA) (GO:0000467)",2/9,0.017640435962581955,11.971183072353522,48.33438805329587,ERI3;EXOSC10,1.0
GO_Biological_Process_2021,regulation of pinocytosis (GO:0048548),2/9,0.017640435962581955,11.971183072353522,48.33438805329587,CDC42;PPT1,1.0
GO_Biological_Process_2021,regulation of cytokine production involved in immune response (GO:0002718),3/24,0.0178885302628627,5.994162700586364,24.118086301834182,LAPTM5;TNFRSF14;TNFRSF1B,1.0
GO_Biological_Process_2021,positive regulation of lamellipodium assembly (GO:0010592),3/24,0.0178885302628627,5.994162700586364,24.118086301834182,AKIRIN1;CDC42;WASF2,1.0
GO_Biological_Process_2021,positive regulation of macromolecule metabolic process (GO:0010604),16/384,0.01934570747841771,1.843401268374154,7.272742856680031,AGO1;AGO3;AGO4;ATP13A2;CAMK2N1;ECE1;EPHB2;LAPTM5;MTOR;PARK7;PIK3CD;POU3F1;RNF207;RPL11;VAMP3;ZC3H12A,1.0
GO_Biological_Process_2021,nuclear-transcribed mRNA catabolic process (GO:0000956),9/171,0.01952580469706696,2.344468601790808,9.22787148553884,AGO1;EXOSC10;MRTO4;PNRC2;RPL11;RPL22;RPS8;THRAP3;ZC3H12A,1.0
GO_Biological_Process_2021,cellular component assembly (GO:0022607),12/261,0.020464793218435945,2.0379411950039317,7.925653723346764,CDC42;CFAP74;DVL1;ESPN;FBLIM1;NOC2L;PEX14;PPIH;RBBP4;SLC2A1;VAMP3;YTHDF2,1.0
GO_Biological_Process_2021,positive regulation of receptor recycling (GO:0001921),2/10,0.021712678801948687,10.474248707634148,40.11489476437351,ECE1;VAMP3,1.0
GO_Biological_Process_2021,regulation of attachment of spindle microtubules to kinetochore (GO:0051988),2/10,0.021712678801948687,10.474248707634148,40.11489476437351,CDC42;RCC2,1.0
GO_Biological_Process_2021,cellular response to leucine (GO:0071233),2/10,0.021712678801948687,10.474248707634148,40.11489476437351,MTOR;SESN2,1.0
GO_Biological_Process_2021,rRNA 3'-end processing (GO:0031125),2/10,0.021712678801948687,10.474248707634148,40.11489476437351,ERI3;EXOSC10,1.0
GO_Biological_Process_2021,response to leucine (GO:0043201),2/10,0.021712678801948687,10.474248707634148,40.11489476437351,MTOR;SESN2,1.0
GO_Biological_Process_2021,cellular response to leucine starvation (GO:1990253),2/10,0.021712678801948687,10.474248707634148,40.11489476437351,MTOR;SESN2,1.0
GO_Biological_Process_2021,regulation of actin filament bundle assembly (GO:0032231),3/26,0.022205013808302542,5.472370151599333,20.835705514347193,ASAP3;CDC42;SLC9A1,1.0
GO_Biological_Process_2021,negative regulation of signaling receptor activity (GO:2000272),3/26,0.022205013808302542,5.472370151599333,20.835705514347193,EPHB2;ERRFI1;SLC6A9,1.0
GO_Biological_Process_2021,regulation of cellular protein localization (GO:1903827),4/46,0.022279365662838217,4.000410424868002,15.217938636817973,ATP13A2;DVL1;KCNAB2;KDM1A,1.0
GO_Biological_Process_2021,negative regulation of cellular catabolic process (GO:0031330),5/69,0.022694853515991438,3.2849621337616175,12.435608818392698,CPTP;EIF4G3;KDM4A;MFSD2A;MTOR,1.0
GO_Biological_Process_2021,protein stabilization (GO:0050821),9/179,0.025346241115632,2.233217945579002,8.207354743594891,DVL1;MUL1;OTUD3;P3H1;PARK7;PER3;PINK1;RPL11;STX12,1.0
GO_Biological_Process_2021,chromatin-mediated maintenance of transcription (GO:0048096),2/11,0.026131914486223932,9.309966423963525,33.93108439798724,ARID1A;PADI2,1.0
GO_Biological_Process_2021,myotube cell development (GO:0014904),2/11,0.026131914486223932,9.309966423963525,33.93108439798724,SELENON;SKI,1.0
GO_Biological_Process_2021,negative regulation of oxidative stress-induced neuron death (GO:1903204),2/11,0.026131914486223932,9.309966423963525,33.93108439798724,PARK7;PINK1,1.0
GO_Biological_Process_2021,ketone body metabolic process (GO:1902224),2/11,0.026131914486223932,9.309966423963525,33.93108439798724,HMGCL;OXCT2,1.0
GO_Biological_Process_2021,lipoprotein catabolic process (GO:0042159),2/11,0.026131914486223932,9.309966423963525,33.93108439798724,LYPLA2;PPT1,1.0
GO_Biological_Process_2021,glycosaminoglycan biosynthetic process (GO:0006024),6/97,0.026384989549911777,2.7745111444554222,10.085237052362542,AGRN;B3GALT6;B4GALT2;HSPG2;SDC3;ST3GAL3,1.0
GO_Biological_Process_2021,non-canonical Wnt signaling pathway (GO:0035567),7/124,0.026711315103854306,2.5196988546258106,9.128032452335516,AGO1;AGO3;AGO4;CDC42;DVL1;GNB1;PSMB2,1.0
GO_Biological_Process_2021,cell junction organization (GO:0034330),5/72,0.026711316196437213,3.137390733630386,11.365724938242757,AGRN;C1QA;CDC42;DVL1;FBLIM1,1.0
GO_Biological_Process_2021,positive regulation of synapse assembly (GO:0051965),3/28,0.027037945035753408,5.034064410450228,18.175560171251174,AGRN;CLSTN1;EPHB2,1.0
GO_Biological_Process_2021,cellular response to acid chemical (GO:0071229),3/28,0.027037945035753408,5.034064410450228,18.175560171251174,MTOR;RRAGC;SESN2,1.0
GO_Biological_Process_2021,protein localization to lysosome (GO:0061462),3/28,0.027037945035753408,5.034064410450228,18.175560171251174,ATP13A2;LAPTM5;SZT2,1.0
GO_Biological_Process_2021,aminoglycan biosynthetic process (GO:0006023),4/49,0.027400490764402218,3.7331416839121765,13.428836190436067,AGRN;B3GALT6;HSPG2;SDC3,1.0
GO_Biological_Process_2021,ubiquitin-dependent ERAD pathway (GO:0030433),5/73,0.028144357930258886,3.091093823785294,11.036467270944861,FBXO2;FBXO44;FBXO6;UBE2J2;UBE4B,1.0
GO_Biological_Process_2021,synapse organization (GO:0050808),7/126,0.028814449115314052,2.4770957750279083,8.78595728183594,AGRN;C1QA;C1QB;C1QC;CDC42;DVL1;PTPRF,1.0
GO_Biological_Process_2021,cellular response to amino acid starvation (GO:0034198),5/74,0.029625247870147236,3.046138853356002,10.719753483068741,ATP6V0B;MTOR;RRAGC;SESN2;SZT2,1.0
GO_Biological_Process_2021,mismatch repair (GO:0006298),3/29,0.02964755751757002,4.840198409557354,17.029635664276014,MUTYH;RPA2;TP73,1.0
GO_Biological_Process_2021,mitotic G1/S transition checkpoint signaling (GO:0044819),2/12,0.030879746398301388,8.378540597027026,29.137671642303758,PLK3;RPA2,1.0
GO_Biological_Process_2021,protein import into peroxisome matrix (GO:0016558),2/12,0.030879746398301388,8.378540597027026,29.137671642303758,PEX10;PEX14,1.0
GO_Biological_Process_2021,regulation of response to oxidative stress (GO:1902882),2/12,0.030879746398301388,8.378540597027026,29.137671642303758,PINK1;SELENON,1.0
GO_Biological_Process_2021,regulation of oxidative stress-induced cell death (GO:1903201),2/12,0.030879746398301388,8.378540597027026,29.137671642303758,PARK7;PINK1,1.0
GO_Biological_Process_2021,histone H3-K9 demethylation (GO:0033169),2/12,0.030879746398301388,8.378540597027026,29.137671642303758,KDM1A;KDM4A,1.0
GO_Biological_Process_2021,negative regulation of leukocyte chemotaxis (GO:0002689),2/12,0.030879746398301388,8.378540597027026,29.137671642303758,NBL1;PADI2,1.0
GO_Biological_Process_2021,chromatin assembly or disassembly (GO:0006333),2/12,0.030879746398301388,8.378540597027026,29.137671642303758,NOC2L;RBBP4,1.0
GO_Biological_Process_2021,integrin-mediated signaling pathway (GO:0007229),5/75,0.03115438389243213,3.002468310653261,10.414963002980098,CDC42;COL16A1;FGR;ISG15;RCC2,1.0
GO_Biological_Process_2021,response to amino acid starvation (GO:1990928),5/75,0.03115438389243213,3.002468310653261,10.414963002980098,ATP6V0B;MTOR;RRAGC;SESN2;SZT2,1.0
GO_Biological_Process_2021,intrinsic apoptotic signaling pathway in response to DNA damage (GO:0008630),4/51,0.031173273580711373,3.573917753129982,12.395040705724755,CASP9;EPHA2;TNFRSF1B;TP73,1.0
GO_Biological_Process_2021,cellular response to chemical stress (GO:0062197),6/101,0.031344839322909705,2.657142800995998,9.200903364231964,ATP13A2;PARK7;PINK1;PRDX1;SESN2;ZC3H12A,1.0
GO_Biological_Process_2021,primary neural tube formation (GO:0014020),3/30,0.03238521217430214,4.660692853175064,15.98642524968749,MTHFR;PHACTR4;SKI,1.0
GO_Biological_Process_2021,regulation of type I interferon-mediated signaling pathway (GO:0060338),3/30,0.03238521217430214,4.660692853175064,15.98642524968749,ISG15;MUL1;YTHDF2,1.0
GO_Biological_Process_2021,positive regulation of protein localization to cell periphery (GO:1904377),4/52,0.033168472476192506,3.499281535575829,11.91909697303865,ARHGEF16;EPB41;EPHA2;EPHB2,1.0
GO_Biological_Process_2021,signal transduction in response to DNA damage (GO:0042770),4/52,0.033168472476192506,3.499281535575829,11.91909697303865,CASP9;FBXO6;MAD2L2;SESN2,1.0
GO_Biological_Process_2021,negative regulation of protein-containing complex assembly (GO:0031333),4/52,0.033168472476192506,3.499281535575829,11.91909697303865,CDC42;CPTP;PARK7;PRKCZ,1.0
GO_Biological_Process_2021,positive regulation of protein modification by small protein conjugation or removal (GO:1903322),5/77,0.03435883540764669,2.918766437139674,9.838858330534158,CENPS;LAPTM5;MUL1;PINK1;ZC3H12A,1.0
GO_Biological_Process_2021,activation of protein kinase B activity (GO:0032148),3/31,0.03525011421018959,4.494009122248652,15.03374809123367,MTOR;PARK7;PINK1,1.0
GO_Biological_Process_2021,tube closure (GO:0060606),3/31,0.03525011421018959,4.494009122248652,15.03374809123367,MTHFR;PHACTR4;SKI,1.0
GO_Biological_Process_2021,regulation of cellular component size (GO:0032535),3/31,0.03525011421018959,4.494009122248652,15.03374809123367,ATP13A2;HP1BP3;MTOR,1.0
GO_Biological_Process_2021,organelle transport along microtubule (GO:0072384),3/31,0.03525011421018959,4.494009122248652,15.03374809123367,CDC42;PEX14;TMEM201,1.0
GO_Biological_Process_2021,positive regulation of calcineurin-mediated signaling (GO:0106058),2/13,0.0359384456862874,7.616464920442619,25.331963573154507,CAMTA1;SLC9A1,1.0
GO_Biological_Process_2021,positive regulation of calcineurin-NFAT signaling cascade (GO:0070886),2/13,0.0359384456862874,7.616464920442619,25.331963573154507,CAMTA1;SLC9A1,1.0
GO_Biological_Process_2021,regulation of mRNA metabolic process (GO:1903311),2/13,0.0359384456862874,7.616464920442619,25.331963573154507,CDK11A;CDK11B,1.0
GO_Biological_Process_2021,positive regulation of insulin receptor signaling pathway (GO:0046628),2/13,0.0359384456862874,7.616464920442619,25.331963573154507,C1QTNF12;PRKCZ,1.0
GO_Biological_Process_2021,protein localization to mitochondrion (GO:0070585),2/13,0.0359384456862874,7.616464920442619,25.331963573154507,ISG15;PINK1,1.0
GO_Biological_Process_2021,chromatin organization involved in regulation of transcription (GO:0034401),2/13,0.0359384456862874,7.616464920442619,25.331963573154507,ARID1A;PADI2,1.0
GO_Biological_Process_2021,central nervous system projection neuron axonogenesis (GO:0021952),2/13,0.0359384456862874,7.616464920442619,25.331963573154507,EPHB2;SZT2,1.0
GO_Biological_Process_2021,regulation of histone modification (GO:0031056),2/13,0.0359384456862874,7.616464920442619,25.331963573154507,MTHFR;PARK7,1.0
GO_Biological_Process_2021,pentose-phosphate shunt (GO:0006098),2/13,0.0359384456862874,7.616464920442619,25.331963573154507,H6PD;PGD,1.0
GO_Biological_Process_2021,positive regulation of purine nucleotide biosynthetic process (GO:1900373),2/13,0.0359384456862874,7.616464920442619,25.331963573154507,ENO1;PINK1,1.0
GO_Biological_Process_2021,negative regulation by host of viral transcription (GO:0043922),2/13,0.0359384456862874,7.616464920442619,25.331963573154507,HDAC1;TARDBP,1.0
GO_Biological_Process_2021,regulation of focal adhesion assembly (GO:0051893),4/54,0.03737777127675974,3.3589654465740204,11.039841538088387,COL16A1;MACF1;RCC2;SLC9A1,1.0
GO_Biological_Process_2021,mitochondrial membrane organization (GO:0007006),3/32,0.03824128246675688,4.338820821041303,14.161215447535357,DNAJC11;MFN2;MICOS10,1.0
GO_Biological_Process_2021,response to amino acid (GO:0043200),3/32,0.03824128246675688,4.338820821041303,14.161215447535357,MTOR;RRAGC;SESN2,1.0
GO_Biological_Process_2021,positive regulation of lamellipodium organization (GO:1902745),3/32,0.03824128246675688,4.338820821041303,14.161215447535357,AKIRIN1;CDC42;WASF2,1.0
GO_Biological_Process_2021,regulation of cell cycle process (GO:0010564),6/106,0.03835080890252169,2.5236363103109025,8.229526674024646,CDC42;CEP85;KLHL21;PLK3;RCC1;YTHDF2,1.0
GO_Biological_Process_2021,negative regulation of macromolecule metabolic process (GO:0010605),9/194,0.03939054741737431,2.0505563951771855,6.631969789332285,AGO1;AGO3;AGO4;HDAC1;KDM4A;PARK7;PINK1;TARDBP;ZC3H12A,1.0
GO_Biological_Process_2021,skin development (GO:0043588),5/80,0.03953557506436064,2.8015838142206517,9.050668855978401,CLIC4;EPHA2;ERRFI1;KDF1;STMN1,1.0
GO_Biological_Process_2021,negative regulation of protein modification by small protein conjugation or removal (GO:1903321),4/55,0.039592179251611924,3.292934345867287,10.633292252747184,ISG15;PARK7;RPL11;SVBP,1.0
GO_Biological_Process_2021,interstrand cross-link repair (GO:0036297),4/55,0.039592179251611924,3.292934345867287,10.633292252747184,CENPS;EXO5;FAAP20;RPA2,1.0
GO_Biological_Process_2021,negative regulation of cytokine-mediated signaling pathway (GO:0001960),4/55,0.039592179251611924,3.292934345867287,10.633292252747184,ISG15;MUL1;PADI2;YTHDF2,1.0
GO_Biological_Process_2021,regulation of cell projection organization (GO:0031344),2/14,0.041290930194593164,6.981401856622279,22.25051250350006,MACF1;MFSD2A,1.0
GO_Biological_Process_2021,covalent chromatin modification (GO:0016569),2/14,0.041290930194593164,6.981401856622279,22.25051250350006,HDAC1;PARK7,1.0
GO_Biological_Process_2021,positive regulation of cellular response to insulin stimulus (GO:1900078),2/14,0.041290930194593164,6.981401856622279,22.25051250350006,C1QTNF12;PRKCZ,1.0
GO_Biological_Process_2021,protein localization to vacuole (GO:0072665),2/14,0.041290930194593164,6.981401856622279,22.25051250350006,ATP13A2;SZT2,1.0
GO_Biological_Process_2021,negative regulation of TORC1 signaling (GO:1904262),2/14,0.041290930194593164,6.981401856622279,22.25051250350006,SESN2;SZT2,1.0
GO_Biological_Process_2021,"negative regulation of mRNA splicing, via spliceosome (GO:0048025)",2/14,0.041290930194593164,6.981401856622279,22.25051250350006,SRSF10;SRSF4,1.0
GO_Biological_Process_2021,RNA stabilization (GO:0043489),3/33,0.04135756208790182,4.19397840658111,13.359918189987077,THRAP3;YBX1;ZCCHC17,1.0
GO_Biological_Process_2021,regulation of protein ubiquitination (GO:0031396),6/109,0.04299698355440981,2.4497540776016753,7.708458197689958,CENPS;ISG15;LAPTM5;PARK7;PINK1;SVBP,1.0
GO_Biological_Process_2021,positive regulation of protein ubiquitination (GO:0031398),5/82,0.04323632931804445,2.728534906426976,8.570530545720777,CENPS;KDM1A;LAPTM5;PEF1;PINK1,1.0
GO_Biological_Process_2021,cellular response to amino acid stimulus (GO:0071230),3/34,0.04459763661516492,4.058480664021575,12.62217686497937,MTOR;RRAGC;SESN2,1.0
GO_Biological_Process_2021,termination of RNA polymerase II transcription (GO:0006369),3/34,0.04459763661516492,4.058480664021575,12.62217686497937,LSM10;MED18;SSU72,1.0
GO_Biological_Process_2021,positive regulation of plasma membrane bounded cell projection assembly (GO:0120034),5/83,0.04516214725008463,2.6934152392184783,8.342842911558616,AGRN;AKIRIN1;CDC42;CROCC;WASF2,1.0
GO_Biological_Process_2021,enzyme linked receptor protein signaling pathway (GO:0007167),7/140,0.04669933284131539,2.214750495398722,6.786051773588621,CNKSR1;EPHA2;EPHB2;FGR;PTPRF;PTPRU;TIE1,1.0
GO_Biological_Process_2021,peptidyl-arginine modification (GO:0018195),2/15,0.04692074401207228,6.444040802620452,19.714224373835403,PADI2;PARK7,1.0
GO_Biological_Process_2021,mycotoxin metabolic process (GO:0043385),2/15,0.04692074401207228,6.444040802620452,19.714224373835403,AKR7A2;AKR7A3,1.0
GO_Biological_Process_2021,organic heteropentacyclic compound metabolic process (GO:1901376),2/15,0.04692074401207228,6.444040802620452,19.714224373835403,AKR7A2;AKR7A3,1.0
GO_Biological_Process_2021,histone H3 deacetylation (GO:0070932),2/15,0.04692074401207228,6.444040802620452,19.714224373835403,HDAC1;SFPQ,1.0
GO_Biological_Process_2021,regulation of aerobic respiration (GO:1903715),2/15,0.04692074401207228,6.444040802620452,19.714224373835403,PINK1;SLC25A33,1.0
GO_Biological_Process_2021,negative regulation of mRNA processing (GO:0050686),2/15,0.04692074401207228,6.444040802620452,19.714224373835403,SRSF10;SRSF4,1.0
GO_Biological_Process_2021,aflatoxin metabolic process (GO:0046222),2/15,0.04692074401207228,6.444040802620452,19.714224373835403,AKR7A2;AKR7A3,1.0
GO_Biological_Process_2021,protein hydroxylation (GO:0018126),2/15,0.04692074401207228,6.444040802620452,19.714224373835403,P3H1;PLOD1,1.0
GO_Biological_Process_2021,negative regulation of androgen receptor signaling pathway (GO:0060766),2/15,0.04692074401207228,6.444040802620452,19.714224373835403,HDAC1;HEYL,1.0
GO_Biological_Process_2021,positive regulation of immunoglobulin production (GO:0002639),3/35,0.04796003953467398,3.9314515303720103,11.941340258936611,EPHB2;MAD2L2;VAMP3,1.0
GO_Biological_Process_2021,negative regulation of Ras protein signal transduction (GO:0046580),3/35,0.04796003953467398,3.9314515303720103,11.941340258936611,EPHB2;MFN2;STMN1,1.0
GO_Biological_Process_2021,regulation of TORC1 signaling (GO:1903432),3/35,0.04796003953467398,3.9314515303720103,11.941340258936611,RRAGC;SESN2;SZT2,1.0
GO_Biological_Process_2021,positive regulation of lipid biosynthetic process (GO:0046889),3/35,0.04796003953467398,3.9314515303720103,11.941340258936611,FABP3;MFSD2A;MTOR,1.0
GO_Biological_Process_2021,regulation of macroautophagy (GO:0016241),6/112,0.0479818632831308,2.380053858064668,7.228062170123205,ATP13A2;ATP6V0B;MTOR;PINK1;RRAGC;SESN2,1.0
GO_Biological_Process_2021,chromatin organization (GO:0006325),7/142,0.04972546995968534,2.1817144231491206,6.547844238691784,ARID1A;HDAC1;HMGN2;HP1BP3;KDM4A;PADI2;RBBP4,1.0
GO_Biological_Process_2021,protein localization to organelle (GO:0033365),7/142,0.04972546995968534,2.1817144231491206,6.547844238691784,CROCC;DVL1;ISG15;RPA2;RPL11;UBE2J2;YBX1,1.0
GO_Biological_Process_2021,negative regulation of DNA-binding transcription factor activity (GO:0043433),7/143,0.05128404549363086,2.1655607554682494,6.432528783316714,CTNNBIP1;HEYL;ID3;KDM1A;MAD2L2;PEX14;ZC3H12A,1.0
GO_Biological_Process_2021,regulation of defense response to virus by host (GO:0050691),3/36,0.05144316529652226,3.812121132095147,11.311621899880103,IFNLR1;MUL1;ZC3H12A,1.0
GO_Biological_Process_2021,aortic valve development (GO:0003176),3/36,0.05144316529652226,3.812121132095147,11.311621899880103,HEYL;TIE1;TNFRSF1B,1.0
GO_Biological_Process_2021,dendrite morphogenesis (GO:0048813),3/36,0.05144316529652226,3.812121132095147,11.311621899880103,CDC42;DVL1;EPHB2,1.0
GO_Biological_Process_2021,regulation of cardiac muscle contraction (GO:0055117),3/36,0.05144316529652226,3.812121132095147,11.311621899880103,RNF207;SLC9A1;ZC3H12A,1.0
GO_Biological_Process_2021,embryonic limb morphogenesis (GO:0030326),3/36,0.05144316529652226,3.812121132095147,11.311621899880103,ECE1;HDAC1;SKI,1.0
GO_Biological_Process_2021,ribonucleoprotein complex biogenesis (GO:0022613),4/60,0.051762052948229255,2.9981526462836556,8.877823704896137,EBNA1BP2;MRTO4;NOC2L;RPL11,1.0
GO_Biological_Process_2021,regulation of ATP biosynthetic process (GO:2001169),2/16,0.05281203761995901,5.98344561347603,17.59741005639537,ENO1;PINK1,1.0
GO_Biological_Process_2021,regulation of oxidative phosphorylation (GO:0002082),2/16,0.05281203761995901,5.98344561347603,17.59741005639537,PINK1;SLC25A33,1.0
GO_Biological_Process_2021,negative regulation of transcription regulatory region DNA binding (GO:2000678),2/16,0.05281203761995901,5.98344561347603,17.59741005639537,MAD2L2;ZNF593,1.0
GO_Biological_Process_2021,apoptotic DNA fragmentation (GO:0006309),2/16,0.05281203761995901,5.98344561347603,17.59741005639537,DFFA;DFFB,1.0
GO_Biological_Process_2021,3'-UTR-mediated mRNA destabilization (GO:0061158),2/16,0.05281203761995901,5.98344561347603,17.59741005639537,TARDBP;ZC3H12A,1.0
GO_Biological_Process_2021,regulation of defense response to virus (GO:0050688),2/16,0.05281203761995901,5.98344561347603,17.59741005639537,IFNLR1;ZMPSTE24,1.0
GO_Biological_Process_2021,histone H2A acetylation (GO:0043968),2/16,0.05281203761995901,5.98344561347603,17.59741005639537,DMAP1;MEAF6,1.0
GO_Biological_Process_2021,dendritic spine morphogenesis (GO:0060997),2/16,0.05281203761995901,5.98344561347603,17.59741005639537,CDC42;EPHB2,1.0
GO_Biological_Process_2021,resolution of meiotic recombination intermediates (GO:0000712),2/16,0.05281203761995901,5.98344561347603,17.59741005639537,CENPS;CORT,1.0
GO_Biological_Process_2021,ERAD pathway (GO:0036503),5/87,0.0533710064330208,2.5615023428743635,7.506450932979571,FBXO2;FBXO44;FBXO6;UBE2J2;UBE4B,1.0
GO_Biological_Process_2021,"regulation of DNA-templated transcription, initiation (GO:2000142)",4/61,0.054414650550255725,2.9454022368844797,8.574424808222096,AGO1;AGO3;AGO4;MED8,1.0
GO_Biological_Process_2021,positive regulation of signaling receptor activity (GO:2000273),3/37,0.05504527982663242,3.6998101690110405,10.727966468860929,EPHB2;HDAC1;PARK7,1.0
GO_Biological_Process_2021,negative regulation of binding (GO:0051100),5/88,0.05554989461264009,2.5305107587935174,7.314374694792306,CTNNBIP1;DVL1;KDM1A;PARK7;PEX14,1.0
GO_Biological_Process_2021,negative regulation of kinase activity (GO:0033673),4/62,0.05713953008479063,2.8944708071197582,8.28472542513686,CAMK2N1;CEP85;DVL1;PARK7,1.0
GO_Biological_Process_2021,collagen fibril organization (GO:0030199),5/89,0.057779462608295126,2.5002570695717385,7.128537648281461,COL16A1;COL8A2;COL9A2;P3H1;PLOD1,1.0
GO_Biological_Process_2021,negative regulation of innate immune response (GO:0045824),3/38,0.058764530550470484,3.5939169752460254,10.185939969748524,ISG15;MUL1;YTHDF2,1.0
GO_Biological_Process_2021,histone exchange (GO:0043486),3/38,0.058764530550470484,3.5939169752460254,10.185939969748524,CENPS;DMAP1;RBBP4,1.0
GO_Biological_Process_2021,regulation of receptor recycling (GO:0001919),2/17,0.058949548622827024,5.58426311621753,15.809458258631267,ECE1;VAMP3,1.0
GO_Biological_Process_2021,maturation of 5.8S rRNA (GO:0000460),2/17,0.058949548622827024,5.58426311621753,15.809458258631267,EXOSC10;NOL9,1.0
GO_Biological_Process_2021,acyl-CoA biosynthetic process (GO:0071616),2/17,0.058949548622827024,5.58426311621753,15.809458258631267,PPCS;PPT1,1.0
GO_Biological_Process_2021,positive regulation of autophagy (GO:0010508),5/90,0.060059666465917705,2.470715231861061,6.948680951462573,PARK7;PINK1;PLK3;SESN2;ZC3H12A,1.0
GO_Biological_Process_2021,regulation of protein targeting to mitochondrion (GO:1903214),3/39,0.06259895594730984,3.493906736690178,9.681638903776514,ATP5IF1;PINK1;UBE2J2,1.0
GO_Biological_Process_2021,regulation of transcription initiation from RNA polymerase II promoter (GO:0060260),4/64,0.0628046136354619,2.7977010905667865,7.743272126368778,AGO1;AGO3;AGO4;MED8,1.0
GO_Biological_Process_2021,negative regulation of intrinsic apoptotic signaling pathway (GO:2001243),4/64,0.0628046136354619,2.7977010905667865,7.743272126368778,ENO1;NOC2L;PARK7;PINK1,1.0
GO_Biological_Process_2021,diterpenoid metabolic process (GO:0016101),4/64,0.0628046136354619,2.7977010905667865,7.743272126368778,AGRN;DHRS3;HSPG2;SDC3,1.0
GO_Biological_Process_2021,regulation of protein sumoylation (GO:0033233),2/18,0.06531858304624501,5.234978431116343,14.283527163157904,MUL1;PARK7,1.0
GO_Biological_Process_2021,embryonic digit morphogenesis (GO:0042733),2/18,0.06531858304624501,5.234978431116343,14.283527163157904,ECE1;HDAC1,1.0
GO_Biological_Process_2021,G protein-coupled acetylcholine receptor signaling pathway (GO:0007213),2/18,0.06531858304624501,5.234978431116343,14.283527163157904,AGRN;GNB1,1.0
GO_Biological_Process_2021,RNA destabilization (GO:0050779),2/18,0.06531858304624501,5.234978431116343,14.283527163157904,PUM1;YTHDF2,1.0
GO_Biological_Process_2021,pulmonary valve development (GO:0003177),2/18,0.06531858304624501,5.234978431116343,14.283527163157904,HEYL;TNFRSF1B,1.0
GO_Biological_Process_2021,intracellular estrogen receptor signaling pathway (GO:0030520),2/18,0.06531858304624501,5.234978431116343,14.283527163157904,ARID1A;PADI2,1.0
GO_Biological_Process_2021,carbohydrate derivative transport (GO:1901264),2/18,0.06531858304624501,5.234978431116343,14.283527163157904,CPTP;MFSD2A,1.0
GO_Biological_Process_2021,mitochondrial fission (GO:0000266),2/18,0.06531858304624501,5.234978431116343,14.283527163157904,MTFR1L;MUL1,1.0
GO_Biological_Process_2021,positive regulation of myoblast differentiation (GO:0045663),2/18,0.06531858304624501,5.234978431116343,14.283527163157904,AKIRIN1;XKR8,1.0
GO_Biological_Process_2021,negative regulation of protein kinase B signaling (GO:0051898),3/40,0.06654649465310294,3.3993024569751875,9.211614746847934,EPHA2;MUL1;OTUD3,1.0
GO_Biological_Process_2021,cytoplasmic translation (GO:0002181),5/93,0.06720324286197663,2.38611815114412,6.442599601001829,EIF2B3;EIF3I;RPL11;RPL22;RPS8,1.0
GO_Biological_Process_2021,organelle organization (GO:0006996),15/420,0.0702951155124263,1.5638132276813368,4.152006944045468,ATAD3A;ATAD3B;ATAD3C;CAPZB;CDC42;PARK7;PEX10;PEX14;PINK1;PLEKHM2;SLC25A33;VPS13D;YTHDF2;ZMYM4;ZMYM6,1.0
GO_Biological_Process_2021,regulation of filopodium assembly (GO:0051489),3/41,0.0706049941293943,3.309677349876775,8.772810825424399,AGRN;CAPZB;CDC42,1.0
GO_Biological_Process_2021,nucleobase-containing compound catabolic process (GO:0034655),3/41,0.0706049941293943,3.309677349876775,8.772810825424399,DFFB;PABPC4;PPP1R8,1.0
GO_Biological_Process_2021,mitochondrion localization (GO:0051646),2/19,0.07190499718524561,4.9267860619094135,12.969318506701361,MFN2;MUL1,1.0
GO_Biological_Process_2021,regulation of cell-cell adhesion mediated by cadherin (GO:2000047),2/19,0.07190499718524561,4.9267860619094135,12.969318506701361,MAD2L2;PTPRU,1.0
GO_Biological_Process_2021,regulation of bicellular tight junction assembly (GO:2000810),2/19,0.07190499718524561,4.9267860619094135,12.969318506701361,EPHA2;NPHP4,1.0
GO_Biological_Process_2021,positive regulation of cilium assembly (GO:0045724),2/19,0.07190499718524561,4.9267860619094135,12.969318506701361,CROCC;WRAP73,1.0
GO_Biological_Process_2021,regulation of RIG-I signaling pathway (GO:0039535),2/19,0.07190499718524561,4.9267860619094135,12.969318506701361,GPATCH3;PUM1,1.0
GO_Biological_Process_2021,establishment of skin barrier (GO:0061436),2/19,0.07190499718524561,4.9267860619094135,12.969318506701361,KDF1;STMN1,1.0
GO_Biological_Process_2021,cytoplasmic translational initiation (GO:0002183),2/19,0.07190499718524561,4.9267860619094135,12.969318506701361,EIF2B3;EIF3I,1.0
GO_Biological_Process_2021,regulation of glucose transmembrane transport (GO:0010827),2/19,0.07190499718524561,4.9267860619094135,12.969318506701361,C1QTNF12;SLC2A1,1.0
GO_Biological_Process_2021,regulation of water loss via skin (GO:0033561),2/19,0.07190499718524561,4.9267860619094135,12.969318506701361,KDF1;STMN1,1.0
GO_Biological_Process_2021,positive regulation of mitochondrial fission (GO:0090141),2/19,0.07190499718524561,4.9267860619094135,12.969318506701361,MUL1;PINK1,1.0
GO_Biological_Process_2021,negative regulation of oxidative stress-induced intrinsic apoptotic signaling pathway (GO:1902176),2/19,0.07190499718524561,4.9267860619094135,12.969318506701361,PARK7;PINK1,1.0
GO_Biological_Process_2021,negative regulation of RNA splicing (GO:0033119),2/19,0.07190499718524561,4.9267860619094135,12.969318506701361,SRSF10;SRSF4,1.0
GO_Biological_Process_2021,mesenchymal cell development (GO:0014031),2/19,0.07190499718524561,4.9267860619094135,12.969318506701361,HEYL;PEF1,1.0
GO_Biological_Process_2021,cellular response to oxidative stress (GO:0034599),6/125,0.07356899795303144,2.1186292251233447,5.528629838446495,ATP13A2;PARK7;PINK1;PRDX1;SESN2;ZC3H12A,1.0
GO_Biological_Process_2021,regulation of nervous system development (GO:0051960),3/42,0.07477221891510724,3.2246484021167428,8.362509296965117,HEYL;TNFRSF1B;YTHDF2,1.0
GO_Biological_Process_2021,cellular respiration (GO:0045333),3/42,0.07477221891510724,3.2246484021167428,8.362509296965117,MTFR1L;SDHB;UQCRHL,1.0
GO_Biological_Process_2021,regulation of myeloid cell differentiation (GO:0045637),4/68,0.07498252995156171,2.6223059793145262,6.793083971288929,AGO1;AGO3;AGO4;HDAC1,1.0
GO_Biological_Process_2021,positive regulation of protein localization to nucleus (GO:1900182),4/68,0.07498252995156171,2.6223059793145262,6.793083971288929,DMAP1;PARK7;SESN2;ZC3H12A,1.0
GO_Biological_Process_2021,negative regulation of gene expression (GO:0010629),12/322,0.07719659636601947,1.631748691720282,4.179560954475084,AGO1;AGO3;AGO4;HDAC1;KDM4A;PARK7;PINK1;RBBP4;TARDBP;YBX1;YTHDF2;ZC3H12A,1.0
GO_Biological_Process_2021,cellular response to starvation (GO:0009267),7/158,0.07836065638117422,1.9489304438539172,4.962821400046956,ATP6V0B;MFSD2A;MTOR;RRAGC;SESN2;SZT2;ZC3H12A,1.0
GO_Biological_Process_2021,T cell receptor signaling pathway (GO:0050852),7/158,0.07836065638117422,1.9489304438539172,4.962821400046956,EIF2B3;ERMAP;KHDRBS1;PIK3CD;PSMB2;THEMIS2;ZC3H12A,1.0
GO_Biological_Process_2021,fatty acid transport (GO:0015908),2/20,0.07869517998815657,4.652837289281031,11.828319055568086,FABP3;MFSD2A,1.0
GO_Biological_Process_2021,cellular response to glucose starvation (GO:0042149),3/43,0.07904585847745309,3.143870901744712,7.978286411020664,SESN2;SZT2;ZC3H12A,1.0
GO_Biological_Process_2021,DNA synthesis involved in DNA repair (GO:0000731),3/43,0.07904585847745309,3.143870901744712,7.978286411020664,FAAP20;ISG15;RPA2,1.0
GO_Biological_Process_2021,negative regulation of neuron death (GO:1901215),5/98,0.08011001140558627,2.257251630338744,5.6981031896464716,ATP13A2;PARK7;PINK1;PPT1;TNFRSF1B,1.0
GO_Biological_Process_2021,cellular response to light stimulus (GO:0071482),4/70,0.08148588140551276,2.5425809287453167,6.375078018874471,CASP9;GNB1;KDM1A;NOC2L,1.0
GO_Biological_Process_2021,ribosome biogenesis (GO:0042254),8/192,0.0825671631556315,1.8287334205473833,4.561123058359092,EBNA1BP2;EXOSC10;MRTO4;NOC2L;NOL9;RPL11;RPL22;UTP11,1.0
GO_Biological_Process_2021,positive regulation of cell differentiation (GO:0045597),10/258,0.08270516627334161,1.6977742982243955,4.231656953000375,AKIRIN1;CDC42;CTNNBIP1;HEYL;MTOR;NBL1;PDPN;RPS6KA1;XKR8;ZC3H12A,1.0
GO_Biological_Process_2021,response to UV (GO:0009411),5/99,0.08283955118574897,2.2331234306985888,5.562374738794972,CASP9;KDM1A;NOC2L;SDF4;UBE4B,1.0
GO_Biological_Process_2021,mRNA stabilization (GO:0048255),3/44,0.0834235346776464,3.0670337672444883,7.617974591934587,TARDBP;THRAP3;YBX1,1.0
GO_Biological_Process_2021,positive regulation of mRNA catabolic process (GO:0061014),3/44,0.0834235346776464,3.0670337672444883,7.617974591934587,PUM1;YTHDF2;ZC3H12A,1.0
GO_Biological_Process_2021,error-prone translesion synthesis (GO:0042276),2/21,0.08567603596076087,4.4077252295609,10.830583621938379,MAD2L2;RPA2,1.0
GO_Biological_Process_2021,regulation of ubiquitin protein ligase activity (GO:1904666),2/21,0.08567603596076087,4.4077252295609,10.830583621938379,MAD2L2;RPL11,1.0
GO_Biological_Process_2021,negative regulation of small GTPase mediated signal transduction (GO:0051058),2/21,0.08567603596076087,4.4077252295609,10.830583621938379,EPHB2;MFN2,1.0
GO_Biological_Process_2021,focal adhesion assembly (GO:0048041),2/21,0.08567603596076087,4.4077252295609,10.830583621938379,RCC2;TESK2,1.0
GO_Biological_Process_2021,positive regulation of vascular associated smooth muscle cell proliferation (GO:1904707),2/21,0.08567603596076087,4.4077252295609,10.830583621938379,LDLRAP1;MFN2,1.0
GO_Biological_Process_2021,acetylcholine receptor signaling pathway (GO:0095500),2/21,0.08567603596076087,4.4077252295609,10.830583621938379,AGRN;GNB1,1.0
GO_Biological_Process_2021,positive regulation of immune system process (GO:0002684),2/21,0.08567603596076087,4.4077252295609,10.830583621938379,PIK3CD;TNFRSF18,1.0
GO_Biological_Process_2021,regulation of cell-substrate junction assembly (GO:0090109),2/21,0.08567603596076087,4.4077252295609,10.830583621938379,MACF1;SLC9A1,1.0
GO_Biological_Process_2021,rRNA metabolic process (GO:0016072),7/162,0.08675860673922771,1.8982436096525424,4.640495021795656,EBNA1BP2;EXOSC10;MRTO4;NOL9;RPL11;RPL22;UTP11,1.0
GO_Biological_Process_2021,positive regulation of nervous system development (GO:0051962),3/45,0.08790280886656499,2.993855543910941,7.279630169156194,CLSTN1;EPHB2;SPEN,1.0
GO_Biological_Process_2021,regulation of cell cycle (GO:0051726),11/296,0.08930473662531621,1.6255287763618027,3.9267910854870913,CAMK2N1;CDK11A;CDK11B;MFN2;PHACTR4;PUM1;RBBP4;TARDBP;TP73;TRNP1;ZBTB17,1.0
GO_Biological_Process_2021,regulation of intracellular signal transduction (GO:1902531),15/437,0.0908536893776885,1.4994820931660735,3.5965151110543823,ARHGEF16;CDC42;HDAC1;INPP5B;MEAF6;MTOR;NOC2L;PLEKHG5;PLK3;RBBP4;RPA2;RPL11;RRAGC;TAF12;TP73,1.0
GO_Biological_Process_2021,positive regulation of cell growth (GO:0030307),5/102,0.0913193625753499,2.1637237636923685,5.178640092786562,CDC42;MACF1;MFSD2A;RPS6KA1;SLC25A33,1.0
GO_Biological_Process_2021,intrinsic apoptotic signaling pathway (GO:0097193),5/102,0.0913193625753499,2.1637237636923685,5.178640092786562,CASP9;EPHA2;IFI6;TNFRSF1B;TP73,1.0
GO_Biological_Process_2021,positive regulation of synaptic transmission (GO:0050806),4/73,0.09174283601679924,2.4316591192577213,5.808664327744031,CLSTN1;EPHB2;PRKCZ;RIMS3,1.0
GO_Biological_Process_2021,positive regulation of nucleocytoplasmic transport (GO:0046824),3/46,0.09248118862496464,2.924080958871978,6.961505805298849,DMAP1;KHDRBS1;ZC3H12A,1.0
GO_Biological_Process_2021,regulation of double-strand break repair via homologous recombination (GO:0010569),3/46,0.09248118862496464,2.924080958871978,6.961505805298849,KDM1A;MAD2L2;RPA2,1.0
GO_Biological_Process_2021,postreplication repair (GO:0006301),3/46,0.09248118862496464,2.924080958871978,6.961505805298849,FAAP20;ISG15;RPA2,1.0
GO_Biological_Process_2021,DNA repair (GO:0006281),11/298,0.09252083293154485,1.6140333143568066,3.841918101327854,CENPS;EXO5;EYA3;FAAP20;FBXO6;KDM4A;MAD2L2;MUTYH;PARK7;RPA2;TP73,1.0
GO_Biological_Process_2021,heme biosynthetic process (GO:0006783),2/22,0.09283496857616204,4.1871243758127825,9.952509471398136,ATP5IF1;UROD,1.0
GO_Biological_Process_2021,regulation of execution phase of apoptosis (GO:1900117),2/22,0.09283496857616204,4.1871243758127825,9.952509471398136,DFFA;ZC3H12A,1.0
GO_Biological_Process_2021,positive regulation of neural precursor cell proliferation (GO:2000179),2/22,0.09283496857616204,4.1871243758127825,9.952509471398136,DISP3;KDM1A,1.0
GO_Biological_Process_2021,regulation of autophagy (GO:0010506),9/231,0.09406468292051681,1.7055290221959762,4.031482800472279,ATP13A2;ATP6V0B;CPTP;EIF4G3;KDM4A;MTOR;PINK1;RRAGC;ZC3H12A,1.0
GO_Biological_Process_2021,regulation of protein localization to nucleus (GO:1900180),3/47,0.09715613416234442,2.85747794588024,6.662026849378861,ATP13A2;PARK7;SESN2,1.0
GO_Biological_Process_2021,protein-containing complex assembly (GO:0065003),10/267,0.09808125782025465,1.6375545502479465,3.8023344971916133,COL16A1;HDAC1;PEF1;PEX14;PPIH;SLC2A1;SLC9A1;TRAPPC3;VAMP3;ZC3H12A,1.0
GO_Biological_Process_2021,central nervous system development (GO:0007417),10/268,0.09988700056196248,1.631122811445983,3.7576432722538464,C1QA;HPCAL4;HSPG2;KLHL17;MARCKSL1;MFSD2A;MTF1;PPT1;SLC2A1;SZT2,1.0
GO_Biological_Process_2021,negative regulation of extrinsic apoptotic signaling pathway in absence of ligand (GO:2001240),2/23,0.1001598641761258,3.9875331271835326,9.175264789447668,EYA3;IFI6,1.0
GO_Biological_Process_2021,nucleotide metabolic process (GO:0009117),2/23,0.1001598641761258,3.9875331271835326,9.175264789447668,NMNAT1;PARK7,1.0
GO_Biological_Process_2021,glucose 6-phosphate metabolic process (GO:0051156),2/23,0.1001598641761258,3.9875331271835326,9.175264789447668,H6PD;PGD,1.0
GO_Biological_Process_2021,negative regulation of reactive oxygen species metabolic process (GO:2000378),2/23,0.1001598641761258,3.9875331271835326,9.175264789447668,PARK7;PINK1,1.0
GO_Biological_Process_2021,"DNA catabolic process, endonucleolytic (GO:0000737)",2/23,0.1001598641761258,3.9875331271835326,9.175264789447668,DFFA;DFFB,1.0
GO_Biological_Process_2021,negative regulation of signal transduction in absence of ligand (GO:1901099),2/23,0.1001598641761258,3.9875331271835326,9.175264789447668,EYA3;IFI6,1.0
GO_Biological_Process_2021,regulation of neural precursor cell proliferation (GO:2000177),2/23,0.1001598641761258,3.9875331271835326,9.175264789447668,DISP3;KDM1A,1.0
GO_Biological_Process_2021,regulation of gene expression (GO:0010468),32/1079,0.10064350400918011,1.2957948589526822,2.975366148653772,AGO1;AGO3;AGO4;ATP13A2;CAMK2N1;CDK11A;CDK11B;DVL1;EPHB2;ERMAP;HDAC1;HP1BP3;KDM4A;MTOR;MYCBP;NFYC;PARK7;PIK3CD;PINK1;POU3F1;PPIE;PRDM2;PUM1;RNF207;RPL11;SFPQ;SRSF10;TARDBP;TP73;YBX1;YTHDF2;ZC3H12A,1.0
GO_Biological_Process_2021,purine ribonucleotide biosynthetic process (GO:0009152),3/48,0.10192506438807007,2.793835066799246,6.379770983734515,ACOT7;PANK4;PPCS,1.0
GO_Biological_Process_2021,positive regulation of endocytosis (GO:0045807),3/48,0.10192506438807007,2.793835066799246,6.379770983734515,CDC42;LDLRAP1;PPT1,1.0
GO_Biological_Process_2021,regulation of mitochondrion organization (GO:0010821),3/48,0.10192506438807007,2.793835066799246,6.379770983734515,ATP13A2;MUL1;PINK1,1.0
GO_Biological_Process_2021,positive regulation of growth (GO:0045927),4/76,0.10258213858329723,2.329980793894092,5.305579342768935,CDC42;MFSD2A;RPS6KA1;SLC25A33,1.0
GO_Biological_Process_2021,chloride transport (GO:0006821),4/76,0.10258213858329723,2.329980793894092,5.305579342768935,CLCN6;CLCNKA;CLIC4;GABRD,1.0
GO_Biological_Process_2021,regulation of cellular localization (GO:0060341),3/49,0.10678536266787451,2.732959269417426,6.113450645975146,DVL1;KDM1A;PINK1,1.0
GO_Biological_Process_2021,negative regulation of stress fiber assembly (GO:0051497),2/24,0.10763907635005869,3.8060865375205775,8.48365854836922,STMN1;WASF2,1.0
GO_Biological_Process_2021,DNA packaging (GO:0006323),2/24,0.10763907635005869,3.8060865375205775,8.48365854836922,NOC2L;RBBP4,1.0
GO_Biological_Process_2021,neuromuscular junction development (GO:0007528),2/24,0.10763907635005869,3.8060865375205775,8.48365854836922,AGRN;DVL1,1.0
GO_Biological_Process_2021,cellular response to catecholamine stimulus (GO:0071870),2/24,0.10763907635005869,3.8060865375205775,8.48365854836922,GNB1;SLC9A1,1.0
GO_Biological_Process_2021,apoptotic nuclear changes (GO:0030262),2/24,0.10763907635005869,3.8060865375205775,8.48365854836922,DFFA;DFFB,1.0
GO_Biological_Process_2021,long-chain fatty-acyl-CoA metabolic process (GO:0035336),2/24,0.10763907635005869,3.8060865375205775,8.48365854836922,ACOT7;ELOVL1,1.0
GO_Biological_Process_2021,porphyrin-containing compound biosynthetic process (GO:0006779),2/24,0.10763907635005869,3.8060865375205775,8.48365854836922,ATP5IF1;UROD,1.0
GO_Biological_Process_2021,protein kinase B signaling (GO:0043491),2/24,0.10763907635005869,3.8060865375205775,8.48365854836922,EPHA2;PLK3,1.0
GO_Biological_Process_2021,negative regulation of cell population proliferation (GO:0008285),13/379,0.11020305752671831,1.496174831285655,3.2997098118191905,CAMK2N1;CTNNBIP1;FABP3;IFNLR1;KDF1;MFN2;P3H1;PDPN;PTPRU;RBBP4;SKI;TP73;ZBTB17,1.0
GO_Biological_Process_2021,CRD-mediated mRNA stabilization (GO:0070934),1/5,0.11166168122067735,10.453961237602543,22.9180277318776,YBX1,1.0
GO_Biological_Process_2021,fatty acid derivative catabolic process (GO:1901569),1/5,0.11166168122067735,10.453961237602543,22.9180277318776,OXCT2,1.0
GO_Biological_Process_2021,regulation of microvillus assembly (GO:0032534),1/5,0.11166168122067735,10.453961237602543,22.9180277318776,RAP1GAP,1.0
GO_Biological_Process_2021,negative regulation of cysteine-type endopeptidase activity involved in apoptotic signaling pathway (GO:2001268),1/5,0.11166168122067735,10.453961237602543,22.9180277318776,PARK7,1.0
GO_Biological_Process_2021,regulation of miRNA catabolic process (GO:2000625),1/5,0.11166168122067735,10.453961237602543,22.9180277318776,ZC3H12A,1.0
GO_Biological_Process_2021,nuclear retention of pre-mRNA at the site of transcription (GO:0071033),1/5,0.11166168122067735,10.453961237602543,22.9180277318776,EXOSC10,1.0
GO_Biological_Process_2021,fructose transmembrane transport (GO:0015755),1/5,0.11166168122067735,10.453961237602543,22.9180277318776,SLC2A5,1.0
GO_Biological_Process_2021,regulation of mitophagy (GO:1901524),1/5,0.11166168122067735,10.453961237602543,22.9180277318776,VPS13D,1.0
GO_Biological_Process_2021,positive regulation of vascular associated smooth muscle cell apoptotic process (GO:1905461),1/5,0.11166168122067735,10.453961237602543,22.9180277318776,MFN2,1.0
GO_Biological_Process_2021,negative regulation of cardiac muscle cell proliferation (GO:0060044),1/5,0.11166168122067735,10.453961237602543,22.9180277318776,TP73,1.0
GO_Biological_Process_2021,neutral lipid catabolic process (GO:0046461),1/5,0.11166168122067735,10.453961237602543,22.9180277318776,LYPLA2,1.0
GO_Biological_Process_2021,determination of dorsal/ventral asymmetry (GO:0048262),1/5,0.11166168122067735,10.453961237602543,22.9180277318776,NBL1,1.0
GO_Biological_Process_2021,negative regulation of macrophage differentiation (GO:0045650),1/5,0.11166168122067735,10.453961237602543,22.9180277318776,C1QC,1.0
GO_Biological_Process_2021,positive regulation of protein localization to cilium (GO:1903566),1/5,0.11166168122067735,10.453961237602543,22.9180277318776,CROCC,1.0
GO_Biological_Process_2021,response to fructose (GO:0009750),1/5,0.11166168122067735,10.453961237602543,22.9180277318776,SLC2A5,1.0
GO_Biological_Process_2021,positive regulation of RNA export from nucleus (GO:0046833),1/5,0.11166168122067735,10.453961237602543,22.9180277318776,KHDRBS1,1.0
GO_Biological_Process_2021,menaquinone metabolic process (GO:0009233),1/5,0.11166168122067735,10.453961237602543,22.9180277318776,UBIAD1,1.0
GO_Biological_Process_2021,positive regulation of histone ubiquitination (GO:0033184),1/5,0.11166168122067735,10.453961237602543,22.9180277318776,KDM1A,1.0
GO_Biological_Process_2021,mammary gland duct morphogenesis (GO:0060603),1/5,0.11166168122067735,10.453961237602543,22.9180277318776,EPHA2,1.0
GO_Biological_Process_2021,histone citrullination (GO:0036414),1/5,0.11166168122067735,10.453961237602543,22.9180277318776,PADI2,1.0
GO_Biological_Process_2021,pyrimidine nucleobase biosynthetic process (GO:0019856),1/5,0.11166168122067735,10.453961237602543,22.9180277318776,CTPS1,1.0
GO_Biological_Process_2021,regulation of circadian sleep/wake cycle (GO:0042749),1/5,0.11166168122067735,10.453961237602543,22.9180277318776,PER3,1.0
GO_Biological_Process_2021,negative regulation of adaptive immune response (GO:0002820),1/5,0.11166168122067735,10.453961237602543,22.9180277318776,TNFRSF14,1.0
GO_Biological_Process_2021,protein retention in Golgi apparatus (GO:0045053),1/5,0.11166168122067735,10.453961237602543,22.9180277318776,VPS13D,1.0
GO_Biological_Process_2021,regulation of antifungal innate immune response (GO:1905034),1/5,0.11166168122067735,10.453961237602543,22.9180277318776,TRIM62,1.0
GO_Biological_Process_2021,regulation of receptor catabolic process (GO:2000644),1/5,0.11166168122067735,10.453961237602543,22.9180277318776,LAPTM5,1.0
GO_Biological_Process_2021,glucuronate catabolic process to xylulose 5-phosphate (GO:0019640),1/5,0.11166168122067735,10.453961237602543,22.9180277318776,AKR1A1,1.0
GO_Biological_Process_2021,cellular response to sodium arsenite (GO:1903936),1/5,0.11166168122067735,10.453961237602543,22.9180277318776,ZC3H12A,1.0
GO_Biological_Process_2021,regulation of cyclase activity (GO:0031279),1/5,0.11166168122067735,10.453961237602543,22.9180277318776,CAP1,1.0
GO_Biological_Process_2021,positive regulation of protein monoubiquitination (GO:1902527),1/5,0.11166168122067735,10.453961237602543,22.9180277318776,PEF1,1.0
GO_Biological_Process_2021,extracellular exosome biogenesis (GO:0097734),1/5,0.11166168122067735,10.453961237602543,22.9180277318776,ATP13A2,1.0
GO_Biological_Process_2021,chromatin maintenance (GO:0070827),1/5,0.11166168122067735,10.453961237602543,22.9180277318776,MTHFR,1.0
GO_Biological_Process_2021,regulation of lyase activity (GO:0051339),1/5,0.11166168122067735,10.453961237602543,22.9180277318776,CAP1,1.0
GO_Biological_Process_2021,regulation of guanyl-nucleotide exchange factor activity (GO:1905097),1/5,0.11166168122067735,10.453961237602543,22.9180277318776,STMN1,1.0
GO_Biological_Process_2021,glucuronate catabolic process (GO:0006064),1/5,0.11166168122067735,10.453961237602543,22.9180277318776,AKR1A1,1.0
GO_Biological_Process_2021,positive regulation of attachment of spindle microtubules to kinetochore (GO:0051987),1/5,0.11166168122067735,10.453961237602543,22.9180277318776,RCC2,1.0
GO_Biological_Process_2021,regulation of systemic arterial blood pressure by endothelin (GO:0003100),1/5,0.11166168122067735,10.453961237602543,22.9180277318776,ECE1,1.0
GO_Biological_Process_2021,positive regulation of membrane permeability (GO:1905710),1/5,0.11166168122067735,10.453961237602543,22.9180277318776,LAPTM5,1.0
GO_Biological_Process_2021,glucose import across plasma membrane (GO:0098708),1/5,0.11166168122067735,10.453961237602543,22.9180277318776,SLC2A1,1.0
GO_Biological_Process_2021,leucine catabolic process (GO:0006552),1/5,0.11166168122067735,10.453961237602543,22.9180277318776,HMGCL,1.0
GO_Biological_Process_2021,lipid transport across blood-brain barrier (GO:1990379),1/5,0.11166168122067735,10.453961237602543,22.9180277318776,MFSD2A,1.0
GO_Biological_Process_2021,apoptotic chromosome condensation (GO:0030263),1/5,0.11166168122067735,10.453961237602543,22.9180277318776,DFFB,1.0
GO_Biological_Process_2021,xylulose 5-phosphate biosynthetic process (GO:1901159),1/5,0.11166168122067735,10.453961237602543,22.9180277318776,AKR1A1,1.0
GO_Biological_Process_2021,protein citrullination (GO:0018101),1/5,0.11166168122067735,10.453961237602543,22.9180277318776,PADI2,1.0
GO_Biological_Process_2021,positive regulation of the force of heart contraction (GO:0098735),1/5,0.11166168122067735,10.453961237602543,22.9180277318776,SLC9A1,1.0
GO_Biological_Process_2021,lymph node development (GO:0048535),1/5,0.11166168122067735,10.453961237602543,22.9180277318776,PDPN,1.0
GO_Biological_Process_2021,positive regulation of mast cell activation involved in immune response (GO:0033008),1/5,0.11166168122067735,10.453961237602543,22.9180277318776,FGR,1.0
GO_Biological_Process_2021,positive regulation of nucleobase-containing compound transport (GO:0032241),1/5,0.11166168122067735,10.453961237602543,22.9180277318776,KHDRBS1,1.0
GO_Biological_Process_2021,disaccharide biosynthetic process (GO:0046351),1/5,0.11166168122067735,10.453961237602543,22.9180277318776,SLC2A1,1.0
GO_Biological_Process_2021,negative regulation of RNA polymerase II regulatory region sequence-specific DNA binding (GO:1903026),1/5,0.11166168122067735,10.453961237602543,22.9180277318776,ZNF593,1.0
GO_Biological_Process_2021,negative regulation of protein acetylation (GO:1901984),1/5,0.11166168122067735,10.453961237602543,22.9180277318776,PARK7,1.0
GO_Biological_Process_2021,deadenylation-independent decapping of nuclear-transcribed mRNA (GO:0031087),1/5,0.11166168122067735,10.453961237602543,22.9180277318776,PNRC2,1.0
GO_Biological_Process_2021,dephosphorylation of RNA polymerase II C-terminal domain (GO:0070940),1/5,0.11166168122067735,10.453961237602543,22.9180277318776,SSU72,1.0
GO_Biological_Process_2021,response to sodium arsenite (GO:1903935),1/5,0.11166168122067735,10.453961237602543,22.9180277318776,ZC3H12A,1.0
GO_Biological_Process_2021,negative regulation of skeletal muscle cell differentiation (GO:2001015),1/5,0.11166168122067735,10.453961237602543,22.9180277318776,AKIRIN1,1.0
GO_Biological_Process_2021,positive regulation of non-motile cilium assembly (GO:1902857),1/5,0.11166168122067735,10.453961237602543,22.9180277318776,WRAP73,1.0
GO_Biological_Process_2021,regulation of protein monoubiquitination (GO:1902525),1/5,0.11166168122067735,10.453961237602543,22.9180277318776,PEF1,1.0
GO_Biological_Process_2021,positive regulation of protein localization to cell cortex (GO:1904778),1/5,0.11166168122067735,10.453961237602543,22.9180277318776,EPB41,1.0
GO_Biological_Process_2021,positive regulation of protein localization to synapse (GO:1902474),1/5,0.11166168122067735,10.453961237602543,22.9180277318776,DVL1,1.0
GO_Biological_Process_2021,"RNA phosphodiester bond hydrolysis, exonucleolytic (GO:0090503)",1/5,0.11166168122067735,10.453961237602543,22.9180277318776,TOE1,1.0
GO_Biological_Process_2021,regulation of complement activation (GO:0030449),3/50,0.11173438227840238,2.674673931498662,5.86189779806068,C1QA;C1QB;C1QC,1.0
GO_Biological_Process_2021,protein ubiquitination (GO:0016567),17/525,0.11193882670940274,1.4115962471807666,3.0911173397282248,FBXO2;FBXO44;FBXO6;ISG15;KLHL21;MIB2;MUL1;PEX10;PEX14;PINK1;PSMB2;RNF19B;RNF220;SPSB1;TRIM62;UBE2J2;UBE4B,1.0
GO_Biological_Process_2021,rRNA processing (GO:0006364),7/173,0.11236883979600697,1.771450188555428,3.872334499223477,EBNA1BP2;EXOSC10;MRTO4;NOL9;RPL11;RPL22;UTP11,1.0
GO_Biological_Process_2021,peripheral nervous system development (GO:0007422),2/25,0.11526141077816025,3.640417912176141,7.8653143600663356,ADGRB2;ARTN,1.0
GO_Biological_Process_2021,positive regulation of lipid metabolic process (GO:0045834),2/25,0.11526141077816025,3.640417912176141,7.8653143600663356,DISP3;MTOR,1.0
GO_Biological_Process_2021,regulation of proteolysis involved in cellular protein catabolic process (GO:1903050),2/25,0.11526141077816025,3.640417912176141,7.8653143600663356,ATP5IF1;PINK1,1.0
GO_Biological_Process_2021,regulation of mitochondrial fission (GO:0090140),2/25,0.11526141077816025,3.640417912176141,7.8653143600663356,MUL1;PINK1,1.0
GO_Biological_Process_2021,regulation of epidermal cell differentiation (GO:0045604),2/25,0.11526141077816025,3.640417912176141,7.8653143600663356,ERRFI1;KDF1,1.0
GO_Biological_Process_2021,peroxisome organization (GO:0007031),2/25,0.11526141077816025,3.640417912176141,7.8653143600663356,PEX10;PEX14,1.0
GO_Biological_Process_2021,divalent inorganic cation homeostasis (GO:0072507),2/25,0.11526141077816025,3.640417912176141,7.8653143600663356,ATP13A2;SELENON,1.0
GO_Biological_Process_2021,ribosomal large subunit assembly (GO:0000027),2/25,0.11526141077816025,3.640417912176141,7.8653143600663356,MRPL20;RPL11,1.0
GO_Biological_Process_2021,response to hexose (GO:0009746),2/25,0.11526141077816025,3.640417912176141,7.8653143600663356,EIF2B3;SLC2A5,1.0
GO_Biological_Process_2021,regulation of protein kinase activity (GO:0045859),5/110,0.1160003681437923,1.9980458284902165,4.304114226614592,CAMK2N1;CEP85;DVL1;FGR;PARK7,1.0
GO_Biological_Process_2021,Ras protein signal transduction (GO:0007265),6/142,0.11671722959840787,1.8521771953946877,3.978478672547155,CNKSR1;GNB1;PARK7;PDPN;PHACTR4;PLEKHG5,1.0
GO_Biological_Process_2021,negative regulation of protein ubiquitination (GO:0031397),3/51,0.11676945157200803,2.6188171493265133,5.624050687955386,ISG15;PARK7;SVBP,1.0
GO_Biological_Process_2021,regulation of substrate adhesion-dependent cell spreading (GO:1900024),3/51,0.11676945157200803,2.6188171493265133,5.624050687955386,CDC42;PDPN;RCC2,1.0
GO_Biological_Process_2021,regulation of protein localization to plasma membrane (GO:1903076),4/80,0.11789685180062393,2.2068965052960148,4.718223733191852,ARHGEF16;EPHA2;EPHB2;LDLRAP1,1.0
GO_Biological_Process_2021,regulation of organelle organization (GO:0033043),4/80,0.11789685180062393,2.2068965052960148,4.718223733191852,ATP13A2;CLIC4;MUL1;PINK1,1.0
GO_Biological_Process_2021,protein polyubiquitination (GO:0000209),11/314,0.12073344660942474,1.5275328081805983,3.2294641653344214,FBXO2;FBXO44;FBXO6;MIB2;MUL1;PSMB2;RNF19B;SPSB1;TRIM62;UBE2J2;UBE4B,1.0
GO_Biological_Process_2021,cellular response to DNA damage stimulus (GO:0006974),12/350,0.12161879137956053,1.4943942377046837,3.1484851029481913,CASP9;CENPS;EPHA2;FAAP20;FBXO6;MUTYH;PARK7;PLK3;TNFRSF1B;TP73;ZBTB40;ZC3H12A,1.0
GO_Biological_Process_2021,positive regulation of protein localization to plasma membrane (GO:1903078),3/52,0.12188787886358855,2.565240235814452,5.398942308855889,ARHGEF16;EPHA2;EPHB2,1.0
GO_Biological_Process_2021,negative regulation of cellular biosynthetic process (GO:0031327),3/52,0.12188787886358855,2.565240235814452,5.398942308855889,C1QTNF12;WDTC1;ZC3H12A,1.0
GO_Biological_Process_2021,organelle fission (GO:0048285),2/26,0.12301611052564837,3.4885550056104075,7.310057534564434,MTFR1L;MUL1,1.0
GO_Biological_Process_2021,regulation of viral life cycle (GO:1903900),2/26,0.12301611052564837,3.4885550056104075,7.310057534564434,KPNA6;TRIM62,1.0
GO_Biological_Process_2021,negative regulation of interleukin-1 beta production (GO:0032691),2/26,0.12301611052564837,3.4885550056104075,7.310057534564434,CPTP;ZC3H12A,1.0
GO_Biological_Process_2021,snRNA processing (GO:0016180),2/26,0.12301611052564837,3.4885550056104075,7.310057534564434,INTS11;TOE1,1.0
GO_Biological_Process_2021,positive regulation of filopodium assembly (GO:0051491),2/26,0.12301611052564837,3.4885550056104075,7.310057534564434,AGRN;CDC42,1.0
GO_Biological_Process_2021,histone lysine demethylation (GO:0070076),2/26,0.12301611052564837,3.4885550056104075,7.310057534564434,KDM1A;KDM4A,1.0
GO_Biological_Process_2021,TOR signaling (GO:0031929),2/26,0.12301611052564837,3.4885550056104075,7.310057534564434,MTOR;PINK1,1.0
GO_Biological_Process_2021,negative regulation of macroautophagy (GO:0016242),2/26,0.12301611052564837,3.4885550056104075,7.310057534564434,MTOR;PINK1,1.0
GO_Biological_Process_2021,positive regulation of macroautophagy (GO:0016239),3/53,0.1270869570508125,2.5138063988428736,5.185690309574995,PINK1;SESN2;VPS13D,1.0
GO_Biological_Process_2021,epidermal cell differentiation (GO:0009913),3/53,0.1270869570508125,2.5138063988428736,5.185690309574995,CLIC4;EPHA2;HDAC1,1.0
GO_Biological_Process_2021,regulation of immune effector process (GO:0002697),3/53,0.1270869570508125,2.5138063988428736,5.185690309574995,C1QA;C1QB;C1QC,1.0
GO_Biological_Process_2021,histone modification (GO:0016570),5/114,0.12941360291536602,1.9243267472305439,3.9347512973692713,EYA3;HDAC1;KDM4A;PADI2;PARK7,1.0
GO_Biological_Process_2021,nucleobase-containing small molecule interconversion (GO:0015949),2/27,0.13089284177532096,3.348841131569933,6.809454163419337,AK2;CTPS1,1.0
GO_Biological_Process_2021,negative regulation of plasma membrane bounded cell projection assembly (GO:0120033),2/27,0.13089284177532096,3.348841131569933,6.809454163419337,CAPZB;RAP1GAP,1.0
GO_Biological_Process_2021,negative regulation of cation channel activity (GO:2001258),2/27,0.13089284177532096,3.348841131569933,6.809454163419337,EPHB2;SLC6A9,1.0
GO_Biological_Process_2021,regulation of transcription regulatory region DNA binding (GO:2000677),2/27,0.13089284177532096,3.348841131569933,6.809454163419337,MAD2L2;PARK7,1.0
GO_Biological_Process_2021,dendritic spine organization (GO:0097061),2/27,0.13089284177532096,3.348841131569933,6.809454163419337,CDC42;EPHB2,1.0
GO_Biological_Process_2021,peroxisomal membrane transport (GO:0015919),2/27,0.13089284177532096,3.348841131569933,6.809454163419337,PEX10;PEX14,1.0
GO_Biological_Process_2021,protein peptidyl-prolyl isomerization (GO:0000413),2/27,0.13089284177532096,3.348841131569933,6.809454163419337,PPIE;PPIH,1.0
GO_Biological_Process_2021,calcium-ion regulated exocytosis (GO:0017156),2/27,0.13089284177532096,3.348841131569933,6.809454163419337,RIMS3;SDF4,1.0
GO_Biological_Process_2021,negative regulation of actin filament bundle assembly (GO:0032232),2/27,0.13089284177532096,3.348841131569933,6.809454163419337,STMN1;WASF2,1.0
GO_Biological_Process_2021,inorganic anion transport (GO:0015698),3/54,0.13236396797869773,2.464389575085866,4.983488149464251,CLCN6;CLCNKA;CLIC4,1.0
GO_Biological_Process_2021,regulation of humoral immune response (GO:0002920),3/54,0.13236396797869773,2.464389575085866,4.983488149464251,C1QA;C1QB;C1QC,1.0
GO_Biological_Process_2021,positive regulation of cholesterol metabolic process (GO:0090205),1/6,0.13245399595879806,8.36274072456658,16.905446744369815,LDLRAP1,1.0
GO_Biological_Process_2021,glycoside metabolic process (GO:0016137),1/6,0.13245399595879806,8.36274072456658,16.905446744369815,FUCA1,1.0
GO_Biological_Process_2021,mRNA 3'-splice site recognition (GO:0000389),1/6,0.13245399595879806,8.36274072456658,16.905446744369815,SF3A3,1.0
GO_Biological_Process_2021,regulation of cell cycle checkpoint (GO:1901976),1/6,0.13245399595879806,8.36274072456658,16.905446744369815,RPA2,1.0
GO_Biological_Process_2021,photoreceptor cell outer segment organization (GO:0035845),1/6,0.13245399595879806,8.36274072456658,16.905446744369815,MFSD2A,1.0
GO_Biological_Process_2021,glycolipid transport (GO:0046836),1/6,0.13245399595879806,8.36274072456658,16.905446744369815,CPTP,1.0
GO_Biological_Process_2021,negative regulation of monocyte chemotaxis (GO:0090027),1/6,0.13245399595879806,8.36274072456658,16.905446744369815,NBL1,1.0
GO_Biological_Process_2021,response to manganese ion (GO:0010042),1/6,0.13245399595879806,8.36274072456658,16.905446744369815,ATP13A2,1.0
GO_Biological_Process_2021,ear development (GO:0043583),1/6,0.13245399595879806,8.36274072456658,16.905446744369815,ECE1,1.0
GO_Biological_Process_2021,response to catecholamine (GO:0071869),1/6,0.13245399595879806,8.36274072456658,16.905446744369815,GNB1,1.0
GO_Biological_Process_2021,positive regulation of T-helper 2 cell differentiation (GO:0045630),1/6,0.13245399595879806,8.36274072456658,16.905446744369815,PRKCZ,1.0
GO_Biological_Process_2021,tRNA surveillance (GO:0106354),1/6,0.13245399595879806,8.36274072456658,16.905446744369815,EXOSC10,1.0
GO_Biological_Process_2021,tRNA pseudouridine synthesis (GO:0031119),1/6,0.13245399595879806,8.36274072456658,16.905446744369815,PUSL1,1.0
GO_Biological_Process_2021,glycosyl compound catabolic process (GO:1901658),1/6,0.13245399595879806,8.36274072456658,16.905446744369815,FUCA1,1.0
GO_Biological_Process_2021,ISG15-protein conjugation (GO:0032020),1/6,0.13245399595879806,8.36274072456658,16.905446744369815,ISG15,1.0
GO_Biological_Process_2021,regulation of protein localization to cilium (GO:1903564),1/6,0.13245399595879806,8.36274072456658,16.905446744369815,CROCC,1.0
GO_Biological_Process_2021,positive regulation of hemoglobin biosynthetic process (GO:0046985),1/6,0.13245399595879806,8.36274072456658,16.905446744369815,SLC6A9,1.0
GO_Biological_Process_2021,positive regulation of plasminogen activation (GO:0010756),1/6,0.13245399595879806,8.36274072456658,16.905446744369815,ENO1,1.0
GO_Biological_Process_2021,B cell chemotaxis (GO:0035754),1/6,0.13245399595879806,8.36274072456658,16.905446744369815,PIK3CD,1.0
GO_Biological_Process_2021,nucleotide transport (GO:0006862),1/6,0.13245399595879806,8.36274072456658,16.905446744369815,SLC25A33,1.0
GO_Biological_Process_2021,galactose catabolic process (GO:0019388),1/6,0.13245399595879806,8.36274072456658,16.905446744369815,GALE,1.0
GO_Biological_Process_2021,negative regulation of cardiac muscle tissue growth (GO:0055022),1/6,0.13245399595879806,8.36274072456658,16.905446744369815,TP73,1.0
GO_Biological_Process_2021,neuroblast proliferation (GO:0007405),1/6,0.13245399595879806,8.36274072456658,16.905446744369815,ARTN,1.0
GO_Biological_Process_2021,neutrophil extravasation (GO:0072672),1/6,0.13245399595879806,8.36274072456658,16.905446744369815,PIK3CD,1.0
GO_Biological_Process_2021,regulation of digestive system process (GO:0044058),1/6,0.13245399595879806,8.36274072456658,16.905446744369815,EPB41,1.0
GO_Biological_Process_2021,negative regulation of glial cell proliferation (GO:0060253),1/6,0.13245399595879806,8.36274072456658,16.905446744369815,SKI,1.0
GO_Biological_Process_2021,regulation of macromolecule biosynthetic process (GO:0010556),1/6,0.13245399595879806,8.36274072456658,16.905446744369815,TNFRSF1B,1.0
GO_Biological_Process_2021,vacuole organization (GO:0007033),1/6,0.13245399595879806,8.36274072456658,16.905446744369815,ATP13A2,1.0
GO_Biological_Process_2021,peptidyl-diphthamide metabolic process (GO:0017182),1/6,0.13245399595879806,8.36274072456658,16.905446744369815,DPH2,1.0
GO_Biological_Process_2021,peptidyl-diphthamide biosynthetic process from peptidyl-histidine (GO:0017183),1/6,0.13245399595879806,8.36274072456658,16.905446744369815,DPH2,1.0
GO_Biological_Process_2021,negative regulation of histone H3-K9 methylation (GO:0051573),1/6,0.13245399595879806,8.36274072456658,16.905446744369815,KDM1A,1.0
GO_Biological_Process_2021,regulation of membrane tubulation (GO:1903525),1/6,0.13245399595879806,8.36274072456658,16.905446744369815,PLEKHM2,1.0
GO_Biological_Process_2021,negative regulation of cellular response to hypoxia (GO:1900038),1/6,0.13245399595879806,8.36274072456658,16.905446744369815,ENO1,1.0
GO_Biological_Process_2021,negative regulation of chemokine-mediated signaling pathway (GO:0070100),1/6,0.13245399595879806,8.36274072456658,16.905446744369815,PADI2,1.0
GO_Biological_Process_2021,nuclear polyadenylation-dependent rRNA catabolic process (GO:0071035),1/6,0.13245399595879806,8.36274072456658,16.905446744369815,EXOSC10,1.0
GO_Biological_Process_2021,nuclear polyadenylation-dependent tRNA catabolic process (GO:0071038),1/6,0.13245399595879806,8.36274072456658,16.905446744369815,EXOSC10,1.0
GO_Biological_Process_2021,nuclear polyadenylation-dependent ncRNA catabolic process (GO:0071046),1/6,0.13245399595879806,8.36274072456658,16.905446744369815,EXOSC10,1.0
GO_Biological_Process_2021,cellular response to salt (GO:1902075),1/6,0.13245399595879806,8.36274072456658,16.905446744369815,ZC3H12A,1.0
GO_Biological_Process_2021,protein K27-linked ubiquitination (GO:0044314),1/6,0.13245399595879806,8.36274072456658,16.905446744369815,TRIM62,1.0
GO_Biological_Process_2021,protein localization to ciliary transition zone (GO:1904491),1/6,0.13245399595879806,8.36274072456658,16.905446744369815,NPHP4,1.0
GO_Biological_Process_2021,activation of cysteine-type endopeptidase activity involved in apoptotic process by cytochrome c (GO:0008635),1/6,0.13245399595879806,8.36274072456658,16.905446744369815,CASP9,1.0
GO_Biological_Process_2021,histone H4-K12 acetylation (GO:0043983),1/6,0.13245399595879806,8.36274072456658,16.905446744369815,MEAF6,1.0
GO_Biological_Process_2021,positive regulation of lipoprotein particle clearance (GO:0010986),1/6,0.13245399595879806,8.36274072456658,16.905446744369815,LDLRAP1,1.0
GO_Biological_Process_2021,regulation of non-motile cilium assembly (GO:1902855),1/6,0.13245399595879806,8.36274072456658,16.905446744369815,WRAP73,1.0
GO_Biological_Process_2021,medium-chain fatty acid biosynthetic process (GO:0051792),1/6,0.13245399595879806,8.36274072456658,16.905446744369815,ACOT7,1.0
GO_Biological_Process_2021,TORC2 signaling (GO:0038203),1/6,0.13245399595879806,8.36274072456658,16.905446744369815,PINK1,1.0
GO_Biological_Process_2021,positive regulation of intracellular protein transport (GO:0090316),6/148,0.13442586495595132,1.7733674401228314,3.558691671568503,DMAP1;PINK1;PLK3;TP73;UBE2J2;ZC3H12A,1.0
GO_Biological_Process_2021,regulation of protein-containing complex assembly (GO:0043254),5/116,0.13637337044578374,1.8894596142023201,3.764481459310259,CDC42;FBLIM1;PARK7;PINK1;PRKCZ,1.0
GO_Biological_Process_2021,tumor necrosis factor-mediated signaling pathway (GO:0033209),5/116,0.13637337044578374,1.8894596142023201,3.764481459310259,PSMB2;TNFRSF14;TNFRSF18;TNFRSF1B;TNFRSF25,1.0
GO_Biological_Process_2021,negative regulation of cysteine-type endopeptidase activity involved in apoptotic process (GO:0043154),3/55,0.13771618655910647,2.4168733983964366,4.791597324001952,IFI6;PARK7;RPS6KA1,1.0
GO_Biological_Process_2021,positive regulation of protein import into nucleus (GO:0042307),2/28,0.13888167998605683,3.2198744786094946,6.356460243421053,DMAP1;ZC3H12A,1.0
GO_Biological_Process_2021,regulation of immunoglobulin production (GO:0002637),2/28,0.13888167998605683,3.2198744786094946,6.356460243421053,EPHB2;VAMP3,1.0
GO_Biological_Process_2021,regulation of protein transport (GO:0051223),2/28,0.13888167998605683,3.2198744786094946,6.356460243421053,ATP13A2;P3H1,1.0
GO_Biological_Process_2021,negative regulation of oxidative stress-induced cell death (GO:1903202),2/28,0.13888167998605683,3.2198744786094946,6.356460243421053,PARK7;PINK1,1.0
GO_Biological_Process_2021,regulation of B cell activation (GO:0050864),2/28,0.13888167998605683,3.2198744786094946,6.356460243421053,LAPTM5;THEMIS2,1.0
GO_Biological_Process_2021,regulation of calcineurin-NFAT signaling cascade (GO:0070884),2/28,0.13888167998605683,3.2198744786094946,6.356460243421053,CAMTA1;SLC9A1,1.0
GO_Biological_Process_2021,keratan sulfate biosynthetic process (GO:0018146),2/28,0.13888167998605683,3.2198744786094946,6.356460243421053,B4GALT2;ST3GAL3,1.0
GO_Biological_Process_2021,histone mRNA metabolic process (GO:0008334),2/28,0.13888167998605683,3.2198744786094946,6.356460243421053,EXOSC10;LSM10,1.0
GO_Biological_Process_2021,regulation of reactive oxygen species biosynthetic process (GO:1903426),2/28,0.13888167998605683,3.2198744786094946,6.356460243421053,PARK7;SLC25A33,1.0
GO_Biological_Process_2021,RNA phosphodiester bond hydrolysis (GO:0090501),2/28,0.13888167998605683,3.2198744786094946,6.356460243421053,TOE1;ZC3H12A,1.0
GO_Biological_Process_2021,regulation of extrinsic apoptotic signaling pathway in absence of ligand (GO:2001239),2/28,0.13888167998605683,3.2198744786094946,6.356460243421053,EYA3;IFI6,1.0
GO_Biological_Process_2021,macromolecule catabolic process (GO:0009057),2/28,0.13888167998605683,3.2198744786094946,6.356460243421053,MTOR;PPT1,1.0
GO_Biological_Process_2021,receptor clustering (GO:0043113),2/28,0.13888167998605683,3.2198744786094946,6.356460243421053,AGRN;DVL1,1.0
GO_Biological_Process_2021,amide transport (GO:0042886),2/28,0.13888167998605683,3.2198744786094946,6.356460243421053,CPTP;PDPN,1.0
GO_Biological_Process_2021,positive regulation of cell communication (GO:0010647),2/28,0.13888167998605683,3.2198744786094946,6.356460243421053,CLSTN1;RIMS3,1.0
GO_Biological_Process_2021,regulation of neuron death (GO:1901214),4/86,0.14258079207072977,2.044785491044888,3.982928217070369,ATP13A2;C1QA;PARK7;TNFRSF1B,1.0
GO_Biological_Process_2021,negative regulation of phosphorylation (GO:0042326),4/86,0.14258079207072977,2.044785491044888,3.982928217070369,EPHB2;PARK7;TARDBP;ZC3H12A,1.0
GO_Biological_Process_2021,regulation of ATP metabolic process (GO:1903578),3/56,0.1431408846553335,2.3711502849783064,4.60934051421908,ATP5IF1;PINK1;SLC25A33,1.0
GO_Biological_Process_2021,positive regulation of establishment of protein localization to mitochondrion (GO:1903749),3/56,0.1431408846553335,2.3711502849783064,4.60934051421908,PINK1;TP73;UBE2J2,1.0
GO_Biological_Process_2021,antigen receptor-mediated signaling pathway (GO:0050851),7/185,0.1443361654347044,1.6510029141730826,3.1956981104409143,EIF2B3;ERMAP;KHDRBS1;PIK3CD;PSMB2;THEMIS2;ZC3H12A,1.0
GO_Biological_Process_2021,positive regulation of viral genome replication (GO:0045070),2/29,0.14697309646520404,3.100460911053533,5.945151550793887,PPIE;PPIH,1.0
GO_Biological_Process_2021,regulation of ubiquitin-protein transferase activity (GO:0051438),2/29,0.14697309646520404,3.100460911053533,5.945151550793887,PARK7;PINK1,1.0
GO_Biological_Process_2021,negative regulation of interferon-gamma production (GO:0032689),2/29,0.14697309646520404,3.100460911053533,5.945151550793887,LAPTM5;ZC3H12A,1.0
GO_Biological_Process_2021,negative regulation of mRNA catabolic process (GO:1902373),2/29,0.14697309646520404,3.100460911053533,5.945151550793887,THRAP3;YBX1,1.0
GO_Biological_Process_2021,hydrogen peroxide metabolic process (GO:0042743),2/29,0.14697309646520404,3.100460911053533,5.945151550793887,PARK7;PRDX1,1.0
GO_Biological_Process_2021,protein targeting to peroxisome (GO:0006625),2/29,0.14697309646520404,3.100460911053533,5.945151550793887,PEX10;PEX14,1.0
GO_Biological_Process_2021,regulation of neuronal synaptic plasticity (GO:0048168),2/29,0.14697309646520404,3.100460911053533,5.945151550793887,EPHB2;NCDN,1.0
GO_Biological_Process_2021,regulation of response to biotic stimulus (GO:0002831),2/29,0.14697309646520404,3.100460911053533,5.945151550793887,FGR;ZMPSTE24,1.0
GO_Biological_Process_2021,regulation of reactive oxygen species metabolic process (GO:2000377),3/57,0.1486353347416108,2.3271206202052914,4.436095535559808,PINK1;SLC25A33;ZC3H12A,1.0
GO_Biological_Process_2021,adenylate cyclase-activating dopamine receptor signaling pathway (GO:0007191),1/7,0.15276066445391073,6.9685937158759375,13.093171339670779,GNB1,1.0
GO_Biological_Process_2021,regulation of cardiac muscle cell membrane potential (GO:0086036),1/7,0.15276066445391073,6.9685937158759375,13.093171339670779,SLC9A1,1.0
GO_Biological_Process_2021,tRNA threonylcarbamoyladenosine metabolic process (GO:0070525),1/7,0.15276066445391073,6.9685937158759375,13.093171339670779,TRIT1,1.0
GO_Biological_Process_2021,parallel actin filament bundle assembly (GO:0030046),1/7,0.15276066445391073,6.9685937158759375,13.093171339670779,ESPN,1.0
GO_Biological_Process_2021,regulation of cortisol biosynthetic process (GO:2000064),1/7,0.15276066445391073,6.9685937158759375,13.093171339670779,H6PD,1.0
GO_Biological_Process_2021,intermembrane lipid transfer (GO:0120009),1/7,0.15276066445391073,6.9685937158759375,13.093171339670779,CPTP,1.0
GO_Biological_Process_2021,cellular protein complex disassembly (GO:0043624),1/7,0.15276066445391073,6.9685937158759375,13.093171339670779,PEX14,1.0
GO_Biological_Process_2021,skin morphogenesis (GO:0043589),1/7,0.15276066445391073,6.9685937158759375,13.093171339670779,ERRFI1,1.0
GO_Biological_Process_2021,cellular response to prostaglandin E stimulus (GO:0071380),1/7,0.15276066445391073,6.9685937158759375,13.093171339670779,GNB1,1.0
GO_Biological_Process_2021,cellular ion homeostasis (GO:0006873),1/7,0.15276066445391073,6.9685937158759375,13.093171339670779,ATP13A2,1.0
GO_Biological_Process_2021,nucleobase biosynthetic process (GO:0046112),1/7,0.15276066445391073,6.9685937158759375,13.093171339670779,CTPS1,1.0
GO_Biological_Process_2021,"nuclear-transcribed mRNA catabolic process, deadenylation-independent decay (GO:0031086)",1/7,0.15276066445391073,6.9685937158759375,13.093171339670779,PNRC2,1.0
GO_Biological_Process_2021,regulation of protein deubiquitination (GO:0090085),1/7,0.15276066445391073,6.9685937158759375,13.093171339670779,ZC3H12A,1.0
GO_Biological_Process_2021,regulation of extracellular matrix assembly (GO:1901201),1/7,0.15276066445391073,6.9685937158759375,13.093171339670779,TIE1,1.0
GO_Biological_Process_2021,nicotinamide nucleotide biosynthetic process (GO:0019359),1/7,0.15276066445391073,6.9685937158759375,13.093171339670779,NMNAT1,1.0
GO_Biological_Process_2021,cellular cation homeostasis (GO:0030003),1/7,0.15276066445391073,6.9685937158759375,13.093171339670779,ATP13A2,1.0
GO_Biological_Process_2021,negative regulation of T-helper 17 type immune response (GO:2000317),1/7,0.15276066445391073,6.9685937158759375,13.093171339670779,ZC3H12A,1.0
GO_Biological_Process_2021,regulation of hemoglobin biosynthetic process (GO:0046984),1/7,0.15276066445391073,6.9685937158759375,13.093171339670779,SLC6A9,1.0
GO_Biological_Process_2021,regulation of histamine secretion by mast cell (GO:1903593),1/7,0.15276066445391073,6.9685937158759375,13.093171339670779,VAMP3,1.0
GO_Biological_Process_2021,nose development (GO:0043584),1/7,0.15276066445391073,6.9685937158759375,13.093171339670779,SKI,1.0
GO_Biological_Process_2021,leucine metabolic process (GO:0006551),1/7,0.15276066445391073,6.9685937158759375,13.093171339670779,HMGCL,1.0
GO_Biological_Process_2021,delamination (GO:0060232),1/7,0.15276066445391073,6.9685937158759375,13.093171339670779,YTHDF2,1.0
GO_Biological_Process_2021,cation homeostasis (GO:0055080),1/7,0.15276066445391073,6.9685937158759375,13.093171339670779,ATP13A2,1.0
GO_Biological_Process_2021,pyrimidine-containing compound biosynthetic process (GO:0072528),1/7,0.15276066445391073,6.9685937158759375,13.093171339670779,CTPS1,1.0
GO_Biological_Process_2021,cellular response to monoamine stimulus (GO:0071868),1/7,0.15276066445391073,6.9685937158759375,13.093171339670779,GNB1,1.0
GO_Biological_Process_2021,dolichyl diphosphate metabolic process (GO:0046465),1/7,0.15276066445391073,6.9685937158759375,13.093171339670779,DHDDS,1.0
GO_Biological_Process_2021,positive regulation of protein deubiquitination (GO:1903003),1/7,0.15276066445391073,6.9685937158759375,13.093171339670779,ZC3H12A,1.0
GO_Biological_Process_2021,regulation of chromatin assembly or disassembly (GO:0001672),1/7,0.15276066445391073,6.9685937158759375,13.093171339670779,PADI2,1.0
GO_Biological_Process_2021,proline metabolic process (GO:0006560),1/7,0.15276066445391073,6.9685937158759375,13.093171339670779,ALDH4A1,1.0
GO_Biological_Process_2021,translational readthrough (GO:0006451),1/7,0.15276066445391073,6.9685937158759375,13.093171339670779,TRNAU1AP,1.0
GO_Biological_Process_2021,negative regulation of protein sumoylation (GO:0033234),1/7,0.15276066445391073,6.9685937158759375,13.093171339670779,PARK7,1.0
GO_Biological_Process_2021,negative regulation of RIG-I signaling pathway (GO:0039536),1/7,0.15276066445391073,6.9685937158759375,13.093171339670779,GPATCH3,1.0
GO_Biological_Process_2021,positive regulation of epithelial tube formation (GO:1905278),1/7,0.15276066445391073,6.9685937158759375,13.093171339670779,PIK3CD,1.0
GO_Biological_Process_2021,regulation of lysosomal protein catabolic process (GO:1905165),1/7,0.15276066445391073,6.9685937158759375,13.093171339670779,ATP13A2,1.0
GO_Biological_Process_2021,"fatty acid elongation, polyunsaturated fatty acid (GO:0034626)",1/7,0.15276066445391073,6.9685937158759375,13.093171339670779,ELOVL1,1.0
GO_Biological_Process_2021,negative regulation of NLRP3 inflammasome complex assembly (GO:1900226),1/7,0.15276066445391073,6.9685937158759375,13.093171339670779,CPTP,1.0
GO_Biological_Process_2021,regulation of ketone biosynthetic process (GO:0010566),1/7,0.15276066445391073,6.9685937158759375,13.093171339670779,H6PD,1.0
GO_Biological_Process_2021,"fatty acid elongation, monounsaturated fatty acid (GO:0034625)",1/7,0.15276066445391073,6.9685937158759375,13.093171339670779,ELOVL1,1.0
GO_Biological_Process_2021,"fatty acid elongation, saturated fatty acid (GO:0019367)",1/7,0.15276066445391073,6.9685937158759375,13.093171339670779,ELOVL1,1.0
GO_Biological_Process_2021,maintenance of protein location in extracellular region (GO:0071694),1/7,0.15276066445391073,6.9685937158759375,13.093171339670779,NBL1,1.0
GO_Biological_Process_2021,pyrimidine ribonucleotide biosynthetic process (GO:0009220),1/7,0.15276066445391073,6.9685937158759375,13.093171339670779,CTPS1,1.0
GO_Biological_Process_2021,regulation of vascular associated smooth muscle cell apoptotic process (GO:1905459),1/7,0.15276066445391073,6.9685937158759375,13.093171339670779,MFN2,1.0
GO_Biological_Process_2021,dolichyl diphosphate biosynthetic process (GO:0006489),1/7,0.15276066445391073,6.9685937158759375,13.093171339670779,DHDDS,1.0
GO_Biological_Process_2021,Cdc42 protein signal transduction (GO:0032488),1/7,0.15276066445391073,6.9685937158759375,13.093171339670779,CDC42,1.0
GO_Biological_Process_2021,histone H3-K14 acetylation (GO:0044154),1/7,0.15276066445391073,6.9685937158759375,13.093171339670779,MEAF6,1.0
GO_Biological_Process_2021,regulation of oxidative stress-induced neuron intrinsic apoptotic signaling pathway (GO:1903376),1/7,0.15276066445391073,6.9685937158759375,13.093171339670779,PARK7,1.0
GO_Biological_Process_2021,positive regulation of synaptic plasticity (GO:0031915),1/7,0.15276066445391073,6.9685937158759375,13.093171339670779,EPHB2,1.0
GO_Biological_Process_2021,positive regulation of oxidative stress-induced cell death (GO:1903209),1/7,0.15276066445391073,6.9685937158759375,13.093171339670779,SFPQ,1.0
GO_Biological_Process_2021,positive regulation of interleukin-5 production (GO:0032754),1/7,0.15276066445391073,6.9685937158759375,13.093171339670779,PRKCZ,1.0
GO_Biological_Process_2021,positive regulation of miRNA metabolic process (GO:2000630),1/7,0.15276066445391073,6.9685937158759375,13.093171339670779,ZC3H12A,1.0
GO_Biological_Process_2021,Golgi disassembly (GO:0090166),1/7,0.15276066445391073,6.9685937158759375,13.093171339670779,PLK3,1.0
GO_Biological_Process_2021,regulation of morphogenesis of an epithelium (GO:1905330),1/7,0.15276066445391073,6.9685937158759375,13.093171339670779,RNF207,1.0
GO_Biological_Process_2021,modulation by symbiont of host apoptotic process (GO:0052150),1/7,0.15276066445391073,6.9685937158759375,13.093171339670779,SFPQ,1.0
GO_Biological_Process_2021,positive regulation of phospholipid biosynthetic process (GO:0071073),1/7,0.15276066445391073,6.9685937158759375,13.093171339670779,FABP3,1.0
GO_Biological_Process_2021,negative regulation by host of viral genome replication (GO:0044828),1/7,0.15276066445391073,6.9685937158759375,13.093171339670779,ZC3H12A,1.0
GO_Biological_Process_2021,regulation of NAD(P)H oxidase activity (GO:0033860),1/7,0.15276066445391073,6.9685937158759375,13.093171339670779,PARK7,1.0
GO_Biological_Process_2021,positive regulation of receptor catabolic process (GO:2000646),1/7,0.15276066445391073,6.9685937158759375,13.093171339670779,LAPTM5,1.0
GO_Biological_Process_2021,protein localization to cytoplasmic stress granule (GO:1903608),1/7,0.15276066445391073,6.9685937158759375,13.093171339670779,YBX1,1.0
GO_Biological_Process_2021,selenocysteine incorporation (GO:0001514),1/7,0.15276066445391073,6.9685937158759375,13.093171339670779,TRNAU1AP,1.0
GO_Biological_Process_2021,regulation of metallopeptidase activity (GO:1905048),1/7,0.15276066445391073,6.9685937158759375,13.093171339670779,SVBP,1.0
GO_Biological_Process_2021,polyadenylation-dependent snoRNA 3'-end processing (GO:0071051),1/7,0.15276066445391073,6.9685937158759375,13.093171339670779,EXOSC10,1.0
GO_Biological_Process_2021,regulation of mitochondrial membrane permeability involved in apoptotic process (GO:1902108),1/7,0.15276066445391073,6.9685937158759375,13.093171339670779,STPG1,1.0
GO_Biological_Process_2021,"fatty acid elongation, unsaturated fatty acid (GO:0019368)",1/7,0.15276066445391073,6.9685937158759375,13.093171339670779,ELOVL1,1.0
GO_Biological_Process_2021,polyamine biosynthetic process (GO:0006596),1/7,0.15276066445391073,6.9685937158759375,13.093171339670779,SRM,1.0
GO_Biological_Process_2021,regulation of skeletal muscle satellite cell proliferation (GO:0014842),1/7,0.15276066445391073,6.9685937158759375,13.093171339670779,AKIRIN1,1.0
GO_Biological_Process_2021,hexose catabolic process (GO:0019320),1/7,0.15276066445391073,6.9685937158759375,13.093171339670779,GALE,1.0
GO_Biological_Process_2021,positive regulation of mitochondrion organization (GO:0010822),3/58,0.15419681334698968,2.2846920341512957,4.271289980434708,MUL1;PARK7;PINK1,1.0
GO_Biological_Process_2021,CENP-A containing chromatin organization (GO:0061641),2/30,0.15515794534312552,2.9895768840372834,5.570513522336931,CENPS;RBBP4,1.0
GO_Biological_Process_2021,positive regulation of protein import (GO:1904591),2/30,0.15515794534312552,2.9895768840372834,5.570513522336931,DMAP1;ZC3H12A,1.0
GO_Biological_Process_2021,CENP-A containing nucleosome assembly (GO:0034080),2/30,0.15515794534312552,2.9895768840372834,5.570513522336931,CENPS;RBBP4,1.0
GO_Biological_Process_2021,mRNA splice site selection (GO:0006376),2/30,0.15515794534312552,2.9895768840372834,5.570513522336931,SF3A3;SRSF10,1.0
GO_Biological_Process_2021,fatty-acyl-CoA biosynthetic process (GO:0046949),2/30,0.15515794534312552,2.9895768840372834,5.570513522336931,ELOVL1;PPT1,1.0
GO_Biological_Process_2021,negative regulation of interleukin-1 production (GO:0032692),2/30,0.15515794534312552,2.9895768840372834,5.570513522336931,CPTP;ZC3H12A,1.0
GO_Biological_Process_2021,regulation of endothelial cell migration (GO:0010594),4/89,0.15562674495554343,1.9723123317326194,3.6690823732391045,EPHA2;PIK3CD;SVBP;ZC3H12A,1.0
GO_Biological_Process_2021,SCF-dependent proteasomal ubiquitin-dependent protein catabolic process (GO:0031146),4/89,0.15562674495554343,1.9723123317326194,3.6690823732391045,FBXO2;FBXO44;FBXO6;PSMB2,1.0
GO_Biological_Process_2021,"regulation of mRNA splicing, via spliceosome (GO:0048024)",4/90,0.16007172535040967,1.949278226834922,3.571337512839733,KHDRBS1;SRSF10;SRSF4;THRAP3,1.0
GO_Biological_Process_2021,negative regulation of protein kinase activity (GO:0006469),4/90,0.16007172535040967,1.949278226834922,3.571337512839733,CAMK2N1;CEP85;DVL1;PARK7,1.0
GO_Biological_Process_2021,positive regulation of binding (GO:0051099),4/90,0.16007172535040967,1.949278226834922,3.571337512839733,EPB41;RPL11;SKI;STMN1,1.0
GO_Biological_Process_2021,negative regulation of Wnt signaling pathway (GO:0030178),7/191,0.16178607715512403,1.5966707197506116,2.9083043059702147,CTNNBIP1;DVL1;HDAC1;MAD2L2;NPHP4;PSMB2;PTPRU,1.0
GO_Biological_Process_2021,mitotic spindle organization (GO:0007052),6/157,0.1631902308113942,1.666895982669463,3.021813543704246,CENPS;NUDC;RCC1;RCC2;STMN1;WRAP73,1.0
GO_Biological_Process_2021,negative regulation of proteasomal ubiquitin-dependent protein catabolic process (GO:0032435),2/31,0.1634274509385005,2.8863400312980163,5.228276247972784,PARK7;RPL11,1.0
GO_Biological_Process_2021,negative regulation of DNA binding (GO:0043392),2/31,0.1634274509385005,2.8863400312980163,5.228276247972784,KDM1A;MAD2L2,1.0
GO_Biological_Process_2021,positive regulation of proteolysis involved in cellular protein catabolic process (GO:1903052),2/31,0.1634274509385005,2.8863400312980163,5.228276247972784,ATP5IF1;LAPTM5,1.0
GO_Biological_Process_2021,positive regulation of protein targeting to mitochondrion (GO:1903955),2/31,0.1634274509385005,2.8863400312980163,5.228276247972784,PINK1;UBE2J2,1.0
GO_Biological_Process_2021,"positive regulation of transcription, DNA-templated (GO:0045893)",33/1183,0.1688712422460309,1.212605669935102,2.1567631622751713,AGO1;AGRN;AKIRIN1;ARID1A;CITED4;DVL1;FOXJ3;GPATCH3;HDAC1;HEYL;HIVEP3;KDM1A;MAD2L2;MTF1;MTOR;PADI2;PARK7;PITHD1;POU3F1;PRDM2;RLF;RPS6KA1;SFPQ;SKI;SLC9A1;THAP3;THRAP3;TP73;YBX1;ZBTB17;ZBTB48;ZC3H12A;ZNF593,1.0
GO_Biological_Process_2021,retinoid metabolic process (GO:0001523),4/92,0.16909878056257668,1.9047805241916422,3.385313538352806,AGRN;DHRS3;HSPG2;SDC3,1.0
GO_Biological_Process_2021,long-chain fatty acid transport (GO:0015909),2/32,0.17177319550328343,2.7899856354080335,4.9147837413285504,FABP3;MFSD2A,1.0
GO_Biological_Process_2021,peptidyl-proline modification (GO:0018208),2/32,0.17177319550328343,2.7899856354080335,4.9147837413285504,PPIE;PPIH,1.0
GO_Biological_Process_2021,positive regulation of interleukin-10 production (GO:0032733),2/32,0.17177319550328343,2.7899856354080335,4.9147837413285504,ISG15;PRKCZ,1.0
GO_Biological_Process_2021,negative regulation of intracellular steroid hormone receptor signaling pathway (GO:0033144),2/32,0.17177319550328343,2.7899856354080335,4.9147837413285504,HDAC1;HEYL,1.0
GO_Biological_Process_2021,regulation of intracellular protein transport (GO:0033157),2/32,0.17177319550328343,2.7899856354080335,4.9147837413285504,ATP13A2;PLK3,1.0
GO_Biological_Process_2021,aortic valve morphogenesis (GO:0003180),2/32,0.17177319550328343,2.7899856354080335,4.9147837413285504,HEYL;TIE1,1.0
GO_Biological_Process_2021,chromatin remodeling at centromere (GO:0031055),2/32,0.17177319550328343,2.7899856354080335,4.9147837413285504,CENPS;RBBP4,1.0
GO_Biological_Process_2021,protein transmembrane import into intracellular organelle (GO:0044743),2/32,0.17177319550328343,2.7899856354080335,4.9147837413285504,PEX10;PEX14,1.0
GO_Biological_Process_2021,modulation by host of symbiont process (GO:0051851),2/32,0.17177319550328343,2.7899856354080335,4.9147837413285504,HDAC1;TARDBP,1.0
GO_Biological_Process_2021,regulation of NMDA receptor activity (GO:2000310),2/32,0.17177319550328343,2.7899856354080335,4.9147837413285504,EPHB2;SLC6A9,1.0
GO_Biological_Process_2021,regulation of protein localization to cell cortex (GO:1904776),1/8,0.1725930062253092,5.972774423954051,10.493083717848416,EPB41,1.0
GO_Biological_Process_2021,peptidyl-lysine hydroxylation (GO:0017185),1/8,0.1725930062253092,5.972774423954051,10.493083717848416,PLOD1,1.0
GO_Biological_Process_2021,peptidyl-serine autophosphorylation (GO:0036289),1/8,0.1725930062253092,5.972774423954051,10.493083717848416,PINK1,1.0
GO_Biological_Process_2021,mitochondrial respiratory chain complex III assembly (GO:0034551),1/8,0.1725930062253092,5.972774423954051,10.493083717848416,SLC25A33,1.0
GO_Biological_Process_2021,protein deglycosylation (GO:0006517),1/8,0.1725930062253092,5.972774423954051,10.493083717848416,PARK7,1.0
GO_Biological_Process_2021,autophagosome-lysosome fusion (GO:0061909),1/8,0.1725930062253092,5.972774423954051,10.493083717848416,ATP13A2,1.0
GO_Biological_Process_2021,histone H3-K4 demethylation (GO:0034720),1/8,0.1725930062253092,5.972774423954051,10.493083717848416,KDM1A,1.0
GO_Biological_Process_2021,positive regulation of neuron projection arborization (GO:0150012),1/8,0.1725930062253092,5.972774423954051,10.493083717848416,DVL1,1.0
GO_Biological_Process_2021,respiratory chain complex III assembly (GO:0017062),1/8,0.1725930062253092,5.972774423954051,10.493083717848416,SLC25A33,1.0
GO_Biological_Process_2021,skeletal muscle tissue regeneration (GO:0043403),1/8,0.1725930062253092,5.972774423954051,10.493083717848416,AKIRIN1,1.0
GO_Biological_Process_2021,cellular response to epinephrine stimulus (GO:0071872),1/8,0.1725930062253092,5.972774423954051,10.493083717848416,SLC9A1,1.0
GO_Biological_Process_2021,regulation of chemokine (C-C motif) ligand 5 production (GO:0071649),1/8,0.1725930062253092,5.972774423954051,10.493083717848416,MUL1,1.0
GO_Biological_Process_2021,negative regulation of response to reactive oxygen species (GO:1901032),1/8,0.1725930062253092,5.972774423954051,10.493083717848416,PARK7,1.0
GO_Biological_Process_2021,regulation of chemokine-mediated signaling pathway (GO:0070099),1/8,0.1725930062253092,5.972774423954051,10.493083717848416,PADI2,1.0
GO_Biological_Process_2021,regulation of alpha-beta T cell proliferation (GO:0046640),1/8,0.1725930062253092,5.972774423954051,10.493083717848416,TNFRSF14,1.0
GO_Biological_Process_2021,spermidine metabolic process (GO:0008216),1/8,0.1725930062253092,5.972774423954051,10.493083717848416,SRM,1.0
GO_Biological_Process_2021,positive regulation of execution phase of apoptosis (GO:1900119),1/8,0.1725930062253092,5.972774423954051,10.493083717848416,ZC3H12A,1.0
GO_Biological_Process_2021,negative regulation of muscle cell apoptotic process (GO:0010656),1/8,0.1725930062253092,5.972774423954051,10.493083717848416,ZC3H12A,1.0
GO_Biological_Process_2021,regulation of nitrogen compound metabolic process (GO:0051171),1/8,0.1725930062253092,5.972774423954051,10.493083717848416,MFSD2A,1.0
GO_Biological_Process_2021,regulation of oxidative stress-induced neuron death (GO:1903203),1/8,0.1725930062253092,5.972774423954051,10.493083717848416,PINK1,1.0
GO_Biological_Process_2021,myoblast migration (GO:0051451),1/8,0.1725930062253092,5.972774423954051,10.493083717848416,AKIRIN1,1.0
GO_Biological_Process_2021,glycoside catabolic process (GO:0016139),1/8,0.1725930062253092,5.972774423954051,10.493083717848416,FUCA1,1.0
GO_Biological_Process_2021,negative regulation of mitochondrial fusion (GO:0010637),1/8,0.1725930062253092,5.972774423954051,10.493083717848416,MUL1,1.0
GO_Biological_Process_2021,negative regulation of mitotic nuclear division (GO:0045839),1/8,0.1725930062253092,5.972774423954051,10.493083717848416,AURKAIP1,1.0
GO_Biological_Process_2021,"regulation of wound healing, spreading of epidermal cells (GO:1903689)",1/8,0.1725930062253092,5.972774423954051,10.493083717848416,MTOR,1.0
GO_Biological_Process_2021,negative regulation of T-helper 17 cell differentiation (GO:2000320),1/8,0.1725930062253092,5.972774423954051,10.493083717848416,ZC3H12A,1.0
GO_Biological_Process_2021,SREBP signaling pathway (GO:0032933),1/8,0.1725930062253092,5.972774423954051,10.493083717848416,ARHGEF10L,1.0
GO_Biological_Process_2021,positive regulation of chromosome segregation (GO:0051984),1/8,0.1725930062253092,5.972774423954051,10.493083717848416,RCC2,1.0
GO_Biological_Process_2021,methionine metabolic process (GO:0006555),1/8,0.1725930062253092,5.972774423954051,10.493083717848416,MTHFR,1.0
GO_Biological_Process_2021,positive regulation of muscle contraction (GO:0045933),1/8,0.1725930062253092,5.972774423954051,10.493083717848416,ENO1,1.0
GO_Biological_Process_2021,establishment of Golgi localization (GO:0051683),1/8,0.1725930062253092,5.972774423954051,10.493083717848416,CDC42,1.0
GO_Biological_Process_2021,mitochondrial tRNA processing (GO:0090646),1/8,0.1725930062253092,5.972774423954051,10.493083717848416,TRIT1,1.0
GO_Biological_Process_2021,folic acid transport (GO:0015884),1/8,0.1725930062253092,5.972774423954051,10.493083717848416,PDPN,1.0
GO_Biological_Process_2021,aspartate family amino acid biosynthetic process (GO:0009067),1/8,0.1725930062253092,5.972774423954051,10.493083717848416,MTHFR,1.0
GO_Biological_Process_2021,lens fiber cell development (GO:0070307),1/8,0.1725930062253092,5.972774423954051,10.493083717848416,EPHA2,1.0
GO_Biological_Process_2021,sequestering of BMP from receptor via BMP binding (GO:0038098),1/8,0.1725930062253092,5.972774423954051,10.493083717848416,NBL1,1.0
GO_Biological_Process_2021,positive regulation of myeloid cell apoptotic process (GO:0033034),1/8,0.1725930062253092,5.972774423954051,10.493083717848416,PIK3CD,1.0
GO_Biological_Process_2021,regulation of myeloid leukocyte differentiation (GO:0002761),1/8,0.1725930062253092,5.972774423954051,10.493083717848416,MTOR,1.0
GO_Biological_Process_2021,sulfur amino acid biosynthetic process (GO:0000097),1/8,0.1725930062253092,5.972774423954051,10.493083717848416,MTHFR,1.0
GO_Biological_Process_2021,commissural neuron axon guidance (GO:0071679),1/8,0.1725930062253092,5.972774423954051,10.493083717848416,EPHB2,1.0
GO_Biological_Process_2021,negative regulation of fatty acid oxidation (GO:0046322),1/8,0.1725930062253092,5.972774423954051,10.493083717848416,MFSD2A,1.0
GO_Biological_Process_2021,regulation of T-helper 2 cell differentiation (GO:0045628),1/8,0.1725930062253092,5.972774423954051,10.493083717848416,PRKCZ,1.0
GO_Biological_Process_2021,positive regulation of extracellular matrix disassembly (GO:0090091),1/8,0.1725930062253092,5.972774423954051,10.493083717848416,PDPN,1.0
GO_Biological_Process_2021,protein retention in ER lumen (GO:0006621),1/8,0.1725930062253092,5.972774423954051,10.493083717848416,RER1,1.0
GO_Biological_Process_2021,positive regulation of homotypic cell-cell adhesion (GO:0034112),1/8,0.1725930062253092,5.972774423954051,10.493083717848416,PDPN,1.0
GO_Biological_Process_2021,regulation of transcription from RNA polymerase II promoter in response to oxidative stress (GO:0043619),1/8,0.1725930062253092,5.972774423954051,10.493083717848416,SESN2,1.0
GO_Biological_Process_2021,mast cell degranulation (GO:0043303),1/8,0.1725930062253092,5.972774423954051,10.493083717848416,PIK3CD,1.0
GO_Biological_Process_2021,mast cell activation involved in immune response (GO:0002279),1/8,0.1725930062253092,5.972774423954051,10.493083717848416,PIK3CD,1.0
GO_Biological_Process_2021,phosphatidylinositol-3-phosphate biosynthetic process (GO:0036092),1/8,0.1725930062253092,5.972774423954051,10.493083717848416,PIK3CD,1.0
GO_Biological_Process_2021,negative regulation by symbiont of host programmed cell death (GO:0052041),1/8,0.1725930062253092,5.972774423954051,10.493083717848416,SFPQ,1.0
GO_Biological_Process_2021,negative regulation by symbiont of host apoptotic process (GO:0033668),1/8,0.1725930062253092,5.972774423954051,10.493083717848416,SFPQ,1.0
GO_Biological_Process_2021,positive regulation of Arp2/3 complex-mediated actin nucleation (GO:2000601),1/8,0.1725930062253092,5.972774423954051,10.493083717848416,WASF2,1.0
GO_Biological_Process_2021,positive regulation of oligodendrocyte differentiation (GO:0048714),1/8,0.1725930062253092,5.972774423954051,10.493083717848416,TNFRSF1B,1.0
GO_Biological_Process_2021,positive regulation of T-helper 2 cell cytokine production (GO:2000553),1/8,0.1725930062253092,5.972774423954051,10.493083717848416,PRKCZ,1.0
GO_Biological_Process_2021,regulation of RNA biosynthetic process (GO:2001141),1/8,0.1725930062253092,5.972774423954051,10.493083717848416,TNFRSF1B,1.0
GO_Biological_Process_2021,response to epinephrine (GO:0071871),1/8,0.1725930062253092,5.972774423954051,10.493083717848416,SLC9A1,1.0
GO_Biological_Process_2021,regulation of extracellular matrix constituent secretion (GO:0003330),1/8,0.1725930062253092,5.972774423954051,10.493083717848416,TNFRSF1B,1.0
GO_Biological_Process_2021,vitamin K metabolic process (GO:0042373),1/8,0.1725930062253092,5.972774423954051,10.493083717848416,UBIAD1,1.0
GO_Biological_Process_2021,natural killer cell differentiation (GO:0001779),1/8,0.1725930062253092,5.972774423954051,10.493083717848416,PIK3CD,1.0
GO_Biological_Process_2021,negative regulation of B cell apoptotic process (GO:0002903),1/8,0.1725930062253092,5.972774423954051,10.493083717848416,NOC2L,1.0
GO_Biological_Process_2021,basic amino acid transport (GO:0015802),1/8,0.1725930062253092,5.972774423954051,10.493083717848416,SLC66A1,1.0
GO_Biological_Process_2021,TORC1 signaling (GO:0038202),1/8,0.1725930062253092,5.972774423954051,10.493083717848416,MTOR,1.0
GO_Biological_Process_2021,regulation of cytoplasmic translational elongation (GO:1900247),1/8,0.1725930062253092,5.972774423954051,10.493083717848416,DPH2,1.0
GO_Biological_Process_2021,positive regulation of cell migration by vascular endothelial growth factor signaling pathway (GO:0038089),1/8,0.1725930062253092,5.972774423954051,10.493083717848416,PIK3CD,1.0
GO_Biological_Process_2021,integrin activation (GO:0033622),1/8,0.1725930062253092,5.972774423954051,10.493083717848416,COL16A1,1.0
GO_Biological_Process_2021,apoptotic process (GO:0006915),8/231,0.17556919546058064,1.505868558412099,2.61979271687972,CASP9;CDK11A;CDK11B;IFI6;MTOR;PLK3;RRAGC;TNFRSF25,1.0
GO_Biological_Process_2021,negative regulation of cellular process (GO:0048523),17/566,0.1770288289372798,1.3033614554765796,2.256695657108534,CAMK2N1;ENO1;EPHB2;FABP3;IFNLR1;MUL1;P3H1;PARK7;PDPN;PPT1;PTPRU;RBBP4;SESN2;SKI;TNFRSF1B;VAMP3;ZBTB17,1.0
GO_Biological_Process_2021,regulation of neurogenesis (GO:0050767),3/62,0.17705886128373804,2.1293602614790395,3.6865040388368167,HEYL;SPEN;YTHDF2,1.0
GO_Biological_Process_2021,negative regulation of cell death (GO:0060548),4/94,0.17830028194061906,1.8622604972213972,3.211070025591122,ATP13A2;PARK7;PINK1;TNFRSF1B,1.0
GO_Biological_Process_2021,regulation of kinase activity (GO:0043549),4/94,0.17830028194061906,1.8622604972213972,3.211070025591122,EPHA2;EPHB2;FGR;TIE1,1.0
GO_Biological_Process_2021,positive regulation of ATP metabolic process (GO:1903580),2/33,0.18018710733653384,2.6998476521561146,4.62688951594276,ENO1;PINK1,1.0
GO_Biological_Process_2021,regulation of histone acetylation (GO:0035065),2/33,0.18018710733653384,2.6998476521561146,4.62688951594276,NOC2L;PARK7,1.0
GO_Biological_Process_2021,positive regulation of cytokine production involved in immune response (GO:0002720),2/33,0.18018710733653384,2.6998476521561146,4.62688951594276,LAPTM5;TNFRSF14,1.0
GO_Biological_Process_2021,keratan sulfate metabolic process (GO:0042339),2/33,0.18018710733653384,2.6998476521561146,4.62688951594276,B4GALT2;ST3GAL3,1.0
GO_Biological_Process_2021,microtubule cytoskeleton organization involved in mitosis (GO:1902850),5/128,0.1813583233943542,1.7040685166376184,2.9093229788606148,CENPS;NUDC;RCC1;RCC2;STMN1,1.0
GO_Biological_Process_2021,positive regulation of viral process (GO:0048524),3/63,0.1829149881180168,2.0937633969083143,3.5567466094017854,KPNA6;PPIE;PPIH,1.0
GO_Biological_Process_2021,cell cycle G1/S phase transition (GO:0044843),3/63,0.1829149881180168,2.0937633969083143,3.5567466094017854,KHDRBS1;PLK3;RCC1,1.0
GO_Biological_Process_2021,anterior/posterior pattern specification (GO:0009952),3/63,0.1829149881180168,2.0937633969083143,3.5567466094017854,HES4;HEYL;SKI,1.0
GO_Biological_Process_2021,positive regulation of DNA binding (GO:0043388),2/34,0.18866144925661946,2.6153432928574403,4.361872535639919,PARK7;SKI,1.0
GO_Biological_Process_2021,negative regulation of mitochondrion organization (GO:0010823),2/34,0.18866144925661946,2.6153432928574403,4.361872535639919,MUL1;PINK1,1.0
GO_Biological_Process_2021,regulation of myoblast differentiation (GO:0045661),2/34,0.18866144925661946,2.6153432928574403,4.361872535639919,AKIRIN1;XKR8,1.0
GO_Biological_Process_2021,cell-substrate junction assembly (GO:0007044),2/34,0.18866144925661946,2.6153432928574403,4.361872535639919,RCC2;TESK2,1.0
GO_Biological_Process_2021,positive regulation of protein dephosphorylation (GO:0035307),2/34,0.18866144925661946,2.6153432928574403,4.361872535639919,CAMTA1;MTOR,1.0
GO_Biological_Process_2021,negative regulation of canonical Wnt signaling pathway (GO:0090090),6/165,0.19076221423339712,1.582373567807809,2.6215619287848515,DVL1;HDAC1;MAD2L2;NPHP4;PSMB2;PTPRU,1.0
GO_Biological_Process_2021,regulation of DNA-templated transcription in response to stress (GO:0043620),1/9,0.19196207750814998,5.225909955012635,8.625141963099349,RPS6KA1,1.0
GO_Biological_Process_2021,positive regulation of tumor necrosis factor-mediated signaling pathway (GO:1903265),1/9,0.19196207750814998,5.225909955012635,8.625141963099349,LAPTM5,1.0
GO_Biological_Process_2021,positive regulation of smooth muscle cell apoptotic process (GO:0034393),1/9,0.19196207750814998,5.225909955012635,8.625141963099349,MFN2,1.0
GO_Biological_Process_2021,cellular response to sterol depletion (GO:0071501),1/9,0.19196207750814998,5.225909955012635,8.625141963099349,ARHGEF10L,1.0
GO_Biological_Process_2021,nuclear RNA surveillance (GO:0071027),1/9,0.19196207750814998,5.225909955012635,8.625141963099349,EXOSC10,1.0
GO_Biological_Process_2021,negative regulation of alpha-beta T cell activation (GO:0046636),1/9,0.19196207750814998,5.225909955012635,8.625141963099349,TNFRSF14,1.0
GO_Biological_Process_2021,sensory organ morphogenesis (GO:0090596),1/9,0.19196207750814998,5.225909955012635,8.625141963099349,SKI,1.0
GO_Biological_Process_2021,lysosomal lumen acidification (GO:0007042),1/9,0.19196207750814998,5.225909955012635,8.625141963099349,PPT1,1.0
GO_Biological_Process_2021,peripheral nervous system axon ensheathment (GO:0032292),1/9,0.19196207750814998,5.225909955012635,8.625141963099349,SKI,1.0
GO_Biological_Process_2021,regulation of cellular response to oxidative stress (GO:1900407),1/9,0.19196207750814998,5.225909955012635,8.625141963099349,PINK1,1.0
GO_Biological_Process_2021,galactose metabolic process (GO:0006012),1/9,0.19196207750814998,5.225909955012635,8.625141963099349,GALE,1.0
GO_Biological_Process_2021,regulation of mitotic centrosome separation (GO:0046602),1/9,0.19196207750814998,5.225909955012635,8.625141963099349,CEP85,1.0
GO_Biological_Process_2021,endothelial cell chemotaxis (GO:0035767),1/9,0.19196207750814998,5.225909955012635,8.625141963099349,PLEKHG5,1.0
GO_Biological_Process_2021,neuronal ion channel clustering (GO:0045161),1/9,0.19196207750814998,5.225909955012635,8.625141963099349,AGRN,1.0
GO_Biological_Process_2021,positive regulation of cell-cell adhesion mediated by cadherin (GO:2000049),1/9,0.19196207750814998,5.225909955012635,8.625141963099349,PTPRU,1.0
GO_Biological_Process_2021,tetrahydrofolate interconversion (GO:0035999),1/9,0.19196207750814998,5.225909955012635,8.625141963099349,MTHFR,1.0
GO_Biological_Process_2021,positive regulation of megakaryocyte differentiation (GO:0045654),1/9,0.19196207750814998,5.225909955012635,8.625141963099349,PITHD1,1.0
GO_Biological_Process_2021,regulation of lipid transport (GO:0032368),1/9,0.19196207750814998,5.225909955012635,8.625141963099349,DISP3,1.0
GO_Biological_Process_2021,ketone body biosynthetic process (GO:0046951),1/9,0.19196207750814998,5.225909955012635,8.625141963099349,HMGCL,1.0
GO_Biological_Process_2021,Schwann cell development (GO:0014044),1/9,0.19196207750814998,5.225909955012635,8.625141963099349,SKI,1.0
GO_Biological_Process_2021,regulation of RNA polymerase II regulatory region sequence-specific DNA binding (GO:1903025),1/9,0.19196207750814998,5.225909955012635,8.625141963099349,ZNF593,1.0
GO_Biological_Process_2021,positive regulation of mitochondrial membrane permeability involved in apoptotic process (GO:1902110),1/9,0.19196207750814998,5.225909955012635,8.625141963099349,STPG1,1.0
GO_Biological_Process_2021,negative regulation of nitric oxide biosynthetic process (GO:0045019),1/9,0.19196207750814998,5.225909955012635,8.625141963099349,ZC3H12A,1.0
GO_Biological_Process_2021,epithelial to mesenchymal transition involved in endocardial cushion formation (GO:0003198),1/9,0.19196207750814998,5.225909955012635,8.625141963099349,HEYL,1.0
GO_Biological_Process_2021,mast cell mediated immunity (GO:0002448),1/9,0.19196207750814998,5.225909955012635,8.625141963099349,PIK3CD,1.0
GO_Biological_Process_2021,response to vitamin (GO:0033273),1/9,0.19196207750814998,5.225909955012635,8.625141963099349,ALPL,1.0
GO_Biological_Process_2021,response to type I interferon (GO:0034340),1/9,0.19196207750814998,5.225909955012635,8.625141963099349,ISG15,1.0
GO_Biological_Process_2021,negative regulation of nitric oxide metabolic process (GO:1904406),1/9,0.19196207750814998,5.225909955012635,8.625141963099349,ZC3H12A,1.0
GO_Biological_Process_2021,regulation of tumor necrosis factor superfamily cytokine production (GO:1903555),1/9,0.19196207750814998,5.225909955012635,8.625141963099349,PARK7,1.0
GO_Biological_Process_2021,positive regulation of macrophage cytokine production (GO:0060907),1/9,0.19196207750814998,5.225909955012635,8.625141963099349,LAPTM5,1.0
GO_Biological_Process_2021,positive regulation of mast cell degranulation (GO:0043306),1/9,0.19196207750814998,5.225909955012635,8.625141963099349,FGR,1.0
GO_Biological_Process_2021,negative regulation of RNA catabolic process (GO:1902369),1/9,0.19196207750814998,5.225909955012635,8.625141963099349,ZCCHC17,1.0
GO_Biological_Process_2021,response to vitamin D (GO:0033280),1/9,0.19196207750814998,5.225909955012635,8.625141963099349,ALPL,1.0
GO_Biological_Process_2021,anoikis (GO:0043276),1/9,0.19196207750814998,5.225909955012635,8.625141963099349,MTOR,1.0
GO_Biological_Process_2021,peptidyl-cysteine modification (GO:0018198),1/9,0.19196207750814998,5.225909955012635,8.625141963099349,PARK7,1.0
GO_Biological_Process_2021,mitochondrial tRNA modification (GO:0070900),1/9,0.19196207750814998,5.225909955012635,8.625141963099349,TRIT1,1.0
GO_Biological_Process_2021,isoprenoid biosynthetic process (GO:0008299),1/9,0.19196207750814998,5.225909955012635,8.625141963099349,DHDDS,1.0
GO_Biological_Process_2021,actin-mediated cell contraction (GO:0070252),1/9,0.19196207750814998,5.225909955012635,8.625141963099349,PDPN,1.0
GO_Biological_Process_2021,L-ascorbic acid metabolic process (GO:0019852),1/9,0.19196207750814998,5.225909955012635,8.625141963099349,SLC2A1,1.0
GO_Biological_Process_2021,ornithine metabolic process (GO:0006591),1/9,0.19196207750814998,5.225909955012635,8.625141963099349,AZIN2,1.0
GO_Biological_Process_2021,cellular response to hypoxia (GO:0071456),5/131,0.19338096896438134,1.6632383344358685,2.7328554363959214,HP1BP3;MTOR;PINK1;PLK3;PSMB2,1.0
GO_Biological_Process_2021,cellular response to virus (GO:0098586),2/35,0.1971888074215857,2.535960409879898,4.117369080991197,IFI6;ZC3H12A,1.0
GO_Biological_Process_2021,smoothened signaling pathway (GO:0007224),2/35,0.1971888074215857,2.535960409879898,4.117369080991197,DISP3;PTCH2,1.0
GO_Biological_Process_2021,acylglycerol catabolic process (GO:0046464),2/35,0.1971888074215857,2.535960409879898,4.117369080991197,FABP3;LYPLA2,1.0
GO_Biological_Process_2021,"base-excision repair, gap-filling (GO:0006287)",2/35,0.1971888074215857,2.535960409879898,4.117369080991197,MUTYH;RPA2,1.0
GO_Biological_Process_2021,lung development (GO:0030324),2/35,0.1971888074215857,2.535960409879898,4.117369080991197,ERRFI1;PDPN,1.0
GO_Biological_Process_2021,regulation of protein localization (GO:0032880),3/66,0.20077857832274904,1.993753158352467,3.2010755243153626,DVL1;KDM1A;PLEKHM2,1.0
GO_Biological_Process_2021,cellular response to nutrient levels (GO:0031669),3/66,0.20077857832274904,1.993753158352467,3.2010755243153626,MFSD2A;MTOR;RRAGC,1.0
GO_Biological_Process_2021,negative regulation of nucleic acid-templated transcription (GO:1903507),14/464,0.20108340819752443,1.307626012019985,2.0974785320267566,DMAP1;ENO1;HDAC1;HEYL;ID3;KDM1A;KDM4A;KHDRBS1;PEX14;PHC2;SAMD11;SCMH1;SFPQ;SPEN,1.0
GO_Biological_Process_2021,supramolecular fiber organization (GO:0097435),11/351,0.20193679623135516,1.3586819120252382,2.173620030031511,CDC42;COL16A1;COL8A2;COL9A2;HSPG2;MAD2L2;MARCKSL1;P3H1;PLK3;PLOD1;STMN1,1.0
GO_Biological_Process_2021,regulation of protein import into nucleus (GO:0042306),2/36,0.205762080487766,2.4612471082539753,3.8913171492594527,DMAP1;ZC3H12A,1.0
GO_Biological_Process_2021,proteasomal protein catabolic process (GO:0010498),7/205,0.20587889039481683,1.4827011671405124,2.3433605528516974,DDI2;FBXO44;HECTD3;PSMB2;SPSB1;UBE4B;UBXN11,1.0
GO_Biological_Process_2021,regulation of epidermal growth factor receptor signaling pathway (GO:0042058),3/67,0.20682287994698065,1.9624999588037646,3.09268897501578,CDC42;ERRFI1;IFI6,1.0
GO_Biological_Process_2021,regulation of viral genome replication (GO:0045069),3/67,0.20682287994698065,1.9624999588037646,3.09268897501578,ISG15;PPIE;PPIH,1.0
GO_Biological_Process_2021,protein K11-linked deubiquitination (GO:0035871),1/10,0.21087867736439467,4.645015368058201,7.229837751923362,OTUD3,1.0
GO_Biological_Process_2021,cellular response to hydroxyurea (GO:0072711),1/10,0.21087867736439467,4.645015368058201,7.229837751923362,DDI2,1.0
GO_Biological_Process_2021,positive regulation of RIG-I signaling pathway (GO:1900246),1/10,0.21087867736439467,4.645015368058201,7.229837751923362,PUM1,1.0
GO_Biological_Process_2021,positive regulation of transcription by RNA polymerase III (GO:0045945),1/10,0.21087867736439467,4.645015368058201,7.229837751923362,MTOR,1.0
GO_Biological_Process_2021,DNA replication-dependent nucleosome organization (GO:0034723),1/10,0.21087867736439467,4.645015368058201,7.229837751923362,RBBP4,1.0
GO_Biological_Process_2021,DNA replication-dependent nucleosome assembly (GO:0006335),1/10,0.21087867736439467,4.645015368058201,7.229837751923362,RBBP4,1.0
GO_Biological_Process_2021,negative regulation of transcription by competitive promoter binding (GO:0010944),1/10,0.21087867736439467,4.645015368058201,7.229837751923362,MAD2L2,1.0
GO_Biological_Process_2021,regulation of peptidyl-lysine acetylation (GO:2000756),1/10,0.21087867736439467,4.645015368058201,7.229837751923362,PARK7,1.0
GO_Biological_Process_2021,regulation of hydrogen peroxide-induced cell death (GO:1903205),1/10,0.21087867736439467,4.645015368058201,7.229837751923362,PARK7,1.0
GO_Biological_Process_2021,regulation of DNA damage checkpoint (GO:2000001),1/10,0.21087867736439467,4.645015368058201,7.229837751923362,RPA2,1.0
GO_Biological_Process_2021,positive regulation of epidermis development (GO:0045684),1/10,0.21087867736439467,4.645015368058201,7.229837751923362,KDF1,1.0
GO_Biological_Process_2021,regulation of low-density lipoprotein particle clearance (GO:0010988),1/10,0.21087867736439467,4.645015368058201,7.229837751923362,LDLRAP1,1.0
GO_Biological_Process_2021,negative regulation of circadian rhythm (GO:0042754),1/10,0.21087867736439467,4.645015368058201,7.229837751923362,SFPQ,1.0
GO_Biological_Process_2021,methylguanosine-cap decapping (GO:0110156),1/10,0.21087867736439467,4.645015368058201,7.229837751923362,PNRC2,1.0
GO_Biological_Process_2021,negative regulation of extracellular matrix organization (GO:1903054),1/10,0.21087867736439467,4.645015368058201,7.229837751923362,TNFRSF1B,1.0
GO_Biological_Process_2021,regulation of T-helper 17 cell differentiation (GO:2000319),1/10,0.21087867736439467,4.645015368058201,7.229837751923362,ZC3H12A,1.0
GO_Biological_Process_2021,defense response to tumor cell (GO:0002357),1/10,0.21087867736439467,4.645015368058201,7.229837751923362,LAPTM5,1.0
GO_Biological_Process_2021,negative regulation of protein autophosphorylation (GO:0031953),1/10,0.21087867736439467,4.645015368058201,7.229837751923362,ERRFI1,1.0
GO_Biological_Process_2021,morphogenesis of an epithelial sheet (GO:0002011),1/10,0.21087867736439467,4.645015368058201,7.229837751923362,PHACTR4,1.0
GO_Biological_Process_2021,glycine transport (GO:0015816),1/10,0.21087867736439467,4.645015368058201,7.229837751923362,SLC6A9,1.0
GO_Biological_Process_2021,positive regulation of keratinocyte migration (GO:0051549),1/10,0.21087867736439467,4.645015368058201,7.229837751923362,MTOR,1.0
GO_Biological_Process_2021,negative regulation of lymphocyte apoptotic process (GO:0070229),1/10,0.21087867736439467,4.645015368058201,7.229837751923362,NOC2L,1.0
GO_Biological_Process_2021,negative regulation of cell-cell adhesion mediated by cadherin (GO:2000048),1/10,0.21087867736439467,4.645015368058201,7.229837751923362,MAD2L2,1.0
GO_Biological_Process_2021,neuron projection fasciculation (GO:0106030),1/10,0.21087867736439467,4.645015368058201,7.229837751923362,EPHB2,1.0
GO_Biological_Process_2021,negative regulation of peptidyl-lysine acetylation (GO:2000757),1/10,0.21087867736439467,4.645015368058201,7.229837751923362,NOC2L,1.0
GO_Biological_Process_2021,regulation of phospholipid metabolic process (GO:1903725),1/10,0.21087867736439467,4.645015368058201,7.229837751923362,MFSD2A,1.0
GO_Biological_Process_2021,RNA polymerase II preinitiation complex assembly (GO:0051123),1/10,0.21087867736439467,4.645015368058201,7.229837751923362,TAF12,1.0
GO_Biological_Process_2021,neuron remodeling (GO:0016322),1/10,0.21087867736439467,4.645015368058201,7.229837751923362,C1QA,1.0
GO_Biological_Process_2021,regulation of axon guidance (GO:1902667),1/10,0.21087867736439467,4.645015368058201,7.229837751923362,ZSWIM5,1.0
GO_Biological_Process_2021,regulation of granulocyte differentiation (GO:0030852),1/10,0.21087867736439467,4.645015368058201,7.229837751923362,C1QC,1.0
GO_Biological_Process_2021,removal of superoxide radicals (GO:0019430),1/10,0.21087867736439467,4.645015368058201,7.229837751923362,PRDX1,1.0
GO_Biological_Process_2021,histone H3-K36 demethylation (GO:0070544),1/10,0.21087867736439467,4.645015368058201,7.229837751923362,KDM4A,1.0
GO_Biological_Process_2021,positive regulation of transcription of nucleolar large rRNA by RNA polymerase I (GO:1901838),1/10,0.21087867736439467,4.645015368058201,7.229837751923362,MTOR,1.0
GO_Biological_Process_2021,histone H4 deacetylation (GO:0070933),1/10,0.21087867736439467,4.645015368058201,7.229837751923362,HDAC1,1.0
GO_Biological_Process_2021,nuclear mRNA surveillance (GO:0071028),1/10,0.21087867736439467,4.645015368058201,7.229837751923362,EXOSC10,1.0
GO_Biological_Process_2021,cellular response to acidic pH (GO:0071468),1/10,0.21087867736439467,4.645015368058201,7.229837751923362,SLC9A1,1.0
GO_Biological_Process_2021,cellular response to prostaglandin stimulus (GO:0071379),1/10,0.21087867736439467,4.645015368058201,7.229837751923362,GNB1,1.0
GO_Biological_Process_2021,regulation of receptor binding (GO:1900120),1/10,0.21087867736439467,4.645015368058201,7.229837751923362,PTPRF,1.0
GO_Biological_Process_2021,negative regulation of viral-induced cytoplasmic pattern recognition receptor signaling pathway (GO:0039532),1/10,0.21087867736439467,4.645015368058201,7.229837751923362,GPATCH3,1.0
GO_Biological_Process_2021,lung epithelium development (GO:0060428),1/10,0.21087867736439467,4.645015368058201,7.229837751923362,ERRFI1,1.0
GO_Biological_Process_2021,negative regulation of receptor binding (GO:1900121),1/10,0.21087867736439467,4.645015368058201,7.229837751923362,PTPRF,1.0
GO_Biological_Process_2021,long-chain fatty acid import into cell (GO:0044539),1/10,0.21087867736439467,4.645015368058201,7.229837751923362,SLC2A1,1.0
GO_Biological_Process_2021,UV protection (GO:0009650),1/10,0.21087867736439467,4.645015368058201,7.229837751923362,SDF4,1.0
GO_Biological_Process_2021,pinocytosis (GO:0006907),1/10,0.21087867736439467,4.645015368058201,7.229837751923362,PPT1,1.0
GO_Biological_Process_2021,nucleic acid transport (GO:0050657),1/10,0.21087867736439467,4.645015368058201,7.229837751923362,YBX1,1.0
GO_Biological_Process_2021,SNARE complex assembly (GO:0035493),1/10,0.21087867736439467,4.645015368058201,7.229837751923362,VAMP3,1.0
GO_Biological_Process_2021,regulation of actin filament-based movement (GO:1903115),1/10,0.21087867736439467,4.645015368058201,7.229837751923362,PDPN,1.0
GO_Biological_Process_2021,positive regulation of cell activation (GO:0050867),1/10,0.21087867736439467,4.645015368058201,7.229837751923362,RPS6KA1,1.0
GO_Biological_Process_2021,positive regulation of monocyte differentiation (GO:0045657),1/10,0.21087867736439467,4.645015368058201,7.229837751923362,CTNNBIP1,1.0
GO_Biological_Process_2021,protein insertion into ER membrane by stop-transfer membrane-anchor sequence (GO:0045050),1/10,0.21087867736439467,4.645015368058201,7.229837751923362,EMC1,1.0
GO_Biological_Process_2021,modification-dependent macromolecule catabolic process (GO:0043632),1/10,0.21087867736439467,4.645015368058201,7.229837751923362,ISG15,1.0
GO_Biological_Process_2021,modulation by symbiont of host process (GO:0044003),1/10,0.21087867736439467,4.645015368058201,7.229837751923362,ENO1,1.0
GO_Biological_Process_2021,regulation of postsynaptic neurotransmitter receptor activity (GO:0098962),1/10,0.21087867736439467,4.645015368058201,7.229837751923362,DLGAP3,1.0
GO_Biological_Process_2021,positive regulation of circadian rhythm (GO:0042753),1/10,0.21087867736439467,4.645015368058201,7.229837751923362,THRAP3,1.0
GO_Biological_Process_2021,regulation of protein neddylation (GO:2000434),1/10,0.21087867736439467,4.645015368058201,7.229837751923362,RPL11,1.0
GO_Biological_Process_2021,acetyl-CoA biosynthetic process (GO:0006085),1/10,0.21087867736439467,4.645015368058201,7.229837751923362,PPCS,1.0
GO_Biological_Process_2021,negative regulation of alpha-beta T cell proliferation (GO:0046642),1/10,0.21087867736439467,4.645015368058201,7.229837751923362,TNFRSF14,1.0
GO_Biological_Process_2021,positive regulation of protein sumoylation (GO:0033235),1/10,0.21087867736439467,4.645015368058201,7.229837751923362,MUL1,1.0
GO_Biological_Process_2021,positive regulation of protein localization to membrane (GO:1905477),4/101,0.2117326637731825,1.727248452821032,2.6814337319612203,ARHGEF16;EPHA2;EPHB2;TP73,1.0
GO_Biological_Process_2021,neuron projection development (GO:0031175),6/171,0.21252937398006533,1.5243604557891282,2.360739035080857,CDC42;EPHB2;NBL1;NCDN;STMN1;SVBP,1.0
GO_Biological_Process_2021,regulation of translational initiation (GO:0006446),3/68,0.21290781917753837,1.932208396164253,2.988925402018553,EIF4G3;KHDRBS1;YTHDF2,1.0
GO_Biological_Process_2021,regulation of vascular associated smooth muscle cell proliferation (GO:1904705),2/37,0.21437446909697358,2.3908031381495345,3.6819107984149957,LDLRAP1;MFN2,1.0
GO_Biological_Process_2021,centromere complex assembly (GO:0034508),2/37,0.21437446909697358,2.3908031381495345,3.6819107984149957,CENPS;RBBP4,1.0
GO_Biological_Process_2021,regulation of intracellular steroid hormone receptor signaling pathway (GO:0033143),2/37,0.21437446909697358,2.3908031381495345,3.6819107984149957,KDM1A;PARK7,1.0
GO_Biological_Process_2021,protein insertion into ER membrane (GO:0045048),2/37,0.21437446909697358,2.3908031381495345,3.6819107984149957,EMC1;UBE2J2,1.0
GO_Biological_Process_2021,"phagocytosis, engulfment (GO:0006911)",2/37,0.21437446909697358,2.3908031381495345,3.6819107984149957,CDC42;XKR8,1.0
GO_Biological_Process_2021,skeletal muscle tissue development (GO:0007519),2/37,0.21437446909697358,2.3908031381495345,3.6819107984149957,SELENON;SKI,1.0
GO_Biological_Process_2021,lysosome localization (GO:0032418),2/37,0.21437446909697358,2.3908031381495345,3.6819107984149957,PIK3CD;PLEKHM2,1.0
GO_Biological_Process_2021,glutamine family amino acid metabolic process (GO:0009064),2/37,0.21437446909697358,2.3908031381495345,3.6819107984149957,ALDH4A1;RIMKLA,1.0
GO_Biological_Process_2021,regulation of proteasomal ubiquitin-dependent protein catabolic process (GO:0032434),4/102,0.21664749239350214,1.7095355023894971,2.614706694574183,DVL1;PARK7;RNF19B;RPL11,1.0
GO_Biological_Process_2021,cellular response to decreased oxygen levels (GO:0036294),3/69,0.21903089127120698,1.9028347596653328,2.889535458890186,HP1BP3;MTOR;PINK1,1.0
GO_Biological_Process_2021,cell chemotaxis (GO:0060326),3/69,0.21903089127120698,1.9028347596653328,2.889535458890186,ARHGEF16;EPHA2;PLEKHG5,1.0
GO_Biological_Process_2021,chromatin remodeling (GO:0006338),4/103,0.22159317370127504,1.6921803893404175,2.549967153458641,ARID1A;HDAC1;KDM4A;RBBP4,1.0
GO_Biological_Process_2021,negative regulation of TOR signaling (GO:0032007),2/38,0.22301946568289055,2.3242727219397845,3.487562436480333,SESN2;SZT2,1.0
GO_Biological_Process_2021,negative regulation of proteasomal protein catabolic process (GO:1901799),2/38,0.22301946568289055,2.3242727219397845,3.487562436480333,PARK7;RPL11,1.0
GO_Biological_Process_2021,negative regulation of ubiquitin-dependent protein catabolic process (GO:2000059),2/38,0.22301946568289055,2.3242727219397845,3.487562436480333,PARK7;RPL11,1.0
GO_Biological_Process_2021,regulation of plasma membrane bounded cell projection assembly (GO:0120032),3/70,0.22518962305623802,1.8743379481365297,2.7942863721486684,CAPZB;CDC42;EPHA2,1.0
GO_Biological_Process_2021,"DNA-templated transcription, termination (GO:0006353)",3/70,0.22518962305623802,1.8743379481365297,2.7942863721486684,LSM10;MED18;SSU72,1.0
GO_Biological_Process_2021,positive regulation of triglyceride biosynthetic process (GO:0010867),1/11,0.22935335365221174,4.180299698494653,6.155455504379367,MFSD2A,1.0
GO_Biological_Process_2021,positive regulation of neuroblast proliferation (GO:0002052),1/11,0.22935335365221174,4.180299698494653,6.155455504379367,KDM1A,1.0
GO_Biological_Process_2021,regulation of cysteine-type endopeptidase activity involved in apoptotic signaling pathway (GO:2001267),1/11,0.22935335365221174,4.180299698494653,6.155455504379367,PARK7,1.0
GO_Biological_Process_2021,inositol phosphate dephosphorylation (GO:0046855),1/11,0.22935335365221174,4.180299698494653,6.155455504379367,INPP5B,1.0
GO_Biological_Process_2021,aminoglycan metabolic process (GO:0006022),1/11,0.22935335365221174,4.180299698494653,6.155455504379367,B3GALT6,1.0
GO_Biological_Process_2021,regulation of coagulation (GO:0050818),1/11,0.22935335365221174,4.180299698494653,6.155455504379367,EPHB2,1.0
GO_Biological_Process_2021,positive regulation of actin nucleation (GO:0051127),1/11,0.22935335365221174,4.180299698494653,6.155455504379367,WASF2,1.0
GO_Biological_Process_2021,establishment of epithelial cell apical/basal polarity (GO:0045198),1/11,0.22935335365221174,4.180299698494653,6.155455504379367,CDC42,1.0
GO_Biological_Process_2021,Notch signaling involved in heart development (GO:0061314),1/11,0.22935335365221174,4.180299698494653,6.155455504379367,HEYL,1.0
GO_Biological_Process_2021,T cell chemotaxis (GO:0010818),1/11,0.22935335365221174,4.180299698494653,6.155455504379367,PIK3CD,1.0
GO_Biological_Process_2021,response to prostaglandin E (GO:0034695),1/11,0.22935335365221174,4.180299698494653,6.155455504379367,GNB1,1.0
GO_Biological_Process_2021,enteric nervous system development (GO:0048484),1/11,0.22935335365221174,4.180299698494653,6.155455504379367,PHACTR4,1.0
GO_Biological_Process_2021,regulation of lamellipodium morphogenesis (GO:2000392),1/11,0.22935335365221174,4.180299698494653,6.155455504379367,PDPN,1.0
GO_Biological_Process_2021,negative regulation of nuclear division (GO:0051784),1/11,0.22935335365221174,4.180299698494653,6.155455504379367,AURKAIP1,1.0
GO_Biological_Process_2021,negative regulation of defense response to virus (GO:0050687),1/11,0.22935335365221174,4.180299698494653,6.155455504379367,MUL1,1.0
GO_Biological_Process_2021,rhodopsin mediated signaling pathway (GO:0016056),1/11,0.22935335365221174,4.180299698494653,6.155455504379367,GNB1,1.0
GO_Biological_Process_2021,regulation of T-helper 2 cell cytokine production (GO:2000551),1/11,0.22935335365221174,4.180299698494653,6.155455504379367,PRKCZ,1.0
GO_Biological_Process_2021,positive regulation of interleukin-13 production (GO:0032736),1/11,0.22935335365221174,4.180299698494653,6.155455504379367,PRKCZ,1.0
GO_Biological_Process_2021,calcineurin-NFAT signaling cascade (GO:0033173),1/11,0.22935335365221174,4.180299698494653,6.155455504379367,ADGRB2,1.0
GO_Biological_Process_2021,regulation of pH (GO:0006885),1/11,0.22935335365221174,4.180299698494653,6.155455504379367,SLC9A1,1.0
GO_Biological_Process_2021,response to hydroxyurea (GO:0072710),1/11,0.22935335365221174,4.180299698494653,6.155455504379367,DDI2,1.0
GO_Biological_Process_2021,"DNA damage response, signal transduction resulting in transcription (GO:0042772)",1/11,0.22935335365221174,4.180299698494653,6.155455504379367,MAD2L2,1.0
GO_Biological_Process_2021,negative regulation of activin receptor signaling pathway (GO:0032926),1/11,0.22935335365221174,4.180299698494653,6.155455504379367,SKI,1.0
GO_Biological_Process_2021,protein localization to phagophore assembly site (GO:0034497),1/11,0.22935335365221174,4.180299698494653,6.155455504379367,MFN2,1.0
GO_Biological_Process_2021,positive regulation of myelination (GO:0031643),1/11,0.22935335365221174,4.180299698494653,6.155455504379367,TNFRSF1B,1.0
GO_Biological_Process_2021,positive regulation of lipid localization (GO:1905954),1/11,0.22935335365221174,4.180299698494653,6.155455504379367,ZC3H12A,1.0
GO_Biological_Process_2021,camera-type eye morphogenesis (GO:0048593),1/11,0.22935335365221174,4.180299698494653,6.155455504379367,SKI,1.0
GO_Biological_Process_2021,negative regulation of lymphocyte migration (GO:2000402),1/11,0.22935335365221174,4.180299698494653,6.155455504379367,PADI2,1.0
GO_Biological_Process_2021,mitochondrial transcription (GO:0006390),1/11,0.22935335365221174,4.180299698494653,6.155455504379367,SLC25A33,1.0
GO_Biological_Process_2021,cellular response to superoxide (GO:0071451),1/11,0.22935335365221174,4.180299698494653,6.155455504379367,PRDX1,1.0
GO_Biological_Process_2021,Golgi to lysosome transport (GO:0090160),1/11,0.22935335365221174,4.180299698494653,6.155455504379367,LAPTM5,1.0
GO_Biological_Process_2021,Golgi inheritance (GO:0048313),1/11,0.22935335365221174,4.180299698494653,6.155455504379367,PLK3,1.0
GO_Biological_Process_2021,phosphorylated carbohydrate dephosphorylation (GO:0046838),1/11,0.22935335365221174,4.180299698494653,6.155455504379367,INPP5B,1.0
GO_Biological_Process_2021,regulation of mesenchymal cell proliferation (GO:0010464),1/11,0.22935335365221174,4.180299698494653,6.155455504379367,CTNNBIP1,1.0
GO_Biological_Process_2021,positive regulation of posttranscriptional gene silencing (GO:0060148),1/11,0.22935335365221174,4.180299698494653,6.155455504379367,PUM1,1.0
GO_Biological_Process_2021,hematopoietic stem cell proliferation (GO:0071425),1/11,0.22935335365221174,4.180299698494653,6.155455504379367,YTHDF2,1.0
GO_Biological_Process_2021,negative regulation of T-helper cell differentiation (GO:0045623),1/11,0.22935335365221174,4.180299698494653,6.155455504379367,ZC3H12A,1.0
GO_Biological_Process_2021,regulation of T cell mediated immunity (GO:0002709),1/11,0.22935335365221174,4.180299698494653,6.155455504379367,TNFRSF1B,1.0
GO_Biological_Process_2021,regulation of mitochondrial depolarization (GO:0051900),1/11,0.22935335365221174,4.180299698494653,6.155455504379367,IFI6,1.0
GO_Biological_Process_2021,regulation of mitochondrial fusion (GO:0010635),1/11,0.22935335365221174,4.180299698494653,6.155455504379367,MUL1,1.0
GO_Biological_Process_2021,tetrahydrofolate metabolic process (GO:0046653),1/11,0.22935335365221174,4.180299698494653,6.155455504379367,MTHFR,1.0
GO_Biological_Process_2021,positive regulation of voltage-gated potassium channel activity (GO:1903818),1/11,0.22935335365221174,4.180299698494653,6.155455504379367,RNF207,1.0
GO_Biological_Process_2021,hepatocyte growth factor receptor signaling pathway (GO:0048012),1/11,0.22935335365221174,4.180299698494653,6.155455504379367,STMN1,1.0
GO_Biological_Process_2021,positive regulation of leukocyte apoptotic process (GO:2000108),1/11,0.22935335365221174,4.180299698494653,6.155455504379367,PIK3CD,1.0
GO_Biological_Process_2021,regulation of biosynthetic process (GO:0009889),1/11,0.22935335365221174,4.180299698494653,6.155455504379367,SLC25A33,1.0
GO_Biological_Process_2021,nucleus localization (GO:0051647),1/11,0.22935335365221174,4.180299698494653,6.155455504379367,MTOR,1.0
GO_Biological_Process_2021,phosphate-containing compound metabolic process (GO:0006796),7/212,0.2294753085979873,1.4315538557252483,2.107189788830828,ALPL;EPHB2;INPP5B;MTOR;NADK;PIK3CD;PLCH2,1.0
GO_Biological_Process_2021,cholesterol homeostasis (GO:0042632),3/71,0.2313815742926936,1.8466792781232795,2.702960627027624,DISP3;FABP3;LDLRAP1,1.0
GO_Biological_Process_2021,Fc-gamma receptor signaling pathway involved in phagocytosis (GO:0038096),3/71,0.2313815742926936,1.8466792781232795,2.702960627027624,CDC42;FGR;WASF2,1.0
GO_Biological_Process_2021,positive regulation of cellular protein localization (GO:1903829),3/71,0.2313815742926936,1.8466792781232795,2.702960627027624,CROCC;PARK7;SESN2,1.0
GO_Biological_Process_2021,myeloid leukocyte differentiation (GO:0002573),3/71,0.2313815742926936,1.8466792781232795,2.702960627027624,CDC42;EPHA2;PIK3CD,1.0
GO_Biological_Process_2021,regulation of hematopoietic stem cell differentiation (GO:1902036),3/71,0.2313815742926936,1.8466792781232795,2.702960627027624,PSMB2;TP73;YTHDF2,1.0
GO_Biological_Process_2021,histone acetylation (GO:0016573),3/71,0.2313815742926936,1.8466792781232795,2.702960627027624,DMAP1;MEAF6;TAF12,1.0
GO_Biological_Process_2021,negative regulation of neuron apoptotic process (GO:0043524),3/71,0.2313815742926936,1.8466792781232795,2.702960627027624,PARK7;PINK1;PPT1,1.0
GO_Biological_Process_2021,positive regulation of cellular metabolic process (GO:0031325),4/105,0.23157199380441792,1.658501160057055,2.4261624129495662,ECE1;IFNLR1;VAMP3;ZC3H12A,1.0
GO_Biological_Process_2021,regulation of cellular component biogenesis (GO:0044087),2/39,0.23169084458751643,2.261338544444075,3.3068715013270515,PINK1;TIE1,1.0
GO_Biological_Process_2021,regulation of receptor-mediated endocytosis (GO:0048259),2/39,0.23169084458751643,2.261338544444075,3.3068715013270515,LDLRAP1;PPT1,1.0
GO_Biological_Process_2021,DNA replication-independent nucleosome assembly (GO:0006336),2/39,0.23169084458751643,2.261338544444075,3.3068715013270515,CENPS;RBBP4,1.0
GO_Biological_Process_2021,replication fork processing (GO:0031297),2/39,0.23169084458751643,2.261338544444075,3.3068715013270515,CENPS;CORT,1.0
GO_Biological_Process_2021,negative regulation of secretion by cell (GO:1903531),2/39,0.23169084458751643,2.261338544444075,3.3068715013270515,TNFRSF1B;VAMP3,1.0
GO_Biological_Process_2021,chromosome organization (GO:0051276),4/106,0.23660259203507558,1.6421568281989525,2.3669611250618487,HDAC1;HMGN2;MTHFR;PADI2,1.0
GO_Biological_Process_2021,small GTPase mediated signal transduction (GO:0007264),4/106,0.23660259203507558,1.6421568281989525,2.3669611250618487,CNKSR1;GNB1;PARK7;RRAGC,1.0
GO_Biological_Process_2021,cell morphogenesis involved in differentiation (GO:0000904),3/72,0.2376043389183555,1.8198223086901235,2.615354774212421,EPHA2;VAMP3;YTHDF2,1.0
GO_Biological_Process_2021,Fc-gamma receptor signaling pathway (GO:0038094),3/72,0.2376043389183555,1.8198223086901235,2.615354774212421,CDC42;FGR;WASF2,1.0
GO_Biological_Process_2021,sterol homeostasis (GO:0055092),3/72,0.2376043389183555,1.8198223086901235,2.615354774212421,DISP3;FABP3;LDLRAP1,1.0
GO_Biological_Process_2021,positive regulation of catalytic activity (GO:0043085),2/40,0.2403826524788012,2.2017166920797187,3.138598312443881,AZIN2;PHACTR4,1.0
GO_Biological_Process_2021,negative regulation of ERBB signaling pathway (GO:1901185),2/40,0.2403826524788012,2.2017166920797187,3.138598312443881,CDC42;ERRFI1,1.0
GO_Biological_Process_2021,bone development (GO:0060348),2/40,0.2403826524788012,2.2017166920797187,3.138598312443881,P3H1;SKI,1.0
GO_Biological_Process_2021,response to organonitrogen compound (GO:0010243),2/40,0.2403826524788012,2.2017166920797187,3.138598312443881,MTOR;RRAGC,1.0
GO_Biological_Process_2021,fatty acid derivative biosynthetic process (GO:1901570),2/40,0.2403826524788012,2.2017166920797187,3.138598312443881,HMGCL;PPT1,1.0
GO_Biological_Process_2021,positive regulation of gene expression (GO:0010628),14/482,0.24106795133369172,1.256146665260522,1.7870902526512078,AGO1;AGO3;AGO4;ATP13A2;CAMK2N1;EPHB2;FGR;MTOR;PARK7;PIK3CD;POU3F1;RNF207;RPL11;ZC3H12A,1.0
GO_Biological_Process_2021,negative regulation of production of miRNAs involved in gene silencing by miRNA (GO:1903799),1/12,0.24739640885711267,3.8000777870335694,5.307809321792726,ZC3H12A,1.0
GO_Biological_Process_2021,regulation of alcohol biosynthetic process (GO:1902930),1/12,0.24739640885711267,3.8000777870335694,5.307809321792726,H6PD,1.0
GO_Biological_Process_2021,depurination (GO:0045007),1/12,0.24739640885711267,3.8000777870335694,5.307809321792726,MUTYH,1.0
GO_Biological_Process_2021,negative regulation of microtubule polymerization (GO:0031115),1/12,0.24739640885711267,3.8000777870335694,5.307809321792726,STMN1,1.0
GO_Biological_Process_2021,axonal fasciculation (GO:0007413),1/12,0.24739640885711267,3.8000777870335694,5.307809321792726,EPHB2,1.0
GO_Biological_Process_2021,C-terminal protein amino acid modification (GO:0018410),1/12,0.24739640885711267,3.8000777870335694,5.307809321792726,ICMT,1.0
GO_Biological_Process_2021,pyrimidine nucleobase metabolic process (GO:0006206),1/12,0.24739640885711267,3.8000777870335694,5.307809321792726,CTPS1,1.0
GO_Biological_Process_2021,regulation of RNA export from nucleus (GO:0046831),1/12,0.24739640885711267,3.8000777870335694,5.307809321792726,KHDRBS1,1.0
GO_Biological_Process_2021,positive regulation of pseudopodium assembly (GO:0031274),1/12,0.24739640885711267,3.8000777870335694,5.307809321792726,CDC42,1.0
GO_Biological_Process_2021,urogenital system development (GO:0001655),1/12,0.24739640885711267,3.8000777870335694,5.307809321792726,EPHB2,1.0
GO_Biological_Process_2021,negative regulation of gene silencing by miRNA (GO:0060965),1/12,0.24739640885711267,3.8000777870335694,5.307809321792726,ZC3H12A,1.0
GO_Biological_Process_2021,negative regulation of heart contraction (GO:0045822),1/12,0.24739640885711267,3.8000777870335694,5.307809321792726,ZC3H12A,1.0
GO_Biological_Process_2021,inositol phosphate catabolic process (GO:0071545),1/12,0.24739640885711267,3.8000777870335694,5.307809321792726,INPP5B,1.0
GO_Biological_Process_2021,regulation of pseudopodium assembly (GO:0031272),1/12,0.24739640885711267,3.8000777870335694,5.307809321792726,CDC42,1.0
GO_Biological_Process_2021,"mitochondrial electron transport, ubiquinol to cytochrome c (GO:0006122)",1/12,0.24739640885711267,3.8000777870335694,5.307809321792726,UQCRHL,1.0
GO_Biological_Process_2021,mitochondrial genome maintenance (GO:0000002),1/12,0.24739640885711267,3.8000777870335694,5.307809321792726,SLC25A33,1.0
GO_Biological_Process_2021,very-low-density lipoprotein particle assembly (GO:0034379),1/12,0.24739640885711267,3.8000777870335694,5.307809321792726,MFSD2A,1.0
GO_Biological_Process_2021,negative regulation of histone acetylation (GO:0035067),1/12,0.24739640885711267,3.8000777870335694,5.307809321792726,NOC2L,1.0
GO_Biological_Process_2021,sno(s)RNA 3'-end processing (GO:0031126),1/12,0.24739640885711267,3.8000777870335694,5.307809321792726,EXOSC10,1.0
GO_Biological_Process_2021,negative regulation of fatty acid biosynthetic process (GO:0045717),1/12,0.24739640885711267,3.8000777870335694,5.307809321792726,WDTC1,1.0
GO_Biological_Process_2021,regulation of keratinocyte migration (GO:0051547),1/12,0.24739640885711267,3.8000777870335694,5.307809321792726,MTOR,1.0
GO_Biological_Process_2021,homocysteine metabolic process (GO:0050667),1/12,0.24739640885711267,3.8000777870335694,5.307809321792726,MTHFR,1.0
GO_Biological_Process_2021,calcineurin-mediated signaling (GO:0097720),1/12,0.24739640885711267,3.8000777870335694,5.307809321792726,ADGRB2,1.0
GO_Biological_Process_2021,calcium ion-regulated exocytosis of neurotransmitter (GO:0048791),1/12,0.24739640885711267,3.8000777870335694,5.307809321792726,RIMS3,1.0
GO_Biological_Process_2021,regulation of plasminogen activation (GO:0010755),1/12,0.24739640885711267,3.8000777870335694,5.307809321792726,ENO1,1.0
GO_Biological_Process_2021,regulation of histone H3-K9 methylation (GO:0051570),1/12,0.24739640885711267,3.8000777870335694,5.307809321792726,KDM1A,1.0
GO_Biological_Process_2021,regulation of B cell apoptotic process (GO:0002902),1/12,0.24739640885711267,3.8000777870335694,5.307809321792726,NOC2L,1.0
GO_Biological_Process_2021,phospholipid homeostasis (GO:0055091),1/12,0.24739640885711267,3.8000777870335694,5.307809321792726,FABP3,1.0
GO_Biological_Process_2021,microtubule anchoring (GO:0034453),1/12,0.24739640885711267,3.8000777870335694,5.307809321792726,PEX14,1.0
GO_Biological_Process_2021,negative regulation by host of viral process (GO:0044793),1/12,0.24739640885711267,3.8000777870335694,5.307809321792726,ZC3H12A,1.0
GO_Biological_Process_2021,Golgi localization (GO:0051645),1/12,0.24739640885711267,3.8000777870335694,5.307809321792726,CDC42,1.0
GO_Biological_Process_2021,maintenance of protein localization in endoplasmic reticulum (GO:0035437),1/12,0.24739640885711267,3.8000777870335694,5.307809321792726,RER1,1.0
GO_Biological_Process_2021,magnesium ion transport (GO:0015693),1/12,0.24739640885711267,3.8000777870335694,5.307809321792726,NIPAL3,1.0
GO_Biological_Process_2021,presynapse organization (GO:0099172),1/12,0.24739640885711267,3.8000777870335694,5.307809321792726,DVL1,1.0
GO_Biological_Process_2021,hexose metabolic process (GO:0019318),2/41,0.24908919906082208,2.1451523706058424,2.9816421331934007,AKR1A1;FUCA1,1.0
GO_Biological_Process_2021,regulation of response to DNA damage stimulus (GO:2001020),2/41,0.24908919906082208,2.1451523706058424,2.9816421331934007,CASP9;RPA2,1.0
GO_Biological_Process_2021,regulation of protein dephosphorylation (GO:0035304),2/41,0.24908919906082208,2.1451523706058424,2.9816421331934007,CAMTA1;PPP1R8,1.0
GO_Biological_Process_2021,regulation of cell development (GO:0060284),2/41,0.24908919906082208,2.1451523706058424,2.9816421331934007,HEYL;YTHDF2,1.0
GO_Biological_Process_2021,keratinocyte differentiation (GO:0030216),2/41,0.24908919906082208,2.1451523706058424,2.9816421331934007,CLIC4;EPHA2,1.0
GO_Biological_Process_2021,proteolysis involved in cellular protein catabolic process (GO:0051603),3/74,0.25013286169415294,1.768377972874501,2.450552862989093,DDI2;FBXO44;ISG15,1.0
GO_Biological_Process_2021,Fc receptor mediated stimulatory signaling pathway (GO:0002431),3/74,0.25013286169415294,1.768377972874501,2.450552862989093,CDC42;FGR;WASF2,1.0
GO_Biological_Process_2021,nervous system development (GO:0007399),13/447,0.2501714143720321,1.2572744957382322,1.7420907795529363,ADGRB2;ARTN;DVL1;EPHB2;HPCAL4;MARCKSL1;MTF1;NBL1;POU3F1;PPT1;SLC2A1;SZT2;UTP11,1.0
GO_Biological_Process_2021,modulation of chemical synaptic transmission (GO:0050804),4/109,0.2518440035047437,1.5949917562655715,2.1994065722359126,CLSTN1;DLGAP3;RIMS3;TPRG1L,1.0
GO_Biological_Process_2021,protein modification by small protein conjugation (GO:0032446),12/409,0.2521008949064513,1.2683945108294323,1.7477536415314168,FBXO2;ISG15;KLHL21;MIB2;MUL1;PEX10;PEX14;PINK1;RNF220;SPSB1;TRIM62;UBE2J2,1.0
GO_Biological_Process_2021,nucleic acid phosphodiester bond hydrolysis (GO:0090305),3/75,0.2564339883254208,1.7437275619628483,2.3730109445771226,PNRC2;RPA2;ZC3H12A,1.0
GO_Biological_Process_2021,regulation of hematopoietic progenitor cell differentiation (GO:1901532),3/75,0.2564339883254208,1.7437275619628483,2.3730109445771226,PSMB2;TP73;YTHDF2,1.0
GO_Biological_Process_2021,regulation of mRNA stability (GO:0043488),5/146,0.25714552302378685,1.4851492418537684,2.0170006659041153,PSMB2;PUM1;THRAP3;YBX1;YTHDF2,1.0
GO_Biological_Process_2021,mitochondrial gene expression (GO:0140053),2/42,0.2578050480681079,2.09141626520566,2.835022679903944,MRPS15;SLC25A33,1.0
GO_Biological_Process_2021,regulation of ubiquitin-dependent protein catabolic process (GO:2000058),2/42,0.2578050480681079,2.09141626520566,2.835022679903944,LAPTM5;RPL11,1.0
GO_Biological_Process_2021,positive regulation of epithelial to mesenchymal transition (GO:0010718),2/42,0.2578050480681079,2.09141626520566,2.835022679903944,MTOR;PDPN,1.0
GO_Biological_Process_2021,histone H3 acetylation (GO:0043966),2/42,0.2578050480681079,2.09141626520566,2.835022679903944,MEAF6;TAF12,1.0
GO_Biological_Process_2021,negative regulation of protein catabolic process (GO:0042177),2/42,0.2578050480681079,2.09141626520566,2.835022679903944,AZIN2;MAD2L2,1.0
GO_Biological_Process_2021,regulation of double-strand break repair (GO:2000779),2/42,0.2578050480681079,2.09141626520566,2.835022679903944,KDM1A;RPA2,1.0
GO_Biological_Process_2021,regulation of DNA recombination (GO:0000018),2/42,0.2578050480681079,2.09141626520566,2.835022679903944,KDM1A;RPA2,1.0
GO_Biological_Process_2021,regulation of cell division (GO:0051302),3/76,0.26275666708194634,1.7197525047748028,2.298495475900564,KDF1;KLHL21;PLK3,1.0
GO_Biological_Process_2021,regulation of epithelial to mesenchymal transition (GO:0010717),3/76,0.26275666708194634,1.7197525047748028,2.298495475900564,MAD2L2;MTOR;PDPN,1.0
GO_Biological_Process_2021,water-soluble vitamin metabolic process (GO:0006767),3/76,0.26275666708194634,1.7197525047748028,2.298495475900564,MMACHC;MTHFR;SLC2A1,1.0
GO_Biological_Process_2021,RNA transport (GO:0050658),3/76,0.26275666708194634,1.7197525047748028,2.298495475900564,SRRM1;SRSF4;YBX1,1.0
GO_Biological_Process_2021,DNA catabolic process (GO:0006308),1/13,0.2650179057880147,3.4832261941493323,4.625577694173153,DFFB,1.0
GO_Biological_Process_2021,"endonucleolytic cleavage of tricistronic rRNA transcript (SSU-rRNA, 5.8S rRNA, LSU-rRNA) (GO:0000479)",1/13,0.2650179057880147,3.4832261941493323,4.625577694173153,NOL9,1.0
GO_Biological_Process_2021,positive regulation of steroid metabolic process (GO:0045940),1/13,0.2650179057880147,3.4832261941493323,4.625577694173153,LDLRAP1,1.0
GO_Biological_Process_2021,DNA replication-independent nucleosome organization (GO:0034724),1/13,0.2650179057880147,3.4832261941493323,4.625577694173153,RBBP4,1.0
GO_Biological_Process_2021,regulation of protein acetylation (GO:1901983),1/13,0.2650179057880147,3.4832261941493323,4.625577694173153,PARK7,1.0
GO_Biological_Process_2021,spliceosomal tri-snRNP complex assembly (GO:0000244),1/13,0.2650179057880147,3.4832261941493323,4.625577694173153,SRSF10,1.0
GO_Biological_Process_2021,negative regulation of stem cell differentiation (GO:2000737),1/13,0.2650179057880147,3.4832261941493323,4.625577694173153,YTHDF2,1.0
GO_Biological_Process_2021,regulation of interleukin-5 production (GO:0032674),1/13,0.2650179057880147,3.4832261941493323,4.625577694173153,PRKCZ,1.0
GO_Biological_Process_2021,embryonic appendage morphogenesis (GO:0035113),1/13,0.2650179057880147,3.4832261941493323,4.625577694173153,SKI,1.0
GO_Biological_Process_2021,negative regulation of reactive oxygen species biosynthetic process (GO:1903427),1/13,0.2650179057880147,3.4832261941493323,4.625577694173153,PARK7,1.0
GO_Biological_Process_2021,negative regulation of myotube differentiation (GO:0010832),1/13,0.2650179057880147,3.4832261941493323,4.625577694173153,HDAC1,1.0
GO_Biological_Process_2021,transcription preinitiation complex assembly (GO:0070897),1/13,0.2650179057880147,3.4832261941493323,4.625577694173153,TAF12,1.0
GO_Biological_Process_2021,transport along microtubule (GO:0010970),1/13,0.2650179057880147,3.4832261941493323,4.625577694173153,CDC42,1.0
GO_Biological_Process_2021,negative regulation of cell morphogenesis involved in differentiation (GO:0010771),1/13,0.2650179057880147,3.4832261941493323,4.625577694173153,RCC2,1.0
GO_Biological_Process_2021,negative regulation of cellular senescence (GO:2000773),1/13,0.2650179057880147,3.4832261941493323,4.625577694173153,YBX1,1.0
GO_Biological_Process_2021,cellular biogenic amine metabolic process (GO:0006576),1/13,0.2650179057880147,3.4832261941493323,4.625577694173153,SRM,1.0
GO_Biological_Process_2021,glucose import (GO:0046323),1/13,0.2650179057880147,3.4832261941493323,4.625577694173153,SLC2A1,1.0
GO_Biological_Process_2021,negative regulation of gluconeogenesis (GO:0045721),1/13,0.2650179057880147,3.4832261941493323,4.625577694173153,C1QTNF12,1.0
GO_Biological_Process_2021,regulation of lysosomal lumen pH (GO:0035751),1/13,0.2650179057880147,3.4832261941493323,4.625577694173153,PPT1,1.0
GO_Biological_Process_2021,negative regulation of epidermal growth factor-activated receptor activity (GO:0007175),1/13,0.2650179057880147,3.4832261941493323,4.625577694173153,ERRFI1,1.0
GO_Biological_Process_2021,fatty acid elongation (GO:0030497),1/13,0.2650179057880147,3.4832261941493323,4.625577694173153,ELOVL1,1.0
GO_Biological_Process_2021,negative regulation of intrinsic apoptotic signaling pathway in response to DNA damage by p53 class mediator (GO:1902166),1/13,0.2650179057880147,3.4832261941493323,4.625577694173153,KDM1A,1.0
GO_Biological_Process_2021,negative regulation of histone methylation (GO:0031061),1/13,0.2650179057880147,3.4832261941493323,4.625577694173153,KDM1A,1.0
GO_Biological_Process_2021,negative regulation of hydrogen peroxide-induced cell death (GO:1903206),1/13,0.2650179057880147,3.4832261941493323,4.625577694173153,PARK7,1.0
GO_Biological_Process_2021,pseudouridine synthesis (GO:0001522),1/13,0.2650179057880147,3.4832261941493323,4.625577694173153,PUSL1,1.0
GO_Biological_Process_2021,negative regulation of nucleocytoplasmic transport (GO:0046823),1/13,0.2650179057880147,3.4832261941493323,4.625577694173153,PARK7,1.0
GO_Biological_Process_2021,polyamine metabolic process (GO:0006595),1/13,0.2650179057880147,3.4832261941493323,4.625577694173153,SRM,1.0
GO_Biological_Process_2021,negative regulation of substrate adhesion-dependent cell spreading (GO:1900025),1/13,0.2650179057880147,3.4832261941493323,4.625577694173153,RCC2,1.0
GO_Biological_Process_2021,central nervous system neuron axonogenesis (GO:0021955),1/13,0.2650179057880147,3.4832261941493323,4.625577694173153,EPHB2,1.0
GO_Biological_Process_2021,regulation of nucleocytoplasmic transport (GO:0046822),1/13,0.2650179057880147,3.4832261941493323,4.625577694173153,KHDRBS1,1.0
GO_Biological_Process_2021,regulation of oxidoreductase activity (GO:0051341),1/13,0.2650179057880147,3.4832261941493323,4.625577694173153,SZT2,1.0
GO_Biological_Process_2021,sodium ion export across plasma membrane (GO:0036376),1/13,0.2650179057880147,3.4832261941493323,4.625577694173153,SLC9A1,1.0
GO_Biological_Process_2021,myelination in peripheral nervous system (GO:0022011),1/13,0.2650179057880147,3.4832261941493323,4.625577694173153,SKI,1.0
GO_Biological_Process_2021,positive regulation of mRNA metabolic process (GO:1903313),1/13,0.2650179057880147,3.4832261941493323,4.625577694173153,ZC3H12A,1.0
GO_Biological_Process_2021,alpha-linolenic acid metabolic process (GO:0036109),1/13,0.2650179057880147,3.4832261941493323,4.625577694173153,ELOVL1,1.0
GO_Biological_Process_2021,very long-chain fatty acid biosynthetic process (GO:0042761),1/13,0.2650179057880147,3.4832261941493323,4.625577694173153,ELOVL1,1.0
GO_Biological_Process_2021,negative regulation of mononuclear cell migration (GO:0071676),1/13,0.2650179057880147,3.4832261941493323,4.625577694173153,NBL1,1.0
GO_Biological_Process_2021,negative regulation of autophagosome assembly (GO:1902902),1/13,0.2650179057880147,3.4832261941493323,4.625577694173153,PINK1,1.0
GO_Biological_Process_2021,DNA-dependent DNA replication maintenance of fidelity (GO:0045005),2/43,0.2665250085359448,2.0403014332396325,2.697864467516482,CENPS;CORT,1.0
GO_Biological_Process_2021,substantia nigra development (GO:0021762),2/43,0.2665250085359448,2.0403014332396325,2.697864467516482,CDC42;PADI2,1.0
GO_Biological_Process_2021,glutathione metabolic process (GO:0006749),2/43,0.2665250085359448,2.0403014332396325,2.697864467516482,MMACHC;PARK7,1.0
GO_Biological_Process_2021,negative regulation of type I interferon production (GO:0032480),2/43,0.2665250085359448,2.0403014332396325,2.697864467516482,GPATCH3;ISG15,1.0
GO_Biological_Process_2021,positive regulation of neuron differentiation (GO:0045666),2/43,0.2665250085359448,2.0403014332396325,2.697864467516482,HEYL;NBL1,1.0
GO_Biological_Process_2021,natural killer cell activation (GO:0030101),2/43,0.2665250085359448,2.0403014332396325,2.697864467516482,PIK3CD;PRDX1,1.0
GO_Biological_Process_2021,protein-containing complex subunit organization (GO:0043933),4/112,0.26728366145553545,1.5504469661062674,2.045729159315705,PEX14;PPIH;SLC2A1;VAMP3,1.0
GO_Biological_Process_2021,cellular response to UV (GO:0034644),3/77,0.26909867783779523,1.696425422105353,2.2268588620432457,CASP9;KDM1A;NOC2L,1.0
GO_Biological_Process_2021,"nuclear-transcribed mRNA catabolic process, nonsense-mediated decay (GO:0000184)",4/113,0.2724685248200973,1.536143593119335,1.9973433279549766,PNRC2;RPL11;RPL22;RPS8,1.0
GO_Biological_Process_2021,regulation of cytokine production (GO:0001817),5/150,0.2749607136838047,1.443881700400261,1.8642347216177508,ERMAP;FGR;ISG15;PIK3CD;TNFRSF1B,1.0
GO_Biological_Process_2021,positive regulation of stress fiber assembly (GO:0051496),2/44,0.27524412633872103,1.9916206408910349,2.5693835012191477,ARHGEF10L;CDC42,1.0
GO_Biological_Process_2021,negative regulation of epidermal growth factor receptor signaling pathway (GO:0042059),2/44,0.27524412633872103,1.9916206408910349,2.5693835012191477,CDC42;ERRFI1,1.0
GO_Biological_Process_2021,positive regulation of receptor-mediated endocytosis (GO:0048260),2/44,0.27524412633872103,1.9916206408910349,2.5693835012191477,LDLRAP1;PPT1,1.0
GO_Biological_Process_2021,cation transmembrane transport (GO:0098655),2/44,0.27524412633872103,1.9916206408910349,2.5693835012191477,ATP13A2;SLC6A9,1.0
GO_Biological_Process_2021,intracellular steroid hormone receptor signaling pathway (GO:0030518),2/44,0.27524412633872103,1.9916206408910349,2.5693835012191477,ARID1A;PADI2,1.0
GO_Biological_Process_2021,intracellular protein transmembrane transport (GO:0065002),2/44,0.27524412633872103,1.9916206408910349,2.5693835012191477,PEX10;PEX14,1.0
GO_Biological_Process_2021,branching morphogenesis of an epithelial tube (GO:0048754),2/44,0.27524412633872103,1.9916206408910349,2.5693835012191477,EPHA2;TIE1,1.0
GO_Biological_Process_2021,negative regulation of apoptotic signaling pathway (GO:2001234),3/78,0.27545784000354884,1.6737203949737551,2.1579623394348553,NOC2L;PARK7;PINK1,1.0
GO_Biological_Process_2021,mRNA 3'-end processing (GO:0031124),3/79,0.28183201311038075,1.6516128685561469,2.0916753459999238,SRRM1;SRSF4;SSU72,1.0
GO_Biological_Process_2021,regulation of neuron differentiation (GO:0045664),3/79,0.28183201311038075,1.6516128685561469,2.0916753459999238,DISP3;HEYL;NBL1,1.0
GO_Biological_Process_2021,positive regulation of proteasomal ubiquitin-dependent protein catabolic process (GO:0032436),3/79,0.28183201311038075,1.6516128685561469,2.0916753459999238,DVL1;PLK3;RNF19B,1.0
GO_Biological_Process_2021,positive regulation of ubiquitin-dependent protein catabolic process (GO:2000060),3/79,0.28183201311038075,1.6516128685561469,2.0916753459999238,DVL1;LAPTM5;RNF19B,1.0
GO_Biological_Process_2021,nucleoside phosphate biosynthetic process (GO:1901293),1/14,0.2822276731413549,3.2151210001703627,4.067260471009814,NMNAT1,1.0
GO_Biological_Process_2021,cAMP metabolic process (GO:0046058),1/14,0.2822276731413549,3.2151210001703627,4.067260471009814,EPHA2,1.0
GO_Biological_Process_2021,"maturation of LSU-rRNA from tricistronic rRNA transcript (SSU-rRNA, 5.8S rRNA, LSU-rRNA) (GO:0000463)",1/14,0.2822276731413549,3.2151210001703627,4.067260471009814,NOL9,1.0
GO_Biological_Process_2021,sequestering of extracellular ligand from receptor (GO:0035581),1/14,0.2822276731413549,3.2151210001703627,4.067260471009814,NBL1,1.0
GO_Biological_Process_2021,negative regulation of viral transcription (GO:0032897),1/14,0.2822276731413549,3.2151210001703627,4.067260471009814,TRIM62,1.0
GO_Biological_Process_2021,synaptic membrane adhesion (GO:0099560),1/14,0.2822276731413549,3.2151210001703627,4.067260471009814,PTPRF,1.0
GO_Biological_Process_2021,positive regulation of brown fat cell differentiation (GO:0090336),1/14,0.2822276731413549,3.2151210001703627,4.067260471009814,FNDC5,1.0
GO_Biological_Process_2021,regulation of integrin-mediated signaling pathway (GO:2001044),1/14,0.2822276731413549,3.2151210001703627,4.067260471009814,PHACTR4,1.0
GO_Biological_Process_2021,regulation of transcription of nucleolar large rRNA by RNA polymerase I (GO:1901836),1/14,0.2822276731413549,3.2151210001703627,4.067260471009814,MTOR,1.0
GO_Biological_Process_2021,regulation of intrinsic apoptotic signaling pathway in response to DNA damage by p53 class mediator (GO:1902165),1/14,0.2822276731413549,3.2151210001703627,4.067260471009814,KDM1A,1.0
GO_Biological_Process_2021,regulation of macrophage cytokine production (GO:0010935),1/14,0.2822276731413549,3.2151210001703627,4.067260471009814,LAPTM5,1.0
GO_Biological_Process_2021,nuclear migration (GO:0007097),1/14,0.2822276731413549,3.2151210001703627,4.067260471009814,TMEM201,1.0
GO_Biological_Process_2021,positive regulation of lymphocyte migration (GO:2000403),1/14,0.2822276731413549,3.2151210001703627,4.067260471009814,TNFRSF14,1.0
GO_Biological_Process_2021,ceramide transport (GO:0035627),1/14,0.2822276731413549,3.2151210001703627,4.067260471009814,CPTP,1.0
GO_Biological_Process_2021,positive regulation of long-term synaptic potentiation (GO:1900273),1/14,0.2822276731413549,3.2151210001703627,4.067260471009814,EPHB2,1.0
GO_Biological_Process_2021,positive regulation of macrophage chemotaxis (GO:0010759),1/14,0.2822276731413549,3.2151210001703627,4.067260471009814,AKIRIN1,1.0
GO_Biological_Process_2021,negative regulation of neuroinflammatory response (GO:0150079),1/14,0.2822276731413549,3.2151210001703627,4.067260471009814,TNFRSF1B,1.0
GO_Biological_Process_2021,negative regulation of secretion (GO:0051048),1/14,0.2822276731413549,3.2151210001703627,4.067260471009814,VAMP3,1.0
GO_Biological_Process_2021,regulation of retinoic acid receptor signaling pathway (GO:0048385),1/14,0.2822276731413549,3.2151210001703627,4.067260471009814,DHRS3,1.0
GO_Biological_Process_2021,quinone biosynthetic process (GO:1901663),1/14,0.2822276731413549,3.2151210001703627,4.067260471009814,UBIAD1,1.0
GO_Biological_Process_2021,endothelial cell differentiation (GO:0045446),1/14,0.2822276731413549,3.2151210001703627,4.067260471009814,TIE1,1.0
GO_Biological_Process_2021,regulation of fatty acid beta-oxidation (GO:0031998),1/14,0.2822276731413549,3.2151210001703627,4.067260471009814,MFSD2A,1.0
GO_Biological_Process_2021,carbohydrate transport (GO:0008643),1/14,0.2822276731413549,3.2151210001703627,4.067260471009814,SLC2A5,1.0
GO_Biological_Process_2021,"negative regulation of DNA damage response, signal transduction by p53 class mediator (GO:0043518)",1/14,0.2822276731413549,3.2151210001703627,4.067260471009814,KDM1A,1.0
GO_Biological_Process_2021,polarized epithelial cell differentiation (GO:0030859),1/14,0.2822276731413549,3.2151210001703627,4.067260471009814,CDC42,1.0
GO_Biological_Process_2021,immune response-regulating cell surface receptor signaling pathway (GO:0002768),1/14,0.2822276731413549,3.2151210001703627,4.067260471009814,FGR,1.0
GO_Biological_Process_2021,regulation of histone methylation (GO:0031060),1/14,0.2822276731413549,3.2151210001703627,4.067260471009814,MTHFR,1.0
GO_Biological_Process_2021,antiviral innate immune response (GO:0140374),1/14,0.2822276731413549,3.2151210001703627,4.067260471009814,ATAD3A,1.0
GO_Biological_Process_2021,respiratory electron transport chain (GO:0022904),1/14,0.2822276731413549,3.2151210001703627,4.067260471009814,SDHB,1.0
GO_Biological_Process_2021,positive regulation of type 2 immune response (GO:0002830),1/14,0.2822276731413549,3.2151210001703627,4.067260471009814,PRKCZ,1.0
GO_Biological_Process_2021,response to chemokine (GO:1990868),1/14,0.2822276731413549,3.2151210001703627,4.067260471009814,ZC3H12A,1.0
GO_Biological_Process_2021,vascular endothelial growth factor signaling pathway (GO:0038084),1/14,0.2822276731413549,3.2151210001703627,4.067260471009814,PIK3CD,1.0
GO_Biological_Process_2021,positive regulation of sodium ion transmembrane transporter activity (GO:2000651),1/14,0.2822276731413549,3.2151210001703627,4.067260471009814,SLC9A1,1.0
GO_Biological_Process_2021,positive regulation of leukocyte degranulation (GO:0043302),1/14,0.2822276731413549,3.2151210001703627,4.067260471009814,FGR,1.0
GO_Biological_Process_2021,bone morphogenesis (GO:0060349),1/14,0.2822276731413549,3.2151210001703627,4.067260471009814,SKI,1.0
GO_Biological_Process_2021,protein localization to kinetochore (GO:0034501),1/14,0.2822276731413549,3.2151210001703627,4.067260471009814,RCC2,1.0
GO_Biological_Process_2021,positive regulation of transmembrane transport (GO:0034764),1/14,0.2822276731413549,3.2151210001703627,4.067260471009814,AZIN2,1.0
GO_Biological_Process_2021,atrioventricular valve development (GO:0003171),1/14,0.2822276731413549,3.2151210001703627,4.067260471009814,HEYL,1.0
GO_Biological_Process_2021,heterochromatin organization (GO:0070828),1/14,0.2822276731413549,3.2151210001703627,4.067260471009814,HP1BP3,1.0
GO_Biological_Process_2021,intestinal absorption (GO:0050892),1/14,0.2822276731413549,3.2151210001703627,4.067260471009814,SLC2A5,1.0
GO_Biological_Process_2021,heart process (GO:0003015),1/14,0.2822276731413549,3.2151210001703627,4.067260471009814,PPCS,1.0
GO_Biological_Process_2021,positive regulation of T-helper cell differentiation (GO:0045624),1/14,0.2822276731413549,3.2151210001703627,4.067260471009814,PRKCZ,1.0
GO_Biological_Process_2021,neural crest cell development (GO:0014032),2/45,0.2839576759885888,1.9452040714423722,2.4488759175416805,PEF1;PHACTR4,1.0
GO_Biological_Process_2021,regulation of insulin receptor signaling pathway (GO:0046626),2/45,0.2839576759885888,1.9452040714423722,2.4488759175416805,C1QTNF12;PRKCZ,1.0
GO_Biological_Process_2021,chromosome condensation (GO:0030261),2/45,0.2839576759885888,1.9452040714423722,2.4488759175416805,DFFB;PHF13,1.0
GO_Biological_Process_2021,negative regulation of extrinsic apoptotic signaling pathway (GO:2001237),3/80,0.28821909731725404,1.6300795636039307,2.0278749434591257,EYA3;IFI6;PARK7,1.0
GO_Biological_Process_2021,post-translational protein modification (GO:0043687),10/345,0.2900337658666616,1.2511894408428297,1.5486696507796964,FBXO2;FBXO44;FBXO6;ICMT;KLHL21;PSMB2;PTP4A2;SPSB1;VWA1;WDTC1,1.0
GO_Biological_Process_2021,alpha-amino acid metabolic process (GO:1901605),2/46,0.2926611526869349,1.9008973460595577,2.3357082527040185,MTHFR;RIMKLA,1.0
GO_Biological_Process_2021,spliceosomal complex assembly (GO:0000245),2/46,0.2926611526869349,1.9008973460595577,2.3357082527040185,SF3A3;SRSF10,1.0
GO_Biological_Process_2021,positive regulation of smooth muscle cell proliferation (GO:0048661),2/46,0.2926611526869349,1.9008973460595577,2.3357082527040185,LDLRAP1;MFN2,1.0
GO_Biological_Process_2021,activation of cysteine-type endopeptidase activity involved in apoptotic process (GO:0006919),3/81,0.2946170338451466,1.6090983946761308,1.9664452868734523,CASP9;LAPTM5;MUL1,1.0
GO_Biological_Process_2021,positive regulation of transcription by RNA polymerase II (GO:0045944),24/908,0.29798487649895467,1.1402714681423511,1.3805409697807687,AGO1;AGRN;AKIRIN1;CITED4;DVL1;FOXJ3;HDAC1;HEYL;KDM1A;MTF1;PARK7;PRDM2;RLF;RPS6KA1;SFPQ;SKI;SLC9A1;THAP3;THRAP3;TP73;YBX1;ZBTB17;ZC3H12A;ZNF593,1.0
GO_Biological_Process_2021,regulation of cellular response to stress (GO:0080135),4/118,0.2986260530488925,1.468390773707549,1.774642974522838,CASP9;MTOR;PINK1;RPA2,1.0
GO_Biological_Process_2021,photoreceptor cell development (GO:0042461),1/15,0.2990353109363035,2.9853165481883885,3.6038550780774647,MFSD2A,1.0
GO_Biological_Process_2021,ubiquinone metabolic process (GO:0006743),1/15,0.2990353109363035,2.9853165481883885,3.6038550780774647,UBIAD1,1.0
GO_Biological_Process_2021,ubiquinone biosynthetic process (GO:0006744),1/15,0.2990353109363035,2.9853165481883885,3.6038550780774647,UBIAD1,1.0
GO_Biological_Process_2021,histone H4-K5 acetylation (GO:0043981),1/15,0.2990353109363035,2.9853165481883885,3.6038550780774647,MEAF6,1.0
GO_Biological_Process_2021,"phototransduction, visible light (GO:0007603)",1/15,0.2990353109363035,2.9853165481883885,3.6038550780774647,GNB1,1.0
GO_Biological_Process_2021,response to acidic pH (GO:0010447),1/15,0.2990353109363035,2.9853165481883885,3.6038550780774647,SLC9A1,1.0
GO_Biological_Process_2021,histone H4-K8 acetylation (GO:0043982),1/15,0.2990353109363035,2.9853165481883885,3.6038550780774647,MEAF6,1.0
GO_Biological_Process_2021,cellular response to exogenous dsRNA (GO:0071360),1/15,0.2990353109363035,2.9853165481883885,3.6038550780774647,MUL1,1.0
GO_Biological_Process_2021,"tRNA splicing, via endonucleolytic cleavage and ligation (GO:0006388)",1/15,0.2990353109363035,2.9853165481883885,3.6038550780774647,ZBTB8OS,1.0
GO_Biological_Process_2021,prostanoid biosynthetic process (GO:0046457),1/15,0.2990353109363035,2.9853165481883885,3.6038550780774647,PRXL2B,1.0
GO_Biological_Process_2021,regulation of extracellular matrix organization (GO:1903053),1/15,0.2990353109363035,2.9853165481883885,3.6038550780774647,TIE1,1.0
GO_Biological_Process_2021,androgen receptor signaling pathway (GO:0030521),1/15,0.2990353109363035,2.9853165481883885,3.6038550780774647,ARID1A,1.0
GO_Biological_Process_2021,electron transport chain (GO:0022900),1/15,0.2990353109363035,2.9853165481883885,3.6038550780774647,SDHB,1.0
GO_Biological_Process_2021,response to ethanol (GO:0045471),1/15,0.2990353109363035,2.9853165481883885,3.6038550780774647,SDF4,1.0
GO_Biological_Process_2021,cellular sodium ion homeostasis (GO:0006883),1/15,0.2990353109363035,2.9853165481883885,3.6038550780774647,SLC9A1,1.0
GO_Biological_Process_2021,positive regulation of pattern recognition receptor signaling pathway (GO:0062208),1/15,0.2990353109363035,2.9853165481883885,3.6038550780774647,PUM1,1.0
GO_Biological_Process_2021,acetyl-CoA metabolic process (GO:0006084),1/15,0.2990353109363035,2.9853165481883885,3.6038550780774647,PPCS,1.0
GO_Biological_Process_2021,mitochondrial RNA metabolic process (GO:0000959),1/15,0.2990353109363035,2.9853165481883885,3.6038550780774647,SLC25A33,1.0
GO_Biological_Process_2021,modulation by host of viral genome replication (GO:0044827),1/15,0.2990353109363035,2.9853165481883885,3.6038550780774647,ZC3H12A,1.0
GO_Biological_Process_2021,positive regulation of lyase activity (GO:0051349),1/15,0.2990353109363035,2.9853165481883885,3.6038550780774647,PARK7,1.0
GO_Biological_Process_2021,positive regulation of acute inflammatory response (GO:0002675),1/15,0.2990353109363035,2.9853165481883885,3.6038550780774647,PARK7,1.0
GO_Biological_Process_2021,intracellular cholesterol transport (GO:0032367),1/15,0.2990353109363035,2.9853165481883885,3.6038550780774647,LDLRAP1,1.0
GO_Biological_Process_2021,T cell proliferation (GO:0042098),1/15,0.2990353109363035,2.9853165481883885,3.6038550780774647,CTPS1,1.0
GO_Biological_Process_2021,positive regulation of membrane protein ectodomain proteolysis (GO:0051044),1/15,0.2990353109363035,2.9853165481883885,3.6038550780774647,TNFRSF1B,1.0
GO_Biological_Process_2021,microvillus assembly (GO:0030033),1/15,0.2990353109363035,2.9853165481883885,3.6038550780774647,ESPN,1.0
GO_Biological_Process_2021,cellular response to arsenic-containing substance (GO:0071243),1/15,0.2990353109363035,2.9853165481883885,3.6038550780774647,ZC3H12A,1.0
GO_Biological_Process_2021,histone mRNA catabolic process (GO:0071044),1/15,0.2990353109363035,2.9853165481883885,3.6038550780774647,EXOSC10,1.0
GO_Biological_Process_2021,regulation of lymphocyte activation (GO:0051249),1/15,0.2990353109363035,2.9853165481883885,3.6038550780774647,THEMIS2,1.0
GO_Biological_Process_2021,negative regulation of leukocyte activation (GO:0002695),1/15,0.2990353109363035,2.9853165481883885,3.6038550780774647,ZC3H12A,1.0
GO_Biological_Process_2021,regulation of extracellular matrix disassembly (GO:0010715),1/15,0.2990353109363035,2.9853165481883885,3.6038550780774647,PDPN,1.0
GO_Biological_Process_2021,regulation of triglyceride biosynthetic process (GO:0010866),1/15,0.2990353109363035,2.9853165481883885,3.6038550780774647,MFSD2A,1.0
GO_Biological_Process_2021,engulfment of apoptotic cell (GO:0043652),1/15,0.2990353109363035,2.9853165481883885,3.6038550780774647,XKR8,1.0
GO_Biological_Process_2021,establishment of apical/basal cell polarity (GO:0035089),1/15,0.2990353109363035,2.9853165481883885,3.6038550780774647,CDC42,1.0
GO_Biological_Process_2021,regulation of integrin activation (GO:0033623),1/15,0.2990353109363035,2.9853165481883885,3.6038550780774647,FBLIM1,1.0
GO_Biological_Process_2021,response to muscle stretch (GO:0035994),1/15,0.2990353109363035,2.9853165481883885,3.6038550780774647,SLC9A1,1.0
GO_Biological_Process_2021,positive regulation of exosomal secretion (GO:1903543),1/15,0.2990353109363035,2.9853165481883885,3.6038550780774647,ATP13A2,1.0
GO_Biological_Process_2021,macrophage differentiation (GO:0030225),1/15,0.2990353109363035,2.9853165481883885,3.6038550780774647,CDC42,1.0
GO_Biological_Process_2021,mammary gland epithelium development (GO:0061180),1/15,0.2990353109363035,2.9853165481883885,3.6038550780774647,EPHA2,1.0
GO_Biological_Process_2021,medium-chain fatty acid metabolic process (GO:0051791),1/15,0.2990353109363035,2.9853165481883885,3.6038550780774647,ACOT7,1.0
GO_Biological_Process_2021,membrane raft organization (GO:0031579),1/15,0.2990353109363035,2.9853165481883885,3.6038550780774647,PPT1,1.0
GO_Biological_Process_2021,negative regulation of endoplasmic reticulum stress-induced intrinsic apoptotic signaling pathway (GO:1902236),1/15,0.2990353109363035,2.9853165481883885,3.6038550780774647,PARK7,1.0
GO_Biological_Process_2021,regulation of macrophage differentiation (GO:0045649),1/15,0.2990353109363035,2.9853165481883885,3.6038550780774647,C1QC,1.0
GO_Biological_Process_2021,"RNA phosphodiester bond hydrolysis, endonucleolytic (GO:0090502)",1/15,0.2990353109363035,2.9853165481883885,3.6038550780774647,ZC3H12A,1.0
GO_Biological_Process_2021,ephrin receptor signaling pathway (GO:0048013),3/82,0.3010238053420524,1.5886483945819456,1.9072771370386539,CDC42;EPHA2;EPHB2,1.0
GO_Biological_Process_2021,polyol metabolic process (GO:0019751),2/47,0.30135026462136144,1.8585598084715351,2.229309075091773,INPP5B;PLCH2,1.0
GO_Biological_Process_2021,histone deacetylation (GO:0016575),2/47,0.30135026462136144,1.8585598084715351,2.229309075091773,HDAC1;SFPQ,1.0
GO_Biological_Process_2021,regulation of T cell activation (GO:0050863),2/47,0.30135026462136144,1.8585598084715351,2.229309075091773,LAPTM5;TNFRSF1B,1.0
GO_Biological_Process_2021,regulation of DNA binding (GO:0051101),2/47,0.30135026462136144,1.8585598084715351,2.229309075091773,KDM1A;SKI,1.0
GO_Biological_Process_2021,regulation of synapse assembly (GO:0051963),2/47,0.30135026462136144,1.8585598084715351,2.229309075091773,CLSTN1;EPHB2,1.0
GO_Biological_Process_2021,negative regulation of cellular macromolecule biosynthetic process (GO:2000113),15/547,0.3014232578512647,1.18259221671152,1.418211688578749,DMAP1;ENO1;HDAC1;HEYL;ID3;KDM1A;KDM4A;KHDRBS1;PEX14;PHC2;SAMD11;SCMH1;SFPQ;SPEN;YBX1,1.0
GO_Biological_Process_2021,cellular response to tumor necrosis factor (GO:0071356),6/194,0.3024884186605006,1.3362807123030334,1.5978072674691073,PSMB2;TNFRSF14;TNFRSF18;TNFRSF1B;TNFRSF25;ZC3H12A,1.0
GO_Biological_Process_2021,glycoprotein biosynthetic process (GO:0009101),3/83,0.30743743618237573,1.5687096444901154,1.8502674117940785,B3GALT6;DDOST;ST3GAL3,1.0
GO_Biological_Process_2021,epidermis development (GO:0008544),3/83,0.30743743618237573,1.5687096444901154,1.8502674117940785,HDAC1;PLOD1;YBX1,1.0
GO_Biological_Process_2021,regulation of defense response (GO:0031347),3/83,0.30743743618237573,1.5687096444901154,1.8502674117940785,FGR;PARK7;ZMPSTE24,1.0
GO_Biological_Process_2021,base-excision repair (GO:0006284),2/48,0.31002092550106997,1.8180630333873393,2.129161765951265,MUTYH;RPA2,1.0
GO_Biological_Process_2021,inositol phosphate metabolic process (GO:0043647),2/48,0.31002092550106997,1.8180630333873393,2.129161765951265,INPP5B;PLCH2,1.0
GO_Biological_Process_2021,regulation of interleukin-10 production (GO:0032653),2/48,0.31002092550106997,1.8180630333873393,2.129161765951265,ISG15;PRKCZ,1.0
GO_Biological_Process_2021,histone H4 acetylation (GO:0043967),2/48,0.31002092550106997,1.8180630333873393,2.129161765951265,DMAP1;MEAF6,1.0
GO_Biological_Process_2021,establishment of protein localization to mitochondrion (GO:0072655),2/48,0.31002092550106997,1.8180630333873393,2.129161765951265,MFN2;PINK1,1.0
GO_Biological_Process_2021,vascular transport (GO:0010232),3/84,0.31385599270416004,1.5492632092153673,1.7953187727145286,MFSD2A;SLC2A1;SLC6A9,1.0
GO_Biological_Process_2021,regulation of cytokinesis (GO:0032465),3/84,0.31385599270416004,1.5492632092153673,1.7953187727145286,CDC42;KLHL21;PLK3,1.0
GO_Biological_Process_2021,odontogenesis of dentin-containing tooth (GO:0042475),1/16,0.31545019582405986,2.786152689804011,3.214536112688281,HDAC1,1.0
GO_Biological_Process_2021,"RNA splicing, via endonucleolytic cleavage and ligation (GO:0000394)",1/16,0.31545019582405986,2.786152689804011,3.214536112688281,ZBTB8OS,1.0
GO_Biological_Process_2021,regulation of activin receptor signaling pathway (GO:0032925),1/16,0.31545019582405986,2.786152689804011,3.214536112688281,SKI,1.0
GO_Biological_Process_2021,oligodendrocyte development (GO:0014003),1/16,0.31545019582405986,2.786152689804011,3.214536112688281,EIF2B3,1.0
GO_Biological_Process_2021,neural tube development (GO:0021915),1/16,0.31545019582405986,2.786152689804011,3.214536112688281,DVL1,1.0
GO_Biological_Process_2021,regulation of fatty acid oxidation (GO:0046320),1/16,0.31545019582405986,2.786152689804011,3.214536112688281,FABP3,1.0
GO_Biological_Process_2021,regulation of amyloid-beta clearance (GO:1900221),1/16,0.31545019582405986,2.786152689804011,3.214536112688281,HDAC1,1.0
GO_Biological_Process_2021,regulation of ERBB signaling pathway (GO:1901184),1/16,0.31545019582405986,2.786152689804011,3.214536112688281,IFI6,1.0
GO_Biological_Process_2021,epiboly involved in wound healing (GO:0090505),1/16,0.31545019582405986,2.786152689804011,3.214536112688281,PDPN,1.0
GO_Biological_Process_2021,regulation of hormone secretion (GO:0046883),1/16,0.31545019582405986,2.786152689804011,3.214536112688281,VAMP3,1.0
GO_Biological_Process_2021,sphingolipid catabolic process (GO:0030149),1/16,0.31545019582405986,2.786152689804011,3.214536112688281,PPT1,1.0
GO_Biological_Process_2021,negative regulation of focal adhesion assembly (GO:0051895),1/16,0.31545019582405986,2.786152689804011,3.214536112688281,RCC2,1.0
GO_Biological_Process_2021,positive regulation of double-strand break repair via nonhomologous end joining (GO:2001034),1/16,0.31545019582405986,2.786152689804011,3.214536112688281,MAD2L2,1.0
GO_Biological_Process_2021,negative regulation of histone modification (GO:0031057),1/16,0.31545019582405986,2.786152689804011,3.214536112688281,NOC2L,1.0
GO_Biological_Process_2021,negative regulation of macrophage activation (GO:0043031),1/16,0.31545019582405986,2.786152689804011,3.214536112688281,ZC3H12A,1.0
GO_Biological_Process_2021,regulation of interleukin-13 production (GO:0032656),1/16,0.31545019582405986,2.786152689804011,3.214536112688281,PRKCZ,1.0
GO_Biological_Process_2021,regulation of systemic arterial blood pressure (GO:0003073),1/16,0.31545019582405986,2.786152689804011,3.214536112688281,SLC2A5,1.0
GO_Biological_Process_2021,regulation of mast cell degranulation (GO:0043304),1/16,0.31545019582405986,2.786152689804011,3.214536112688281,FGR,1.0
GO_Biological_Process_2021,negative regulation of cell-substrate junction organization (GO:0150118),1/16,0.31545019582405986,2.786152689804011,3.214536112688281,RCC2,1.0
GO_Biological_Process_2021,positive regulation of immunoglobulin mediated immune response (GO:0002891),1/16,0.31545019582405986,2.786152689804011,3.214536112688281,MAD2L2,1.0
GO_Biological_Process_2021,regulation of monocyte differentiation (GO:0045655),1/16,0.31545019582405986,2.786152689804011,3.214536112688281,CTNNBIP1,1.0
GO_Biological_Process_2021,regulation of isotype switching (GO:0045191),1/16,0.31545019582405986,2.786152689804011,3.214536112688281,MAD2L2,1.0
GO_Biological_Process_2021,glutamine family amino acid catabolic process (GO:0009065),1/16,0.31545019582405986,2.786152689804011,3.214536112688281,ALDH4A1,1.0
GO_Biological_Process_2021,regulation of systemic arterial blood pressure by hormone (GO:0001990),1/16,0.31545019582405986,2.786152689804011,3.214536112688281,ECE1,1.0
GO_Biological_Process_2021,regulation of rRNA processing (GO:2000232),1/16,0.31545019582405986,2.786152689804011,3.214536112688281,YTHDF2,1.0
GO_Biological_Process_2021,positive regulation of myeloid leukocyte cytokine production involved in immune response (GO:0061081),1/16,0.31545019582405986,2.786152689804011,3.214536112688281,LAPTM5,1.0
GO_Biological_Process_2021,male meiosis I (GO:0007141),1/16,0.31545019582405986,2.786152689804011,3.214536112688281,FOXJ3,1.0
GO_Biological_Process_2021,late endosome to vacuole transport via multivesicular body sorting pathway (GO:0032511),1/16,0.31545019582405986,2.786152689804011,3.214536112688281,TMEM50A,1.0
GO_Biological_Process_2021,positive regulation of small molecule metabolic process (GO:0062013),1/16,0.31545019582405986,2.786152689804011,3.214536112688281,LDLRAP1,1.0
GO_Biological_Process_2021,positive regulation of isotype switching (GO:0045830),1/16,0.31545019582405986,2.786152689804011,3.214536112688281,MAD2L2,1.0
GO_Biological_Process_2021,negative regulation of catabolic process (GO:0009895),2/49,0.3186692473237589,1.7792895253280032,2.034798270336235,AZIN2;MAD2L2,1.0
GO_Biological_Process_2021,inner mitochondrial membrane organization (GO:0007007),2/49,0.3186692473237589,1.7792895253280032,2.034798270336235,DNAJC11;MICOS10,1.0
GO_Biological_Process_2021,negative regulation of intracellular signal transduction (GO:1902532),6/198,0.3188702302402565,1.3081709680320137,1.4952015589323733,EPHA2;MUL1;NOC2L;OTUD3;PINK1;ZC3H12A,1.0
GO_Biological_Process_2021,regulation of mRNA catabolic process (GO:0061013),4/122,0.31976192929932673,1.4183225885151107,1.617140965473846,PSMB2;PUM1;YTHDF2;ZC3H12A,1.0
GO_Biological_Process_2021,"Wnt signaling pathway, planar cell polarity pathway (GO:0060071)",3/85,0.32027758338749296,1.5302910772400031,1.7423392440120684,CDC42;DVL1;PSMB2,1.0
GO_Biological_Process_2021,B cell activation (GO:0042113),3/85,0.32027758338749296,1.5302910772400031,1.7423392440120684,CTPS1;EPHB2;PIK3CD,1.0
GO_Biological_Process_2021,G1/S transition of mitotic cell cycle (GO:0000082),3/85,0.32027758338749296,1.5302910772400031,1.7423392440120684,KHDRBS1;PLK3;RCC1,1.0
GO_Biological_Process_2021,gene expression (GO:0010467),10/356,0.32327946132534807,1.2107175954193723,1.3671884667411172,MRPS15;NOL9;PABPC4;RPL11;RPL22;RPS8;RRAGC;SNRNP40;SRRM1;SRSF4,1.0
GO_Biological_Process_2021,regulation of anatomical structure morphogenesis (GO:0022603),4/123,0.3250656049525435,1.4063314685320478,1.5803344079728163,CAPZB;EPHA2;ZMYM4;ZMYM6,1.0
GO_Biological_Process_2021,regulation of interferon-gamma production (GO:0032649),3/86,0.3267003589772552,1.5117761050712746,1.691241860793228,ISG15;LAPTM5;ZC3H12A,1.0
GO_Biological_Process_2021,transport across blood-brain barrier (GO:0150104),3/86,0.3267003589772552,1.5117761050712746,1.691241860793228,MFSD2A;SLC2A1;SLC6A9,1.0
GO_Biological_Process_2021,regulation of cellular component movement (GO:0051270),2/50,0.32729153336731553,1.7421315801044726,1.9457936709739359,PDPN;ZSWIM5,1.0
GO_Biological_Process_2021,ribosome assembly (GO:0042255),2/50,0.32729153336731553,1.7421315801044726,1.9457936709739359,MRPL20;RPL11,1.0
GO_Biological_Process_2021,negative regulation of ERK1 and ERK2 cascade (GO:0070373),2/50,0.32729153336731553,1.7421315801044726,1.9457936709739359,CAMK2N1;EPHB2,1.0
GO_Biological_Process_2021,peptide biosynthetic process (GO:0043043),5/162,0.3296878921326507,1.3326959040000472,1.478771174063341,MRPS15;PABPC4;RPL11;RPL22;RPS8,1.0
GO_Biological_Process_2021,modification-dependent protein catabolic process (GO:0019941),6/201,0.3312435082594936,1.2878454606360457,1.4229423806852588,ISG15;PINK1;RNF19B;SPSB1;UBE4B;UBR4,1.0
GO_Biological_Process_2021,positive regulation of stem cell proliferation (GO:2000648),1/17,0.3314814862741369,2.611884313717681,2.883999091042015,KDM1A,1.0
GO_Biological_Process_2021,vasculature development (GO:0001944),1/17,0.3314814862741369,2.611884313717681,2.883999091042015,ERRFI1,1.0
GO_Biological_Process_2021,regulation of cellular respiration (GO:0043457),1/17,0.3314814862741369,2.611884313717681,2.883999091042015,IFNLR1,1.0
GO_Biological_Process_2021,snRNA metabolic process (GO:0016073),1/17,0.3314814862741369,2.611884313717681,2.883999091042015,INTS11,1.0
GO_Biological_Process_2021,regulation of Arp2/3 complex-mediated actin nucleation (GO:0034315),1/17,0.3314814862741369,2.611884313717681,2.883999091042015,WASF2,1.0
GO_Biological_Process_2021,cellular modified amino acid catabolic process (GO:0042219),1/17,0.3314814862741369,2.611884313717681,2.883999091042015,ALDH4A1,1.0
GO_Biological_Process_2021,cellular response to gamma radiation (GO:0071480),1/17,0.3314814862741369,2.611884313717681,2.883999091042015,KDM1A,1.0
GO_Biological_Process_2021,cellular response to fatty acid (GO:0071398),1/17,0.3314814862741369,2.611884313717681,2.883999091042015,ZC3H12A,1.0
GO_Biological_Process_2021,stem cell development (GO:0048864),1/17,0.3314814862741369,2.611884313717681,2.883999091042015,PEF1,1.0
GO_Biological_Process_2021,cell surface receptor signaling pathway involved in heart development (GO:0061311),1/17,0.3314814862741369,2.611884313717681,2.883999091042015,HEYL,1.0
GO_Biological_Process_2021,cellular biogenic amine biosynthetic process (GO:0042401),1/17,0.3314814862741369,2.611884313717681,2.883999091042015,SRM,1.0
GO_Biological_Process_2021,pulmonary valve morphogenesis (GO:0003184),1/17,0.3314814862741369,2.611884313717681,2.883999091042015,HEYL,1.0
GO_Biological_Process_2021,negative regulation of fatty acid metabolic process (GO:0045922),1/17,0.3314814862741369,2.611884313717681,2.883999091042015,WDTC1,1.0
GO_Biological_Process_2021,negative regulation of insulin secretion (GO:0046676),1/17,0.3314814862741369,2.611884313717681,2.883999091042015,BMP8A,1.0
GO_Biological_Process_2021,dolichol-linked oligosaccharide biosynthetic process (GO:0006488),1/17,0.3314814862741369,2.611884313717681,2.883999091042015,DHDDS,1.0
GO_Biological_Process_2021,preassembly of GPI anchor in ER membrane (GO:0016254),1/17,0.3314814862741369,2.611884313717681,2.883999091042015,PIGV,1.0
GO_Biological_Process_2021,negative regulation of intrinsic apoptotic signaling pathway by p53 class mediator (GO:1902254),1/17,0.3314814862741369,2.611884313717681,2.883999091042015,KDM1A,1.0
GO_Biological_Process_2021,regulation of leukocyte migration (GO:0002685),1/17,0.3314814862741369,2.611884313717681,2.883999091042015,TNFRSF18,1.0
GO_Biological_Process_2021,tail-anchored membrane protein insertion into ER membrane (GO:0071816),1/17,0.3314814862741369,2.611884313717681,2.883999091042015,EMC1,1.0
GO_Biological_Process_2021,regulation of neuroblast proliferation (GO:1902692),1/17,0.3314814862741369,2.611884313717681,2.883999091042015,KDM1A,1.0
GO_Biological_Process_2021,positive regulation of muscle hypertrophy (GO:0014742),1/17,0.3314814862741369,2.611884313717681,2.883999091042015,SLC9A1,1.0
GO_Biological_Process_2021,mesenchyme morphogenesis (GO:0072132),1/17,0.3314814862741369,2.611884313717681,2.883999091042015,HEYL,1.0
GO_Biological_Process_2021,regulation of NLRP3 inflammasome complex assembly (GO:1900225),1/17,0.3314814862741369,2.611884313717681,2.883999091042015,CPTP,1.0
GO_Biological_Process_2021,modified amino acid transport (GO:0072337),1/17,0.3314814862741369,2.611884313717681,2.883999091042015,PDPN,1.0
GO_Biological_Process_2021,negative regulation of cell aging (GO:0090344),1/17,0.3314814862741369,2.611884313717681,2.883999091042015,YBX1,1.0
GO_Biological_Process_2021,positive regulation of transcription of Notch receptor target (GO:0007221),1/17,0.3314814862741369,2.611884313717681,2.883999091042015,HEYL,1.0
GO_Biological_Process_2021,negative regulation of chemokine production (GO:0032682),1/17,0.3314814862741369,2.611884313717681,2.883999091042015,MUL1,1.0
GO_Biological_Process_2021,negative regulation of execution phase of apoptosis (GO:1900118),1/17,0.3314814862741369,2.611884313717681,2.883999091042015,DFFA,1.0
GO_Biological_Process_2021,negative regulation of ATPase activity (GO:0032780),1/17,0.3314814862741369,2.611884313717681,2.883999091042015,ATP5IF1,1.0
GO_Biological_Process_2021,regulation of metal ion transport (GO:0010959),1/17,0.3314814862741369,2.611884313717681,2.883999091042015,EPB41,1.0
GO_Biological_Process_2021,sodium ion transmembrane transport (GO:0035725),3/87,0.33312251255328407,1.4937019655732298,1.6419443440999337,SCNN1D;SLC6A9;SLC9A1,1.0
GO_Biological_Process_2021,protein targeting to membrane (GO:0006612),3/87,0.33312251255328407,1.4937019655732298,1.6419443440999337,ICMT;PEX14;ZDHHC18,1.0
GO_Biological_Process_2021,phosphorylation (GO:0016310),11/400,0.3356739747694216,1.1845049332703832,1.2930232381473907,CDK11A;CDK11B;EPHB2;FGR;MAP3K6;MTOR;NADK;PIK3CD;PINK1;PRKCZ;TESK2,1.0
GO_Biological_Process_2021,protein targeting (GO:0006605),4/125,0.3356889547179342,1.3829438295568175,1.5095803801803285,ICMT;MFN2;RPL11;ZDHHC18,1.0
GO_Biological_Process_2021,inositol lipid-mediated signaling (GO:0048017),2/51,0.33588427139977683,1.7064902857063924,1.8617614625739682,PIK3CD;PLCH2,1.0
GO_Biological_Process_2021,cholesterol transport (GO:0030301),2/51,0.33588427139977683,1.7064902857063924,1.8617614625739682,LDLRAP1;STX12,1.0
GO_Biological_Process_2021,positive regulation of actin filament bundle assembly (GO:0032233),2/51,0.33588427139977683,1.7064902857063924,1.8617614625739682,ARHGEF10L;CDC42,1.0
GO_Biological_Process_2021,positive regulation of fat cell differentiation (GO:0045600),2/51,0.33588427139977683,1.7064902857063924,1.8617614625739682,FNDC5;ZC3H12A,1.0
GO_Biological_Process_2021,proteasome-mediated ubiquitin-dependent protein catabolic process (GO:0043161),9/321,0.3382117807204572,1.2078933880884632,1.3094566993544192,FBXO2;FBXO44;FBXO6;HECTD3;PSMB2;SPSB1;UBE2J2;UBE4B;UBXN11,1.0
GO_Biological_Process_2021,double-strand break repair (GO:0006302),5/164,0.33893293564212024,1.3157965953228659,1.4236301015111685,EYA3;KDM4A;MAD2L2;RPA2;SFPQ,1.0
GO_Biological_Process_2021,axon guidance (GO:0007411),6/203,0.3395258816961464,1.2746390395868887,1.3768715914037177,ARTN;EPHA2;EPHB2;LYPLA2;PIK3CD;RAP1GAP,1.0
GO_Biological_Process_2021,regulation of angiogenesis (GO:0045765),6/203,0.3395258816961464,1.2746390395868887,1.3768715914037177,AGO1;EPHA2;HSPG2;PIK3CD;TIE1;ZC3H12A,1.0
GO_Biological_Process_2021,regulation of establishment of planar polarity (GO:0090175),3/88,0.3395422795508734,1.476053099945727,1.5943688004146948,CDC42;DVL1;PSMB2,1.0
GO_Biological_Process_2021,negative regulation of growth (GO:0045926),4/126,0.34100650007651506,1.3715375630074225,1.4755738168112233,ENO1;MUL1;PPT1;SESN2,1.0
GO_Biological_Process_2021,negative regulation of cell growth (GO:0030308),4/126,0.34100650007651506,1.3715375630074225,1.4755738168112233,ENO1;MUL1;PPT1;SESN2,1.0
GO_Biological_Process_2021,negative regulation of protein metabolic process (GO:0051248),2/52,0.3444441271012242,1.6722746430842352,1.7823494243614566,AZIN2;MAD2L2,1.0
GO_Biological_Process_2021,negative regulation of BMP signaling pathway (GO:0030514),2/52,0.3444441271012242,1.6722746430842352,1.7823494243614566,NBL1;SKI,1.0
GO_Biological_Process_2021,glycolipid metabolic process (GO:0006664),2/52,0.3444441271012242,1.6722746430842352,1.7823494243614566,CPTP;FUCA1,1.0
GO_Biological_Process_2021,positive regulation of developmental growth (GO:0048639),2/52,0.3444441271012242,1.6722746430842352,1.7823494243614566,AGRN;MACF1,1.0
GO_Biological_Process_2021,regulation of intrinsic apoptotic signaling pathway (GO:2001242),2/52,0.3444441271012242,1.6722746430842352,1.7823494243614566,NOC2L;PINK1,1.0
GO_Biological_Process_2021,mitochondrial translational termination (GO:0070126),3/89,0.3459579377344316,1.4588146730537481,1.5484414435352263,AURKAIP1;MRPL20;MRPS15,1.0
GO_Biological_Process_2021,mitochondrial translational elongation (GO:0070125),3/89,0.3459579377344316,1.4588146730537481,1.5484414435352263,AURKAIP1;MRPL20;MRPS15,1.0
GO_Biological_Process_2021,nucleotide biosynthetic process (GO:0009165),1/18,0.34713812764048363,2.45811809952386,2.6007688771609705,NMNAT1,1.0
GO_Biological_Process_2021,negative regulation of Rho protein signal transduction (GO:0035024),1/18,0.34713812764048363,2.45811809952386,2.6007688771609705,STMN1,1.0
GO_Biological_Process_2021,sodium ion import across plasma membrane (GO:0098719),1/18,0.34713812764048363,2.45811809952386,2.6007688771609705,SLC9A1,1.0
GO_Biological_Process_2021,negative regulation of peptide hormone secretion (GO:0090278),1/18,0.34713812764048363,2.45811809952386,2.6007688771609705,BMP8A,1.0
GO_Biological_Process_2021,presynapse assembly (GO:0099054),1/18,0.34713812764048363,2.45811809952386,2.6007688771609705,DVL1,1.0
GO_Biological_Process_2021,positive regulation of phosphoprotein phosphatase activity (GO:0032516),1/18,0.34713812764048363,2.45811809952386,2.6007688771609705,MTOR,1.0
GO_Biological_Process_2021,positive regulation of glial cell differentiation (GO:0045687),1/18,0.34713812764048363,2.45811809952386,2.6007688771609705,TNFRSF1B,1.0
GO_Biological_Process_2021,cellular response to zinc ion (GO:0071294),1/18,0.34713812764048363,2.45811809952386,2.6007688771609705,ATP13A2,1.0
GO_Biological_Process_2021,chromatin disassembly (GO:0031498),1/18,0.34713812764048363,2.45811809952386,2.6007688771609705,ARID1A,1.0
GO_Biological_Process_2021,neuron maturation (GO:0042551),1/18,0.34713812764048363,2.45811809952386,2.6007688771609705,C1QA,1.0
GO_Biological_Process_2021,release of cytochrome c from mitochondria (GO:0001836),1/18,0.34713812764048363,2.45811809952386,2.6007688771609705,IFI6,1.0
GO_Biological_Process_2021,nucleosome disassembly (GO:0006337),1/18,0.34713812764048363,2.45811809952386,2.6007688771609705,ARID1A,1.0
GO_Biological_Process_2021,negative regulation of double-strand break repair via homologous recombination (GO:2000042),1/18,0.34713812764048363,2.45811809952386,2.6007688771609705,MAD2L2,1.0
GO_Biological_Process_2021,fluid transport (GO:0042044),1/18,0.34713812764048363,2.45811809952386,2.6007688771609705,PDPN,1.0
GO_Biological_Process_2021,T cell migration (GO:0072678),1/18,0.34713812764048363,2.45811809952386,2.6007688771609705,PIK3CD,1.0
GO_Biological_Process_2021,regulation of multicellular organism growth (GO:0040014),1/18,0.34713812764048363,2.45811809952386,2.6007688771609705,MFSD2A,1.0
GO_Biological_Process_2021,negative regulation of biosynthetic process (GO:0009890),1/18,0.34713812764048363,2.45811809952386,2.6007688771609705,PARK7,1.0
GO_Biological_Process_2021,positive regulation of interleukin-4 production (GO:0032753),1/18,0.34713812764048363,2.45811809952386,2.6007688771609705,PRKCZ,1.0
GO_Biological_Process_2021,"positive regulation of mRNA splicing, via spliceosome (GO:0048026)",1/18,0.34713812764048363,2.45811809952386,2.6007688771609705,THRAP3,1.0
GO_Biological_Process_2021,microtubule depolymerization (GO:0007019),1/18,0.34713812764048363,2.45811809952386,2.6007688771609705,STMN1,1.0
GO_Biological_Process_2021,regulation of platelet aggregation (GO:0090330),1/18,0.34713812764048363,2.45811809952386,2.6007688771609705,PDPN,1.0
GO_Biological_Process_2021,regulation of telomerase RNA localization to Cajal body (GO:1904872),1/18,0.34713812764048363,2.45811809952386,2.6007688771609705,EXOSC10,1.0
GO_Biological_Process_2021,regulation of mitochondrial outer membrane permeabilization involved in apoptotic signaling pathway (GO:1901028),1/18,0.34713812764048363,2.45811809952386,2.6007688771609705,MUL1,1.0
GO_Biological_Process_2021,positive regulation of extracellular matrix organization (GO:1903055),1/18,0.34713812764048363,2.45811809952386,2.6007688771609705,PDPN,1.0
GO_Biological_Process_2021,positive regulation of excitatory postsynaptic potential (GO:2000463),1/18,0.34713812764048363,2.45811809952386,2.6007688771609705,PRKCZ,1.0
GO_Biological_Process_2021,negative regulation of fibroblast proliferation (GO:0048147),1/18,0.34713812764048363,2.45811809952386,2.6007688771609705,SKI,1.0
GO_Biological_Process_2021,negative regulation of lipid catabolic process (GO:0050995),1/18,0.34713812764048363,2.45811809952386,2.6007688771609705,MFSD2A,1.0
GO_Biological_Process_2021,negative regulation of leukocyte cell-cell adhesion (GO:1903038),1/18,0.34713812764048363,2.45811809952386,2.6007688771609705,LAPTM5,1.0
GO_Biological_Process_2021,negative regulation of signal transduction by p53 class mediator (GO:1901797),1/18,0.34713812764048363,2.45811809952386,2.6007688771609705,KDM1A,1.0
GO_Biological_Process_2021,rRNA catabolic process (GO:0016075),1/18,0.34713812764048363,2.45811809952386,2.6007688771609705,EXOSC10,1.0
GO_Biological_Process_2021,positive regulation of cardiac muscle hypertrophy (GO:0010613),1/18,0.34713812764048363,2.45811809952386,2.6007688771609705,SLC9A1,1.0
GO_Biological_Process_2021,amyloid precursor protein metabolic process (GO:0042982),1/18,0.34713812764048363,2.45811809952386,2.6007688771609705,LDLRAP1,1.0
GO_Biological_Process_2021,regulation of brown fat cell differentiation (GO:0090335),1/18,0.34713812764048363,2.45811809952386,2.6007688771609705,FNDC5,1.0
GO_Biological_Process_2021,water transport (GO:0006833),1/18,0.34713812764048363,2.45811809952386,2.6007688771609705,PDPN,1.0
GO_Biological_Process_2021,regulation of fatty acid metabolic process (GO:0019217),1/18,0.34713812764048363,2.45811809952386,2.6007688771609705,FABP3,1.0
GO_Biological_Process_2021,regulation of delayed rectifier potassium channel activity (GO:1902259),1/18,0.34713812764048363,2.45811809952386,2.6007688771609705,RNF207,1.0
GO_Biological_Process_2021,3'-UTR-mediated mRNA stabilization (GO:0070935),1/18,0.34713812764048363,2.45811809952386,2.6007688771609705,TARDBP,1.0
GO_Biological_Process_2021,regulation of production of miRNAs involved in gene silencing by miRNA (GO:1903798),1/18,0.34713812764048363,2.45811809952386,2.6007688771609705,ZC3H12A,1.0
GO_Biological_Process_2021,mitochondrial fusion (GO:0008053),1/18,0.34713812764048363,2.45811809952386,2.6007688771609705,MFN2,1.0
GO_Biological_Process_2021,long-chain fatty-acyl-CoA biosynthetic process (GO:0035338),1/18,0.34713812764048363,2.45811809952386,2.6007688771609705,ELOVL1,1.0
GO_Biological_Process_2021,"alternative mRNA splicing, via spliceosome (GO:0000380)",1/18,0.34713812764048363,2.45811809952386,2.6007688771609705,SFPQ,1.0
GO_Biological_Process_2021,positive regulation of nervous system process (GO:0031646),1/18,0.34713812764048363,2.45811809952386,2.6007688771609705,TNFRSF1B,1.0
GO_Biological_Process_2021,hyaluronan catabolic process (GO:0030214),1/18,0.34713812764048363,2.45811809952386,2.6007688771609705,SLC9A1,1.0
GO_Biological_Process_2021,regulation of oxidative stress-induced intrinsic apoptotic signaling pathway (GO:1902175),1/18,0.34713812764048363,2.45811809952386,2.6007688771609705,SFPQ,1.0
GO_Biological_Process_2021,cellular response to pH (GO:0071467),1/18,0.34713812764048363,2.45811809952386,2.6007688771609705,SLC9A1,1.0
GO_Biological_Process_2021,regulation of chromosome segregation (GO:0051983),1/18,0.34713812764048363,2.45811809952386,2.6007688771609705,PUM1,1.0
GO_Biological_Process_2021,cellular response to dsRNA (GO:0071359),1/18,0.34713812764048363,2.45811809952386,2.6007688771609705,MUL1,1.0
GO_Biological_Process_2021,SRP-dependent cotranslational protein targeting to membrane (GO:0006614),3/90,0.35236780712698423,1.4419725318374468,1.5040923369245214,RPL11;RPL22;RPS8,1.0
GO_Biological_Process_2021,negative regulation of translation (GO:0017148),3/90,0.35236780712698423,1.4419725318374468,1.5040923369245214,PUM1;YBX1;YTHDF2,1.0
GO_Biological_Process_2021,positive regulation of B cell activation (GO:0050871),2/53,0.35296793769143664,1.6394007903688292,1.7072360051996145,EPHB2;MAD2L2,1.0
GO_Biological_Process_2021,negative regulation of cysteine-type endopeptidase activity (GO:2000117),2/53,0.35296793769143664,1.6394007903688292,1.7072360051996145,IFI6;RPS6KA1,1.0
GO_Biological_Process_2021,regulation of protein kinase B signaling (GO:0051896),6/207,0.35615251419242955,1.2490146405362859,1.2894780051288044,EPHA2;MUL1;OTUD3;PARK7;PIK3CD;PINK1,1.0
GO_Biological_Process_2021,proteolysis (GO:0006508),8/287,0.3581772230770296,1.2001246433820496,1.2322008290251973,DDI2;ECE1;FBXO2;FBXO6;MMP23B;SVBP;TINAGL1;ZMPSTE24,1.0
GO_Biological_Process_2021,regulation of stem cell differentiation (GO:2000736),3/91,0.358770249898111,1.4255131665578793,1.4612551548217758,PSMB2;TP73;YTHDF2,1.0
GO_Biological_Process_2021,regulation of proteolysis (GO:0030162),2/54,0.3614527057573114,1.607791316604016,1.6361271492984337,AURKAIP1;CAMK2N1,1.0
GO_Biological_Process_2021,regulation of potassium ion transmembrane transport (GO:1901379),2/54,0.3614527057573114,1.607791316604016,1.6361271492984337,GNB1;KCNAB2,1.0
GO_Biological_Process_2021,"regulation of alternative mRNA splicing, via spliceosome (GO:0000381)",2/54,0.3614527057573114,1.607791316604016,1.6361271492984337,KHDRBS1;THRAP3,1.0
GO_Biological_Process_2021,protein glycosylation (GO:0006486),4/130,0.36229167616795577,1.3277230153097461,1.3480446874651486,DDOST;MAN1C1;PLOD1;ST3GAL3,1.0
GO_Biological_Process_2021,regulation of response to external stimulus (GO:0032101),4/130,0.36229167616795577,1.3277230153097461,1.3480446874651486,EPHB2;FGR;PARK7;ZMPSTE24,1.0
GO_Biological_Process_2021,establishment or maintenance of apical/basal cell polarity (GO:0035088),1/19,0.36242885711021905,2.3214370202404635,2.356089296811217,CLIC4,1.0
GO_Biological_Process_2021,aspartate family amino acid metabolic process (GO:0009066),1/19,0.36242885711021905,2.3214370202404635,2.356089296811217,MTHFR,1.0
GO_Biological_Process_2021,positive regulation of focal adhesion assembly (GO:0051894),1/19,0.36242885711021905,2.3214370202404635,2.356089296811217,COL16A1,1.0
GO_Biological_Process_2021,endocardial cushion morphogenesis (GO:0003203),1/19,0.36242885711021905,2.3214370202404635,2.356089296811217,HEYL,1.0
GO_Biological_Process_2021,DNA alkylation (GO:0006305),1/19,0.36242885711021905,2.3214370202404635,2.356089296811217,DMAP1,1.0
GO_Biological_Process_2021,positive regulation of triglyceride metabolic process (GO:0090208),1/19,0.36242885711021905,2.3214370202404635,2.356089296811217,MFSD2A,1.0
GO_Biological_Process_2021,regulation of histone H3-K4 methylation (GO:0051569),1/19,0.36242885711021905,2.3214370202404635,2.356089296811217,KDM1A,1.0
GO_Biological_Process_2021,negative regulation of RNA metabolic process (GO:0051253),1/19,0.36242885711021905,2.3214370202404635,2.356089296811217,ZC3H12A,1.0
GO_Biological_Process_2021,positive regulation of actin cytoskeleton reorganization (GO:2000251),1/19,0.36242885711021905,2.3214370202404635,2.356089296811217,CDC42,1.0
GO_Biological_Process_2021,neural crest cell differentiation (GO:0014033),1/19,0.36242885711021905,2.3214370202404635,2.356089296811217,PEF1,1.0
GO_Biological_Process_2021,nuclear membrane organization (GO:0071763),1/19,0.36242885711021905,2.3214370202404635,2.356089296811217,TARDBP,1.0
GO_Biological_Process_2021,NLS-bearing protein import into nucleus (GO:0006607),1/19,0.36242885711021905,2.3214370202404635,2.356089296811217,KPNA6,1.0
GO_Biological_Process_2021,regulation of exosomal secretion (GO:1903541),1/19,0.36242885711021905,2.3214370202404635,2.356089296811217,ATP13A2,1.0
GO_Biological_Process_2021,positive regulation of cellular protein catabolic process (GO:1903364),1/19,0.36242885711021905,2.3214370202404635,2.356089296811217,ATP5IF1,1.0
GO_Biological_Process_2021,DNA methylation or demethylation (GO:0044728),1/19,0.36242885711021905,2.3214370202404635,2.356089296811217,DMAP1,1.0
GO_Biological_Process_2021,negative regulation of striated muscle cell differentiation (GO:0051154),1/19,0.36242885711021905,2.3214370202404635,2.356089296811217,HDAC1,1.0
GO_Biological_Process_2021,negative regulation of T cell receptor signaling pathway (GO:0050860),1/19,0.36242885711021905,2.3214370202404635,2.356089296811217,LAPTM5,1.0
GO_Biological_Process_2021,regulation of oligodendrocyte differentiation (GO:0048713),1/19,0.36242885711021905,2.3214370202404635,2.356089296811217,TNFRSF1B,1.0
GO_Biological_Process_2021,histone H4-K16 acetylation (GO:0043984),1/19,0.36242885711021905,2.3214370202404635,2.356089296811217,MEAF6,1.0
GO_Biological_Process_2021,prostaglandin biosynthetic process (GO:0001516),1/19,0.36242885711021905,2.3214370202404635,2.356089296811217,PRXL2B,1.0
GO_Biological_Process_2021,maintenance of protein localization in organelle (GO:0072595),1/19,0.36242885711021905,2.3214370202404635,2.356089296811217,PINK1,1.0
GO_Biological_Process_2021,positive regulation of macrophage migration (GO:1905523),1/19,0.36242885711021905,2.3214370202404635,2.356089296811217,AKIRIN1,1.0
GO_Biological_Process_2021,regulation of synaptic vesicle exocytosis (GO:2000300),1/19,0.36242885711021905,2.3214370202404635,2.356089296811217,RIMS3,1.0
GO_Biological_Process_2021,glycerolipid catabolic process (GO:0046503),1/19,0.36242885711021905,2.3214370202404635,2.356089296811217,LYPLA2,1.0
GO_Biological_Process_2021,positive regulation of oxidoreductase activity (GO:0051353),1/19,0.36242885711021905,2.3214370202404635,2.356089296811217,PARK7,1.0
GO_Biological_Process_2021,actin filament capping (GO:0051693),1/19,0.36242885711021905,2.3214370202404635,2.356089296811217,CAPZB,1.0
GO_Biological_Process_2021,barbed-end actin filament capping (GO:0051016),1/19,0.36242885711021905,2.3214370202404635,2.356089296811217,CAPZB,1.0
GO_Biological_Process_2021,regulation of T cell cytokine production (GO:0002724),1/19,0.36242885711021905,2.3214370202404635,2.356089296811217,TNFRSF1B,1.0
GO_Biological_Process_2021,striated muscle cell differentiation (GO:0051146),1/19,0.36242885711021905,2.3214370202404635,2.356089296811217,SKI,1.0
GO_Biological_Process_2021,regulation of mitochondrial membrane permeability (GO:0046902),1/19,0.36242885711021905,2.3214370202404635,2.356089296811217,MUL1,1.0
GO_Biological_Process_2021,negative regulation of cytokine production involved in inflammatory response (GO:1900016),1/19,0.36242885711021905,2.3214370202404635,2.356089296811217,ZC3H12A,1.0
GO_Biological_Process_2021,regulation of lymphocyte proliferation (GO:0050670),1/19,0.36242885711021905,2.3214370202404635,2.356089296811217,TNFRSF1B,1.0
GO_Biological_Process_2021,fatty acid transmembrane transport (GO:1902001),1/19,0.36242885711021905,2.3214370202404635,2.356089296811217,SLC2A1,1.0
GO_Biological_Process_2021,regulation of neuroinflammatory response (GO:0150077),1/19,0.36242885711021905,2.3214370202404635,2.356089296811217,TNFRSF1B,1.0
GO_Biological_Process_2021,atrioventricular valve morphogenesis (GO:0003181),1/19,0.36242885711021905,2.3214370202404635,2.356089296811217,HEYL,1.0
GO_Biological_Process_2021,regulation of nervous system process (GO:0031644),1/19,0.36242885711021905,2.3214370202404635,2.356089296811217,DLGAP3,1.0
GO_Biological_Process_2021,N-glycan processing (GO:0006491),1/19,0.36242885711021905,2.3214370202404635,2.356089296811217,MAN1C1,1.0
GO_Biological_Process_2021,folic acid metabolic process (GO:0046655),1/19,0.36242885711021905,2.3214370202404635,2.356089296811217,MTHFR,1.0
GO_Biological_Process_2021,cellular protein modification process (GO:0006464),26/1025,0.36378499465472536,1.0912677142260712,1.1034814660905283,CDK11A;CDK11B;DDOST;FBXO2;FBXO44;FBXO6;FGR;ICMT;ISG15;KLHL21;MAP3K6;MTOR;P3H1;PARK7;PIK3CD;PINK1;PRKCZ;PSMB2;PTP4A2;PTPRF;PTPRU;SPSB1;ST3GAL3;TESK2;VWA1;WDTC1,1.0
GO_Biological_Process_2021,regulation of endothelial cell proliferation (GO:0001936),3/92,0.3651636702127921,1.409423674655381,1.4198669605602916,ATP5IF1;PIK3CD;TIE1,1.0
GO_Biological_Process_2021,regulation of lipid metabolic process (GO:0019216),3/92,0.3651636702127921,1.409423674655381,1.4198669605602916,DISP3;NFYC;ZFP69,1.0
GO_Biological_Process_2021,T cell activation (GO:0042110),3/92,0.3651636702127921,1.409423674655381,1.4198669605602916,CTPS1;DDOST;PIK3CD,1.0
GO_Biological_Process_2021,regulation of posttranscriptional gene silencing (GO:0060147),2/55,0.3698955932742246,1.5773746531699506,1.5687535017566785,AGO1;PUM1,1.0
GO_Biological_Process_2021,regulation of gene silencing by RNA (GO:0060966),2/55,0.3698955932742246,1.5773746531699506,1.5687535017566785,AGO1;PUM1,1.0
GO_Biological_Process_2021,positive regulation of I-kappaB kinase/NF-kappaB signaling (GO:0043123),5/171,0.37141084100734545,1.2598558114788228,1.247819704547441,MIB2;MUL1;PINK1;PLEKHG5;TRIM62,1.0
GO_Biological_Process_2021,positive regulation of peptidyl-serine phosphorylation (GO:0033138),3/93,0.37154651404352845,1.3936917270173823,1.3798680006825497,MAD2L2;PARK7;PINK1,1.0
GO_Biological_Process_2021,mesoderm development (GO:0007498),1/20,0.3773622085376961,2.1991434229868982,2.143174755381866,TIE1,1.0
GO_Biological_Process_2021,regulation of protein localization to cell periphery (GO:1904375),1/20,0.3773622085376961,2.1991434229868982,2.143174755381866,LDLRAP1,1.0
GO_Biological_Process_2021,maintenance of protein location in nucleus (GO:0051457),1/20,0.3773622085376961,2.1991434229868982,2.143174755381866,PARK7,1.0
GO_Biological_Process_2021,cardiac epithelial to mesenchymal transition (GO:0060317),1/20,0.3773622085376961,2.1991434229868982,2.143174755381866,HEYL,1.0
GO_Biological_Process_2021,protein-DNA complex disassembly (GO:0032986),1/20,0.3773622085376961,2.1991434229868982,2.143174755381866,ARID1A,1.0
GO_Biological_Process_2021,cardiac ventricle development (GO:0003231),1/20,0.3773622085376961,2.1991434229868982,2.143174755381866,HEYL,1.0
GO_Biological_Process_2021,establishment of epithelial cell polarity (GO:0090162),1/20,0.3773622085376961,2.1991434229868982,2.143174755381866,CDC42,1.0
GO_Biological_Process_2021,negative regulation of telomere maintenance via telomerase (GO:0032211),1/20,0.3773622085376961,2.1991434229868982,2.143174755381866,EXOSC10,1.0
GO_Biological_Process_2021,regulation of granulocyte chemotaxis (GO:0071622),1/20,0.3773622085376961,2.1991434229868982,2.143174755381866,AKIRIN1,1.0
GO_Biological_Process_2021,cellular monovalent inorganic cation homeostasis (GO:0030004),1/20,0.3773622085376961,2.1991434229868982,2.143174755381866,SLC9A1,1.0
GO_Biological_Process_2021,eye morphogenesis (GO:0048592),1/20,0.3773622085376961,2.1991434229868982,2.143174755381866,SKI,1.0
GO_Biological_Process_2021,cellular response to nitrogen compound (GO:1901699),1/20,0.3773622085376961,2.1991434229868982,2.143174755381866,DDI2,1.0
GO_Biological_Process_2021,neuromuscular synaptic transmission (GO:0007274),1/20,0.3773622085376961,2.1991434229868982,2.143174755381866,KIF1B,1.0
GO_Biological_Process_2021,oligodendrocyte differentiation (GO:0048709),1/20,0.3773622085376961,2.1991434229868982,2.143174755381866,EIF2B3,1.0
GO_Biological_Process_2021,insulin secretion (GO:0030073),1/20,0.3773622085376961,2.1991434229868982,2.143174755381866,PARK7,1.0
GO_Biological_Process_2021,inositol phosphate-mediated signaling (GO:0048016),1/20,0.3773622085376961,2.1991434229868982,2.143174755381866,ADGRB2,1.0
GO_Biological_Process_2021,regulation of protein modification by small protein conjugation or removal (GO:1903320),1/20,0.3773622085376961,2.1991434229868982,2.143174755381866,PINK1,1.0
GO_Biological_Process_2021,negative regulation of dephosphorylation (GO:0035305),1/20,0.3773622085376961,2.1991434229868982,2.143174755381866,PPP1R8,1.0
GO_Biological_Process_2021,"base-excision repair, AP site formation (GO:0006285)",1/20,0.3773622085376961,2.1991434229868982,2.143174755381866,MUTYH,1.0
GO_Biological_Process_2021,protein targeting to lysosome (GO:0006622),1/20,0.3773622085376961,2.1991434229868982,2.143174755381866,LAPTM5,1.0
GO_Biological_Process_2021,positive regulation of protein processing (GO:0010954),1/20,0.3773622085376961,2.1991434229868982,2.143174755381866,ENO1,1.0
GO_Biological_Process_2021,folic acid-containing compound metabolic process (GO:0006760),1/20,0.3773622085376961,2.1991434229868982,2.143174755381866,MTHFR,1.0
GO_Biological_Process_2021,natural killer cell mediated immunity (GO:0002228),1/20,0.3773622085376961,2.1991434229868982,2.143174755381866,PLEKHM2,1.0
GO_Biological_Process_2021,modulation by symbiont of entry into host (GO:0052372),1/20,0.3773622085376961,2.1991434229868982,2.143174755381866,TRIM62,1.0
GO_Biological_Process_2021,regulation of T cell migration (GO:2000404),1/20,0.3773622085376961,2.1991434229868982,2.143174755381866,TNFRSF14,1.0
GO_Biological_Process_2021,regulation of nuclear division (GO:0051783),1/20,0.3773622085376961,2.1991434229868982,2.143174755381866,RCC1,1.0
GO_Biological_Process_2021,positive regulation of G2/M transition of mitotic cell cycle (GO:0010971),1/20,0.3773622085376961,2.1991434229868982,2.143174755381866,RCC2,1.0
GO_Biological_Process_2021,positive regulation of epidermal cell differentiation (GO:0045606),1/20,0.3773622085376961,2.1991434229868982,2.143174755381866,KDF1,1.0
GO_Biological_Process_2021,positive regulation of epithelial cell differentiation (GO:0030858),1/20,0.3773622085376961,2.1991434229868982,2.143174755381866,KDF1,1.0
GO_Biological_Process_2021,cotranslational protein targeting to membrane (GO:0006613),3/94,0.37791726894802025,1.378305536470329,1.3412015135718853,RPL11;RPL22;RPS8,1.0
GO_Biological_Process_2021,positive regulation of epithelial cell migration (GO:0010634),3/94,0.37791726894802025,1.378305536470329,1.3412015135718853,MTOR;PIK3CD;ZC3H12A,1.0
GO_Biological_Process_2021,defense response to virus (GO:0051607),4/133,0.37824340789940314,1.2966452547334875,1.2606210190987805,ATAD3A;IFI6;IFNLR1;ISG15,1.0
GO_Biological_Process_2021,regulation of cell adhesion (GO:0030155),4/133,0.37824340789940314,1.2966452547334875,1.2606210190987805,EPHA2;EPHB2;TNFRSF18;YTHDF2,1.0
GO_Biological_Process_2021,peptidyl-tyrosine modification (GO:0018212),2/56,0.3782939158156652,1.5480845328260353,1.504867942505133,EPHB2;FGR,1.0
GO_Biological_Process_2021,autophagosome organization (GO:1905037),2/56,0.3782939158156652,1.5480845328260353,1.504867942505133,ATP13A2;STX12,1.0
GO_Biological_Process_2021,telomere maintenance (GO:0000723),2/56,0.3782939158156652,1.5480845328260353,1.504867942505133,RPA2;ZBTB48,1.0
GO_Biological_Process_2021,regulation of canonical Wnt signaling pathway (GO:0060828),7/253,0.380612444563592,1.1904308161961465,1.1499247737257643,DVL1;HDAC1;MAD2L2;NPHP4;PSMB2;PTPRU;RNF220,1.0
GO_Biological_Process_2021,"positive regulation of gene expression, epigenetic (GO:0045815)",2/57,0.38664513694563074,1.5198595077673536,1.4442434049696287,ARID1A;PADI2,1.0
GO_Biological_Process_2021,regulation of mitotic nuclear division (GO:0007088),2/57,0.38664513694563074,1.5198595077673536,1.4442434049696287,AURKAIP1;RCC1,1.0
GO_Biological_Process_2021,carboxylic acid transport (GO:0046942),2/57,0.38664513694563074,1.5198595077673536,1.4442434049696287,SLC66A1;SLC6A9,1.0
GO_Biological_Process_2021,translational termination (GO:0006415),3/96,0.39061666857725613,1.3485258128308706,1.267652814585741,AURKAIP1;MRPL20;MRPS15,1.0
GO_Biological_Process_2021,positive regulation of transcription from RNA polymerase II promoter involved in cellular response to chemical stimulus (GO:1901522),1/21,0.39194651716654283,2.08907918545869,1.9566939957687042,SESN2,1.0
GO_Biological_Process_2021,autonomic nervous system development (GO:0048483),1/21,0.39194651716654283,2.08907918545869,1.9566939957687042,PHACTR4,1.0
GO_Biological_Process_2021,intrinsic apoptotic signaling pathway in response to DNA damage by p53 class mediator (GO:0042771),1/21,0.39194651716654283,2.08907918545869,1.9566939957687042,TP73,1.0
GO_Biological_Process_2021,intracellular lipid transport (GO:0032365),1/21,0.39194651716654283,2.08907918545869,1.9566939957687042,FABP3,1.0
GO_Biological_Process_2021,hydrogen peroxide catabolic process (GO:0042744),1/21,0.39194651716654283,2.08907918545869,1.9566939957687042,PRDX1,1.0
GO_Biological_Process_2021,"nucleotide-excision repair, preincision complex stabilization (GO:0006293)",1/21,0.39194651716654283,2.08907918545869,1.9566939957687042,RPA2,1.0
GO_Biological_Process_2021,retinol metabolic process (GO:0042572),1/21,0.39194651716654283,2.08907918545869,1.9566939957687042,DHRS3,1.0
GO_Biological_Process_2021,cobalamin metabolic process (GO:0009235),1/21,0.39194651716654283,2.08907918545869,1.9566939957687042,MMACHC,1.0
GO_Biological_Process_2021,sterol transport (GO:0015918),1/21,0.39194651716654283,2.08907918545869,1.9566939957687042,LDLRAP1,1.0
GO_Biological_Process_2021,spindle assembly checkpoint signaling (GO:0071173),1/21,0.39194651716654283,2.08907918545869,1.9566939957687042,MAD2L2,1.0
GO_Biological_Process_2021,anterior/posterior axis specification (GO:0009948),1/21,0.39194651716654283,2.08907918545869,1.9566939957687042,SKI,1.0
GO_Biological_Process_2021,regulation of cardiac muscle cell proliferation (GO:0060043),1/21,0.39194651716654283,2.08907918545869,1.9566939957687042,TP73,1.0
GO_Biological_Process_2021,regulation of cardiac muscle contraction by calcium ion signaling (GO:0010882),1/21,0.39194651716654283,2.08907918545869,1.9566939957687042,SLC9A1,1.0
GO_Biological_Process_2021,regulation of cholesterol metabolic process (GO:0090181),1/21,0.39194651716654283,2.08907918545869,1.9566939957687042,LDLRAP1,1.0
GO_Biological_Process_2021,vacuolar acidification (GO:0007035),1/21,0.39194651716654283,2.08907918545869,1.9566939957687042,PPT1,1.0
GO_Biological_Process_2021,NAD biosynthetic process (GO:0009435),1/21,0.39194651716654283,2.08907918545869,1.9566939957687042,NMNAT1,1.0
GO_Biological_Process_2021,endocardial cushion development (GO:0003197),1/21,0.39194651716654283,2.08907918545869,1.9566939957687042,HEYL,1.0
GO_Biological_Process_2021,extrinsic apoptotic signaling pathway in absence of ligand (GO:0097192),1/21,0.39194651716654283,2.08907918545869,1.9566939957687042,CASP9,1.0
GO_Biological_Process_2021,"nucleotide-excision repair, DNA incision, 3'-to lesion (GO:0006295)",1/21,0.39194651716654283,2.08907918545869,1.9566939957687042,RPA2,1.0
GO_Biological_Process_2021,cellular response to inorganic substance (GO:0071241),1/21,0.39194651716654283,2.08907918545869,1.9566939957687042,DDI2,1.0
GO_Biological_Process_2021,positive regulation of T cell cytokine production (GO:0002726),1/21,0.39194651716654283,2.08907918545869,1.9566939957687042,PRKCZ,1.0
GO_Biological_Process_2021,positive regulation of transcription regulatory region DNA binding (GO:2000679),1/21,0.39194651716654283,2.08907918545869,1.9566939957687042,PARK7,1.0
GO_Biological_Process_2021,stress granule assembly (GO:0034063),1/21,0.39194651716654283,2.08907918545869,1.9566939957687042,YTHDF2,1.0
GO_Biological_Process_2021,regulation of transcription by RNA polymerase III (GO:0006359),1/21,0.39194651716654283,2.08907918545869,1.9566939957687042,MTOR,1.0
GO_Biological_Process_2021,beta-catenin destruction complex disassembly (GO:1904886),1/21,0.39194651716654283,2.08907918545869,1.9566939957687042,DVL1,1.0
GO_Biological_Process_2021,myotube differentiation (GO:0014902),1/21,0.39194651716654283,2.08907918545869,1.9566939957687042,SKI,1.0
GO_Biological_Process_2021,mitotic spindle checkpoint signaling (GO:0071174),1/21,0.39194651716654283,2.08907918545869,1.9566939957687042,MAD2L2,1.0
GO_Biological_Process_2021,positive regulation of phosphatase activity (GO:0010922),1/21,0.39194651716654283,2.08907918545869,1.9566939957687042,MTOR,1.0
GO_Biological_Process_2021,linoleic acid metabolic process (GO:0043651),1/21,0.39194651716654283,2.08907918545869,1.9566939957687042,ELOVL1,1.0
GO_Biological_Process_2021,long-term synaptic potentiation (GO:0060291),1/21,0.39194651716654283,2.08907918545869,1.9566939957687042,PRKCZ,1.0
GO_Biological_Process_2021,positive regulation of lipid storage (GO:0010884),1/21,0.39194651716654283,2.08907918545869,1.9566939957687042,ZC3H12A,1.0
GO_Biological_Process_2021,mitotic spindle assembly checkpoint signaling (GO:0007094),1/21,0.39194651716654283,2.08907918545869,1.9566939957687042,MAD2L2,1.0
GO_Biological_Process_2021,extracellular structure organization (GO:0043062),6/216,0.3937176865671857,1.1949288553973345,1.1138184685054113,AGRN;COL16A1;COL8A2;COL9A2;HSPG2;MMP23B,1.0
GO_Biological_Process_2021,positive regulation of protein binding (GO:0032092),2/58,0.3949468627884394,1.4926425193179105,1.3866709422400718,EPB41;RPL11,1.0
GO_Biological_Process_2021,autophagosome assembly (GO:0000045),2/58,0.3949468627884394,1.4926425193179105,1.3866709422400718,MFN2;STX12,1.0
GO_Biological_Process_2021,positive regulation of mitotic cell cycle phase transition (GO:1901992),2/58,0.3949468627884394,1.4926425193179105,1.3866709422400718,LSM10;RCC2,1.0
GO_Biological_Process_2021,negative regulation of hydrolase activity (GO:0051346),2/58,0.3949468627884394,1.4926425193179105,1.3866709422400718,ATP5IF1;RCC2,1.0
GO_Biological_Process_2021,external encapsulating structure organization (GO:0045229),6/217,0.3978935383168413,1.189204135643291,1.0959358080111636,AGRN;COL16A1;COL8A2;COL9A2;HSPG2;MMP23B,1.0
GO_Biological_Process_2021,positive regulation of developmental process (GO:0051094),5/177,0.3992664323024788,1.2155306388980776,1.116010690336697,DVL1;MAD2L2;MUL1;PINK1;RPS6KA1,1.0
GO_Biological_Process_2021,phospholipid transport (GO:0015914),2/59,0.4031968367707456,1.4663805129193248,1.3319580089474388,CPTP;MFSD2A,1.0
GO_Biological_Process_2021,regulation of secretion by cell (GO:1903530),2/59,0.4031968367707456,1.4663805129193248,1.3319580089474388,P3H1;VAMP3,1.0
GO_Biological_Process_2021,regulation of neuron apoptotic process (GO:0043523),3/98,0.40325059085223575,1.319999972292021,1.1988201425486753,PARK7;PINK1;PPT1,1.0
GO_Biological_Process_2021,regulation of peptidyl-serine phosphorylation (GO:0033135),3/98,0.40325059085223575,1.319999972292021,1.1988201425486753,MAD2L2;PARK7;PINK1,1.0
GO_Biological_Process_2021,regulation of mitotic cell cycle (GO:0007346),5/178,0.4039000669970538,1.2084420274834304,1.0955587876887771,CDK11A;CDK11B;PSMB2;RCC1;TP73,1.0
GO_Biological_Process_2021,extracellular matrix organization (GO:0030198),8/300,0.40428812348228654,1.1459201662739216,1.037776790486496,AGRN;COL16A1;COL8A2;COL9A2;HSPG2;MMP23B;P3H1;PLOD1,1.0
GO_Biological_Process_2021,positive regulation of peptidase activity (GO:0010952),1/22,0.40618992424227507,1.9894972562665014,1.7924065866310228,PINK1,1.0
GO_Biological_Process_2021,protein import into peroxisome membrane (GO:0045046),1/22,0.40618992424227507,1.9894972562665014,1.7924065866310228,PEX14,1.0
GO_Biological_Process_2021,proteasomal ubiquitin-independent protein catabolic process (GO:0010499),1/22,0.40618992424227507,1.9894972562665014,1.7924065866310228,PSMB2,1.0
GO_Biological_Process_2021,osteoclast differentiation (GO:0030316),1/22,0.40618992424227507,1.9894972562665014,1.7924065866310228,EPHA2,1.0
GO_Biological_Process_2021,positive regulation of axon extension (GO:0045773),1/22,0.40618992424227507,1.9894972562665014,1.7924065866310228,MACF1,1.0
GO_Biological_Process_2021,positive regulation of calcium ion transmembrane transporter activity (GO:1901021),1/22,0.40618992424227507,1.9894972562665014,1.7924065866310228,SLC9A1,1.0
GO_Biological_Process_2021,regulation of adenylate cyclase activity (GO:0045761),1/22,0.40618992424227507,1.9894972562665014,1.7924065866310228,CAP1,1.0
GO_Biological_Process_2021,negative regulation of lymphocyte activation (GO:0051250),1/22,0.40618992424227507,1.9894972562665014,1.7924065866310228,LAPTM5,1.0
GO_Biological_Process_2021,negative regulation of mitotic metaphase/anaphase transition (GO:0045841),1/22,0.40618992424227507,1.9894972562665014,1.7924065866310228,MAD2L2,1.0
GO_Biological_Process_2021,negative regulation of interleukin-2 production (GO:0032703),1/22,0.40618992424227507,1.9894972562665014,1.7924065866310228,LAPTM5,1.0
GO_Biological_Process_2021,negative regulation of lipid biosynthetic process (GO:0051055),1/22,0.40618992424227507,1.9894972562665014,1.7924065866310228,WDTC1,1.0
GO_Biological_Process_2021,negative regulation of protein dephosphorylation (GO:0035308),1/22,0.40618992424227507,1.9894972562665014,1.7924065866310228,PPP1R8,1.0
GO_Biological_Process_2021,negative regulation of small molecule metabolic process (GO:0062014),1/22,0.40618992424227507,1.9894972562665014,1.7924065866310228,C1QTNF12,1.0
GO_Biological_Process_2021,regulation of endoplasmic reticulum stress-induced intrinsic apoptotic signaling pathway (GO:1902235),1/22,0.40618992424227507,1.9894972562665014,1.7924065866310228,PARK7,1.0
GO_Biological_Process_2021,organelle fusion (GO:0048284),1/22,0.40618992424227507,1.9894972562665014,1.7924065866310228,MFN2,1.0
GO_Biological_Process_2021,natural killer cell mediated cytotoxicity (GO:0042267),1/22,0.40618992424227507,1.9894972562665014,1.7924065866310228,PLEKHM2,1.0
GO_Biological_Process_2021,limb morphogenesis (GO:0035108),1/22,0.40618992424227507,1.9894972562665014,1.7924065866310228,SKI,1.0
GO_Biological_Process_2021,glutathione derivative metabolic process (GO:1901685),1/22,0.40618992424227507,1.9894972562665014,1.7924065866310228,AKR1A1,1.0
GO_Biological_Process_2021,glutathione derivative biosynthetic process (GO:1901687),1/22,0.40618992424227507,1.9894972562665014,1.7924065866310228,AKR1A1,1.0
GO_Biological_Process_2021,error-free translesion synthesis (GO:0070987),1/22,0.40618992424227507,1.9894972562665014,1.7924065866310228,RPA2,1.0
GO_Biological_Process_2021,regulation of viral release from host cell (GO:1902186),1/22,0.40618992424227507,1.9894972562665014,1.7924065866310228,TRIM62,1.0
GO_Biological_Process_2021,fatty-acyl-CoA metabolic process (GO:0035337),1/22,0.40618992424227507,1.9894972562665014,1.7924065866310228,PPT1,1.0
GO_Biological_Process_2021,regulation of vacuole organization (GO:0044088),1/22,0.40618992424227507,1.9894972562665014,1.7924065866310228,ENO1,1.0
GO_Biological_Process_2021,regulation of membrane protein ectodomain proteolysis (GO:0051043),1/22,0.40618992424227507,1.9894972562665014,1.7924065866310228,TNFRSF1B,1.0
GO_Biological_Process_2021,microglial cell activation (GO:0001774),1/22,0.40618992424227507,1.9894972562665014,1.7924065866310228,C1QA,1.0
GO_Biological_Process_2021,membrane lipid metabolic process (GO:0006643),1/22,0.40618992424227507,1.9894972562665014,1.7924065866310228,SMPDL3B,1.0
GO_Biological_Process_2021,negative regulation of B cell activation (GO:0050869),1/22,0.40618992424227507,1.9894972562665014,1.7924065866310228,LAPTM5,1.0
GO_Biological_Process_2021,regulation of lipid storage (GO:0010883),1/22,0.40618992424227507,1.9894972562665014,1.7924065866310228,ZC3H12A,1.0
GO_Biological_Process_2021,negative regulation of cyclin-dependent protein kinase activity (GO:1904030),1/22,0.40618992424227507,1.9894972562665014,1.7924065866310228,CAMK2N1,1.0
GO_Biological_Process_2021,regulation of macrophage chemotaxis (GO:0010758),1/22,0.40618992424227507,1.9894972562665014,1.7924065866310228,AKIRIN1,1.0
GO_Biological_Process_2021,tetrapyrrole metabolic process (GO:0033013),1/22,0.40618992424227507,1.9894972562665014,1.7924065866310228,MMACHC,1.0
GO_Biological_Process_2021,cell projection assembly (GO:0030031),1/22,0.40618992424227507,1.9894972562665014,1.7924065866310228,CDC42,1.0
GO_Biological_Process_2021,protein dephosphorylation (GO:0006470),4/139,0.4100055918735738,1.2386334349911376,1.104346347865619,EYA3;PTPRF;PTPRU;SSU72,1.0
GO_Biological_Process_2021,Notch signaling pathway (GO:0007219),2/60,0.4113929345307052,1.441024092948277,1.279926931600249,HEYL;YBX1,1.0
GO_Biological_Process_2021,response to organic cyclic compound (GO:0014070),2/60,0.4113929345307052,1.441024092948277,1.279926931600249,ALPL;PAQR7,1.0
GO_Biological_Process_2021,positive regulation of cellular biosynthetic process (GO:0031328),5/180,0.4131541417036222,1.1945078427597813,1.0558667299903175,FABP3;MFSD2A;MTOR;PARK7;SLC6A9,1.0
GO_Biological_Process_2021,neuron projection morphogenesis (GO:0048812),4/140,0.4152706696019664,1.229462448781869,1.080482035877623,CDC42;DVL1;EPHB2;NBL1,1.0
GO_Biological_Process_2021,positive regulation of translation (GO:0045727),3/100,0.4158084036250449,1.2926504550743614,1.1343404496792098,KHDRBS1;MTOR;YTHDF2,1.0
GO_Biological_Process_2021,protein lipidation (GO:0006497),2/61,0.41953315898937604,1.4165272126372643,1.2304135439661599,PIGV;ZDHHC18,1.0
GO_Biological_Process_2021,positive regulation of cell cycle G2/M phase transition (GO:1902751),1/23,0.4201003815180092,1.8989682297281476,1.646902211300518,RCC2,1.0
GO_Biological_Process_2021,peptidyl-S-diacylglycerol-L-cysteine biosynthetic process from peptidyl-cysteine (GO:0018231),1/23,0.4201003815180092,1.8989682297281476,1.646902211300518,ZDHHC18,1.0
GO_Biological_Process_2021,positive regulation of mRNA processing (GO:0050685),1/23,0.4201003815180092,1.8989682297281476,1.646902211300518,THRAP3,1.0
GO_Biological_Process_2021,positive regulation of morphogenesis of an epithelium (GO:1905332),1/23,0.4201003815180092,1.8989682297281476,1.646902211300518,PIK3CD,1.0
GO_Biological_Process_2021,regulation of protein export from nucleus (GO:0046825),1/23,0.4201003815180092,1.8989682297281476,1.646902211300518,PARK7,1.0
GO_Biological_Process_2021,regulation of supramolecular fiber organization (GO:1902903),1/23,0.4201003815180092,1.8989682297281476,1.646902211300518,PARK7,1.0
GO_Biological_Process_2021,regulation of interleukin-4 production (GO:0032673),1/23,0.4201003815180092,1.8989682297281476,1.646902211300518,PRKCZ,1.0
GO_Biological_Process_2021,negative regulation of GTPase activity (GO:0034260),1/23,0.4201003815180092,1.8989682297281476,1.646902211300518,RCC2,1.0
GO_Biological_Process_2021,ear morphogenesis (GO:0042471),1/23,0.4201003815180092,1.8989682297281476,1.646902211300518,EPHB2,1.0
GO_Biological_Process_2021,mitotic cell cycle checkpoint signaling (GO:0007093),1/23,0.4201003815180092,1.8989682297281476,1.646902211300518,PLK3,1.0
GO_Biological_Process_2021,hyaluronan metabolic process (GO:0030212),1/23,0.4201003815180092,1.8989682297281476,1.646902211300518,SLC9A1,1.0
GO_Biological_Process_2021,positive regulation of transcription by RNA polymerase I (GO:0045943),1/23,0.4201003815180092,1.8989682297281476,1.646902211300518,MTOR,1.0
GO_Biological_Process_2021,regulation of mononuclear cell migration (GO:0071675),1/23,0.4201003815180092,1.8989682297281476,1.646902211300518,AKIRIN1,1.0
GO_Biological_Process_2021,negative regulation of G protein-coupled receptor signaling pathway (GO:0045744),1/23,0.4201003815180092,1.8989682297281476,1.646902211300518,STMN1,1.0
GO_Biological_Process_2021,peptidyl-L-cysteine S-palmitoylation (GO:0018230),1/23,0.4201003815180092,1.8989682297281476,1.646902211300518,ZDHHC18,1.0
GO_Biological_Process_2021,negative regulation of intracellular protein transport (GO:0090317),1/23,0.4201003815180092,1.8989682297281476,1.646902211300518,PARK7,1.0
GO_Biological_Process_2021,triglyceride catabolic process (GO:0019433),1/23,0.4201003815180092,1.8989682297281476,1.646902211300518,FABP3,1.0
GO_Biological_Process_2021,DNA methylation (GO:0006306),1/23,0.4201003815180092,1.8989682297281476,1.646902211300518,DMAP1,1.0
GO_Biological_Process_2021,response to nutrient levels (GO:0031667),1/23,0.4201003815180092,1.8989682297281476,1.646902211300518,MTOR,1.0
GO_Biological_Process_2021,cytoskeleton-dependent intracellular transport (GO:0030705),1/23,0.4201003815180092,1.8989682297281476,1.646902211300518,KIF1B,1.0
GO_Biological_Process_2021,oligosaccharide biosynthetic process (GO:0009312),1/23,0.4201003815180092,1.8989682297281476,1.646902211300518,ST3GAL3,1.0
GO_Biological_Process_2021,negative regulation of smoothened signaling pathway (GO:0045879),1/23,0.4201003815180092,1.8989682297281476,1.646902211300518,PTCH2,1.0
GO_Biological_Process_2021,regulation of small GTPase mediated signal transduction (GO:0051056),4/141,0.42052533645489454,1.2204253455829548,1.0571941246748071,ARHGEF16;CDC42;INPP5B;PLEKHG5,1.0
GO_Biological_Process_2021,regulation of nucleic acid-templated transcription (GO:1903506),11/430,0.4248517958536712,1.0979721202900354,0.9398804799429485,CDK11A;CDK11B;DVL1;HP1BP3;MYCBP;NFYC;PPIE;PRDM2;SFPQ;SRSF10;YBX1,1.0
GO_Biological_Process_2021,regulation of I-kappaB kinase/NF-kappaB signaling (GO:0043122),6/224,0.42706196886136616,1.150601667577032,0.9789619871741303,MIB2;MUL1;PINK1;PLEKHG5;TRIM62;ZC3H12A,1.0
GO_Biological_Process_2021,glucose metabolic process (GO:0006006),2/62,0.42761563557956417,1.3928468950032855,1.1832659673253991,AKR1A1;ENO1,1.0
GO_Biological_Process_2021,positive regulation of vasculature development (GO:1904018),3/102,0.4282801088710501,1.2664059688553948,1.0738841948503581,PIK3CD;TIE1;ZC3H12A,1.0
GO_Biological_Process_2021,regulation of cell death (GO:0010941),3/102,0.4282801088710501,1.2664059688553948,1.0738841948503581,PARK7;TNFRSF1B;ZC3H12A,1.0
GO_Biological_Process_2021,regulation of protein catabolic process (GO:0042176),3/102,0.4282801088710501,1.2664059688553948,1.0738841948503581,ATP13A2;AZIN2;MAD2L2,1.0
GO_Biological_Process_2021,mitotic sister chromatid segregation (GO:0000070),3/102,0.4282801088710501,1.2664059688553948,1.0738841948503581,NUDC;PHF13;WRAP73,1.0
GO_Biological_Process_2021,regulation of protein phosphorylation (GO:0001932),7/266,0.4303282526723185,1.1299173120672215,0.9527541679870206,EPHB2;FGR;PARK7;PINK1;SESN2;TARDBP;ZC3H12A,1.0
GO_Biological_Process_2021,monocarboxylic acid metabolic process (GO:0032787),4/143,0.43100025407484915,1.202741229970691,1.0122830661362452,ACOT7;ALDH4A1;HYI;MECR,1.0
GO_Biological_Process_2021,"wound healing, spreading of cells (GO:0044319)",1/24,0.4336856556557461,1.816311292453999,1.5174105750166365,PDPN,1.0
GO_Biological_Process_2021,amino acid import across plasma membrane (GO:0089718),1/24,0.4336856556557461,1.816311292453999,1.5174105750166365,SLC6A9,1.0
GO_Biological_Process_2021,positive regulation of viral life cycle (GO:1903902),1/24,0.4336856556557461,1.816311292453999,1.5174105750166365,KPNA6,1.0
GO_Biological_Process_2021,ncRNA 3'-end processing (GO:0043628),1/24,0.4336856556557461,1.816311292453999,1.5174105750166365,TOE1,1.0
GO_Biological_Process_2021,carbohydrate biosynthetic process (GO:0016051),1/24,0.4336856556557461,1.816311292453999,1.5174105750166365,ST3GAL3,1.0
GO_Biological_Process_2021,sulfur amino acid metabolic process (GO:0000096),1/24,0.4336856556557461,1.816311292453999,1.5174105750166365,MTHFR,1.0
GO_Biological_Process_2021,negative regulation of NIK/NF-kappaB signaling (GO:1901223),1/24,0.4336856556557461,1.816311292453999,1.5174105750166365,ZC3H12A,1.0
GO_Biological_Process_2021,negative regulation of neuron differentiation (GO:0045665),1/24,0.4336856556557461,1.816311292453999,1.5174105750166365,DISP3,1.0
GO_Biological_Process_2021,canonical glycolysis (GO:0061621),1/24,0.4336856556557461,1.816311292453999,1.5174105750166365,ENO1,1.0
GO_Biological_Process_2021,"protein alpha-1,2-demannosylation (GO:0036508)",1/24,0.4336856556557461,1.816311292453999,1.5174105750166365,MAN1C1,1.0
GO_Biological_Process_2021,glucose catabolic process to pyruvate (GO:0061718),1/24,0.4336856556557461,1.816311292453999,1.5174105750166365,ENO1,1.0
GO_Biological_Process_2021,inner ear morphogenesis (GO:0042472),1/24,0.4336856556557461,1.816311292453999,1.5174105750166365,EPHB2,1.0
GO_Biological_Process_2021,"nucleotide-excision repair, DNA gap filling (GO:0006297)",1/24,0.4336856556557461,1.816311292453999,1.5174105750166365,RPA2,1.0
GO_Biological_Process_2021,negative regulation of protein tyrosine kinase activity (GO:0061099),1/24,0.4336856556557461,1.816311292453999,1.5174105750166365,ERRFI1,1.0
GO_Biological_Process_2021,positive regulation of p38MAPK cascade (GO:1900745),1/24,0.4336856556557461,1.816311292453999,1.5174105750166365,ZC3H12A,1.0
GO_Biological_Process_2021,heterochromatin assembly (GO:0031507),1/24,0.4336856556557461,1.816311292453999,1.5174105750166365,HDAC1,1.0
GO_Biological_Process_2021,positive regulation of cell-substrate junction organization (GO:0150117),1/24,0.4336856556557461,1.816311292453999,1.5174105750166365,COL16A1,1.0
GO_Biological_Process_2021,response to gamma radiation (GO:0010332),1/24,0.4336856556557461,1.816311292453999,1.5174105750166365,KDM1A,1.0
GO_Biological_Process_2021,cholesterol efflux (GO:0033344),1/24,0.4336856556557461,1.816311292453999,1.5174105750166365,STX12,1.0
GO_Biological_Process_2021,regulation of cell size (GO:0008361),1/24,0.4336856556557461,1.816311292453999,1.5174105750166365,MTOR,1.0
GO_Biological_Process_2021,dorsal/ventral pattern formation (GO:0009953),1/24,0.4336856556557461,1.816311292453999,1.5174105750166365,NBL1,1.0
GO_Biological_Process_2021,regulation of cardiac muscle hypertrophy (GO:0010611),1/24,0.4336856556557461,1.816311292453999,1.5174105750166365,SLC9A1,1.0
GO_Biological_Process_2021,protein K48-linked deubiquitination (GO:0071108),1/24,0.4336856556557461,1.816311292453999,1.5174105750166365,OTUD3,1.0
GO_Biological_Process_2021,positive regulation of transcription from RNA polymerase II promoter in response to stress (GO:0036003),1/24,0.4336856556557461,1.816311292453999,1.5174105750166365,SESN2,1.0
GO_Biological_Process_2021,protein targeting to ER (GO:0045047),3/103,0.43448071692614326,1.253677393039196,1.0450701324725473,RPL11;RPL22;RPS8,1.0
GO_Biological_Process_2021,cellular response to organonitrogen compound (GO:0071417),3/103,0.43448071692614326,1.253677393039196,1.0450701324725473,MTOR;RRAGC;SESN2,1.0
GO_Biological_Process_2021,COPII vesicle coating (GO:0048208),2/63,0.43563860762748396,1.3699429812261585,1.1383435181703558,PEF1;TRAPPC3,1.0
GO_Biological_Process_2021,vesicle coating (GO:0006901),2/63,0.43563860762748396,1.3699429812261585,1.1383435181703558,PEF1;TRAPPC3,1.0
GO_Biological_Process_2021,"vesicle targeting, rough ER to cis-Golgi (GO:0048207)",2/63,0.43563860762748396,1.3699429812261585,1.1383435181703558,PEF1;TRAPPC3,1.0
GO_Biological_Process_2021,organonitrogen compound catabolic process (GO:1901565),2/63,0.43563860762748396,1.3699429812261585,1.1383435181703558,MTOR;PPT1,1.0
GO_Biological_Process_2021,translational elongation (GO:0006414),3/104,0.4406563293597985,1.2412008682292586,1.0171517067663145,AURKAIP1;MRPL20;MRPS15,1.0
GO_Biological_Process_2021,regulation of innate immune response (GO:0045088),2/64,0.44360043188270815,1.347777903377326,1.095515728261829,FGR;MUL1,1.0
GO_Biological_Process_2021,tRNA processing (GO:0008033),2/64,0.44360043188270815,1.347777903377326,1.095515728261829,TRIT1;ZBTB8OS,1.0
GO_Biological_Process_2021,protein secretion (GO:0009306),2/64,0.44360043188270815,1.347777903377326,1.095515728261829,PARK7;SVBP,1.0
GO_Biological_Process_2021,negative regulation of cell cycle process (GO:0010948),2/64,0.44360043188270815,1.347777903377326,1.095515728261829,AURKAIP1;RBBP4,1.0
GO_Biological_Process_2021,lipid homeostasis (GO:0055088),2/64,0.44360043188270815,1.347777903377326,1.095515728261829,ATP13A2;FABP3,1.0
GO_Biological_Process_2021,mitochondrial translation (GO:0032543),3/105,0.44680586864083977,1.2289689811606925,0.9900956039486699,AURKAIP1;MRPL20;MRPS15,1.0
GO_Biological_Process_2021,activation of GTPase activity (GO:0090630),3/105,0.44680586864083977,1.2289689811606925,0.9900956039486699,ARHGEF16;EPHA2;RAP1GAP,1.0
GO_Biological_Process_2021,peptide catabolic process (GO:0043171),1/25,0.44695333252564573,1.7405424332860293,1.401660721026897,ECE1,1.0
GO_Biological_Process_2021,regulation of ryanodine-sensitive calcium-release channel activity (GO:0060314),1/25,0.44695333252564573,1.7405424332860293,1.401660721026897,SELENON,1.0
GO_Biological_Process_2021,negative regulation of cellular carbohydrate metabolic process (GO:0010677),1/25,0.44695333252564573,1.7405424332860293,1.401660721026897,C1QTNF12,1.0
GO_Biological_Process_2021,positive regulation of release of cytochrome c from mitochondria (GO:0090200),1/25,0.44695333252564573,1.7405424332860293,1.401660721026897,PINK1,1.0
GO_Biological_Process_2021,cellular response to hexose stimulus (GO:0071331),1/25,0.44695333252564573,1.7405424332860293,1.401660721026897,SLC2A5,1.0
GO_Biological_Process_2021,positive regulation of T cell migration (GO:2000406),1/25,0.44695333252564573,1.7405424332860293,1.401660721026897,TNFRSF14,1.0
GO_Biological_Process_2021,sodium ion homeostasis (GO:0055078),1/25,0.44695333252564573,1.7405424332860293,1.401660721026897,SLC9A1,1.0
GO_Biological_Process_2021,endosome transport via multivesicular body sorting pathway (GO:0032509),1/25,0.44695333252564573,1.7405424332860293,1.401660721026897,TMEM50A,1.0
GO_Biological_Process_2021,phosphatidylinositol dephosphorylation (GO:0046856),1/25,0.44695333252564573,1.7405424332860293,1.401660721026897,INPP5B,1.0
GO_Biological_Process_2021,fat-soluble vitamin metabolic process (GO:0006775),1/25,0.44695333252564573,1.7405424332860293,1.401660721026897,UBIAD1,1.0
GO_Biological_Process_2021,regulation of myotube differentiation (GO:0010830),1/25,0.44695333252564573,1.7405424332860293,1.401660721026897,HDAC1,1.0
GO_Biological_Process_2021,cAMP-mediated signaling (GO:0019933),1/25,0.44695333252564573,1.7405424332860293,1.401660721026897,CAP1,1.0
GO_Biological_Process_2021,negative regulation of cell junction assembly (GO:1901889),1/25,0.44695333252564573,1.7405424332860293,1.401660721026897,RCC2,1.0
GO_Biological_Process_2021,negative regulation of response to endoplasmic reticulum stress (GO:1903573),1/25,0.44695333252564573,1.7405424332860293,1.401660721026897,PARK7,1.0
GO_Biological_Process_2021,negative regulation of antigen receptor-mediated signaling pathway (GO:0050858),1/25,0.44695333252564573,1.7405424332860293,1.401660721026897,LAPTM5,1.0
GO_Biological_Process_2021,glycolytic process through glucose-6-phosphate (GO:0061620),1/25,0.44695333252564573,1.7405424332860293,1.401660721026897,ENO1,1.0
GO_Biological_Process_2021,chemical homeostasis (GO:0048878),2/65,0.45149957419202696,1.3263164787935358,1.0546614639439447,ATP13A2;SLC66A1,1.0
GO_Biological_Process_2021,cellular response to type I interferon (GO:0071357),2/65,0.45149957419202696,1.3263164787935358,1.0546614639439447,IFI6;ISG15,1.0
GO_Biological_Process_2021,regulation of RNA metabolic process (GO:0051252),2/65,0.45149957419202696,1.3263164787935358,1.0546614639439447,TNFRSF1B;YTHDF2,1.0
GO_Biological_Process_2021,mitotic G1 DNA damage checkpoint signaling (GO:0031571),2/65,0.45149957419202696,1.3263164787935358,1.0546614639439447,PLK3;RPA2,1.0
GO_Biological_Process_2021,protein autoubiquitination (GO:0051865),2/65,0.45149957419202696,1.3263164787935358,1.0546614639439447,RNF19B;RNF220,1.0
GO_Biological_Process_2021,regulation of cell-matrix adhesion (GO:0001952),2/65,0.45149957419202696,1.3263164787935358,1.0546614639439447,MACF1;SLC9A1,1.0
GO_Biological_Process_2021,type I interferon signaling pathway (GO:0060337),2/65,0.45149957419202696,1.3263164787935358,1.0546614639439447,IFI6;ISG15,1.0
GO_Biological_Process_2021,tRNA modification (GO:0006400),2/65,0.45149957419202696,1.3263164787935358,1.0546614639439447,PUSL1;TRIT1,1.0
GO_Biological_Process_2021,protein processing (GO:0016485),3/106,0.4529282941730462,1.2169746064623899,0.9638700009875819,DDI2;ECE1;ZMPSTE24,1.0
GO_Biological_Process_2021,protein localization to nucleus (GO:0034504),3/106,0.4529282941730462,1.2169746064623899,0.9638700009875819,DVL1;IPO13;RPL11,1.0
GO_Biological_Process_2021,positive regulation of transferase activity (GO:0051347),4/148,0.45695140836482984,1.1606800522123553,0.9090193386395795,EPHA2;EPHB2;PINK1;TIE1,1.0
GO_Biological_Process_2021,positive regulation of cell death (GO:0010942),2/66,0.4593346053129422,1.305525723727989,1.015668133322175,C1QA;ZC3H12A,1.0
GO_Biological_Process_2021,"negative regulation of transcription, DNA-templated (GO:0045892)",23/948,0.45964537383883824,1.0396865851512884,0.8081483964169632,DMAP1;ENO1;HDAC1;HEYL;ID3;KDM1A;KDM4A;KHDRBS1;MAD2L2;NOC2L;PER3;PEX14;PHC2;PLK3;PRDM2;SAMD11;SCMH1;SFPQ;SKI;SPEN;ZFP69;ZNF436;ZNF684,1.0
GO_Biological_Process_2021,RNA polyadenylation (GO:0043631),1/26,0.4599108214056454,1.6708350828514973,1.2977754947071098,SSU72,1.0
GO_Biological_Process_2021,DNA modification (GO:0006304),1/26,0.4599108214056454,1.6708350828514973,1.2977754947071098,MUTYH,1.0
GO_Biological_Process_2021,proteoglycan metabolic process (GO:0006029),1/26,0.4599108214056454,1.6708350828514973,1.2977754947071098,B3GALT6,1.0
GO_Biological_Process_2021,regulation of monocyte chemotaxis (GO:0090025),1/26,0.4599108214056454,1.6708350828514973,1.2977754947071098,NBL1,1.0
GO_Biological_Process_2021,positive regulation of glucose import (GO:0046326),1/26,0.4599108214056454,1.6708350828514973,1.2977754947071098,C1QTNF12,1.0
GO_Biological_Process_2021,regulation of protein insertion into mitochondrial membrane involved in apoptotic signaling pathway (GO:1900739),1/26,0.4599108214056454,1.6708350828514973,1.2977754947071098,TP73,1.0
GO_Biological_Process_2021,hippo signaling (GO:0035329),1/26,0.4599108214056454,1.6708350828514973,1.2977754947071098,NPHP4,1.0
GO_Biological_Process_2021,negative regulation of telomere maintenance via telomere lengthening (GO:1904357),1/26,0.4599108214056454,1.6708350828514973,1.2977754947071098,EXOSC10,1.0
GO_Biological_Process_2021,glial cell development (GO:0021782),1/26,0.4599108214056454,1.6708350828514973,1.2977754947071098,EIF2B3,1.0
GO_Biological_Process_2021,regulation of regulatory T cell differentiation (GO:0045589),1/26,0.4599108214056454,1.6708350828514973,1.2977754947071098,TNFRSF18,1.0
GO_Biological_Process_2021,meiosis I (GO:0007127),1/26,0.4599108214056454,1.6708350828514973,1.2977754947071098,FOXJ3,1.0
GO_Biological_Process_2021,positive regulation of ion transmembrane transporter activity (GO:0032414),1/26,0.4599108214056454,1.6708350828514973,1.2977754947071098,SLC6A9,1.0
GO_Biological_Process_2021,positive regulation of G1/S transition of mitotic cell cycle (GO:1900087),1/26,0.4599108214056454,1.6708350828514973,1.2977754947071098,LSM10,1.0
GO_Biological_Process_2021,positive regulation of protein insertion into mitochondrial membrane involved in apoptotic signaling pathway (GO:1900740),1/26,0.4599108214056454,1.6708350828514973,1.2977754947071098,TP73,1.0
GO_Biological_Process_2021,mRNA polyadenylation (GO:0006378),1/26,0.4599108214056454,1.6708350828514973,1.2977754947071098,SSU72,1.0
GO_Biological_Process_2021,regulation of myelination (GO:0031641),1/26,0.4599108214056454,1.6708350828514973,1.2977754947071098,TNFRSF1B,1.0
GO_Biological_Process_2021,negative regulation of proteolysis involved in cellular protein catabolic process (GO:1903051),1/26,0.4599108214056454,1.6708350828514973,1.2977754947071098,RPL11,1.0
GO_Biological_Process_2021,negative regulation of intrinsic apoptotic signaling pathway in response to DNA damage (GO:1902230),1/26,0.4599108214056454,1.6708350828514973,1.2977754947071098,KDM1A,1.0
GO_Biological_Process_2021,positive regulation of hydrolase activity (GO:0051345),4/149,0.4620953944196765,1.1526159091662742,0.889800956787827,AGRN;ASAP3;PINK1;RAP1GAP,1.0
GO_Biological_Process_2021,negative regulation of apoptotic process (GO:0043066),12/485,0.4632862803764695,1.0603649489284235,0.8158555012077385,ATAD3A;DFFA;HDAC1;IFI6;PARK7;PDPN;PINK1;PLK3;PPT1;RPS6KA1;SFPQ;ZC3H12A,1.0
GO_Biological_Process_2021,vascular endothelial growth factor receptor signaling pathway (GO:0048010),2/67,0.4671041968626634,1.2853746842029203,0.9784309713676898,CDC42;WASF2,1.0
GO_Biological_Process_2021,regulation of gene silencing by miRNA (GO:0060964),2/67,0.4671041968626634,1.2853746842029203,0.9784309713676898,AGO1;PUM1,1.0
GO_Biological_Process_2021,protein N-linked glycosylation (GO:0006487),2/67,0.4671041968626634,1.2853746842029203,0.9784309713676898,DDOST;MAN1C1,1.0
GO_Biological_Process_2021,response to cytokine (GO:0034097),4/150,0.4672223719740838,1.1446622338331534,0.8710306849362095,DDOST;IFNLR1;ISG15;LDLRAP1,1.0
GO_Biological_Process_2021,brain development (GO:0007420),4/150,0.4672223719740838,1.1446622338331534,0.8710306849362095,HSPG2;KLHL17;MFSD2A;PPT1,1.0
GO_Biological_Process_2021,lipid transport (GO:0006869),3/109,0.47112302569704867,1.1823493361069124,0.8898786962331043,CPTP;FABP3;MFSD2A,1.0
GO_Biological_Process_2021,regulation of apoptotic process (GO:0042981),18/742,0.47189245800900254,1.039115999560467,0.7803804410505806,ARHGEF16;ATAD3A;CASP9;DFFA;HDAC1;IFI6;PARK7;PDPN;PINK1;PLEKHG5;PLK3;PPT1;RPS6KA1;STPG1;TARDBP;TNFRSF25;TP73;UTP11,1.0
GO_Biological_Process_2021,microtubule polymerization or depolymerization (GO:0031109),1/27,0.47256535908373487,1.6064898362965443,1.2041913912181499,STMN1,1.0
GO_Biological_Process_2021,camera-type eye development (GO:0043010),1/27,0.47256535908373487,1.6064898362965443,1.2041913912181499,SKI,1.0
GO_Biological_Process_2021,positive regulation of gene silencing by miRNA (GO:2000637),1/27,0.47256535908373487,1.6064898362965443,1.2041913912181499,PUM1,1.0
GO_Biological_Process_2021,acute inflammatory response (GO:0002526),1/27,0.47256535908373487,1.6064898362965443,1.2041913912181499,CTNNBIP1,1.0
GO_Biological_Process_2021,regulation of epidermal growth factor-activated receptor activity (GO:0007176),1/27,0.47256535908373487,1.6064898362965443,1.2041913912181499,ERRFI1,1.0
GO_Biological_Process_2021,peptide hormone secretion (GO:0030072),1/27,0.47256535908373487,1.6064898362965443,1.2041913912181499,PARK7,1.0
GO_Biological_Process_2021,negative regulation of protein polymerization (GO:0032272),1/27,0.47256535908373487,1.6064898362965443,1.2041913912181499,STMN1,1.0
GO_Biological_Process_2021,positive regulation of muscle cell differentiation (GO:0051149),1/27,0.47256535908373487,1.6064898362965443,1.2041913912181499,CDC42,1.0
GO_Biological_Process_2021,modulation of excitatory postsynaptic potential (GO:0098815),1/27,0.47256535908373487,1.6064898362965443,1.2041913912181499,PRKCZ,1.0
GO_Biological_Process_2021,L-alpha-amino acid transmembrane transport (GO:1902475),1/27,0.47256535908373487,1.6064898362965443,1.2041913912181499,SLC6A9,1.0
GO_Biological_Process_2021,mitotic chromosome condensation (GO:0007076),1/27,0.47256535908373487,1.6064898362965443,1.2041913912181499,PHF13,1.0
GO_Biological_Process_2021,negative regulation of insulin receptor signaling pathway (GO:0046627),1/27,0.47256535908373487,1.6064898362965443,1.2041913912181499,PRKCZ,1.0
GO_Biological_Process_2021,negative regulation of catalytic activity (GO:0043086),1/27,0.47256535908373487,1.6064898362965443,1.2041913912181499,ATP5IF1,1.0
GO_Biological_Process_2021,monovalent inorganic cation homeostasis (GO:0055067),1/27,0.47256535908373487,1.6064898362965443,1.2041913912181499,SLC9A1,1.0
GO_Biological_Process_2021,regulation of toll-like receptor signaling pathway (GO:0034121),1/27,0.47256535908373487,1.6064898362965443,1.2041913912181499,SMPDL3B,1.0
GO_Biological_Process_2021,entrainment of circadian clock by photoperiod (GO:0043153),1/27,0.47256535908373487,1.6064898362965443,1.2041913912181499,PER3,1.0
GO_Biological_Process_2021,regulation of vasculature development (GO:1901342),1/27,0.47256535908373487,1.6064898362965443,1.2041913912181499,EPHA2,1.0
GO_Biological_Process_2021,cellular lipid catabolic process (GO:0044242),1/27,0.47256535908373487,1.6064898362965443,1.2041913912181499,SMPDL3B,1.0
GO_Biological_Process_2021,positive regulation of cellular component movement (GO:0051272),1/27,0.47256535908373487,1.6064898362965443,1.2041913912181499,PDPN,1.0
GO_Biological_Process_2021,regulation of blood coagulation (GO:0030193),1/27,0.47256535908373487,1.6064898362965443,1.2041913912181499,EPHB2,1.0
GO_Biological_Process_2021,regulation of programmed cell death (GO:0043067),5/194,0.47708271299556904,1.1052258443452885,0.8179394072707931,DFFA;PINK1;TARDBP;TNFRSF25;TP73,1.0
GO_Biological_Process_2021,positive regulation of protein transport (GO:0051222),2/69,0.48244222862625963,1.246877175856521,0.9088414153962512,ATP13A2;PLK3,1.0
GO_Biological_Process_2021,RNA 3'-end processing (GO:0031123),2/69,0.48244222862625963,1.246877175856521,0.9088414153962512,SRRM1;SRSF4,1.0
GO_Biological_Process_2021,peptidyl-tyrosine phosphorylation (GO:0018108),2/69,0.48244222862625963,1.246877175856521,0.9088414153962512,EPHB2;FGR,1.0
GO_Biological_Process_2021,positive regulation of Wnt signaling pathway (GO:0030177),4/153,0.48249483744966637,1.1214417722901493,0.8172900068899793,MACF1;PSMB2;RNF220;SKI,1.0
GO_Biological_Process_2021,regulation of Wnt signaling pathway (GO:0030111),3/111,0.4830998158870026,1.1603345037204051,0.8441804688508328,CTNNBIP1;MACF1;SKI,1.0
GO_Biological_Process_2021,ventricular septum morphogenesis (GO:0060412),1/28,0.4849240138651307,1.546910904301218,1.1195969893862339,HEYL,1.0
GO_Biological_Process_2021,positive regulation of defense response to virus by host (GO:0002230),1/28,0.4849240138651307,1.546910904301218,1.1195969893862339,ZC3H12A,1.0
GO_Biological_Process_2021,regulation of muscle contraction (GO:0006937),1/28,0.4849240138651307,1.546910904301218,1.1195969893862339,ENO1,1.0
GO_Biological_Process_2021,negative regulation of cellular response to insulin stimulus (GO:1900077),1/28,0.4849240138651307,1.546910904301218,1.1195969893862339,PRKCZ,1.0
GO_Biological_Process_2021,protein localization to cell surface (GO:0034394),1/28,0.4849240138651307,1.546910904301218,1.1195969893862339,PTPRU,1.0
GO_Biological_Process_2021,protein localization to Golgi apparatus (GO:0034067),1/28,0.4849240138651307,1.546910904301218,1.1195969893862339,VPS13D,1.0
GO_Biological_Process_2021,photoperiodism (GO:0009648),1/28,0.4849240138651307,1.546910904301218,1.1195969893862339,PER3,1.0
GO_Biological_Process_2021,positive regulation of phosphatidylinositol 3-kinase activity (GO:0043552),1/28,0.4849240138651307,1.546910904301218,1.1195969893862339,FGR,1.0
GO_Biological_Process_2021,GPI anchor metabolic process (GO:0006505),1/28,0.4849240138651307,1.546910904301218,1.1195969893862339,PIGV,1.0
GO_Biological_Process_2021,phagosome acidification (GO:0090383),1/28,0.4849240138651307,1.546910904301218,1.1195969893862339,ATP6V0B,1.0
GO_Biological_Process_2021,cristae formation (GO:0042407),1/28,0.4849240138651307,1.546910904301218,1.1195969893862339,DNAJC11,1.0
GO_Biological_Process_2021,mucosal immune response (GO:0002385),1/28,0.4849240138651307,1.546910904301218,1.1195969893862339,IFNLR1,1.0
GO_Biological_Process_2021,positive regulation of monooxygenase activity (GO:0032770),1/28,0.4849240138651307,1.546910904301218,1.1195969893862339,PARK7,1.0
GO_Biological_Process_2021,"regulation of DNA damage response, signal transduction by p53 class mediator (GO:0043516)",1/28,0.4849240138651307,1.546910904301218,1.1195969893862339,KDM1A,1.0
GO_Biological_Process_2021,neutral amino acid transport (GO:0015804),1/28,0.4849240138651307,1.546910904301218,1.1195969893862339,SLC6A9,1.0
GO_Biological_Process_2021,protein depolymerization (GO:0051261),1/28,0.4849240138651307,1.546910904301218,1.1195969893862339,STMN1,1.0
GO_Biological_Process_2021,cellular zinc ion homeostasis (GO:0006882),1/28,0.4849240138651307,1.546910904301218,1.1195969893862339,ATP13A2,1.0
GO_Biological_Process_2021,regulation of microtubule polymerization or depolymerization (GO:0031110),1/28,0.4849240138651307,1.546910904301218,1.1195969893862339,STMN1,1.0
GO_Biological_Process_2021,establishment of protein localization to membrane (GO:0090150),2/70,0.49000848173126027,1.2284776314262564,0.8763131162971766,ICMT;ZDHHC18,1.0
GO_Biological_Process_2021,negative regulation of viral process (GO:0048525),2/70,0.49000848173126027,1.2284776314262564,0.8763131162971766,ISG15;TRIM62,1.0
GO_Biological_Process_2021,defense response to Gram-positive bacterium (GO:0050830),2/70,0.49000848173126027,1.2284776314262564,0.8763131162971766,FGR;TNFRSF14,1.0
GO_Biological_Process_2021,COPII-coated vesicle budding (GO:0090114),2/70,0.49000848173126027,1.2284776314262564,0.8763131162971766,PEF1;TRAPPC3,1.0
GO_Biological_Process_2021,aerobic electron transport chain (GO:0019646),2/70,0.49000848173126027,1.2284776314262564,0.8763131162971766,NDUFS5;UQCRHL,1.0
GO_Biological_Process_2021,axonogenesis (GO:0007409),6/240,0.492700597192858,1.0710400484123865,0.7581395511755228,ARTN;EPHA2;EPHB2;LYPLA2;PIK3CD;RAP1GAP,1.0
GO_Biological_Process_2021,protein phosphorylation (GO:0006468),12/496,0.4944462572065352,1.0356676594324006,0.7294381471909036,ATP13A2;CDK11A;CDK11B;EPHB2;FGR;MAP3K6;MTOR;PIK3CD;PINK1;PRKCZ;RPS6KA1;TESK2,1.0
GO_Biological_Process_2021,positive regulation of metabolic process (GO:0009893),3/113,0.4949461969154551,1.139120210693407,0.801150324292419,DISP3;KDM1A;MFN2,1.0
GO_Biological_Process_2021,sulfur compound biosynthetic process (GO:0044272),3/113,0.4949461969154551,1.139120210693407,0.801150324292419,AKR1A1;B4GALT2;ST3GAL3,1.0
GO_Biological_Process_2021,regulation of calcium ion transmembrane transporter activity (GO:1901019),1/29,0.4969936894865563,1.4915876103055576,1.042885167881753,SELENON,1.0
GO_Biological_Process_2021,negative regulation of epithelial to mesenchymal transition (GO:0010719),1/29,0.4969936894865563,1.4915876103055576,1.042885167881753,MAD2L2,1.0
GO_Biological_Process_2021,dicarboxylic acid transport (GO:0006835),1/29,0.4969936894865563,1.4915876103055576,1.042885167881753,PDPN,1.0
GO_Biological_Process_2021,transition metal ion homeostasis (GO:0055076),1/29,0.4969936894865563,1.4915876103055576,1.042885167881753,ATP13A2,1.0
GO_Biological_Process_2021,beta-catenin-TCF complex assembly (GO:1904837),1/29,0.4969936894865563,1.4915876103055576,1.042885167881753,HDAC1,1.0
GO_Biological_Process_2021,regulation of fatty acid biosynthetic process (GO:0042304),1/29,0.4969936894865563,1.4915876103055576,1.042885167881753,WDTC1,1.0
GO_Biological_Process_2021,regulation of double-strand break repair via nonhomologous end joining (GO:2001032),1/29,0.4969936894865563,1.4915876103055576,1.042885167881753,MAD2L2,1.0
GO_Biological_Process_2021,limb development (GO:0060173),1/29,0.4969936894865563,1.4915876103055576,1.042885167881753,KDF1,1.0
GO_Biological_Process_2021,negative regulation of transferase activity (GO:0051348),1/29,0.4969936894865563,1.4915876103055576,1.042885167881753,PARK7,1.0
GO_Biological_Process_2021,positive regulation of leukocyte migration (GO:0002687),1/29,0.4969936894865563,1.4915876103055576,1.042885167881753,TNFRSF18,1.0
GO_Biological_Process_2021,"nucleotide-excision repair, preincision complex assembly (GO:0006294)",1/29,0.4969936894865563,1.4915876103055576,1.042885167881753,RPA2,1.0
GO_Biological_Process_2021,glycolytic process (GO:0006096),1/29,0.4969936894865563,1.4915876103055576,1.042885167881753,ENO1,1.0
GO_Biological_Process_2021,negative regulation of myeloid leukocyte differentiation (GO:0002762),1/29,0.4969936894865563,1.4915876103055576,1.042885167881753,C1QC,1.0
GO_Biological_Process_2021,regulation of gluconeogenesis (GO:0006111),1/29,0.4969936894865563,1.4915876103055576,1.042885167881753,C1QTNF12,1.0
GO_Biological_Process_2021,positive regulation of dephosphorylation (GO:0035306),1/29,0.4969936894865563,1.4915876103055576,1.042885167881753,CAMTA1,1.0
GO_Biological_Process_2021,lipid catabolic process (GO:0016042),1/29,0.4969936894865563,1.4915876103055576,1.042885167881753,PPT1,1.0
GO_Biological_Process_2021,response to zinc ion (GO:0010043),1/29,0.4969936894865563,1.4915876103055576,1.042885167881753,ATP13A2,1.0
GO_Biological_Process_2021,aggrephagy (GO:0035973),1/29,0.4969936894865563,1.4915876103055576,1.042885167881753,PARK7,1.0
GO_Biological_Process_2021,regulation of endopeptidase activity (GO:0052548),2/71,0.4975049138309289,1.2106114071244054,0.8451881667054293,ATP13A2;HDAC1,1.0
GO_Biological_Process_2021,phosphatidylinositol-mediated signaling (GO:0048015),2/71,0.4975049138309289,1.2106114071244054,0.8451881667054293,PIK3CD;PLCH2,1.0
GO_Biological_Process_2021,fatty acid biosynthetic process (GO:0006633),2/71,0.4975049138309289,1.2106114071244054,0.8451881667054293,ACOT7;ELOVL1,1.0
GO_Biological_Process_2021,mitochondrial ATP synthesis coupled electron transport (GO:0042775),2/71,0.4975049138309289,1.2106114071244054,0.8451881667054293,NDUFS5;UQCRHL,1.0
GO_Biological_Process_2021,response to metal ion (GO:0010038),2/71,0.4975049138309289,1.2106114071244054,0.8451881667054293,MTF1;PEF1,1.0
GO_Biological_Process_2021,peptidyl-serine phosphorylation (GO:0018105),4/156,0.4975918141941648,1.0991379079133163,0.7671709882070893,MTOR;PINK1;PRKCZ;RPS6KA1,1.0
GO_Biological_Process_2021,membrane organization (GO:0061024),6/242,0.5007463963937013,1.0618533784029096,0.7344367303004612,AZIN2;CPTP;LDLRAP1;MFN2;PPT1;VAMP3,1.0
GO_Biological_Process_2021,activation of protein kinase activity (GO:0032147),3/114,0.5008185124542439,1.1287997438154083,0.7805779974037731,MTOR;PARK7;PINK1,1.0
GO_Biological_Process_2021,positive regulation of kinase activity (GO:0033674),3/114,0.5008185124542439,1.1287997438154083,0.7805779974037731,EPHA2;EPHB2;TIE1,1.0
GO_Biological_Process_2021,regulation of macromolecule metabolic process (GO:0060255),5/200,0.5038001763052321,1.0708866141858682,0.7341736956922618,PRDM2;TARDBP;TP73;YBX1;ZC3H12A,1.0
GO_Biological_Process_2021,positive regulation of neurogenesis (GO:0050769),2/72,0.504930644542716,1.1932556463740358,0.8153923885460299,KDM1A;SPEN,1.0
GO_Biological_Process_2021,extrinsic apoptotic signaling pathway (GO:0097191),2/72,0.504930644542716,1.1932556463740358,0.8153923885460299,CASP9;TNFRSF1B,1.0
GO_Biological_Process_2021,skeletal system development (GO:0001501),4/158,0.5075513365106769,1.084751432622632,0.7356322301724735,ALPL;COL9A2;P3H1;PRDX1,1.0
GO_Biological_Process_2021,Golgi to plasma membrane protein transport (GO:0043001),1/30,0.5087811289397773,1.4400797158958047,0.9731156610771803,MACF1,1.0
GO_Biological_Process_2021,positive regulation of lipid kinase activity (GO:0090218),1/30,0.5087811289397773,1.4400797158958047,0.9731156610771803,FGR,1.0
GO_Biological_Process_2021,regulation of striated muscle contraction (GO:0006942),1/30,0.5087811289397773,1.4400797158958047,0.9731156610771803,RNF207,1.0
GO_Biological_Process_2021,ncRNA catabolic process (GO:0034661),1/30,0.5087811289397773,1.4400797158958047,0.9731156610771803,EXOSC10,1.0
GO_Biological_Process_2021,response to alcohol (GO:0097305),1/30,0.5087811289397773,1.4400797158958047,0.9731156610771803,SDF4,1.0
GO_Biological_Process_2021,respiratory tube development (GO:0030323),1/30,0.5087811289397773,1.4400797158958047,0.9731156610771803,PDPN,1.0
GO_Biological_Process_2021,"maturation of SSU-rRNA from tricistronic rRNA transcript (SSU-rRNA, 5.8S rRNA, LSU-rRNA) (GO:0000462)",1/30,0.5087811289397773,1.4400797158958047,0.9731156610771803,RPS8,1.0
GO_Biological_Process_2021,regulation of macrophage activation (GO:0043030),1/30,0.5087811289397773,1.4400797158958047,0.9731156610771803,ZC3H12A,1.0
GO_Biological_Process_2021,alpha-amino acid catabolic process (GO:1901606),1/30,0.5087811289397773,1.4400797158958047,0.9731156610771803,ALDH4A1,1.0
GO_Biological_Process_2021,positive regulation of DNA recombination (GO:0045911),1/30,0.5087811289397773,1.4400797158958047,0.9731156610771803,MAD2L2,1.0
GO_Biological_Process_2021,zinc ion homeostasis (GO:0055069),1/30,0.5087811289397773,1.4400797158958047,0.9731156610771803,ATP13A2,1.0
GO_Biological_Process_2021,maintenance of blood-brain barrier (GO:0035633),1/30,0.5087811289397773,1.4400797158958047,0.9731156610771803,MFSD2A,1.0
GO_Biological_Process_2021,"negative regulation of gene expression, epigenetic (GO:0045814)",1/30,0.5087811289397773,1.4400797158958047,0.9731156610771803,RBBP4,1.0
GO_Biological_Process_2021,morphogenesis of an epithelium (GO:0002009),1/30,0.5087811289397773,1.4400797158958047,0.9731156610771803,KDF1,1.0
GO_Biological_Process_2021,long-chain fatty acid biosynthetic process (GO:0042759),1/30,0.5087811289397773,1.4400797158958047,0.9731156610771803,ACOT7,1.0
GO_Biological_Process_2021,regulation of protein localization to membrane (GO:1905475),1/30,0.5087811289397773,1.4400797158958047,0.9731156610771803,LDLRAP1,1.0
GO_Biological_Process_2021,negative regulation of Notch signaling pathway (GO:0045746),1/30,0.5087811289397773,1.4400797158958047,0.9731156610771803,YTHDF2,1.0
GO_Biological_Process_2021,snRNA 3'-end processing (GO:0034472),1/30,0.5087811289397773,1.4400797158958047,0.9731156610771803,TOE1,1.0
GO_Biological_Process_2021,positive regulation of B cell proliferation (GO:0030890),1/30,0.5087811289397773,1.4400797158958047,0.9731156610771803,EPHB2,1.0
GO_Biological_Process_2021,cell projection organization (GO:0030030),1/30,0.5087811289397773,1.4400797158958047,0.9731156610771803,CDC42,1.0
GO_Biological_Process_2021,protein N-linked glycosylation via asparagine (GO:0018279),1/30,0.5087811289397773,1.4400797158958047,0.9731156610771803,DDOST,1.0
GO_Biological_Process_2021,plasma membrane invagination (GO:0099024),1/30,0.5087811289397773,1.4400797158958047,0.9731156610771803,CDC42,1.0
GO_Biological_Process_2021,regulation of long-term synaptic potentiation (GO:1900271),1/30,0.5087811289397773,1.4400797158958047,0.9731156610771803,EPHB2,1.0
GO_Biological_Process_2021,regulation of cation transmembrane transport (GO:1904062),1/30,0.5087811289397773,1.4400797158958047,0.9731156610771803,KCNAB2,1.0
GO_Biological_Process_2021,regulation of vasoconstriction (GO:0019229),1/30,0.5087811289397773,1.4400797158958047,0.9731156610771803,ECE1,1.0
GO_Biological_Process_2021,regulation of hydrolase activity (GO:0051336),2/73,0.512284872665453,1.176388780292691,0.786856359285413,ATP5IF1;RAP1GAP,1.0
GO_Biological_Process_2021,chromatin assembly (GO:0031497),2/73,0.512284872665453,1.176388780292691,0.786856359285413,NOC2L;RBBP4,1.0
GO_Biological_Process_2021,transcription-coupled nucleotide-excision repair (GO:0006283),2/73,0.512284872665453,1.176388780292691,0.786856359285413,PPIE;RPA2,1.0
GO_Biological_Process_2021,"antigen processing and presentation of exogenous peptide antigen via MHC class I, TAP-dependent (GO:0002479)",2/73,0.512284872665453,1.176388780292691,0.786856359285413,PSMB2;VAMP3,1.0
GO_Biological_Process_2021,sphingolipid metabolic process (GO:0006665),3/116,0.5124577332428146,1.1087067994511624,0.7412115653609516,CPTP;ELOVL1;PPT1,1.0
GO_Biological_Process_2021,positive regulation of angiogenesis (GO:0045766),3/116,0.5124577332428146,1.1087067994511624,0.7412115653609516,PIK3CD;TIE1;ZC3H12A,1.0
GO_Biological_Process_2021,protein autophosphorylation (GO:0046777),4/159,0.5124979485893487,1.077697418931716,0.7203960763385837,ATP13A2;FGR;MTOR;PINK1,1.0
GO_Biological_Process_2021,"DNA damage response, signal transduction by p53 class mediator (GO:0030330)",2/74,0.5195668729702116,1.159990438269161,0.7595150506242321,PLK3;SESN2,1.0
GO_Biological_Process_2021,regulation of cellular pH (GO:0030641),1/31,0.5202929182064874,1.3920056811133688,0.9094854557205996,SLC9A1,1.0
GO_Biological_Process_2021,regulation of potassium ion transport (GO:0043266),1/31,0.5202929182064874,1.3920056811133688,0.9094854557205996,KCNAB2,1.0
GO_Biological_Process_2021,purine nucleoside bisphosphate metabolic process (GO:0034032),1/31,0.5202929182064874,1.3920056811133688,0.9094854557205996,ACOT7,1.0
GO_Biological_Process_2021,vitamin transport (GO:0051180),1/31,0.5202929182064874,1.3920056811133688,0.9094854557205996,PDPN,1.0
GO_Biological_Process_2021,positive regulation of RNA splicing (GO:0033120),1/31,0.5202929182064874,1.3920056811133688,0.9094854557205996,THRAP3,1.0
GO_Biological_Process_2021,negative regulation of osteoblast differentiation (GO:0045668),1/31,0.5202929182064874,1.3920056811133688,0.9094854557205996,SKI,1.0
GO_Biological_Process_2021,regulation of cellular senescence (GO:2000772),1/31,0.5202929182064874,1.3920056811133688,0.9094854557205996,YBX1,1.0
GO_Biological_Process_2021,peptidyl-asparagine modification (GO:0018196),1/31,0.5202929182064874,1.3920056811133688,0.9094854557205996,DDOST,1.0
GO_Biological_Process_2021,prostaglandin metabolic process (GO:0006693),1/31,0.5202929182064874,1.3920056811133688,0.9094854557205996,PRXL2B,1.0
GO_Biological_Process_2021,negative regulation of peptidyl-tyrosine phosphorylation (GO:0050732),1/31,0.5202929182064874,1.3920056811133688,0.9094854557205996,PRKCZ,1.0
GO_Biological_Process_2021,protein palmitoylation (GO:0018345),1/31,0.5202929182064874,1.3920056811133688,0.9094854557205996,ZDHHC18,1.0
GO_Biological_Process_2021,phospholipid translocation (GO:0045332),1/31,0.5202929182064874,1.3920056811133688,0.9094854557205996,MFSD2A,1.0
GO_Biological_Process_2021,ribonucleoside bisphosphate metabolic process (GO:0033875),1/31,0.5202929182064874,1.3920056811133688,0.9094854557205996,ACOT7,1.0
GO_Biological_Process_2021,negative regulation of response to DNA damage stimulus (GO:2001021),1/31,0.5202929182064874,1.3920056811133688,0.9094854557205996,KDM1A,1.0
GO_Biological_Process_2021,proteoglycan biosynthetic process (GO:0030166),1/31,0.5202929182064874,1.3920056811133688,0.9094854557205996,B3GALT6,1.0
GO_Biological_Process_2021,regulation of developmental growth (GO:0048638),1/31,0.5202929182064874,1.3920056811133688,0.9094854557205996,MFSD2A,1.0
GO_Biological_Process_2021,negative regulation of interleukin-6 production (GO:0032715),1/31,0.5202929182064874,1.3920056811133688,0.9094854557205996,ZC3H12A,1.0
GO_Biological_Process_2021,negative regulation of response to biotic stimulus (GO:0002832),1/31,0.5202929182064874,1.3920056811133688,0.9094854557205996,MUL1,1.0
GO_Biological_Process_2021,positive regulation of ubiquitin-protein transferase activity (GO:0051443),1/31,0.5202929182064874,1.3920056811133688,0.9094854557205996,PINK1,1.0
GO_Biological_Process_2021,positive regulation of protein-containing complex assembly (GO:0031334),3/118,0.5239518915861802,1.0893127401082816,0.7040831814719739,ISG15;PARK7;RPA2,1.0
GO_Biological_Process_2021,positive regulation of cysteine-type endopeptidase activity involved in apoptotic process (GO:0043280),3/119,0.5296429929725642,1.0798664956869646,0.6863114164295393,CASP9;LAPTM5;MUL1,1.0
GO_Biological_Process_2021,negative regulation of DNA biosynthetic process (GO:2000279),1/32,0.5315354899065905,1.3470331969620577,0.8513051929960255,EXOSC10,1.0
GO_Biological_Process_2021,negative regulation of double-strand break repair (GO:2000780),1/32,0.5315354899065905,1.3470331969620577,0.8513051929960255,MAD2L2,1.0
GO_Biological_Process_2021,negative regulation of cell-matrix adhesion (GO:0001953),1/32,0.5315354899065905,1.3470331969620577,0.8513051929960255,RCC2,1.0
GO_Biological_Process_2021,negative regulation of microtubule polymerization or depolymerization (GO:0031111),1/32,0.5315354899065905,1.3470331969620577,0.8513051929960255,STMN1,1.0
GO_Biological_Process_2021,RNA biosynthetic process (GO:0032774),1/32,0.5315354899065905,1.3470331969620577,0.8513051929960255,TAF12,1.0
GO_Biological_Process_2021,membrane depolarization (GO:0051899),1/32,0.5315354899065905,1.3470331969620577,0.8513051929960255,ATP5IF1,1.0
GO_Biological_Process_2021,metal ion export (GO:0070839),1/32,0.5315354899065905,1.3470331969620577,0.8513051929960255,SLC9A1,1.0
GO_Biological_Process_2021,superoxide metabolic process (GO:0006801),1/32,0.5315354899065905,1.3470331969620577,0.8513051929960255,PRDX1,1.0
GO_Biological_Process_2021,positive regulation of glucose transmembrane transport (GO:0010828),1/32,0.5315354899065905,1.3470331969620577,0.8513051929960255,C1QTNF12,1.0
GO_Biological_Process_2021,B cell proliferation (GO:0042100),1/32,0.5315354899065905,1.3470331969620577,0.8513051929960255,CTPS1,1.0
GO_Biological_Process_2021,DNA damage checkpoint signaling (GO:0000077),1/32,0.5315354899065905,1.3470331969620577,0.8513051929960255,FBXO6,1.0
GO_Biological_Process_2021,GPI anchor biosynthetic process (GO:0006506),1/32,0.5315354899065905,1.3470331969620577,0.8513051929960255,PIGV,1.0
GO_Biological_Process_2021,establishment or maintenance of epithelial cell apical/basal polarity (GO:0045197),1/32,0.5315354899065905,1.3470331969620577,0.8513051929960255,CDC42,1.0
GO_Biological_Process_2021,regulation of cellular biosynthetic process (GO:0031326),1/32,0.5315354899065905,1.3470331969620577,0.8513051929960255,TNFRSF1B,1.0
GO_Biological_Process_2021,regulation of chemotaxis (GO:0050920),1/32,0.5315354899065905,1.3470331969620577,0.8513051929960255,ZSWIM5,1.0
GO_Biological_Process_2021,intra-Golgi vesicle-mediated transport (GO:0006891),1/32,0.5315354899065905,1.3470331969620577,0.8513051929960255,TRAPPC3,1.0
GO_Biological_Process_2021,regulation of BMP signaling pathway (GO:0030510),2/76,0.533911650557345,1.1285233495213063,0.7081765044310235,NBL1;SKI,1.0
GO_Biological_Process_2021,regulation of RNA splicing (GO:0043484),2/76,0.533911650557345,1.1285233495213063,0.7081765044310235,KHDRBS1;SRSF10,1.0
GO_Biological_Process_2021,establishment of protein localization to organelle (GO:0072594),2/76,0.533911650557345,1.1285233495213063,0.7081765044310235,IPO13;PINK1,1.0
GO_Biological_Process_2021,cell morphogenesis involved in neuron differentiation (GO:0048667),2/76,0.533911650557345,1.1285233495213063,0.7081765044310235,DVL1;MFSD2A,1.0
GO_Biological_Process_2021,protein import into nucleus (GO:0006606),2/76,0.533911650557345,1.1285233495213063,0.7081765044310235,IPO13;KPNA6,1.0
GO_Biological_Process_2021,macroautophagy (GO:0016236),3/120,0.5352959926443923,1.07058172552926,0.6690444486355709,ATP13A2;MFN2;PINK1,1.0
GO_Biological_Process_2021,cytoskeleton organization (GO:0007010),3/120,0.5352959926443923,1.07058172552926,0.6690444486355709,CAPZB;ZMYM4;ZMYM6,1.0
GO_Biological_Process_2021,negative regulation of programmed cell death (GO:0043069),9/381,0.5357479120011551,1.0099093186048291,0.6302758639020648,ATAD3A;HDAC1;IFI6;LAPTM5;PARK7;PDPN;PLK3;PPT1;RPS6KA1,1.0
GO_Biological_Process_2021,positive regulation of nucleic acid-templated transcription (GO:1903508),12/511,0.536231136185628,1.0037443092822307,0.6255234026864116,ARID1A;GPATCH3;HDAC1;HIVEP3;MAD2L2;PITHD1;POU3F1;RLF;RPS6KA1;THRAP3;TP73;ZBTB48,1.0
GO_Biological_Process_2021,negative regulation of transcription by RNA polymerase II (GO:0000122),16/684,0.536713375099799,0.9996290388773715,0.6220602333142448,DMAP1;ENO1;HDAC1;ID3;KDM1A;MAD2L2;NOC2L;PER3;PLK3;PRDM2;SFPQ;SKI;SPEN;ZFP69;ZNF436;ZNF684,1.0
GO_Biological_Process_2021,regulation of cellular macromolecule biosynthetic process (GO:2000112),11/468,0.5369599397090962,1.0046732113567385,0.6247377387962593,CDK11A;CDK11B;DVL1;HP1BP3;MYCBP;NFYC;PPIE;PRDM2;SFPQ;SRSF10;YBX1,1.0
GO_Biological_Process_2021,negative regulation of developmental process (GO:0051093),2/77,0.5409733298298667,1.113419146922336,0.6840683557863182,MUL1;PINK1,1.0
GO_Biological_Process_2021,purine ribonucleotide metabolic process (GO:0009150),2/77,0.5409733298298667,1.113419146922336,0.6840683557863182,ACOT7;EPHA2,1.0
GO_Biological_Process_2021,positive regulation of phosphatidylinositol 3-kinase signaling (GO:0014068),2/77,0.5409733298298667,1.113419146922336,0.6840683557863182,FGR;PIK3CD,1.0
GO_Biological_Process_2021,negative regulation of smooth muscle cell proliferation (GO:0048662),1/33,0.5425151268619051,1.3048714930702037,0.7979802129542782,MFN2,1.0
GO_Biological_Process_2021,regulation of protein localization to cell surface (GO:2000008),1/33,0.5425151268619051,1.3048714930702037,0.7979802129542782,KCNAB2,1.0
GO_Biological_Process_2021,apoptotic mitochondrial changes (GO:0008637),1/33,0.5425151268619051,1.3048714930702037,0.7979802129542782,IFI6,1.0
GO_Biological_Process_2021,muscle cell development (GO:0055001),1/33,0.5425151268619051,1.3048714930702037,0.7979802129542782,KDM1A,1.0
GO_Biological_Process_2021,apoptotic cell clearance (GO:0043277),1/33,0.5425151268619051,1.3048714930702037,0.7979802129542782,XKR8,1.0
GO_Biological_Process_2021,very long-chain fatty acid metabolic process (GO:0000038),1/33,0.5425151268619051,1.3048714930702037,0.7979802129542782,ELOVL1,1.0
GO_Biological_Process_2021,regulation of neurotransmitter secretion (GO:0046928),1/33,0.5425151268619051,1.3048714930702037,0.7979802129542782,RIMS3,1.0
GO_Biological_Process_2021,signal transduction by p53 class mediator (GO:0072331),1/33,0.5425151268619051,1.3048714930702037,0.7979802129542782,SESN2,1.0
GO_Biological_Process_2021,primary alcohol metabolic process (GO:0034308),1/33,0.5425151268619051,1.3048714930702037,0.7979802129542782,DHRS3,1.0
GO_Biological_Process_2021,phosphatidylcholine biosynthetic process (GO:0006656),1/33,0.5425151268619051,1.3048714930702037,0.7979802129542782,MFSD2A,1.0
GO_Biological_Process_2021,lytic vacuole organization (GO:0080171),1/33,0.5425151268619051,1.3048714930702037,0.7979802129542782,MTOR,1.0
GO_Biological_Process_2021,actin filament bundle organization (GO:0061572),1/33,0.5425151268619051,1.3048714930702037,0.7979802129542782,ESPN,1.0
GO_Biological_Process_2021,negative regulation of JNK cascade (GO:0046329),1/33,0.5425151268619051,1.3048714930702037,0.7979802129542782,PINK1,1.0
GO_Biological_Process_2021,positive regulation of histone modification (GO:0031058),1/33,0.5425151268619051,1.3048714930702037,0.7979802129542782,KDM1A,1.0
GO_Biological_Process_2021,actin filament bundle assembly (GO:0051017),1/33,0.5425151268619051,1.3048714930702037,0.7979802129542782,ESPN,1.0
GO_Biological_Process_2021,epithelium development (GO:0060429),3/122,0.546485509158783,1.0524803248856678,0.6359585918895932,DVL1;ERRFI1;MFSD2A,1.0
GO_Biological_Process_2021,negative regulation of blood vessel morphogenesis (GO:2000181),2/78,0.5479605795621381,1.098712423339128,0.660932578474858,AGO1;HSPG2,1.0
GO_Biological_Process_2021,protein modification process (GO:0036211),2/78,0.5479605795621381,1.098712423339128,0.660932578474858,FBXO2;ICMT,1.0
GO_Biological_Process_2021,antigen processing and presentation of exogenous peptide antigen via MHC class I (GO:0042590),2/78,0.5479605795621381,1.098712423339128,0.660932578474858,PSMB2;VAMP3,1.0
GO_Biological_Process_2021,positive regulation of interleukin-12 production (GO:0032735),1/34,0.5532379655772169,1.265265043959674,0.7489952187298203,LAPTM5,1.0
GO_Biological_Process_2021,response to steroid hormone (GO:0048545),1/34,0.5532379655772169,1.265265043959674,0.7489952187298203,PAQR7,1.0
GO_Biological_Process_2021,regulation of transmembrane transport (GO:0034762),1/34,0.5532379655772169,1.265265043959674,0.7489952187298203,SLC2A1,1.0
GO_Biological_Process_2021,organelle disassembly (GO:1903008),1/34,0.5532379655772169,1.265265043959674,0.7489952187298203,PLK3,1.0
GO_Biological_Process_2021,B cell receptor signaling pathway (GO:0050853),1/34,0.5532379655772169,1.265265043959674,0.7489952187298203,PIK3CD,1.0
GO_Biological_Process_2021,negative regulation of extrinsic apoptotic signaling pathway via death domain receptors (GO:1902042),1/34,0.5532379655772169,1.265265043959674,0.7489952187298203,PARK7,1.0
GO_Biological_Process_2021,protein destabilization (GO:0031648),1/34,0.5532379655772169,1.265265043959674,0.7489952187298203,MUL1,1.0
GO_Biological_Process_2021,axoneme assembly (GO:0035082),1/34,0.5532379655772169,1.265265043959674,0.7489952187298203,CFAP74,1.0
GO_Biological_Process_2021,regulation of keratinocyte differentiation (GO:0045616),1/34,0.5532379655772169,1.265265043959674,0.7489952187298203,ERRFI1,1.0
GO_Biological_Process_2021,protein insertion into membrane (GO:0051205),1/34,0.5532379655772169,1.265265043959674,0.7489952187298203,UBE2J2,1.0
GO_Biological_Process_2021,protein localization to chromosome (GO:0034502),1/34,0.5532379655772169,1.265265043959674,0.7489952187298203,RPA2,1.0
GO_Biological_Process_2021,sister chromatid segregation (GO:0000819),1/34,0.5532379655772169,1.265265043959674,0.7489952187298203,WRAP73,1.0
GO_Biological_Process_2021,positive regulation of mitochondrial outer membrane permeabilization involved in apoptotic signaling pathway (GO:1901030),1/34,0.5532379655772169,1.265265043959674,0.7489952187298203,TP73,1.0
GO_Biological_Process_2021,phosphatidylinositol 3-kinase signaling (GO:0014065),1/34,0.5532379655772169,1.265265043959674,0.7489952187298203,PIK3CD,1.0
GO_Biological_Process_2021,regulation of cell adhesion mediated by integrin (GO:0033628),1/34,0.5532379655772169,1.265265043959674,0.7489952187298203,EPHA2,1.0
GO_Biological_Process_2021,axon development (GO:0061564),2/79,0.5548730098595863,1.0843876925762632,0.6387217038205998,EPHB2;SVBP,1.0
GO_Biological_Process_2021,regulation of cellular response to heat (GO:1900034),2/79,0.5548730098595863,1.0843876925762632,0.6387217038205998,MTOR;RPA2,1.0
GO_Biological_Process_2021,regulation of ion transport (GO:0043269),2/79,0.5548730098595863,1.0843876925762632,0.6387217038205998,NKAIN1;VAMP3,1.0
GO_Biological_Process_2021,recombinational repair (GO:0000725),2/79,0.5548730098595863,1.0843876925762632,0.6387217038205998,RPA2;SFPQ,1.0
GO_Biological_Process_2021,defense response to symbiont (GO:0140546),3/124,0.557516363031384,1.034977317651781,0.604699392770418,IFI6;IFNLR1;ISG15,1.0
GO_Biological_Process_2021,positive regulation of multicellular organismal process (GO:0051240),8/345,0.560220381468779,0.9905818393867838,0.5739679162950818,ENO1;FGR;KDM1A;MAD2L2;MFN2;MTOR;PDPN;PIK3CD,1.0
GO_Biological_Process_2021,peptidyl-serine modification (GO:0018209),4/169,0.5606353738724065,1.0118599578164977,0.5855477164798283,MTOR;PINK1;PRKCZ;RPS6KA1,1.0
GO_Biological_Process_2021,negative regulation of cell cycle (GO:0045786),2/80,0.5617102896683638,1.07043026260219,0.6173910572283521,CAMK2N1;ZBTB17,1.0
GO_Biological_Process_2021,regulation of NIK/NF-kappaB signaling (GO:1901222),2/80,0.5617102896683638,1.07043026260219,0.6173910572283521,LAPTM5;ZC3H12A,1.0
GO_Biological_Process_2021,negative regulation of cellular response to growth factor stimulus (GO:0090288),2/80,0.5617102896683638,1.07043026260219,0.6173910572283521,NBL1;SKI,1.0
GO_Biological_Process_2021,negative regulation of cellular component organization (GO:0051129),2/80,0.5617102896683638,1.07043026260219,0.6173910572283521,CDC42;PRKCZ,1.0
GO_Biological_Process_2021,regulation of protein secretion (GO:0050708),3/125,0.5629711353669613,1.0264410149434509,0.5897179964036616,ATP13A2;P3H1;SLC2A1,1.0
GO_Biological_Process_2021,innate immune response (GO:0045087),7/302,0.5632467060062338,0.9901760884516382,0.5683982537824173,ATAD3A;FGR;IFI6;IFNLR1;ISG15;PIK3CD;TRIM62,1.0
GO_Biological_Process_2021,intracellular pH reduction (GO:0051452),1/35,0.563709999640618,1.2279883859732932,0.7039017860231485,ATP6V0B,1.0
GO_Biological_Process_2021,negative regulation of organelle assembly (GO:1902116),1/35,0.563709999640618,1.2279883859732932,0.7039017860231485,PINK1,1.0
GO_Biological_Process_2021,protein localization to cilium (GO:0061512),1/35,0.563709999640618,1.2279883859732932,0.7039017860231485,NPHP4,1.0
GO_Biological_Process_2021,maturation of SSU-rRNA (GO:0030490),1/35,0.563709999640618,1.2279883859732932,0.7039017860231485,RPS8,1.0
GO_Biological_Process_2021,regulation of regulated secretory pathway (GO:1903305),1/35,0.563709999640618,1.2279883859732932,0.7039017860231485,RIMS3,1.0
GO_Biological_Process_2021,peptidyl-tyrosine dephosphorylation (GO:0035335),1/35,0.563709999640618,1.2279883859732932,0.7039017860231485,PTPRF,1.0
GO_Biological_Process_2021,regulation of blood circulation (GO:1903522),1/35,0.563709999640618,1.2279883859732932,0.7039017860231485,ECE1,1.0
GO_Biological_Process_2021,respiratory system development (GO:0060541),1/35,0.563709999640618,1.2279883859732932,0.7039017860231485,PDPN,1.0
GO_Biological_Process_2021,muscle cell differentiation (GO:0042692),1/35,0.563709999640618,1.2279883859732932,0.7039017860231485,KDM1A,1.0
GO_Biological_Process_2021,regulation of autophagosome assembly (GO:2000785),1/35,0.563709999640618,1.2279883859732932,0.7039017860231485,PINK1,1.0
GO_Biological_Process_2021,positive regulation of cell cycle G1/S phase transition (GO:1902808),1/35,0.563709999640618,1.2279883859732932,0.7039017860231485,LSM10,1.0
GO_Biological_Process_2021,negative regulation of epithelial cell migration (GO:0010633),1/35,0.563709999640618,1.2279883859732932,0.7039017860231485,SVBP,1.0
GO_Biological_Process_2021,regulation of T cell receptor signaling pathway (GO:0050856),1/35,0.563709999640618,1.2279883859732932,0.7039017860231485,LAPTM5,1.0
GO_Biological_Process_2021,regulation of lipid biosynthetic process (GO:0046890),1/35,0.563709999640618,1.2279883859732932,0.7039017860231485,MTOR,1.0
GO_Biological_Process_2021,regulation of phosphatidylinositol 3-kinase activity (GO:0043551),1/35,0.563709999640618,1.2279883859732932,0.7039017860231485,FGR,1.0
GO_Biological_Process_2021,negative regulation of T cell proliferation (GO:0042130),1/35,0.563709999640618,1.2279883859732932,0.7039017860231485,TNFRSF14,1.0
GO_Biological_Process_2021,regulation of muscle cell differentiation (GO:0051147),1/35,0.563709999640618,1.2279883859732932,0.7039017860231485,CDC42,1.0
GO_Biological_Process_2021,response to estrogen (GO:0043627),1/35,0.563709999640618,1.2279883859732932,0.7039017860231485,CITED4,1.0
GO_Biological_Process_2021,cellular response to hydrogen peroxide (GO:0070301),1/35,0.563709999640618,1.2279883859732932,0.7039017860231485,PARK7,1.0
GO_Biological_Process_2021,blood vessel diameter maintenance (GO:0097746),1/35,0.563709999640618,1.2279883859732932,0.7039017860231485,ECE1,1.0
GO_Biological_Process_2021,response to exogenous dsRNA (GO:0043330),1/35,0.563709999640618,1.2279883859732932,0.7039017860231485,MUL1,1.0
GO_Biological_Process_2021,positive regulation of GTPase activity (GO:0043547),5/214,0.5638707897281594,0.9984291955241248,0.5720301887133766,AGRN;ARHGEF16;ASAP3;EPHA2;RAP1GAP,1.0
GO_Biological_Process_2021,translation (GO:0006412),5/214,0.5638707897281594,0.9984291955241248,0.5720301887133766,MRPS15;PABPC4;RPL11;RPL22;RPS8,1.0
GO_Biological_Process_2021,circulatory system development (GO:0072359),3/126,0.5683849069594115,1.0180435139051751,0.5751502359874245,C1ORF127;ECE1;HSPG2,1.0
GO_Biological_Process_2021,neutrophil degranulation (GO:0043312),11/481,0.5737237858539886,0.9762186113030055,0.5423940968231223,ATAD3B;CAP1;DDOST;FGR;FUCA1;KCNAB2;PADI2;PPIE;SLC2A5;TNFRSF1B;UBR4,1.0
GO_Biological_Process_2021,positive regulation of myeloid leukocyte differentiation (GO:0002763),1/36,0.5739370830449849,1.1928418227289914,0.6623081259714688,CTNNBIP1,1.0
GO_Biological_Process_2021,membrane fusion (GO:0061025),1/36,0.5739370830449849,1.1928418227289914,0.6623081259714688,VAMP3,1.0
GO_Biological_Process_2021,establishment of protein localization to plasma membrane (GO:0061951),1/36,0.5739370830449849,1.1928418227289914,0.6623081259714688,MACF1,1.0
GO_Biological_Process_2021,intrinsic apoptotic signaling pathway by p53 class mediator (GO:0072332),1/36,0.5739370830449849,1.1928418227289914,0.6623081259714688,TP73,1.0
GO_Biological_Process_2021,telomere maintenance via telomere lengthening (GO:0010833),1/36,0.5739370830449849,1.1928418227289914,0.6623081259714688,ZBTB48,1.0
GO_Biological_Process_2021,regulation of sodium ion transport (GO:0002028),1/36,0.5739370830449849,1.1928418227289914,0.6623081259714688,NKAIN1,1.0
GO_Biological_Process_2021,negative regulation of toll-like receptor signaling pathway (GO:0034122),1/36,0.5739370830449849,1.1928418227289914,0.6623081259714688,SMPDL3B,1.0
GO_Biological_Process_2021,retina homeostasis (GO:0001895),1/36,0.5739370830449849,1.1928418227289914,0.6623081259714688,PRDX1,1.0
GO_Biological_Process_2021,cyclic-nucleotide-mediated signaling (GO:0019935),1/36,0.5739370830449849,1.1928418227289914,0.6623081259714688,CAP1,1.0
GO_Biological_Process_2021,positive regulation of interferon-beta production (GO:0032728),1/36,0.5739370830449849,1.1928418227289914,0.6623081259714688,ISG15,1.0
GO_Biological_Process_2021,positive regulation of bone mineralization (GO:0030501),1/36,0.5739370830449849,1.1928418227289914,0.6623081259714688,ISG15,1.0
GO_Biological_Process_2021,regulation of osteoclast differentiation (GO:0045670),1/36,0.5739370830449849,1.1928418227289914,0.6623081259714688,MTOR,1.0
GO_Biological_Process_2021,positive regulation of innate immune response (GO:0045089),1/36,0.5739370830449849,1.1928418227289914,0.6623081259714688,TRIM62,1.0
GO_Biological_Process_2021,mitochondrion disassembly (GO:0061726),1/36,0.5739370830449849,1.1928418227289914,0.6623081259714688,PINK1,1.0
GO_Biological_Process_2021,macrophage activation (GO:0042116),1/36,0.5739370830449849,1.1928418227289914,0.6623081259714688,C1QA,1.0
GO_Biological_Process_2021,positive regulation of substrate adhesion-dependent cell spreading (GO:1900026),1/36,0.5739370830449849,1.1928418227289914,0.6623081259714688,CDC42,1.0
GO_Biological_Process_2021,activation of adenylate cyclase activity (GO:0007190),1/36,0.5739370830449849,1.1928418227289914,0.6623081259714688,CAP1,1.0
GO_Biological_Process_2021,regulation of microtubule-based process (GO:0032886),1/36,0.5739370830449849,1.1928418227289914,0.6623081259714688,MACF1,1.0
GO_Biological_Process_2021,negative regulation of DNA metabolic process (GO:0051053),1/36,0.5739370830449849,1.1928418227289914,0.6623081259714688,DFFA,1.0
GO_Biological_Process_2021,transferrin transport (GO:0033572),1/36,0.5739370830449849,1.1928418227289914,0.6623081259714688,ATP6V0B,1.0
GO_Biological_Process_2021,positive regulation of cytokine-mediated signaling pathway (GO:0001961),1/36,0.5739370830449849,1.1928418227289914,0.6623081259714688,LAPTM5,1.0
GO_Biological_Process_2021,axonal transport (GO:0098930),1/36,0.5739370830449849,1.1928418227289914,0.6623081259714688,KIF1B,1.0
GO_Biological_Process_2021,regulation of osteoblast differentiation (GO:0045667),2/83,0.5817687457196681,1.0306257400835361,0.5582716742662643,CTNNBIP1;SKI,1.0
GO_Biological_Process_2021,regulation of interleukin-1 beta production (GO:0032651),2/83,0.5817687457196681,1.0306257400835361,0.5582716742662643,CPTP;ZC3H12A,1.0
GO_Biological_Process_2021,regulation of intracellular pH (GO:0051453),1/37,0.5839249334324296,1.1596478463315951,0.6238706453164949,SLC9A1,1.0
GO_Biological_Process_2021,regulation of p38MAPK cascade (GO:1900744),1/37,0.5839249334324296,1.1596478463315951,0.6238706453164949,ZC3H12A,1.0
GO_Biological_Process_2021,regulation of microtubule cytoskeleton organization (GO:0070507),1/37,0.5839249334324296,1.1596478463315951,0.6238706453164949,STMN1,1.0
GO_Biological_Process_2021,regulation of glucose import (GO:0046324),1/37,0.5839249334324296,1.1596478463315951,0.6238706453164949,C1QTNF12,1.0
GO_Biological_Process_2021,negative regulation of stress-activated MAPK cascade (GO:0032873),1/37,0.5839249334324296,1.1596478463315951,0.6238706453164949,PINK1,1.0
GO_Biological_Process_2021,"nucleotide-excision repair, DNA incision, 5'-to lesion (GO:0006296)",1/37,0.5839249334324296,1.1596478463315951,0.6238706453164949,RPA2,1.0
GO_Biological_Process_2021,positive regulation of myeloid cell differentiation (GO:0045639),1/37,0.5839249334324296,1.1596478463315951,0.6238706453164949,PITHD1,1.0
GO_Biological_Process_2021,regulation of protein autophosphorylation (GO:0031952),1/37,0.5839249334324296,1.1596478463315951,0.6238706453164949,ERRFI1,1.0
GO_Biological_Process_2021,regulation of actin cytoskeleton reorganization (GO:2000249),1/37,0.5839249334324296,1.1596478463315951,0.6238706453164949,CDC42,1.0
GO_Biological_Process_2021,proton transmembrane transport (GO:1902600),1/37,0.5839249334324296,1.1596478463315951,0.6238706453164949,SLC9A1,1.0
GO_Biological_Process_2021,anterograde axonal transport (GO:0008089),1/37,0.5839249334324296,1.1596478463315951,0.6238706453164949,KIF1B,1.0
GO_Biological_Process_2021,negative regulation of G1/S transition of mitotic cell cycle (GO:2000134),1/37,0.5839249334324296,1.1596478463315951,0.6238706453164949,PLK3,1.0
GO_Biological_Process_2021,phospholipid biosynthetic process (GO:0008654),1/37,0.5839249334324296,1.1596478463315951,0.6238706453164949,DHDDS,1.0
GO_Biological_Process_2021,phagosome maturation (GO:0090382),1/37,0.5839249334324296,1.1596478463315951,0.6238706453164949,ATP6V0B,1.0
GO_Biological_Process_2021,neural crest cell migration (GO:0001755),1/37,0.5839249334324296,1.1596478463315951,0.6238706453164949,PHACTR4,1.0
GO_Biological_Process_2021,positive regulation of exocytosis (GO:0045921),1/37,0.5839249334324296,1.1596478463315951,0.6238706453164949,ATP13A2,1.0
GO_Biological_Process_2021,negative regulation of endothelial cell proliferation (GO:0001937),1/37,0.5839249334324296,1.1596478463315951,0.6238706453164949,ATP5IF1,1.0
GO_Biological_Process_2021,acyl-CoA metabolic process (GO:0006637),1/37,0.5839249334324296,1.1596478463315951,0.6238706453164949,ACOT7,1.0
GO_Biological_Process_2021,tRNA transport (GO:0051031),1/37,0.5839249334324296,1.1596478463315951,0.6238706453164949,YBX1,1.0
GO_Biological_Process_2021,positive regulation of cytokinesis (GO:0032467),1/37,0.5839249334324296,1.1596478463315951,0.6238706453164949,CDC42,1.0
GO_Biological_Process_2021,neutrophil activation involved in immune response (GO:0002283),11/485,0.5847933512946624,0.9677773570189705,0.5192093968991032,ATAD3B;CAP1;DDOST;FGR;FUCA1;KCNAB2;PADI2;PPIE;SLC2A5;TNFRSF1B;UBR4,1.0
GO_Biological_Process_2021,spindle assembly (GO:0051225),2/84,0.5883032031102906,1.0180047939190848,0.5400645862973488,RCC1;WRAP73,1.0
GO_Biological_Process_2021,nuclear export (GO:0051168),2/84,0.5883032031102906,1.0180047939190848,0.5400645862973488,SRRM1;SRSF4,1.0
GO_Biological_Process_2021,ubiquitin-dependent protein catabolic process (GO:0006511),8/354,0.5894482520205724,0.9643628847908043,0.5097316946585054,HECTD3;PINK1;PSMB2;RNF19B;SPSB1;UBE4B;UBR4;UBXN11,1.0
GO_Biological_Process_2021,Golgi organization (GO:0007030),3/130,0.589622520440924,0.9857759508604613,0.5207585652506526,CDC42;PLEKHM2;PLK3,1.0
GO_Biological_Process_2021,regulation of primary metabolic process (GO:0080090),3/130,0.589622520440924,0.9857759508604613,0.5207585652506526,NFYC;PSMB2;ZFP69,1.0
GO_Biological_Process_2021,neutrophil mediated immunity (GO:0002446),11/488,0.5930131847492195,0.9615393231927182,0.502441456260277,ATAD3B;CAP1;DDOST;FGR;FUCA1;KCNAB2;PADI2;PPIE;SLC2A5;TNFRSF1B;UBR4,1.0
GO_Biological_Process_2021,ventricular septum development (GO:0003281),1/38,0.5936791352634989,1.1282481389286527,0.5882869496510219,HEYL,1.0
GO_Biological_Process_2021,positive regulation of potassium ion transport (GO:0043268),1/38,0.5936791352634989,1.1282481389286527,0.5882869496510219,GNB1,1.0
GO_Biological_Process_2021,regulation of phosphoprotein phosphatase activity (GO:0043666),1/38,0.5936791352634989,1.1282481389286527,0.5882869496510219,MTOR,1.0
GO_Biological_Process_2021,lysosome organization (GO:0007040),1/38,0.5936791352634989,1.1282481389286527,0.5882869496510219,MTOR,1.0
GO_Biological_Process_2021,lymphocyte proliferation (GO:0046651),1/38,0.5936791352634989,1.1282481389286527,0.5882869496510219,CTPS1,1.0
GO_Biological_Process_2021,negative regulation of G0 to G1 transition (GO:0070317),1/38,0.5936791352634989,1.1282481389286527,0.5882869496510219,RBBP4,1.0
GO_Biological_Process_2021,spliceosomal snRNP assembly (GO:0000387),1/38,0.5936791352634989,1.1282481389286527,0.5882869496510219,SRSF10,1.0
GO_Biological_Process_2021,positive regulation of cell development (GO:0010720),1/38,0.5936791352634989,1.1282481389286527,0.5882869496510219,SPEN,1.0
GO_Biological_Process_2021,DNA replication initiation (GO:0006270),1/38,0.5936791352634989,1.1282481389286527,0.5882869496510219,RPA2,1.0
GO_Biological_Process_2021,negative regulation of endothelial cell migration (GO:0010596),1/38,0.5936791352634989,1.1282481389286527,0.5882869496510219,SVBP,1.0
GO_Biological_Process_2021,regulation of axon extension (GO:0030516),1/38,0.5936791352634989,1.1282481389286527,0.5882869496510219,MACF1,1.0
GO_Biological_Process_2021,negative regulation of defense response (GO:0031348),2/85,0.5947616517783095,1.0056879669393193,0.522549975498082,MUL1;SMPDL3B,1.0
GO_Biological_Process_2021,positive regulation of protein catabolic process (GO:0045732),2/85,0.5947616517783095,1.0056879669393193,0.522549975498082,PLK3;TNFRSF1B,1.0
GO_Biological_Process_2021,negative regulation of signal transduction (GO:0009968),6/267,0.5968075564129821,0.9588993179518733,0.49494601720609044,CTNNBIP1;PHACTR4;PRKCZ;PTCH2;SMPDL3B;YTHDF2,1.0
GO_Biological_Process_2021,positive regulation of endothelial cell migration (GO:0010595),2/86,0.6011440635116678,0.9936643977447861,0.5056963479052022,PIK3CD;ZC3H12A,1.0
GO_Biological_Process_2021,positive regulation of proteasomal protein catabolic process (GO:1901800),2/86,0.6011440635116678,0.9936643977447861,0.5056963479052022,DVL1;RNF19B,1.0
GO_Biological_Process_2021,regulation of Ras protein signal transduction (GO:0046578),2/86,0.6011440635116678,0.9936643977447861,0.5056963479052022,EPHB2;MFN2,1.0
GO_Biological_Process_2021,regulation of translation (GO:0006417),4/178,0.6016687335312438,0.9590764760603316,0.48725713645874547,EIF4G3;MTOR;RPS6KA1;YBX1,1.0
GO_Biological_Process_2021,odontogenesis (GO:0042476),1/39,0.6032051429128665,1.0985010477048125,0.5552900126113163,HDAC1,1.0
GO_Biological_Process_2021,"nucleotide-excision repair, DNA incision (GO:0033683)",1/39,0.6032051429128665,1.0985010477048125,0.5552900126113163,RPA2,1.0
GO_Biological_Process_2021,cellular response to ketone (GO:1901655),1/39,0.6032051429128665,1.0985010477048125,0.5552900126113163,GNB1,1.0
GO_Biological_Process_2021,DNA integrity checkpoint signaling (GO:0031570),1/39,0.6032051429128665,1.0985010477048125,0.5552900126113163,FBXO6,1.0
GO_Biological_Process_2021,regulation of viral entry into host cell (GO:0046596),1/39,0.6032051429128665,1.0985010477048125,0.5552900126113163,TRIM62,1.0
GO_Biological_Process_2021,response to peptide (GO:1901652),1/39,0.6032051429128665,1.0985010477048125,0.5552900126113163,EIF2B3,1.0
GO_Biological_Process_2021,regulation of T cell differentiation (GO:0045580),1/39,0.6032051429128665,1.0985010477048125,0.5552900126113163,TNFRSF18,1.0
GO_Biological_Process_2021,negative regulation of cellular metabolic process (GO:0031324),1/39,0.6032051429128665,1.0985010477048125,0.5552900126113163,PINK1,1.0
GO_Biological_Process_2021,protein acylation (GO:0043543),1/39,0.6032051429128665,1.0985010477048125,0.5552900126113163,ZDHHC18,1.0
GO_Biological_Process_2021,positive regulation of intracellular transport (GO:0032388),1/39,0.6032051429128665,1.0985010477048125,0.5552900126113163,PLK3,1.0
GO_Biological_Process_2021,negative regulation of protein secretion (GO:0050709),1/39,0.6032051429128665,1.0985010477048125,0.5552900126113163,BMP8A,1.0
GO_Biological_Process_2021,regulation of dendrite development (GO:0050773),1/39,0.6032051429128665,1.0985010477048125,0.5552900126113163,MFSD2A,1.0
GO_Biological_Process_2021,regulation of intracellular transport (GO:0032386),1/39,0.6032051429128665,1.0985010477048125,0.5552900126113163,ATP13A2,1.0
GO_Biological_Process_2021,"mitochondrial electron transport, NADH to ubiquinone (GO:0006120)",1/39,0.6032051429128665,1.0985010477048125,0.5552900126113163,NDUFS5,1.0
GO_Biological_Process_2021,phospholipid dephosphorylation (GO:0046839),1/39,0.6032051429128665,1.0985010477048125,0.5552900126113163,INPP5B,1.0
GO_Biological_Process_2021,endothelial cell migration (GO:0043542),1/39,0.6032051429128665,1.0985010477048125,0.5552900126113163,PLEKHG5,1.0
GO_Biological_Process_2021,positive regulation of cell migration (GO:0030335),6/269,0.6040659022059833,0.951508547376529,0.47962879497651545,EPHB2;FGR;MTOR;PDPN;PIK3CD;TNFRSF18,1.0
GO_Biological_Process_2021,cellular macromolecule biosynthetic process (GO:0034645),7/314,0.6044404509041283,0.9508786108007847,0.47872185575110204,MRPS15;PABPC4;RPA2;RPL11;RPL22;RPS8;RRAGC,1.0
GO_Biological_Process_2021,transmembrane receptor protein serine/threonine kinase signaling pathway (GO:0007178),3/133,0.6051034294112277,0.9628783916998859,0.48370761973326926,BMP8A;PRKCZ;SKI,1.0
GO_Biological_Process_2021,transmembrane receptor protein tyrosine kinase signaling pathway (GO:0007169),9/404,0.6064138392605236,0.9499627497181388,0.4751643594529163,ATP6V0B;CDC42;CNKSR1;EPHA2;EPHB2;FGR;STMN1;TIE1;WASF2,1.0
GO_Biological_Process_2021,negative regulation of angiogenesis (GO:0016525),2/87,0.6074504529459829,0.9819237360607126,0.48947392563734715,AGO1;HSPG2,1.0
GO_Biological_Process_2021,synaptic vesicle exocytosis (GO:0016079),1/40,0.6125082836932271,1.070279448338605,0.5246432926826154,RIMS3,1.0
GO_Biological_Process_2021,positive regulation of wound healing (GO:0090303),1/40,0.6125082836932271,1.070279448338605,0.5246432926826154,MTOR,1.0
GO_Biological_Process_2021,negative regulation of cell-substrate adhesion (GO:0010812),1/40,0.6125082836932271,1.070279448338605,0.5246432926826154,RCC2,1.0
GO_Biological_Process_2021,autophagy of mitochondrion (GO:0000422),1/40,0.6125082836932271,1.070279448338605,0.5246432926826154,PINK1,1.0
GO_Biological_Process_2021,carboxylic acid metabolic process (GO:0019752),1/40,0.6125082836932271,1.070279448338605,0.5246432926826154,SLC2A1,1.0
GO_Biological_Process_2021,stem cell differentiation (GO:0048863),1/40,0.6125082836932271,1.070279448338605,0.5246432926826154,PUM1,1.0
GO_Biological_Process_2021,negative regulation of I-kappaB kinase/NF-kappaB signaling (GO:0043124),1/40,0.6125082836932271,1.070279448338605,0.5246432926826154,ZC3H12A,1.0
GO_Biological_Process_2021,regulation of nitric oxide biosynthetic process (GO:0045428),1/40,0.6125082836932271,1.070279448338605,0.5246432926826154,ZC3H12A,1.0
GO_Biological_Process_2021,positive regulation of ossification (GO:0045778),1/40,0.6125082836932271,1.070279448338605,0.5246432926826154,ISG15,1.0
GO_Biological_Process_2021,positive regulation of double-strand break repair (GO:2000781),1/40,0.6125082836932271,1.070279448338605,0.5246432926826154,MAD2L2,1.0
GO_Biological_Process_2021,positive regulation of intrinsic apoptotic signaling pathway (GO:2001244),1/40,0.6125082836932271,1.070279448338605,0.5246432926826154,SFPQ,1.0
GO_Biological_Process_2021,glycolipid biosynthetic process (GO:0009247),1/40,0.6125082836932271,1.070279448338605,0.5246432926826154,PIGV,1.0
GO_Biological_Process_2021,positive regulation of cation channel activity (GO:2001259),1/40,0.6125082836932271,1.070279448338605,0.5246432926826154,EPHB2,1.0
GO_Biological_Process_2021,regulation of microtubule polymerization (GO:0031113),1/40,0.6125082836932271,1.070279448338605,0.5246432926826154,STMN1,1.0
GO_Biological_Process_2021,negative regulation of cytokine production (GO:0001818),4/182,0.6191471880847303,0.9373304723405627,0.449367711586543,GPATCH3;ISG15;LAPTM5;ZC3H12A,1.0
GO_Biological_Process_2021,regulation of cysteine-type endopeptidase activity involved in apoptotic process (GO:0043281),2/89,0.6198354258784493,0.9592521134983638,0.45881151210834475,IFI6;RPS6KA1,1.0
GO_Biological_Process_2021,protein import (GO:0017038),2/89,0.6198354258784493,0.9592521134983638,0.45881151210834475,IPO13;PEX14,1.0
GO_Biological_Process_2021,regulation of type I interferon production (GO:0032479),2/89,0.6198354258784493,0.9592521134983638,0.45881151210834475,GPATCH3;ISG15,1.0
GO_Biological_Process_2021,transforming growth factor beta receptor signaling pathway (GO:0007179),2/89,0.6198354258784493,0.9592521134983638,0.45881151210834475,PRKCZ;SKI,1.0
GO_Biological_Process_2021,ribonucleoprotein complex assembly (GO:0022618),3/136,0.620193194842181,0.9410138051330204,0.44954510949525833,MRPL20;RPL11;SRSF10,1.0
GO_Biological_Process_2021,acylglycerol metabolic process (GO:0006639),1/41,0.6215937608090362,1.0434689289407082,0.4961366244790896,LYPLA2,1.0
GO_Biological_Process_2021,protein methylation (GO:0006479),1/41,0.6215937608090362,1.0434689289407082,0.4961366244790896,ICMT,1.0
GO_Biological_Process_2021,carbohydrate catabolic process (GO:0016052),1/41,0.6215937608090362,1.0434689289407082,0.4961366244790896,ENO1,1.0
GO_Biological_Process_2021,regulation of G0 to G1 transition (GO:0070316),1/41,0.6215937608090362,1.0434689289407082,0.4961366244790896,RBBP4,1.0
GO_Biological_Process_2021,response to growth factor (GO:0070848),1/41,0.6215937608090362,1.0434689289407082,0.4961366244790896,EPHA2,1.0
GO_Biological_Process_2021,regulation of release of cytochrome c from mitochondria (GO:0090199),1/41,0.6215937608090362,1.0434689289407082,0.4961366244790896,PINK1,1.0
GO_Biological_Process_2021,positive regulation of biomineral tissue development (GO:0070169),1/41,0.6215937608090362,1.0434689289407082,0.4961366244790896,ISG15,1.0
GO_Biological_Process_2021,visual system development (GO:0150063),1/41,0.6215937608090362,1.0434689289407082,0.4961366244790896,C1QA,1.0
GO_Biological_Process_2021,positive regulation of TOR signaling (GO:0032008),1/41,0.6215937608090362,1.0434689289407082,0.4961366244790896,RRAGC,1.0
GO_Biological_Process_2021,gluconeogenesis (GO:0006094),1/41,0.6215937608090362,1.0434689289407082,0.4961366244790896,ENO1,1.0
GO_Biological_Process_2021,regulation of viral transcription (GO:0046782),1/41,0.6215937608090362,1.0434689289407082,0.4961366244790896,TRIM62,1.0
GO_Biological_Process_2021,negative regulation of cell-cell adhesion (GO:0022408),1/41,0.6215937608090362,1.0434689289407082,0.4961366244790896,MAD2L2,1.0
GO_Biological_Process_2021,T cell differentiation (GO:0030217),1/41,0.6215937608090362,1.0434689289407082,0.4961366244790896,PIK3CD,1.0
GO_Biological_Process_2021,epithelial cell migration (GO:0010631),1/41,0.6215937608090362,1.0434689289407082,0.4961366244790896,PLEKHG5,1.0
GO_Biological_Process_2021,positive regulation of cation transmembrane transport (GO:1904064),1/41,0.6215937608090362,1.0434689289407082,0.4961366244790896,GNB1,1.0
GO_Biological_Process_2021,transcription by RNA polymerase II (GO:0006366),7/320,0.6242589967649095,0.9323598313966286,0.4393185709701836,ELOA;HDAC1;INTS11;LSM10;MED18;SSU72;TAF12,1.0
GO_Biological_Process_2021,cellular amino acid catabolic process (GO:0009063),2/90,0.6259142353955284,0.9483027503290475,0.44431959273506705,ALDH4A1;HMGCL,1.0
GO_Biological_Process_2021,mitochondrial respiratory chain complex assembly (GO:0033108),2/90,0.6259142353955284,0.9483027503290475,0.44431959273506705,NDUFS5;SLC25A33,1.0
GO_Biological_Process_2021,protein complex oligomerization (GO:0051259),2/90,0.6259142353955284,0.9483027503290475,0.44431959273506705,SLC9A1;ZC3H12A,1.0
GO_Biological_Process_2021,sodium ion transport (GO:0006814),2/90,0.6259142353955284,0.9483027503290475,0.44431959273506705,SCNN1D;SLC6A9,1.0
GO_Biological_Process_2021,skeletal system morphogenesis (GO:0048705),1/42,0.6304666562417429,1.017966239757343,0.469582746345496,SKI,1.0
GO_Biological_Process_2021,phosphatidylinositol phosphate biosynthetic process (GO:0046854),1/42,0.6304666562417429,1.017966239757343,0.469582746345496,PIK3CD,1.0
GO_Biological_Process_2021,heterophilic cell-cell adhesion via plasma membrane cell adhesion molecules (GO:0007157),1/42,0.6304666562417429,1.017966239757343,0.469582746345496,IGSF21,1.0
GO_Biological_Process_2021,nucleic acid-templated transcription (GO:0097659),1/42,0.6304666562417429,1.017966239757343,0.469582746345496,RRAGC,1.0
GO_Biological_Process_2021,DNA metabolic process (GO:0006259),6/277,0.6323741670494651,0.9230363537209588,0.4230035837017538,CENPS;DFFB;FBXO6;MUTYH;PARK7;RPA2,1.0
GO_Biological_Process_2021,positive regulation of cellular component biogenesis (GO:0044089),2/92,0.6378453332649479,0.9271339815350361,0.4168945556352769,ATP13A2;PARK7,1.0
GO_Biological_Process_2021,regulation of peptidyl-tyrosine phosphorylation (GO:0050730),2/92,0.6378453332649479,0.9271339815350361,0.4168945556352769,PRKCZ;TNFRSF14,1.0
GO_Biological_Process_2021,regulation of cell-substrate adhesion (GO:0010810),1/43,0.639131933568071,0.9936779643446139,0.44481435339571423,PDPN,1.0
GO_Biological_Process_2021,regulation of cytokine production involved in inflammatory response (GO:1900015),1/43,0.639131933568071,0.9936779643446139,0.44481435339571423,ZC3H12A,1.0
GO_Biological_Process_2021,signal release from synapse (GO:0099643),1/43,0.639131933568071,0.9936779643446139,0.44481435339571423,DVL1,1.0
GO_Biological_Process_2021,positive regulation of axonogenesis (GO:0050772),1/43,0.639131933568071,0.9936779643446139,0.44481435339571423,MACF1,1.0
GO_Biological_Process_2021,negative regulation of proteolysis (GO:0045861),1/43,0.639131933568071,0.9936779643446139,0.44481435339571423,CAMK2N1,1.0
GO_Biological_Process_2021,visual perception (GO:0007601),2/93,0.6436980545665177,0.9168985328873823,0.4039172050004702,DHRS3;EYA3,1.0
GO_Biological_Process_2021,positive regulation of cellular catabolic process (GO:0031331),3/141,0.6444603710406757,0.906685347962821,0.3983449055512569,LAPTM5;TNFRSF1B;ZC3H12A,1.0
GO_Biological_Process_2021,positive regulation of osteoblast differentiation (GO:0045669),1/44,0.6475944407129397,0.970519376160384,0.42168158649259213,CTNNBIP1,1.0
GO_Biological_Process_2021,cardiac ventricle morphogenesis (GO:0003208),1/44,0.6475944407129397,0.970519376160384,0.42168158649259213,HEYL,1.0
GO_Biological_Process_2021,lymphocyte chemotaxis (GO:0048247),1/44,0.6475944407129397,0.970519376160384,0.42168158649259213,PIK3CD,1.0
GO_Biological_Process_2021,neurotransmitter secretion (GO:0007269),1/44,0.6475944407129397,0.970519376160384,0.42168158649259213,DVL1,1.0
GO_Biological_Process_2021,positive regulation of cell division (GO:0051781),1/44,0.6475944407129397,0.970519376160384,0.42168158649259213,CDC42,1.0
GO_Biological_Process_2021,positive regulation of cell-matrix adhesion (GO:0001954),1/44,0.6475944407129397,0.970519376160384,0.42168158649259213,COL16A1,1.0
GO_Biological_Process_2021,metal ion homeostasis (GO:0055065),1/44,0.6475944407129397,0.970519376160384,0.42168158649259213,SELENON,1.0
GO_Biological_Process_2021,hexose biosynthetic process (GO:0019319),1/44,0.6475944407129397,0.970519376160384,0.42168158649259213,ENO1,1.0
GO_Biological_Process_2021,mitotic spindle assembly (GO:0090307),1/44,0.6475944407129397,0.970519376160384,0.42168158649259213,WRAP73,1.0
GO_Biological_Process_2021,positive regulation of biosynthetic process (GO:0009891),1/44,0.6475944407129397,0.970519376160384,0.42168158649259213,MTOR,1.0
GO_Biological_Process_2021,positive regulation of potassium ion transmembrane transport (GO:1901381),1/44,0.6475944407129397,0.970519376160384,0.42168158649259213,GNB1,1.0
GO_Biological_Process_2021,regulation of GTPase activity (GO:0043087),4/189,0.6485555596381531,0.9015377256774838,0.3903726912501672,AGRN;ASAP3;RAP1GAP;RCC2,1.0
GO_Biological_Process_2021,nucleosome organization (GO:0034728),2/94,0.6494758977321373,0.9068855939929384,0.391402347695965,ARID1A;DMAP1,1.0
GO_Biological_Process_2021,negative regulation of cellular protein metabolic process (GO:0032269),2/94,0.6494758977321373,0.9068855939929384,0.391402347695965,CAMK2N1;YBX1,1.0
GO_Biological_Process_2021,negative regulation of MAPK cascade (GO:0043409),2/94,0.6494758977321373,0.9068855939929384,0.391402347695965,CAMK2N1;EPHB2,1.0
GO_Biological_Process_2021,neuron development (GO:0048666),3/143,0.6538556205793747,0.8936405342381454,0.3796799059334843,NCDN;PPT1;STMN1,1.0
GO_Biological_Process_2021,receptor-mediated endocytosis (GO:0006898),3/143,0.6538556205793747,0.8936405342381454,0.3796799059334843,HSPG2;LDLRAP1;PPT1,1.0
GO_Biological_Process_2021,sensory perception of light stimulus (GO:0050953),2/95,0.655179154375526,0.8970879871177297,0.37933057171645634,DHRS3;EYA3,1.0
GO_Biological_Process_2021,protein deacetylation (GO:0006476),1/45,0.6558589126384933,0.9484134510754372,0.4000498845544327,HDAC1,1.0
GO_Biological_Process_2021,regulation of DNA repair (GO:0006282),1/45,0.6558589126384933,0.9484134510754372,0.4000498845544327,EYA3,1.0
GO_Biological_Process_2021,microtubule bundle formation (GO:0001578),1/45,0.6558589126384933,0.9484134510754372,0.4000498845544327,CFAP74,1.0
GO_Biological_Process_2021,negative regulation of T cell activation (GO:0050868),1/45,0.6558589126384933,0.9484134510754372,0.4000498845544327,LAPTM5,1.0
GO_Biological_Process_2021,positive regulation of response to biotic stimulus (GO:0002833),1/45,0.6558589126384933,0.9484134510754372,0.4000498845544327,PUM1,1.0
GO_Biological_Process_2021,negative regulation of cell differentiation (GO:0045596),4/191,0.6566763608443631,0.8918034110769825,0.3750603949009231,DISP3;MAD2L2;SKI;YTHDF2,1.0
GO_Biological_Process_2021,positive regulation of programmed cell death (GO:0043068),6/286,0.6627657206839452,0.8929498883715238,0.36730039374182066,ARHGEF16;CASP9;LAPTM5;PLEKHG5;STPG1;UTP11,1.0
GO_Biological_Process_2021,regulation of B cell proliferation (GO:0030888),1/46,0.6639299739707503,0.9272900115498215,0.3797981409732232,EPHB2,1.0
GO_Biological_Process_2021,regulation of fibroblast proliferation (GO:0048145),1/46,0.6639299739707503,0.9272900115498215,0.3797981409732232,SKI,1.0
GO_Biological_Process_2021,interleukin-12-mediated signaling pathway (GO:0035722),1/46,0.6639299739707503,0.9272900115498215,0.3797981409732232,CDC42,1.0
GO_Biological_Process_2021,negative regulation of tumor necrosis factor production (GO:0032720),1/46,0.6639299739707503,0.9272900115498215,0.3797981409732232,ZC3H12A,1.0
GO_Biological_Process_2021,posttranscriptional regulation of gene expression (GO:0010608),1/46,0.6639299739707503,0.9272900115498215,0.3797981409732232,PUM1,1.0
GO_Biological_Process_2021,positive regulation of organelle assembly (GO:1902117),1/46,0.6639299739707503,0.9272900115498215,0.3797981409732232,CROCC,1.0
GO_Biological_Process_2021,establishment of protein localization to extracellular region (GO:0035592),1/46,0.6639299739707503,0.9272900115498215,0.3797981409732232,SVBP,1.0
GO_Biological_Process_2021,"regulation of synaptic transmission, glutamatergic (GO:0051966)",1/46,0.6639299739707503,0.9272900115498215,0.3797981409732232,TPRG1L,1.0
GO_Biological_Process_2021,erythrocyte differentiation (GO:0030218),1/46,0.6639299739707503,0.9272900115498215,0.3797981409732232,ATP5IF1,1.0
GO_Biological_Process_2021,positive regulation of response to stimulus (GO:0048584),1/46,0.6639299739707503,0.9272900115498215,0.3797981409732232,SELENON,1.0
GO_Biological_Process_2021,protein maturation (GO:0051604),2/97,0.6663632097410015,0.87811156959101,0.3564433970484201,DDI2;ECE1,1.0
GO_Biological_Process_2021,positive regulation of cold-induced thermogenesis (GO:0120162),2/97,0.6663632097410015,0.87811156959101,0.3564433970484201,KDM1A;MFN2,1.0
GO_Biological_Process_2021,double-strand break repair via homologous recombination (GO:0000724),2/97,0.6663632097410015,0.87811156959101,0.3564433970484201,RPA2;SFPQ,1.0
GO_Biological_Process_2021,calcium ion homeostasis (GO:0055074),2/97,0.6663632097410015,0.87811156959101,0.3564433970484201,ATP13A2;SELENON,1.0
GO_Biological_Process_2021,positive regulation of cytokine production (GO:0001819),7/335,0.6713049522327399,0.8890270167847691,0.35430551145383476,FGR;ISG15;LAPTM5;PARK7;PIK3CD;PRKCZ;TNFRSF14,1.0
GO_Biological_Process_2021,regulation of cellular metabolic process (GO:0031323),1/47,0.6718121415653019,0.9070849824383628,0.36081711562536495,PINK1,1.0
GO_Biological_Process_2021,epithelial to mesenchymal transition (GO:0001837),1/47,0.6718121415653019,0.9070849824383628,0.36081711562536495,HEYL,1.0
GO_Biological_Process_2021,regulation of wound healing (GO:0061041),1/47,0.6718121415653019,0.9070849824383628,0.36081711562536495,EPHB2,1.0
GO_Biological_Process_2021,positive regulation of cell-cell adhesion (GO:0022409),1/47,0.6718121415653019,0.9070849824383628,0.36081711562536495,PTPRU,1.0
GO_Biological_Process_2021,telomere organization (GO:0032200),1/47,0.6718121415653019,0.9070849824383628,0.36081711562536495,RPA2,1.0
GO_Biological_Process_2021,positive regulation of neuron death (GO:1901216),1/47,0.6718121415653019,0.9070849824383628,0.36081711562536495,C1QA,1.0
GO_Biological_Process_2021,glycosphingolipid metabolic process (GO:0006687),1/47,0.6718121415653019,0.9070849824383628,0.36081711562536495,CPTP,1.0
GO_Biological_Process_2021,positive regulation of pathway-restricted SMAD protein phosphorylation (GO:0010862),1/47,0.6718121415653019,0.9070849824383628,0.36081711562536495,BMP8A,1.0
GO_Biological_Process_2021,mRNA-containing ribonucleoprotein complex export from nucleus (GO:0071427),2/99,0.6772530746369796,0.8599176847458044,0.33511874290353516,SRRM1;SRSF4,1.0
GO_Biological_Process_2021,negative regulation of mitotic cell cycle (GO:0045930),1/48,0.679509827013477,0.8877397417997323,0.3430080625375959,AURKAIP1,1.0
GO_Biological_Process_2021,myelination (GO:0042552),1/48,0.679509827013477,0.8877397417997323,0.3430080625375959,SKI,1.0
GO_Biological_Process_2021,cellular response to interleukin-12 (GO:0071349),1/48,0.679509827013477,0.8877397417997323,0.3430080625375959,CDC42,1.0
GO_Biological_Process_2021,substrate adhesion-dependent cell spreading (GO:0034446),1/48,0.679509827013477,0.8877397417997323,0.3430080625375959,VAMP3,1.0
GO_Biological_Process_2021,regulation of interleukin-2 production (GO:0032663),1/48,0.679509827013477,0.8877397417997323,0.3430080625375959,LAPTM5,1.0
GO_Biological_Process_2021,cellular response to ionizing radiation (GO:0071479),1/48,0.679509827013477,0.8877397417997323,0.3430080625375959,KDM1A,1.0
GO_Biological_Process_2021,cellular response to alcohol (GO:0097306),1/48,0.679509827013477,0.8877397417997323,0.3430080625375959,GNB1,1.0
GO_Biological_Process_2021,positive regulation of DNA repair (GO:0045739),1/48,0.679509827013477,0.8877397417997323,0.3430080625375959,EYA3,1.0
GO_Biological_Process_2021,Golgi to plasma membrane transport (GO:0006893),1/48,0.679509827013477,0.8877397417997323,0.3430080625375959,MACF1,1.0
GO_Biological_Process_2021,cognition (GO:0050890),1/48,0.679509827013477,0.8877397417997323,0.3430080625375959,MFSD2A,1.0
GO_Biological_Process_2021,negative regulation of tumor necrosis factor superfamily cytokine production (GO:1903556),1/48,0.679509827013477,0.8877397417997323,0.3430080625375959,ZC3H12A,1.0
GO_Biological_Process_2021,cell-matrix adhesion (GO:0007160),2/100,0.6825886801678358,0.851099220152465,0.32500315345799274,RCC2;TESK2,1.0
GO_Biological_Process_2021,organic acid transport (GO:0015849),2/100,0.6825886801678358,0.851099220152465,0.32500315345799274,MFSD2A;PDPN,1.0
GO_Biological_Process_2021,positive regulation of DNA-binding transcription factor activity (GO:0051091),5/246,0.6855919962582864,0.864423773932756,0.32629627720426807,KDM1A;PARK7;PRKCZ;TAF12;TRIM62,1.0
GO_Biological_Process_2021,response to glucose (GO:0009749),1/49,0.687027339090346,0.8692005528543779,0.3262815401914239,EIF2B3,1.0
GO_Biological_Process_2021,oligosaccharide metabolic process (GO:0009311),1/49,0.687027339090346,0.8692005528543779,0.3262815401914239,ST3GAL3,1.0
GO_Biological_Process_2021,response to hydrogen peroxide (GO:0042542),1/49,0.687027339090346,0.8692005528543779,0.3262815401914239,PARK7,1.0
GO_Biological_Process_2021,receptor internalization (GO:0031623),1/49,0.687027339090346,0.8692005528543779,0.3262815401914239,LDLRAP1,1.0
GO_Biological_Process_2021,cellular response to mechanical stimulus (GO:0071260),1/49,0.687027339090346,0.8692005528543779,0.3262815401914239,SLC9A1,1.0
GO_Biological_Process_2021,regulation of interferon-beta production (GO:0032648),1/49,0.687027339090346,0.8692005528543779,0.3262815401914239,ISG15,1.0
GO_Biological_Process_2021,mitotic cytokinesis (GO:0000281),1/49,0.687027339090346,0.8692005528543779,0.3262815401914239,STMN1,1.0
GO_Biological_Process_2021,secondary alcohol metabolic process (GO:1902652),1/49,0.687027339090346,0.8692005528543779,0.3262815401914239,LDLRAP1,1.0
GO_Biological_Process_2021,regulation of smooth muscle cell proliferation (GO:0048660),1/49,0.687027339090346,0.8692005528543779,0.3262815401914239,MFN2,1.0
GO_Biological_Process_2021,positive regulation of reactive oxygen species metabolic process (GO:2000379),1/49,0.687027339090346,0.8692005528543779,0.3262815401914239,ZC3H12A,1.0
GO_Biological_Process_2021,positive regulation of cell cycle process (GO:0090068),2/101,0.6878519743095872,0.8424589063589909,0.31523263652611705,CDC42;RCC2,1.0
GO_Biological_Process_2021,cell junction assembly (GO:0034329),2/102,0.6930434116183578,0.8339913988413864,0.3057934869742138,CDC42;FBLIM1,1.0
GO_Biological_Process_2021,positive regulation of cellular protein metabolic process (GO:0032270),2/102,0.6930434116183578,0.8339913988413864,0.3057934869742138,AURKAIP1;MTOR,1.0
GO_Biological_Process_2021,protein O-linked glycosylation (GO:0006493),2/102,0.6930434116183578,0.8339913988413864,0.3057934869742138,PLOD1;ST3GAL3,1.0
GO_Biological_Process_2021,calcium-mediated signaling (GO:0019722),2/102,0.6930434116183578,0.8339913988413864,0.3057934869742138,RCAN3;SLC9A1,1.0
GO_Biological_Process_2021,actin filament organization (GO:0007015),3/152,0.6939203808690226,0.8392725522044295,0.30666855401864096,CDC42;MAD2L2;MARCKSL1,1.0
GO_Biological_Process_2021,iron ion transport (GO:0006826),1/50,0.6943688861459183,0.85141806549863,0.31055637705697375,ATP6V0B,1.0
GO_Biological_Process_2021,organic hydroxy compound biosynthetic process (GO:1901617),1/50,0.6943688861459183,0.85141806549863,0.31055637705697375,PARK7,1.0
GO_Biological_Process_2021,chloride transmembrane transport (GO:1902476),1/50,0.6943688861459183,0.85141806549863,0.31055637705697375,GABRD,1.0
GO_Biological_Process_2021,amino acid transport (GO:0006865),1/50,0.6943688861459183,0.85141806549863,0.31055637705697375,PDPN,1.0
GO_Biological_Process_2021,positive regulation of cell morphogenesis involved in differentiation (GO:0010770),1/50,0.6943688861459183,0.85141806549863,0.31055637705697375,CDC42,1.0
GO_Biological_Process_2021,cytokine-mediated signaling pathway (GO:0019221),13/621,0.6980986110209614,0.8892856952108985,0.3196047520958299,CDC42;CSF3R;IFI6;IFNLR1;ISG15;PIK3CD;PSMB2;TNFRSF14;TNFRSF18;TNFRSF1B;TNFRSF25;TRIM62;TXLNA,1.0
GO_Biological_Process_2021,dephosphorylation (GO:0016311),3/153,0.6981488917374092,0.8336343911046368,0.2995439161332194,ALPL;PTPRF;PTPRU,1.0
GO_Biological_Process_2021,mesenchymal cell differentiation (GO:0048762),1/51,0.701538578440841,0.8343468776371119,0.29575876951168995,HEYL,1.0
GO_Biological_Process_2021,negative regulation of transport (GO:0051051),1/51,0.701538578440841,0.8343468776371119,0.29575876951168995,YRDC,1.0
GO_Biological_Process_2021,regulation of interleukin-12 production (GO:0032655),1/51,0.701538578440841,0.8343468776371119,0.29575876951168995,LAPTM5,1.0
GO_Biological_Process_2021,mitotic nuclear membrane organization (GO:0101024),1/51,0.701538578440841,0.8343468776371119,0.29575876951168995,RCC1,1.0
GO_Biological_Process_2021,regulation of smoothened signaling pathway (GO:0008589),1/51,0.701538578440841,0.8343468776371119,0.29575876951168995,PTCH2,1.0
GO_Biological_Process_2021,regulation of protein modification process (GO:0031399),1/51,0.701538578440841,0.8343468776371119,0.29575876951168995,SESN2,1.0
GO_Biological_Process_2021,mitotic nuclear membrane reassembly (GO:0007084),1/51,0.701538578440841,0.8343468776371119,0.29575876951168995,RCC1,1.0
GO_Biological_Process_2021,regulation of epithelial cell migration (GO:0010632),1/51,0.701538578440841,0.8343468776371119,0.29575876951168995,MACF1,1.0
GO_Biological_Process_2021,mitotic metaphase plate congression (GO:0007080),1/51,0.701538578440841,0.8343468776371119,0.29575876951168995,NUDC,1.0
GO_Biological_Process_2021,regulation of cellular amine metabolic process (GO:0033238),1/51,0.701538578440841,0.8343468776371119,0.29575876951168995,PSMB2,1.0
GO_Biological_Process_2021,mRNA transport (GO:0051028),2/104,0.703212624500537,0.8175544724836834,0.2878576430634266,SRRM1;SRSF4,1.0
GO_Biological_Process_2021,cellular metal ion homeostasis (GO:0006875),2/104,0.703212624500537,0.8175544724836834,0.2878576430634266,ATP13A2;SLC9A1,1.0
GO_Biological_Process_2021,regulation of insulin secretion (GO:0050796),2/104,0.703212624500537,0.8175544724836834,0.2878576430634266,BMP8A;SLC2A1,1.0
GO_Biological_Process_2021,nucleotide-excision repair (GO:0006289),2/105,0.7081913964589782,0.8095753820187791,0.27933660858553505,PPIE;RPA2,1.0
GO_Biological_Process_2021,ameboidal-type cell migration (GO:0001667),1/52,0.7085404304278924,0.8179451481231043,0.2818214930310526,PHACTR4,1.0
GO_Biological_Process_2021,regulation of release of sequestered calcium ion into cytosol (GO:0051279),1/52,0.7085404304278924,0.8179451481231043,0.2818214930310526,SELENON,1.0
GO_Biological_Process_2021,plasma membrane bounded cell projection morphogenesis (GO:0120039),1/52,0.7085404304278924,0.8179451481231043,0.2818214930310526,NBL1,1.0
GO_Biological_Process_2021,regulation of telomere maintenance via telomerase (GO:0032210),1/52,0.7085404304278924,0.8179451481231043,0.2818214930310526,EXOSC10,1.0
GO_Biological_Process_2021,response to peptide hormone (GO:0043434),1/52,0.7085404304278924,0.8179451481231043,0.2818214930310526,EIF2B3,1.0
GO_Biological_Process_2021,myeloid cell differentiation (GO:0030099),1/52,0.7085404304278924,0.8179451481231043,0.2818214930310526,ATP5IF1,1.0
GO_Biological_Process_2021,fatty acid beta-oxidation (GO:0006635),1/52,0.7085404304278924,0.8179451481231043,0.2818214930310526,MECR,1.0
GO_Biological_Process_2021,regulation of phosphatidylinositol 3-kinase signaling (GO:0014066),2/106,0.7131003022721689,0.8017497356012767,0.2710981973347525,FGR;PIK3CD,1.0
GO_Biological_Process_2021,RNA export from nucleus (GO:0006405),2/106,0.7131003022721689,0.8017497356012767,0.2710981973347525,SRRM1;SRSF4,1.0
GO_Biological_Process_2021,peptidyl-lysine modification (GO:0018205),2/106,0.7131003022721689,0.8017497356012767,0.2710981973347525,PARK7;PLOD1,1.0
GO_Biological_Process_2021,regulation of inflammatory response (GO:0050727),4/206,0.7135077176583942,0.8249402352938368,0.27846849674529456,PARK7;SMPDL3B;TNFRSF1B;VAMP3,1.0
GO_Biological_Process_2021,positive regulation of NIK/NF-kappaB signaling (GO:1901224),1/53,0.7153783629805166,0.8021742543596355,0.2686832106021816,LAPTM5,1.0
GO_Biological_Process_2021,IRE1-mediated unfolded protein response (GO:0036498),1/53,0.7153783629805166,0.8021742543596355,0.2686832106021816,ZBTB17,1.0
GO_Biological_Process_2021,heart morphogenesis (GO:0003007),1/53,0.7153783629805166,0.8021742543596355,0.2686832106021816,HEYL,1.0
GO_Biological_Process_2021,mRNA export from nucleus (GO:0006406),2/107,0.7179398775194078,0.7940731491155364,0.2631315822735238,SRRM1;SRSF4,1.0
GO_Biological_Process_2021,response to calcium ion (GO:0051592),2/107,0.7179398775194078,0.7940731491155364,0.2631315822735238,CLIC4;PEF1,1.0
GO_Biological_Process_2021,organonitrogen compound biosynthetic process (GO:1901566),3/158,0.7186280609515586,0.8065348425927299,0.26648827067305486,AKR1A1;ELOVL1;MFSD2A,1.0
GO_Biological_Process_2021,regulation of cellular amino acid metabolic process (GO:0006521),1/54,0.7220562055696336,0.7869984886627127,0.25628786483653765,PSMB2,1.0
GO_Biological_Process_2021,cytoplasmic microtubule organization (GO:0031122),1/54,0.7220562055696336,0.7869984886627127,0.25628786483653765,PLK3,1.0
GO_Biological_Process_2021,nuclear membrane reassembly (GO:0031468),1/54,0.7220562055696336,0.7869984886627127,0.25628786483653765,RCC1,1.0
GO_Biological_Process_2021,negative regulation of viral genome replication (GO:0045071),1/54,0.7220562055696336,0.7869984886627127,0.25628786483653765,ISG15,1.0
GO_Biological_Process_2021,positive regulation of leukocyte chemotaxis (GO:0002690),1/54,0.7220562055696336,0.7869984886627127,0.25628786483653765,AKIRIN1,1.0
GO_Biological_Process_2021,regulation of proteasomal protein catabolic process (GO:0061136),1/54,0.7220562055696336,0.7869984886627127,0.25628786483653765,PINK1,1.0
GO_Biological_Process_2021,regulation of cyclin-dependent protein kinase activity (GO:1904029),1/54,0.7220562055696336,0.7869984886627127,0.25628786483653765,CAMK2N1,1.0
GO_Biological_Process_2021,unsaturated fatty acid metabolic process (GO:0033559),1/54,0.7220562055696336,0.7869984886627127,0.25628786483653765,ELOVL1,1.0
GO_Biological_Process_2021,negative regulation of transmembrane receptor protein serine/threonine kinase signaling pathway (GO:0090101),2/108,0.7227106709961628,0.786541403884244,0.2554264227774325,NBL1;SKI,1.0
GO_Biological_Process_2021,pyruvate metabolic process (GO:0006090),1/55,0.7285776983899189,0.7723847883619722,0.24458414234758827,ENO1,1.0
GO_Biological_Process_2021,regulation of blood vessel endothelial cell migration (GO:0043535),1/55,0.7285776983899189,0.7723847883619722,0.24458414234758827,EPHA2,1.0
GO_Biological_Process_2021,positive regulation of response to DNA damage stimulus (GO:2001022),1/55,0.7285776983899189,0.7723847883619722,0.24458414234758827,EYA3,1.0
GO_Biological_Process_2021,protein targeting to mitochondrion (GO:0006626),1/55,0.7285776983899189,0.7723847883619722,0.24458414234758827,MFN2,1.0
GO_Biological_Process_2021,triglyceride metabolic process (GO:0006641),1/55,0.7285776983899189,0.7723847883619722,0.24458414234758827,FABP3,1.0
GO_Biological_Process_2021,positive regulation of protein kinase B signaling (GO:0051897),3/161,0.7303895827745255,0.7910983909087321,0.2485450869999501,PARK7;PIK3CD;PINK1,1.0
GO_Biological_Process_2021,negative regulation of inflammatory response (GO:0050728),4/212,0.73421799029231,0.8008952086179746,0.24743601804928778,FGR;GNB1;SMPDL3B;TNFRSF1B,1.0
GO_Biological_Process_2021,mitochondrial transport (GO:0006839),1/56,0.7349464944367234,0.758302495344895,0.23352500069481194,MFN2,1.0
GO_Biological_Process_2021,sensory organ development (GO:0007423),1/56,0.7349464944367234,0.758302495344895,0.23352500069481194,ECE1,1.0
GO_Biological_Process_2021,"DNA damage response, signal transduction by p53 class mediator resulting in cell cycle arrest (GO:0006977)",1/56,0.7349464944367234,0.758302495344895,0.23352500069481194,PLK3,1.0
GO_Biological_Process_2021,protein-containing complex disassembly (GO:0032984),1/56,0.7349464944367234,0.758302495344895,0.23352500069481194,DVL1,1.0
GO_Biological_Process_2021,positive regulation of intracellular signal transduction (GO:1902533),11/546,0.7350612358151378,0.8546882166809876,0.2630742888070532,FGR;LAPTM5;MIB2;MUL1;PARK7;PIK3CD;PINK1;PLEKHG5;PUM1;RRAGC;TRIM62,1.0
GO_Biological_Process_2021,positive regulation of apoptotic process (GO:0043065),6/310,0.7357862778818516,0.8214285540759371,0.25202708295855764,ARHGEF16;CASP9;PLEKHG5;STPG1;UTP11;ZC3H12A,1.0
GO_Biological_Process_2021,regulation of cytoskeleton organization (GO:0051493),2/112,0.7411174157674465,0.7577838311829456,0.22702916413415017,CLIC4;MTOR,1.0
GO_Biological_Process_2021,phosphatidylinositol metabolic process (GO:0046488),2/112,0.7411174157674465,0.7577838311829456,0.22702916413415017,INPP5B;PIK3CD,1.0
GO_Biological_Process_2021,positive regulation of interferon-gamma production (GO:0032729),1/57,0.7411661615347784,0.744723141364142,0.223067249641935,ISG15,1.0
GO_Biological_Process_2021,negative regulation of cell cycle G2/M phase transition (GO:1902750),1/57,0.7411661615347784,0.744723141364142,0.223067249641935,PSMB2,1.0
GO_Biological_Process_2021,regulation of bone mineralization (GO:0030500),1/57,0.7411661615347784,0.744723141364142,0.223067249641935,ISG15,1.0
GO_Biological_Process_2021,negative regulation of DNA recombination (GO:0045910),1/57,0.7411661615347784,0.744723141364142,0.223067249641935,MAD2L2,1.0
GO_Biological_Process_2021,dicarboxylic acid metabolic process (GO:0043648),1/57,0.7411661615347784,0.744723141364142,0.223067249641935,MTHFR,1.0
GO_Biological_Process_2021,regulation of cell migration (GO:0030334),8/408,0.741974080267778,0.831826069308129,0.24825097789640457,CLIC4;EPHB2;FGR;MACF1;PDPN;PIK3CD;PTPRU;RCC2,1.0
GO_Biological_Process_2021,adenylate cyclase-modulating G protein-coupled receptor signaling pathway (GO:0007188),3/165,0.745467097472361,0.771405798225443,0.22659604124827337,ADGRB2;CORT;WASF2,1.0
GO_Biological_Process_2021,nucleosome assembly (GO:0006334),1/58,0.7472401843198022,0.7316202559441172,0.213171179687086,RBBP4,1.0
GO_Biological_Process_2021,receptor metabolic process (GO:0043112),1/58,0.7472401843198022,0.7316202559441172,0.213171179687086,LDLRAP1,1.0
GO_Biological_Process_2021,RNA modification (GO:0009451),1/58,0.7472401843198022,0.7316202559441172,0.213171179687086,TRIT1,1.0
GO_Biological_Process_2021,NADH dehydrogenase complex assembly (GO:0010257),1/58,0.7472401843198022,0.7316202559441172,0.213171179687086,NDUFS5,1.0
GO_Biological_Process_2021,regulation of neurotransmitter receptor activity (GO:0099601),1/58,0.7472401843198022,0.7316202559441172,0.213171179687086,DLGAP3,1.0
GO_Biological_Process_2021,mitochondrial respiratory chain complex I assembly (GO:0032981),1/58,0.7472401843198022,0.7316202559441172,0.213171179687086,NDUFS5,1.0
GO_Biological_Process_2021,regulation of pathway-restricted SMAD protein phosphorylation (GO:0060393),1/58,0.7472401843198022,0.7316202559441172,0.213171179687086,BMP8A,1.0
GO_Biological_Process_2021,membrane lipid biosynthetic process (GO:0046467),1/58,0.7472401843198022,0.7316202559441172,0.213171179687086,ELOVL1,1.0
GO_Biological_Process_2021,regulation of phagocytosis (GO:0050764),1/58,0.7472401843198022,0.7316202559441172,0.213171179687086,FGR,1.0
GO_Biological_Process_2021,chordate embryonic development (GO:0043009),1/58,0.7472401843198022,0.7316202559441172,0.213171179687086,DVL1,1.0
GO_Biological_Process_2021,muscle organ development (GO:0007517),1/58,0.7472401843198022,0.7316202559441172,0.213171179687086,FHL3,1.0
GO_Biological_Process_2021,regulation of tumor necrosis factor-mediated signaling pathway (GO:0010803),1/58,0.7472401843198022,0.7316202559441172,0.213171179687086,LAPTM5,1.0
GO_Biological_Process_2021,eye development (GO:0001654),1/58,0.7472401843198022,0.7316202559441172,0.213171179687086,SKI,1.0
GO_Biological_Process_2021,fat cell differentiation (GO:0045444),1/58,0.7472401843198022,0.7316202559441172,0.213171179687086,SDF4,1.0
GO_Biological_Process_2021,cellular iron ion homeostasis (GO:0006879),1/58,0.7472401843198022,0.7316202559441172,0.213171179687086,ATP13A2,1.0
GO_Biological_Process_2021,regulation of calcium ion transport (GO:0051924),1/58,0.7472401843198022,0.7316202559441172,0.213171179687086,EPB41,1.0
GO_Biological_Process_2021,negative regulation of cell motility (GO:2000146),2/114,0.7499231907379891,0.7441753369582239,0.21416211985105751,CLIC4;PTPRU,1.0
GO_Biological_Process_2021,response to lipid (GO:0033993),2/114,0.7499231907379891,0.7441753369582239,0.21416211985105751,ALPL;PAQR7,1.0
GO_Biological_Process_2021,cellular response to transforming growth factor beta stimulus (GO:0071560),2/114,0.7499231907379891,0.7441753369582239,0.21416211985105751,PRKCZ;SKI,1.0
GO_Biological_Process_2021,positive regulation of cellular component organization (GO:0051130),2/114,0.7499231907379891,0.7441753369582239,0.21416211985105751,PARK7;PLEKHM2,1.0
GO_Biological_Process_2021,response to reactive oxygen species (GO:0000302),1/59,0.7531719661740964,0.7189691941592656,0.20380023183767723,PLK3,1.0
GO_Biological_Process_2021,selective autophagy (GO:0061912),1/59,0.7531719661740964,0.7189691941592656,0.20380023183767723,PARK7,1.0
GO_Biological_Process_2021,fatty acid oxidation (GO:0019395),1/59,0.7531719661740964,0.7189691941592656,0.20380023183767723,MECR,1.0
GO_Biological_Process_2021,positive regulation of tyrosine phosphorylation of STAT protein (GO:0042531),1/59,0.7531719661740964,0.7189691941592656,0.20380023183767723,TNFRSF18,1.0
GO_Biological_Process_2021,mitotic DNA damage checkpoint signaling (GO:0044773),1/59,0.7531719661740964,0.7189691941592656,0.20380023183767723,RPA2,1.0
GO_Biological_Process_2021,cellular amide metabolic process (GO:0043603),2/115,0.7542288060659514,0.73755173357451,0.20803347370274392,ACOT7;MTHFR,1.0
GO_Biological_Process_2021,cellular response to molecule of bacterial origin (GO:0071219),2/115,0.7542288060659514,0.73755173357451,0.20803347370274392,TNFRSF1B;ZC3H12A,1.0
GO_Biological_Process_2021,cytosolic transport (GO:0016482),2/116,0.7584704038347786,0.7310443337589312,0.20209830284566802,LAPTM5;VAMP3,1.0
GO_Biological_Process_2021,homophilic cell adhesion via plasma membrane adhesion molecules (GO:0007156),1/60,0.7589648311172045,0.7067469819264429,0.1949207034573018,IGSF21,1.0
GO_Biological_Process_2021,cellular response to chemokine (GO:1990869),1/60,0.7589648311172045,0.7067469819264429,0.1949207034573018,ZC3H12A,1.0
GO_Biological_Process_2021,adenylate cyclase-inhibiting G protein-coupled receptor signaling pathway (GO:0007193),1/60,0.7589648311172045,0.7067469819264429,0.1949207034573018,CORT,1.0
GO_Biological_Process_2021,positive regulation of cell projection organization (GO:0031346),2/117,0.7626486148828179,0.7246501061140582,0.19634965992035672,DVL1;P3H1,1.0
GO_Biological_Process_2021,cellular protein metabolic process (GO:0044267),8/417,0.7631215496786449,0.8131391344438235,0.21982237108811295,FBXO2;ICMT;MRPS15;PABPC4;RPL11;RPL22;RPS8;VWA1,1.0
GO_Biological_Process_2021,"transcription, DNA-templated (GO:0006351)",4/221,0.7631436008264657,0.7673208165314023,0.20741376853286383,ELOA;RRAGC;SLC25A33;TAF12,1.0
GO_Biological_Process_2021,positive regulation of cell motility (GO:2000147),4/221,0.7631436008264657,0.7673208165314023,0.20741376853286383,EPHB2;FGR;PDPN;PIK3CD,1.0
GO_Biological_Process_2021,O-glycan processing (GO:0016266),1/61,0.7646220256526683,0.6949321767680476,0.18650148573342,ST3GAL3,1.0
GO_Biological_Process_2021,positive regulation of interleukin-8 production (GO:0032757),1/61,0.7646220256526683,0.6949321767680476,0.18650148573342,PARK7,1.0
GO_Biological_Process_2021,response to light stimulus (GO:0009416),1/61,0.7646220256526683,0.6949321767680476,0.18650148573342,UBE4B,1.0
GO_Biological_Process_2021,iron ion homeostasis (GO:0055072),1/61,0.7646220256526683,0.6949321767680476,0.18650148573342,ATP13A2,1.0
GO_Biological_Process_2021,negative regulation of response to stimulus (GO:0048585),1/61,0.7646220256526683,0.6949321767680476,0.18650148573342,YBX1,1.0
GO_Biological_Process_2021,negative regulation of response to external stimulus (GO:0032102),2/118,0.7667640756293115,0.7183661237734071,0.19078088691072753,MUL1;SMPDL3B,1.0
GO_Biological_Process_2021,adenylate cyclase-activating G protein-coupled receptor signaling pathway (GO:0007189),2/118,0.7667640756293115,0.7183661237734071,0.19078088691072753,ADGRB2;GNB1,1.0
GO_Biological_Process_2021,cellular response to oxygen-containing compound (GO:1901701),6/323,0.770337157542767,0.7872096191605932,0.20540423881304684,GNB1;MTOR;RRAGC;SESN2;TNFRSF1B;ZC3H12A,1.0
GO_Biological_Process_2021,cellular response to lipopolysaccharide (GO:0071222),2/120,0.7748093161954487,0.706117683617901,0.18015768200698792,TNFRSF1B;ZC3H12A,1.0
GO_Biological_Process_2021,monocarboxylic acid biosynthetic process (GO:0072330),1/63,0.7755420127161643,0.6724459346923921,0.170931132072607,PARK7,1.0
GO_Biological_Process_2021,negative regulation of peptidase activity (GO:0010466),1/63,0.7755420127161643,0.6724459346923921,0.170931132072607,PARK7,1.0
GO_Biological_Process_2021,cellular response to reactive oxygen species (GO:0034614),1/63,0.7755420127161643,0.6724459346923921,0.170931132072607,PARK7,1.0
GO_Biological_Process_2021,positive regulation of DNA metabolic process (GO:0051054),1/63,0.7755420127161643,0.6724459346923921,0.170931132072607,EYA3,1.0
GO_Biological_Process_2021,amyloid fibril formation (GO:1990000),1/63,0.7755420127161643,0.6724459346923921,0.170931132072607,HSPG2,1.0
GO_Biological_Process_2021,cation transport (GO:0006812),3/174,0.776929865218435,0.7304659344891311,0.1843733975432822,SCNN1D;SLC66A1;SLC6A9,1.0
GO_Biological_Process_2021,antimicrobial humoral immune response mediated by antimicrobial peptide (GO:0061844),1/64,0.7808109266976477,0.6617382003706515,0.16372875427957098,HMGN2,1.0
GO_Biological_Process_2021,regulation of extrinsic apoptotic signaling pathway (GO:2001236),1/64,0.7808109266976477,0.6617382003706515,0.16372875427957098,PARK7,1.0
GO_Biological_Process_2021,pre-replicative complex assembly (GO:0036388),1/64,0.7808109266976477,0.6617382003706515,0.16372875427957098,PSMB2,1.0
GO_Biological_Process_2021,regulation of cellular ketone metabolic process (GO:0010565),1/64,0.7808109266976477,0.6617382003706515,0.16372875427957098,PSMB2,1.0
GO_Biological_Process_2021,regulation of cilium assembly (GO:1902017),1/64,0.7808109266976477,0.6617382003706515,0.16372875427957098,CROCC,1.0
GO_Biological_Process_2021,potassium ion transport (GO:0006813),2/122,0.7826113061443867,0.6942775248009115,0.17018069758791457,KCNAB2;SLC9A1,1.0
GO_Biological_Process_2021,defense response to bacterium (GO:0042742),3/176,0.7834717504129478,0.7219466564861992,0.17616962054455731,FGR;ISG15;TNFRSF14,1.0
GO_Biological_Process_2021,cellular protein localization (GO:0034613),6/329,0.7851064260843245,0.7723452854417108,0.18685812570343702,CROCC;LAPTM5;MFN2;PTPRU;RRAGC;STX12,1.0
GO_Biological_Process_2021,inorganic anion transmembrane transport (GO:0098661),1/65,0.7859564165805482,0.6513650827464651,0.15688384508151895,GABRD,1.0
GO_Biological_Process_2021,BMP signaling pathway (GO:0030509),1/65,0.7859564165805482,0.6513650827464651,0.15688384508151895,BMP8A,1.0
GO_Biological_Process_2021,regulation of cellular catabolic process (GO:0031329),1/65,0.7859564165805482,0.6513650827464651,0.15688384508151895,RRAGC,1.0
GO_Biological_Process_2021,cellular response to organic substance (GO:0071310),2/123,0.7864227160515012,0.6885042242207265,0.16542059254018873,LDLRAP1;PARK7,1.0
GO_Biological_Process_2021,negative regulation of immune response (GO:0050777),3/178,0.7898545816059032,0.71362210483762,0.16834803911172125,FGR;GNB1;MUL1,1.0
GO_Biological_Process_2021,fatty acid metabolic process (GO:0006631),2/124,0.7901752792157655,0.682825567912348,0.16080575289589838,ACOT7;MECR,1.0
GO_Biological_Process_2021,regulation of tumor necrosis factor production (GO:0032680),2/124,0.7901752792157655,0.682825567912348,0.16080575289589838,EPHB2;ZC3H12A,1.0
GO_Biological_Process_2021,negative regulation of G2/M transition of mitotic cell cycle (GO:0010972),1/66,0.7909813675231266,0.6413111379722537,0.1503751917052289,PSMB2,1.0
GO_Biological_Process_2021,embryonic organ development (GO:0048568),1/66,0.7909813675231266,0.6413111379722537,0.1503751917052289,MFSD2A,1.0
GO_Biological_Process_2021,regulation of cell population proliferation (GO:0042127),15/764,0.7919534895467439,0.8303786768832726,0.19368799716882268,AGO3;CAMK2N1;FABP3;HDAC1;HP1BP3;IFNLR1;P3H1;PDPN;PTPRU;RBBP4;SKI;SLC25A33;TFAP2E;TRNP1;ZBTB17,1.0
GO_Biological_Process_2021,transcription elongation from RNA polymerase II promoter (GO:0006368),1/67,0.7958885973816185,0.6315618581912003,0.14418308132630012,ELOA,1.0
GO_Biological_Process_2021,anion transmembrane transport (GO:0098656),1/67,0.7958885973816185,0.6315618581912003,0.14418308132630012,SLC6A9,1.0
GO_Biological_Process_2021,phosphatidylinositol biosynthetic process (GO:0006661),2/126,0.7975065063220443,0.6717430289879317,0.1519921285448305,PIGV;PIK3CD,1.0
GO_Biological_Process_2021,canonical Wnt signaling pathway (GO:0060070),1/68,0.8006808582768878,0.6221036016871933,0.13828917665781834,DVL1,1.0
GO_Biological_Process_2021,regulation of tyrosine phosphorylation of STAT protein (GO:0042509),1/68,0.8006808582768878,0.6221036016871933,0.13828917665781834,TNFRSF18,1.0
GO_Biological_Process_2021,interferon-gamma-mediated signaling pathway (GO:0060333),1/68,0.8006808582768878,0.6221036016871933,0.13828917665781834,TRIM62,1.0
GO_Biological_Process_2021,negative regulation of transforming growth factor beta receptor signaling pathway (GO:0030512),1/68,0.8006808582768878,0.6221036016871933,0.13828917665781834,SKI,1.0
GO_Biological_Process_2021,plasma membrane bounded cell projection organization (GO:0120036),2/128,0.8046102809494149,0.6610123166960366,0.14370225446747512,NCDN;STMN1,1.0
GO_Biological_Process_2021,"DNA-templated transcription, elongation (GO:0006354)",1/69,0.8053608381246912,0.6129235291980099,0.1326764034122193,ELOA,1.0
GO_Biological_Process_2021,synapse assembly (GO:0007416),1/69,0.8053608381246912,0.6129235291980099,0.1326764034122193,DVL1,1.0
GO_Biological_Process_2021,cellular response to calcium ion (GO:0071277),1/69,0.8053608381246912,0.6129235291980099,0.1326764034122193,CLIC4,1.0
GO_Biological_Process_2021,positive regulation of protein polymerization (GO:0032273),1/69,0.8053608381246912,0.6129235291980099,0.1326764034122193,PINK1,1.0
GO_Biological_Process_2021,DNA-dependent DNA replication (GO:0006261),2/129,0.8080785306646082,0.65577370124645,0.13974277478447217,PSMB2;RPA2,1.0
GO_Biological_Process_2021,cellular response to insulin stimulus (GO:0032869),2/129,0.8080785306646082,0.65577370124645,0.13974277478447217,ATP6V0B;SLC25A33,1.0
GO_Biological_Process_2021,positive regulation of macromolecule biosynthetic process (GO:0010557),2/129,0.8080785306646082,0.65577370124645,0.13974277478447217,MTOR;SLC6A9,1.0
GO_Biological_Process_2021,carbohydrate homeostasis (GO:0033500),1/70,0.809931162130393,0.604009545766484,0.12732884835561867,PARK7,1.0
GO_Biological_Process_2021,snRNA transcription by RNA polymerase II (GO:0042795),1/70,0.809931162130393,0.604009545766484,0.12732884835561867,INTS11,1.0
GO_Biological_Process_2021,wound healing (GO:0042060),1/70,0.809931162130393,0.604009545766484,0.12732884835561867,MACF1,1.0
GO_Biological_Process_2021,fatty acid catabolic process (GO:0009062),1/70,0.809931162130393,0.604009545766484,0.12732884835561867,MECR,1.0
GO_Biological_Process_2021,positive regulation of cell-substrate adhesion (GO:0010811),1/70,0.809931162130393,0.604009545766484,0.12732884835561867,CDC42,1.0
GO_Biological_Process_2021,neutrophil chemotaxis (GO:0030593),1/70,0.809931162130393,0.604009545766484,0.12732884835561867,PIK3CD,1.0
GO_Biological_Process_2021,sterol metabolic process (GO:0016125),1/70,0.809931162130393,0.604009545766484,0.12732884835561867,LDLRAP1,1.0
GO_Biological_Process_2021,endoplasmic reticulum to Golgi vesicle-mediated transport (GO:0006888),3/185,0.8109746537368512,0.6859269618529238,0.14371437337795717,CAPZB;PEF1;TRAPPC3,1.0
GO_Biological_Process_2021,regulation of ERK1 and ERK2 cascade (GO:0070372),4/238,0.8110258202684402,0.7109489977193795,0.1489120980265693,CAMK2N1;EPHA2;EPHB2;PRKCZ,1.0
GO_Biological_Process_2021,G2/M transition of mitotic cell cycle (GO:0000086),2/130,0.8114919058243532,0.6506169391632631,0.13590142995713847,KHDRBS1;PLK3,1.0
GO_Biological_Process_2021,positive regulation of canonical Wnt signaling pathway (GO:0090263),2/130,0.8114919058243532,0.6506169391632631,0.13590142995713847,PSMB2;RNF220,1.0
GO_Biological_Process_2021,nucleic acid metabolic process (GO:0090304),1/71,0.8143943942489569,0.595350247575859,0.12223166682770163,HNRNPR,1.0
GO_Biological_Process_2021,regulation of TOR signaling (GO:0032006),1/71,0.8143943942489569,0.595350247575859,0.12223166682770163,RRAGC,1.0
GO_Biological_Process_2021,regulation of G1/S transition of mitotic cell cycle (GO:2000045),1/71,0.8143943942489569,0.595350247575859,0.12223166682770163,LSM10,1.0
GO_Biological_Process_2021,cellular response to BMP stimulus (GO:0071773),1/71,0.8143943942489569,0.595350247575859,0.12223166682770163,BMP8A,1.0
GO_Biological_Process_2021,snRNA transcription (GO:0009301),1/71,0.8143943942489569,0.595350247575859,0.12223166682770163,INTS11,1.0
GO_Biological_Process_2021,cell cycle G2/M phase transition (GO:0044839),2/131,0.8148510687195909,0.6455401268798157,0.13217428946920506,KHDRBS1;PLK3,1.0
GO_Biological_Process_2021,cellular response to metal ion (GO:0071248),2/131,0.8148510687195909,0.6455401268798157,0.13217428946920506,ATP13A2;CLIC4,1.0
GO_Biological_Process_2021,positive regulation of protein secretion (GO:0050714),1/72,0.8187530386110167,0.5869348732779275,0.11737099873377731,ATP13A2,1.0
GO_Biological_Process_2021,negative regulation of epithelial cell proliferation (GO:0050680),1/72,0.8187530386110167,0.5869348732779275,0.11737099873377731,ATP5IF1,1.0
GO_Biological_Process_2021,negative regulation of supramolecular fiber organization (GO:1902904),1/72,0.8187530386110167,0.5869348732779275,0.11737099873377731,STMN1,1.0
GO_Biological_Process_2021,response to ionizing radiation (GO:0010212),1/72,0.8187530386110167,0.5869348732779275,0.11737099873377731,EYA3,1.0
GO_Biological_Process_2021,cytoskeleton-dependent cytokinesis (GO:0061640),1/72,0.8187530386110167,0.5869348732779275,0.11737099873377731,STMN1,1.0
GO_Biological_Process_2021,positive regulation of secretion by cell (GO:1903532),1/72,0.8187530386110167,0.5869348732779275,0.11737099873377731,ATP13A2,1.0
GO_Biological_Process_2021,regulation of cell motility (GO:2000145),2/133,0.8214094021550151,0.6356190280663611,0.12504763934026197,MACF1;RCC2,1.0
GO_Biological_Process_2021,neurotransmitter transport (GO:0006836),1/73,0.8230095409158161,0.5787532593771608,0.11273389213170384,DVL1,1.0
GO_Biological_Process_2021,insulin receptor signaling pathway (GO:0008286),1/73,0.8230095409158161,0.5787532593771608,0.11273389213170384,ATP6V0B,1.0
GO_Biological_Process_2021,regulation of actin filament-based process (GO:0032970),1/73,0.8230095409158161,0.5787532593771608,0.11273389213170384,MTOR,1.0
GO_Biological_Process_2021,defense response to Gram-negative bacterium (GO:0050829),1/73,0.8230095409158161,0.5787532593771608,0.11273389213170384,TNFRSF14,1.0
GO_Biological_Process_2021,granulocyte chemotaxis (GO:0071621),1/73,0.8230095409158161,0.5787532593771608,0.11273389213170384,PIK3CD,1.0
GO_Biological_Process_2021,endoplasmic reticulum organization (GO:0007029),1/73,0.8230095409158161,0.5787532593771608,0.11273389213170384,UBE2J2,1.0
GO_Biological_Process_2021,regulation of Rho protein signal transduction (GO:0035023),1/73,0.8230095409158161,0.5787532593771608,0.11273389213170384,STMN1,1.0
GO_Biological_Process_2021,negative regulation of cell adhesion (GO:0007162),1/73,0.8230095409158161,0.5787532593771608,0.11273389213170384,EPHB2,1.0
GO_Biological_Process_2021,positive regulation of peptidyl-tyrosine phosphorylation (GO:0050731),2/134,0.8246098916047057,0.6307712184188775,0.1216409892894783,TNFRSF14;TNFRSF18,1.0
GO_Biological_Process_2021,NIK/NF-kappaB signaling (GO:0038061),1/74,0.8271662897917833,0.5707957992818946,0.10830823363757487,PSMB2,1.0
GO_Biological_Process_2021,mitotic nuclear division (GO:0140014),1/74,0.8271662897917833,0.5707957992818946,0.10830823363757487,WRAP73,1.0
GO_Biological_Process_2021,sphingolipid biosynthetic process (GO:0030148),1/74,0.8271662897917833,0.5707957992818946,0.10830823363757487,ELOVL1,1.0
GO_Biological_Process_2021,regulation of peptide hormone secretion (GO:0090276),1/74,0.8271662897917833,0.5707957992818946,0.10830823363757487,SLC2A1,1.0
GO_Biological_Process_2021,negative regulation of inflammatory response to antigenic stimulus (GO:0002862),2/136,0.8308568002095553,0.6212926652275291,0.115124177210796,FGR;GNB1,1.0
GO_Biological_Process_2021,organic substance transport (GO:0071702),2/136,0.8308568002095553,0.6212926652275291,0.115124177210796,MFSD2A;PPT1,1.0
GO_Biological_Process_2021,positive regulation of lymphocyte proliferation (GO:0050671),1/75,0.8312256181254903,0.5630534056756896,0.10408268496239238,EPHB2,1.0
GO_Biological_Process_2021,regulation of transcription from RNA polymerase II promoter in response to hypoxia (GO:0061418),1/75,0.8312256181254903,0.5630534056756896,0.10408268496239238,PSMB2,1.0
GO_Biological_Process_2021,regulation of inflammatory response to antigenic stimulus (GO:0002861),2/137,0.8339045266880656,0.6166587058895366,0.11200764243462567,FGR;GNB1,1.0
GO_Biological_Process_2021,regulation of T cell proliferation (GO:0042129),1/76,0.8351898043597322,0.5555174758989834,0.10004662496922706,TNFRSF1B,1.0
GO_Biological_Process_2021,actomyosin structure organization (GO:0031032),1/76,0.8351898043597322,0.5555174758989834,0.10004662496922706,EPB41,1.0
GO_Biological_Process_2021,protein localization to membrane (GO:0072657),3/195,0.8380158148102198,0.6498655777582673,0.11484314441228743,AGRN;DVL1;EPHA2,1.0
GO_Biological_Process_2021,positive regulation of type I interferon production (GO:0032481),1/77,0.839061073761441,0.5481798600637695,0.09619009670808641,ISG15,1.0
GO_Biological_Process_2021,inorganic cation import across plasma membrane (GO:0098659),1/77,0.839061073761441,0.5481798600637695,0.09619009670808641,SLC9A1,1.0
GO_Biological_Process_2021,phosphatidylcholine metabolic process (GO:0046470),1/77,0.839061073761441,0.5481798600637695,0.09619009670808641,MFSD2A,1.0
GO_Biological_Process_2021,neutrophil migration (GO:1990266),1/77,0.839061073761441,0.5481798600637695,0.09619009670808641,PIK3CD,1.0
GO_Biological_Process_2021,positive regulation of tumor necrosis factor production (GO:0032760),1/77,0.839061073761441,0.5481798600637695,0.09619009670808641,EPHB2,1.0
GO_Biological_Process_2021,positive regulation of endothelial cell proliferation (GO:0001938),1/77,0.839061073761441,0.5481798600637695,0.09619009670808641,PIK3CD,1.0
GO_Biological_Process_2021,import into nucleus (GO:0051170),1/77,0.839061073761441,0.5481798600637695,0.09619009670808641,IPO13,1.0
GO_Biological_Process_2021,cholesterol metabolic process (GO:0008203),1/77,0.839061073761441,0.5481798600637695,0.09619009670808641,LDLRAP1,1.0
GO_Biological_Process_2021,potassium ion transmembrane transport (GO:0071805),2/139,0.8398517733040632,0.6075937343378432,0.10604325125498407,KCNAB2;SLC9A1,1.0
GO_Biological_Process_2021,transcription initiation from RNA polymerase II promoter (GO:0006367),2/140,0.842752584571706,0.6031597808614714,0.10318969600587148,HDAC1;TAF12,1.0
GO_Biological_Process_2021,positive regulation of signal transduction (GO:0009967),4/252,0.8442624752878078,0.6703281282813042,0.11348108428898569,C1QTNF12;MACF1;PRKCZ;SKI,1.0
GO_Biological_Process_2021,chemical synaptic transmission (GO:0007268),5/306,0.8463684449005142,0.6899607354406707,0.11508579573317387,CORT;DVL1;GABRD;KIF1B;RPS6KA1,1.0
GO_Biological_Process_2021,positive regulation of phosphorylation (GO:0042327),4/253,0.846436691639142,0.6676014262019843,0.11130242204182697,EPHA2;EPHB2;PINK1;TIE1,1.0
GO_Biological_Process_2021,negative regulation of NF-kappaB transcription factor activity (GO:0032088),1/79,0.8465335046575759,0.5340690603806659,0.08897884175542847,ZC3H12A,1.0
GO_Biological_Process_2021,positive regulation of cell adhesion (GO:0045785),1/80,0.8501388618093381,0.5272815871153754,0.08560710579356244,TNFRSF18,1.0
GO_Biological_Process_2021,glycerophospholipid metabolic process (GO:0006650),1/80,0.8501388618093381,0.5272815871153754,0.08560710579356244,PIGV,1.0
GO_Biological_Process_2021,regulation of fat cell differentiation (GO:0045598),1/80,0.8501388618093381,0.5272815871153754,0.08560710579356244,ZC3H12A,1.0
GO_Biological_Process_2021,nitrogen compound transport (GO:0071705),2/143,0.8511714486889419,0.590235278175026,0.09511151812069452,PDPN;PPT1,1.0
GO_Biological_Process_2021,protein-DNA complex assembly (GO:0065004),2/143,0.8511714486889419,0.590235278175026,0.09511151812069452,PSMB2;RPA2,1.0
GO_Biological_Process_2021,positive regulation of tumor necrosis factor superfamily cytokine production (GO:1903557),1/81,0.8536596957788778,0.5206638006817174,0.08238080489891904,EPHB2,1.0
GO_Biological_Process_2021,regulation of interleukin-8 production (GO:0032677),1/81,0.8536596957788778,0.5206638006817174,0.08238080489891904,PARK7,1.0
GO_Biological_Process_2021,positive regulation of cellular amide metabolic process (GO:0034250),1/81,0.8536596957788778,0.5206638006817174,0.08238080489891904,MTOR,1.0
GO_Biological_Process_2021,negative regulation of cell migration (GO:0030336),2/144,0.8538853256010273,0.5860484674456141,0.0925712626310679,CLIC4;PTPRU,1.0
GO_Biological_Process_2021,generation of neurons (GO:0048699),3/202,0.8549022959450765,0.6267790434182711,0.09825895369151409,ARTN;HEYL;YTHDF2,1.0
GO_Biological_Process_2021,"regulation of gene expression, epigenetic (GO:0040029)",1/82,0.8570979839648052,0.5142094163822236,0.07929265172605789,RBBP4,1.0
GO_Biological_Process_2021,positive regulation of cytoskeleton organization (GO:0051495),1/82,0.8570979839648052,0.5142094163822236,0.07929265172605789,CDC42,1.0
GO_Biological_Process_2021,peptide metabolic process (GO:0006518),1/83,0.8604556576019409,0.5079124560900347,0.07633578612423417,MMACHC,1.0
GO_Biological_Process_2021,long-chain fatty acid metabolic process (GO:0001676),1/83,0.8604556576019409,0.5079124560900347,0.07633578612423417,ELOVL1,1.0
GO_Biological_Process_2021,regulation of Notch signaling pathway (GO:0008593),1/83,0.8604556576019409,0.5079124560900347,0.07633578612423417,YTHDF2,1.0
GO_Biological_Process_2021,response to insulin (GO:0032868),1/84,0.8637346028367802,0.50176722978079,0.07350374601738748,SLC25A33,1.0
GO_Biological_Process_2021,lymphocyte differentiation (GO:0030098),1/84,0.8637346028367802,0.50176722978079,0.07350374601738748,PIK3CD,1.0
GO_Biological_Process_2021,anaphase-promoting complex-dependent catabolic process (GO:0031145),1/84,0.8637346028367802,0.50176722978079,0.07350374601738748,PSMB2,1.0
GO_Biological_Process_2021,protein transport (GO:0015031),6/369,0.8656778674488085,0.6858072911554718,0.0989225013837941,ATP6V0B;LAPTM5;MACF1;PPT1;STX12;SVBP,1.0
GO_Biological_Process_2021,regulation of G2/M transition of mitotic cell cycle (GO:0010389),2/149,0.8667896919331873,0.5659688649678224,0.08091028721013635,PSMB2;RCC2,1.0
GO_Biological_Process_2021,"retrograde vesicle-mediated transport, Golgi to endoplasmic reticulum (GO:0006890)",1/85,0.8669366617779524,0.49576831838367014,0.07079044056120488,RER1,1.0
GO_Biological_Process_2021,cellular response to organic cyclic compound (GO:0071407),2/150,0.869241851688468,0.5621157520599218,0.07877146252258237,GNB1;ZC3H12A,1.0
GO_Biological_Process_2021,negative regulation of cellular amide metabolic process (GO:0034249),1/86,0.8700636335222616,0.4899105578429532,0.06819012537607352,YBX1,1.0
GO_Biological_Process_2021,glucose homeostasis (GO:0042593),1/86,0.8700636335222616,0.4899105578429532,0.06819012537607352,PARK7,1.0
GO_Biological_Process_2021,response to interleukin-1 (GO:0070555),1/86,0.8700636335222616,0.4899105578429532,0.06819012537607352,ZC3H12A,1.0
GO_Biological_Process_2021,mitotic cell cycle phase transition (GO:0044772),3/209,0.8702325307413695,0.6052614968489543,0.08412821663957118,KHDRBS1;PLK3;RCC1,1.0
GO_Biological_Process_2021,regulation of transcription from RNA polymerase II promoter in response to stress (GO:0043618),1/87,0.8731172751568695,0.48418902429155525,0.06569737967455137,PSMB2,1.0
GO_Biological_Process_2021,protein deubiquitination (GO:0016579),4/267,0.8742780362136018,0.6316048116795541,0.08486042326482705,OTUD3;PSMB2;USP48;ZC3H12A,1.0
GO_Biological_Process_2021,"retrograde transport, endosome to Golgi (GO:0042147)",1/88,0.8760993027381775,0.47859902024708595,0.06330708511964049,VAMP3,1.0
GO_Biological_Process_2021,metal ion transport (GO:0030001),1/88,0.8760993027381775,0.47859902024708595,0.06330708511964049,NIPAL3,1.0
GO_Biological_Process_2021,positive regulation of neuron projection development (GO:0010976),1/88,0.8760993027381775,0.47859902024708595,0.06330708511964049,P3H1,1.0
GO_Biological_Process_2021,regulation of cation channel activity (GO:2001257),1/89,0.8790113922479471,0.47313606174908185,0.061014406265912986,SELENON,1.0
GO_Biological_Process_2021,second-messenger-mediated signaling (GO:0019932),1/89,0.8790113922479471,0.47313606174908185,0.061014406265912986,RCAN3,1.0
GO_Biological_Process_2021,post-Golgi vesicle-mediated transport (GO:0006892),1/89,0.8790113922479471,0.47313606174908185,0.061014406265912986,PUM1,1.0
GO_Biological_Process_2021,cellular response to interleukin-1 (GO:0071347),2/155,0.8808920151650304,0.5436056998553015,0.06894020059879877,PSMB2;ZC3H12A,1.0
GO_Biological_Process_2021,positive regulation of NF-kappaB transcription factor activity (GO:0051092),2/155,0.8808920151650304,0.5436056998553015,0.06894020059879877,PRKCZ;TRIM62,1.0
GO_Biological_Process_2021,regulation of actin cytoskeleton organization (GO:0032956),1/91,0.8846322661883269,0.4625743419862739,0.0567038610066489,MTOR,1.0
GO_Biological_Process_2021,inorganic cation transmembrane transport (GO:0098662),4/274,0.8864898653145061,0.615006372760878,0.074099403079643,KCNAB2;SCNN1D;SLC6A9;SLC9A1,1.0
GO_Biological_Process_2021,negative regulation of mitotic cell cycle phase transition (GO:1901991),1/92,0.8873442105061661,0.4574675763866745,0.054677581708071424,PSMB2,1.0
GO_Biological_Process_2021,positive regulation of transmembrane receptor protein serine/threonine kinase signaling pathway (GO:0090100),1/92,0.8873442105061661,0.4574675763866745,0.054677581708071424,BMP8A,1.0
GO_Biological_Process_2021,Wnt signaling pathway (GO:0016055),1/92,0.8873442105061661,0.4574675763866745,0.054677581708071424,DVL1,1.0
GO_Biological_Process_2021,response to lipopolysaccharide (GO:0032496),2/159,0.8895141775790267,0.5296465267277405,0.06201092699619275,TNFRSF1B;ZC3H12A,1.0
GO_Biological_Process_2021,protein modification by small protein removal (GO:0070646),4/276,0.8897838111940524,0.6104208796562437,0.07128296922591855,OTUD3;PSMB2;USP48;ZC3H12A,1.0
GO_Biological_Process_2021,regulation of epithelial cell proliferation (GO:0050678),1/93,0.8899925382881186,0.45247182743054465,0.05273206231402541,TIE1,1.0
GO_Biological_Process_2021,regulation of heart contraction (GO:0008016),1/93,0.8899925382881186,0.45247182743054465,0.05273206231402541,RNF207,1.0
GO_Biological_Process_2021,interleukin-1-mediated signaling pathway (GO:0070498),1/94,0.8925787387242046,0.4475835139358369,0.05086363515471633,PSMB2,1.0
GO_Biological_Process_2021,hemopoiesis (GO:0030097),1/94,0.8925787387242046,0.4475835139358369,0.05086363515471633,YTHDF2,1.0
GO_Biological_Process_2021,ciliary basal body-plasma membrane docking (GO:0097711),1/95,0.8951042662172756,0.44279920711122933,0.04906882465637505,NPHP4,1.0
GO_Biological_Process_2021,regulation of cell cycle phase transition (GO:1901987),1/95,0.8951042662172756,0.44279920711122933,0.04906882465637505,PSMB2,1.0
GO_Biological_Process_2021,regulation of vesicle-mediated transport (GO:0060627),1/96,0.8975705411939304,0.4381156225355609,0.04734433573696026,FGR,1.0
GO_Biological_Process_2021,cellular transition metal ion homeostasis (GO:0046916),1/96,0.8975705411939304,0.4381156225355609,0.04734433573696026,ATP13A2,1.0
GO_Biological_Process_2021,heart development (GO:0007507),2/164,0.8994782052210009,0.5131669473410367,0.05436514028599898,C1ORF127;ECE1,1.0
GO_Biological_Process_2021,regulation of neuron projection development (GO:0010975),2/165,0.9013679120645425,0.5099923535205306,0.05295850727169017,MFSD2A;P3H1,1.0
GO_Biological_Process_2021,antigen processing and presentation of exogenous peptide antigen via MHC class II (GO:0019886),1/98,0.9023308501569985,0.4290381596466365,0.04409398068631861,CAPZB,1.0
GO_Biological_Process_2021,regulation of MAPK cascade (GO:0043408),2/166,0.9032244743607026,0.5068564742588112,0.051589965098549226,EPHA2;LAPTM5,1.0
GO_Biological_Process_2021,organic anion transport (GO:0015711),1/99,0.9046275621521008,0.42463836896067825,0.042562333260035515,CPTP,1.0
GO_Biological_Process_2021,positive regulation of stress-activated MAPK cascade (GO:0032874),1/99,0.9046275621521008,0.42463836896067825,0.042562333260035515,ZC3H12A,1.0
GO_Biological_Process_2021,"DNA-templated transcription, initiation (GO:0006352)",2/168,0.9068402080731206,0.5006980607689283,0.04896277303548475,HDAC1;TAF12,1.0
GO_Biological_Process_2021,regulation of transforming growth factor beta receptor signaling pathway (GO:0017015),1/100,0.9068703791418409,0.42032746293504236,0.0410894266876959,SKI,1.0
GO_Biological_Process_2021,antigen processing and presentation of peptide antigen via MHC class II (GO:0002495),1/100,0.9068703791418409,0.42032746293504236,0.0410894266876959,CAPZB,1.0
GO_Biological_Process_2021,epithelial cell differentiation (GO:0030855),1/101,0.9090605631901634,0.4161027750299192,0.03967272025186977,HDAC1,1.0
GO_Biological_Process_2021,cell-cell adhesion via plasma-membrane adhesion molecules (GO:0098742),2/170,0.9103294342511269,0.49468627617166183,0.04647514705961687,IGSF21;PTPRF,1.0
GO_Biological_Process_2021,antigen processing and presentation of exogenous peptide antigen (GO:0002478),1/103,0.9132879339464499,0.4079019102729154,0.036998366221340236,CAPZB,1.0
GO_Biological_Process_2021,regulation of JNK cascade (GO:0046328),1/105,0.917319193361408,0.400016463391181,0.034521333958842396,PINK1,1.0
GO_Biological_Process_2021,cellular response to peptide hormone stimulus (GO:0071375),1/106,0.9192641351813055,0.3961863891914814,0.03335167626846504,SLC25A33,1.0
GO_Biological_Process_2021,glycerophospholipid biosynthetic process (GO:0046474),2/177,0.9216014637916524,0.47472715130873683,0.038757864322743626,MFSD2A;PIK3CD,1.0
GO_Biological_Process_2021,DNA replication (GO:0006260),1/108,0.9230181192256637,0.3887410113079533,0.031140648341993742,RPA2,1.0
GO_Biological_Process_2021,regulation of immune response (GO:0050776),2/179,0.9245687743633482,0.4693145072781131,0.03680732310875931,FGR;ZMPSTE24,1.0
GO_Biological_Process_2021,regulated exocytosis (GO:0045055),2/180,0.9260124618579467,0.4666537974315986,0.03587055123134627,RIMS3;SDF4,1.0
GO_Biological_Process_2021,response to tumor necrosis factor (GO:0034612),1/110,0.9265979094886824,0.38156885830088494,0.02908911639696698,ZC3H12A,1.0
GO_Biological_Process_2021,regulation of interleukin-6 production (GO:0032675),1/110,0.9265979094886824,0.38156885830088494,0.02908911639696698,ZC3H12A,1.0
GO_Biological_Process_2021,anterograde trans-synaptic signaling (GO:0098916),3/244,0.927300203616181,0.5164234933781233,0.038978571943712535,CORT;GABRD;RPS6KA1,1.0
GO_Biological_Process_2021,Fc-epsilon receptor signaling pathway (GO:0038095),1/111,0.9283250175007133,0.3780805838838108,0.028119128341389212,PSMB2,1.0
GO_Biological_Process_2021,cellular divalent inorganic cation homeostasis (GO:0072503),1/111,0.9283250175007133,0.3780805838838108,0.028119128341389212,ATP13A2,1.0
GO_Biological_Process_2021,Fc receptor signaling pathway (GO:0038093),1/112,0.9300115724712833,0.3746551612580352,0.027184322627589057,PSMB2,1.0
GO_Biological_Process_2021,stimulatory C-type lectin receptor signaling pathway (GO:0002223),1/115,0.9348373106336689,0.3647394641834218,0.024577153293226257,PSMB2,1.0
GO_Biological_Process_2021,positive regulation of protein metabolic process (GO:0051247),1/115,0.9348373106336689,0.3647394641834218,0.024577153293226257,SLC6A9,1.0
GO_Biological_Process_2021,cellular response to lectin (GO:1990858),1/115,0.9348373106336689,0.3647394641834218,0.024577153293226257,PSMB2,1.0
GO_Biological_Process_2021,ion transport (GO:0006811),1/116,0.9363709359101811,0.361549196428981,0.02376953922833817,SLC9A1,1.0
GO_Biological_Process_2021,cellular response to cytokine stimulus (GO:0071345),7/482,0.9366399484614383,0.6091973840681011,0.039875825313464903,CSF3R;IFNLR1;LDLRAP1;PIK3CD;TNFRSF1B;TXLNA;ZC3H12A,1.0
GO_Biological_Process_2021,positive regulation of protein phosphorylation (GO:0001934),5/371,0.9372073803548326,0.565508845733088,0.03667364307749234,BMP8A;MAD2L2;PARK7;PINK1;TNFRSF14,1.0
GO_Biological_Process_2021,cilium assembly (GO:0060271),4/314,0.9382473197305594,0.534538364731167,0.03407238282157842,CCDC28B;CFAP74;NPHP4;UBXN10,1.0
GO_Biological_Process_2021,innate immune response activating cell surface receptor signaling pathway (GO:0002220),1/119,0.9407590543617657,0.3523028271745847,0.021514508294913262,PSMB2,1.0
GO_Biological_Process_2021,cellular response to interferon-gamma (GO:0071346),1/121,0.9435153666310829,0.3463954245953871,0.020140340129134057,TRIM62,1.0
GO_Biological_Process_2021,positive regulation of epithelial cell proliferation (GO:0050679),1/123,0.9461436968139845,0.3406817073466549,0.018860419388123235,PIK3CD,1.0
GO_Biological_Process_2021,regulation of phosphorylation (GO:0042325),1/125,0.9486499752874082,0.3351523035575593,0.01766768228743845,SESN2,1.0
GO_Biological_Process_2021,endomembrane system organization (GO:0010256),2/199,0.9489486506318876,0.4212326440619125,0.02207283939596473,CDC42;PLEKHM2,1.0
GO_Biological_Process_2021,intracellular protein transport (GO:0006886),4/336,0.9565232083285853,0.4985458972841427,0.022160478100855814,IPO13;LAPTM5;RPL11;STX12,1.0
GO_Biological_Process_2021,positive regulation of cellular process (GO:0048522),9/625,0.958714680685927,0.6021135599021746,0.025386170957053766,CDC42;HDAC1;MFSD2A;PDPN;RPS6KA1;SLC25A33;TNFRSF18;TNFRSF1B;ZC3H12A,1.0
GO_Biological_Process_2021,cellular calcium ion homeostasis (GO:0006874),1/136,0.9604928575310343,0.3076691187984248,0.01240175236198864,ATP13A2,1.0
GO_Biological_Process_2021,protein localization to plasma membrane (GO:0072659),1/136,0.9604928575310343,0.3076691187984248,0.01240175236198864,EPHA2,1.0
GO_Biological_Process_2021,positive regulation of protein modification process (GO:0031401),2/214,0.9620936752787681,0.3911247792413907,0.015114413786731552,CAMTA1;PINK1,1.0
GO_Biological_Process_2021,positive regulation of response to external stimulus (GO:0032103),1/139,0.9632201086073823,0.3009341090946052,0.01127700250699319,PUM1,1.0
GO_Biological_Process_2021,protein localization to cell periphery (GO:1990778),1/140,0.9640867814421713,0.2987537102696277,0.01092660809568026,EPHA2,1.0
GO_Biological_Process_2021,cellular response to lipid (GO:0071396),2/219,0.9657038205111345,0.38201379710676275,0.013331554091403108,TNFRSF1B;ZC3H12A,1.0
GO_Biological_Process_2021,cilium organization (GO:0044782),2/228,0.9713862111924166,0.36662994408652366,0.010643686682965472,CCDC28B;UBXN10,1.0
GO_Biological_Process_2021,organelle assembly (GO:0070925),5/425,0.9722388734998533,0.4914121052456503,0.013835093599800596,CCDC28B;RCC1;STX12;UBXN10;YTHDF2,1.0
GO_Biological_Process_2021,inflammatory response (GO:0006954),2/230,0.9725197653399534,0.3633762441787343,0.01012543523505452,HSPG2;PIK3CD,1.0
GO_Biological_Process_2021,MAPK cascade (GO:0000165),3/303,0.9743381969965488,0.4135913891700777,0.010752057078595372,ARTN;ICMT;PSMB2,1.0
GO_Biological_Process_2021,regulation of cell differentiation (GO:0045595),1/156,0.975482019326334,0.2676935773305928,0.006645105263729886,RPS6KA1,1.0
GO_Biological_Process_2021,cellular protein-containing complex assembly (GO:0034622),1/168,0.9815893684937695,0.24830424284619518,0.0046140431827700985,VAMP3,1.0
GO_Biological_Process_2021,positive regulation of ERK1 and ERK2 cascade (GO:0070374),1/172,0.9832667711577413,0.24244586692985673,0.004091228171392105,PRKCZ,1.0
GO_Biological_Process_2021,neuron differentiation (GO:0030182),1/174,0.9840473768315695,0.23961826930549684,0.0038533579152185563,PPT1,1.0
GO_Biological_Process_2021,regulation of mitotic cell cycle phase transition (GO:1901990),1/188,0.988583334842434,0.22151862034101136,0.0025435511365289086,PSMB2,1.0
GO_Biological_Process_2021,positive regulation of MAPK cascade (GO:0043410),2/274,0.9888603406170486,0.30390052380546717,0.0034043453471024267,LAPTM5;PRKCZ,1.0
GO_Biological_Process_2021,plasma membrane bounded cell projection assembly (GO:0120031),2/278,0.9897502469337603,0.29943396773000447,0.003084961422775063,CCDC28B;UBXN10,1.0
GO_Biological_Process_2021,regulation of signal transduction (GO:0009966),1/198,0.9910113383583717,0.21016532349236744,0.0018976464672931196,DHRS3,1.0
GO_Biological_Process_2021,negative regulation of multicellular organismal process (GO:0051241),1/214,0.9938703761809186,0.19421740604112683,0.0011941432128850084,MAD2L2,1.0
GO_Biological_Process_2021,positive regulation of cell population proliferation (GO:0008284),4/474,0.9960435953618656,0.3496331547905547,0.0013860339023055743,DISP3;HDAC1;KDM1A;SLC25A33,1.0
GO_Molecular_Function_2021,miRNA binding (GO:0035198),6/30,5.85735908339852e-05,10.55627683319747,102.87331012233324,AGO1;AGO3;AGO4;PUM1;YBX1;ZC3H12A,0.023019421197756185
GO_Molecular_Function_2021,regulatory RNA binding (GO:0061980),6/40,0.0003107076882706056,7.447669819696477,60.15228200730698,AGO1;AGO3;AGO4;PUM1;YBX1;ZC3H12A,0.12210812149034801
GO_Molecular_Function_2021,RNA binding (GO:0003723),53/1406,0.00040464845833945994,1.715931535122212,13.405701170860393,AGO1;AGO3;AGO4;CDK11B;EBNA1BP2;EIF3I;EIF4G3;ENO1;ERI3;EXOSC10;GNL2;HMGN2;HNRNPR;KDM1A;KHDRBS1;LRRC47;LSM10;MACF1;MRPL20;MRPS15;MRTO4;NOC2L;PABPC4;PARK7;PEF1;PPIE;PPP1R8;PRDX1;PUM1;RCAN3;RCC2;RPL11;RPL22;RPS8;SF3A3;SFPQ;SNIP1;SNRNP40;SPEN;SRRM1;SRSF10;SRSF4;SYF2;TARDBP;THRAP3;TOE1;TRNAU1AP;UTP11;YBX1;YRDC;YTHDF2;ZC3H12A;ZCCHC17,0.15902684412740775
GO_Molecular_Function_2021,tumor necrosis factor-activated receptor activity (GO:0005031),3/9,0.0009626983745091606,20.995698483963476,145.83130125987924,TNFRSF14;TNFRSF1B;TNFRSF25,0.3783404611821001
GO_Molecular_Function_2021,death receptor activity (GO:0005035),3/12,0.002392754925836643,13.994981785054158,84.46405195306463,TNFRSF14;TNFRSF1B;TNFRSF25,0.9403526858538007
GO_Molecular_Function_2021,ribonuclease activity (GO:0004540),6/66,0.004416967195541117,4.214718525655443,22.853476578393764,AGO1;AGO3;EXOSC10;INTS11;PPP1R8;ZC3H12A,1.0
GO_Molecular_Function_2021,kinesin binding (GO:0019894),4/29,0.004421303526676105,6.7265515826174225,36.46679340733546,CLSTN1;CROCC;KIF1B;PLEKHM2,1.0
GO_Molecular_Function_2021,palmitoyl-CoA hydrolase activity (GO:0016290),2/6,0.007700107530073949,20.952789260669757,101.96718863709842,ACOT7;PPT1,1.0
GO_Molecular_Function_2021,endoribonuclease activity (GO:0004521),4/34,0.007876791972849658,5.604022870602955,27.144959700760833,AGO1;AGO3;INTS11;ZC3H12A,1.0
GO_Molecular_Function_2021,mRNA binding (GO:0003729),13/263,0.009349422993370085,2.203657095567976,10.296456990945398,EIF4G3;HNRNPR;KHDRBS1;PABPC4;PARK7;PPIE;PPP1R8;PUM1;SNIP1;SRSF4;TARDBP;YTHDF2;ZC3H12A,1.0
GO_Molecular_Function_2021,DNA-binding transcription factor binding (GO:0140297),11/208,0.010108285932966948,2.3624053966617575,10.853834886826219,DMAP1;HDAC1;KDM1A;MAD2L2;NOC2L;PARK7;RERE;SKI;SPEN;TP73;ZBTB17,1.0
GO_Molecular_Function_2021,core promoter sequence-specific DNA binding (GO:0001046),4/37,0.010619200621940246,5.093782546960015,23.15170794553173,AGO1;HDAC1;PARK7;ZBTB17,1.0
GO_Molecular_Function_2021,poly(A) binding (GO:0008143),3/22,0.01408670980674907,6.625806312518031,28.24265506711408,KHDRBS1;PABPC4;PPIE,1.0
GO_Molecular_Function_2021,"oxidoreductase activity, acting on the CH-OH group of donors, NAD or NADP as acceptor (GO:0016616)",6/87,0.016340460143837828,3.1186467194136114,12.830458865045395,AKR1A1;DHRS3;H6PD;KCNAB2;PGD;PRXL2B,1.0
GO_Molecular_Function_2021,prenyltransferase activity (GO:0004659),2/9,0.017640435962581955,11.971183072353522,48.33438805329587,DHDDS;UBIAD1,1.0
GO_Molecular_Function_2021,single-stranded RNA binding (GO:0003727),4/45,0.020713696032785212,4.0981916715591575,15.888525811650323,AGO1;AGO3;AGO4;EXOSC10,1.0
GO_Molecular_Function_2021,ubiquitination-like modification-dependent protein binding (GO:0140035),2/10,0.021712678801948687,10.474248707634148,40.11489476437351,FAAP20;LAPTM5,1.0
GO_Molecular_Function_2021,voltage-gated chloride channel activity (GO:0005247),2/10,0.021712678801948687,10.474248707634148,40.11489476437351,CLCN6;CLCNKA,1.0
GO_Molecular_Function_2021,ubiquitin protein ligase binding (GO:0031625),12/265,0.022717025275365205,2.0053047209501687,7.589357709369559,ISG15;KDM4A;LAPTM5;MFN2;MUL1;PINK1;RPA2;RPL11;SKI;TNFRSF14;TNFRSF1B;UBE2J2,1.0
GO_Molecular_Function_2021,alditol:NADP+ 1-oxidoreductase activity (GO:0004032),2/11,0.026131914486223932,9.309966423963525,33.93108439798724,AKR1A1;AKR7A2,1.0
GO_Molecular_Function_2021,galactosyltransferase activity (GO:0008378),2/11,0.026131914486223932,9.309966423963525,33.93108439798724,B3GALT6;B4GALT2,1.0
GO_Molecular_Function_2021,ubiquitin-dependent protein binding (GO:0140036),2/11,0.026131914486223932,9.309966423963525,33.93108439798724,FAAP20;LAPTM5,1.0
GO_Molecular_Function_2021,poly-purine tract binding (GO:0070717),3/28,0.027037945035753408,5.034064410450228,18.175560171251174,KHDRBS1;PABPC4;PPIE,1.0
GO_Molecular_Function_2021,endonuclease activity (GO:0004519),4/51,0.031173273580711373,3.573917753129982,12.395040705724755,AGO1;AGO3;INTS11;ZC3H12A,1.0
GO_Molecular_Function_2021,ubiquitin-like protein ligase binding (GO:0044389),12/282,0.034361119883486856,1.8773878740338918,6.3283545972242035,ISG15;KDM4A;LAPTM5;MFN2;MUL1;PINK1;RPA2;RPL11;SKI;TNFRSF14;TNFRSF1B;UBE2J2,1.0
GO_Molecular_Function_2021,histone demethylase activity (H3-K9 specific) (GO:0032454),2/13,0.0359384456862874,7.616464920442619,25.331963573154507,KDM1A;KDM4A,1.0
GO_Molecular_Function_2021,exoribonuclease activity (GO:0004532),2/13,0.0359384456862874,7.616464920442619,25.331963573154507,EXOSC10;ZC3H12A,1.0
GO_Molecular_Function_2021,amyloid-beta binding (GO:0001540),5/80,0.03953557506436064,2.8015838142206517,9.050668855978401,C1QA;CLSTN1;EPHB2;HSPG2;LDLRAP1,1.0
GO_Molecular_Function_2021,"4 iron, 4 sulfur cluster binding (GO:0051539)",2/14,0.041290930194593164,6.981401856622279,22.25051250350006,EXO5;SDHB,1.0
GO_Molecular_Function_2021,nucleosomal DNA binding (GO:0031492),3/33,0.04135756208790182,4.19397840658111,13.359918189987077,HDAC1;RBBP4;RCC1,1.0
GO_Molecular_Function_2021,"exoribonuclease activity, producing 5'-phosphomonoesters (GO:0016896)",3/33,0.04135756208790182,4.19397840658111,13.359918189987077,ERI3;EXOSC10;TOE1,1.0
GO_Molecular_Function_2021,3'-5'-exoribonuclease activity (GO:0000175),3/34,0.04459763661516492,4.058480664021575,12.62217686497937,ERI3;EXOSC10;TOE1,1.0
GO_Molecular_Function_2021,hexose transmembrane transporter activity (GO:0015149),2/15,0.04692074401207228,6.444040802620452,19.714224373835403,SLC2A1;SLC2A5,1.0
GO_Molecular_Function_2021,"oxidoreductase activity, acting on the CH-NH group of donors, NAD or NADP as acceptor (GO:0016646)",2/15,0.04692074401207228,6.444040802620452,19.714224373835403,ALDH4A1;MTHFR,1.0
GO_Molecular_Function_2021,voltage-gated anion channel activity (GO:0008308),2/16,0.05281203761995901,5.98344561347603,17.59741005639537,CLCN6;CLCNKA,1.0
GO_Molecular_Function_2021,transmembrane receptor protein phosphatase activity (GO:0019198),2/16,0.05281203761995901,5.98344561347603,17.59741005639537,PTPRF;PTPRU,1.0
GO_Molecular_Function_2021,transmembrane receptor protein tyrosine phosphatase activity (GO:0005001),2/16,0.05281203761995901,5.98344561347603,17.59741005639537,PTPRF;PTPRU,1.0
GO_Molecular_Function_2021,SH3 domain binding (GO:0017124),4/62,0.05713953008479063,2.8944708071197582,8.28472542513686,CASP9;ESPN;KHDRBS1;WASF2,1.0
GO_Molecular_Function_2021,ephrin receptor activity (GO:0005003),2/17,0.058949548622827024,5.58426311621753,15.809458258631267,EPHA2;EPHB2,1.0
GO_Molecular_Function_2021,transmembrane-ephrin receptor activity (GO:0005005),2/17,0.058949548622827024,5.58426311621753,15.809458258631267,EPHA2;EPHB2,1.0
GO_Molecular_Function_2021,alcohol dehydrogenase (NADP+) activity (GO:0008106),2/17,0.058949548622827024,5.58426311621753,15.809458258631267,AKR1A1;AKR7A2,1.0
GO_Molecular_Function_2021,chloride channel activity (GO:0005254),4/64,0.0628046136354619,2.7977010905667865,7.743272126368778,CLCN6;CLCNKA;CLIC4;GABRD,1.0
GO_Molecular_Function_2021,acyl-CoA hydrolase activity (GO:0047617),2/18,0.06531858304624501,5.234978431116343,14.283527163157904,ACOT7;PPT1,1.0
GO_Molecular_Function_2021,translation initiation factor activity (GO:0003743),3/41,0.0706049941293943,3.309677349876775,8.772810825424399,EIF2B3;EIF3I;EIF4G3,1.0
GO_Molecular_Function_2021,NAD-retinol dehydrogenase activity (GO:0004745),2/19,0.07190499718524561,4.9267860619094135,12.969318506701361,AKR1A1;DHRS3,1.0
GO_Molecular_Function_2021,antiporter activity (GO:0015297),2/20,0.07869517998815657,4.652837289281031,11.828319055568086,SLC35E2A;SLC35E2B,1.0
GO_Molecular_Function_2021,glucose transmembrane transporter activity (GO:0005355),2/21,0.08567603596076087,4.4077252295609,10.830583621938379,SLC2A1;SLC2A5,1.0
GO_Molecular_Function_2021,ubiquitin protein ligase activity (GO:0061630),10/263,0.09105259313613986,1.6637899433057584,3.986969777484897,CDC42;FBXO2;FBXO44;FBXO6;MUL1;RNF19B;RNF220;TRIM62;UBE4B;UBR4,1.0
GO_Molecular_Function_2021,poly(U) RNA binding (GO:0008266),2/22,0.09283496857616204,4.1871243758127825,9.952509471398136,KHDRBS1;PABPC4,1.0
GO_Molecular_Function_2021,protein tyrosine phosphatase activity (GO:0004725),4/74,0.09529241248232208,2.3967979791330487,5.634404885874408,EYA3;PTP4A2;PTPRF;PTPRU,1.0
GO_Molecular_Function_2021,transcription cis-regulatory region binding (GO:0000976),18/549,0.0957091440971171,1.4313370687574816,3.358548606276252,AGO1;ENO1;HDAC1;MTF1;NFYC;PARK7;PER3;PRDM2;SFPQ;TFAP2E;TP73;ZBTB17;ZBTB48;ZBTB8A;ZBTB8B;ZFP69;ZNF436;ZNF684,1.0
GO_Molecular_Function_2021,"phosphotransferase activity, alcohol group as acceptor (GO:0016773)",4/75,0.09890582254372426,2.3629188429555494,5.4668187165583175,NADK;NOL9;PANK4;PIK3CD,1.0
GO_Molecular_Function_2021,cyclin-dependent protein serine/threonine kinase activity (GO:0004693),2/23,0.1001598641761258,3.9875331271835326,9.175264789447668,CDK11A;CDK11B,1.0
GO_Molecular_Function_2021,carboxy-lyase activity (GO:0016831),2/23,0.1001598641761258,3.9875331271835326,9.175264789447668,AZIN2;UROD,1.0
GO_Molecular_Function_2021,cyclin-dependent protein kinase activity (GO:0097472),2/23,0.1001598641761258,3.9875331271835326,9.175264789447668,CDK11A;CDK11B,1.0
GO_Molecular_Function_2021,low-density lipoprotein particle receptor binding (GO:0050750),2/23,0.1001598641761258,3.9875331271835326,9.175264789447668,HSPG2;LDLRAP1,1.0
GO_Molecular_Function_2021,GTPase binding (GO:0051020),8/201,0.10071711860189515,1.7426447028237861,4.000135481247384,ARHGEF16;ENO1;GNB1;RAP1GAP;RCC1;RCC2;RRAGC;YBX1,1.0
GO_Molecular_Function_2021,3'-5' exonuclease activity (GO:0008408),3/48,0.10192506438807007,2.793835066799246,6.379770983734515,ERI3;EXOSC10;TOE1,1.0
GO_Molecular_Function_2021,fructose transmembrane transporter activity (GO:0005353),1/5,0.11166168122067735,10.453961237602543,22.9180277318776,SLC2A5,1.0
GO_Molecular_Function_2021,folic acid transmembrane transporter activity (GO:0008517),1/5,0.11166168122067735,10.453961237602543,22.9180277318776,PDPN,1.0
GO_Molecular_Function_2021,thiolester hydrolase activity (GO:0016790),1/5,0.11166168122067735,10.453961237602543,22.9180277318776,PPT1,1.0
GO_Molecular_Function_2021,ATPase inhibitor activity (GO:0042030),1/5,0.11166168122067735,10.453961237602543,22.9180277318776,ATP5IF1,1.0
GO_Molecular_Function_2021,histone acetyltransferase activity (H3-K23 specific) (GO:0043994),1/5,0.11166168122067735,10.453961237602543,22.9180277318776,MEAF6,1.0
GO_Molecular_Function_2021,protein-arginine deiminase activity (GO:0004668),1/5,0.11166168122067735,10.453961237602543,22.9180277318776,PADI2,1.0
GO_Molecular_Function_2021,troponin I binding (GO:0031013),1/5,0.11166168122067735,10.453961237602543,22.9180277318776,RCAN3,1.0
GO_Molecular_Function_2021,L-lysine transmembrane transporter activity (GO:0015189),1/5,0.11166168122067735,10.453961237602543,22.9180277318776,SLC66A1,1.0
GO_Molecular_Function_2021,oxo-acid-lyase activity (GO:0016833),1/5,0.11166168122067735,10.453961237602543,22.9180277318776,HMGCL,1.0
GO_Molecular_Function_2021,small protein activating enzyme binding (GO:0044388),1/5,0.11166168122067735,10.453961237602543,22.9180277318776,PARK7,1.0
GO_Molecular_Function_2021,solute:proton antiporter activity (GO:0015299),1/5,0.11166168122067735,10.453961237602543,22.9180277318776,SLC9A1,1.0
GO_Molecular_Function_2021,"oxidoreductase activity, acting on metal ions, NAD or NADP as acceptor (GO:0016723)",1/5,0.11166168122067735,10.453961237602543,22.9180277318776,MMACHC,1.0
GO_Molecular_Function_2021,tumor necrosis factor binding (GO:0043120),1/5,0.11166168122067735,10.453961237602543,22.9180277318776,TNFRSF1B,1.0
GO_Molecular_Function_2021,single-stranded DNA 3'-5' exodeoxyribonuclease activity (GO:0008310),1/5,0.11166168122067735,10.453961237602543,22.9180277318776,EXO5,1.0
GO_Molecular_Function_2021,poly-pyrimidine tract binding (GO:0008187),2/25,0.11526141077816025,3.640417912176141,7.8653143600663356,KHDRBS1;PABPC4,1.0
GO_Molecular_Function_2021,FAD binding (GO:0071949),2/25,0.11526141077816025,3.640417912176141,7.8653143600663356,MMACHC;MTHFR,1.0
GO_Molecular_Function_2021,kinase activity (GO:0016301),5/112,0.12262106205800079,1.9604973244841217,4.114410404853551,MTOR;NADK;PANK4;PIK3CD;PINK1,1.0
GO_Molecular_Function_2021,androgen receptor binding (GO:0050681),2/27,0.13089284177532096,3.348841131569933,6.809454163419337,KDM1A;PARK7,1.0
GO_Molecular_Function_2021,ubiquitin-protein transferase activity (GO:0004842),13/392,0.13240761361019174,1.443874827670935,2.9193273891708835,CDC42;FBXO2;FBXO44;FBXO6;HECTD3;KLHL21;MIB2;MUL1;RNF19B;RNF220;TRIM62;UBE2J2;UBR4,1.0
GO_Molecular_Function_2021,apolipoprotein receptor binding (GO:0034190),1/6,0.13245399595879806,8.36274072456658,16.905446744369815,CDC42,1.0
GO_Molecular_Function_2021,mismatched DNA binding (GO:0030983),1/6,0.13245399595879806,8.36274072456658,16.905446744369815,MUTYH,1.0
GO_Molecular_Function_2021,long-chain fatty acyl-CoA binding (GO:0036042),1/6,0.13245399595879806,8.36274072456658,16.905446744369815,ACOT7,1.0
GO_Molecular_Function_2021,sulfatide binding (GO:0120146),1/6,0.13245399595879806,8.36274072456658,16.905446744369815,PPT1,1.0
GO_Molecular_Function_2021,alkaline phosphatase activity (GO:0004035),1/6,0.13245399595879806,8.36274072456658,16.905446744369815,ALPL,1.0
GO_Molecular_Function_2021,immunoglobulin receptor binding (GO:0034987),1/6,0.13245399595879806,8.36274072456658,16.905446744369815,FGR,1.0
GO_Molecular_Function_2021,RNA polymerase III type 3 promoter sequence-specific DNA binding (GO:0001006),1/6,0.13245399595879806,8.36274072456658,16.905446744369815,MTOR,1.0
GO_Molecular_Function_2021,fructose binding (GO:0070061),1/6,0.13245399595879806,8.36274072456658,16.905446744369815,SLC2A5,1.0
GO_Molecular_Function_2021,protein carboxyl O-methyltransferase activity (GO:0051998),1/6,0.13245399595879806,8.36274072456658,16.905446744369815,ICMT,1.0
GO_Molecular_Function_2021,C3HC4-type RING finger domain binding (GO:0055131),1/6,0.13245399595879806,8.36274072456658,16.905446744369815,PINK1,1.0
GO_Molecular_Function_2021,protein phosphatase 2B binding (GO:0030346),1/6,0.13245399595879806,8.36274072456658,16.905446744369815,SLC9A1,1.0
GO_Molecular_Function_2021,RNA polymerase III cis-regulatory region sequence-specific DNA binding (GO:0000992),1/6,0.13245399595879806,8.36274072456658,16.905446744369815,MTOR,1.0
GO_Molecular_Function_2021,cadherin binding (GO:0045296),11/322,0.13646784665173123,1.4876201952021868,2.96284293228474,ARHGEF16;CAPZB;EFHD2;ENO1;EPHA2;LYPLA2;MACF1;NUDC;PARK7;PRDX1;WASF2,1.0
GO_Molecular_Function_2021,flavin adenine dinucleotide binding (GO:0050660),3/55,0.13771618655910647,2.4168733983964366,4.791597324001952,KDM1A;MMACHC;MTHFR,1.0
GO_Molecular_Function_2021,mRNA 3'-UTR binding (GO:0003730),4/85,0.1383325140263959,2.070136184631484,4.094925974319863,PABPC4;PUM1;TARDBP;ZC3H12A,1.0
GO_Molecular_Function_2021,lipoprotein particle receptor binding (GO:0070325),2/28,0.13888167998605683,3.2198744786094946,6.356460243421053,HSPG2;LDLRAP1,1.0
GO_Molecular_Function_2021,histone demethylase activity (GO:0032452),2/28,0.13888167998605683,3.2198744786094946,6.356460243421053,KDM1A;KDM4A,1.0
GO_Molecular_Function_2021,secondary active transmembrane transporter activity (GO:0015291),3/56,0.1431408846553335,2.3711502849783064,4.60934051421908,MFSD2A;SLC35E2A;SLC35E2B,1.0
GO_Molecular_Function_2021,nuclear receptor binding (GO:0016922),5/120,0.15077497201260176,1.8233636576792525,3.4497435142624613,ARID1A;KDM1A;PADI2;PARK7;THRAP3,1.0
GO_Molecular_Function_2021,"hydrolase activity, acting on acid anhydrides, in phosphorus-containing anhydrides (GO:0016818)",1/7,0.15276066445391073,6.9685937158759375,13.093171339670779,ALPL,1.0
GO_Molecular_Function_2021,"phosphatidylinositol-4,5-bisphosphate 5-phosphatase activity (GO:0004439)",1/7,0.15276066445391073,6.9685937158759375,13.093171339670779,INPP5B,1.0
GO_Molecular_Function_2021,phospholipid scramblase activity (GO:0017128),1/7,0.15276066445391073,6.9685937158759375,13.093171339670779,XKR8,1.0
GO_Molecular_Function_2021,RNA polymerase II CTD heptapeptide repeat phosphatase activity (GO:0008420),1/7,0.15276066445391073,6.9685937158759375,13.093171339670779,SSU72,1.0
GO_Molecular_Function_2021,ceramide 1-phosphate transfer activity (GO:1902388),1/7,0.15276066445391073,6.9685937158759375,13.093171339670779,CPTP,1.0
GO_Molecular_Function_2021,ceramide 1-phosphate binding (GO:1902387),1/7,0.15276066445391073,6.9685937158759375,13.093171339670779,CPTP,1.0
GO_Molecular_Function_2021,ribosomal protein S6 kinase activity (GO:0004711),1/7,0.15276066445391073,6.9685937158759375,13.093171339670779,RPS6KA1,1.0
GO_Molecular_Function_2021,fatty acid elongase activity (GO:0009922),1/7,0.15276066445391073,6.9685937158759375,13.093171339670779,ELOVL1,1.0
GO_Molecular_Function_2021,acid-amino acid ligase activity (GO:0016881),1/7,0.15276066445391073,6.9685937158759375,13.093171339670779,PPCS,1.0
GO_Molecular_Function_2021,MutSalpha complex binding (GO:0032407),1/7,0.15276066445391073,6.9685937158759375,13.093171339670779,MUTYH,1.0
GO_Molecular_Function_2021,alpha-mannosidase activity (GO:0004559),1/7,0.15276066445391073,6.9685937158759375,13.093171339670779,MANEAL,1.0
GO_Molecular_Function_2021,MutLalpha complex binding (GO:0032405),1/7,0.15276066445391073,6.9685937158759375,13.093171339670779,MUTYH,1.0
GO_Molecular_Function_2021,long-chain fatty acid binding (GO:0036041),1/7,0.15276066445391073,6.9685937158759375,13.093171339670779,FABP3,1.0
GO_Molecular_Function_2021,carbohydrate:proton symporter activity (GO:0005351),1/7,0.15276066445391073,6.9685937158759375,13.093171339670779,SLC45A1,1.0
GO_Molecular_Function_2021,1-phosphatidylinositol-4-phosphate 3-kinase activity (GO:0035005),1/7,0.15276066445391073,6.9685937158759375,13.093171339670779,PIK3CD,1.0
GO_Molecular_Function_2021,1-alkyl-2-acetylglycerophosphocholine esterase activity (GO:0003847),1/7,0.15276066445391073,6.9685937158759375,13.093171339670779,PAFAH2,1.0
GO_Molecular_Function_2021,N6-methyladenosine-containing RNA binding (GO:1990247),1/7,0.15276066445391073,6.9685937158759375,13.093171339670779,YTHDF2,1.0
GO_Molecular_Function_2021,morphogen activity (GO:0016015),1/7,0.15276066445391073,6.9685937158759375,13.093171339670779,NBL1,1.0
GO_Molecular_Function_2021,"mannosyl-oligosaccharide 1,2-alpha-mannosidase activity (GO:0004571)",1/7,0.15276066445391073,6.9685937158759375,13.093171339670779,MAN1C1,1.0
GO_Molecular_Function_2021,mannosyl-oligosaccharide mannosidase activity (GO:0015924),1/7,0.15276066445391073,6.9685937158759375,13.093171339670779,MAN1C1,1.0
GO_Molecular_Function_2021,JUN kinase binding (GO:0008432),1/7,0.15276066445391073,6.9685937158759375,13.093171339670779,MAD2L2,1.0
GO_Molecular_Function_2021,leucine binding (GO:0070728),1/7,0.15276066445391073,6.9685937158759375,13.093171339670779,SESN2,1.0
GO_Molecular_Function_2021,RNA polymerase II-specific DNA-binding transcription factor binding (GO:0061629),7/190,0.15881358969970277,1.605478671123289,2.954119537414237,ARID1A;DMAP1;HDAC1;KDM1A;MAD2L2;RERE;SPEN,1.0
GO_Molecular_Function_2021,Hsp70 protein binding (GO:0030544),2/31,0.1634274509385005,2.8863400312980163,5.228276247972784,DNAJC8;RNF207,1.0
GO_Molecular_Function_2021,transmembrane receptor protein kinase activity (GO:0019199),3/60,0.16551000173190178,2.204301028996356,3.9649283982305485,EPHA2;EPHB2;TIE1,1.0
GO_Molecular_Function_2021,transmembrane receptor protein tyrosine kinase activity (GO:0004714),3/60,0.16551000173190178,2.204301028996356,3.9649283982305485,EPHA2;EPHB2;TIE1,1.0
GO_Molecular_Function_2021,zinc ion binding (GO:0008270),11/336,0.16649614388524295,1.4225012320274097,2.5502362107252186,ATAD3A;ATAD3B;ATAD3C;ATP13A2;ECE1;KDM4A;MMP23B;PRDM2;SKI;SMPDL3B;ZNF593,1.0
GO_Molecular_Function_2021,cuprous ion binding (GO:1903136),1/8,0.1725930062253092,5.972774423954051,10.493083717848416,PARK7,1.0
GO_Molecular_Function_2021,procollagen-proline dioxygenase activity (GO:0019798),1/8,0.1725930062253092,5.972774423954051,10.493083717848416,P3H1,1.0
GO_Molecular_Function_2021,protein kinase B binding (GO:0043422),1/8,0.1725930062253092,5.972774423954051,10.493083717848416,PINK1,1.0
GO_Molecular_Function_2021,phosphatidylinositol phosphate 5-phosphatase activity (GO:0034595),1/8,0.1725930062253092,5.972774423954051,10.493083717848416,INPP5B,1.0
GO_Molecular_Function_2021,glycine transmembrane transporter activity (GO:0015187),1/8,0.1725930062253092,5.972774423954051,10.493083717848416,SLC6A9,1.0
GO_Molecular_Function_2021,solute:cation antiporter activity (GO:0015298),1/8,0.1725930062253092,5.972774423954051,10.493083717848416,SLC9A1,1.0
GO_Molecular_Function_2021,adenylate kinase activity (GO:0004017),1/8,0.1725930062253092,5.972774423954051,10.493083717848416,AK2,1.0
GO_Molecular_Function_2021,5'-3' exodeoxyribonuclease activity (GO:0035312),1/8,0.1725930062253092,5.972774423954051,10.493083717848416,EXO5,1.0
GO_Molecular_Function_2021,ubiquitin ligase inhibitor activity (GO:1990948),1/8,0.1725930062253092,5.972774423954051,10.493083717848416,RPL11,1.0
GO_Molecular_Function_2021,ceramide transfer activity (GO:0120017),1/8,0.1725930062253092,5.972774423954051,10.493083717848416,CPTP,1.0
GO_Molecular_Function_2021,oxidized DNA binding (GO:0032356),1/8,0.1725930062253092,5.972774423954051,10.493083717848416,MUTYH,1.0
GO_Molecular_Function_2021,"intramolecular oxidoreductase activity, interconverting aldoses and ketoses (GO:0016861)",1/8,0.1725930062253092,5.972774423954051,10.493083717848416,HYI,1.0
GO_Molecular_Function_2021,arginine transmembrane transporter activity (GO:0015181),1/8,0.1725930062253092,5.972774423954051,10.493083717848416,SLC66A1,1.0
GO_Molecular_Function_2021,calcium-dependent protein kinase activity (GO:0010857),1/8,0.1725930062253092,5.972774423954051,10.493083717848416,PINK1,1.0
GO_Molecular_Function_2021,telomeric DNA binding (GO:0042162),2/33,0.18018710733653384,2.6998476521561146,4.62688951594276,KDM1A;ZBTB48,1.0
GO_Molecular_Function_2021,ubiquitin-like protein ligase activity (GO:0061659),9/270,0.18367054295661345,1.4477499504284064,2.4533739376295873,CDC42;FBXO2;FBXO44;FBXO6;MUL1;RNF19B;RNF220;TRIM62;UBR4,1.0
GO_Molecular_Function_2021,"phosphatidylinositol-4,5-bisphosphate phosphatase activity (GO:0106019)",1/9,0.19196207750814998,5.225909955012635,8.625141963099349,INPP5B,1.0
GO_Molecular_Function_2021,double-stranded telomeric DNA binding (GO:0003691),1/9,0.19196207750814998,5.225909955012635,8.625141963099349,ZBTB48,1.0
GO_Molecular_Function_2021,single-stranded DNA exodeoxyribonuclease activity (GO:0008297),1/9,0.19196207750814998,5.225909955012635,8.625141963099349,EXO5,1.0
GO_Molecular_Function_2021,5S rRNA binding (GO:0008097),1/9,0.19196207750814998,5.225909955012635,8.625141963099349,RPL11,1.0
GO_Molecular_Function_2021,histone demethylase activity (H3-K4 specific) (GO:0032453),1/9,0.19196207750814998,5.225909955012635,8.625141963099349,KDM1A,1.0
GO_Molecular_Function_2021,mannosidase activity (GO:0015923),1/9,0.19196207750814998,5.225909955012635,8.625141963099349,MANEAL,1.0
GO_Molecular_Function_2021,H3 histone acetyltransferase activity (GO:0010484),1/9,0.19196207750814998,5.225909955012635,8.625141963099349,MEAF6,1.0
GO_Molecular_Function_2021,armadillo repeat domain binding (GO:0070016),1/9,0.19196207750814998,5.225909955012635,8.625141963099349,CTNNBIP1,1.0
GO_Molecular_Function_2021,ubiquitin-protein transferase inhibitor activity (GO:0055105),1/9,0.19196207750814998,5.225909955012635,8.625141963099349,RPL11,1.0
GO_Molecular_Function_2021,ubiquitin-like protein conjugating enzyme binding (GO:0044390),2/35,0.1971888074215857,2.535960409879898,4.117369080991197,PARK7;RNF19B,1.0
GO_Molecular_Function_2021,nucleotide transmembrane transporter activity (GO:0015215),1/10,0.21087867736439467,4.645015368058201,7.229837751923362,SLC25A33,1.0
GO_Molecular_Function_2021,ligand-gated sodium channel activity (GO:0015280),1/10,0.21087867736439467,4.645015368058201,7.229837751923362,SCNN1D,1.0
GO_Molecular_Function_2021,aldo-keto reductase (NADP) activity (GO:0004033),1/10,0.21087867736439467,4.645015368058201,7.229837751923362,KCNAB2,1.0
GO_Molecular_Function_2021,oxidized purine DNA binding (GO:0032357),1/10,0.21087867736439467,4.645015368058201,7.229837751923362,MUTYH,1.0
GO_Molecular_Function_2021,symporter activity (GO:0015293),1/10,0.21087867736439467,4.645015368058201,7.229837751923362,MFSD2A,1.0
GO_Molecular_Function_2021,adenylate cyclase binding (GO:0008179),1/10,0.21087867736439467,4.645015368058201,7.229837751923362,CAP1,1.0
GO_Molecular_Function_2021,1-phosphatidylinositol-3-kinase activity (GO:0016303),1/10,0.21087867736439467,4.645015368058201,7.229837751923362,PIK3CD,1.0
GO_Molecular_Function_2021,histone demethylase activity (H3-K36 specific) (GO:0051864),1/10,0.21087867736439467,4.645015368058201,7.229837751923362,KDM4A,1.0
GO_Molecular_Function_2021,cysteine-type endopeptidase activity involved in apoptotic signaling pathway (GO:0097199),1/10,0.21087867736439467,4.645015368058201,7.229837751923362,CASP9,1.0
GO_Molecular_Function_2021,G-rich strand telomeric DNA binding (GO:0098505),1/10,0.21087867736439467,4.645015368058201,7.229837751923362,RPA2,1.0
GO_Molecular_Function_2021,fatty acid synthase activity (GO:0004312),1/10,0.21087867736439467,4.645015368058201,7.229837751923362,ELOVL1,1.0
GO_Molecular_Function_2021,phosphotyrosine residue binding (GO:0001784),2/37,0.21437446909697358,2.3908031381495345,3.6819107984149957,FGR;LDLRAP1,1.0
GO_Molecular_Function_2021,thioesterase binding (GO:0031996),1/11,0.22935335365221174,4.180299698494653,6.155455504379367,CDC42,1.0
GO_Molecular_Function_2021,ubiquitin-ubiquitin ligase activity (GO:0034450),1/11,0.22935335365221174,4.180299698494653,6.155455504379367,UBE4B,1.0
GO_Molecular_Function_2021,UDP-galactosyltransferase activity (GO:0035250),1/11,0.22935335365221174,4.180299698494653,6.155455504379367,B3GALT6,1.0
GO_Molecular_Function_2021,"racemase and epimerase activity, acting on carbohydrates and derivatives (GO:0016857)",1/11,0.22935335365221174,4.180299698494653,6.155455504379367,GALE,1.0
GO_Molecular_Function_2021,potassium:proton antiporter activity (GO:0015386),1/11,0.22935335365221174,4.180299698494653,6.155455504379367,SLC9A1,1.0
GO_Molecular_Function_2021,filamin binding (GO:0031005),1/11,0.22935335365221174,4.180299698494653,6.155455504379367,FBLIM1,1.0
GO_Molecular_Function_2021,protein serine/threonine phosphatase inhibitor activity (GO:0004865),1/11,0.22935335365221174,4.180299698494653,6.155455504379367,PPP1R8,1.0
GO_Molecular_Function_2021,sodium:phosphate symporter activity (GO:0005436),1/11,0.22935335365221174,4.180299698494653,6.155455504379367,MFSD2A,1.0
GO_Molecular_Function_2021,"hydrolase activity, acting on carbon-nitrogen (but not peptide) bonds, in linear amidines (GO:0016813)",1/11,0.22935335365221174,4.180299698494653,6.155455504379367,PADI2,1.0
GO_Molecular_Function_2021,3'-5'-exodeoxyribonuclease activity (GO:0008296),1/11,0.22935335365221174,4.180299698494653,6.155455504379367,EXO5,1.0
GO_Molecular_Function_2021,MAP kinase kinase kinase activity (GO:0004709),1/11,0.22935335365221174,4.180299698494653,6.155455504379367,MAP3K6,1.0
GO_Molecular_Function_2021,GTPase activity (GO:0003924),7/216,0.2433556142816926,1.4038650856357822,1.9839863216849352,CDC42;GNB1;GNL2;GPN2;MFN2;RAP1GAP;RRAGC,1.0
GO_Molecular_Function_2021,double-stranded RNA binding (GO:0003725),3/73,0.2438555461855653,1.7937326812407721,2.531278344897076,AGO1;AGO3;AGO4,1.0
GO_Molecular_Function_2021,transition metal ion binding (GO:0046914),13/445,0.24530866466165682,1.2632274861256476,1.775135273257523,ATAD3A;ATAD3B;ATAD3C;ATP13A2;ECE1;HMGCL;KDM4A;MMP23B;PARK7;PRDM2;SKI;SMPDL3B;ZNF593,1.0
GO_Molecular_Function_2021,protein tyrosine kinase activity (GO:0004713),4/108,0.24673985071830248,1.6104111067053308,2.2536426919489316,EPHA2;EPHB2;FGR;TIE1,1.0
GO_Molecular_Function_2021,sodium:proton antiporter activity (GO:0015385),1/12,0.24739640885711267,3.8000777870335694,5.307809321792726,SLC9A1,1.0
GO_Molecular_Function_2021,phosphatidylinositol 3-kinase activity (GO:0035004),1/12,0.24739640885711267,3.8000777870335694,5.307809321792726,PIK3CD,1.0
GO_Molecular_Function_2021,neurexin family protein binding (GO:0042043),1/12,0.24739640885711267,3.8000777870335694,5.307809321792726,SYTL1,1.0
GO_Molecular_Function_2021,RNA stem-loop binding (GO:0035613),1/12,0.24739640885711267,3.8000777870335694,5.307809321792726,ZC3H12A,1.0
GO_Molecular_Function_2021,poly(A)-specific ribonuclease activity (GO:0004535),1/12,0.24739640885711267,3.8000777870335694,5.307809321792726,TOE1,1.0
GO_Molecular_Function_2021,aspartic-type peptidase activity (GO:0070001),1/12,0.24739640885711267,3.8000777870335694,5.307809321792726,DDI2,1.0
GO_Molecular_Function_2021,"2 iron, 2 sulfur cluster binding (GO:0051537)",1/12,0.24739640885711267,3.8000777870335694,5.307809321792726,SDHB,1.0
GO_Molecular_Function_2021,BMP binding (GO:0036122),1/12,0.24739640885711267,3.8000777870335694,5.307809321792726,NBL1,1.0
GO_Molecular_Function_2021,single-stranded telomeric DNA binding (GO:0043047),1/12,0.24739640885711267,3.8000777870335694,5.307809321792726,RPA2,1.0
GO_Molecular_Function_2021,ubiquitin binding (GO:0043130),3/74,0.25013286169415294,1.768377972874501,2.450552862989093,DDI2;RNF19B;UBXN11,1.0
GO_Molecular_Function_2021,"DNA-binding transcription repressor activity, RNA polymerase II-specific (GO:0001227)",8/256,0.25211403112584685,1.3523141368010252,1.8633182040687613,ENO1;HEYL;PRDM2;SKI;ZBTB17;ZFP69;ZNF436;ZNF684,1.0
GO_Molecular_Function_2021,protein phosphorylated amino acid binding (GO:0045309),2/42,0.2578050480681079,2.09141626520566,2.835022679903944,FGR;LDLRAP1,1.0
GO_Molecular_Function_2021,basic amino acid transmembrane transporter activity (GO:0015174),1/13,0.2650179057880147,3.4832261941493323,4.625577694173153,SLC66A1,1.0
GO_Molecular_Function_2021,BMP receptor binding (GO:0070700),1/13,0.2650179057880147,3.4832261941493323,4.625577694173153,BMP8A,1.0
GO_Molecular_Function_2021,cysteine-type endopeptidase activity involved in execution phase of apoptosis (GO:0097200),1/13,0.2650179057880147,3.4832261941493323,4.625577694173153,CASP9,1.0
GO_Molecular_Function_2021,protein phosphatase activator activity (GO:0072542),1/13,0.2650179057880147,3.4832261941493323,4.625577694173153,PHACTR4,1.0
GO_Molecular_Function_2021,microtubule minus-end binding (GO:0051011),1/13,0.2650179057880147,3.4832261941493323,4.625577694173153,MACF1,1.0
GO_Molecular_Function_2021,phosphatidylinositol phosphate kinase activity (GO:0016307),1/13,0.2650179057880147,3.4832261941493323,4.625577694173153,PIK3CD,1.0
GO_Molecular_Function_2021,pseudouridine synthase activity (GO:0009982),1/13,0.2650179057880147,3.4832261941493323,4.625577694173153,PUSL1,1.0
GO_Molecular_Function_2021,monovalent cation:proton antiporter activity (GO:0005451),1/13,0.2650179057880147,3.4832261941493323,4.625577694173153,SLC9A1,1.0
GO_Molecular_Function_2021,water channel activity (GO:0015250),1/13,0.2650179057880147,3.4832261941493323,4.625577694173153,PDPN,1.0
GO_Molecular_Function_2021,aldehyde dehydrogenase (NAD+) activity (GO:0004029),1/13,0.2650179057880147,3.4832261941493323,4.625577694173153,ALDH4A1,1.0
GO_Molecular_Function_2021,snRNA binding (GO:0017069),2/43,0.2665250085359448,2.0403014332396325,2.697864467516482,LSM10;TOE1,1.0
GO_Molecular_Function_2021,DNA binding (GO:0003677),22/811,0.26747596253136424,1.171790343042434,1.5452698955246023,ARID1A;CAMTA1;CENPS;FOXJ3;HP1BP3;KHDRBS1;MTF1;NFYC;PARK7;POU3F1;PRDM2;RLF;RPA2;SFPQ;TAF12;TARDBP;THRAP3;TRNP1;YBX1;ZC3H12A;ZMYM4;ZMYM6,1.0
GO_Molecular_Function_2021,vitamin D receptor binding (GO:0042809),1/14,0.2822276731413549,3.2151210001703627,4.067260471009814,THRAP3,1.0
GO_Molecular_Function_2021,phosphatase activator activity (GO:0019211),1/14,0.2822276731413549,3.2151210001703627,4.067260471009814,PHACTR4,1.0
GO_Molecular_Function_2021,metal ion:proton antiporter activity (GO:0051139),1/14,0.2822276731413549,3.2151210001703627,4.067260471009814,SLC9A1,1.0
GO_Molecular_Function_2021,protein kinase C activity (GO:0004697),1/14,0.2822276731413549,3.2151210001703627,4.067260471009814,PRKCZ,1.0
GO_Molecular_Function_2021,deoxyribonuclease activity (GO:0004536),1/14,0.2822276731413549,3.2151210001703627,4.067260471009814,DFFB,1.0
GO_Molecular_Function_2021,RNA polymerase II core promoter sequence-specific DNA binding (GO:0000979),1/14,0.2822276731413549,3.2151210001703627,4.067260471009814,HDAC1,1.0
GO_Molecular_Function_2021,copper ion binding (GO:0005507),2/45,0.2839576759885888,1.9452040714423722,2.4488759175416805,ATP13A2;PARK7,1.0
GO_Molecular_Function_2021,protein serine/threonine kinase activity (GO:0004674),10/344,0.2870582428355631,1.2550008884521158,1.566329143463701,CDK11A;CDK11B;MAP3K6;MTOR;PDIK1L;PINK1;PLK3;PRKCZ;RPS6KA1;TESK2,1.0
GO_Molecular_Function_2021,1-phosphatidylinositol binding (GO:0005545),1/15,0.2990353109363035,2.9853165481883885,3.6038550780774647,EPB41,1.0
GO_Molecular_Function_2021,cysteine-type endopeptidase activity involved in apoptotic process (GO:0097153),1/15,0.2990353109363035,2.9853165481883885,3.6038550780774647,CASP9,1.0
GO_Molecular_Function_2021,clathrin adaptor activity (GO:0035615),1/15,0.2990353109363035,2.9853165481883885,3.6038550780774647,LDLRAP1,1.0
GO_Molecular_Function_2021,water transmembrane transporter activity (GO:0005372),1/15,0.2990353109363035,2.9853165481883885,3.6038550780774647,PDPN,1.0
GO_Molecular_Function_2021,aldehyde dehydrogenase [NAD(P)+] activity (GO:0004030),1/15,0.2990353109363035,2.9853165481883885,3.6038550780774647,ALDH4A1,1.0
GO_Molecular_Function_2021,phosphatidylinositol kinase activity (GO:0052742),1/15,0.2990353109363035,2.9853165481883885,3.6038550780774647,PIK3CD,1.0
GO_Molecular_Function_2021,aspartic-type endopeptidase activity (GO:0004190),1/15,0.2990353109363035,2.9853165481883885,3.6038550780774647,DDI2,1.0
GO_Molecular_Function_2021,metalloendopeptidase activity (GO:0004222),3/82,0.3010238053420524,1.5886483945819456,1.9072771370386539,ECE1;MMP23B;ZMPSTE24,1.0
GO_Molecular_Function_2021,manganese ion binding (GO:0030145),2/48,0.31002092550106997,1.8180630333873393,2.129161765951265,ATP13A2;HMGCL,1.0
GO_Molecular_Function_2021,cation transmembrane transporter activity (GO:0008324),2/48,0.31002092550106997,1.8180630333873393,2.129161765951265,SLC66A1;SLC6A9,1.0
GO_Molecular_Function_2021,"proton-transporting ATPase activity, rotational mechanism (GO:0046961)",1/16,0.31545019582405986,2.786152689804011,3.214536112688281,ATP6V0B,1.0
GO_Molecular_Function_2021,"ATPase activity, coupled to transmembrane movement of ions, rotational mechanism (GO:0044769)",1/16,0.31545019582405986,2.786152689804011,3.214536112688281,ATP6V0B,1.0
GO_Molecular_Function_2021,transmembrane receptor protein serine/threonine kinase binding (GO:0070696),1/16,0.31545019582405986,2.786152689804011,3.214536112688281,BMP8A,1.0
GO_Molecular_Function_2021,chloride transmembrane transporter activity (GO:0015108),1/16,0.31545019582405986,2.786152689804011,3.214536112688281,CLCN6,1.0
GO_Molecular_Function_2021,CoA hydrolase activity (GO:0016289),1/16,0.31545019582405986,2.786152689804011,3.214536112688281,ACOT7,1.0
GO_Molecular_Function_2021,potassium ion antiporter activity (GO:0022821),1/16,0.31545019582405986,2.786152689804011,3.214536112688281,SLC9A1,1.0
GO_Molecular_Function_2021,nuclear import signal receptor activity (GO:0061608),1/16,0.31545019582405986,2.786152689804011,3.214536112688281,KPNA6,1.0
GO_Molecular_Function_2021,exonuclease activity (GO:0004527),2/49,0.3186692473237589,1.7792895253280032,2.034798270336235,EXOSC10;ZC3H12A,1.0
GO_Molecular_Function_2021,amino acid transmembrane transporter activity (GO:0015171),2/49,0.3186692473237589,1.7792895253280032,2.034798270336235,PDPN;SLC66A1,1.0
GO_Molecular_Function_2021,tRNA binding (GO:0000049),2/49,0.3186692473237589,1.7792895253280032,2.034798270336235,TRNAU1AP;YRDC,1.0
GO_Molecular_Function_2021,nucleobase-containing compound kinase activity (GO:0019205),1/17,0.3314814862741369,2.611884313717681,2.883999091042015,NOL9,1.0
GO_Molecular_Function_2021,"oxidoreductase activity, acting on the CH-CH group of donors, NAD or NADP as acceptor (GO:0016628)",1/18,0.34713812764048363,2.45811809952386,2.6007688771609705,MECR,1.0
GO_Molecular_Function_2021,nuclear receptor coactivator activity (GO:0030374),2/53,0.35296793769143664,1.6394007903688292,1.7072360051996145,KDM1A;THRAP3,1.0
GO_Molecular_Function_2021,L-amino acid transmembrane transporter activity (GO:0015179),2/53,0.35296793769143664,1.6394007903688292,1.7072360051996145,SLC66A1;SLC6A9,1.0
GO_Molecular_Function_2021,transcription coregulator binding (GO:0001221),2/53,0.35296793769143664,1.6394007903688292,1.7072360051996145,PER3;ZBTB17,1.0
GO_Molecular_Function_2021,phosphatidic acid binding (GO:0070300),1/19,0.36242885711021905,2.3214370202404635,2.356089296811217,ATP13A2,1.0
GO_Molecular_Function_2021,nucleotidyltransferase activity (GO:0016779),1/19,0.36242885711021905,2.3214370202404635,2.356089296811217,YRDC,1.0
GO_Molecular_Function_2021,SUMO transferase activity (GO:0019789),1/19,0.36242885711021905,2.3214370202404635,2.356089296811217,MUL1,1.0
GO_Molecular_Function_2021,histone deacetylase activity (GO:0004407),1/19,0.36242885711021905,2.3214370202404635,2.356089296811217,HDAC1,1.0
GO_Molecular_Function_2021,GABA-A receptor activity (GO:0004890),1/19,0.36242885711021905,2.3214370202404635,2.356089296811217,GABRD,1.0
GO_Molecular_Function_2021,hydro-lyase activity (GO:0016836),2/55,0.3698955932742246,1.5773746531699506,1.5687535017566785,ENO1;PARK7,1.0
GO_Molecular_Function_2021,histone deacetylase binding (GO:0042826),3/93,0.37154651404352845,1.3936917270173823,1.3798680006825497,HDAC1;RBBP4;SFPQ,1.0
GO_Molecular_Function_2021,transcription coactivator binding (GO:0001223),1/20,0.3773622085376961,2.1991434229868982,2.143174755381866,ZBTB17,1.0
GO_Molecular_Function_2021,nucleoside monophosphate kinase activity (GO:0050145),1/20,0.3773622085376961,2.1991434229868982,2.143174755381866,AK2,1.0
GO_Molecular_Function_2021,phosphatidylinositol bisphosphate binding (GO:1902936),3/94,0.37791726894802025,1.378305536470329,1.3412015135718853,ATP13A2;LDLRAP1;SLC9A1,1.0
GO_Molecular_Function_2021,protein phosphatase regulator activity (GO:0019888),2/57,0.38664513694563074,1.5198595077673536,1.4442434049696287,PHACTR4;RCAN3,1.0
GO_Molecular_Function_2021,carboxylic ester hydrolase activity (GO:0052689),3/96,0.39061666857725613,1.3485258128308706,1.267652814585741,H6PD;LYPLA2;PAFAH2,1.0
GO_Molecular_Function_2021,cysteine-type endopeptidase inhibitor activity involved in apoptotic process (GO:0043027),1/21,0.39194651716654283,2.08907918545869,1.9566939957687042,RPS6KA1,1.0
GO_Molecular_Function_2021,sialyltransferase activity (GO:0008373),1/21,0.39194651716654283,2.08907918545869,1.9566939957687042,ST3GAL3,1.0
GO_Molecular_Function_2021,lysophospholipase activity (GO:0004622),1/21,0.39194651716654283,2.08907918545869,1.9566939957687042,LYPLA2,1.0
GO_Molecular_Function_2021,ubiquitin-specific protease binding (GO:1990381),1/21,0.39194651716654283,2.08907918545869,1.9566939957687042,PARK7,1.0
GO_Molecular_Function_2021,actin binding (GO:0003779),5/177,0.3992664323024788,1.2155306388980776,1.116010690336697,CAP1;CAPZB;FHL3;MACF1;PHACTR4,1.0
GO_Molecular_Function_2021,cysteine-type peptidase activity (GO:0008234),3/98,0.40325059085223575,1.319999972292021,1.1988201425486753,CASP9;TINAGL1;USP48,1.0
GO_Molecular_Function_2021,peptidase activator activity (GO:0016504),1/22,0.40618992424227507,1.9894972562665014,1.7924065866310228,PINK1,1.0
GO_Molecular_Function_2021,protein kinase A regulatory subunit binding (GO:0034237),1/22,0.40618992424227507,1.9894972562665014,1.7924065866310228,WASF2,1.0
GO_Molecular_Function_2021,bHLH transcription factor binding (GO:0043425),1/22,0.40618992424227507,1.9894972562665014,1.7924065866310228,KDM1A,1.0
GO_Molecular_Function_2021,adenylyltransferase activity (GO:0070566),1/22,0.40618992424227507,1.9894972562665014,1.7924065866310228,NMNAT1,1.0
GO_Molecular_Function_2021,GABA receptor activity (GO:0016917),1/22,0.40618992424227507,1.9894972562665014,1.7924065866310228,GABRD,1.0
GO_Molecular_Function_2021,phospholipid transfer activity (GO:0120014),1/22,0.40618992424227507,1.9894972562665014,1.7924065866310228,CPTP,1.0
GO_Molecular_Function_2021,TBP-class protein binding (GO:0017025),1/22,0.40618992424227507,1.9894972562665014,1.7924065866310228,TAF12,1.0
GO_Molecular_Function_2021,mannosyltransferase activity (GO:0000030),1/22,0.40618992424227507,1.9894972562665014,1.7924065866310228,PIGV,1.0
GO_Molecular_Function_2021,telomerase RNA binding (GO:0070034),1/22,0.40618992424227507,1.9894972562665014,1.7924065866310228,EXOSC10,1.0
GO_Molecular_Function_2021,mRNA 3'-UTR AU-rich region binding (GO:0035925),1/22,0.40618992424227507,1.9894972562665014,1.7924065866310228,ZC3H12A,1.0
GO_Molecular_Function_2021,K63-linked polyubiquitin modification-dependent protein binding (GO:0070530),1/22,0.40618992424227507,1.9894972562665014,1.7924065866310228,FAAP20,1.0
GO_Molecular_Function_2021,syntaxin-1 binding (GO:0017075),1/22,0.40618992424227507,1.9894972562665014,1.7924065866310228,VAMP3,1.0
GO_Molecular_Function_2021,nuclease activity (GO:0004518),2/60,0.4113929345307052,1.441024092948277,1.279926931600249,DFFB;ZC3H12A,1.0
GO_Molecular_Function_2021,pyrophosphate hydrolysis-driven proton transmembrane transporter activity (GO:0009678),1/23,0.4201003815180092,1.8989682297281476,1.646902211300518,ATP6V0B,1.0
GO_Molecular_Function_2021,phosphatidylinositol phospholipase C activity (GO:0004435),1/23,0.4201003815180092,1.8989682297281476,1.646902211300518,PLCH2,1.0
GO_Molecular_Function_2021,disordered domain specific binding (GO:0097718),1/23,0.4201003815180092,1.8989682297281476,1.646902211300518,DFFB,1.0
GO_Molecular_Function_2021,protein phosphatase 1 binding (GO:0008157),1/23,0.4201003815180092,1.8989682297281476,1.646902211300518,PHACTR4,1.0
GO_Molecular_Function_2021,"phosphatidylinositol-3,5-bisphosphate binding (GO:0080025)",1/24,0.4336856556557461,1.816311292453999,1.5174105750166365,ATP13A2,1.0
GO_Molecular_Function_2021,gap junction channel activity (GO:0005243),1/24,0.4336856556557461,1.816311292453999,1.5174105750166365,GJB3,1.0
GO_Molecular_Function_2021,nuclear localization sequence binding (GO:0008139),1/24,0.4336856556557461,1.816311292453999,1.5174105750166365,KPNA6,1.0
GO_Molecular_Function_2021,methylation-dependent protein binding (GO:0140034),2/63,0.43563860762748396,1.3699429812261585,1.1383435181703558,KDM4A;PHF13,1.0
GO_Molecular_Function_2021,organic anion transmembrane transporter activity (GO:0008514),4/144,0.4362189550581102,1.1940886448318335,0.9906290403238539,MFSD2A;PDPN;SLC66A1;SLC6A9,1.0
GO_Molecular_Function_2021,magnesium ion binding (GO:0000287),4/146,0.44661509270892324,1.1771490767430839,0.9488506017251003,HMGCL;MAP3K6;PINK1;RRAGC,1.0
GO_Molecular_Function_2021,protein-cysteine S-palmitoyltransferase activity (GO:0019706),1/25,0.44695333252564573,1.7405424332860293,1.401660721026897,ZDHHC18,1.0
GO_Molecular_Function_2021,wide pore channel activity (GO:0022829),1/25,0.44695333252564573,1.7405424332860293,1.401660721026897,GJB3,1.0
GO_Molecular_Function_2021,NF-kappaB binding (GO:0051059),1/25,0.44695333252564573,1.7405424332860293,1.401660721026897,HDAC1,1.0
GO_Molecular_Function_2021,phospholipase C activity (GO:0004629),1/25,0.44695333252564573,1.7405424332860293,1.401660721026897,PLCH2,1.0
GO_Molecular_Function_2021,thiol-dependent deubiquitinase (GO:0004843),3/106,0.4529282941730462,1.2169746064623899,0.9638700009875819,OTUD3;USP48;ZC3H12A,1.0
GO_Molecular_Function_2021,neuropeptide hormone activity (GO:0005184),1/26,0.4599108214056454,1.6708350828514973,1.2977754947071098,CORT,1.0
GO_Molecular_Function_2021,general transcription initiation factor binding (GO:0140296),1/26,0.4599108214056454,1.6708350828514973,1.2977754947071098,TAF12,1.0
GO_Molecular_Function_2021,microtubule binding (GO:0008017),6/232,0.4601249166699726,1.1094126877440076,0.8611896625009191,KIF1B;MACF1;MACO1;PEX14;RCC2;SVBP,1.0
GO_Molecular_Function_2021,anion channel activity (GO:0005253),2/68,0.4748071173985768,1.2658342822392175,0.9428523942646373,CLIC4;GABRD,1.0
GO_Molecular_Function_2021,methylated histone binding (GO:0035064),2/68,0.4748071173985768,1.2658342822392175,0.9428523942646373,KDM4A;PHF13,1.0
GO_Molecular_Function_2021,nucleoside-triphosphatase activity (GO:0017111),7/278,0.4757719750723818,1.0792117020222065,0.8016563493634384,CDC42;GNB1;GNL2;GPN2;MFN2;RAP1GAP;RRAGC,1.0
GO_Molecular_Function_2021,protein serine/threonine/tyrosine kinase activity (GO:0004712),1/28,0.4849240138651307,1.546910904301218,1.1195969893862339,RPS6KA1,1.0
GO_Molecular_Function_2021,"endoribonuclease activity, producing 5'-phosphomonoesters (GO:0016891)",1/28,0.4849240138651307,1.546910904301218,1.1195969893862339,AGO3,1.0
GO_Molecular_Function_2021,thyroid hormone receptor binding (GO:0046966),1/28,0.4849240138651307,1.546910904301218,1.1195969893862339,THRAP3,1.0
GO_Molecular_Function_2021,sodium ion transmembrane transporter activity (GO:0015081),1/28,0.4849240138651307,1.546910904301218,1.1195969893862339,SLC9A1,1.0
GO_Molecular_Function_2021,deubiquitinase activity (GO:0101005),3/112,0.48903971004566743,1.1496300439361402,0.8223436902331831,OTUD3;USP48;ZC3H12A,1.0
GO_Molecular_Function_2021,omega peptidase activity (GO:0008242),3/113,0.4949461969154551,1.139120210693407,0.801150324292419,OTUD3;USP48;ZC3H12A,1.0
GO_Molecular_Function_2021,transcription corepressor binding (GO:0001222),1/29,0.4969936894865563,1.4915876103055576,1.042885167881753,PER3,1.0
GO_Molecular_Function_2021,palmitoyltransferase activity (GO:0016409),1/29,0.4969936894865563,1.4915876103055576,1.042885167881753,ZDHHC18,1.0
GO_Molecular_Function_2021,ubiquitin conjugating enzyme binding (GO:0031624),1/29,0.4969936894865563,1.4915876103055576,1.042885167881753,RNF19B,1.0
GO_Molecular_Function_2021,protein phosphatase inhibitor activity (GO:0004864),1/29,0.4969936894865563,1.4915876103055576,1.042885167881753,PPP1R8,1.0
GO_Molecular_Function_2021,protein tyrosine kinase binding (GO:1990782),2/72,0.504930644542716,1.1932556463740358,0.8153923885460299,ARHGEF16;KHDRBS1,1.0
GO_Molecular_Function_2021,"DNA-binding transcription activator activity, RNA polymerase II-specific (GO:0001228)",8/333,0.5199523189033475,1.027799309295333,0.6721994193096563,FOXJ3;GMEB1;MTF1;NFYC;PRDM2;RLF;TP73;ZBTB17,1.0
GO_Molecular_Function_2021,protein kinase binding (GO:0019901),12/506,0.5224151032413055,1.0141700187779676,0.6584932812088383,CAMK2N1;CASP9;CDC42;DVL1;ERRFI1;FGR;KHDRBS1;MAD2L2;PINK1;RCC2;SKI;TP73,1.0
GO_Molecular_Function_2021,"phosphatidylinositol-4,5-bisphosphate binding (GO:0005546)",2/75,0.5267759930974655,1.1440413658901114,0.7333074989571289,LDLRAP1;SLC9A1,1.0
GO_Molecular_Function_2021,GTPase activator activity (GO:0005096),8/336,0.5301439869800217,1.0182396390520545,0.6461816317620955,ARHGEF10L;ARHGEF16;ASAP3;EIF2B3;ERRFI1;RAP1GAP;RCC1;SMAP2,1.0
GO_Molecular_Function_2021,SH2 domain binding (GO:0042169),1/32,0.5315354899065905,1.3470331969620577,0.8513051929960255,KHDRBS1,1.0
GO_Molecular_Function_2021,RNA polymerase II complex binding (GO:0000993),1/32,0.5315354899065905,1.3470331969620577,0.8513051929960255,AGO1,1.0
GO_Molecular_Function_2021,acetyltransferase activity (GO:0016407),1/32,0.5315354899065905,1.3470331969620577,0.8513051929960255,PAFAH2,1.0
GO_Molecular_Function_2021,beta-tubulin binding (GO:0048487),1/32,0.5315354899065905,1.3470331969620577,0.8513051929960255,PEX14,1.0
GO_Molecular_Function_2021,chemokine binding (GO:0019956),1/32,0.5315354899065905,1.3470331969620577,0.8513051929960255,PDPN,1.0
GO_Molecular_Function_2021,neutral amino acid transmembrane transporter activity (GO:0015175),1/32,0.5315354899065905,1.3470331969620577,0.8513051929960255,SLC6A9,1.0
GO_Molecular_Function_2021,metallopeptidase activity (GO:0008237),3/121,0.540910339162239,1.0614543243572792,0.6522655351376552,ECE1;MMP23B;ZMPSTE24,1.0
GO_Molecular_Function_2021,RNA polymerase core enzyme binding (GO:0043175),1/33,0.5425151268619051,1.3048714930702037,0.7979802129542782,AGO1,1.0
GO_Molecular_Function_2021,2-oxoglutarate-dependent dioxygenase activity (GO:0016706),1/33,0.5425151268619051,1.3048714930702037,0.7979802129542782,KDM4A,1.0
GO_Molecular_Function_2021,basal RNA polymerase II transcription machinery binding (GO:0001099),1/33,0.5425151268619051,1.3048714930702037,0.7979802129542782,AGO1,1.0
GO_Molecular_Function_2021,hormone activity (GO:0005179),2/78,0.5479605795621381,1.098712423339128,0.660932578474858,C1QTNF12;CORT,1.0
GO_Molecular_Function_2021,protein phosphatase binding (GO:0019903),3/123,0.5520210067639396,1.0436558920719163,0.6201081631913817,PHACTR4;RPA2;SLC9A1,1.0
GO_Molecular_Function_2021,frizzled binding (GO:0005109),1/34,0.5532379655772169,1.265265043959674,0.7489952187298203,DVL1,1.0
GO_Molecular_Function_2021,transcription regulatory region nucleic acid binding (GO:0001067),5/212,0.5555096132408756,1.0081801938947528,0.5926782498743551,NFYC;PER3;SFPQ;TP73;ZBTB48,1.0
GO_Molecular_Function_2021,ubiquitin conjugating enzyme activity (GO:0061631),1/35,0.563709999640618,1.2279883859732932,0.7039017860231485,UBE2J2,1.0
GO_Molecular_Function_2021,estrogen receptor binding (GO:0030331),1/35,0.563709999640618,1.2279883859732932,0.7039017860231485,PADI2,1.0
GO_Molecular_Function_2021,NADH dehydrogenase (quinone) activity (GO:0050136),1/35,0.563709999640618,1.2279883859732932,0.7039017860231485,NDUFS5,1.0
GO_Molecular_Function_2021,NADH dehydrogenase (ubiquinone) activity (GO:0008137),1/35,0.563709999640618,1.2279883859732932,0.7039017860231485,NDUFS5,1.0
GO_Molecular_Function_2021,non-membrane spanning protein tyrosine kinase activity (GO:0004715),1/35,0.563709999640618,1.2279883859732932,0.7039017860231485,FGR,1.0
GO_Molecular_Function_2021,"catalytic activity, acting on a tRNA (GO:0140101)",1/35,0.563709999640618,1.2279883859732932,0.7039017860231485,TRIT1,1.0
GO_Molecular_Function_2021,phosphoric diester hydrolase activity (GO:0008081),1/36,0.5739370830449849,1.1928418227289914,0.6623081259714688,SMPDL3B,1.0
GO_Molecular_Function_2021,NADP binding (GO:0050661),1/36,0.5739370830449849,1.1928418227289914,0.6623081259714688,PGD,1.0
GO_Molecular_Function_2021,small GTPase binding (GO:0031267),4/175,0.5882481002511377,0.9760536193152388,0.5179003760874396,ARHGEF16;RAP1GAP;RCC1;RCC2,1.0
GO_Molecular_Function_2021,sodium channel activity (GO:0005272),1/38,0.5936791352634989,1.1282481389286527,0.5882869496510219,SCNN1D,1.0
GO_Molecular_Function_2021,ubiquitin-like protein conjugating enzyme activity (GO:0061650),1/38,0.5936791352634989,1.1282481389286527,0.5882869496510219,UBE2J2,1.0
GO_Molecular_Function_2021,ATPase regulator activity (GO:0060590),1/38,0.5936791352634989,1.1282481389286527,0.5882869496510219,ATP5IF1,1.0
GO_Molecular_Function_2021,signaling receptor complex adaptor activity (GO:0030159),1/39,0.6032051429128665,1.0985010477048125,0.5552900126113163,LDLRAP1,1.0
GO_Molecular_Function_2021,endopeptidase activity (GO:0004175),7/315,0.6077812199084014,0.9477420426441285,0.4719189546194548,CASP9;DDI2;ECE1;MMP23B;PSMB2;USP48;ZMPSTE24,1.0
GO_Molecular_Function_2021,proton transmembrane transporter activity (GO:0015078),1/40,0.6125082836932271,1.070279448338605,0.5246432926826154,SLC9A1,1.0
GO_Molecular_Function_2021,cysteine-type endopeptidase inhibitor activity (GO:0004869),1/40,0.6125082836932271,1.070279448338605,0.5246432926826154,RPS6KA1,1.0
GO_Molecular_Function_2021,cytokine receptor activity (GO:0004896),2/88,0.6136808755830786,0.9704561130204549,0.4738545365524207,CSF3R;IFNLR1,1.0
GO_Molecular_Function_2021,carboxylic acid binding (GO:0031406),1/41,0.6215937608090362,1.0434689289407082,0.4961366244790896,SESN2,1.0
GO_Molecular_Function_2021,rRNA binding (GO:0019843),1/42,0.6304666562417429,1.017966239757343,0.469582746345496,RPL11,1.0
GO_Molecular_Function_2021,signal sequence binding (GO:0005048),1/42,0.6304666562417429,1.017966239757343,0.469582746345496,KPNA6,1.0
GO_Molecular_Function_2021,GTPase regulator activity (GO:0030695),5/233,0.639038123226913,0.9143268345774583,0.409427479015134,ARHGEF10L;ASAP3;ERRFI1;RAP1GAP;SMAP2,1.0
GO_Molecular_Function_2021,protein kinase inhibitor activity (GO:0004860),1/43,0.639131933568071,0.9936779643446139,0.44481435339571423,CAMK2N1,1.0
GO_Molecular_Function_2021,S-adenosylmethionine-dependent methyltransferase activity (GO:0008757),1/43,0.639131933568071,0.9936779643446139,0.44481435339571423,ICMT,1.0
GO_Molecular_Function_2021,kinase binding (GO:0019900),10/461,0.6407111200174156,0.9237598927848008,0.41123628315364763,CAMK2N1;CASP9;CDC42;DVL1;ERRFI1;FGR;PARK7;RCC2;SKI;TP73,1.0
GO_Molecular_Function_2021,damaged DNA binding (GO:0003684),1/44,0.6475944407129397,0.970519376160384,0.42168158649259213,RPA2,1.0
GO_Molecular_Function_2021,cyclin-dependent protein serine/threonine kinase regulator activity (GO:0016538),1/44,0.6475944407129397,0.970519376160384,0.42168158649259213,CCNL2,1.0
GO_Molecular_Function_2021,G protein-coupled receptor binding (GO:0001664),3/143,0.6538556205793747,0.8936405342381454,0.3796799059334843,CORT;DVL1;PTCH2,1.0
GO_Molecular_Function_2021,channel activity (GO:0015267),1/46,0.6639299739707503,0.9272900115498215,0.3797981409732232,PDPN,1.0
GO_Molecular_Function_2021,single-stranded DNA binding (GO:0003697),2/97,0.6663632097410015,0.87811156959101,0.3564433970484201,PARK7;RPA2,1.0
GO_Molecular_Function_2021,ribosome binding (GO:0043022),1/48,0.679509827013477,0.8877397417997323,0.3430080625375959,ZC3H12A,1.0
GO_Molecular_Function_2021,guanyl-nucleotide exchange factor activity (GO:0005085),3/149,0.6809677200810578,0.8566504460051606,0.32915968837545434,ARHGEF16;EIF2B3;RCC1,1.0
GO_Molecular_Function_2021,potassium channel regulator activity (GO:0015459),1/50,0.6943688861459183,0.85141806549863,0.31055637705697375,KCNAB2,1.0
GO_Molecular_Function_2021,polyubiquitin modification-dependent protein binding (GO:0031593),1/51,0.701538578440841,0.8343468776371119,0.29575876951168995,FAAP20,1.0
GO_Molecular_Function_2021,cysteine-type endopeptidase activity (GO:0004197),2/105,0.7081913964589782,0.8095753820187791,0.27933660858553505,CASP9;USP48,1.0
GO_Molecular_Function_2021,phosphoric ester hydrolase activity (GO:0042578),1/53,0.7153783629805166,0.8021742543596355,0.2686832106021816,SMPDL3B,1.0
GO_Molecular_Function_2021,exopeptidase activity (GO:0008238),1/53,0.7153783629805166,0.8021742543596355,0.2686832106021816,ZMPSTE24,1.0
GO_Molecular_Function_2021,pyrophosphatase activity (GO:0016462),1/54,0.7220562055696336,0.7869984886627127,0.25628786483653765,ALPL,1.0
GO_Molecular_Function_2021,tubulin binding (GO:0015631),6/307,0.7273126391616054,0.829744988296354,0.2641898532008646,KIF1B;MACO1;PEX14;RCC2;STMN1;SVBP,1.0
GO_Molecular_Function_2021,metalloexopeptidase activity (GO:0008235),1/55,0.7285776983899189,0.7723847883619722,0.24458414234758827,ZMPSTE24,1.0
GO_Molecular_Function_2021,protein homodimerization activity (GO:0042803),13/636,0.7293803506388901,0.8671864065314191,0.2736492904530253,ACOT7;ATP5IF1;ECE1;ENO1;GALE;MMACHC;PADI2;PARK7;PPCS;RAP1GAP;SFPQ;SMIM1;SRM,1.0
GO_Molecular_Function_2021,microtubule motor activity (GO:0003777),1/56,0.7349464944367234,0.758302495344895,0.23352500069481194,KIF1B,1.0
GO_Molecular_Function_2021,receptor tyrosine kinase binding (GO:0030971),1/56,0.7349464944367234,0.758302495344895,0.23352500069481194,ARHGEF16,1.0
GO_Molecular_Function_2021,carboxylic acid transmembrane transporter activity (GO:0046943),1/57,0.7411661615347784,0.744723141364142,0.223067249641935,PDPN,1.0
GO_Molecular_Function_2021,"hydrolase activity, acting on carbon-nitrogen (but not peptide) bonds, in linear amides (GO:0016811)",1/57,0.7411661615347784,0.744723141364142,0.223067249641935,HDAC1,1.0
GO_Molecular_Function_2021,oxidoreduction-driven active transmembrane transporter activity (GO:0015453),1/58,0.7472401843198022,0.7316202559441172,0.213171179687086,NDUFS5,1.0
GO_Molecular_Function_2021,phosphatase binding (GO:0019902),2/114,0.7499231907379891,0.7441753369582239,0.21416211985105751,RCAN3;RPA2,1.0
GO_Molecular_Function_2021,protease binding (GO:0002020),2/118,0.7667640756293115,0.7183661237734071,0.19078088691072753,PARK7;PINK1,1.0
GO_Molecular_Function_2021,syntaxin binding (GO:0019905),1/62,0.7701467205718997,0.6835047422705834,0.1785138289255608,VAMP3,1.0
GO_Molecular_Function_2021,protein serine/threonine phosphatase activity (GO:0004722),1/62,0.7701467205718997,0.6835047422705834,0.1785138289255608,SSU72,1.0
GO_Molecular_Function_2021,hexosyltransferase activity (GO:0016758),2/119,0.7708174274695977,0.7121895599343058,0.1853856011332935,B4GALT2;PIGV,1.0
GO_Molecular_Function_2021,PDZ domain binding (GO:0030165),1/63,0.7755420127161643,0.6724459346923921,0.170931132072607,ARHGEF16,1.0
GO_Molecular_Function_2021,ATP binding (GO:0005524),5/278,0.7821600595039566,0.7618335427510853,0.18717936247749753,CDK11A;CDK11B;MAP3K6;NOL9;PINK1,1.0
GO_Molecular_Function_2021,motor activity (GO:0003774),1/66,0.7909813675231266,0.6413111379722537,0.1503751917052289,KIF1B,1.0
GO_Molecular_Function_2021,GDP binding (GO:0019003),1/67,0.7958885973816185,0.6315618581912003,0.14418308132630012,RRAGC,1.0
GO_Molecular_Function_2021,protein heterodimerization activity (GO:0046982),3/188,0.8194629437084043,0.6746992011834524,0.13433672661548085,PEF1;RCC1;RRAGC,1.0
GO_Molecular_Function_2021,GTP binding (GO:0005525),3/189,0.8222195144192146,0.6710371000331946,0.1313540832945435,CDC42;GNL2;RRAGC,1.0
GO_Molecular_Function_2021,phospholipase activity (GO:0004620),1/73,0.8230095409158161,0.5787532593771608,0.11273389213170384,LYPLA2,1.0
GO_Molecular_Function_2021,ATPase binding (GO:0051117),1/73,0.8230095409158161,0.5787532593771608,0.11273389213170384,ATP5IF1,1.0
GO_Molecular_Function_2021,"acyltransferase activity, transferring groups other than amino-acyl groups (GO:0016747)",1/76,0.8351898043597322,0.5555174758989834,0.10004662496922706,ZDHHC18,1.0
GO_Molecular_Function_2021,double-stranded DNA binding (GO:0003690),12/651,0.8376754419669847,0.7780660405106595,0.13781460062254777,CAMTA1;CENPS;FOXJ3;GMEB1;MTF1;PARK7;POU3F1;TARDBP;TFAP2E;YBX1;ZBTB48;ZNF684,1.0
GO_Molecular_Function_2021,adenyl ribonucleotide binding (GO:0032559),5/306,0.8463684449005142,0.6899607354406707,0.11508579573317387,CDK11A;CDK11B;MAP3K6;NOL9;PINK1,1.0
GO_Molecular_Function_2021,phosphatase activity (GO:0016791),1/79,0.8465335046575759,0.5340690603806659,0.08897884175542847,ALPL,1.0
GO_Molecular_Function_2021,purine ribonucleoside triphosphate binding (GO:0035639),8/460,0.8470721998020271,0.7341284953912044,0.12184282638190364,CDC42;CDK11A;CDK11B;GNL2;MAP3K6;NOL9;PINK1;RRAGC,1.0
GO_Molecular_Function_2021,ligand-gated cation channel activity (GO:0099094),1/80,0.8501388618093381,0.5272815871153754,0.08560710579356244,SCNN1D,1.0
GO_Molecular_Function_2021,metal ion binding (GO:0046872),9/517,0.8577079703619974,0.7342905510087148,0.11270743030085646,AGRN;EFHD2;HMGCL;MAN1C1;MAP3K6;PADI2;PINK1;RRAGC;SDF4,1.0
GO_Molecular_Function_2021,UDP-glycosyltransferase activity (GO:0008194),1/84,0.8637346028367802,0.50176722978079,0.07350374601738748,B3GALT6,1.0
GO_Molecular_Function_2021,growth factor activity (GO:0008083),1/87,0.8731172751568695,0.48418902429155525,0.06569737967455137,ARTN,1.0
GO_Molecular_Function_2021,guanyl ribonucleotide binding (GO:0032561),3/214,0.8802908746721995,0.5907659255311003,0.07532436088443643,CDC42;GNL2;RRAGC,1.0
GO_Molecular_Function_2021,RNA polymerase II transcription regulatory region sequence-specific DNA binding (GO:0000977),26/1359,0.8815249405045386,0.8030978155535028,0.10127222811959223,ENO1;FOXJ3;GMEB1;HDAC1;HES4;HEYL;HIVEP3;MED8;MTF1;NFYC;POU3F1;PRDM2;SKI;TFAP2E;THRAP3;TP73;ZBTB17;ZBTB40;ZBTB48;ZBTB8A;ZBTB8B;ZFP69;ZNF362;ZNF436;ZNF684;ZNF691,1.0
GO_Molecular_Function_2021,phosphatidylinositol binding (GO:0035091),1/92,0.8873442105061661,0.4574675763866745,0.054677581708071424,EPB41,1.0
GO_Molecular_Function_2021,protein kinase regulator activity (GO:0019887),1/98,0.9023308501569985,0.4290381596466365,0.04409398068631861,CCNL2,1.0
GO_Molecular_Function_2021,sequence-specific double-stranded DNA binding (GO:1990837),12/712,0.9092073237834345,0.707969909662314,0.06738608528096486,FOXJ3;GMEB1;MTF1;NFYC;PER3;POU3F1;SFPQ;TFAP2E;TP73;YBX1;ZBTB48;ZNF684,1.0
GO_Molecular_Function_2021,calcium ion binding (GO:0005509),5/348,0.9127697644336521,0.6041534042639513,0.0551420508492409,AGRN;EFHD2;MAN1C1;PADI2;SDF4,1.0
GO_Molecular_Function_2021,receptor ligand activity (GO:0048018),4/307,0.9311091359149721,0.5470865937060972,0.039050375898193074,ARTN;BMP8A;C1QTNF12;NBL1,1.0
GO_Molecular_Function_2021,RNA polymerase II cis-regulatory region sequence-specific DNA binding (GO:0000978),18/1149,0.9758863630823067,0.6507869001269284,0.015885142448261627,FOXJ3;GMEB1;HDAC1;HES4;HEYL;HIVEP3;MED8;MTF1;NFYC;POU3F1;SKI;THRAP3;TP73;ZBTB17;ZBTB40;ZBTB48;ZNF362;ZNF691,1.0
GO_Molecular_Function_2021,cis-regulatory region sequence-specific DNA binding (GO:0000987),18/1149,0.9758863630823067,0.6507869001269284,0.015885142448261627,FOXJ3;GMEB1;HDAC1;HES4;HEYL;HIVEP3;MED8;MTF1;NFYC;POU3F1;SKI;THRAP3;TP73;ZBTB17;ZBTB40;ZBTB48;ZNF362;ZNF691,1.0
GO_Molecular_Function_2021,cytokine activity (GO:0005125),1/173,0.9836617253184321,0.24102384835714086,0.003970437943332605,BMP8A,1.0
GO_Molecular_Function_2021,sequence-specific DNA binding (GO:0043565),9/707,0.9859148751249744,0.5290746558703638,0.007505062426490115,FOXJ3;GMEB1;KDM1A;MTF1;POU3F1;PRDM2;TFAP2E;YBX1;ZNF684,1.0
GO_Molecular_Function_2021,G protein-coupled receptor activity (GO:0004930),1/283,0.9988281548144563,0.14617218398556078,0.00017139161190608373,ADGRB2,1.0
MSigDB_Hallmark_2020,Glycolysis,10/200,0.01969206468950927,2.222707376199218,8.72977108814834,AGRN;AKR1A1;ARTN;B3GALT6;B4GALT2;ENO1;GALE;PLOD1;SDC3;STMN1,0.8861429110279172
MSigDB_Hallmark_2020,Protein Secretion,5/96,0.07479836104240249,2.3070988999249993,5.982213561129931,KIF1B;PPT1;RER1;STX12;VAMP3,1.0
MSigDB_Hallmark_2020,Pperoxisome,5/104,0.09721172473966791,2.1197940081463433,4.94095143479519,CTPS1;DHRS3;HMGCL;PEX14;PRDX1,1.0
MSigDB_Hallmark_2020,TGF-beta Signaling,3/54,0.13236396797869773,2.464389575085866,4.983488149464251,HDAC1;ID3;SKI,1.0
MSigDB_Hallmark_2020,Myc Targets V2,3/58,0.15419681334698968,2.2846920341512957,4.271289980434708,MAP3K6;MRTO4;SRM,1.0
MSigDB_Hallmark_2020,Myc Targets V1,7/200,0.1896251738252349,1.5215064922335144,2.5298178590072258,CTPS1;HNRNPR;PABPC4;PSMB2;RPL22;SRM;TARDBP,1.0
MSigDB_Hallmark_2020,DNA Repair,5/150,0.2749607136838047,1.443881700400261,1.8642347216177508,AGO4;ELOA;RPA2;SF3A3;TAF12,1.0
MSigDB_Hallmark_2020,Hypoxia,6/200,0.3271118571602969,1.2945507826635816,1.4465997796945207,B3GALT6;ENO1;ERRFI1;SDC3;SLC2A1;SLC2A5,1.0
MSigDB_Hallmark_2020,heme Metabolism,6/200,0.3271118571602969,1.2945507826635816,1.4465997796945207,EPB41;ERMAP;RAP1GAP;SLC2A1;SLC6A9;UROD,1.0
MSigDB_Hallmark_2020,Mitotic Spindle,5/199,0.499382968326609,1.0764623139282483,0.7474760609180635,CAPZB;CDC42;EPB41;KIF1B;WASF2,1.0
MSigDB_Hallmark_2020,E2F Targets,5/200,0.5038001763052321,1.0708866141858682,0.7341736956922618,AK2;CTPS1;PPP1R8;RPA2;STMN1,1.0
MSigDB_Hallmark_2020,KRAS Signaling Up,5/200,0.5038001763052321,1.0708866141858682,0.7341736956922618,EPHB2;FUCA1;LAPTM5;TNFRSF1B;YRDC,1.0
MSigDB_Hallmark_2020,p53 Pathway,5/200,0.5038001763052321,1.0708866141858682,0.7341736956922618,EPHA2;FUCA1;PLK3;RNF19B;WRAP73,1.0
MSigDB_Hallmark_2020,Epithelial Mesenchymal Transition,5/200,0.5038001763052321,1.0708866141858682,0.7341736956922618,COL16A1;COL8A2;FUCA1;P3H1;PLOD1,1.0
MSigDB_Hallmark_2020,G2-M Checkpoint,5/200,0.5038001763052321,1.0708866141858682,0.7341736956922618,HMGN2;RPA2;SFPQ;SRSF10;STMN1,1.0
MSigDB_Hallmark_2020,Cholesterol Homeostasis,2/74,0.5195668729702116,1.159990438269161,0.7595150506242321,ERRFI1;FBXO6,1.0
MSigDB_Hallmark_2020,Notch Signaling,1/32,0.5315354899065905,1.3470331969620577,0.8513051929960255,HEYL,1.0
MSigDB_Hallmark_2020,IL-6/JAK/STAT3 Signaling,2/87,0.6074504529459829,0.9819237360607126,0.48947392563734715,CSF3R;TNFRSF1B,1.0
MSigDB_Hallmark_2020,Coagulation,3/138,0.6300331371949808,0.9269772804234278,0.4282476172578086,C1QA;CASP9;PEF1,1.0
MSigDB_Hallmark_2020,Apical Surface,1/44,0.6475944407129397,0.970519376160384,0.42168158649259213,CROCC,1.0
MSigDB_Hallmark_2020,UV Response Dn,3/144,0.658486187930891,0.8872569019898997,0.3707063438958628,PEX14;PIK3CD;PRDM2,1.0
MSigDB_Hallmark_2020,Reactive Oxygen Species Pathway,1/49,0.687027339090346,0.8692005528543779,0.3262815401914239,PRDX1,1.0
MSigDB_Hallmark_2020,Estrogen Response Early,4/200,0.691642256448267,0.8504574064600577,0.31355210292037644,DHRS3;KAZN;NBL1;SLC2A1,1.0
MSigDB_Hallmark_2020,TNF-alpha Signaling via NF-kB,4/200,0.691642256448267,0.8504574064600577,0.31355210292037644,RNF19B;SPSB1;YRDC;ZC3H12A,1.0
MSigDB_Hallmark_2020,Inflammatory Response,4/200,0.691642256448267,0.8504574064600577,0.31355210292037644,CSF3R;KIF1B;PDPN;TNFRSF1B,1.0
MSigDB_Hallmark_2020,Xenobiotic Metabolism,4/200,0.691642256448267,0.8504574064600577,0.31355210292037644,EPHA2;PGD;PINK1;RAP1GAP,1.0
MSigDB_Hallmark_2020,Oxidative Phosphorylation,4/200,0.691642256448267,0.8504574064600577,0.31355210292037644,ATP6V0B;MFN2;MRPS15;SDHB,1.0
MSigDB_Hallmark_2020,Complement,4/200,0.691642256448267,0.8504574064600577,0.31355210292037644,C1QA;C1QC;CASP9;HPCAL4,1.0
MSigDB_Hallmark_2020,mTORC1 Signaling,4/200,0.691642256448267,0.8504574064600577,0.31355210292037644,ENO1;NFYC;PRDX1;SLC2A1,1.0
MSigDB_Hallmark_2020,Apical Junction,4/200,0.691642256448267,0.8504574064600577,0.31355210292037644,CAP1;COL16A1;LDLRAP1;SDC3,1.0
MSigDB_Hallmark_2020,PI3K/AKT/mTOR  Signaling,2/105,0.7081913964589782,0.8095753820187791,0.27933660858553505,RPS6KA1;SLC2A1,1.0
MSigDB_Hallmark_2020,Apoptosis,3/161,0.7303895827745255,0.7910983909087321,0.2485450869999501,CASP9;DFFA;PPT1,1.0
MSigDB_Hallmark_2020,Unfolded Protein Response,2/113,0.7455529332242392,0.75091828454705,0.2204914928379753,EXOSC10;ZBTB17,1.0
MSigDB_Hallmark_2020,Spermatogenesis,2/135,0.8277588060129764,0.6259963081645892,0.11833425065736287,MTOR;SLC2A5,1.0
MSigDB_Hallmark_2020,IL-2/STAT5 Signaling,3/199,0.8478622332932442,0.636471349380252,0.10504139663597108,DHRS3;TNFRSF18;TNFRSF1B,1.0
MSigDB_Hallmark_2020,Adipogenesis,3/200,0.8502412177122031,0.6332077810444918,0.1027285810031787,AK2;PEX14;SDHB,1.0
MSigDB_Hallmark_2020,Estrogen Response Late,3/200,0.8502412177122031,0.6332077810444918,0.1027285810031787,GALE;GJB3;NBL1,1.0
MSigDB_Hallmark_2020,Fatty Acid Metabolism,2/158,0.8874145288242455,0.5330692086003637,0.0636714216358139,HMGCL;UROD,1.0
MSigDB_Hallmark_2020,UV Response Up,2/158,0.8874145288242455,0.5330692086003637,0.0636714216358139,PPT1;UROD,1.0
MSigDB_Hallmark_2020,Interferon Alpha Response,1/97,0.8999789508965652,0.43352961263855216,0.04568704300317083,ISG15,1.0
MSigDB_Hallmark_2020,Androgen Response,1/100,0.9068703791418409,0.42032746293504236,0.0410894266876959,TMEM50A,1.0
MSigDB_Hallmark_2020,Myogenesis,2/200,0.9499456954088542,0.4190835304787641,0.021520131544202518,AGRN;FABP3,1.0
MSigDB_Hallmark_2020,Interferon Gamma Response,2/200,0.9499456954088542,0.4190835304787641,0.021520131544202518,ISG15;PSMB2,1.0
MSigDB_Hallmark_2020,Allograft Rejection,2/200,0.9499456954088542,0.4190835304787641,0.021520131544202518,EIF4G3;FGR,1.0
MSigDB_Hallmark_2020,KRAS Signaling Dn,1/200,0.9914312037167115,0.20803158830573792,0.001790261494943964,MTHFR,1.0
