Gene_set,Term,Overlap,P-value,Odds Ratio,Combined Score,Genes,Adjusted P-value
GO_Biological_Process_2021,mRNA catabolic process (GO:0006402),7/44,0.00010062441995836129,7.468943440956687,68.74501874050145,AGO1;AGO3;AGO4;EXOSC10;MRTO4;THRAP3;YTHDF2,0.24552358469840155
GO_Biological_Process_2021,production of small RNA involved in gene silencing by RNA (GO:0070918),5/20,0.00010874218451017733,13.121211862871142,119.75114363746856,AGO1;AGO3;AGO4;PUM1;SNIP1,0.26533093020483267
GO_Biological_Process_2021,regulation of cell morphogenesis (GO:0022604),6/32,0.00012350916722787876,9.097165812421121,81.86717069511394,CAPZB;MACF1;MFSD2A;PDPN;ZMYM4;ZMYM6,0.3013623680360242
GO_Biological_Process_2021,mRNA cleavage involved in gene silencing by miRNA (GO:0035279),3/5,0.00014960345137069708,58.84708134110501,518.2969883824288,AGO1;AGO3;AGO4,0.36503242134450087
GO_Biological_Process_2021,cell junction disassembly (GO:0150146),3/6,0.00029364330990119754,39.22937548834255,319.0581896444837,C1QA;C1QB;C1QC,0.716489676158922
GO_Biological_Process_2021,regulation of lamellipodium organization (GO:1902743),4/14,0.00031650037451743057,15.717741626658437,126.65648761908732,CAPZB;CDC42;EPHA2;PDPN,0.7722609138225306
GO_Biological_Process_2021,"RNA splicing, via transesterification reactions (GO:0000375)",5/25,0.0003361084592171394,9.83838364467912,78.68814654943662,SF3A3;SNRNP40;SRRM1;SRSF10;SRSF4,0.8201046404898201
GO_Biological_Process_2021,miRNA loading onto RISC involved in gene silencing by miRNA (GO:0035280),3/7,0.0005043324007611435,29.420522561961317,223.3686974034404,AGO1;AGO3;AGO4,1.0
GO_Biological_Process_2021,mRNA metabolic process (GO:0016071),9/95,0.0006214697893876651,4.137877055165673,30.551697685308213,AGO3;AGO4;AURKAIP1;HNRNPR;LSM10;SF3A3;SFPQ;SRSF4;YTHDF2,1.0
GO_Biological_Process_2021,production of miRNAs involved in gene silencing by miRNA (GO:0035196),5/29,0.0006918951324455556,8.196969535583108,59.64177459372175,AGO1;AGO3;AGO4;PUM1;SNIP1,1.0
GO_Biological_Process_2021,RNA secondary structure unwinding (GO:0010501),3/8,0.000791964688140111,23.53521080613258,168.06479333799416,AGO1;AGO3;AGO4,1.0
GO_Biological_Process_2021,gene silencing by miRNA (GO:0035195),5/32,0.0011031697434970627,7.285072808307545,49.6081961815319,AGO1;AGO3;AGO4;PUM1;SNIP1,1.0
GO_Biological_Process_2021,carbohydrate derivative catabolic process (GO:1901136),4/19,0.0011097737392891315,10.475806245783478,71.27318618562046,FBXO2;FBXO44;FBXO6;FUCA1,1.0
GO_Biological_Process_2021,synapse pruning (GO:0098883),3/9,0.0011659403745782181,19.61166963558009,132.46167502163868,C1QA;C1QB;C1QC,1.0
GO_Biological_Process_2021,small RNA loading onto RISC (GO:0070922),3/9,0.0011659403745782181,19.61166963558009,132.46167502163868,AGO1;AGO3;AGO4,1.0
GO_Biological_Process_2021,"complement activation, classical pathway (GO:0006958)",3/9,0.0011659403745782181,19.61166963558009,132.46167502163868,C1QA;C1QB;C1QC,1.0
GO_Biological_Process_2021,regulation of cell growth (GO:0001558),14/217,0.0011747219612384245,2.7383283117556965,18.474744760603034,ATAD3A;CDC42;CDK11A;CDK11B;ENO1;MAD2L2;MFSD2A;MTOR;MUL1;PPT1;PTCH2;RPS6KA1;SESN2;SLC25A33,1.0
GO_Biological_Process_2021,regulation of lamellipodium assembly (GO:0010591),5/34,0.0014630937902979247,6.7819573725693045,44.267206070654936,AKIRIN1;CAPZB;CDC42;EPHA2;WASF2,1.0
GO_Biological_Process_2021,membrane lipid catabolic process (GO:0046466),3/10,0.0016348123547037037,16.809140228042594,107.8512635631592,FUCA1;PPT1;SMPDL3B,1.0
GO_Biological_Process_2021,regulation of signal transduction by p53 class mediator (GO:1901796),11/156,0.0019211790047493852,3.002679581921086,18.781208941740367,CHD5;HDAC1;MEAF6;MTOR;NOC2L;PLK3;RBBP4;RPA2;RPL11;TAF12;TP73,1.0
GO_Biological_Process_2021,cellular macromolecule catabolic process (GO:0044265),6/53,0.0020106203085184246,5.027047880837604,31.21450869746928,DFFB;FBXO2;FBXO44;FBXO6;PABPC4;PPP1R8,1.0
GO_Biological_Process_2021,regulation of transport (GO:0051049),5/37,0.0021554838399501846,6.1452018992130935,37.729942283091155,DISP3;EPB41;MUL1;PINK1;YRDC,1.0
GO_Biological_Process_2021,ribonucleoside bisphosphate biosynthetic process (GO:0034030),3/11,0.002206330708167066,14.707243172389475,89.9557418250283,ACOT7;PANK4;PPCS,1.0
GO_Biological_Process_2021,positive regulation of cellular respiration (GO:1901857),3/11,0.002206330708167066,14.707243172389475,89.9557418250283,IFNLR1;PARK7;PINK1,1.0
GO_Biological_Process_2021,miRNA mediated inhibition of translation (GO:0035278),3/11,0.002206330708167066,14.707243172389475,89.9557418250283,AGO1;AGO3;AGO4,1.0
GO_Biological_Process_2021,coenzyme A biosynthetic process (GO:0015937),3/11,0.002206330708167066,14.707243172389475,89.9557418250283,ACOT7;PANK4;PPCS,1.0
GO_Biological_Process_2021,"negative regulation of translation, ncRNA-mediated (GO:0040033)",3/11,0.002206330708167066,14.707243172389475,89.9557418250283,AGO1;AGO3;AGO4,1.0
GO_Biological_Process_2021,humoral immune response mediated by circulating immunoglobulin (GO:0002455),3/11,0.002206330708167066,14.707243172389475,89.9557418250283,C1QA;C1QB;C1QC,1.0
GO_Biological_Process_2021,purine nucleoside bisphosphate biosynthetic process (GO:0034033),3/11,0.002206330708167066,14.707243172389475,89.9557418250283,ACOT7;PANK4;PPCS,1.0
GO_Biological_Process_2021,regulation of peptidase activity (GO:0052547),4/23,0.0023426260105254408,8.268675559099284,50.07909090654051,ATP13A2;HDAC1;PINK1;SVBP,1.0
GO_Biological_Process_2021,RNA splicing (GO:0008380),8/98,0.0031806823000001265,3.506774998281448,20.166269117633377,RRAGC;SF3A3;SFPQ;SNRNP40;SRRM1;SRSF10;SRSF4;TARDBP,1.0
GO_Biological_Process_2021,regulation of actomyosin structure organization (GO:0110020),3/13,0.0036845465975274493,11.764587294475106,65.92413313804617,ASAP3;CDC42;SLC9A1,1.0
GO_Biological_Process_2021,"RNA splicing, via transesterification reactions with bulged adenosine as nucleophile (GO:0000377)",14/251,0.004456383948884488,2.341355373157158,12.674734421422794,DNAJC8;HNRNPR;PPIE;PPIH;SF3A3;SFPQ;SNIP1;SNRNP40;SPEN;SRRM1;SRSF10;SRSF4;SYF2;YBX1,1.0
GO_Biological_Process_2021,coenzyme A metabolic process (GO:0015936),3/14,0.004603104658348365,10.694530611597154,57.547528856603925,ACOT7;PANK4;PPCS,1.0
GO_Biological_Process_2021,pre-miRNA processing (GO:0031054),3/14,0.004603104658348365,10.694530611597154,57.547528856603925,AGO1;AGO3;AGO4,1.0
GO_Biological_Process_2021,protein catabolic process (GO:0030163),6/64,0.005218284429384598,4.0713387441931985,21.39727328485686,DDI2;FBXO2;FBXO44;FBXO6;MTOR;PPT1,1.0
GO_Biological_Process_2021,RNA processing (GO:0006396),11/179,0.00550068281576836,2.588518791524107,13.467760535003933,AURKAIP1;HNRNPR;NOL9;PABPC4;RRAGC;SF3A3;SFPQ;SNRNP40;SRRM1;SRSF4;TARDBP,1.0
GO_Biological_Process_2021,negative regulation of ubiquitin-protein transferase activity (GO:0051444),3/15,0.005648106545764319,9.80281670919886,50.743642675253625,MAD2L2;PARK7;RPL11,1.0
GO_Biological_Process_2021,regulation of neuron projection arborization (GO:0150011),3/15,0.005648106545764319,9.80281670919886,50.743642675253625,DVL1;MACF1;MFSD2A,1.0
GO_Biological_Process_2021,negative regulation of oxidative stress-induced neuron intrinsic apoptotic signaling pathway (GO:1903377),2/5,0.005932890542369408,26.10040109570814,133.82311815105345,PARK7;PINK1,1.0
GO_Biological_Process_2021,positive regulation of bicellular tight junction assembly (GO:1903348),2/5,0.005932890542369408,26.10040109570814,133.82311815105345,EPHA2;NPHP4,1.0
GO_Biological_Process_2021,negative regulation of hydrogen peroxide-induced neuron death (GO:1903208),2/5,0.005932890542369408,26.10040109570814,133.82311815105345,PARK7;PINK1,1.0
GO_Biological_Process_2021,regulation of antifungal innate immune response (GO:1905034),2/5,0.005932890542369408,26.10040109570814,133.82311815105345,PLA2G5;TRIM62,1.0
GO_Biological_Process_2021,RNA metabolic process (GO:0016070),9/133,0.006285015342049724,2.864200718388922,14.520314715548139,AGO1;AGO3;AGO4;HNRNPR;NOL9;PABPC4;PPP1R8;SNRNP40;ZC3H12A,1.0
GO_Biological_Process_2021,negative regulation of type I interferon-mediated signaling pathway (GO:0060339),3/16,0.006823892045386851,9.04828956101569,45.12676334768942,ISG15;MUL1;YTHDF2,1.0
GO_Biological_Process_2021,aminoglycan catabolic process (GO:0006026),4/31,0.0071127874355616455,5.81630812945018,28.76665193469082,AGRN;FUCA1;HSPG2;SDC3,1.0
GO_Biological_Process_2021,RNA catabolic process (GO:0006401),5/49,0.007385112748535178,4.466482924001263,21.922789432807672,AGO3;AGO4;PABPC4;PPP1R8;YTHDF2,1.0
GO_Biological_Process_2021,regulation of stem cell proliferation (GO:0072091),3/17,0.008134227858674296,8.401552005430114,40.42553319859564,AGO3;KDF1;KDM1A,1.0
GO_Biological_Process_2021,RNA interference (GO:0016246),3/17,0.008134227858674296,8.401552005430114,40.42553319859564,AGO1;AGO3;AGO4,1.0
GO_Biological_Process_2021,regulation of cellular component organization (GO:0051128),9/139,0.008310757934225636,2.7311608419158846,13.082818864455847,ANGPTL7;ATAD3A;CDK11A;CDK11B;MAD2L2;MTOR;PARK7;PINK1;PTCH2,1.0
GO_Biological_Process_2021,enzyme linked receptor protein signaling pathway (GO:0007167),9/140,0.008691669913068294,2.7101723626758636,12.860825351875453,CNKSR1;EPHA10;EPHA2;EPHA8;EPHB2;FGR;PTPRF;PTPRU;TIE1,1.0
GO_Biological_Process_2021,hexose import across plasma membrane (GO:0140271),2/6,0.008752514158603515,19.57429680573701,92.7511276515359,SLC2A1;SLC2A5,1.0
GO_Biological_Process_2021,positive regulation of autophagy of mitochondrion in response to mitochondrial depolarization (GO:1904925),2/6,0.008752514158603515,19.57429680573701,92.7511276515359,ATP5IF1;PINK1,1.0
GO_Biological_Process_2021,transmembrane receptor protein tyrosine phosphatase signaling pathway (GO:0007185),2/6,0.008752514158603515,19.57429680573701,92.7511276515359,PTPRF;PTPRU,1.0
GO_Biological_Process_2021,regulation of protein targeting (GO:1903533),2/6,0.008752514158603515,19.57429680573701,92.7511276515359,ATP5IF1;PINK1,1.0
GO_Biological_Process_2021,mRNA processing (GO:0006397),15/300,0.008844268502328891,2.0851871528827393,9.858734950194835,AURKAIP1;DNAJC8;HNRNPR;PPIE;PPIH;SF3A3;SFPQ;SNIP1;SNRNP40;SPEN;SRRM1;SRSF10;SRSF4;SYF2;YBX1,1.0
GO_Biological_Process_2021,"mRNA splicing, via spliceosome (GO:0000398)",14/274,0.009385853000217614,2.1316872000444227,9.951891951374199,DNAJC8;HNRNPR;PPIE;PPIH;SF3A3;SFPQ;SNIP1;SNRNP40;SPEN;SRRM1;SRSF10;SRSF4;SYF2;YBX1,1.0
GO_Biological_Process_2021,glycoprotein catabolic process (GO:0006516),3/18,0.009582340294849133,7.841046123922614,36.44387627885043,FBXO2;FBXO44;FBXO6,1.0
GO_Biological_Process_2021,regulation of protein binding (GO:0043393),8/118,0.009625205685211812,2.866223150908251,13.308934675767148,CTNNBIP1;DVL1;EPB41;KDM1A;LDLRAP1;PARK7;PEX14;RPL11,1.0
GO_Biological_Process_2021,neural tube closure (GO:0001843),4/34,0.009886036132252772,5.233870864908518,24.162855767023533,DVL1;MTHFR;PHACTR4;SKI,1.0
GO_Biological_Process_2021,negative regulation of protein binding (GO:0032091),6/74,0.010475525836144436,3.4708263187615533,15.822503195607592,CTNNBIP1;DVL1;KDM1A;PARK7;PEX14;PTPRF,1.0
GO_Biological_Process_2021,regulation of stress fiber assembly (GO:0051492),6/74,0.010475525836144436,3.4708263187615533,15.822503195607592,ARHGEF10L;ASAP3;CDC42;SLC9A1;STMN1;WASF2,1.0
GO_Biological_Process_2021,regulation of megakaryocyte differentiation (GO:0045652),5/54,0.01106896427371459,4.009688645032058,18.058074272332288,AGO1;AGO3;AGO4;HDAC1;PITHD1,1.0
GO_Biological_Process_2021,glycosaminoglycan metabolic process (GO:0030203),5/54,0.01106896427371459,4.009688645032058,18.058074272332288,AGRN;B3GALT6;FUCA1;HSPG2;SDC3,1.0
GO_Biological_Process_2021,regulation of autophagy of mitochondrion (GO:1903146),3/19,0.011170946524016635,7.350603477603553,33.036838439328264,ATP13A2;PARK7;PINK1,1.0
GO_Biological_Process_2021,glycoprotein metabolic process (GO:0009100),5/55,0.011932381384421289,3.9292928519334773,17.400871232421647,FBXO2;FBXO44;FBXO6;MAN1C1;PARK7,1.0
GO_Biological_Process_2021,positive regulation of pinocytosis (GO:0048549),2/7,0.012051786861740462,15.65863423175433,69.1883383827585,CDC42;PPT1,1.0
GO_Biological_Process_2021,positive regulation of mitophagy in response to mitochondrial depolarization (GO:0098779),2/7,0.012051786861740462,15.65863423175433,69.1883383827585,MFN2;PINK1,1.0
GO_Biological_Process_2021,regulation of androgen receptor signaling pathway (GO:0060765),4/36,0.012076260950403721,4.906249903603833,21.668519710598765,HDAC1;HEYL;KDM1A;PARK7,1.0
GO_Biological_Process_2021,regulation of mRNA processing (GO:0050684),4/36,0.012076260950403721,4.906249903603833,21.668519710598765,CDK11A;CDK11B;KHDRBS1;SRSF10,1.0
GO_Biological_Process_2021,"Wnt signaling pathway, calcium modulating pathway (GO:0007223)",4/36,0.012076260950403721,4.906249903603833,21.668519710598765,AGO1;AGO3;AGO4;GNB1,1.0
GO_Biological_Process_2021,ncRNA processing (GO:0034470),11/201,0.012571926614666874,2.286190891897937,10.005032045867544,AGO1;AGO3;AGO4;EBNA1BP2;EXOSC10;INTS11;MRTO4;NOL9;RPL11;RPL22;UTP11,1.0
GO_Biological_Process_2021,mitochondrion organization (GO:0007005),10/175,0.0128185744105664,2.3914656296114,10.419281024569568,ATAD3A;ATAD3B;ATAD3C;MFN2;MTFR1L;MUL1;PARK7;PINK1;SLC25A33;VPS13D,1.0
GO_Biological_Process_2021,Rho protein signal transduction (GO:0007266),5/56,0.012840408315519516,3.8520498350348418,16.776286352485855,CDC42;CNKSR1;PDPN;PHACTR4;PLEKHG5,1.0
GO_Biological_Process_2021,glycosaminoglycan catabolic process (GO:0006027),5/56,0.012840408315519516,3.8520498350348418,16.776286352485855,AGRN;FUCA1;HSPG2;SDC3;SLC9A1,1.0
GO_Biological_Process_2021,post-transcriptional gene silencing by RNA (GO:0035194),3/20,0.012902284446845946,6.917859966145556,30.095118290986342,AGO1;AGO3;AGO4,1.0
GO_Biological_Process_2021,glucose transmembrane transport (GO:1904659),3/20,0.012902284446845946,6.917859966145556,30.095118290986342,SLC2A1;SLC2A5;SLC45A1,1.0
GO_Biological_Process_2021,positive regulation of proteolysis (GO:0045862),5/57,0.013794013104933788,3.7777777034015383,16.182188667356066,ATP5IF1;AURKAIP1;PINK1;TNFRSF1B;ZC3H12A,1.0
GO_Biological_Process_2021,ribosomal large subunit biogenesis (GO:0042273),5/57,0.013794013104933788,3.7777777034015383,16.182188667356066,EBNA1BP2;MRPL20;MRTO4;NOC2L;RPL11,1.0
GO_Biological_Process_2021,positive regulation of cell junction assembly (GO:1901890),5/57,0.013794013104933788,3.7777777034015383,16.182188667356066,CLSTN1;COL16A1;EPHA2;EPHB2;NPHP4,1.0
GO_Biological_Process_2021,negative regulation of protein phosphorylation (GO:0001933),9/152,0.014362760958686334,2.4812071346029057,10.52805084969288,CAMK2N1;CEP85;DVL1;EPHB2;ERRFI1;PARK7;PRKCZ;TARDBP;ZC3H12A,1.0
GO_Biological_Process_2021,positive regulation of production of molecular mediator of immune response (GO:0002702),4/38,0.014554888392248473,4.617172584805582,19.529847587541195,EPHB2;LAPTM5;TNFRSF14;VAMP3,1.0
GO_Biological_Process_2021,mRNA destabilization (GO:0061157),4/38,0.014554888392248473,4.617172584805582,19.529847587541195,PUM1;TARDBP;YTHDF2;ZC3H12A,1.0
GO_Biological_Process_2021,positive regulation of signaling (GO:0023056),4/38,0.014554888392248473,4.617172584805582,19.529847587541195,CLSTN1;ECE1;RIMS3;VAMP3,1.0
GO_Biological_Process_2021,cellular component assembly (GO:0022607),13/261,0.014623774020029776,2.072232852477831,8.755404944333392,CDC42;CFAP74;DVL1;ESPN;FBLIM1;HES5;NOC2L;PEX14;PPIH;RBBP4;SLC2A1;VAMP3;YTHDF2,1.0
GO_Biological_Process_2021,aerobic respiration (GO:0009060),3/21,0.014778141234215728,6.533199067071783,27.534860860126408,MTFR1L;SDHB;UQCRHL,1.0
GO_Biological_Process_2021,lymphatic endothelial cell differentiation (GO:0060836),2/8,0.01580506091960724,13.04819251576588,54.11640087381568,PDPN;TIE1,1.0
GO_Biological_Process_2021,regulation of establishment of protein localization to mitochondrion (GO:1903747),2/8,0.01580506091960724,13.04819251576588,54.11640087381568,ATP5IF1;PINK1,1.0
GO_Biological_Process_2021,glyoxylate metabolic process (GO:0046487),2/8,0.01580506091960724,13.04819251576588,54.11640087381568,ALDH4A1;HYI,1.0
GO_Biological_Process_2021,regulation of chaperone-mediated autophagy (GO:1904714),2/8,0.01580506091960724,13.04819251576588,54.11640087381568,ATP13A2;PLK3,1.0
GO_Biological_Process_2021,protein depalmitoylation (GO:0002084),2/8,0.01580506091960724,13.04819251576588,54.11640087381568,LYPLA2;PPT1,1.0
GO_Biological_Process_2021,macromolecule depalmitoylation (GO:0098734),2/8,0.01580506091960724,13.04819251576588,54.11640087381568,LYPLA2;PPT1,1.0
GO_Biological_Process_2021,negative regulation of autophagy (GO:0010507),5/59,0.015841671059807952,3.637485899205298,15.077784275265078,CPTP;EIF4G3;KDM4A;MTOR;PINK1,1.0
GO_Biological_Process_2021,negative regulation of protein modification process (GO:0031400),6/81,0.01588004732917382,3.1457489257945563,13.031868414200254,EPHB2;P3H1;PARK7;PPP1R8;TARDBP;ZC3H12A,1.0
GO_Biological_Process_2021,positive regulation of translational initiation (GO:0045948),3/22,0.01679988058833307,6.189028788953143,25.29074512689807,KHDRBS1;MTOR;YTHDF2,1.0
GO_Biological_Process_2021,"maturation of 5.8S rRNA from tricistronic rRNA transcript (SSU-rRNA, 5.8S rRNA, LSU-rRNA) (GO:0000466)",3/22,0.01679988058833307,6.189028788953143,25.29074512689807,ERI3;EXOSC10;NOL9,1.0
GO_Biological_Process_2021,regulation of mitochondrial membrane potential (GO:0051881),4/41,0.01883790176908029,4.242153360418661,16.84934269994769,ATP5IF1;PARK7;PINK1;SLC25A33,1.0
GO_Biological_Process_2021,protein deacylation (GO:0035601),3/23,0.01896846877500423,5.879275538646368,23.31119356044767,HDAC1;LYPLA2;PPT1,1.0
GO_Biological_Process_2021,hexose transmembrane transport (GO:0008645),3/23,0.01896846877500423,5.879275538646368,23.31119356044767,SLC2A1;SLC2A5;SLC45A1,1.0
GO_Biological_Process_2021,skeletal muscle fiber development (GO:0048741),2/9,0.019987666789615548,11.18359129005984,43.75736501649889,SELENON;SKI,1.0
GO_Biological_Process_2021,positive regulation of ATP biosynthetic process (GO:2001171),2/9,0.019987666789615548,11.18359129005984,43.75736501649889,ENO1;PINK1,1.0
GO_Biological_Process_2021,positive regulation of autophagy of mitochondrion (GO:1903599),2/9,0.019987666789615548,11.18359129005984,43.75736501649889,PARK7;VPS13D,1.0
GO_Biological_Process_2021,exonucleolytic trimming involved in rRNA processing (GO:0000459),2/9,0.019987666789615548,11.18359129005984,43.75736501649889,ERI3;EXOSC10,1.0
GO_Biological_Process_2021,"exonucleolytic trimming to generate mature 3'-end of 5.8S rRNA from tricistronic rRNA transcript (SSU-rRNA, 5.8S rRNA, LSU-rRNA) (GO:0000467)",2/9,0.019987666789615548,11.18359129005984,43.75736501649889,ERI3;EXOSC10,1.0
GO_Biological_Process_2021,negative regulation of ubiquitin protein ligase activity (GO:1904667),2/9,0.019987666789615548,11.18359129005984,43.75736501649889,MAD2L2;RPL11,1.0
GO_Biological_Process_2021,regulation of pinocytosis (GO:0048548),2/9,0.019987666789615548,11.18359129005984,43.75736501649889,CDC42;PPT1,1.0
GO_Biological_Process_2021,regulation of nervous system development (GO:0051960),4/42,0.02042101253964054,4.130305521566421,16.071807184535267,HES5;HEYL;TNFRSF1B;YTHDF2,1.0
GO_Biological_Process_2021,translesion synthesis (GO:0019985),4/42,0.02042101253964054,4.130305521566421,16.071807184535267,FAAP20;ISG15;MAD2L2;RPA2,1.0
GO_Biological_Process_2021,ATP-dependent chromatin remodeling (GO:0043044),4/42,0.02042101253964054,4.130305521566421,16.071807184535267,ARID1A;DMAP1;HDAC1;RBBP4,1.0
GO_Biological_Process_2021,positive regulation of lamellipodium assembly (GO:0010592),3/24,0.021284499474966644,5.599022597892619,21.55498391468585,AKIRIN1;CDC42;WASF2,1.0
GO_Biological_Process_2021,regulation of cytokine production involved in immune response (GO:0002718),3/24,0.021284499474966644,5.599022597892619,21.55498391468585,LAPTM5;TNFRSF14;TNFRSF1B,1.0
GO_Biological_Process_2021,positive regulation of receptor recycling (GO:0001921),2/10,0.02457588039834349,9.785140370780313,36.26363029444785,ECE1;VAMP3,1.0
GO_Biological_Process_2021,rRNA 3'-end processing (GO:0031125),2/10,0.02457588039834349,9.785140370780313,36.26363029444785,ERI3;EXOSC10,1.0
GO_Biological_Process_2021,cellular response to leucine (GO:0071233),2/10,0.02457588039834349,9.785140370780313,36.26363029444785,MTOR;SESN2,1.0
GO_Biological_Process_2021,cellular response to leucine starvation (GO:1990253),2/10,0.02457588039834349,9.785140370780313,36.26363029444785,MTOR;SESN2,1.0
GO_Biological_Process_2021,regulation of attachment of spindle microtubules to kinetochore (GO:0051988),2/10,0.02457588039834349,9.785140370780313,36.26363029444785,CDC42;RCC2,1.0
GO_Biological_Process_2021,neuron remodeling (GO:0016322),2/10,0.02457588039834349,9.785140370780313,36.26363029444785,C1QA;EPHA8,1.0
GO_Biological_Process_2021,response to leucine (GO:0043201),2/10,0.02457588039834349,9.785140370780313,36.26363029444785,MTOR;SESN2,1.0
GO_Biological_Process_2021,regulation of actin filament bundle assembly (GO:0032231),3/26,0.026359541421743286,5.111626179190446,18.585489243036918,ASAP3;CDC42;SLC9A1,1.0
GO_Biological_Process_2021,glial cell development (GO:0021782),3/26,0.026359541421743286,5.111626179190446,18.585489243036918,EIF2B3;HES5;MXRA8,1.0
GO_Biological_Process_2021,negative regulation of signaling receptor activity (GO:2000272),3/26,0.026359541421743286,5.111626179190446,18.585489243036918,EPHB2;ERRFI1;SLC6A9,1.0
GO_Biological_Process_2021,regulation of cellular protein localization (GO:1903827),4/46,0.02755567030566548,3.736175041801387,13.418648060518496,ATP13A2;DVL1;KCNAB2;KDM1A,1.0
GO_Biological_Process_2021,nuclear-transcribed mRNA catabolic process (GO:0000956),9/171,0.02833673156122792,2.188051551951881,7.79733259175116,AGO1;EXOSC10;MRTO4;PNRC2;RPL11;RPL22;RPS8;THRAP3;ZC3H12A,1.0
GO_Biological_Process_2021,negative regulation of cellular catabolic process (GO:0031330),5/69,0.029099193282759037,3.067550444658072,10.850063433161136,CPTP;EIF4G3;KDM4A;MFSD2A;MTOR,1.0
GO_Biological_Process_2021,positive regulation of voltage-gated potassium channel activity (GO:1903818),2/11,0.029546891440604902,8.697456322451792,30.630499349736766,LRRC38;RNF207,1.0
GO_Biological_Process_2021,ketone body metabolic process (GO:1902224),2/11,0.029546891440604902,8.697456322451792,30.630499349736766,HMGCL;OXCT2,1.0
GO_Biological_Process_2021,lipoprotein catabolic process (GO:0042159),2/11,0.029546891440604902,8.697456322451792,30.630499349736766,LYPLA2;PPT1,1.0
GO_Biological_Process_2021,negative regulation of oxidative stress-induced neuron death (GO:1903204),2/11,0.029546891440604902,8.697456322451792,30.630499349736766,PARK7;PINK1,1.0
GO_Biological_Process_2021,chromatin-mediated maintenance of transcription (GO:0048096),2/11,0.029546891440604902,8.697456322451792,30.630499349736766,ARID1A;PADI2,1.0
GO_Biological_Process_2021,myotube cell development (GO:0014904),2/11,0.029546891440604902,8.697456322451792,30.630499349736766,SELENON;SKI,1.0
GO_Biological_Process_2021,regulation of kinase activity (GO:0043549),6/94,0.030502448611594613,2.679241757965294,9.350415262021134,EPHA10;EPHA2;EPHA8;EPHB2;FGR;TIE1,1.0
GO_Biological_Process_2021,protein localization to lysosome (GO:0061462),3/28,0.03202317849105507,4.70221318748062,16.181704191216266,ATP13A2;LAPTM5;SZT2,1.0
GO_Biological_Process_2021,positive regulation of synapse assembly (GO:0051965),3/28,0.03202317849105507,4.70221318748062,16.181704191216266,AGRN;CLSTN1;EPHB2,1.0
GO_Biological_Process_2021,cellular response to acid chemical (GO:0071229),3/28,0.03202317849105507,4.70221318748062,16.181704191216266,MTOR;RRAGC;SESN2,1.0
GO_Biological_Process_2021,positive regulation of macromolecule metabolic process (GO:0010604),16/384,0.03288855687915527,1.7186489053818501,5.868550965842142,AGO1;AGO3;AGO4;ATP13A2;CAMK2N1;ECE1;EPHB2;LAPTM5;MTOR;PARK7;PIK3CD;POU3F1;RNF207;RPL11;VAMP3;ZC3H12A,1.0
GO_Biological_Process_2021,aminoglycan biosynthetic process (GO:0006023),4/49,0.033767698904292445,3.4865590712835313,11.813335820376256,AGRN;B3GALT6;HSPG2;SDC3,1.0
GO_Biological_Process_2021,cell junction organization (GO:0034330),5/72,0.03412225534457892,2.9297451556481455,9.896109177808594,AGRN;C1QA;CDC42;DVL1;FBLIM1,1.0
GO_Biological_Process_2021,glycosaminoglycan biosynthetic process (GO:0006024),6/97,0.03481724210979449,2.5905146973046143,8.698022379193805,AGRN;B3GALT6;B4GALT2;HSPG2;SDC3;ST3GAL3,1.0
GO_Biological_Process_2021,regulation of oxidative stress-induced cell death (GO:1903201),2/12,0.034878772667639245,7.8273090837889745,26.26748549173229,PARK7;PINK1,1.0
GO_Biological_Process_2021,histone H3-K9 demethylation (GO:0033169),2/12,0.034878772667639245,7.8273090837889745,26.26748549173229,KDM1A;KDM4A,1.0
GO_Biological_Process_2021,mitotic G1/S transition checkpoint signaling (GO:0044819),2/12,0.034878772667639245,7.8273090837889745,26.26748549173229,PLK3;RPA2,1.0
GO_Biological_Process_2021,regulation of response to oxidative stress (GO:1902882),2/12,0.034878772667639245,7.8273090837889745,26.26748549173229,PINK1;SELENON,1.0
GO_Biological_Process_2021,chromatin assembly or disassembly (GO:0006333),2/12,0.034878772667639245,7.8273090837889745,26.26748549173229,NOC2L;RBBP4,1.0
GO_Biological_Process_2021,protein import into peroxisome matrix (GO:0016558),2/12,0.034878772667639245,7.8273090837889745,26.26748549173229,PEX10;PEX14,1.0
GO_Biological_Process_2021,negative regulation of leukocyte chemotaxis (GO:0002689),2/12,0.034878772667639245,7.8273090837889745,26.26748549173229,NBL1;PADI2,1.0
GO_Biological_Process_2021,mismatch repair (GO:0006298),3/29,0.03507388679237234,4.521126671916659,15.147123416326759,MUTYH;RPA2;TP73,1.0
GO_Biological_Process_2021,ubiquitin-dependent ERAD pathway (GO:0030433),5/73,0.03590862285402261,2.8865121238018943,9.602784514693045,FBXO2;FBXO44;FBXO6;UBE2J2;UBE4B,1.0
GO_Biological_Process_2021,non-canonical Wnt signaling pathway (GO:0035567),7/124,0.036291334857735266,2.3522649974488994,7.800525377900185,AGO1;AGO3;AGO4;CDC42;DVL1;GNB1;PSMB2,1.0
GO_Biological_Process_2021,protein stabilization (GO:0050821),9/179,0.03639942967562211,2.08422183475288,6.905448311321833,DVL1;MUL1;OTUD3;P3H1;PARK7;PER3;PINK1;RPL11;STX12,1.0
GO_Biological_Process_2021,cellular response to amino acid starvation (GO:0034198),5/74,0.03775160089879644,2.844532223313505,9.320756665707389,ATP6V0B;MTOR;RRAGC;SESN2;SZT2,1.0
GO_Biological_Process_2021,primary neural tube formation (GO:0014020),3/30,0.03826902958337435,4.353453972320398,14.205818072446748,MTHFR;PHACTR4;SKI,1.0
GO_Biological_Process_2021,regulation of type I interferon-mediated signaling pathway (GO:0060338),3/30,0.03826902958337435,4.353453972320398,14.205818072446748,ISG15;MUL1;YTHDF2,1.0
GO_Biological_Process_2021,intrinsic apoptotic signaling pathway in response to DNA damage (GO:0008630),4/51,0.03832553051359525,3.3378516845920436,10.886867270153568,CASP9;EPHA2;TNFRSF1B;TP73,1.0
GO_Biological_Process_2021,synapse organization (GO:0050808),7/126,0.039049057784633204,2.312492496942641,7.49926639697457,AGRN;C1QA;C1QB;C1QC;CDC42;DVL1;PTPRF,1.0
GO_Biological_Process_2021,integrin-mediated signaling pathway (GO:0007229),5/75,0.03965149269323004,2.803751748553356,9.04946396138216,CDC42;COL16A1;FGR;ISG15;RCC2,1.0
GO_Biological_Process_2021,response to amino acid starvation (GO:1990928),5/75,0.03965149269323004,2.803751748553356,9.04946396138216,ATP6V0B;MTOR;RRAGC;SESN2;SZT2,1.0
GO_Biological_Process_2021,positive regulation of insulin receptor signaling pathway (GO:0046628),2/13,0.0405504501349323,7.115370433973942,22.806245068033682,C1QTNF12;PRKCZ,1.0
GO_Biological_Process_2021,negative regulation by host of viral transcription (GO:0043922),2/13,0.0405504501349323,7.115370433973942,22.806245068033682,HDAC1;TARDBP,1.0
GO_Biological_Process_2021,central nervous system projection neuron axonogenesis (GO:0021952),2/13,0.0405504501349323,7.115370433973942,22.806245068033682,EPHB2;SZT2,1.0
GO_Biological_Process_2021,negative regulation of stem cell differentiation (GO:2000737),2/13,0.0405504501349323,7.115370433973942,22.806245068033682,HES5;YTHDF2,1.0
GO_Biological_Process_2021,chromatin organization involved in regulation of transcription (GO:0034401),2/13,0.0405504501349323,7.115370433973942,22.806245068033682,ARID1A;PADI2,1.0
GO_Biological_Process_2021,pentose-phosphate shunt (GO:0006098),2/13,0.0405504501349323,7.115370433973942,22.806245068033682,H6PD;PGD,1.0
GO_Biological_Process_2021,regulation of mRNA metabolic process (GO:1903311),2/13,0.0405504501349323,7.115370433973942,22.806245068033682,CDK11A;CDK11B,1.0
GO_Biological_Process_2021,positive regulation of purine nucleotide biosynthetic process (GO:1900373),2/13,0.0405504501349323,7.115370433973942,22.806245068033682,ENO1;PINK1,1.0
GO_Biological_Process_2021,positive regulation of calcineurin-NFAT signaling cascade (GO:0070886),2/13,0.0405504501349323,7.115370433973942,22.806245068033682,CAMTA1;SLC9A1,1.0
GO_Biological_Process_2021,positive regulation of calcineurin-mediated signaling (GO:0106058),2/13,0.0405504501349323,7.115370433973942,22.806245068033682,CAMTA1;SLC9A1,1.0
GO_Biological_Process_2021,protein localization to mitochondrion (GO:0070585),2/13,0.0405504501349323,7.115370433973942,22.806245068033682,ISG15;PINK1,1.0
GO_Biological_Process_2021,regulation of histone modification (GO:0031056),2/13,0.0405504501349323,7.115370433973942,22.806245068033682,MTHFR;PARK7,1.0
GO_Biological_Process_2021,positive regulation of protein localization to cell periphery (GO:1904377),4/52,0.04072999653544248,3.2681450970804087,10.460647591057008,ARHGEF16;EPB41;EPHA2;EPHB2,1.0
GO_Biological_Process_2021,negative regulation of protein-containing complex assembly (GO:0031333),4/52,0.04072999653544248,3.2681450970804087,10.460647591057008,CDC42;CPTP;PARK7;PRKCZ,1.0
GO_Biological_Process_2021,signal transduction in response to DNA damage (GO:0042770),4/52,0.04072999653544248,3.2681450970804087,10.460647591057008,CASP9;FBXO6;MAD2L2;SESN2,1.0
GO_Biological_Process_2021,cellular response to chemical stress (GO:0062197),6/101,0.041155157581904155,2.480928994313178,7.915170807529032,ATP13A2;PARK7;PINK1;PRDX1;SESN2;ZC3H12A,1.0
GO_Biological_Process_2021,tube closure (GO:0060606),3/31,0.04160719838492572,4.197757894123872,13.346696036583493,MTHFR;PHACTR4;SKI,1.0
GO_Biological_Process_2021,regulation of cellular component size (GO:0032535),3/31,0.04160719838492572,4.197757894123872,13.346696036583493,ATP13A2;HP1BP3;MTOR,1.0
GO_Biological_Process_2021,activation of protein kinase B activity (GO:0032148),3/31,0.04160719838492572,4.197757894123872,13.346696036583493,MTOR;PARK7;PINK1,1.0
GO_Biological_Process_2021,organelle transport along microtubule (GO:0072384),3/31,0.04160719838492572,4.197757894123872,13.346696036583493,CDC42;PEX14;TMEM201,1.0
GO_Biological_Process_2021,chloride transport (GO:0006821),5/76,0.041608562209153134,2.7641200195610978,8.788379490493082,CLCN6;CLCNKA;CLCNKB;CLIC4;GABRD,1.0
GO_Biological_Process_2021,positive regulation of protein modification by small protein conjugation or removal (GO:1903322),5/77,0.043623034339003525,2.7255891719297365,8.537008521095613,CENPS;LAPTM5;MUL1;PINK1;ZC3H12A,1.0
GO_Biological_Process_2021,mitochondrial membrane organization (GO:0007006),3/32,0.045086773640395914,4.052799476492622,12.560299731994753,DNAJC11;MFN2;MICOS10,1.0
GO_Biological_Process_2021,positive regulation of lamellipodium organization (GO:1902745),3/32,0.045086773640395914,4.052799476492622,12.560299731994753,AKIRIN1;CDC42;WASF2,1.0
GO_Biological_Process_2021,response to amino acid (GO:0043200),3/32,0.045086773640395914,4.052799476492622,12.560299731994753,MTOR;RRAGC;SESN2,1.0
GO_Biological_Process_2021,inorganic anion transport (GO:0015698),4/54,0.04579016929418958,3.137096712558534,9.673820758701032,CLCN6;CLCNKA;CLCNKB;CLIC4,1.0
GO_Biological_Process_2021,regulation of focal adhesion assembly (GO:0051893),4/54,0.04579016929418958,3.137096712558534,9.673820758701032,COL16A1;MACF1;RCC2;SLC9A1,1.0
GO_Biological_Process_2021,"negative regulation of mRNA splicing, via spliceosome (GO:0048025)",2/14,0.04654167438102964,6.522088225794748,20.00590002092161,SRSF10;SRSF4,1.0
GO_Biological_Process_2021,covalent chromatin modification (GO:0016569),2/14,0.04654167438102964,6.522088225794748,20.00590002092161,HDAC1;PARK7,1.0
GO_Biological_Process_2021,negative regulation of TORC1 signaling (GO:1904262),2/14,0.04654167438102964,6.522088225794748,20.00590002092161,SESN2;SZT2,1.0
GO_Biological_Process_2021,regulation of cell projection organization (GO:0031344),2/14,0.04654167438102964,6.522088225794748,20.00590002092161,MACF1;MFSD2A,1.0
GO_Biological_Process_2021,positive regulation of cellular response to insulin stimulus (GO:1900078),2/14,0.04654167438102964,6.522088225794748,20.00590002092161,C1QTNF12;PRKCZ,1.0
GO_Biological_Process_2021,protein localization to vacuole (GO:0072665),2/14,0.04654167438102964,6.522088225794748,20.00590002092161,ATP13A2;SZT2,1.0
GO_Biological_Process_2021,interstrand cross-link repair (GO:0036297),4/55,0.04844568207142635,3.0754268845482406,9.3102769155389,CENPS;EXO5;FAAP20;RPA2,1.0
GO_Biological_Process_2021,negative regulation of protein modification by small protein conjugation or removal (GO:1903321),4/55,0.04844568207142635,3.0754268845482406,9.3102769155389,ISG15;PARK7;RPL11;SVBP,1.0
GO_Biological_Process_2021,negative regulation of cytokine-mediated signaling pathway (GO:0001960),4/55,0.04844568207142635,3.0754268845482406,9.3102769155389,ISG15;MUL1;PADI2;YTHDF2,1.0
GO_Biological_Process_2021,RNA stabilization (GO:0043489),3/33,0.048705940830527365,3.9175049533701216,11.838520813853847,THRAP3;YBX1;ZCCHC17,1.0
GO_Biological_Process_2021,skin development (GO:0043588),5/80,0.050012533933314965,2.616161564656669,7.8366638983673775,CLIC4;EPHA2;ERRFI1;KDF1;STMN1,1.0
GO_Biological_Process_2021,regulation of cell cycle process (GO:0010564),6/106,0.05004132551759489,2.3562752571604197,7.0568231517256335,CDC42;CEP85;KLHL21;PLK3;RCC1;YTHDF2,1.0
GO_Biological_Process_2021,cellular response to amino acid stimulus (GO:0071230),3/34,0.05246270580132812,3.790939109158751,11.174372004908776,MTOR;RRAGC;SESN2,1.0
GO_Biological_Process_2021,termination of RNA polymerase II transcription (GO:0006369),3/34,0.05246270580132812,3.790939109158751,11.174372004908776,LSM10;MED18;SSU72,1.0
GO_Biological_Process_2021,negative regulation of androgen receptor signaling pathway (GO:0060766),2/15,0.05283299250953198,6.020080203489276,17.702764788108396,HDAC1;HEYL,1.0
GO_Biological_Process_2021,aflatoxin metabolic process (GO:0046222),2/15,0.05283299250953198,6.020080203489276,17.702764788108396,AKR7A2;AKR7A3,1.0
GO_Biological_Process_2021,regulation of extracellular matrix organization (GO:1903053),2/15,0.05283299250953198,6.020080203489276,17.702764788108396,ANGPTL7;TIE1,1.0
GO_Biological_Process_2021,protein hydroxylation (GO:0018126),2/15,0.05283299250953198,6.020080203489276,17.702764788108396,P3H1;PLOD1,1.0
GO_Biological_Process_2021,regulation of aerobic respiration (GO:1903715),2/15,0.05283299250953198,6.020080203489276,17.702764788108396,PINK1;SLC25A33,1.0
GO_Biological_Process_2021,negative regulation of mRNA processing (GO:0050686),2/15,0.05283299250953198,6.020080203489276,17.702764788108396,SRSF10;SRSF4,1.0
GO_Biological_Process_2021,organic heteropentacyclic compound metabolic process (GO:1901376),2/15,0.05283299250953198,6.020080203489276,17.702764788108396,AKR7A2;AKR7A3,1.0
GO_Biological_Process_2021,mycotoxin metabolic process (GO:0043385),2/15,0.05283299250953198,6.020080203489276,17.702764788108396,AKR7A2;AKR7A3,1.0
GO_Biological_Process_2021,peptidyl-arginine modification (GO:0018195),2/15,0.05283299250953198,6.020080203489276,17.702764788108396,PADI2;PARK7,1.0
GO_Biological_Process_2021,histone H3 deacetylation (GO:0070932),2/15,0.05283299250953198,6.020080203489276,17.702764788108396,HDAC1;SFPQ,1.0
GO_Biological_Process_2021,positive regulation of protein ubiquitination (GO:0031398),5/82,0.054561600512458654,2.5479469523306006,7.410512438950929,CENPS;KDM1A;LAPTM5;PEF1;PINK1,1.0
GO_Biological_Process_2021,ephrin receptor signaling pathway (GO:0048013),5/82,0.054561600512458654,2.5479469523306006,7.410512438950929,CDC42;EPHA10;EPHA2;EPHA8;EPHB2,1.0
GO_Biological_Process_2021,negative regulation of macromolecule metabolic process (GO:0010605),9/194,0.05547976211186591,1.9137446639464126,5.534046198481596,AGO1;AGO3;AGO4;HDAC1;KDM4A;PARK7;PINK1;TARDBP;ZC3H12A,1.0
GO_Biological_Process_2021,regulation of protein ubiquitination (GO:0031396),6/109,0.05589601332579858,2.2872921210661747,6.597150249359054,CENPS;ISG15;LAPTM5;PARK7;PINK1;SVBP,1.0
GO_Biological_Process_2021,positive regulation of immunoglobulin production (GO:0002639),3/35,0.0563549093369663,3.6722836302105915,10.561803243365352,EPHB2;MAD2L2;VAMP3,1.0
GO_Biological_Process_2021,positive regulation of lipid biosynthetic process (GO:0046889),3/35,0.0563549093369663,3.6722836302105915,10.561803243365352,FABP3;MFSD2A;MTOR,1.0
GO_Biological_Process_2021,regulation of TORC1 signaling (GO:1903432),3/35,0.0563549093369663,3.6722836302105915,10.561803243365352,RRAGC;SESN2;SZT2,1.0
GO_Biological_Process_2021,smoothened signaling pathway (GO:0007224),3/35,0.0563549093369663,3.6722836302105915,10.561803243365352,DISP3;HES5;PTCH2,1.0
GO_Biological_Process_2021,negative regulation of Ras protein signal transduction (GO:0046580),3/35,0.0563549093369663,3.6722836302105915,10.561803243365352,EPHB2;MFN2;STMN1,1.0
GO_Biological_Process_2021,positive regulation of plasma membrane bounded cell projection assembly (GO:0120034),5/83,0.05692305513058424,2.515151465635376,7.208562014029119,AGRN;AKIRIN1;CDC42;CROCC;WASF2,1.0
GO_Biological_Process_2021,negative regulation of transcription regulatory region DNA binding (GO:2000678),2/16,0.05940572114726701,5.589787612941729,15.782009259641375,MAD2L2;ZNF593,1.0
GO_Biological_Process_2021,histone H2A acetylation (GO:0043968),2/16,0.05940572114726701,5.589787612941729,15.782009259641375,DMAP1;MEAF6,1.0
GO_Biological_Process_2021,3'-UTR-mediated mRNA destabilization (GO:0061158),2/16,0.05940572114726701,5.589787612941729,15.782009259641375,TARDBP;ZC3H12A,1.0
GO_Biological_Process_2021,regulation of oxidative phosphorylation (GO:0002082),2/16,0.05940572114726701,5.589787612941729,15.782009259641375,PINK1;SLC25A33,1.0
GO_Biological_Process_2021,apoptotic DNA fragmentation (GO:0006309),2/16,0.05940572114726701,5.589787612941729,15.782009259641375,DFFA;DFFB,1.0
GO_Biological_Process_2021,neural tube development (GO:0021915),2/16,0.05940572114726701,5.589787612941729,15.782009259641375,DVL1;HES5,1.0
GO_Biological_Process_2021,dendritic spine morphogenesis (GO:0060997),2/16,0.05940572114726701,5.589787612941729,15.782009259641375,CDC42;EPHB2,1.0
GO_Biological_Process_2021,oligodendrocyte development (GO:0014003),2/16,0.05940572114726701,5.589787612941729,15.782009259641375,EIF2B3;HES5,1.0
GO_Biological_Process_2021,regulation of defense response to virus (GO:0050688),2/16,0.05940572114726701,5.589787612941729,15.782009259641375,IFNLR1;ZMPSTE24,1.0
GO_Biological_Process_2021,resolution of meiotic recombination intermediates (GO:0000712),2/16,0.05940572114726701,5.589787612941729,15.782009259641375,CENPS;CORT,1.0
GO_Biological_Process_2021,regulation of ATP biosynthetic process (GO:2001169),2/16,0.05940572114726701,5.589787612941729,15.782009259641375,ENO1;PINK1,1.0
GO_Biological_Process_2021,dendrite morphogenesis (GO:0048813),3/36,0.06038024100847201,3.5608193924108043,9.995552483930425,CDC42;DVL1;EPHB2,1.0
GO_Biological_Process_2021,regulation of defense response to virus by host (GO:0050691),3/36,0.06038024100847201,3.5608193924108043,9.995552483930425,IFNLR1;MUL1;ZC3H12A,1.0
GO_Biological_Process_2021,aortic valve development (GO:0003176),3/36,0.06038024100847201,3.5608193924108043,9.995552483930425,HEYL;TIE1;TNFRSF1B,1.0
GO_Biological_Process_2021,regulation of cardiac muscle contraction (GO:0055117),3/36,0.06038024100847201,3.5608193924108043,9.995552483930425,RNF207;SLC9A1;ZC3H12A,1.0
GO_Biological_Process_2021,embryonic limb morphogenesis (GO:0030326),3/36,0.06038024100847201,3.5608193924108043,9.995552483930425,ECE1;HDAC1;SKI,1.0
GO_Biological_Process_2021,positive regulation of cell differentiation (GO:0045597),11/258,0.060422983943691055,1.7534172505986718,4.920765128994743,AKIRIN1;CDC42;CTNNBIP1;HEYL;MTOR;NBL1;PDPN;PLA2G5;RPS6KA1;XKR8;ZC3H12A,1.0
GO_Biological_Process_2021,regulation of macroautophagy (GO:0016241),6/112,0.06214652944368641,2.2222136907885854,6.173888084564718,ATP13A2;ATP6V0B;MTOR;PINK1;RRAGC;SESN2,1.0
GO_Biological_Process_2021,ribonucleoprotein complex biogenesis (GO:0022613),4/60,0.06296656621426189,2.80011515235943,7.742742301424645,EBNA1BP2;MRTO4;NOC2L;RPL11,1.0
GO_Biological_Process_2021,positive regulation of signaling receptor activity (GO:2000273),3/37,0.06453625232792237,3.4559118744815938,9.471023815597977,EPHB2;HDAC1;PARK7,1.0
GO_Biological_Process_2021,chromatin organization (GO:0006325),7/142,0.06604429276346299,2.036736493432586,5.534688155977322,ARID1A;HDAC1;HMGN2;HP1BP3;KDM4A;PADI2;RBBP4,1.0
GO_Biological_Process_2021,protein localization to organelle (GO:0033365),7/142,0.06604429276346299,2.036736493432586,5.534688155977322,CROCC;DVL1;ISG15;RPA2;RPL11;UBE2J2;YBX1,1.0
GO_Biological_Process_2021,"regulation of DNA-templated transcription, initiation (GO:2000142)",4/61,0.06611632837108351,2.7508488423888005,7.472239471851592,AGO1;AGO3;AGO4;MED8,1.0
GO_Biological_Process_2021,maturation of 5.8S rRNA (GO:0000460),2/17,0.06624192025241268,5.216867367800521,14.16088274391536,EXOSC10;NOL9,1.0
GO_Biological_Process_2021,acyl-CoA biosynthetic process (GO:0071616),2/17,0.06624192025241268,5.216867367800521,14.16088274391536,PPCS;PPT1,1.0
GO_Biological_Process_2021,regulation of receptor recycling (GO:0001919),2/17,0.06624192025241268,5.216867367800521,14.16088274391536,ECE1;VAMP3,1.0
GO_Biological_Process_2021,ERAD pathway (GO:0036503),5/87,0.06694699308016075,2.391968418048433,6.467533663894931,FBXO2;FBXO44;FBXO6;UBE2J2;UBE4B,1.0
GO_Biological_Process_2021,negative regulation of DNA-binding transcription factor activity (GO:0043433),7/143,0.06802980565597515,2.0216560869906295,5.433826135866025,CTNNBIP1;HEYL;ID3;KDM1A;MAD2L2;PEX14;ZC3H12A,1.0
GO_Biological_Process_2021,negative regulation of innate immune response (GO:0045824),3/38,0.06882036923669446,3.356999071862623,8.984187274465183,ISG15;MUL1;YTHDF2,1.0
GO_Biological_Process_2021,histone exchange (GO:0043486),3/38,0.06882036923669446,3.356999071862623,8.984187274465183,CENPS;DMAP1;RBBP4,1.0
GO_Biological_Process_2021,regulation of neurogenesis (GO:0050767),4/62,0.06934660343634286,2.7032813706930203,7.21407968936111,HES5;HEYL;SPEN;YTHDF2,1.0
GO_Biological_Process_2021,negative regulation of kinase activity (GO:0033673),4/62,0.06934660343634286,2.7032813706930203,7.21407968936111,CAMK2N1;CEP85;DVL1;PARK7,1.0
GO_Biological_Process_2021,negative regulation of binding (GO:0051100),5/88,0.0695968604892412,2.3630278225310186,6.297553792054229,CTNNBIP1;DVL1;KDM1A;PARK7;PEX14,1.0
GO_Biological_Process_2021,collagen fibril organization (GO:0030199),5/89,0.07230390113619853,2.3347762888116383,6.133170585352433,COL16A1;COL8A2;COL9A2;P3H1;PLOD1,1.0
GO_Biological_Process_2021,anterior/posterior pattern specification (GO:0009952),4/63,0.07265668374016951,2.6573263556648943,6.9675359961962275,HES4;HES5;HEYL;SKI,1.0
GO_Biological_Process_2021,protein-containing complex assembly (GO:0065003),11/267,0.07314199913935501,1.6909828395089144,4.422516253555628,COL16A1;HDAC1;HES5;PEF1;PEX14;PPIH;SLC2A1;SLC9A1;TRAPPC3;VAMP3;ZC3H12A,1.0
GO_Biological_Process_2021,regulation of protein targeting to mitochondrion (GO:1903214),3/39,0.07322990395531463,3.263581424944707,8.53149600800995,ATP5IF1;PINK1;UBE2J2,1.0
GO_Biological_Process_2021,neuron maturation (GO:0042551),2/18,0.07332436774710814,4.890562153301965,12.778365411447675,C1QA;EPHA8,1.0
GO_Biological_Process_2021,RNA destabilization (GO:0050779),2/18,0.07332436774710814,4.890562153301965,12.778365411447675,PUM1;YTHDF2,1.0
GO_Biological_Process_2021,pulmonary valve development (GO:0003177),2/18,0.07332436774710814,4.890562153301965,12.778365411447675,HEYL;TNFRSF1B,1.0
GO_Biological_Process_2021,embryonic digit morphogenesis (GO:0042733),2/18,0.07332436774710814,4.890562153301965,12.778365411447675,ECE1;HDAC1,1.0
GO_Biological_Process_2021,carbohydrate derivative transport (GO:1901264),2/18,0.07332436774710814,4.890562153301965,12.778365411447675,CPTP;MFSD2A,1.0
GO_Biological_Process_2021,positive regulation of myoblast differentiation (GO:0045663),2/18,0.07332436774710814,4.890562153301965,12.778365411447675,AKIRIN1;XKR8,1.0
GO_Biological_Process_2021,intracellular estrogen receptor signaling pathway (GO:0030520),2/18,0.07332436774710814,4.890562153301965,12.778365411447675,ARID1A;PADI2,1.0
GO_Biological_Process_2021,G protein-coupled acetylcholine receptor signaling pathway (GO:0007213),2/18,0.07332436774710814,4.890562153301965,12.778365411447675,AGRN;GNB1,1.0
GO_Biological_Process_2021,regulation of protein sumoylation (GO:0033233),2/18,0.07332436774710814,4.890562153301965,12.778365411447675,MUL1;PARK7,1.0
GO_Biological_Process_2021,mitochondrial fission (GO:0000266),2/18,0.07332436774710814,4.890562153301965,12.778365411447675,MTFR1L;MUL1,1.0
GO_Biological_Process_2021,central nervous system development (GO:0007417),11/268,0.07465279286567474,1.6843156110008424,4.370642946738247,C1QA;HES5;HPCAL4;HSPG2;KLHL17;MARCKSL1;MFSD2A;MTF1;PPT1;SLC2A1;SZT2,1.0
GO_Biological_Process_2021,positive regulation of autophagy (GO:0010508),5/90,0.07506786619655116,2.3071894970621254,5.974150407031382,PARK7;PINK1;PLK3;SESN2;ZC3H12A,1.0
GO_Biological_Process_2021,regulation of transcription initiation from RNA polymerase II promoter (GO:0060260),4/64,0.07604580119746125,2.6129031744710387,6.731934619456518,AGO1;AGO3;AGO4;MED8,1.0
GO_Biological_Process_2021,negative regulation of intrinsic apoptotic signaling pathway (GO:2001243),4/64,0.07604580119746125,2.6129031744710387,6.731934619456518,ENO1;NOC2L;PARK7;PINK1,1.0
GO_Biological_Process_2021,diterpenoid metabolic process (GO:0016101),4/64,0.07604580119746125,2.6129031744710387,6.731934619456518,AGRN;DHRS3;HSPG2;SDC3,1.0
GO_Biological_Process_2021,negative regulation of protein kinase B signaling (GO:0051898),3/40,0.07776206622141679,3.1752133805628935,8.109817408638285,EPHA2;MUL1;OTUD3,1.0
GO_Biological_Process_2021,positive regulation of cilium assembly (GO:0045724),2/19,0.08063653494982481,4.602645787567944,11.588557419843832,CROCC;WRAP73,1.0
GO_Biological_Process_2021,cytoplasmic translational initiation (GO:0002183),2/19,0.08063653494982481,4.602645787567944,11.588557419843832,EIF2B3;EIF3I,1.0
GO_Biological_Process_2021,regulation of bicellular tight junction assembly (GO:2000810),2/19,0.08063653494982481,4.602645787567944,11.588557419843832,EPHA2;NPHP4,1.0
GO_Biological_Process_2021,mesenchymal cell development (GO:0014031),2/19,0.08063653494982481,4.602645787567944,11.588557419843832,HEYL;PEF1,1.0
GO_Biological_Process_2021,regulation of cell-cell adhesion mediated by cadherin (GO:2000047),2/19,0.08063653494982481,4.602645787567944,11.588557419843832,MAD2L2;PTPRU,1.0
GO_Biological_Process_2021,regulation of glucose transmembrane transport (GO:0010827),2/19,0.08063653494982481,4.602645787567944,11.588557419843832,C1QTNF12;SLC2A1,1.0
GO_Biological_Process_2021,positive regulation of mitochondrial fission (GO:0090141),2/19,0.08063653494982481,4.602645787567944,11.588557419843832,MUL1;PINK1,1.0
GO_Biological_Process_2021,mitochondrion localization (GO:0051646),2/19,0.08063653494982481,4.602645787567944,11.588557419843832,MFN2;MUL1,1.0
GO_Biological_Process_2021,regulation of RIG-I signaling pathway (GO:0039535),2/19,0.08063653494982481,4.602645787567944,11.588557419843832,GPATCH3;PUM1,1.0
GO_Biological_Process_2021,negative regulation of RNA splicing (GO:0033119),2/19,0.08063653494982481,4.602645787567944,11.588557419843832,SRSF10;SRSF4,1.0
GO_Biological_Process_2021,negative regulation of oxidative stress-induced intrinsic apoptotic signaling pathway (GO:1902176),2/19,0.08063653494982481,4.602645787567944,11.588557419843832,PARK7;PINK1,1.0
GO_Biological_Process_2021,regulation of oligodendrocyte differentiation (GO:0048713),2/19,0.08063653494982481,4.602645787567944,11.588557419843832,HES5;TNFRSF1B,1.0
GO_Biological_Process_2021,establishment of skin barrier (GO:0061436),2/19,0.08063653494982481,4.602645787567944,11.588557419843832,KDF1;STMN1,1.0
GO_Biological_Process_2021,regulation of water loss via skin (GO:0033561),2/19,0.08063653494982481,4.602645787567944,11.588557419843832,KDF1;STMN1,1.0
GO_Biological_Process_2021,nucleobase-containing compound catabolic process (GO:0034655),3/41,0.08241397394133815,3.0914962858853867,7.716375563588127,DFFB;PABPC4;PPP1R8,1.0
GO_Biological_Process_2021,regulation of cell development (GO:0060284),3/41,0.08241397394133815,3.0914962858853867,7.716375563588127,HES5;HEYL;YTHDF2,1.0
GO_Biological_Process_2021,regulation of filopodium assembly (GO:0051489),3/41,0.08241397394133815,3.0914962858853867,7.716375563588127,AGRN;CAPZB;CDC42,1.0
GO_Biological_Process_2021,cytoplasmic translation (GO:0002181),5/93,0.08369833481213881,2.228190957052157,5.52710832146388,EIF2B3;EIF3I;RPL11;RPL22;RPS8,1.0
GO_Biological_Process_2021,cellular respiration (GO:0045333),3/42,0.08718266327993014,3.012072375550316,7.34870292592667,MTFR1L;SDHB;UQCRHL,1.0
GO_Biological_Process_2021,fatty acid transport (GO:0015908),2/20,0.08816256278348908,4.346720129137704,10.556326554392845,FABP3;MFSD2A,1.0
GO_Biological_Process_2021,oligodendrocyte differentiation (GO:0048709),2/20,0.08816256278348908,4.346720129137704,10.556326554392845,EIF2B3;HES5,1.0
GO_Biological_Process_2021,positive regulation of protein localization to nucleus (GO:1900182),4/68,0.09037530254135293,2.449092693818696,5.887090446362913,DMAP1;PARK7;SESN2;ZC3H12A,1.0
GO_Biological_Process_2021,regulation of myeloid cell differentiation (GO:0045637),4/68,0.09037530254135293,2.449092693818696,5.887090446362913,AGO1;AGO3;AGO4;HDAC1,1.0
GO_Biological_Process_2021,DNA synthesis involved in DNA repair (GO:0000731),3/43,0.09206509821225105,2.9366196607319988,7.004599541015904,FAAP20;ISG15;RPA2,1.0
GO_Biological_Process_2021,cellular response to glucose starvation (GO:0042149),3/43,0.09206509821225105,2.9366196607319988,7.004599541015904,SESN2;SZT2;ZC3H12A,1.0
GO_Biological_Process_2021,cellular response to oxidative stress (GO:0034599),6/125,0.09379673034311027,1.9781240041171781,4.681478277743212,ATP13A2;PARK7;PINK1;PRDX1;SESN2;ZC3H12A,1.0
GO_Biological_Process_2021,negative regulation of cell population proliferation (GO:0008285),14/379,0.09554196296491434,1.510175289632224,3.546178098411532,CAMK2N1;CHD5;CTNNBIP1;FABP3;IFNLR1;KDF1;MFN2;P3H1;PDPN;PTPRU;RBBP4;SKI;TP73;ZBTB17,1.0
GO_Biological_Process_2021,regulation of ubiquitin protein ligase activity (GO:1904666),2/21,0.09588723873604421,4.11773401370012,9.65436659095969,MAD2L2;RPL11,1.0
GO_Biological_Process_2021,positive regulation of immune system process (GO:0002684),2/21,0.09588723873604421,4.11773401370012,9.65436659095969,PIK3CD;TNFRSF18,1.0
GO_Biological_Process_2021,regulation of cell-substrate junction assembly (GO:0090109),2/21,0.09588723873604421,4.11773401370012,9.65436659095969,MACF1;SLC9A1,1.0
GO_Biological_Process_2021,negative regulation of small GTPase mediated signal transduction (GO:0051058),2/21,0.09588723873604421,4.11773401370012,9.65436659095969,EPHB2;MFN2,1.0
GO_Biological_Process_2021,focal adhesion assembly (GO:0048041),2/21,0.09588723873604421,4.11773401370012,9.65436659095969,RCC2;TESK2,1.0
GO_Biological_Process_2021,error-prone translesion synthesis (GO:0042276),2/21,0.09588723873604421,4.11773401370012,9.65436659095969,MAD2L2;RPA2,1.0
GO_Biological_Process_2021,acetylcholine receptor signaling pathway (GO:0095500),2/21,0.09588723873604421,4.11773401370012,9.65436659095969,AGRN;GNB1,1.0
GO_Biological_Process_2021,positive regulation of vascular associated smooth muscle cell proliferation (GO:1904707),2/21,0.09588723873604421,4.11773401370012,9.65436659095969,LDLRAP1;MFN2,1.0
GO_Biological_Process_2021,mRNA stabilization (GO:0048255),3/44,0.09705817955991358,2.8648475661487214,6.682098496196398,TARDBP;THRAP3;YBX1,1.0
GO_Biological_Process_2021,positive regulation of mRNA catabolic process (GO:0061014),3/44,0.09705817955991358,2.8648475661487214,6.682098496196398,PUM1;YTHDF2;ZC3H12A,1.0
GO_Biological_Process_2021,cellular response to light stimulus (GO:0071482),4/70,0.09799027323346654,2.3746333844312675,5.516005156088404,CASP9;GNB1;KDM1A;NOC2L,1.0
GO_Biological_Process_2021,negative regulation of neuron death (GO:1901215),5/98,0.09918857412958881,2.107852679259194,4.870683588882871,ATP13A2;PARK7;PINK1;PPT1;TNFRSF1B,1.0
GO_Biological_Process_2021,histone acetylation (GO:0016573),4/71,0.10190657875176018,2.339070729201451,5.341732970555331,CHD5;DMAP1;MEAF6;TAF12,1.0
GO_Biological_Process_2021,cellular response to starvation (GO:0009267),7/158,0.10205356472920289,1.8194188482822768,4.152382237781169,ATP6V0B;MFSD2A;MTOR;RRAGC;SESN2;SZT2;ZC3H12A,1.0
GO_Biological_Process_2021,T cell receptor signaling pathway (GO:0050852),7/158,0.10205356472920289,1.8194188482822768,4.152382237781169,EIF2B3;ERMAP;KHDRBS1;PIK3CD;PSMB2;THEMIS2;ZC3H12A,1.0
GO_Biological_Process_2021,positive regulation of nervous system development (GO:0051962),3/45,0.1021587535340178,2.7964931903551244,6.3794365218672535,CLSTN1;EPHB2;SPEN,1.0
GO_Biological_Process_2021,response to UV (GO:0009411),5/99,0.10244851709141199,2.085321257034129,4.751185272811852,CASP9;KDM1A;NOC2L;SDF4;UBE4B,1.0
GO_Biological_Process_2021,heme biosynthetic process (GO:0006783),2/22,0.10379597455081534,3.911646509806295,8.861162716122283,ATP5IF1;UROD,1.0
GO_Biological_Process_2021,regulation of execution phase of apoptosis (GO:1900117),2/22,0.10379597455081534,3.911646509806295,8.861162716122283,DFFA;ZC3H12A,1.0
GO_Biological_Process_2021,positive regulation of neural precursor cell proliferation (GO:2000179),2/22,0.10379597455081534,3.911646509806295,8.861162716122283,DISP3;KDM1A,1.0
GO_Biological_Process_2021,organelle organization (GO:0006996),15/420,0.10701263793650294,1.4581901196096732,3.2587754405199663,ATAD3A;ATAD3B;ATAD3C;CAPZB;CDC42;PARK7;PEX10;PEX14;PINK1;PLEKHM2;SLC25A33;VPS13D;YTHDF2;ZMYM4;ZMYM6,1.0
GO_Biological_Process_2021,positive regulation of smooth muscle cell proliferation (GO:0048661),3/46,0.10736361980576331,2.7313180878542522,6.095028876885534,HES5;LDLRAP1;MFN2,1.0
GO_Biological_Process_2021,regulation of double-strand break repair via homologous recombination (GO:0010569),3/46,0.10736361980576331,2.7313180878542522,6.095028876885534,KDM1A;MAD2L2;RPA2,1.0
GO_Biological_Process_2021,postreplication repair (GO:0006301),3/46,0.10736361980576331,2.7313180878542522,6.095028876885534,FAAP20;ISG15;RPA2,1.0
GO_Biological_Process_2021,positive regulation of nucleocytoplasmic transport (GO:0046824),3/46,0.10736361980576331,2.7313180878542522,6.095028876885534,DMAP1;KHDRBS1;ZC3H12A,1.0
GO_Biological_Process_2021,ribosome biogenesis (GO:0042254),8/192,0.10963083712679529,1.7069635575643676,3.773476086876862,EBNA1BP2;EXOSC10;MRTO4;NOC2L;NOL9;RPL11;RPL22;UTP11,1.0
GO_Biological_Process_2021,positive regulation of synaptic transmission (GO:0050806),4/73,0.10995100893911768,2.2710378235444106,5.013816499686148,CLSTN1;EPHB2;PRKCZ;RIMS3,1.0
GO_Biological_Process_2021,negative regulation of gene expression (GO:0010629),12/322,0.11104822858812795,1.522210440250844,3.345499918961155,AGO1;AGO3;AGO4;HDAC1;KDM4A;PARK7;PINK1;RBBP4;TARDBP;YBX1;YTHDF2;ZC3H12A,1.0
GO_Biological_Process_2021,regulation of neural precursor cell proliferation (GO:2000177),2/23,0.11187478462470203,3.7251863872356914,8.159555235500564,DISP3;KDM1A,1.0
GO_Biological_Process_2021,negative regulation of reactive oxygen species metabolic process (GO:2000378),2/23,0.11187478462470203,3.7251863872356914,8.159555235500564,PARK7;PINK1,1.0
GO_Biological_Process_2021,negative regulation of signal transduction in absence of ligand (GO:1901099),2/23,0.11187478462470203,3.7251863872356914,8.159555235500564,EYA3;IFI6,1.0
GO_Biological_Process_2021,glucose 6-phosphate metabolic process (GO:0051156),2/23,0.11187478462470203,3.7251863872356914,8.159555235500564,H6PD;PGD,1.0
GO_Biological_Process_2021,nucleotide metabolic process (GO:0009117),2/23,0.11187478462470203,3.7251863872356914,8.159555235500564,NMNAT1;PARK7,1.0
GO_Biological_Process_2021,"DNA catabolic process, endonucleolytic (GO:0000737)",2/23,0.11187478462470203,3.7251863872356914,8.159555235500564,DFFA;DFFB,1.0
GO_Biological_Process_2021,negative regulation of extrinsic apoptotic signaling pathway in absence of ligand (GO:2001240),2/23,0.11187478462470203,3.7251863872356914,8.159555235500564,EYA3;IFI6,1.0
GO_Biological_Process_2021,rRNA metabolic process (GO:0016072),7/162,0.11244680721158215,1.7720996836124518,3.8725251253681217,EBNA1BP2;EXOSC10;MRTO4;NOL9;RPL11;RPL22;UTP11,1.0
GO_Biological_Process_2021,positive regulation of cell growth (GO:0030307),5/102,0.11254262315730562,2.0205143827991474,4.413658608045562,CDC42;MACF1;MFSD2A;RPS6KA1;SLC25A33,1.0
GO_Biological_Process_2021,intrinsic apoptotic signaling pathway (GO:0097193),5/102,0.11254262315730562,2.0205143827991474,4.413658608045562,CASP9;EPHA2;IFI6;TNFRSF1B;TP73,1.0
GO_Biological_Process_2021,regulation of protein localization to nucleus (GO:1900180),3/47,0.11266953912505014,2.669105490012511,5.827447813153326,ATP13A2;PARK7;SESN2,1.0
GO_Biological_Process_2021,purine ribonucleotide biosynthetic process (GO:0009152),3/48,0.11807324050660134,2.609657896519291,5.575404043092076,ACOT7;PANK4;PPCS,1.0
GO_Biological_Process_2021,histone H4 acetylation (GO:0043967),3/48,0.11807324050660134,2.609657896519291,5.575404043092076,CHD5;DMAP1;MEAF6,1.0
GO_Biological_Process_2021,regulation of mitochondrion organization (GO:0010821),3/48,0.11807324050660134,2.609657896519291,5.575404043092076,ATP13A2;MUL1;PINK1,1.0
GO_Biological_Process_2021,positive regulation of endocytosis (GO:0045807),3/48,0.11807324050660134,2.609657896519291,5.575404043092076,CDC42;LDLRAP1;PPT1,1.0
GO_Biological_Process_2021,extracellular exosome biogenesis (GO:0097734),1/5,0.11891560438325303,9.767534879408117,20.798414874254938,ATP13A2,1.0
GO_Biological_Process_2021,deadenylation-independent decapping of nuclear-transcribed mRNA (GO:0031087),1/5,0.11891560438325303,9.767534879408117,20.798414874254938,PNRC2,1.0
GO_Biological_Process_2021,positive regulation of protein monoubiquitination (GO:1902527),1/5,0.11891560438325303,9.767534879408117,20.798414874254938,PEF1,1.0
GO_Biological_Process_2021,negative regulation of cysteine-type endopeptidase activity involved in apoptotic signaling pathway (GO:2001268),1/5,0.11891560438325303,9.767534879408117,20.798414874254938,PARK7,1.0
GO_Biological_Process_2021,positive regulation of protein localization to cilium (GO:1903566),1/5,0.11891560438325303,9.767534879408117,20.798414874254938,CROCC,1.0
GO_Biological_Process_2021,fatty acid derivative catabolic process (GO:1901569),1/5,0.11891560438325303,9.767534879408117,20.798414874254938,OXCT2,1.0
GO_Biological_Process_2021,positive regulation of protein localization to cell cortex (GO:1904778),1/5,0.11891560438325303,9.767534879408117,20.798414874254938,EPB41,1.0
GO_Biological_Process_2021,CRD-mediated mRNA stabilization (GO:0070934),1/5,0.11891560438325303,9.767534879408117,20.798414874254938,YBX1,1.0
GO_Biological_Process_2021,"RNA phosphodiester bond hydrolysis, exonucleolytic (GO:0090503)",1/5,0.11891560438325303,9.767534879408117,20.798414874254938,TOE1,1.0
GO_Biological_Process_2021,protein retention in Golgi apparatus (GO:0045053),1/5,0.11891560438325303,9.767534879408117,20.798414874254938,VPS13D,1.0
GO_Biological_Process_2021,lymph node development (GO:0048535),1/5,0.11891560438325303,9.767534879408117,20.798414874254938,PDPN,1.0
GO_Biological_Process_2021,lipid transport across blood-brain barrier (GO:1990379),1/5,0.11891560438325303,9.767534879408117,20.798414874254938,MFSD2A,1.0
GO_Biological_Process_2021,positive regulation of attachment of spindle microtubules to kinetochore (GO:0051987),1/5,0.11891560438325303,9.767534879408117,20.798414874254938,RCC2,1.0
GO_Biological_Process_2021,leucine catabolic process (GO:0006552),1/5,0.11891560438325303,9.767534879408117,20.798414874254938,HMGCL,1.0
GO_Biological_Process_2021,cellular response to sodium arsenite (GO:1903936),1/5,0.11891560438325303,9.767534879408117,20.798414874254938,ZC3H12A,1.0
GO_Biological_Process_2021,positive regulation of vascular associated smooth muscle cell apoptotic process (GO:1905461),1/5,0.11891560438325303,9.767534879408117,20.798414874254938,MFN2,1.0
GO_Biological_Process_2021,glucuronate catabolic process (GO:0006064),1/5,0.11891560438325303,9.767534879408117,20.798414874254938,AKR1A1,1.0
GO_Biological_Process_2021,glucuronate catabolic process to xylulose 5-phosphate (GO:0019640),1/5,0.11891560438325303,9.767534879408117,20.798414874254938,AKR1A1,1.0
GO_Biological_Process_2021,regulation of protein monoubiquitination (GO:1902525),1/5,0.11891560438325303,9.767534879408117,20.798414874254938,PEF1,1.0
GO_Biological_Process_2021,regulation of miRNA catabolic process (GO:2000625),1/5,0.11891560438325303,9.767534879408117,20.798414874254938,ZC3H12A,1.0
GO_Biological_Process_2021,regulation of microvillus assembly (GO:0032534),1/5,0.11891560438325303,9.767534879408117,20.798414874254938,RAP1GAP,1.0
GO_Biological_Process_2021,negative regulation of macrophage differentiation (GO:0045650),1/5,0.11891560438325303,9.767534879408117,20.798414874254938,C1QC,1.0
GO_Biological_Process_2021,fructose transmembrane transport (GO:0015755),1/5,0.11891560438325303,9.767534879408117,20.798414874254938,SLC2A5,1.0
GO_Biological_Process_2021,regulation of mitophagy (GO:1901524),1/5,0.11891560438325303,9.767534879408117,20.798414874254938,VPS13D,1.0
GO_Biological_Process_2021,regulation of cyclase activity (GO:0031279),1/5,0.11891560438325303,9.767534879408117,20.798414874254938,CAP1,1.0
GO_Biological_Process_2021,negative regulation of adaptive immune response (GO:0002820),1/5,0.11891560438325303,9.767534879408117,20.798414874254938,TNFRSF14,1.0
GO_Biological_Process_2021,determination of dorsal/ventral asymmetry (GO:0048262),1/5,0.11891560438325303,9.767534879408117,20.798414874254938,NBL1,1.0
GO_Biological_Process_2021,negative regulation of cardiac muscle cell proliferation (GO:0060044),1/5,0.11891560438325303,9.767534879408117,20.798414874254938,TP73,1.0
GO_Biological_Process_2021,positive regulation of the force of heart contraction (GO:0098735),1/5,0.11891560438325303,9.767534879408117,20.798414874254938,SLC9A1,1.0
GO_Biological_Process_2021,glucose import across plasma membrane (GO:0098708),1/5,0.11891560438325303,9.767534879408117,20.798414874254938,SLC2A1,1.0
GO_Biological_Process_2021,negative regulation of skeletal muscle cell differentiation (GO:2001015),1/5,0.11891560438325303,9.767534879408117,20.798414874254938,AKIRIN1,1.0
GO_Biological_Process_2021,negative regulation of RNA polymerase II regulatory region sequence-specific DNA binding (GO:1903026),1/5,0.11891560438325303,9.767534879408117,20.798414874254938,ZNF593,1.0
GO_Biological_Process_2021,cerebral cortex neuron differentiation (GO:0021895),1/5,0.11891560438325303,9.767534879408117,20.798414874254938,CHD5,1.0
GO_Biological_Process_2021,chromatin maintenance (GO:0070827),1/5,0.11891560438325303,9.767534879408117,20.798414874254938,MTHFR,1.0
GO_Biological_Process_2021,dephosphorylation of RNA polymerase II C-terminal domain (GO:0070940),1/5,0.11891560438325303,9.767534879408117,20.798414874254938,SSU72,1.0
GO_Biological_Process_2021,disaccharide biosynthetic process (GO:0046351),1/5,0.11891560438325303,9.767534879408117,20.798414874254938,SLC2A1,1.0
GO_Biological_Process_2021,positive regulation of protein localization to synapse (GO:1902474),1/5,0.11891560438325303,9.767534879408117,20.798414874254938,DVL1,1.0
GO_Biological_Process_2021,regulation of guanyl-nucleotide exchange factor activity (GO:1905097),1/5,0.11891560438325303,9.767534879408117,20.798414874254938,STMN1,1.0
GO_Biological_Process_2021,mammary gland duct morphogenesis (GO:0060603),1/5,0.11891560438325303,9.767534879408117,20.798414874254938,EPHA2,1.0
GO_Biological_Process_2021,negative regulation of protein acetylation (GO:1901984),1/5,0.11891560438325303,9.767534879408117,20.798414874254938,PARK7,1.0
GO_Biological_Process_2021,positive regulation of RNA export from nucleus (GO:0046833),1/5,0.11891560438325303,9.767534879408117,20.798414874254938,KHDRBS1,1.0
GO_Biological_Process_2021,response to sodium arsenite (GO:1903935),1/5,0.11891560438325303,9.767534879408117,20.798414874254938,ZC3H12A,1.0
GO_Biological_Process_2021,regulation of circadian sleep/wake cycle (GO:0042749),1/5,0.11891560438325303,9.767534879408117,20.798414874254938,PER3,1.0
GO_Biological_Process_2021,protein citrullination (GO:0018101),1/5,0.11891560438325303,9.767534879408117,20.798414874254938,PADI2,1.0
GO_Biological_Process_2021,regulation of lyase activity (GO:0051339),1/5,0.11891560438325303,9.767534879408117,20.798414874254938,CAP1,1.0
GO_Biological_Process_2021,neutral lipid catabolic process (GO:0046461),1/5,0.11891560438325303,9.767534879408117,20.798414874254938,LYPLA2,1.0
GO_Biological_Process_2021,positive regulation of membrane permeability (GO:1905710),1/5,0.11891560438325303,9.767534879408117,20.798414874254938,LAPTM5,1.0
GO_Biological_Process_2021,regulation of systemic arterial blood pressure by endothelin (GO:0003100),1/5,0.11891560438325303,9.767534879408117,20.798414874254938,ECE1,1.0
GO_Biological_Process_2021,histone citrullination (GO:0036414),1/5,0.11891560438325303,9.767534879408117,20.798414874254938,PADI2,1.0
GO_Biological_Process_2021,positive regulation of mast cell activation involved in immune response (GO:0033008),1/5,0.11891560438325303,9.767534879408117,20.798414874254938,FGR,1.0
GO_Biological_Process_2021,regulation of receptor catabolic process (GO:2000644),1/5,0.11891560438325303,9.767534879408117,20.798414874254938,LAPTM5,1.0
GO_Biological_Process_2021,apoptotic chromosome condensation (GO:0030263),1/5,0.11891560438325303,9.767534879408117,20.798414874254938,DFFB,1.0
GO_Biological_Process_2021,positive regulation of non-motile cilium assembly (GO:1902857),1/5,0.11891560438325303,9.767534879408117,20.798414874254938,WRAP73,1.0
GO_Biological_Process_2021,xylulose 5-phosphate biosynthetic process (GO:1901159),1/5,0.11891560438325303,9.767534879408117,20.798414874254938,AKR1A1,1.0
GO_Biological_Process_2021,positive regulation of nucleobase-containing compound transport (GO:0032241),1/5,0.11891560438325303,9.767534879408117,20.798414874254938,KHDRBS1,1.0
GO_Biological_Process_2021,nuclear retention of pre-mRNA at the site of transcription (GO:0071033),1/5,0.11891560438325303,9.767534879408117,20.798414874254938,EXOSC10,1.0
GO_Biological_Process_2021,pyrimidine nucleobase biosynthetic process (GO:0019856),1/5,0.11891560438325303,9.767534879408117,20.798414874254938,CTPS1,1.0
GO_Biological_Process_2021,positive regulation of histone ubiquitination (GO:0033184),1/5,0.11891560438325303,9.767534879408117,20.798414874254938,KDM1A,1.0
GO_Biological_Process_2021,menaquinone metabolic process (GO:0009233),1/5,0.11891560438325303,9.767534879408117,20.798414874254938,UBIAD1,1.0
GO_Biological_Process_2021,response to fructose (GO:0009750),1/5,0.11891560438325303,9.767534879408117,20.798414874254938,SLC2A5,1.0
GO_Biological_Process_2021,negative regulation of stress fiber assembly (GO:0051497),2/24,0.12011026509285985,3.5556771848987787,7.535706956182998,STMN1;WASF2,1.0
GO_Biological_Process_2021,long-chain fatty-acyl-CoA metabolic process (GO:0035336),2/24,0.12011026509285985,3.5556771848987787,7.535706956182998,ACOT7;ELOVL1,1.0
GO_Biological_Process_2021,DNA packaging (GO:0006323),2/24,0.12011026509285985,3.5556771848987787,7.535706956182998,NOC2L;RBBP4,1.0
GO_Biological_Process_2021,negative regulation of neuron differentiation (GO:0045665),2/24,0.12011026509285985,3.5556771848987787,7.535706956182998,DISP3;HES5,1.0
GO_Biological_Process_2021,protein kinase B signaling (GO:0043491),2/24,0.12011026509285985,3.5556771848987787,7.535706956182998,EPHA2;PLK3,1.0
GO_Biological_Process_2021,neuromuscular junction development (GO:0007528),2/24,0.12011026509285985,3.5556771848987787,7.535706956182998,AGRN;DVL1,1.0
GO_Biological_Process_2021,apoptotic nuclear changes (GO:0030262),2/24,0.12011026509285985,3.5556771848987787,7.535706956182998,DFFA;DFFB,1.0
GO_Biological_Process_2021,porphyrin-containing compound biosynthetic process (GO:0006779),2/24,0.12011026509285985,3.5556771848987787,7.535706956182998,ATP5IF1;UROD,1.0
GO_Biological_Process_2021,cellular response to catecholamine stimulus (GO:0071870),2/24,0.12011026509285985,3.5556771848987787,7.535706956182998,GNB1;SLC9A1,1.0
GO_Biological_Process_2021,positive regulation of growth (GO:0045927),4/76,0.12252860800580537,2.1760752260647918,4.568475703958319,CDC42;MFSD2A;RPS6KA1;SLC25A33,1.0
GO_Biological_Process_2021,regulation of cellular localization (GO:0060341),3/49,0.12357142800240406,2.552794981004038,5.337730736754505,DVL1;KDM1A;PINK1,1.0
GO_Biological_Process_2021,regulation of cell cycle (GO:0051726),11/296,0.12496353905988127,1.5166289655767764,3.1541837206095904,CAMK2N1;CDK11A;CDK11B;MFN2;PHACTR4;PUM1;RBBP4;TARDBP;TP73;TRNP1;ZBTB17,1.0
GO_Biological_Process_2021,regulation of autophagy (GO:0010506),9/231,0.12648424846315917,1.591732230200863,3.2911252437822593,ATP13A2;ATP6V0B;CPTP;EIF4G3;KDM4A;MTOR;PINK1;RRAGC;ZC3H12A,1.0
GO_Biological_Process_2021,divalent inorganic cation homeostasis (GO:0072507),2/25,0.12848957357915344,3.400907913199858,6.978348513082248,ATP13A2;SELENON,1.0
GO_Biological_Process_2021,response to hexose (GO:0009746),2/25,0.12848957357915344,3.400907913199858,6.978348513082248,EIF2B3;SLC2A5,1.0
GO_Biological_Process_2021,regulation of proteolysis involved in cellular protein catabolic process (GO:1903050),2/25,0.12848957357915344,3.400907913199858,6.978348513082248,ATP5IF1;PINK1,1.0
GO_Biological_Process_2021,regulation of epidermal cell differentiation (GO:0045604),2/25,0.12848957357915344,3.400907913199858,6.978348513082248,ERRFI1;KDF1,1.0
GO_Biological_Process_2021,regulation of mitochondrial fission (GO:0090140),2/25,0.12848957357915344,3.400907913199858,6.978348513082248,MUL1;PINK1,1.0
GO_Biological_Process_2021,ribosomal large subunit assembly (GO:0000027),2/25,0.12848957357915344,3.400907913199858,6.978348513082248,MRPL20;RPL11,1.0
GO_Biological_Process_2021,peroxisome organization (GO:0007031),2/25,0.12848957357915344,3.400907913199858,6.978348513082248,PEX10;PEX14,1.0
GO_Biological_Process_2021,peripheral nervous system development (GO:0007422),2/25,0.12848957357915344,3.400907913199858,6.978348513082248,ADGRB2;ARTN,1.0
GO_Biological_Process_2021,positive regulation of lipid metabolic process (GO:0045834),2/25,0.12848957357915344,3.400907913199858,6.978348513082248,DISP3;MTOR,1.0
GO_Biological_Process_2021,DNA repair (GO:0006281),11/298,0.1291426372113911,1.5059033638162027,3.0823398840167107,CENPS;EXO5;EYA3;FAAP20;FBXO6;KDM4A;MAD2L2;MUTYH;PARK7;RPA2;TP73,1.0
GO_Biological_Process_2021,regulation of complement activation (GO:0030449),3/50,0.12916078707854922,2.4983517640213484,5.113369658184688,C1QA;C1QB;C1QC,1.0
GO_Biological_Process_2021,regulation of substrate adhesion-dependent cell spreading (GO:1900024),3/51,0.13483799061385887,2.4461770144129376,4.9013591175947475,CDC42;PDPN;RCC2,1.0
GO_Biological_Process_2021,negative regulation of protein ubiquitination (GO:0031397),3/51,0.13483799061385887,2.4461770144129376,4.9013591175947475,ISG15;PARK7;SVBP,1.0
GO_Biological_Process_2021,regulation of intracellular signal transduction (GO:1902531),15/437,0.13533220927086484,1.3982019555850285,2.7964356698779755,ARHGEF16;CDC42;HDAC1;INPP5B;MEAF6;MTOR;NOC2L;PLEKHG5;PLK3;RBBP4;RPA2;RPL11;RRAGC;TAF12;TP73,1.0
GO_Biological_Process_2021,regulation of neuron differentiation (GO:0045664),4/79,0.13568782792959685,2.0887096363835425,4.171985316159845,DISP3;HES5;HEYL;NBL1,1.0
GO_Biological_Process_2021,negative regulation of macroautophagy (GO:0016242),2/26,0.137000409592271,3.2590360808091816,6.4782185938302375,MTOR;PINK1,1.0
GO_Biological_Process_2021,regulation of viral life cycle (GO:1903900),2/26,0.137000409592271,3.2590360808091816,6.4782185938302375,KPNA6;TRIM62,1.0
GO_Biological_Process_2021,regulation of myelination (GO:0031641),2/26,0.137000409592271,3.2590360808091816,6.4782185938302375,HES5;TNFRSF1B,1.0
GO_Biological_Process_2021,organelle fission (GO:0048285),2/26,0.137000409592271,3.2590360808091816,6.4782185938302375,MTFR1L;MUL1,1.0
GO_Biological_Process_2021,snRNA processing (GO:0016180),2/26,0.137000409592271,3.2590360808091816,6.4782185938302375,INTS11;TOE1,1.0
GO_Biological_Process_2021,TOR signaling (GO:0031929),2/26,0.137000409592271,3.2590360808091816,6.4782185938302375,MTOR;PINK1,1.0
GO_Biological_Process_2021,positive regulation of filopodium assembly (GO:0051491),2/26,0.137000409592271,3.2590360808091816,6.4782185938302375,AGRN;CDC42,1.0
GO_Biological_Process_2021,histone lysine demethylation (GO:0070076),2/26,0.137000409592271,3.2590360808091816,6.4782185938302375,KDM1A;KDM4A,1.0
GO_Biological_Process_2021,negative regulation of interleukin-1 beta production (GO:0032691),2/26,0.137000409592271,3.2590360808091816,6.4782185938302375,CPTP;ZC3H12A,1.0
GO_Biological_Process_2021,axon guidance (GO:0007411),8/203,0.13761651625657978,1.6097560656762109,3.192603979778179,ARTN;EPHA10;EPHA2;EPHA8;EPHB2;LYPLA2;PIK3CD;RAP1GAP,1.0
GO_Biological_Process_2021,neuron projection development (GO:0031175),7/171,0.13776869035972122,1.674071109243103,3.318308860012376,CDC42;EPHA8;EPHB2;NBL1;NCDN;STMN1;SVBP,1.0
GO_Biological_Process_2021,modulation of chemical synaptic transmission (GO:0050804),5/109,0.13784861787884545,1.8838383467522946,3.73301250025321,CLSTN1;DLGAP3;GRIK3;RIMS3;TPRG1L,1.0
GO_Biological_Process_2021,regulation of organelle organization (GO:0033043),4/80,0.14019705392940107,2.06112050279999,4.04949647389667,ATP13A2;CLIC4;MUL1;PINK1,1.0
GO_Biological_Process_2021,regulation of protein localization to plasma membrane (GO:1903076),4/80,0.14019705392940107,2.06112050279999,4.04949647389667,ARHGEF16;EPHA2;EPHB2;LDLRAP1,1.0
GO_Biological_Process_2021,positive regulation of protein localization to plasma membrane (GO:1903078),3/52,0.14059970453702708,2.3961318464211967,4.700823470291283,ARHGEF16;EPHA2;EPHB2,1.0
GO_Biological_Process_2021,negative regulation of cellular biosynthetic process (GO:0031327),3/52,0.14059970453702708,2.3961318464211967,4.700823470291283,C1QTNF12;WDTC1;ZC3H12A,1.0
GO_Biological_Process_2021,medium-chain fatty acid biosynthetic process (GO:0051792),1/6,0.14094822242818292,7.81362710193132,15.309729283218111,ACOT7,1.0
GO_Biological_Process_2021,tRNA surveillance (GO:0106354),1/6,0.14094822242818292,7.81362710193132,15.309729283218111,EXOSC10,1.0
GO_Biological_Process_2021,regulation of cell cycle checkpoint (GO:1901976),1/6,0.14094822242818292,7.81362710193132,15.309729283218111,RPA2,1.0
GO_Biological_Process_2021,regulation of pro-B cell differentiation (GO:2000973),1/6,0.14094822242818292,7.81362710193132,15.309729283218111,HES5,1.0
GO_Biological_Process_2021,negative regulation of chemokine-mediated signaling pathway (GO:0070100),1/6,0.14094822242818292,7.81362710193132,15.309729283218111,PADI2,1.0
GO_Biological_Process_2021,tRNA pseudouridine synthesis (GO:0031119),1/6,0.14094822242818292,7.81362710193132,15.309729283218111,PUSL1,1.0
GO_Biological_Process_2021,nucleotide transport (GO:0006862),1/6,0.14094822242818292,7.81362710193132,15.309729283218111,SLC25A33,1.0
GO_Biological_Process_2021,response to manganese ion (GO:0010042),1/6,0.14094822242818292,7.81362710193132,15.309729283218111,ATP13A2,1.0
GO_Biological_Process_2021,regulation of non-motile cilium assembly (GO:1902855),1/6,0.14094822242818292,7.81362710193132,15.309729283218111,WRAP73,1.0
GO_Biological_Process_2021,ear development (GO:0043583),1/6,0.14094822242818292,7.81362710193132,15.309729283218111,ECE1,1.0
GO_Biological_Process_2021,negative regulation of histone H3-K9 methylation (GO:0051573),1/6,0.14094822242818292,7.81362710193132,15.309729283218111,KDM1A,1.0
GO_Biological_Process_2021,ISG15-protein conjugation (GO:0032020),1/6,0.14094822242818292,7.81362710193132,15.309729283218111,ISG15,1.0
GO_Biological_Process_2021,neuroblast proliferation (GO:0007405),1/6,0.14094822242818292,7.81362710193132,15.309729283218111,ARTN,1.0
GO_Biological_Process_2021,negative regulation of glial cell proliferation (GO:0060253),1/6,0.14094822242818292,7.81362710193132,15.309729283218111,SKI,1.0
GO_Biological_Process_2021,mRNA 3'-splice site recognition (GO:0000389),1/6,0.14094822242818292,7.81362710193132,15.309729283218111,SF3A3,1.0
GO_Biological_Process_2021,neutrophil extravasation (GO:0072672),1/6,0.14094822242818292,7.81362710193132,15.309729283218111,PIK3CD,1.0
GO_Biological_Process_2021,glycosyl compound catabolic process (GO:1901658),1/6,0.14094822242818292,7.81362710193132,15.309729283218111,FUCA1,1.0
GO_Biological_Process_2021,peptidyl-diphthamide biosynthetic process from peptidyl-histidine (GO:0017183),1/6,0.14094822242818292,7.81362710193132,15.309729283218111,DPH2,1.0
GO_Biological_Process_2021,positive regulation of T-helper 2 cell differentiation (GO:0045630),1/6,0.14094822242818292,7.81362710193132,15.309729283218111,PRKCZ,1.0
GO_Biological_Process_2021,negative regulation of monocyte chemotaxis (GO:0090027),1/6,0.14094822242818292,7.81362710193132,15.309729283218111,NBL1,1.0
GO_Biological_Process_2021,negative regulation of cardiac muscle tissue growth (GO:0055022),1/6,0.14094822242818292,7.81362710193132,15.309729283218111,TP73,1.0
GO_Biological_Process_2021,negative regulation of cellular response to hypoxia (GO:1900038),1/6,0.14094822242818292,7.81362710193132,15.309729283218111,ENO1,1.0
GO_Biological_Process_2021,photoreceptor cell outer segment organization (GO:0035845),1/6,0.14094822242818292,7.81362710193132,15.309729283218111,MFSD2A,1.0
GO_Biological_Process_2021,positive regulation of lipoprotein particle clearance (GO:0010986),1/6,0.14094822242818292,7.81362710193132,15.309729283218111,LDLRAP1,1.0
GO_Biological_Process_2021,glycoside metabolic process (GO:0016137),1/6,0.14094822242818292,7.81362710193132,15.309729283218111,FUCA1,1.0
GO_Biological_Process_2021,regulation of membrane tubulation (GO:1903525),1/6,0.14094822242818292,7.81362710193132,15.309729283218111,PLEKHM2,1.0
GO_Biological_Process_2021,positive regulation of cholesterol metabolic process (GO:0090205),1/6,0.14094822242818292,7.81362710193132,15.309729283218111,LDLRAP1,1.0
GO_Biological_Process_2021,glycolipid transport (GO:0046836),1/6,0.14094822242818292,7.81362710193132,15.309729283218111,CPTP,1.0
GO_Biological_Process_2021,peptidyl-diphthamide metabolic process (GO:0017182),1/6,0.14094822242818292,7.81362710193132,15.309729283218111,DPH2,1.0
GO_Biological_Process_2021,cellular response to salt (GO:1902075),1/6,0.14094822242818292,7.81362710193132,15.309729283218111,ZC3H12A,1.0
GO_Biological_Process_2021,response to catecholamine (GO:0071869),1/6,0.14094822242818292,7.81362710193132,15.309729283218111,GNB1,1.0
GO_Biological_Process_2021,galactose catabolic process (GO:0019388),1/6,0.14094822242818292,7.81362710193132,15.309729283218111,GALE,1.0
GO_Biological_Process_2021,negative regulation of astrocyte differentiation (GO:0048712),1/6,0.14094822242818292,7.81362710193132,15.309729283218111,HES5,1.0
GO_Biological_Process_2021,positive regulation of plasminogen activation (GO:0010756),1/6,0.14094822242818292,7.81362710193132,15.309729283218111,ENO1,1.0
GO_Biological_Process_2021,regulation of protein localization to cilium (GO:1903564),1/6,0.14094822242818292,7.81362710193132,15.309729283218111,CROCC,1.0
GO_Biological_Process_2021,B cell chemotaxis (GO:0035754),1/6,0.14094822242818292,7.81362710193132,15.309729283218111,PIK3CD,1.0
GO_Biological_Process_2021,TORC2 signaling (GO:0038203),1/6,0.14094822242818292,7.81362710193132,15.309729283218111,PINK1,1.0
GO_Biological_Process_2021,nuclear polyadenylation-dependent rRNA catabolic process (GO:0071035),1/6,0.14094822242818292,7.81362710193132,15.309729283218111,EXOSC10,1.0
GO_Biological_Process_2021,positive regulation of hemoglobin biosynthetic process (GO:0046985),1/6,0.14094822242818292,7.81362710193132,15.309729283218111,SLC6A9,1.0
GO_Biological_Process_2021,nuclear polyadenylation-dependent tRNA catabolic process (GO:0071038),1/6,0.14094822242818292,7.81362710193132,15.309729283218111,EXOSC10,1.0
GO_Biological_Process_2021,protein K27-linked ubiquitination (GO:0044314),1/6,0.14094822242818292,7.81362710193132,15.309729283218111,TRIM62,1.0
GO_Biological_Process_2021,protein localization to ciliary transition zone (GO:1904491),1/6,0.14094822242818292,7.81362710193132,15.309729283218111,NPHP4,1.0
GO_Biological_Process_2021,activation of cysteine-type endopeptidase activity involved in apoptotic process by cytochrome c (GO:0008635),1/6,0.14094822242818292,7.81362710193132,15.309729283218111,CASP9,1.0
GO_Biological_Process_2021,regulation of macromolecule biosynthetic process (GO:0010556),1/6,0.14094822242818292,7.81362710193132,15.309729283218111,TNFRSF1B,1.0
GO_Biological_Process_2021,vacuole organization (GO:0007033),1/6,0.14094822242818292,7.81362710193132,15.309729283218111,ATP13A2,1.0
GO_Biological_Process_2021,nuclear polyadenylation-dependent ncRNA catabolic process (GO:0071046),1/6,0.14094822242818292,7.81362710193132,15.309729283218111,EXOSC10,1.0
GO_Biological_Process_2021,regulation of digestive system process (GO:0044058),1/6,0.14094822242818292,7.81362710193132,15.309729283218111,EPB41,1.0
GO_Biological_Process_2021,histone H4-K12 acetylation (GO:0043983),1/6,0.14094822242818292,7.81362710193132,15.309729283218111,MEAF6,1.0
GO_Biological_Process_2021,regulation of protein kinase activity (GO:0045859),5/110,0.1416540065756022,1.8658008290699208,3.6464610019684955,CAMK2N1;CEP85;DVL1;FGR;PARK7,1.0
GO_Biological_Process_2021,rRNA processing (GO:0006364),7/173,0.14374595323270783,1.653730508135675,3.207753884903597,EBNA1BP2;EXOSC10;MRTO4;NOL9;RPL11;RPL22;UTP11,1.0
GO_Biological_Process_2021,nucleobase-containing small molecule interconversion (GO:0015949),2/27,0.14563099554797024,3.128513995009759,6.027643105030706,AK2;CTPS1,1.0
GO_Biological_Process_2021,dendritic spine organization (GO:0097061),2/27,0.14563099554797024,3.128513995009759,6.027643105030706,CDC42;EPHB2,1.0
GO_Biological_Process_2021,negative regulation of cation channel activity (GO:2001258),2/27,0.14563099554797024,3.128513995009759,6.027643105030706,EPHB2;SLC6A9,1.0
GO_Biological_Process_2021,protein peptidyl-prolyl isomerization (GO:0000413),2/27,0.14563099554797024,3.128513995009759,6.027643105030706,PPIE;PPIH,1.0
GO_Biological_Process_2021,calcium-ion regulated exocytosis (GO:0017156),2/27,0.14563099554797024,3.128513995009759,6.027643105030706,RIMS3;SDF4,1.0
GO_Biological_Process_2021,negative regulation of actin filament bundle assembly (GO:0032232),2/27,0.14563099554797024,3.128513995009759,6.027643105030706,STMN1;WASF2,1.0
GO_Biological_Process_2021,peroxisomal membrane transport (GO:0015919),2/27,0.14563099554797024,3.128513995009759,6.027643105030706,PEX10;PEX14,1.0
GO_Biological_Process_2021,negative regulation of plasma membrane bounded cell projection assembly (GO:0120033),2/27,0.14563099554797024,3.128513995009759,6.027643105030706,CAPZB;RAP1GAP,1.0
GO_Biological_Process_2021,regulation of transcription regulatory region DNA binding (GO:2000677),2/27,0.14563099554797024,3.128513995009759,6.027643105030706,MAD2L2;PARK7,1.0
GO_Biological_Process_2021,camera-type eye development (GO:0043010),2/27,0.14563099554797024,3.128513995009759,6.027643105030706,HES5;SKI,1.0
GO_Biological_Process_2021,Ras protein signal transduction (GO:0007265),6/142,0.1458586956369574,1.7293402850097823,3.329182319260652,CNKSR1;GNB1;PARK7;PDPN;PHACTR4;PLEKHG5,1.0
GO_Biological_Process_2021,epidermal cell differentiation (GO:0009913),3/53,0.14644259311835517,2.348088485149125,4.510963937625884,CLIC4;EPHA2;HDAC1,1.0
GO_Biological_Process_2021,positive regulation of macroautophagy (GO:0016239),3/53,0.14644259311835517,2.348088485149125,4.510963937625884,PINK1;SESN2;VPS13D,1.0
GO_Biological_Process_2021,regulation of immune effector process (GO:0002697),3/53,0.14644259311835517,2.348088485149125,4.510963937625884,C1QA;C1QB;C1QC,1.0
GO_Biological_Process_2021,protein-containing complex subunit organization (GO:0043933),5/112,0.14939995925969649,1.830737243294839,3.4804663446028328,HES5;PEX14;PPIH;SLC2A1;VAMP3,1.0
GO_Biological_Process_2021,regulation of humoral immune response (GO:0002920),3/54,0.1523633239315413,2.301929177260272,4.331050561566961,C1QA;C1QB;C1QC,1.0
GO_Biological_Process_2021,amide transport (GO:0042886),2/28,0.15437005839850224,3.008032069656446,5.620214887147733,CPTP;PDPN,1.0
GO_Biological_Process_2021,receptor clustering (GO:0043113),2/28,0.15437005839850224,3.008032069656446,5.620214887147733,AGRN;DVL1,1.0
GO_Biological_Process_2021,positive regulation of cell communication (GO:0010647),2/28,0.15437005839850224,3.008032069656446,5.620214887147733,CLSTN1;RIMS3,1.0
GO_Biological_Process_2021,histone mRNA metabolic process (GO:0008334),2/28,0.15437005839850224,3.008032069656446,5.620214887147733,EXOSC10;LSM10,1.0
GO_Biological_Process_2021,regulation of extrinsic apoptotic signaling pathway in absence of ligand (GO:2001239),2/28,0.15437005839850224,3.008032069656446,5.620214887147733,EYA3;IFI6,1.0
GO_Biological_Process_2021,keratan sulfate biosynthetic process (GO:0018146),2/28,0.15437005839850224,3.008032069656446,5.620214887147733,B4GALT2;ST3GAL3,1.0
GO_Biological_Process_2021,positive regulation of phosphatidylinositol 3-kinase activity (GO:0043552),2/28,0.15437005839850224,3.008032069656446,5.620214887147733,EPHA8;FGR,1.0
GO_Biological_Process_2021,positive regulation of protein import into nucleus (GO:0042307),2/28,0.15437005839850224,3.008032069656446,5.620214887147733,DMAP1;ZC3H12A,1.0
GO_Biological_Process_2021,regulation of calcineurin-NFAT signaling cascade (GO:0070884),2/28,0.15437005839850224,3.008032069656446,5.620214887147733,CAMTA1;SLC9A1,1.0
GO_Biological_Process_2021,macromolecule catabolic process (GO:0009057),2/28,0.15437005839850224,3.008032069656446,5.620214887147733,MTOR;PPT1,1.0
GO_Biological_Process_2021,RNA phosphodiester bond hydrolysis (GO:0090501),2/28,0.15437005839850224,3.008032069656446,5.620214887147733,TOE1;ZC3H12A,1.0
GO_Biological_Process_2021,regulation of immunoglobulin production (GO:0002637),2/28,0.15437005839850224,3.008032069656446,5.620214887147733,EPHB2;VAMP3,1.0
GO_Biological_Process_2021,regulation of B cell activation (GO:0050864),2/28,0.15437005839850224,3.008032069656446,5.620214887147733,LAPTM5;THEMIS2,1.0
GO_Biological_Process_2021,negative regulation of oxidative stress-induced cell death (GO:1903202),2/28,0.15437005839850224,3.008032069656446,5.620214887147733,PARK7;PINK1,1.0
GO_Biological_Process_2021,regulation of reactive oxygen species biosynthetic process (GO:1903426),2/28,0.15437005839850224,3.008032069656446,5.620214887147733,PARK7;SLC25A33,1.0
GO_Biological_Process_2021,regulation of protein transport (GO:0051223),2/28,0.15437005839850224,3.008032069656446,5.620214887147733,ATP13A2;P3H1,1.0
GO_Biological_Process_2021,histone modification (GO:0016570),5/114,0.15732080668090037,1.796960394612421,3.3234211133020275,EYA3;HDAC1;KDM4A;PADI2;PARK7,1.0
GO_Biological_Process_2021,positive regulation of kinase activity (GO:0033674),5/114,0.15732080668090037,1.796960394612421,3.3234211133020275,EPHA10;EPHA2;EPHA8;EPHB2;TIE1,1.0
GO_Biological_Process_2021,negative regulation of cysteine-type endopeptidase activity involved in apoptotic process (GO:0043154),3/55,0.15835857250039415,2.2575452273671446,4.160415134368651,IFI6;PARK7;RPS6KA1,1.0
GO_Biological_Process_2021,"fatty acid elongation, saturated fatty acid (GO:0019367)",1/7,0.16243096168925666,6.511021916946788,11.833796779600588,ELOVL1,1.0
GO_Biological_Process_2021,positive regulation of phospholipid biosynthetic process (GO:0071073),1/7,0.16243096168925666,6.511021916946788,11.833796779600588,FABP3,1.0
GO_Biological_Process_2021,Golgi disassembly (GO:0090166),1/7,0.16243096168925666,6.511021916946788,11.833796779600588,PLK3,1.0
GO_Biological_Process_2021,positive regulation of miRNA metabolic process (GO:2000630),1/7,0.16243096168925666,6.511021916946788,11.833796779600588,ZC3H12A,1.0
GO_Biological_Process_2021,"fatty acid elongation, unsaturated fatty acid (GO:0019368)",1/7,0.16243096168925666,6.511021916946788,11.833796779600588,ELOVL1,1.0
GO_Biological_Process_2021,regulation of vascular associated smooth muscle cell apoptotic process (GO:1905459),1/7,0.16243096168925666,6.511021916946788,11.833796779600588,MFN2,1.0
GO_Biological_Process_2021,histone H3-K14 acetylation (GO:0044154),1/7,0.16243096168925666,6.511021916946788,11.833796779600588,MEAF6,1.0
GO_Biological_Process_2021,hexose catabolic process (GO:0019320),1/7,0.16243096168925666,6.511021916946788,11.833796779600588,GALE,1.0
GO_Biological_Process_2021,regulation of oxidative stress-induced neuron intrinsic apoptotic signaling pathway (GO:1903376),1/7,0.16243096168925666,6.511021916946788,11.833796779600588,PARK7,1.0
GO_Biological_Process_2021,intermembrane lipid transfer (GO:0120009),1/7,0.16243096168925666,6.511021916946788,11.833796779600588,CPTP,1.0
GO_Biological_Process_2021,positive regulation of oxidative stress-induced cell death (GO:1903209),1/7,0.16243096168925666,6.511021916946788,11.833796779600588,SFPQ,1.0
GO_Biological_Process_2021,"fatty acid elongation, polyunsaturated fatty acid (GO:0034626)",1/7,0.16243096168925666,6.511021916946788,11.833796779600588,ELOVL1,1.0
GO_Biological_Process_2021,polyamine biosynthetic process (GO:0006596),1/7,0.16243096168925666,6.511021916946788,11.833796779600588,SRM,1.0
GO_Biological_Process_2021,leucine metabolic process (GO:0006551),1/7,0.16243096168925666,6.511021916946788,11.833796779600588,HMGCL,1.0
GO_Biological_Process_2021,"fatty acid elongation, monounsaturated fatty acid (GO:0034625)",1/7,0.16243096168925666,6.511021916946788,11.833796779600588,ELOVL1,1.0
GO_Biological_Process_2021,polyadenylation-dependent snoRNA 3'-end processing (GO:0071051),1/7,0.16243096168925666,6.511021916946788,11.833796779600588,EXOSC10,1.0
GO_Biological_Process_2021,regulation of extracellular matrix assembly (GO:1901201),1/7,0.16243096168925666,6.511021916946788,11.833796779600588,TIE1,1.0
GO_Biological_Process_2021,regulation of cardiac muscle cell membrane potential (GO:0086036),1/7,0.16243096168925666,6.511021916946788,11.833796779600588,SLC9A1,1.0
GO_Biological_Process_2021,regulation of NAD(P)H oxidase activity (GO:0033860),1/7,0.16243096168925666,6.511021916946788,11.833796779600588,PARK7,1.0
GO_Biological_Process_2021,dolichyl diphosphate metabolic process (GO:0046465),1/7,0.16243096168925666,6.511021916946788,11.833796779600588,DHDDS,1.0
GO_Biological_Process_2021,regulation of protein deubiquitination (GO:0090085),1/7,0.16243096168925666,6.511021916946788,11.833796779600588,ZC3H12A,1.0
GO_Biological_Process_2021,positive regulation of synaptic plasticity (GO:0031915),1/7,0.16243096168925666,6.511021916946788,11.833796779600588,EPHB2,1.0
GO_Biological_Process_2021,dolichyl diphosphate biosynthetic process (GO:0006489),1/7,0.16243096168925666,6.511021916946788,11.833796779600588,DHDDS,1.0
GO_Biological_Process_2021,delamination (GO:0060232),1/7,0.16243096168925666,6.511021916946788,11.833796779600588,YTHDF2,1.0
GO_Biological_Process_2021,negative regulation of RIG-I signaling pathway (GO:0039536),1/7,0.16243096168925666,6.511021916946788,11.833796779600588,GPATCH3,1.0
GO_Biological_Process_2021,negative regulation of protein sumoylation (GO:0033234),1/7,0.16243096168925666,6.511021916946788,11.833796779600588,PARK7,1.0
GO_Biological_Process_2021,regulation of cortisol biosynthetic process (GO:2000064),1/7,0.16243096168925666,6.511021916946788,11.833796779600588,H6PD,1.0
GO_Biological_Process_2021,regulation of skeletal muscle satellite cell proliferation (GO:0014842),1/7,0.16243096168925666,6.511021916946788,11.833796779600588,AKIRIN1,1.0
GO_Biological_Process_2021,maintenance of protein location in extracellular region (GO:0071694),1/7,0.16243096168925666,6.511021916946788,11.833796779600588,NBL1,1.0
GO_Biological_Process_2021,negative regulation of oligodendrocyte differentiation (GO:0048715),1/7,0.16243096168925666,6.511021916946788,11.833796779600588,HES5,1.0
GO_Biological_Process_2021,positive regulation of protein deubiquitination (GO:1903003),1/7,0.16243096168925666,6.511021916946788,11.833796779600588,ZC3H12A,1.0
GO_Biological_Process_2021,regulation of hemoglobin biosynthetic process (GO:0046984),1/7,0.16243096168925666,6.511021916946788,11.833796779600588,SLC6A9,1.0
GO_Biological_Process_2021,regulation of histamine secretion by mast cell (GO:1903593),1/7,0.16243096168925666,6.511021916946788,11.833796779600588,VAMP3,1.0
GO_Biological_Process_2021,positive regulation of receptor catabolic process (GO:2000646),1/7,0.16243096168925666,6.511021916946788,11.833796779600588,LAPTM5,1.0
GO_Biological_Process_2021,negative regulation of NLRP3 inflammasome complex assembly (GO:1900226),1/7,0.16243096168925666,6.511021916946788,11.833796779600588,CPTP,1.0
GO_Biological_Process_2021,positive regulation of intracellular estrogen receptor signaling pathway (GO:0033148),1/7,0.16243096168925666,6.511021916946788,11.833796779600588,SRARP,1.0
GO_Biological_Process_2021,negative regulation by host of viral genome replication (GO:0044828),1/7,0.16243096168925666,6.511021916946788,11.833796779600588,ZC3H12A,1.0
GO_Biological_Process_2021,cellular response to prostaglandin E stimulus (GO:0071380),1/7,0.16243096168925666,6.511021916946788,11.833796779600588,GNB1,1.0
GO_Biological_Process_2021,skin morphogenesis (GO:0043589),1/7,0.16243096168925666,6.511021916946788,11.833796779600588,ERRFI1,1.0
GO_Biological_Process_2021,regulation of morphogenesis of an epithelium (GO:1905330),1/7,0.16243096168925666,6.511021916946788,11.833796779600588,RNF207,1.0
GO_Biological_Process_2021,cellular response to monoamine stimulus (GO:0071868),1/7,0.16243096168925666,6.511021916946788,11.833796779600588,GNB1,1.0
GO_Biological_Process_2021,selenocysteine incorporation (GO:0001514),1/7,0.16243096168925666,6.511021916946788,11.833796779600588,TRNAU1AP,1.0
GO_Biological_Process_2021,protein localization to cytoplasmic stress granule (GO:1903608),1/7,0.16243096168925666,6.511021916946788,11.833796779600588,YBX1,1.0
GO_Biological_Process_2021,tRNA threonylcarbamoyladenosine metabolic process (GO:0070525),1/7,0.16243096168925666,6.511021916946788,11.833796779600588,TRIT1,1.0
GO_Biological_Process_2021,regulation of ketone biosynthetic process (GO:0010566),1/7,0.16243096168925666,6.511021916946788,11.833796779600588,H6PD,1.0
GO_Biological_Process_2021,pyrimidine-containing compound biosynthetic process (GO:0072528),1/7,0.16243096168925666,6.511021916946788,11.833796779600588,CTPS1,1.0
GO_Biological_Process_2021,pyrimidine ribonucleotide biosynthetic process (GO:0009220),1/7,0.16243096168925666,6.511021916946788,11.833796779600588,CTPS1,1.0
GO_Biological_Process_2021,"nuclear-transcribed mRNA catabolic process, deadenylation-independent decay (GO:0031086)",1/7,0.16243096168925666,6.511021916946788,11.833796779600588,PNRC2,1.0
GO_Biological_Process_2021,positive regulation of epithelial tube formation (GO:1905278),1/7,0.16243096168925666,6.511021916946788,11.833796779600588,PIK3CD,1.0
GO_Biological_Process_2021,axon ensheathment in central nervous system (GO:0032291),1/7,0.16243096168925666,6.511021916946788,11.833796779600588,HES5,1.0
GO_Biological_Process_2021,astrocyte differentiation (GO:0048708),1/7,0.16243096168925666,6.511021916946788,11.833796779600588,HES5,1.0
GO_Biological_Process_2021,translational readthrough (GO:0006451),1/7,0.16243096168925666,6.511021916946788,11.833796779600588,TRNAU1AP,1.0
GO_Biological_Process_2021,proline metabolic process (GO:0006560),1/7,0.16243096168925666,6.511021916946788,11.833796779600588,ALDH4A1,1.0
GO_Biological_Process_2021,cation homeostasis (GO:0055080),1/7,0.16243096168925666,6.511021916946788,11.833796779600588,ATP13A2,1.0
GO_Biological_Process_2021,Cdc42 protein signal transduction (GO:0032488),1/7,0.16243096168925666,6.511021916946788,11.833796779600588,CDC42,1.0
GO_Biological_Process_2021,nicotinamide nucleotide biosynthetic process (GO:0019359),1/7,0.16243096168925666,6.511021916946788,11.833796779600588,NMNAT1,1.0
GO_Biological_Process_2021,cardiolipin acyl-chain remodeling (GO:0035965),1/7,0.16243096168925666,6.511021916946788,11.833796779600588,PLA2G5,1.0
GO_Biological_Process_2021,regulation of mitochondrial membrane permeability involved in apoptotic process (GO:1902108),1/7,0.16243096168925666,6.511021916946788,11.833796779600588,STPG1,1.0
GO_Biological_Process_2021,parallel actin filament bundle assembly (GO:0030046),1/7,0.16243096168925666,6.511021916946788,11.833796779600588,ESPN,1.0
GO_Biological_Process_2021,regulation of chromatin assembly or disassembly (GO:0001672),1/7,0.16243096168925666,6.511021916946788,11.833796779600588,PADI2,1.0
GO_Biological_Process_2021,regulation of metallopeptidase activity (GO:1905048),1/7,0.16243096168925666,6.511021916946788,11.833796779600588,SVBP,1.0
GO_Biological_Process_2021,negative regulation of T-helper 17 type immune response (GO:2000317),1/7,0.16243096168925666,6.511021916946788,11.833796779600588,ZC3H12A,1.0
GO_Biological_Process_2021,cellular ion homeostasis (GO:0006873),1/7,0.16243096168925666,6.511021916946788,11.833796779600588,ATP13A2,1.0
GO_Biological_Process_2021,modulation by symbiont of host apoptotic process (GO:0052150),1/7,0.16243096168925666,6.511021916946788,11.833796779600588,SFPQ,1.0
GO_Biological_Process_2021,cellular cation homeostasis (GO:0030003),1/7,0.16243096168925666,6.511021916946788,11.833796779600588,ATP13A2,1.0
GO_Biological_Process_2021,cellular protein complex disassembly (GO:0043624),1/7,0.16243096168925666,6.511021916946788,11.833796779600588,PEX14,1.0
GO_Biological_Process_2021,positive regulation of interleukin-5 production (GO:0032754),1/7,0.16243096168925666,6.511021916946788,11.833796779600588,PRKCZ,1.0
GO_Biological_Process_2021,nucleobase biosynthetic process (GO:0046112),1/7,0.16243096168925666,6.511021916946788,11.833796779600588,CTPS1,1.0
GO_Biological_Process_2021,nose development (GO:0043584),1/7,0.16243096168925666,6.511021916946788,11.833796779600588,SKI,1.0
GO_Biological_Process_2021,regulation of lysosomal protein catabolic process (GO:1905165),1/7,0.16243096168925666,6.511021916946788,11.833796779600588,ATP13A2,1.0
GO_Biological_Process_2021,adenylate cyclase-activating dopamine receptor signaling pathway (GO:0007191),1/7,0.16243096168925666,6.511021916946788,11.833796779600588,GNB1,1.0
GO_Biological_Process_2021,phosphate-containing compound metabolic process (GO:0006796),8/212,0.1629287404297551,1.5380200556197103,2.790648722592207,ALPL;EPHB2;INPP5B;MTOR;NADK;PIK3CD;PLA2G5;PLCH2,1.0
GO_Biological_Process_2021,positive regulation of viral genome replication (GO:0045070),2/29,0.16320681185080793,2.896474731366341,5.250547199086895,PPIE;PPIH,1.0
GO_Biological_Process_2021,regulation of ubiquitin-protein transferase activity (GO:0051438),2/29,0.16320681185080793,2.896474731366341,5.250547199086895,PARK7;PINK1,1.0
GO_Biological_Process_2021,negative regulation of mRNA catabolic process (GO:1902373),2/29,0.16320681185080793,2.896474731366341,5.250547199086895,THRAP3;YBX1,1.0
GO_Biological_Process_2021,regulation of calcium ion transmembrane transporter activity (GO:1901019),2/29,0.16320681185080793,2.896474731366341,5.250547199086895,HPCA;SELENON,1.0
GO_Biological_Process_2021,regulation of neuronal synaptic plasticity (GO:0048168),2/29,0.16320681185080793,2.896474731366341,5.250547199086895,EPHB2;NCDN,1.0
GO_Biological_Process_2021,negative regulation of interferon-gamma production (GO:0032689),2/29,0.16320681185080793,2.896474731366341,5.250547199086895,LAPTM5;ZC3H12A,1.0
GO_Biological_Process_2021,regulation of response to biotic stimulus (GO:0002831),2/29,0.16320681185080793,2.896474731366341,5.250547199086895,FGR;ZMPSTE24,1.0
GO_Biological_Process_2021,protein targeting to peroxisome (GO:0006625),2/29,0.16320681185080793,2.896474731366341,5.250547199086895,PEX10;PEX14,1.0
GO_Biological_Process_2021,hydrogen peroxide metabolic process (GO:0042743),2/29,0.16320681185080793,2.896474731366341,5.250547199086895,PARK7;PRDX1,1.0
GO_Biological_Process_2021,regulation of ATP metabolic process (GO:1903578),3/56,0.1644250266447511,2.21483614350772,3.998444969488708,ATP5IF1;PINK1;SLC25A33,1.0
GO_Biological_Process_2021,positive regulation of establishment of protein localization to mitochondrion (GO:1903749),3/56,0.1644250266447511,2.21483614350772,3.998444969488708,PINK1;TP73;UBE2J2,1.0
GO_Biological_Process_2021,protein polyubiquitination (GO:0000209),11/314,0.16524666104272426,1.4251958654198067,2.5658029281216166,FBXO2;FBXO44;FBXO6;MIB2;MUL1;PSMB2;RNF19B;SPSB1;TRIM62;UBE2J2;UBE4B,1.0
GO_Biological_Process_2021,tumor necrosis factor-mediated signaling pathway (GO:0033209),5/116,0.16540994065963815,1.7644007296663062,3.1747363374145308,PSMB2;TNFRSF14;TNFRSF18;TNFRSF1B;TNFRSF25,1.0
GO_Biological_Process_2021,regulation of protein-containing complex assembly (GO:0043254),5/116,0.16540994065963815,1.7644007296663062,3.1747363374145308,CDC42;FBLIM1;PARK7;PINK1;PRKCZ,1.0
GO_Biological_Process_2021,positive regulation of transferase activity (GO:0051347),6/148,0.16683420330212023,1.6557563680906933,2.965053588138193,EPHA10;EPHA2;EPHA8;EPHB2;PINK1;TIE1,1.0
GO_Biological_Process_2021,positive regulation of intracellular protein transport (GO:0090316),6/148,0.16683420330212023,1.6557563680906933,2.965053588138193,DMAP1;PINK1;PLK3;TP73;UBE2J2;ZC3H12A,1.0
GO_Biological_Process_2021,protein ubiquitination (GO:0016567),17/525,0.1680485994336773,1.3158572304227403,2.3468340799006104,FBXO2;FBXO44;FBXO6;ISG15;KLHL21;MIB2;MUL1;PEX10;PEX14;PINK1;PSMB2;RNF19B;RNF220;SPSB1;TRIM62;UBE2J2;UBE4B,1.0
GO_Biological_Process_2021,negative regulation of phosphorylation (GO:0042326),4/86,0.16844043965303224,1.9097167209390318,3.4015359861586147,EPHB2;PARK7;TARDBP;ZC3H12A,1.0
GO_Biological_Process_2021,regulation of neuron death (GO:1901214),4/86,0.16844043965303224,1.9097167209390318,3.4015359861586147,ATP13A2;C1QA;PARK7;TNFRSF1B,1.0
GO_Biological_Process_2021,cellular response to DNA damage stimulus (GO:0006974),12/350,0.16896888200610702,1.394073112135227,2.478718747702247,CASP9;CENPS;EPHA2;FAAP20;FBXO6;MUTYH;PARK7;PLK3;TNFRSF1B;TP73;ZBTB40;ZC3H12A,1.0
GO_Biological_Process_2021,regulation of reactive oxygen species metabolic process (GO:2000377),3/57,0.17055939053933875,2.1737088775690143,3.844577400364306,PINK1;SLC25A33;ZC3H12A,1.0
GO_Biological_Process_2021,CENP-A containing nucleosome assembly (GO:0034080),2/30,0.17213093915562483,2.7928857743826723,4.91408201068847,CENPS;RBBP4,1.0
GO_Biological_Process_2021,mRNA splice site selection (GO:0006376),2/30,0.17213093915562483,2.7928857743826723,4.91408201068847,SF3A3;SRSF10,1.0
GO_Biological_Process_2021,CENP-A containing chromatin organization (GO:0061641),2/30,0.17213093915562483,2.7928857743826723,4.91408201068847,CENPS;RBBP4,1.0
GO_Biological_Process_2021,positive regulation of lipid kinase activity (GO:0090218),2/30,0.17213093915562483,2.7928857743826723,4.91408201068847,EPHA8;FGR,1.0
GO_Biological_Process_2021,positive regulation of protein import (GO:1904591),2/30,0.17213093915562483,2.7928857743826723,4.91408201068847,DMAP1;ZC3H12A,1.0
GO_Biological_Process_2021,negative regulation of interleukin-1 production (GO:0032692),2/30,0.17213093915562483,2.7928857743826723,4.91408201068847,CPTP;ZC3H12A,1.0
GO_Biological_Process_2021,fatty-acyl-CoA biosynthetic process (GO:0046949),2/30,0.17213093915562483,2.7928857743826723,4.91408201068847,ELOVL1;PPT1,1.0
GO_Biological_Process_2021,positive regulation of mitochondrion organization (GO:0010822),3/58,0.1767583884987655,2.134077148573535,3.6982949106770455,MUL1;PARK7;PINK1,1.0
GO_Biological_Process_2021,negative regulation of cellular process (GO:0048523),18/566,0.17793705242078153,1.2915164653908964,2.2295777165900943,CAMK2N1;CHD5;ENO1;EPHB2;FABP3;IFNLR1;MUL1;P3H1;PARK7;PDPN;PPT1;PTPRU;RBBP4;SESN2;SKI;TNFRSF1B;VAMP3;ZBTB17,1.0
GO_Biological_Process_2021,regulation of gene expression (GO:0010468),32/1079,0.1806410723883162,1.205103690035356,2.0622255454743867,AGO1;AGO3;AGO4;ATP13A2;CAMK2N1;CDK11A;CDK11B;DVL1;EPHB2;ERMAP;HDAC1;HP1BP3;KDM4A;MTOR;MYCBP;NFYC;PARK7;PIK3CD;PINK1;POU3F1;PPIE;PRDM2;PUM1;RNF207;RPL11;SFPQ;SRSF10;TARDBP;TP73;YBX1;YTHDF2;ZC3H12A,1.0
GO_Biological_Process_2021,negative regulation of proteasomal ubiquitin-dependent protein catabolic process (GO:0032435),2/31,0.18113257645015574,2.696440883397877,4.60693948958458,PARK7;RPL11,1.0
GO_Biological_Process_2021,negative regulation of DNA binding (GO:0043392),2/31,0.18113257645015574,2.696440883397877,4.60693948958458,KDM1A;MAD2L2,1.0
GO_Biological_Process_2021,positive regulation of protein targeting to mitochondrion (GO:1903955),2/31,0.18113257645015574,2.696440883397877,4.60693948958458,PINK1;UBE2J2,1.0
GO_Biological_Process_2021,positive regulation of proteolysis involved in cellular protein catabolic process (GO:1903052),2/31,0.18113257645015574,2.696440883397877,4.60693948958458,ATP5IF1;LAPTM5,1.0
GO_Biological_Process_2021,antigen receptor-mediated signaling pathway (GO:0050851),7/185,0.1820786545916958,1.5412858368451718,2.625297623589088,EIF2B3;ERMAP;KHDRBS1;PIK3CD;PSMB2;THEMIS2;ZC3H12A,1.0
GO_Biological_Process_2021,SCF-dependent proteasomal ubiquitin-dependent protein catabolic process (GO:0031146),4/89,0.1832581517746689,1.842030324342368,3.125666571813328,FBXO2;FBXO44;FBXO6;PSMB2,1.0
GO_Biological_Process_2021,regulation of endothelial cell migration (GO:0010594),4/89,0.1832581517746689,1.842030324342368,3.125666571813328,EPHA2;PIK3CD;SVBP;ZC3H12A,1.0
GO_Biological_Process_2021,autophagosome-lysosome fusion (GO:0061909),1/8,0.18337751894206378,5.580589641957837,9.465842503352695,ATP13A2,1.0
GO_Biological_Process_2021,TORC1 signaling (GO:0038202),1/8,0.18337751894206378,5.580589641957837,9.465842503352695,MTOR,1.0
GO_Biological_Process_2021,basic amino acid transport (GO:0015802),1/8,0.18337751894206378,5.580589641957837,9.465842503352695,SLC66A1,1.0
GO_Biological_Process_2021,positive regulation of execution phase of apoptosis (GO:1900119),1/8,0.18337751894206378,5.580589641957837,9.465842503352695,ZC3H12A,1.0
GO_Biological_Process_2021,positive regulation of extracellular matrix disassembly (GO:0090091),1/8,0.18337751894206378,5.580589641957837,9.465842503352695,PDPN,1.0
GO_Biological_Process_2021,regulation of protein localization to cell cortex (GO:1904776),1/8,0.18337751894206378,5.580589641957837,9.465842503352695,EPB41,1.0
GO_Biological_Process_2021,mitochondrial tRNA processing (GO:0090646),1/8,0.18337751894206378,5.580589641957837,9.465842503352695,TRIT1,1.0
GO_Biological_Process_2021,regulation of cytoplasmic translational elongation (GO:1900247),1/8,0.18337751894206378,5.580589641957837,9.465842503352695,DPH2,1.0
GO_Biological_Process_2021,natural killer cell differentiation (GO:0001779),1/8,0.18337751894206378,5.580589641957837,9.465842503352695,PIK3CD,1.0
GO_Biological_Process_2021,cellular response to epinephrine stimulus (GO:0071872),1/8,0.18337751894206378,5.580589641957837,9.465842503352695,SLC9A1,1.0
GO_Biological_Process_2021,peptidyl-serine autophosphorylation (GO:0036289),1/8,0.18337751894206378,5.580589641957837,9.465842503352695,PINK1,1.0
GO_Biological_Process_2021,SREBP signaling pathway (GO:0032933),1/8,0.18337751894206378,5.580589641957837,9.465842503352695,ARHGEF10L,1.0
GO_Biological_Process_2021,protein deglycosylation (GO:0006517),1/8,0.18337751894206378,5.580589641957837,9.465842503352695,PARK7,1.0
GO_Biological_Process_2021,regulation of myeloid leukocyte differentiation (GO:0002761),1/8,0.18337751894206378,5.580589641957837,9.465842503352695,MTOR,1.0
GO_Biological_Process_2021,mast cell activation involved in immune response (GO:0002279),1/8,0.18337751894206378,5.580589641957837,9.465842503352695,PIK3CD,1.0
GO_Biological_Process_2021,aspartate family amino acid biosynthetic process (GO:0009067),1/8,0.18337751894206378,5.580589641957837,9.465842503352695,MTHFR,1.0
GO_Biological_Process_2021,regulation of extracellular matrix constituent secretion (GO:0003330),1/8,0.18337751894206378,5.580589641957837,9.465842503352695,TNFRSF1B,1.0
GO_Biological_Process_2021,negative regulation of mitochondrial fusion (GO:0010637),1/8,0.18337751894206378,5.580589641957837,9.465842503352695,MUL1,1.0
GO_Biological_Process_2021,lens fiber cell development (GO:0070307),1/8,0.18337751894206378,5.580589641957837,9.465842503352695,EPHA2,1.0
GO_Biological_Process_2021,negative regulation of mitotic nuclear division (GO:0045839),1/8,0.18337751894206378,5.580589641957837,9.465842503352695,AURKAIP1,1.0
GO_Biological_Process_2021,"regulation of wound healing, spreading of epidermal cells (GO:1903689)",1/8,0.18337751894206378,5.580589641957837,9.465842503352695,MTOR,1.0
GO_Biological_Process_2021,positive regulation of cell migration by vascular endothelial growth factor signaling pathway (GO:0038089),1/8,0.18337751894206378,5.580589641957837,9.465842503352695,PIK3CD,1.0
GO_Biological_Process_2021,folic acid transport (GO:0015884),1/8,0.18337751894206378,5.580589641957837,9.465842503352695,PDPN,1.0
GO_Biological_Process_2021,positive regulation of Arp2/3 complex-mediated actin nucleation (GO:2000601),1/8,0.18337751894206378,5.580589641957837,9.465842503352695,WASF2,1.0
GO_Biological_Process_2021,response to epinephrine (GO:0071871),1/8,0.18337751894206378,5.580589641957837,9.465842503352695,SLC9A1,1.0
GO_Biological_Process_2021,positive regulation of T-helper 2 cell cytokine production (GO:2000553),1/8,0.18337751894206378,5.580589641957837,9.465842503352695,PRKCZ,1.0
GO_Biological_Process_2021,negative regulation of muscle cell apoptotic process (GO:0010656),1/8,0.18337751894206378,5.580589641957837,9.465842503352695,ZC3H12A,1.0
GO_Biological_Process_2021,mast cell degranulation (GO:0043303),1/8,0.18337751894206378,5.580589641957837,9.465842503352695,PIK3CD,1.0
GO_Biological_Process_2021,commissural neuron axon guidance (GO:0071679),1/8,0.18337751894206378,5.580589641957837,9.465842503352695,EPHB2,1.0
GO_Biological_Process_2021,phosphatidylinositol-3-phosphate biosynthetic process (GO:0036092),1/8,0.18337751894206378,5.580589641957837,9.465842503352695,PIK3CD,1.0
GO_Biological_Process_2021,negative regulation of response to reactive oxygen species (GO:1901032),1/8,0.18337751894206378,5.580589641957837,9.465842503352695,PARK7,1.0
GO_Biological_Process_2021,regulation of nitrogen compound metabolic process (GO:0051171),1/8,0.18337751894206378,5.580589641957837,9.465842503352695,MFSD2A,1.0
GO_Biological_Process_2021,respiratory chain complex III assembly (GO:0017062),1/8,0.18337751894206378,5.580589641957837,9.465842503352695,SLC25A33,1.0
GO_Biological_Process_2021,positive regulation of muscle contraction (GO:0045933),1/8,0.18337751894206378,5.580589641957837,9.465842503352695,ENO1,1.0
GO_Biological_Process_2021,positive regulation of myeloid cell apoptotic process (GO:0033034),1/8,0.18337751894206378,5.580589641957837,9.465842503352695,PIK3CD,1.0
GO_Biological_Process_2021,glycoside catabolic process (GO:0016139),1/8,0.18337751894206378,5.580589641957837,9.465842503352695,FUCA1,1.0
GO_Biological_Process_2021,regulation of transcription from RNA polymerase II promoter in response to oxidative stress (GO:0043619),1/8,0.18337751894206378,5.580589641957837,9.465842503352695,SESN2,1.0
GO_Biological_Process_2021,negative regulation of fatty acid oxidation (GO:0046322),1/8,0.18337751894206378,5.580589641957837,9.465842503352695,MFSD2A,1.0
GO_Biological_Process_2021,histone H3-K4 demethylation (GO:0034720),1/8,0.18337751894206378,5.580589641957837,9.465842503352695,KDM1A,1.0
GO_Biological_Process_2021,positive regulation of oligodendrocyte differentiation (GO:0048714),1/8,0.18337751894206378,5.580589641957837,9.465842503352695,TNFRSF1B,1.0
GO_Biological_Process_2021,regulation of T-helper 2 cell differentiation (GO:0045628),1/8,0.18337751894206378,5.580589641957837,9.465842503352695,PRKCZ,1.0
GO_Biological_Process_2021,vitamin K metabolic process (GO:0042373),1/8,0.18337751894206378,5.580589641957837,9.465842503352695,UBIAD1,1.0
GO_Biological_Process_2021,protein retention in ER lumen (GO:0006621),1/8,0.18337751894206378,5.580589641957837,9.465842503352695,RER1,1.0
GO_Biological_Process_2021,positive regulation of neuron projection arborization (GO:0150012),1/8,0.18337751894206378,5.580589641957837,9.465842503352695,DVL1,1.0
GO_Biological_Process_2021,integrin activation (GO:0033622),1/8,0.18337751894206378,5.580589641957837,9.465842503352695,COL16A1,1.0
GO_Biological_Process_2021,regulation of chemokine (C-C motif) ligand 5 production (GO:0071649),1/8,0.18337751894206378,5.580589641957837,9.465842503352695,MUL1,1.0
GO_Biological_Process_2021,regulation of oxidative stress-induced neuron death (GO:1903203),1/8,0.18337751894206378,5.580589641957837,9.465842503352695,PINK1,1.0
GO_Biological_Process_2021,establishment of Golgi localization (GO:0051683),1/8,0.18337751894206378,5.580589641957837,9.465842503352695,CDC42,1.0
GO_Biological_Process_2021,regulation of alpha-beta T cell proliferation (GO:0046640),1/8,0.18337751894206378,5.580589641957837,9.465842503352695,TNFRSF14,1.0
GO_Biological_Process_2021,spermidine metabolic process (GO:0008216),1/8,0.18337751894206378,5.580589641957837,9.465842503352695,SRM,1.0
GO_Biological_Process_2021,regulation of chemokine-mediated signaling pathway (GO:0070099),1/8,0.18337751894206378,5.580589641957837,9.465842503352695,PADI2,1.0
GO_Biological_Process_2021,negative regulation of B cell apoptotic process (GO:0002903),1/8,0.18337751894206378,5.580589641957837,9.465842503352695,NOC2L,1.0
GO_Biological_Process_2021,mitochondrial respiratory chain complex III assembly (GO:0034551),1/8,0.18337751894206378,5.580589641957837,9.465842503352695,SLC25A33,1.0
GO_Biological_Process_2021,positive regulation of chromosome segregation (GO:0051984),1/8,0.18337751894206378,5.580589641957837,9.465842503352695,RCC2,1.0
GO_Biological_Process_2021,negative regulation by symbiont of host apoptotic process (GO:0033668),1/8,0.18337751894206378,5.580589641957837,9.465842503352695,SFPQ,1.0
GO_Biological_Process_2021,peptidyl-lysine hydroxylation (GO:0017185),1/8,0.18337751894206378,5.580589641957837,9.465842503352695,PLOD1,1.0
GO_Biological_Process_2021,positive regulation of intracellular steroid hormone receptor signaling pathway (GO:0033145),1/8,0.18337751894206378,5.580589641957837,9.465842503352695,SRARP,1.0
GO_Biological_Process_2021,methionine metabolic process (GO:0006555),1/8,0.18337751894206378,5.580589641957837,9.465842503352695,MTHFR,1.0
GO_Biological_Process_2021,regulation of RNA biosynthetic process (GO:2001141),1/8,0.18337751894206378,5.580589641957837,9.465842503352695,TNFRSF1B,1.0
GO_Biological_Process_2021,skeletal muscle tissue regeneration (GO:0043403),1/8,0.18337751894206378,5.580589641957837,9.465842503352695,AKIRIN1,1.0
GO_Biological_Process_2021,sequestering of BMP from receptor via BMP binding (GO:0038098),1/8,0.18337751894206378,5.580589641957837,9.465842503352695,NBL1,1.0
GO_Biological_Process_2021,negative regulation of T-helper 17 cell differentiation (GO:2000320),1/8,0.18337751894206378,5.580589641957837,9.465842503352695,ZC3H12A,1.0
GO_Biological_Process_2021,negative regulation by symbiont of host programmed cell death (GO:0052041),1/8,0.18337751894206378,5.580589641957837,9.465842503352695,SFPQ,1.0
GO_Biological_Process_2021,myoblast migration (GO:0051451),1/8,0.18337751894206378,5.580589641957837,9.465842503352695,AKIRIN1,1.0
GO_Biological_Process_2021,positive regulation of homotypic cell-cell adhesion (GO:0034112),1/8,0.18337751894206378,5.580589641957837,9.465842503352695,PDPN,1.0
GO_Biological_Process_2021,sulfur amino acid biosynthetic process (GO:0000097),1/8,0.18337751894206378,5.580589641957837,9.465842503352695,MTHFR,1.0
GO_Biological_Process_2021,"regulation of mRNA splicing, via spliceosome (GO:0048024)",4/90,0.18829025808062766,1.8205175936411027,3.039846719726671,KHDRBS1;SRSF10;SRSF4;THRAP3,1.0
GO_Biological_Process_2021,positive regulation of binding (GO:0051099),4/90,0.18829025808062766,1.8205175936411027,3.039846719726671,EPB41;RPL11;SKI;STMN1,1.0
GO_Biological_Process_2021,negative regulation of protein kinase activity (GO:0006469),4/90,0.18829025808062766,1.8205175936411027,3.039846719726671,CAMK2N1;CEP85;DVL1;PARK7,1.0
GO_Biological_Process_2021,Notch signaling pathway (GO:0007219),3/60,0.18933730546380464,2.058985451529468,3.4266154122484025,HES5;HEYL;YBX1,1.0
GO_Biological_Process_2021,aortic valve morphogenesis (GO:0003180),2/32,0.19020229663747298,2.6064256518120685,4.325798783243553,HEYL;TIE1,1.0
GO_Biological_Process_2021,regulation of NMDA receptor activity (GO:2000310),2/32,0.19020229663747298,2.6064256518120685,4.325798783243553,EPHB2;SLC6A9,1.0
GO_Biological_Process_2021,negative regulation of intracellular steroid hormone receptor signaling pathway (GO:0033144),2/32,0.19020229663747298,2.6064256518120685,4.325798783243553,HDAC1;HEYL,1.0
GO_Biological_Process_2021,chromatin remodeling at centromere (GO:0031055),2/32,0.19020229663747298,2.6064256518120685,4.325798783243553,CENPS;RBBP4,1.0
GO_Biological_Process_2021,protein transmembrane import into intracellular organelle (GO:0044743),2/32,0.19020229663747298,2.6064256518120685,4.325798783243553,PEX10;PEX14,1.0
GO_Biological_Process_2021,peptidyl-proline modification (GO:0018208),2/32,0.19020229663747298,2.6064256518120685,4.325798783243553,PPIE;PPIH,1.0
GO_Biological_Process_2021,regulation of intracellular protein transport (GO:0033157),2/32,0.19020229663747298,2.6064256518120685,4.325798783243553,ATP13A2;PLK3,1.0
GO_Biological_Process_2021,negative regulation of cell-matrix adhesion (GO:0001953),2/32,0.19020229663747298,2.6064256518120685,4.325798783243553,AJAP1;RCC2,1.0
GO_Biological_Process_2021,long-chain fatty acid transport (GO:0015909),2/32,0.19020229663747298,2.6064256518120685,4.325798783243553,FABP3;MFSD2A,1.0
GO_Biological_Process_2021,positive regulation of interleukin-10 production (GO:0032733),2/32,0.19020229663747298,2.6064256518120685,4.325798783243553,ISG15;PRKCZ,1.0
GO_Biological_Process_2021,modulation by host of symbiont process (GO:0051851),2/32,0.19020229663747298,2.6064256518120685,4.325798783243553,HDAC1;TARDBP,1.0
GO_Biological_Process_2021,regulation of stem cell differentiation (GO:2000736),4/91,0.1933662021647245,1.7994994084732,2.956882484541286,HES5;PSMB2;TP73;YTHDF2,1.0
GO_Biological_Process_2021,retinoid metabolic process (GO:0001523),4/92,0.19848441990083035,1.7789589093318405,2.876656024440752,AGRN;DHRS3;HSPG2;SDC3,1.0
GO_Biological_Process_2021,positive regulation of cytokine production involved in immune response (GO:0002720),2/33,0.1993310937863083,2.5222178545221183,4.067802812617722,LAPTM5;TNFRSF14,1.0
GO_Biological_Process_2021,regulation of histone acetylation (GO:0035065),2/33,0.1993310937863083,2.5222178545221183,4.067802812617722,NOC2L;PARK7,1.0
GO_Biological_Process_2021,positive regulation of ATP metabolic process (GO:1903580),2/33,0.1993310937863083,2.5222178545221183,4.067802812617722,ENO1;PINK1,1.0
GO_Biological_Process_2021,keratan sulfate metabolic process (GO:0042339),2/33,0.1993310937863083,2.5222178545221183,4.067802812617722,B4GALT2;ST3GAL3,1.0
GO_Biological_Process_2021,mitotic spindle organization (GO:0007052),6/157,0.2004839319915507,1.5563449836437122,2.501079344538174,CENPS;NUDC;RCC1;RCC2;STMN1;WRAP73,1.0
GO_Biological_Process_2021,negative regulation of Wnt signaling pathway (GO:0030178),7/191,0.2026970800382525,1.4905635122956515,2.3790029097842282,CTNNBIP1;DVL1;HDAC1;MAD2L2;NPHP4;PSMB2;PTPRU,1.0
GO_Biological_Process_2021,actin-mediated cell contraction (GO:0070252),1/9,0.2038012504611198,4.882765435716124,7.766575639496047,PDPN,1.0
GO_Biological_Process_2021,negative regulation of alpha-beta T cell activation (GO:0046636),1/9,0.2038012504611198,4.882765435716124,7.766575639496047,TNFRSF14,1.0
GO_Biological_Process_2021,mast cell mediated immunity (GO:0002448),1/9,0.2038012504611198,4.882765435716124,7.766575639496047,PIK3CD,1.0
GO_Biological_Process_2021,regulation of DNA-templated transcription in response to stress (GO:0043620),1/9,0.2038012504611198,4.882765435716124,7.766575639496047,RPS6KA1,1.0
GO_Biological_Process_2021,negative regulation of RNA catabolic process (GO:1902369),1/9,0.2038012504611198,4.882765435716124,7.766575639496047,ZCCHC17,1.0
GO_Biological_Process_2021,Schwann cell development (GO:0014044),1/9,0.2038012504611198,4.882765435716124,7.766575639496047,SKI,1.0
GO_Biological_Process_2021,positive regulation of smooth muscle cell apoptotic process (GO:0034393),1/9,0.2038012504611198,4.882765435716124,7.766575639496047,MFN2,1.0
GO_Biological_Process_2021,regulation of animal organ morphogenesis (GO:2000027),1/9,0.2038012504611198,4.882765435716124,7.766575639496047,AJAP1,1.0
GO_Biological_Process_2021,regulation of RNA polymerase II regulatory region sequence-specific DNA binding (GO:1903025),1/9,0.2038012504611198,4.882765435716124,7.766575639496047,ZNF593,1.0
GO_Biological_Process_2021,negative regulation of nitric oxide metabolic process (GO:1904406),1/9,0.2038012504611198,4.882765435716124,7.766575639496047,ZC3H12A,1.0
GO_Biological_Process_2021,lysosomal lumen acidification (GO:0007042),1/9,0.2038012504611198,4.882765435716124,7.766575639496047,PPT1,1.0
GO_Biological_Process_2021,ornithine metabolic process (GO:0006591),1/9,0.2038012504611198,4.882765435716124,7.766575639496047,AZIN2,1.0
GO_Biological_Process_2021,response to vitamin D (GO:0033280),1/9,0.2038012504611198,4.882765435716124,7.766575639496047,ALPL,1.0
GO_Biological_Process_2021,response to vitamin (GO:0033273),1/9,0.2038012504611198,4.882765435716124,7.766575639496047,ALPL,1.0
GO_Biological_Process_2021,cellular response to sterol depletion (GO:0071501),1/9,0.2038012504611198,4.882765435716124,7.766575639496047,ARHGEF10L,1.0
GO_Biological_Process_2021,tetrahydrofolate interconversion (GO:0035999),1/9,0.2038012504611198,4.882765435716124,7.766575639496047,MTHFR,1.0
GO_Biological_Process_2021,positive regulation of macrophage cytokine production (GO:0060907),1/9,0.2038012504611198,4.882765435716124,7.766575639496047,LAPTM5,1.0
GO_Biological_Process_2021,sensory organ morphogenesis (GO:0090596),1/9,0.2038012504611198,4.882765435716124,7.766575639496047,SKI,1.0
GO_Biological_Process_2021,negative regulation of nitric oxide biosynthetic process (GO:0045019),1/9,0.2038012504611198,4.882765435716124,7.766575639496047,ZC3H12A,1.0
GO_Biological_Process_2021,positive regulation of mast cell degranulation (GO:0043306),1/9,0.2038012504611198,4.882765435716124,7.766575639496047,FGR,1.0
GO_Biological_Process_2021,regulation of mitotic centrosome separation (GO:0046602),1/9,0.2038012504611198,4.882765435716124,7.766575639496047,CEP85,1.0
GO_Biological_Process_2021,neuronal ion channel clustering (GO:0045161),1/9,0.2038012504611198,4.882765435716124,7.766575639496047,AGRN,1.0
GO_Biological_Process_2021,peptidyl-cysteine modification (GO:0018198),1/9,0.2038012504611198,4.882765435716124,7.766575639496047,PARK7,1.0
GO_Biological_Process_2021,regulation of lipid transport (GO:0032368),1/9,0.2038012504611198,4.882765435716124,7.766575639496047,DISP3,1.0
GO_Biological_Process_2021,epithelial to mesenchymal transition involved in endocardial cushion formation (GO:0003198),1/9,0.2038012504611198,4.882765435716124,7.766575639496047,HEYL,1.0
GO_Biological_Process_2021,response to type I interferon (GO:0034340),1/9,0.2038012504611198,4.882765435716124,7.766575639496047,ISG15,1.0
GO_Biological_Process_2021,endothelial cell chemotaxis (GO:0035767),1/9,0.2038012504611198,4.882765435716124,7.766575639496047,PLEKHG5,1.0
GO_Biological_Process_2021,positive regulation of cell-cell adhesion mediated by cadherin (GO:2000049),1/9,0.2038012504611198,4.882765435716124,7.766575639496047,PTPRU,1.0
GO_Biological_Process_2021,isoprenoid biosynthetic process (GO:0008299),1/9,0.2038012504611198,4.882765435716124,7.766575639496047,DHDDS,1.0
GO_Biological_Process_2021,positive regulation of mitochondrial membrane permeability involved in apoptotic process (GO:1902110),1/9,0.2038012504611198,4.882765435716124,7.766575639496047,STPG1,1.0
GO_Biological_Process_2021,ketone body biosynthetic process (GO:0046951),1/9,0.2038012504611198,4.882765435716124,7.766575639496047,HMGCL,1.0
GO_Biological_Process_2021,L-ascorbic acid metabolic process (GO:0019852),1/9,0.2038012504611198,4.882765435716124,7.766575639496047,SLC2A1,1.0
GO_Biological_Process_2021,regulation of cellular response to oxidative stress (GO:1900407),1/9,0.2038012504611198,4.882765435716124,7.766575639496047,PINK1,1.0
GO_Biological_Process_2021,positive regulation of megakaryocyte differentiation (GO:0045654),1/9,0.2038012504611198,4.882765435716124,7.766575639496047,PITHD1,1.0
GO_Biological_Process_2021,positive regulation of tumor necrosis factor-mediated signaling pathway (GO:1903265),1/9,0.2038012504611198,4.882765435716124,7.766575639496047,LAPTM5,1.0
GO_Biological_Process_2021,regulation of tumor necrosis factor superfamily cytokine production (GO:1903555),1/9,0.2038012504611198,4.882765435716124,7.766575639496047,PARK7,1.0
GO_Biological_Process_2021,peripheral nervous system axon ensheathment (GO:0032292),1/9,0.2038012504611198,4.882765435716124,7.766575639496047,SKI,1.0
GO_Biological_Process_2021,negative regulation of glial cell differentiation (GO:0045686),1/9,0.2038012504611198,4.882765435716124,7.766575639496047,HES5,1.0
GO_Biological_Process_2021,galactose metabolic process (GO:0006012),1/9,0.2038012504611198,4.882765435716124,7.766575639496047,GALE,1.0
GO_Biological_Process_2021,mitochondrial tRNA modification (GO:0070900),1/9,0.2038012504611198,4.882765435716124,7.766575639496047,TRIT1,1.0
GO_Biological_Process_2021,nuclear RNA surveillance (GO:0071027),1/9,0.2038012504611198,4.882765435716124,7.766575639496047,EXOSC10,1.0
GO_Biological_Process_2021,anoikis (GO:0043276),1/9,0.2038012504611198,4.882765435716124,7.766575639496047,MTOR,1.0
GO_Biological_Process_2021,skeletal system development (GO:0001501),6/158,0.20436934122559075,1.5460259656674906,2.454820883424871,ALPL;COL9A2;EXTL1;HES5;P3H1;PRDX1,1.0
GO_Biological_Process_2021,positive regulation of protein dephosphorylation (GO:0035307),2/34,0.2085103680353696,2.4432730445627904,3.8304816594051476,CAMTA1;MTOR,1.0
GO_Biological_Process_2021,regulation of myoblast differentiation (GO:0045661),2/34,0.2085103680353696,2.4432730445627904,3.8304816594051476,AKIRIN1;XKR8,1.0
GO_Biological_Process_2021,regulation of cell adhesion mediated by integrin (GO:0033628),2/34,0.2085103680353696,2.4432730445627904,3.8304816594051476,EPHA2;EPHA8,1.0
GO_Biological_Process_2021,negative regulation of mitochondrion organization (GO:0010823),2/34,0.2085103680353696,2.4432730445627904,3.8304816594051476,MUL1;PINK1,1.0
GO_Biological_Process_2021,cell-substrate junction assembly (GO:0007044),2/34,0.2085103680353696,2.4432730445627904,3.8304816594051476,RCC2;TESK2,1.0
GO_Biological_Process_2021,positive regulation of DNA binding (GO:0043388),2/34,0.2085103680353696,2.4432730445627904,3.8304816594051476,PARK7;SKI,1.0
GO_Biological_Process_2021,organonitrogen compound catabolic process (GO:1901565),3/63,0.2086100735712098,1.9557343680938761,3.0651998790525496,MTOR;PLA2G5;PPT1,1.0
GO_Biological_Process_2021,positive regulation of viral process (GO:0048524),3/63,0.2086100735712098,1.9557343680938761,3.0651998790525496,KPNA6;PPIE;PPIH,1.0
GO_Biological_Process_2021,cell cycle G1/S phase transition (GO:0044843),3/63,0.2086100735712098,1.9557343680938761,3.0651998790525496,KHDRBS1;PLK3;RCC1,1.0
GO_Biological_Process_2021,negative regulation of cell death (GO:0060548),4/94,0.20884141073240473,1.739247277658545,2.723974501989655,ATP13A2;PARK7;PINK1;TNFRSF1B,1.0
GO_Biological_Process_2021,microtubule cytoskeleton organization involved in mitosis (GO:1902850),5/128,0.21708560326500353,1.5912786087333057,2.430620022033959,CENPS;NUDC;RCC1;RCC2;STMN1,1.0
GO_Biological_Process_2021,lung development (GO:0030324),2/35,0.21773191098678782,2.3691127685403908,3.611690475503375,ERRFI1;PDPN,1.0
GO_Biological_Process_2021,acylglycerol catabolic process (GO:0046464),2/35,0.21773191098678782,2.3691127685403908,3.611690475503375,FABP3;LYPLA2,1.0
GO_Biological_Process_2021,regulation of blood circulation (GO:1903522),2/35,0.21773191098678782,2.3691127685403908,3.611690475503375,ECE1;HSPB7,1.0
GO_Biological_Process_2021,regulation of phosphatidylinositol 3-kinase activity (GO:0043551),2/35,0.21773191098678782,2.3691127685403908,3.611690475503375,EPHA8;FGR,1.0
GO_Biological_Process_2021,"base-excision repair, gap-filling (GO:0006287)",2/35,0.21773191098678782,2.3691127685403908,3.611690475503375,MUTYH;RPA2,1.0
GO_Biological_Process_2021,cellular response to virus (GO:0098586),2/35,0.21773191098678782,2.3691127685403908,3.611690475503375,IFI6;ZC3H12A,1.0
GO_Biological_Process_2021,regulation of cell-matrix adhesion (GO:0001952),3/65,0.22169171657314796,1.8924514459881905,2.850916648447193,AJAP1;MACF1;SLC9A1,1.0
GO_Biological_Process_2021,"positive regulation of transcription, DNA-templated (GO:0045893)",34/1183,0.2220257566489162,1.1652864535140814,1.7537116951968983,AGO1;AGRN;AKIRIN1;ARID1A;CITED4;DVL1;FOXJ3;GPATCH3;HDAC1;HES5;HEYL;HIVEP3;KDM1A;MAD2L2;MTF1;MTOR;PADI2;PARK7;PITHD1;POU3F1;PRDM2;RLF;RPS6KA1;SFPQ;SKI;SLC9A1;THAP3;THRAP3;TP73;YBX1;ZBTB17;ZBTB48;ZC3H12A;ZNF593,1.0
GO_Biological_Process_2021,apoptotic process (GO:0006915),8/231,0.2226334846358325,1.4055925931088311,2.1115211491857644,CASP9;CDK11A;CDK11B;IFI6;MTOR;PLK3;RRAGC;TNFRSF25,1.0
GO_Biological_Process_2021,positive regulation of lipase activity (GO:0060193),1/10,0.22371518046809483,4.3400132753059015,6.498655813689781,PLA2G5,1.0
GO_Biological_Process_2021,neuron projection fasciculation (GO:0106030),1/10,0.22371518046809483,4.3400132753059015,6.498655813689781,EPHB2,1.0
GO_Biological_Process_2021,SNARE complex assembly (GO:0035493),1/10,0.22371518046809483,4.3400132753059015,6.498655813689781,VAMP3,1.0
GO_Biological_Process_2021,positive regulation of transcription of nucleolar large rRNA by RNA polymerase I (GO:1901838),1/10,0.22371518046809483,4.3400132753059015,6.498655813689781,MTOR,1.0
GO_Biological_Process_2021,negative regulation of transcription by competitive promoter binding (GO:0010944),1/10,0.22371518046809483,4.3400132753059015,6.498655813689781,MAD2L2,1.0
GO_Biological_Process_2021,regulation of granulocyte differentiation (GO:0030852),1/10,0.22371518046809483,4.3400132753059015,6.498655813689781,C1QC,1.0
GO_Biological_Process_2021,positive regulation of RIG-I signaling pathway (GO:1900246),1/10,0.22371518046809483,4.3400132753059015,6.498655813689781,PUM1,1.0
GO_Biological_Process_2021,regulation of postsynaptic neurotransmitter receptor activity (GO:0098962),1/10,0.22371518046809483,4.3400132753059015,6.498655813689781,DLGAP3,1.0
GO_Biological_Process_2021,regulation of phospholipid metabolic process (GO:1903725),1/10,0.22371518046809483,4.3400132753059015,6.498655813689781,MFSD2A,1.0
GO_Biological_Process_2021,positive regulation of protein sumoylation (GO:0033235),1/10,0.22371518046809483,4.3400132753059015,6.498655813689781,MUL1,1.0
GO_Biological_Process_2021,negative regulation of cell-cell adhesion mediated by cadherin (GO:2000048),1/10,0.22371518046809483,4.3400132753059015,6.498655813689781,MAD2L2,1.0
GO_Biological_Process_2021,negative regulation of protein autophosphorylation (GO:0031953),1/10,0.22371518046809483,4.3400132753059015,6.498655813689781,ERRFI1,1.0
GO_Biological_Process_2021,DNA replication-dependent nucleosome organization (GO:0034723),1/10,0.22371518046809483,4.3400132753059015,6.498655813689781,RBBP4,1.0
GO_Biological_Process_2021,negative regulation of peptidyl-lysine acetylation (GO:2000757),1/10,0.22371518046809483,4.3400132753059015,6.498655813689781,NOC2L,1.0
GO_Biological_Process_2021,phagosome-lysosome fusion (GO:0090385),1/10,0.22371518046809483,4.3400132753059015,6.498655813689781,PLA2G5,1.0
GO_Biological_Process_2021,phosphatidylcholine catabolic process (GO:0034638),1/10,0.22371518046809483,4.3400132753059015,6.498655813689781,PLA2G5,1.0
GO_Biological_Process_2021,long-chain fatty acid import into cell (GO:0044539),1/10,0.22371518046809483,4.3400132753059015,6.498655813689781,SLC2A1,1.0
GO_Biological_Process_2021,DNA replication-dependent nucleosome assembly (GO:0006335),1/10,0.22371518046809483,4.3400132753059015,6.498655813689781,RBBP4,1.0
GO_Biological_Process_2021,cellular response to prostaglandin stimulus (GO:0071379),1/10,0.22371518046809483,4.3400132753059015,6.498655813689781,GNB1,1.0
GO_Biological_Process_2021,methylguanosine-cap decapping (GO:0110156),1/10,0.22371518046809483,4.3400132753059015,6.498655813689781,PNRC2,1.0
GO_Biological_Process_2021,negative regulation of alpha-beta T cell proliferation (GO:0046642),1/10,0.22371518046809483,4.3400132753059015,6.498655813689781,TNFRSF14,1.0
GO_Biological_Process_2021,protein insertion into ER membrane by stop-transfer membrane-anchor sequence (GO:0045050),1/10,0.22371518046809483,4.3400132753059015,6.498655813689781,EMC1,1.0
GO_Biological_Process_2021,regulation of receptor binding (GO:1900120),1/10,0.22371518046809483,4.3400132753059015,6.498655813689781,PTPRF,1.0
GO_Biological_Process_2021,modulation by symbiont of host process (GO:0044003),1/10,0.22371518046809483,4.3400132753059015,6.498655813689781,ENO1,1.0
GO_Biological_Process_2021,modification-dependent macromolecule catabolic process (GO:0043632),1/10,0.22371518046809483,4.3400132753059015,6.498655813689781,ISG15,1.0
GO_Biological_Process_2021,positive regulation of keratinocyte migration (GO:0051549),1/10,0.22371518046809483,4.3400132753059015,6.498655813689781,MTOR,1.0
GO_Biological_Process_2021,positive regulation of circadian rhythm (GO:0042753),1/10,0.22371518046809483,4.3400132753059015,6.498655813689781,THRAP3,1.0
GO_Biological_Process_2021,negative regulation of receptor binding (GO:1900121),1/10,0.22371518046809483,4.3400132753059015,6.498655813689781,PTPRF,1.0
GO_Biological_Process_2021,defense response to tumor cell (GO:0002357),1/10,0.22371518046809483,4.3400132753059015,6.498655813689781,LAPTM5,1.0
GO_Biological_Process_2021,RNA polymerase II preinitiation complex assembly (GO:0051123),1/10,0.22371518046809483,4.3400132753059015,6.498655813689781,TAF12,1.0
GO_Biological_Process_2021,regulation of low-density lipoprotein particle clearance (GO:0010988),1/10,0.22371518046809483,4.3400132753059015,6.498655813689781,LDLRAP1,1.0
GO_Biological_Process_2021,regulation of T-helper 17 cell differentiation (GO:2000319),1/10,0.22371518046809483,4.3400132753059015,6.498655813689781,ZC3H12A,1.0
GO_Biological_Process_2021,negative regulation of circadian rhythm (GO:0042754),1/10,0.22371518046809483,4.3400132753059015,6.498655813689781,SFPQ,1.0
GO_Biological_Process_2021,arachidonate transport (GO:1903963),1/10,0.22371518046809483,4.3400132753059015,6.498655813689781,PLA2G5,1.0
GO_Biological_Process_2021,cellular response to hydroxyurea (GO:0072711),1/10,0.22371518046809483,4.3400132753059015,6.498655813689781,DDI2,1.0
GO_Biological_Process_2021,regulation of actin filament-based movement (GO:1903115),1/10,0.22371518046809483,4.3400132753059015,6.498655813689781,PDPN,1.0
GO_Biological_Process_2021,cellular response to acidic pH (GO:0071468),1/10,0.22371518046809483,4.3400132753059015,6.498655813689781,SLC9A1,1.0
GO_Biological_Process_2021,regulation of hydrogen peroxide-induced cell death (GO:1903205),1/10,0.22371518046809483,4.3400132753059015,6.498655813689781,PARK7,1.0
GO_Biological_Process_2021,positive regulation of cell activation (GO:0050867),1/10,0.22371518046809483,4.3400132753059015,6.498655813689781,RPS6KA1,1.0
GO_Biological_Process_2021,negative regulation of viral-induced cytoplasmic pattern recognition receptor signaling pathway (GO:0039532),1/10,0.22371518046809483,4.3400132753059015,6.498655813689781,GPATCH3,1.0
GO_Biological_Process_2021,regulation of peptidyl-lysine acetylation (GO:2000756),1/10,0.22371518046809483,4.3400132753059015,6.498655813689781,PARK7,1.0
GO_Biological_Process_2021,removal of superoxide radicals (GO:0019430),1/10,0.22371518046809483,4.3400132753059015,6.498655813689781,PRDX1,1.0
GO_Biological_Process_2021,positive regulation of monocyte differentiation (GO:0045657),1/10,0.22371518046809483,4.3400132753059015,6.498655813689781,CTNNBIP1,1.0
GO_Biological_Process_2021,histone H3-K36 demethylation (GO:0070544),1/10,0.22371518046809483,4.3400132753059015,6.498655813689781,KDM4A,1.0
GO_Biological_Process_2021,glycine transport (GO:0015816),1/10,0.22371518046809483,4.3400132753059015,6.498655813689781,SLC6A9,1.0
GO_Biological_Process_2021,negative regulation of lymphocyte apoptotic process (GO:0070229),1/10,0.22371518046809483,4.3400132753059015,6.498655813689781,NOC2L,1.0
GO_Biological_Process_2021,pinocytosis (GO:0006907),1/10,0.22371518046809483,4.3400132753059015,6.498655813689781,PPT1,1.0
GO_Biological_Process_2021,histone H4 deacetylation (GO:0070933),1/10,0.22371518046809483,4.3400132753059015,6.498655813689781,HDAC1,1.0
GO_Biological_Process_2021,negative regulation of extracellular matrix organization (GO:1903054),1/10,0.22371518046809483,4.3400132753059015,6.498655813689781,TNFRSF1B,1.0
GO_Biological_Process_2021,regulation of protein neddylation (GO:2000434),1/10,0.22371518046809483,4.3400132753059015,6.498655813689781,RPL11,1.0
GO_Biological_Process_2021,nucleic acid transport (GO:0050657),1/10,0.22371518046809483,4.3400132753059015,6.498655813689781,YBX1,1.0
GO_Biological_Process_2021,lung epithelium development (GO:0060428),1/10,0.22371518046809483,4.3400132753059015,6.498655813689781,ERRFI1,1.0
GO_Biological_Process_2021,arachidonic acid secretion (GO:0050482),1/10,0.22371518046809483,4.3400132753059015,6.498655813689781,PLA2G5,1.0
GO_Biological_Process_2021,morphogenesis of an epithelial sheet (GO:0002011),1/10,0.22371518046809483,4.3400132753059015,6.498655813689781,PHACTR4,1.0
GO_Biological_Process_2021,protein K11-linked deubiquitination (GO:0035871),1/10,0.22371518046809483,4.3400132753059015,6.498655813689781,OTUD3,1.0
GO_Biological_Process_2021,nuclear mRNA surveillance (GO:0071028),1/10,0.22371518046809483,4.3400132753059015,6.498655813689781,EXOSC10,1.0
GO_Biological_Process_2021,positive regulation of epidermis development (GO:0045684),1/10,0.22371518046809483,4.3400132753059015,6.498655813689781,KDF1,1.0
GO_Biological_Process_2021,regulation of axon guidance (GO:1902667),1/10,0.22371518046809483,4.3400132753059015,6.498655813689781,ZSWIM5,1.0
GO_Biological_Process_2021,regulation of DNA damage checkpoint (GO:2000001),1/10,0.22371518046809483,4.3400132753059015,6.498655813689781,RPA2,1.0
GO_Biological_Process_2021,UV protection (GO:0009650),1/10,0.22371518046809483,4.3400132753059015,6.498655813689781,SDF4,1.0
GO_Biological_Process_2021,positive regulation of transcription by RNA polymerase III (GO:0045945),1/10,0.22371518046809483,4.3400132753059015,6.498655813689781,MTOR,1.0
GO_Biological_Process_2021,acetyl-CoA biosynthetic process (GO:0006085),1/10,0.22371518046809483,4.3400132753059015,6.498655813689781,PPCS,1.0
GO_Biological_Process_2021,regulation of protein import into nucleus (GO:0042306),2/36,0.22698789157374769,2.29931486169578,3.4095588259895764,DMAP1;ZC3H12A,1.0
GO_Biological_Process_2021,positive regulation of innate immune response (GO:0045089),2/36,0.22698789157374769,2.29931486169578,3.4095588259895764,PLA2G5;TRIM62,1.0
GO_Biological_Process_2021,cellular response to nutrient levels (GO:0031669),3/66,0.22829333223068368,1.8623167211759595,2.750872597898412,MFSD2A;MTOR;RRAGC,1.0
GO_Biological_Process_2021,regulation of protein localization (GO:0032880),3/66,0.22829333223068368,1.8623167211759595,2.750872597898412,DVL1;KDM1A;PLEKHM2,1.0
GO_Biological_Process_2021,cellular response to hypoxia (GO:0071456),5/131,0.23072885997010403,1.5531505225754423,2.277713916790995,HP1BP3;MTOR;PINK1;PLK3;PSMB2,1.0
GO_Biological_Process_2021,nervous system development (GO:0007399),14/447,0.23092150249273294,1.2684876051257314,1.8591936686187778,ADGRB2;ARTN;DVL1;EPHB2;HES5;HPCAL4;MARCKSL1;MTF1;NBL1;POU3F1;PPT1;SLC2A1;SZT2;UTP11,1.0
GO_Biological_Process_2021,negative regulation of canonical Wnt signaling pathway (GO:0090090),6/165,0.2322900493395882,1.4774272109450606,2.1567016673986776,DVL1;HDAC1;MAD2L2;NPHP4;PSMB2;PTPRU,1.0
GO_Biological_Process_2021,regulation of viral genome replication (GO:0045069),3/67,0.23493151152967076,1.8331237065141108,2.6552086509686403,ISG15;PPIE;PPIH,1.0
GO_Biological_Process_2021,regulation of epidermal growth factor receptor signaling pathway (GO:0042058),3/67,0.23493151152967076,1.8331237065141108,2.6552086509686403,CDC42;ERRFI1;IFI6,1.0
GO_Biological_Process_2021,protein insertion into ER membrane (GO:0045048),2/37,0.23627084238779497,2.2335054066708606,3.222449101646917,EMC1;UBE2J2,1.0
GO_Biological_Process_2021,centromere complex assembly (GO:0034508),2/37,0.23627084238779497,2.2335054066708606,3.222449101646917,CENPS;RBBP4,1.0
GO_Biological_Process_2021,regulation of intracellular steroid hormone receptor signaling pathway (GO:0033143),2/37,0.23627084238779497,2.2335054066708606,3.222449101646917,KDM1A;PARK7,1.0
GO_Biological_Process_2021,lysosome localization (GO:0032418),2/37,0.23627084238779497,2.2335054066708606,3.222449101646917,PIK3CD;PLEKHM2,1.0
GO_Biological_Process_2021,regulation of vascular associated smooth muscle cell proliferation (GO:1904705),2/37,0.23627084238779497,2.2335054066708606,3.222449101646917,LDLRAP1;MFN2,1.0
GO_Biological_Process_2021,glutamine family amino acid metabolic process (GO:0009064),2/37,0.23627084238779497,2.2335054066708606,3.222449101646917,ALDH4A1;RIMKLA,1.0
GO_Biological_Process_2021,skeletal muscle tissue development (GO:0007519),2/37,0.23627084238779497,2.2335054066708606,3.222449101646917,SELENON;SKI,1.0
GO_Biological_Process_2021,"phagocytosis, engulfment (GO:0006911)",2/37,0.23627084238779497,2.2335054066708606,3.222449101646917,CDC42;XKR8,1.0
GO_Biological_Process_2021,regulation of cell adhesion (GO:0030155),5/133,0.23995860400750046,1.5287247173805614,2.1819317496751487,EPHA2;EPHA8;EPHB2;TNFRSF18;YTHDF2,1.0
GO_Biological_Process_2021,regulation of translational initiation (GO:0006446),3/68,0.24160333655990068,1.8048289384572418,2.5636837092306073,EIF4G3;KHDRBS1;YTHDF2,1.0
GO_Biological_Process_2021,aminoglycan metabolic process (GO:0006022),1/11,0.2431320093708438,3.9058115469777244,5.523406268789198,B3GALT6,1.0
GO_Biological_Process_2021,phosphorylated carbohydrate dephosphorylation (GO:0046838),1/11,0.2431320093708438,3.9058115469777244,5.523406268789198,INPP5B,1.0
GO_Biological_Process_2021,central nervous system myelination (GO:0022010),1/11,0.2431320093708438,3.9058115469777244,5.523406268789198,HES5,1.0
GO_Biological_Process_2021,regulation of lamellipodium morphogenesis (GO:2000392),1/11,0.2431320093708438,3.9058115469777244,5.523406268789198,PDPN,1.0
GO_Biological_Process_2021,negative regulation of activin receptor signaling pathway (GO:0032926),1/11,0.2431320093708438,3.9058115469777244,5.523406268789198,SKI,1.0
GO_Biological_Process_2021,positive regulation of interleukin-13 production (GO:0032736),1/11,0.2431320093708438,3.9058115469777244,5.523406268789198,PRKCZ,1.0
GO_Biological_Process_2021,mitochondrial transcription (GO:0006390),1/11,0.2431320093708438,3.9058115469777244,5.523406268789198,SLC25A33,1.0
GO_Biological_Process_2021,Notch signaling involved in heart development (GO:0061314),1/11,0.2431320093708438,3.9058115469777244,5.523406268789198,HEYL,1.0
GO_Biological_Process_2021,Golgi inheritance (GO:0048313),1/11,0.2431320093708438,3.9058115469777244,5.523406268789198,PLK3,1.0
GO_Biological_Process_2021,regulation of coagulation (GO:0050818),1/11,0.2431320093708438,3.9058115469777244,5.523406268789198,EPHB2,1.0
GO_Biological_Process_2021,Golgi to lysosome transport (GO:0090160),1/11,0.2431320093708438,3.9058115469777244,5.523406268789198,LAPTM5,1.0
GO_Biological_Process_2021,hematopoietic stem cell proliferation (GO:0071425),1/11,0.2431320093708438,3.9058115469777244,5.523406268789198,YTHDF2,1.0
GO_Biological_Process_2021,hepatocyte growth factor receptor signaling pathway (GO:0048012),1/11,0.2431320093708438,3.9058115469777244,5.523406268789198,STMN1,1.0
GO_Biological_Process_2021,positive regulation of neuroblast proliferation (GO:0002052),1/11,0.2431320093708438,3.9058115469777244,5.523406268789198,KDM1A,1.0
GO_Biological_Process_2021,positive regulation of actin nucleation (GO:0051127),1/11,0.2431320093708438,3.9058115469777244,5.523406268789198,WASF2,1.0
GO_Biological_Process_2021,negative regulation of lymphocyte migration (GO:2000402),1/11,0.2431320093708438,3.9058115469777244,5.523406268789198,PADI2,1.0
GO_Biological_Process_2021,positive regulation of triglyceride biosynthetic process (GO:0010867),1/11,0.2431320093708438,3.9058115469777244,5.523406268789198,MFSD2A,1.0
GO_Biological_Process_2021,response to hydroxyurea (GO:0072710),1/11,0.2431320093708438,3.9058115469777244,5.523406268789198,DDI2,1.0
GO_Biological_Process_2021,regulation of mesenchymal cell proliferation (GO:0010464),1/11,0.2431320093708438,3.9058115469777244,5.523406268789198,CTNNBIP1,1.0
GO_Biological_Process_2021,response to prostaglandin E (GO:0034695),1/11,0.2431320093708438,3.9058115469777244,5.523406268789198,GNB1,1.0
GO_Biological_Process_2021,negative regulation of defense response to virus (GO:0050687),1/11,0.2431320093708438,3.9058115469777244,5.523406268789198,MUL1,1.0
GO_Biological_Process_2021,enteric nervous system development (GO:0048484),1/11,0.2431320093708438,3.9058115469777244,5.523406268789198,PHACTR4,1.0
GO_Biological_Process_2021,positive regulation of myelination (GO:0031643),1/11,0.2431320093708438,3.9058115469777244,5.523406268789198,TNFRSF1B,1.0
GO_Biological_Process_2021,inositol phosphate dephosphorylation (GO:0046855),1/11,0.2431320093708438,3.9058115469777244,5.523406268789198,INPP5B,1.0
GO_Biological_Process_2021,positive regulation of posttranscriptional gene silencing (GO:0060148),1/11,0.2431320093708438,3.9058115469777244,5.523406268789198,PUM1,1.0
GO_Biological_Process_2021,regulation of T-helper 2 cell cytokine production (GO:2000551),1/11,0.2431320093708438,3.9058115469777244,5.523406268789198,PRKCZ,1.0
GO_Biological_Process_2021,regulation of phospholipase activity (GO:0010517),1/11,0.2431320093708438,3.9058115469777244,5.523406268789198,PLA2G5,1.0
GO_Biological_Process_2021,negative regulation of T-helper cell differentiation (GO:0045623),1/11,0.2431320093708438,3.9058115469777244,5.523406268789198,ZC3H12A,1.0
GO_Biological_Process_2021,cellular response to superoxide (GO:0071451),1/11,0.2431320093708438,3.9058115469777244,5.523406268789198,PRDX1,1.0
GO_Biological_Process_2021,regulation of pH (GO:0006885),1/11,0.2431320093708438,3.9058115469777244,5.523406268789198,SLC9A1,1.0
GO_Biological_Process_2021,regulation of biosynthetic process (GO:0009889),1/11,0.2431320093708438,3.9058115469777244,5.523406268789198,SLC25A33,1.0
GO_Biological_Process_2021,establishment of epithelial cell apical/basal polarity (GO:0045198),1/11,0.2431320093708438,3.9058115469777244,5.523406268789198,CDC42,1.0
GO_Biological_Process_2021,camera-type eye morphogenesis (GO:0048593),1/11,0.2431320093708438,3.9058115469777244,5.523406268789198,SKI,1.0
GO_Biological_Process_2021,regulation of mitochondrial fusion (GO:0010635),1/11,0.2431320093708438,3.9058115469777244,5.523406268789198,MUL1,1.0
GO_Biological_Process_2021,tetrahydrofolate metabolic process (GO:0046653),1/11,0.2431320093708438,3.9058115469777244,5.523406268789198,MTHFR,1.0
GO_Biological_Process_2021,positive regulation of lipid localization (GO:1905954),1/11,0.2431320093708438,3.9058115469777244,5.523406268789198,ZC3H12A,1.0
GO_Biological_Process_2021,"DNA damage response, signal transduction resulting in transcription (GO:0042772)",1/11,0.2431320093708438,3.9058115469777244,5.523406268789198,MAD2L2,1.0
GO_Biological_Process_2021,rhodopsin mediated signaling pathway (GO:0016056),1/11,0.2431320093708438,3.9058115469777244,5.523406268789198,GNB1,1.0
GO_Biological_Process_2021,regulation of mitochondrial depolarization (GO:0051900),1/11,0.2431320093708438,3.9058115469777244,5.523406268789198,IFI6,1.0
GO_Biological_Process_2021,calcineurin-NFAT signaling cascade (GO:0033173),1/11,0.2431320093708438,3.9058115469777244,5.523406268789198,ADGRB2,1.0
GO_Biological_Process_2021,negative regulation of nuclear division (GO:0051784),1/11,0.2431320093708438,3.9058115469777244,5.523406268789198,AURKAIP1,1.0
GO_Biological_Process_2021,regulation of T cell mediated immunity (GO:0002709),1/11,0.2431320093708438,3.9058115469777244,5.523406268789198,TNFRSF1B,1.0
GO_Biological_Process_2021,positive regulation of leukocyte apoptotic process (GO:2000108),1/11,0.2431320093708438,3.9058115469777244,5.523406268789198,PIK3CD,1.0
GO_Biological_Process_2021,T cell chemotaxis (GO:0010818),1/11,0.2431320093708438,3.9058115469777244,5.523406268789198,PIK3CD,1.0
GO_Biological_Process_2021,protein localization to phagophore assembly site (GO:0034497),1/11,0.2431320093708438,3.9058115469777244,5.523406268789198,MFN2,1.0
GO_Biological_Process_2021,nucleus localization (GO:0051647),1/11,0.2431320093708438,3.9058115469777244,5.523406268789198,MTOR,1.0
GO_Biological_Process_2021,regulation of cysteine-type endopeptidase activity involved in apoptotic signaling pathway (GO:2001267),1/11,0.2431320093708438,3.9058115469777244,5.523406268789198,PARK7,1.0
GO_Biological_Process_2021,negative regulation of proteasomal protein catabolic process (GO:1901799),2/38,0.24557364645174465,2.1713520324806597,3.0489221766295427,PARK7;RPL11,1.0
GO_Biological_Process_2021,negative regulation of TOR signaling (GO:0032007),2/38,0.24557364645174465,2.1713520324806597,3.0489221766295427,SESN2;SZT2,1.0
GO_Biological_Process_2021,negative regulation of ubiquitin-dependent protein catabolic process (GO:2000059),2/38,0.24557364645174465,2.1713520324806597,3.0489221766295427,PARK7;RPL11,1.0
GO_Biological_Process_2021,positive regulation of protein localization to membrane (GO:1905477),4/101,0.24619260876944063,1.6131526121392163,2.261060980658893,ARHGEF16;EPHA2;EPHB2;TP73,1.0
GO_Biological_Process_2021,post-translational protein modification (GO:0043687),11/345,0.24721343791937617,1.2908293584526036,1.8039381518122166,FBXO2;FBXO44;FBXO6;ICMT;KLHL21;MXRA8;PSMB2;PTP4A2;SPSB1;VWA1;WDTC1,1.0
GO_Biological_Process_2021,cell chemotaxis (GO:0060326),3/69,0.24830593640197854,1.7773915876142174,2.4760729850492993,ARHGEF16;EPHA2;PLEKHG5,1.0
GO_Biological_Process_2021,cellular response to decreased oxygen levels (GO:0036294),3/69,0.24830593640197854,1.7773915876142174,2.4760729850492993,HP1BP3;MTOR;PINK1,1.0
GO_Biological_Process_2021,regulation of proteasomal ubiquitin-dependent protein catabolic process (GO:0032434),4/102,0.25164771022299726,1.5966095802197708,2.2028823843462644,DVL1;PARK7;RNF19B;RPL11,1.0
GO_Biological_Process_2021,axonogenesis (GO:0007409),8/240,0.25339586636663003,1.3504345120811603,1.8538796364721573,ARTN;EPHA10;EPHA2;EPHA8;EPHB2;LYPLA2;PIK3CD;RAP1GAP,1.0
GO_Biological_Process_2021,proteasomal protein catabolic process (GO:0010498),7/205,0.25393394041491407,1.384166178307937,1.8972504515579953,DDI2;FBXO44;HECTD3;PSMB2;SPSB1;UBE4B;UBXN11,1.0
GO_Biological_Process_2021,regulation of receptor-mediated endocytosis (GO:0048259),2/39,0.2548895244245249,2.1125583001385775,2.8877088922594356,LDLRAP1;PPT1,1.0
GO_Biological_Process_2021,replication fork processing (GO:0031297),2/39,0.2548895244245249,2.1125583001385775,2.8877088922594356,CENPS;CORT,1.0
GO_Biological_Process_2021,regulation of cellular component biogenesis (GO:0044087),2/39,0.2548895244245249,2.1125583001385775,2.8877088922594356,PINK1;TIE1,1.0
GO_Biological_Process_2021,DNA replication-independent nucleosome assembly (GO:0006336),2/39,0.2548895244245249,2.1125583001385775,2.8877088922594356,CENPS;RBBP4,1.0
GO_Biological_Process_2021,negative regulation of secretion by cell (GO:1903531),2/39,0.2548895244245249,2.1125583001385775,2.8877088922594356,TNFRSF1B;VAMP3,1.0
GO_Biological_Process_2021,regulation of plasma membrane bounded cell projection assembly (GO:0120032),3/70,0.25503648848415067,1.7507732621694923,2.3921666866628692,CAPZB;CDC42;EPHA2,1.0
GO_Biological_Process_2021,"DNA-templated transcription, termination (GO:0006353)",3/70,0.25503648848415067,1.7507732621694923,2.3921666866628692,LSM10;MED18;SSU72,1.0
GO_Biological_Process_2021,chromatin remodeling (GO:0006338),4/103,0.25712801716059835,1.5804007509653648,2.1464705834656157,ARID1A;HDAC1;KDM4A;RBBP4,1.0
GO_Biological_Process_2021,negative regulation of neuron apoptotic process (GO:0043524),3/71,0.2617922197958736,1.7249378286496118,2.3117688262177847,PARK7;PINK1;PPT1,1.0
GO_Biological_Process_2021,myeloid leukocyte differentiation (GO:0002573),3/71,0.2617922197958736,1.7249378286496118,2.3117688262177847,CDC42;EPHA2;PIK3CD,1.0
GO_Biological_Process_2021,Fc-gamma receptor signaling pathway involved in phagocytosis (GO:0038096),3/71,0.2617922197958736,1.7249378286496118,2.3117688262177847,CDC42;FGR;WASF2,1.0
GO_Biological_Process_2021,cholesterol homeostasis (GO:0042632),3/71,0.2617922197958736,1.7249378286496118,2.3117688262177847,DISP3;FABP3;LDLRAP1,1.0
GO_Biological_Process_2021,positive regulation of cellular protein localization (GO:1903829),3/71,0.2617922197958736,1.7249378286496118,2.3117688262177847,CROCC;PARK7;SESN2,1.0
GO_Biological_Process_2021,regulation of hematopoietic stem cell differentiation (GO:1902036),3/71,0.2617922197958736,1.7249378286496118,2.3117688262177847,PSMB2;TP73;YTHDF2,1.0
GO_Biological_Process_2021,urogenital system development (GO:0001655),1/12,0.262064121798408,3.5505555874364885,4.754783556282315,EPHB2,1.0
GO_Biological_Process_2021,phagolysosome assembly (GO:0001845),1/12,0.262064121798408,3.5505555874364885,4.754783556282315,PLA2G5,1.0
GO_Biological_Process_2021,phospholipid homeostasis (GO:0055091),1/12,0.262064121798408,3.5505555874364885,4.754783556282315,FABP3,1.0
GO_Biological_Process_2021,regulation of astrocyte differentiation (GO:0048710),1/12,0.262064121798408,3.5505555874364885,4.754783556282315,HES5,1.0
GO_Biological_Process_2021,maintenance of protein localization in endoplasmic reticulum (GO:0035437),1/12,0.262064121798408,3.5505555874364885,4.754783556282315,RER1,1.0
GO_Biological_Process_2021,magnesium ion transport (GO:0015693),1/12,0.262064121798408,3.5505555874364885,4.754783556282315,NIPAL3,1.0
GO_Biological_Process_2021,microtubule anchoring (GO:0034453),1/12,0.262064121798408,3.5505555874364885,4.754783556282315,PEX14,1.0
GO_Biological_Process_2021,depurination (GO:0045007),1/12,0.262064121798408,3.5505555874364885,4.754783556282315,MUTYH,1.0
GO_Biological_Process_2021,calcium ion-regulated exocytosis of neurotransmitter (GO:0048791),1/12,0.262064121798408,3.5505555874364885,4.754783556282315,RIMS3,1.0
GO_Biological_Process_2021,negative regulation of gene silencing by miRNA (GO:0060965),1/12,0.262064121798408,3.5505555874364885,4.754783556282315,ZC3H12A,1.0
GO_Biological_Process_2021,negative regulation of histone acetylation (GO:0035067),1/12,0.262064121798408,3.5505555874364885,4.754783556282315,NOC2L,1.0
GO_Biological_Process_2021,negative regulation of heart contraction (GO:0045822),1/12,0.262064121798408,3.5505555874364885,4.754783556282315,ZC3H12A,1.0
GO_Biological_Process_2021,Golgi localization (GO:0051645),1/12,0.262064121798408,3.5505555874364885,4.754783556282315,CDC42,1.0
GO_Biological_Process_2021,negative regulation by host of viral process (GO:0044793),1/12,0.262064121798408,3.5505555874364885,4.754783556282315,ZC3H12A,1.0
GO_Biological_Process_2021,pyrimidine nucleobase metabolic process (GO:0006206),1/12,0.262064121798408,3.5505555874364885,4.754783556282315,CTPS1,1.0
GO_Biological_Process_2021,axonal fasciculation (GO:0007413),1/12,0.262064121798408,3.5505555874364885,4.754783556282315,EPHB2,1.0
GO_Biological_Process_2021,regulation of keratinocyte migration (GO:0051547),1/12,0.262064121798408,3.5505555874364885,4.754783556282315,MTOR,1.0
GO_Biological_Process_2021,regulation of alcohol biosynthetic process (GO:1902930),1/12,0.262064121798408,3.5505555874364885,4.754783556282315,H6PD,1.0
GO_Biological_Process_2021,regulation of histone H3-K9 methylation (GO:0051570),1/12,0.262064121798408,3.5505555874364885,4.754783556282315,KDM1A,1.0
GO_Biological_Process_2021,inositol phosphate catabolic process (GO:0071545),1/12,0.262064121798408,3.5505555874364885,4.754783556282315,INPP5B,1.0
GO_Biological_Process_2021,negative regulation of fatty acid biosynthetic process (GO:0045717),1/12,0.262064121798408,3.5505555874364885,4.754783556282315,WDTC1,1.0
GO_Biological_Process_2021,sno(s)RNA 3'-end processing (GO:0031126),1/12,0.262064121798408,3.5505555874364885,4.754783556282315,EXOSC10,1.0
GO_Biological_Process_2021,homocysteine metabolic process (GO:0050667),1/12,0.262064121798408,3.5505555874364885,4.754783556282315,MTHFR,1.0
GO_Biological_Process_2021,negative regulation of microtubule polymerization (GO:0031115),1/12,0.262064121798408,3.5505555874364885,4.754783556282315,STMN1,1.0
GO_Biological_Process_2021,regulation of plasminogen activation (GO:0010755),1/12,0.262064121798408,3.5505555874364885,4.754783556282315,ENO1,1.0
GO_Biological_Process_2021,regulation of pseudopodium assembly (GO:0031272),1/12,0.262064121798408,3.5505555874364885,4.754783556282315,CDC42,1.0
GO_Biological_Process_2021,mitochondrial genome maintenance (GO:0000002),1/12,0.262064121798408,3.5505555874364885,4.754783556282315,SLC25A33,1.0
GO_Biological_Process_2021,very-low-density lipoprotein particle assembly (GO:0034379),1/12,0.262064121798408,3.5505555874364885,4.754783556282315,MFSD2A,1.0
GO_Biological_Process_2021,regulation of RNA export from nucleus (GO:0046831),1/12,0.262064121798408,3.5505555874364885,4.754783556282315,KHDRBS1,1.0
GO_Biological_Process_2021,"mitochondrial electron transport, ubiquinol to cytochrome c (GO:0006122)",1/12,0.262064121798408,3.5505555874364885,4.754783556282315,UQCRHL,1.0
GO_Biological_Process_2021,presynapse organization (GO:0099172),1/12,0.262064121798408,3.5505555874364885,4.754783556282315,DVL1,1.0
GO_Biological_Process_2021,C-terminal protein amino acid modification (GO:0018410),1/12,0.262064121798408,3.5505555874364885,4.754783556282315,ICMT,1.0
GO_Biological_Process_2021,negative regulation of production of miRNAs involved in gene silencing by miRNA (GO:1903799),1/12,0.262064121798408,3.5505555874364885,4.754783556282315,ZC3H12A,1.0
GO_Biological_Process_2021,calcineurin-mediated signaling (GO:0097720),1/12,0.262064121798408,3.5505555874364885,4.754783556282315,ADGRB2,1.0
GO_Biological_Process_2021,positive regulation of pseudopodium assembly (GO:0031274),1/12,0.262064121798408,3.5505555874364885,4.754783556282315,CDC42,1.0
GO_Biological_Process_2021,regulation of B cell apoptotic process (GO:0002902),1/12,0.262064121798408,3.5505555874364885,4.754783556282315,NOC2L,1.0
GO_Biological_Process_2021,positive regulation of cation channel activity (GO:2001259),2/40,0.26421202222468826,2.0568589747618677,2.7376862551446557,EPHB2;LRRC38,1.0
GO_Biological_Process_2021,positive regulation of catalytic activity (GO:0043085),2/40,0.26421202222468826,2.0568589747618677,2.7376862551446557,AZIN2;PHACTR4,1.0
GO_Biological_Process_2021,negative regulation of ERBB signaling pathway (GO:1901185),2/40,0.26421202222468826,2.0568589747618677,2.7376862551446557,CDC42;ERRFI1,1.0
GO_Biological_Process_2021,fatty acid derivative biosynthetic process (GO:1901570),2/40,0.26421202222468826,2.0568589747618677,2.7376862551446557,HMGCL;PPT1,1.0
GO_Biological_Process_2021,response to organonitrogen compound (GO:0010243),2/40,0.26421202222468826,2.0568589747618677,2.7376862551446557,MTOR;RRAGC,1.0
GO_Biological_Process_2021,bone development (GO:0060348),2/40,0.26421202222468826,2.0568589747618677,2.7376862551446557,P3H1;SKI,1.0
GO_Biological_Process_2021,negative regulation of cell-substrate adhesion (GO:0010812),2/40,0.26421202222468826,2.0568589747618677,2.7376862551446557,AJAP1;RCC2,1.0
GO_Biological_Process_2021,supramolecular fiber organization (GO:0097435),11/351,0.26458974962576665,1.2676530482375774,1.6854395064796812,CDC42;COL16A1;COL8A2;COL9A2;HSPG2;MAD2L2;MARCKSL1;P3H1;PLK3;PLOD1;STMN1,1.0
GO_Biological_Process_2021,positive regulation of cellular metabolic process (GO:0031325),4/105,0.26815821900841447,1.5489459932043388,2.038688799351263,ECE1;IFNLR1;VAMP3;ZC3H12A,1.0
GO_Biological_Process_2021,sterol homeostasis (GO:0055092),3/72,0.2685704079655484,1.6998512482752353,2.234696137702629,DISP3;FABP3;LDLRAP1,1.0
GO_Biological_Process_2021,Fc-gamma receptor signaling pathway (GO:0038094),3/72,0.2685704079655484,1.6998512482752353,2.234696137702629,CDC42;FGR;WASF2,1.0
GO_Biological_Process_2021,cell morphogenesis involved in differentiation (GO:0000904),3/72,0.2685704079655484,1.6998512482752353,2.234696137702629,EPHA2;VAMP3;YTHDF2,1.0
GO_Biological_Process_2021,negative regulation of nucleic acid-templated transcription (GO:1903507),14/464,0.2734965485072579,1.2194787135452483,1.5810130275298433,DMAP1;ENO1;HDAC1;HEYL;ID3;KDM1A;KDM4A;KHDRBS1;PEX14;PHC2;SAMD11;SCMH1;SFPQ;SPEN,1.0
GO_Biological_Process_2021,hexose metabolic process (GO:0019318),2/41,0.2735349990597321,2.0040160250455026,2.59785747246144,AKR1A1;FUCA1,1.0
GO_Biological_Process_2021,regulation of response to DNA damage stimulus (GO:2001020),2/41,0.2735349990597321,2.0040160250455026,2.59785747246144,CASP9;RPA2,1.0
GO_Biological_Process_2021,keratinocyte differentiation (GO:0030216),2/41,0.2735349990597321,2.0040160250455026,2.59785747246144,CLIC4;EPHA2,1.0
GO_Biological_Process_2021,regulation of protein dephosphorylation (GO:0035304),2/41,0.2735349990597321,2.0040160250455026,2.59785747246144,CAMTA1;PPP1R8,1.0
GO_Biological_Process_2021,small GTPase mediated signal transduction (GO:0007264),4/106,0.27370512842008793,1.5336811842908997,1.9871967313101373,CNKSR1;GNB1;PARK7;RRAGC,1.0
GO_Biological_Process_2021,chromosome organization (GO:0051276),4/106,0.27370512842008793,1.5336811842908997,1.9871967313101373,HDAC1;HMGN2;MTHFR;PADI2,1.0
GO_Biological_Process_2021,very long-chain fatty acid biosynthetic process (GO:0042761),1/13,0.2805235944370309,3.2545089544854586,4.136798006742,ELOVL1,1.0
GO_Biological_Process_2021,central nervous system neuron axonogenesis (GO:0021955),1/13,0.2805235944370309,3.2545089544854586,4.136798006742,EPHB2,1.0
GO_Biological_Process_2021,transport along microtubule (GO:0010970),1/13,0.2805235944370309,3.2545089544854586,4.136798006742,CDC42,1.0
GO_Biological_Process_2021,myelination in peripheral nervous system (GO:0022011),1/13,0.2805235944370309,3.2545089544854586,4.136798006742,SKI,1.0
GO_Biological_Process_2021,pseudouridine synthesis (GO:0001522),1/13,0.2805235944370309,3.2545089544854586,4.136798006742,PUSL1,1.0
GO_Biological_Process_2021,DNA catabolic process (GO:0006308),1/13,0.2805235944370309,3.2545089544854586,4.136798006742,DFFB,1.0
GO_Biological_Process_2021,DNA replication-independent nucleosome organization (GO:0034724),1/13,0.2805235944370309,3.2545089544854586,4.136798006742,RBBP4,1.0
GO_Biological_Process_2021,negative regulation of reactive oxygen species biosynthetic process (GO:1903427),1/13,0.2805235944370309,3.2545089544854586,4.136798006742,PARK7,1.0
GO_Biological_Process_2021,positive regulation of steroid metabolic process (GO:0045940),1/13,0.2805235944370309,3.2545089544854586,4.136798006742,LDLRAP1,1.0
GO_Biological_Process_2021,polyamine metabolic process (GO:0006595),1/13,0.2805235944370309,3.2545089544854586,4.136798006742,SRM,1.0
GO_Biological_Process_2021,sodium ion export across plasma membrane (GO:0036376),1/13,0.2805235944370309,3.2545089544854586,4.136798006742,SLC9A1,1.0
GO_Biological_Process_2021,negative regulation of myotube differentiation (GO:0010832),1/13,0.2805235944370309,3.2545089544854586,4.136798006742,HDAC1,1.0
GO_Biological_Process_2021,"endonucleolytic cleavage of tricistronic rRNA transcript (SSU-rRNA, 5.8S rRNA, LSU-rRNA) (GO:0000479)",1/13,0.2805235944370309,3.2545089544854586,4.136798006742,NOL9,1.0
GO_Biological_Process_2021,negative regulation of nucleocytoplasmic transport (GO:0046823),1/13,0.2805235944370309,3.2545089544854586,4.136798006742,PARK7,1.0
GO_Biological_Process_2021,embryonic appendage morphogenesis (GO:0035113),1/13,0.2805235944370309,3.2545089544854586,4.136798006742,SKI,1.0
GO_Biological_Process_2021,negative regulation of substrate adhesion-dependent cell spreading (GO:1900025),1/13,0.2805235944370309,3.2545089544854586,4.136798006742,RCC2,1.0
GO_Biological_Process_2021,negative regulation of mononuclear cell migration (GO:0071676),1/13,0.2805235944370309,3.2545089544854586,4.136798006742,NBL1,1.0
GO_Biological_Process_2021,negative regulation of gluconeogenesis (GO:0045721),1/13,0.2805235944370309,3.2545089544854586,4.136798006742,C1QTNF12,1.0
GO_Biological_Process_2021,negative regulation of intrinsic apoptotic signaling pathway in response to DNA damage by p53 class mediator (GO:1902166),1/13,0.2805235944370309,3.2545089544854586,4.136798006742,KDM1A,1.0
GO_Biological_Process_2021,fatty acid elongation (GO:0030497),1/13,0.2805235944370309,3.2545089544854586,4.136798006742,ELOVL1,1.0
GO_Biological_Process_2021,negative regulation of histone methylation (GO:0031061),1/13,0.2805235944370309,3.2545089544854586,4.136798006742,KDM1A,1.0
GO_Biological_Process_2021,glucose import (GO:0046323),1/13,0.2805235944370309,3.2545089544854586,4.136798006742,SLC2A1,1.0
GO_Biological_Process_2021,negative regulation of cellular senescence (GO:2000773),1/13,0.2805235944370309,3.2545089544854586,4.136798006742,YBX1,1.0
GO_Biological_Process_2021,positive regulation of mRNA metabolic process (GO:1903313),1/13,0.2805235944370309,3.2545089544854586,4.136798006742,ZC3H12A,1.0
GO_Biological_Process_2021,cellular biogenic amine metabolic process (GO:0006576),1/13,0.2805235944370309,3.2545089544854586,4.136798006742,SRM,1.0
GO_Biological_Process_2021,icosanoid secretion (GO:0032309),1/13,0.2805235944370309,3.2545089544854586,4.136798006742,PLA2G5,1.0
GO_Biological_Process_2021,regulation of nucleocytoplasmic transport (GO:0046822),1/13,0.2805235944370309,3.2545089544854586,4.136798006742,KHDRBS1,1.0
GO_Biological_Process_2021,negative regulation of epidermal growth factor-activated receptor activity (GO:0007175),1/13,0.2805235944370309,3.2545089544854586,4.136798006742,ERRFI1,1.0
GO_Biological_Process_2021,regulation of oxidoreductase activity (GO:0051341),1/13,0.2805235944370309,3.2545089544854586,4.136798006742,SZT2,1.0
GO_Biological_Process_2021,negative regulation of hydrogen peroxide-induced cell death (GO:1903206),1/13,0.2805235944370309,3.2545089544854586,4.136798006742,PARK7,1.0
GO_Biological_Process_2021,regulation of interleukin-5 production (GO:0032674),1/13,0.2805235944370309,3.2545089544854586,4.136798006742,PRKCZ,1.0
GO_Biological_Process_2021,spliceosomal tri-snRNP complex assembly (GO:0000244),1/13,0.2805235944370309,3.2545089544854586,4.136798006742,SRSF10,1.0
GO_Biological_Process_2021,negative regulation of autophagosome assembly (GO:1902902),1/13,0.2805235944370309,3.2545089544854586,4.136798006742,PINK1,1.0
GO_Biological_Process_2021,transcription preinitiation complex assembly (GO:0070897),1/13,0.2805235944370309,3.2545089544854586,4.136798006742,TAF12,1.0
GO_Biological_Process_2021,regulation of protein acetylation (GO:1901983),1/13,0.2805235944370309,3.2545089544854586,4.136798006742,PARK7,1.0
GO_Biological_Process_2021,regulation of lysosomal lumen pH (GO:0035751),1/13,0.2805235944370309,3.2545089544854586,4.136798006742,PPT1,1.0
GO_Biological_Process_2021,alpha-linolenic acid metabolic process (GO:0036109),1/13,0.2805235944370309,3.2545089544854586,4.136798006742,ELOVL1,1.0
GO_Biological_Process_2021,negative regulation of cell morphogenesis involved in differentiation (GO:0010771),1/13,0.2805235944370309,3.2545089544854586,4.136798006742,RCC2,1.0
GO_Biological_Process_2021,Fc receptor mediated stimulatory signaling pathway (GO:0002431),3/74,0.2821835241592978,1.6517980802341758,2.08985100780782,CDC42;FGR;WASF2,1.0
GO_Biological_Process_2021,proteolysis involved in cellular protein catabolic process (GO:0051603),3/74,0.2821835241592978,1.6517980802341758,2.08985100780782,DDI2;FBXO44;ISG15,1.0
GO_Biological_Process_2021,positive regulation of epithelial to mesenchymal transition (GO:0010718),2/42,0.282852615848722,1.953815222814955,2.4673351278430125,MTOR;PDPN,1.0
GO_Biological_Process_2021,negative regulation of protein catabolic process (GO:0042177),2/42,0.282852615848722,1.953815222814955,2.4673351278430125,AZIN2;MAD2L2,1.0
GO_Biological_Process_2021,mitochondrial gene expression (GO:0140053),2/42,0.282852615848722,1.953815222814955,2.4673351278430125,MRPS15;SLC25A33,1.0
GO_Biological_Process_2021,histone H3 acetylation (GO:0043966),2/42,0.282852615848722,1.953815222814955,2.4673351278430125,MEAF6;TAF12,1.0
GO_Biological_Process_2021,regulation of ubiquitin-dependent protein catabolic process (GO:2000058),2/42,0.282852615848722,1.953815222814955,2.4673351278430125,LAPTM5;RPL11,1.0
GO_Biological_Process_2021,regulation of DNA recombination (GO:0000018),2/42,0.282852615848722,1.953815222814955,2.4673351278430125,KDM1A;RPA2,1.0
GO_Biological_Process_2021,regulation of double-strand break repair (GO:2000779),2/42,0.282852615848722,1.953815222814955,2.4673351278430125,KDM1A;RPA2,1.0
GO_Biological_Process_2021,nucleic acid phosphodiester bond hydrolysis (GO:0090305),3/75,0.28901326857314197,1.6287726038811685,2.02176722270282,PNRC2;RPA2;ZC3H12A,1.0
GO_Biological_Process_2021,regulation of hematopoietic progenitor cell differentiation (GO:1901532),3/75,0.28901326857314197,1.6287726038811685,2.02176722270282,PSMB2;TP73;YTHDF2,1.0
GO_Biological_Process_2021,natural killer cell activation (GO:0030101),2/43,0.29215932402611094,1.9060632402054103,2.345326941311662,PIK3CD;PRDX1,1.0
GO_Biological_Process_2021,positive regulation of neuron differentiation (GO:0045666),2/43,0.29215932402611094,1.9060632402054103,2.345326941311662,HEYL;NBL1,1.0
GO_Biological_Process_2021,DNA-dependent DNA replication maintenance of fidelity (GO:0045005),2/43,0.29215932402611094,1.9060632402054103,2.345326941311662,CENPS;CORT,1.0
GO_Biological_Process_2021,glutathione metabolic process (GO:0006749),2/43,0.29215932402611094,1.9060632402054103,2.345326941311662,MMACHC;PARK7,1.0
GO_Biological_Process_2021,negative regulation of type I interferon production (GO:0032480),2/43,0.29215932402611094,1.9060632402054103,2.345326941311662,GPATCH3;ISG15,1.0
GO_Biological_Process_2021,substantia nigra development (GO:0021762),2/43,0.29215932402611094,1.9060632402054103,2.345326941311662,CDC42;PADI2,1.0
GO_Biological_Process_2021,regulation of epithelial to mesenchymal transition (GO:0010717),3/76,0.295855103938923,1.6063779624967363,1.956384360944117,MAD2L2;MTOR;PDPN,1.0
GO_Biological_Process_2021,regulation of BMP signaling pathway (GO:0030510),3/76,0.295855103938923,1.6063779624967363,1.956384360944117,HES5;NBL1;SKI,1.0
GO_Biological_Process_2021,regulation of cell division (GO:0051302),3/76,0.295855103938923,1.6063779624967363,1.956384360944117,KDF1;KLHL21;PLK3,1.0
GO_Biological_Process_2021,RNA transport (GO:0050658),3/76,0.295855103938923,1.6063779624967363,1.956384360944117,SRRM1;SRSF4;YBX1,1.0
GO_Biological_Process_2021,water-soluble vitamin metabolic process (GO:0006767),3/76,0.295855103938923,1.6063779624967363,1.956384360944117,MMACHC;MTHFR;SLC2A1,1.0
GO_Biological_Process_2021,positive regulation of T-helper cell differentiation (GO:0045624),1/14,0.2985222036721081,3.0040079573730485,3.631578157878574,PRKCZ,1.0
GO_Biological_Process_2021,ceramide transport (GO:0035627),1/14,0.2985222036721081,3.0040079573730485,3.631578157878574,CPTP,1.0
GO_Biological_Process_2021,atrioventricular valve development (GO:0003171),1/14,0.2985222036721081,3.0040079573730485,3.631578157878574,HEYL,1.0
GO_Biological_Process_2021,respiratory electron transport chain (GO:0022904),1/14,0.2985222036721081,3.0040079573730485,3.631578157878574,SDHB,1.0
GO_Biological_Process_2021,cAMP metabolic process (GO:0046058),1/14,0.2985222036721081,3.0040079573730485,3.631578157878574,EPHA2,1.0
GO_Biological_Process_2021,bone morphogenesis (GO:0060349),1/14,0.2985222036721081,3.0040079573730485,3.631578157878574,SKI,1.0
GO_Biological_Process_2021,positive regulation of leukocyte degranulation (GO:0043302),1/14,0.2985222036721081,3.0040079573730485,3.631578157878574,FGR,1.0
GO_Biological_Process_2021,regulation of retinoic acid receptor signaling pathway (GO:0048385),1/14,0.2985222036721081,3.0040079573730485,3.631578157878574,DHRS3,1.0
GO_Biological_Process_2021,vascular endothelial growth factor signaling pathway (GO:0038084),1/14,0.2985222036721081,3.0040079573730485,3.631578157878574,PIK3CD,1.0
GO_Biological_Process_2021,"negative regulation of DNA damage response, signal transduction by p53 class mediator (GO:0043518)",1/14,0.2985222036721081,3.0040079573730485,3.631578157878574,KDM1A,1.0
GO_Biological_Process_2021,low-density lipoprotein particle remodeling (GO:0034374),1/14,0.2985222036721081,3.0040079573730485,3.631578157878574,PLA2G5,1.0
GO_Biological_Process_2021,heart process (GO:0003015),1/14,0.2985222036721081,3.0040079573730485,3.631578157878574,PPCS,1.0
GO_Biological_Process_2021,negative regulation of neuroinflammatory response (GO:0150079),1/14,0.2985222036721081,3.0040079573730485,3.631578157878574,TNFRSF1B,1.0
GO_Biological_Process_2021,polarized epithelial cell differentiation (GO:0030859),1/14,0.2985222036721081,3.0040079573730485,3.631578157878574,CDC42,1.0
GO_Biological_Process_2021,endothelial cell differentiation (GO:0045446),1/14,0.2985222036721081,3.0040079573730485,3.631578157878574,TIE1,1.0
GO_Biological_Process_2021,sequestering of extracellular ligand from receptor (GO:0035581),1/14,0.2985222036721081,3.0040079573730485,3.631578157878574,NBL1,1.0
GO_Biological_Process_2021,positive regulation of transmembrane transport (GO:0034764),1/14,0.2985222036721081,3.0040079573730485,3.631578157878574,AZIN2,1.0
GO_Biological_Process_2021,heterochromatin organization (GO:0070828),1/14,0.2985222036721081,3.0040079573730485,3.631578157878574,HP1BP3,1.0
GO_Biological_Process_2021,positive regulation of potassium ion transmembrane transporter activity (GO:1901018),1/14,0.2985222036721081,3.0040079573730485,3.631578157878574,LRRC38,1.0
GO_Biological_Process_2021,response to chemokine (GO:1990868),1/14,0.2985222036721081,3.0040079573730485,3.631578157878574,ZC3H12A,1.0
GO_Biological_Process_2021,positive regulation of type 2 immune response (GO:0002830),1/14,0.2985222036721081,3.0040079573730485,3.631578157878574,PRKCZ,1.0
GO_Biological_Process_2021,quinone biosynthetic process (GO:1901663),1/14,0.2985222036721081,3.0040079573730485,3.631578157878574,UBIAD1,1.0
GO_Biological_Process_2021,antiviral innate immune response (GO:0140374),1/14,0.2985222036721081,3.0040079573730485,3.631578157878574,ATAD3A,1.0
GO_Biological_Process_2021,protein localization to kinetochore (GO:0034501),1/14,0.2985222036721081,3.0040079573730485,3.631578157878574,RCC2,1.0
GO_Biological_Process_2021,regulation of macrophage cytokine production (GO:0010935),1/14,0.2985222036721081,3.0040079573730485,3.631578157878574,LAPTM5,1.0
GO_Biological_Process_2021,nucleoside phosphate biosynthetic process (GO:1901293),1/14,0.2985222036721081,3.0040079573730485,3.631578157878574,NMNAT1,1.0
GO_Biological_Process_2021,regulation of integrin-mediated signaling pathway (GO:2001044),1/14,0.2985222036721081,3.0040079573730485,3.631578157878574,PHACTR4,1.0
GO_Biological_Process_2021,negative regulation of secretion (GO:0051048),1/14,0.2985222036721081,3.0040079573730485,3.631578157878574,VAMP3,1.0
GO_Biological_Process_2021,regulation of intrinsic apoptotic signaling pathway in response to DNA damage by p53 class mediator (GO:1902165),1/14,0.2985222036721081,3.0040079573730485,3.631578157878574,KDM1A,1.0
GO_Biological_Process_2021,positive regulation of sodium ion transmembrane transporter activity (GO:2000651),1/14,0.2985222036721081,3.0040079573730485,3.631578157878574,SLC9A1,1.0
GO_Biological_Process_2021,regulation of fatty acid beta-oxidation (GO:0031998),1/14,0.2985222036721081,3.0040079573730485,3.631578157878574,MFSD2A,1.0
GO_Biological_Process_2021,positive regulation of brown fat cell differentiation (GO:0090336),1/14,0.2985222036721081,3.0040079573730485,3.631578157878574,FNDC5,1.0
GO_Biological_Process_2021,negative regulation of viral transcription (GO:0032897),1/14,0.2985222036721081,3.0040079573730485,3.631578157878574,TRIM62,1.0
GO_Biological_Process_2021,intestinal absorption (GO:0050892),1/14,0.2985222036721081,3.0040079573730485,3.631578157878574,SLC2A5,1.0
GO_Biological_Process_2021,immune response-regulating cell surface receptor signaling pathway (GO:0002768),1/14,0.2985222036721081,3.0040079573730485,3.631578157878574,FGR,1.0
GO_Biological_Process_2021,regulation of histone methylation (GO:0031060),1/14,0.2985222036721081,3.0040079573730485,3.631578157878574,MTHFR,1.0
GO_Biological_Process_2021,nuclear migration (GO:0007097),1/14,0.2985222036721081,3.0040079573730485,3.631578157878574,TMEM201,1.0
GO_Biological_Process_2021,substrate-dependent cell migration (GO:0006929),1/14,0.2985222036721081,3.0040079573730485,3.631578157878574,EPHA8,1.0
GO_Biological_Process_2021,carbohydrate transport (GO:0008643),1/14,0.2985222036721081,3.0040079573730485,3.631578157878574,SLC2A5,1.0
GO_Biological_Process_2021,cardiolipin metabolic process (GO:0032048),1/14,0.2985222036721081,3.0040079573730485,3.631578157878574,PLA2G5,1.0
GO_Biological_Process_2021,"maturation of LSU-rRNA from tricistronic rRNA transcript (SSU-rRNA, 5.8S rRNA, LSU-rRNA) (GO:0000463)",1/14,0.2985222036721081,3.0040079573730485,3.631578157878574,NOL9,1.0
GO_Biological_Process_2021,positive regulation of long-term synaptic potentiation (GO:1900273),1/14,0.2985222036721081,3.0040079573730485,3.631578157878574,EPHB2,1.0
GO_Biological_Process_2021,positive regulation of macrophage chemotaxis (GO:0010759),1/14,0.2985222036721081,3.0040079573730485,3.631578157878574,AKIRIN1,1.0
GO_Biological_Process_2021,synaptic membrane adhesion (GO:0099560),1/14,0.2985222036721081,3.0040079573730485,3.631578157878574,PTPRF,1.0
GO_Biological_Process_2021,regulation of transcription of nucleolar large rRNA by RNA polymerase I (GO:1901836),1/14,0.2985222036721081,3.0040079573730485,3.631578157878574,MTOR,1.0
GO_Biological_Process_2021,positive regulation of lymphocyte migration (GO:2000403),1/14,0.2985222036721081,3.0040079573730485,3.631578157878574,TNFRSF14,1.0
GO_Biological_Process_2021,cation transmembrane transport (GO:0098655),2/44,0.30144985471497754,1.8605851615296534,2.2311236659436893,ATP13A2;SLC6A9,1.0
GO_Biological_Process_2021,negative regulation of epidermal growth factor receptor signaling pathway (GO:0042059),2/44,0.30144985471497754,1.8605851615296534,2.2311236659436893,CDC42;ERRFI1,1.0
GO_Biological_Process_2021,branching morphogenesis of an epithelial tube (GO:0048754),2/44,0.30144985471497754,1.8605851615296534,2.2311236659436893,EPHA2;TIE1,1.0
GO_Biological_Process_2021,positive regulation of stress fiber assembly (GO:0051496),2/44,0.30144985471497754,1.8605851615296534,2.2311236659436893,ARHGEF10L;CDC42,1.0
GO_Biological_Process_2021,positive regulation of receptor-mediated endocytosis (GO:0048260),2/44,0.30144985471497754,1.8605851615296534,2.2311236659436893,LDLRAP1;PPT1,1.0
GO_Biological_Process_2021,intracellular protein transmembrane transport (GO:0065002),2/44,0.30144985471497754,1.8605851615296534,2.2311236659436893,PEX10;PEX14,1.0
GO_Biological_Process_2021,intracellular steroid hormone receptor signaling pathway (GO:0030518),2/44,0.30144985471497754,1.8605851615296534,2.2311236659436893,ARID1A;PADI2,1.0
GO_Biological_Process_2021,regulation of mRNA stability (GO:0043488),5/146,0.3020113949803461,1.3868471680571028,1.6604589816987696,PSMB2;PUM1;THRAP3;YBX1;YTHDF2,1.0
GO_Biological_Process_2021,cellular response to UV (GO:0034644),3/77,0.30270657297360454,1.5845885816902618,1.8935696463821932,CASP9;KDM1A;NOC2L,1.0
GO_Biological_Process_2021,negative regulation of apoptotic signaling pathway (GO:2001234),3/78,0.30956527302548137,1.563380251038627,1.8331982809244094,NOC2L;PARK7;PINK1,1.0
GO_Biological_Process_2021,neural crest cell development (GO:0014032),2/45,0.3107192082582779,1.8172223423271874,2.1240887597661984,PEF1;PHACTR4,1.0
GO_Biological_Process_2021,regulation of insulin receptor signaling pathway (GO:0046626),2/45,0.3107192082582779,1.8172223423271874,2.1240887597661984,C1QTNF12;PRKCZ,1.0
GO_Biological_Process_2021,chromosome condensation (GO:0030261),2/45,0.3107192082582779,1.8172223423271874,2.1240887597661984,DFFB;PHF13,1.0
GO_Biological_Process_2021,positive regulation of metabolic process (GO:0009893),4/113,0.3129913519674567,1.434669992531254,1.6664835658075083,DISP3;GPR3;KDM1A;MFN2,1.0
GO_Biological_Process_2021,"nuclear-transcribed mRNA catabolic process, nonsense-mediated decay (GO:0000184)",4/113,0.3129913519674567,1.434669992531254,1.6664835658075083,PNRC2;RPL11;RPL22;RPS8,1.0
GO_Biological_Process_2021,regulation of lymphocyte activation (GO:0051249),1/15,0.3160714330408632,2.789292816990983,3.212671309048649,THEMIS2,1.0
GO_Biological_Process_2021,regulation of macrophage differentiation (GO:0045649),1/15,0.3160714330408632,2.789292816990983,3.212671309048649,C1QC,1.0
GO_Biological_Process_2021,T cell proliferation (GO:0042098),1/15,0.3160714330408632,2.789292816990983,3.212671309048649,CTPS1,1.0
GO_Biological_Process_2021,"tRNA splicing, via endonucleolytic cleavage and ligation (GO:0006388)",1/15,0.3160714330408632,2.789292816990983,3.212671309048649,ZBTB8OS,1.0
GO_Biological_Process_2021,cellular response to exogenous dsRNA (GO:0071360),1/15,0.3160714330408632,2.789292816990983,3.212671309048649,MUL1,1.0
GO_Biological_Process_2021,cellular response to arsenic-containing substance (GO:0071243),1/15,0.3160714330408632,2.789292816990983,3.212671309048649,ZC3H12A,1.0
GO_Biological_Process_2021,prostanoid biosynthetic process (GO:0046457),1/15,0.3160714330408632,2.789292816990983,3.212671309048649,PRXL2B,1.0
GO_Biological_Process_2021,cellular sodium ion homeostasis (GO:0006883),1/15,0.3160714330408632,2.789292816990983,3.212671309048649,SLC9A1,1.0
GO_Biological_Process_2021,response to muscle stretch (GO:0035994),1/15,0.3160714330408632,2.789292816990983,3.212671309048649,SLC9A1,1.0
GO_Biological_Process_2021,engulfment of apoptotic cell (GO:0043652),1/15,0.3160714330408632,2.789292816990983,3.212671309048649,XKR8,1.0
GO_Biological_Process_2021,response to ethanol (GO:0045471),1/15,0.3160714330408632,2.789292816990983,3.212671309048649,SDF4,1.0
GO_Biological_Process_2021,response to acidic pH (GO:0010447),1/15,0.3160714330408632,2.789292816990983,3.212671309048649,SLC9A1,1.0
GO_Biological_Process_2021,"RNA phosphodiester bond hydrolysis, endonucleolytic (GO:0090502)",1/15,0.3160714330408632,2.789292816990983,3.212671309048649,ZC3H12A,1.0
GO_Biological_Process_2021,electron transport chain (GO:0022900),1/15,0.3160714330408632,2.789292816990983,3.212671309048649,SDHB,1.0
GO_Biological_Process_2021,establishment of apical/basal cell polarity (GO:0035089),1/15,0.3160714330408632,2.789292816990983,3.212671309048649,CDC42,1.0
GO_Biological_Process_2021,G protein-coupled glutamate receptor signaling pathway (GO:0007216),1/15,0.3160714330408632,2.789292816990983,3.212671309048649,GRIK3,1.0
GO_Biological_Process_2021,icosanoid biosynthetic process (GO:0046456),1/15,0.3160714330408632,2.789292816990983,3.212671309048649,PLA2G5,1.0
GO_Biological_Process_2021,histone mRNA catabolic process (GO:0071044),1/15,0.3160714330408632,2.789292816990983,3.212671309048649,EXOSC10,1.0
GO_Biological_Process_2021,positive regulation of membrane protein ectodomain proteolysis (GO:0051044),1/15,0.3160714330408632,2.789292816990983,3.212671309048649,TNFRSF1B,1.0
GO_Biological_Process_2021,medium-chain fatty acid metabolic process (GO:0051791),1/15,0.3160714330408632,2.789292816990983,3.212671309048649,ACOT7,1.0
GO_Biological_Process_2021,membrane raft organization (GO:0031579),1/15,0.3160714330408632,2.789292816990983,3.212671309048649,PPT1,1.0
GO_Biological_Process_2021,macrophage differentiation (GO:0030225),1/15,0.3160714330408632,2.789292816990983,3.212671309048649,CDC42,1.0
GO_Biological_Process_2021,positive regulation of lyase activity (GO:0051349),1/15,0.3160714330408632,2.789292816990983,3.212671309048649,PARK7,1.0
GO_Biological_Process_2021,mammary gland epithelium development (GO:0061180),1/15,0.3160714330408632,2.789292816990983,3.212671309048649,EPHA2,1.0
GO_Biological_Process_2021,intracellular cholesterol transport (GO:0032367),1/15,0.3160714330408632,2.789292816990983,3.212671309048649,LDLRAP1,1.0
GO_Biological_Process_2021,positive regulation of pattern recognition receptor signaling pathway (GO:0062208),1/15,0.3160714330408632,2.789292816990983,3.212671309048649,PUM1,1.0
GO_Biological_Process_2021,histone H4-K8 acetylation (GO:0043982),1/15,0.3160714330408632,2.789292816990983,3.212671309048649,MEAF6,1.0
GO_Biological_Process_2021,histone H4-K5 acetylation (GO:0043981),1/15,0.3160714330408632,2.789292816990983,3.212671309048649,MEAF6,1.0
GO_Biological_Process_2021,regulation of triglyceride biosynthetic process (GO:0010866),1/15,0.3160714330408632,2.789292816990983,3.212671309048649,MFSD2A,1.0
GO_Biological_Process_2021,microvillus assembly (GO:0030033),1/15,0.3160714330408632,2.789292816990983,3.212671309048649,ESPN,1.0
GO_Biological_Process_2021,mitochondrial RNA metabolic process (GO:0000959),1/15,0.3160714330408632,2.789292816990983,3.212671309048649,SLC25A33,1.0
GO_Biological_Process_2021,regulation of integrin activation (GO:0033623),1/15,0.3160714330408632,2.789292816990983,3.212671309048649,FBLIM1,1.0
GO_Biological_Process_2021,"phototransduction, visible light (GO:0007603)",1/15,0.3160714330408632,2.789292816990983,3.212671309048649,GNB1,1.0
GO_Biological_Process_2021,ubiquinone biosynthetic process (GO:0006744),1/15,0.3160714330408632,2.789292816990983,3.212671309048649,UBIAD1,1.0
GO_Biological_Process_2021,androgen receptor signaling pathway (GO:0030521),1/15,0.3160714330408632,2.789292816990983,3.212671309048649,ARID1A,1.0
GO_Biological_Process_2021,acetyl-CoA metabolic process (GO:0006084),1/15,0.3160714330408632,2.789292816990983,3.212671309048649,PPCS,1.0
GO_Biological_Process_2021,ubiquinone metabolic process (GO:0006743),1/15,0.3160714330408632,2.789292816990983,3.212671309048649,UBIAD1,1.0
GO_Biological_Process_2021,positive regulation of acute inflammatory response (GO:0002675),1/15,0.3160714330408632,2.789292816990983,3.212671309048649,PARK7,1.0
GO_Biological_Process_2021,negative regulation of endoplasmic reticulum stress-induced intrinsic apoptotic signaling pathway (GO:1902236),1/15,0.3160714330408632,2.789292816990983,3.212671309048649,PARK7,1.0
GO_Biological_Process_2021,regulation of extracellular matrix disassembly (GO:0010715),1/15,0.3160714330408632,2.789292816990983,3.212671309048649,PDPN,1.0
GO_Biological_Process_2021,modulation by host of viral genome replication (GO:0044827),1/15,0.3160714330408632,2.789292816990983,3.212671309048649,ZC3H12A,1.0
GO_Biological_Process_2021,photoreceptor cell development (GO:0042461),1/15,0.3160714330408632,2.789292816990983,3.212671309048649,MFSD2A,1.0
GO_Biological_Process_2021,negative regulation of leukocyte activation (GO:0002695),1/15,0.3160714330408632,2.789292816990983,3.212671309048649,ZC3H12A,1.0
GO_Biological_Process_2021,positive regulation of exosomal secretion (GO:1903543),1/15,0.3160714330408632,2.789292816990983,3.212671309048649,ATP13A2,1.0
GO_Biological_Process_2021,mRNA 3'-end processing (GO:0031124),3/79,0.31642885638452917,1.5427300343515085,1.7751528740454303,SRRM1;SRSF4;SSU72,1.0
GO_Biological_Process_2021,positive regulation of proteasomal ubiquitin-dependent protein catabolic process (GO:0032436),3/79,0.31642885638452917,1.5427300343515085,1.7751528740454303,DVL1;PLK3;RNF19B,1.0
GO_Biological_Process_2021,positive regulation of ubiquitin-dependent protein catabolic process (GO:2000060),3/79,0.31642885638452917,1.5427300343515085,1.7751528740454303,DVL1;LAPTM5;RNF19B,1.0
GO_Biological_Process_2021,alpha-amino acid metabolic process (GO:1901605),2/46,0.3199626440970285,1.775830560361197,2.0236495391918026,MTHFR;RIMKLA,1.0
GO_Biological_Process_2021,"regulation of synaptic transmission, glutamatergic (GO:0051966)",2/46,0.3199626440970285,1.775830560361197,2.0236495391918026,GRIK3;TPRG1L,1.0
GO_Biological_Process_2021,spliceosomal complex assembly (GO:0000245),2/46,0.3199626440970285,1.775830560361197,2.0236495391918026,SF3A3;SRSF10,1.0
GO_Biological_Process_2021,positive regulation of gene expression (GO:0010628),14/482,0.3211782042759111,1.1714677405716074,1.3305052127642107,AGO1;AGO3;AGO4;ATP13A2;CAMK2N1;EPHB2;FGR;MTOR;PARK7;PIK3CD;POU3F1;RNF207;RPL11;ZC3H12A,1.0
GO_Biological_Process_2021,brain development (GO:0007420),5/150,0.3216198915414411,1.3483106665963014,1.5295032496155005,HES5;HSPG2;KLHL17;MFSD2A;PPT1,1.0
GO_Biological_Process_2021,regulation of cytokine production (GO:0001817),5/150,0.3216198915414411,1.3483106665963014,1.5295032496155005,ERMAP;FGR;ISG15;PIK3CD;TNFRSF1B,1.0
GO_Biological_Process_2021,negative regulation of extrinsic apoptotic signaling pathway (GO:2001237),3/80,0.3232950305061574,1.5226161869289905,1.719322919621775,EYA3;IFI6;PARK7,1.0
GO_Biological_Process_2021,protein modification by small protein conjugation (GO:0032446),12/409,0.3269506204798478,1.1832390233231878,1.322797483669655,FBXO2;ISG15;KLHL21;MIB2;MUL1;PEX10;PEX14;PINK1;RNF220;SPSB1;TRIM62;UBE2J2,1.0
GO_Biological_Process_2021,regulation of T cell activation (GO:0050863),2/47,0.3291756709846721,1.7362784131492508,1.9292895741887623,LAPTM5;TNFRSF1B,1.0
GO_Biological_Process_2021,polyol metabolic process (GO:0019751),2/47,0.3291756709846721,1.7362784131492508,1.9292895741887623,INPP5B;PLCH2,1.0
GO_Biological_Process_2021,regulation of synapse assembly (GO:0051963),2/47,0.3291756709846721,1.7362784131492508,1.9292895741887623,CLSTN1;EPHB2,1.0
GO_Biological_Process_2021,histone deacetylation (GO:0016575),2/47,0.3291756709846721,1.7362784131492508,1.9292895741887623,HDAC1;SFPQ,1.0
GO_Biological_Process_2021,regulation of DNA binding (GO:0051101),2/47,0.3291756709846721,1.7362784131492508,1.9292895741887623,KDM1A;SKI,1.0
GO_Biological_Process_2021,regulation of wound healing (GO:0061041),2/47,0.3291756709846721,1.7362784131492508,1.9292895741887623,AJAP1;EPHB2,1.0
GO_Biological_Process_2021,activation of cysteine-type endopeptidase activity involved in apoptotic process (GO:0006919),3/81,0.3301615581533817,1.5030180791839733,1.6656043156294977,CASP9;LAPTM5;MUL1,1.0
GO_Biological_Process_2021,regulation of amyloid-beta clearance (GO:1900221),1/16,0.33318248050043636,2.6032063619931924,2.8610928690484387,HDAC1,1.0
GO_Biological_Process_2021,odontogenesis of dentin-containing tooth (GO:0042475),1/16,0.33318248050043636,2.6032063619931924,2.8610928690484387,HDAC1,1.0
GO_Biological_Process_2021,negative regulation of histone modification (GO:0031057),1/16,0.33318248050043636,2.6032063619931924,2.8610928690484387,NOC2L,1.0
GO_Biological_Process_2021,sphingolipid catabolic process (GO:0030149),1/16,0.33318248050043636,2.6032063619931924,2.8610928690484387,PPT1,1.0
GO_Biological_Process_2021,regulation of activin receptor signaling pathway (GO:0032925),1/16,0.33318248050043636,2.6032063619931924,2.8610928690484387,SKI,1.0
GO_Biological_Process_2021,"RNA splicing, via endonucleolytic cleavage and ligation (GO:0000394)",1/16,0.33318248050043636,2.6032063619931924,2.8610928690484387,ZBTB8OS,1.0
GO_Biological_Process_2021,positive regulation of small molecule metabolic process (GO:0062013),1/16,0.33318248050043636,2.6032063619931924,2.8610928690484387,LDLRAP1,1.0
GO_Biological_Process_2021,regulation of mast cell degranulation (GO:0043304),1/16,0.33318248050043636,2.6032063619931924,2.8610928690484387,FGR,1.0
GO_Biological_Process_2021,negative regulation of macrophage activation (GO:0043031),1/16,0.33318248050043636,2.6032063619931924,2.8610928690484387,ZC3H12A,1.0
GO_Biological_Process_2021,regulation of systemic arterial blood pressure (GO:0003073),1/16,0.33318248050043636,2.6032063619931924,2.8610928690484387,SLC2A5,1.0
GO_Biological_Process_2021,positive regulation of myeloid leukocyte cytokine production involved in immune response (GO:0061081),1/16,0.33318248050043636,2.6032063619931924,2.8610928690484387,LAPTM5,1.0
GO_Biological_Process_2021,glutamine family amino acid catabolic process (GO:0009065),1/16,0.33318248050043636,2.6032063619931924,2.8610928690484387,ALDH4A1,1.0
GO_Biological_Process_2021,regulation of interleukin-13 production (GO:0032656),1/16,0.33318248050043636,2.6032063619931924,2.8610928690484387,PRKCZ,1.0
GO_Biological_Process_2021,regulation of monocyte differentiation (GO:0045655),1/16,0.33318248050043636,2.6032063619931924,2.8610928690484387,CTNNBIP1,1.0
GO_Biological_Process_2021,regulation of isotype switching (GO:0045191),1/16,0.33318248050043636,2.6032063619931924,2.8610928690484387,MAD2L2,1.0
GO_Biological_Process_2021,regulation of rRNA processing (GO:2000232),1/16,0.33318248050043636,2.6032063619931924,2.8610928690484387,YTHDF2,1.0
GO_Biological_Process_2021,regulation of systemic arterial blood pressure by hormone (GO:0001990),1/16,0.33318248050043636,2.6032063619931924,2.8610928690484387,ECE1,1.0
GO_Biological_Process_2021,late endosome to vacuole transport via multivesicular body sorting pathway (GO:0032511),1/16,0.33318248050043636,2.6032063619931924,2.8610928690484387,TMEM50A,1.0
GO_Biological_Process_2021,epiboly involved in wound healing (GO:0090505),1/16,0.33318248050043636,2.6032063619931924,2.8610928690484387,PDPN,1.0
GO_Biological_Process_2021,negative regulation of focal adhesion assembly (GO:0051895),1/16,0.33318248050043636,2.6032063619931924,2.8610928690484387,RCC2,1.0
GO_Biological_Process_2021,regulation of ERBB signaling pathway (GO:1901184),1/16,0.33318248050043636,2.6032063619931924,2.8610928690484387,IFI6,1.0
GO_Biological_Process_2021,negative regulation of cell-substrate junction organization (GO:0150118),1/16,0.33318248050043636,2.6032063619931924,2.8610928690484387,RCC2,1.0
GO_Biological_Process_2021,positive regulation of immunoglobulin mediated immune response (GO:0002891),1/16,0.33318248050043636,2.6032063619931924,2.8610928690484387,MAD2L2,1.0
GO_Biological_Process_2021,positive regulation of isotype switching (GO:0045830),1/16,0.33318248050043636,2.6032063619931924,2.8610928690484387,MAD2L2,1.0
GO_Biological_Process_2021,positive regulation of double-strand break repair via nonhomologous end joining (GO:2001034),1/16,0.33318248050043636,2.6032063619931924,2.8610928690484387,MAD2L2,1.0
GO_Biological_Process_2021,regulation of fatty acid oxidation (GO:0046320),1/16,0.33318248050043636,2.6032063619931924,2.8610928690484387,FABP3,1.0
GO_Biological_Process_2021,regulation of hormone secretion (GO:0046883),1/16,0.33318248050043636,2.6032063619931924,2.8610928690484387,VAMP3,1.0
GO_Biological_Process_2021,male meiosis I (GO:0007141),1/16,0.33318248050043636,2.6032063619931924,2.8610928690484387,FOXJ3,1.0
GO_Biological_Process_2021,regulation of interleukin-10 production (GO:0032653),2/48,0.3383540375271971,1.6984459245117371,1.8405421284515324,ISG15;PRKCZ,1.0
GO_Biological_Process_2021,myelination (GO:0042552),2/48,0.3383540375271971,1.6984459245117371,1.8405421284515324,HES5;SKI,1.0
GO_Biological_Process_2021,establishment of protein localization to mitochondrion (GO:0072655),2/48,0.3383540375271971,1.6984459245117371,1.8405421284515324,MFN2;PINK1,1.0
GO_Biological_Process_2021,base-excision repair (GO:0006284),2/48,0.3383540375271971,1.6984459245117371,1.8405421284515324,MUTYH;RPA2,1.0
GO_Biological_Process_2021,inositol phosphate metabolic process (GO:0043647),2/48,0.3383540375271971,1.6984459245117371,1.8405421284515324,INPP5B;PLCH2,1.0
GO_Biological_Process_2021,regulation of cellular response to stress (GO:0080135),4/118,0.34136174105329636,1.3713921632111796,1.4739894939641254,CASP9;MTOR;PINK1;RPA2,1.0
GO_Biological_Process_2021,epidermis development (GO:0008544),3/83,0.34388700193503796,1.4652917217748147,1.5641141580567968,HDAC1;PLOD1;YBX1,1.0
GO_Biological_Process_2021,glycoprotein biosynthetic process (GO:0009101),3/83,0.34388700193503796,1.4652917217748147,1.5641141580567968,B3GALT6;DDOST;ST3GAL3,1.0
GO_Biological_Process_2021,regulation of defense response (GO:0031347),3/83,0.34388700193503796,1.4652917217748147,1.5641141580567968,FGR;PARK7;ZMPSTE24,1.0
GO_Biological_Process_2021,inner mitochondrial membrane organization (GO:0007007),2/49,0.34749372303889053,1.6622233290077344,1.7569844824346101,DNAJC11;MICOS10,1.0
GO_Biological_Process_2021,regulation of smooth muscle cell proliferation (GO:0048660),2/49,0.34749372303889053,1.6622233290077344,1.7569844824346101,HES5;MFN2,1.0
GO_Biological_Process_2021,negative regulation of catabolic process (GO:0009895),2/49,0.34749372303889053,1.6622233290077344,1.7569844824346101,AZIN2;MAD2L2,1.0
GO_Biological_Process_2021,vasculature development (GO:0001944),1/17,0.349866265515938,2.440380713870126,2.5628983096864224,ERRFI1,1.0
GO_Biological_Process_2021,pulmonary valve morphogenesis (GO:0003184),1/17,0.349866265515938,2.440380713870126,2.5628983096864224,HEYL,1.0
GO_Biological_Process_2021,negative regulation of intrinsic apoptotic signaling pathway by p53 class mediator (GO:1902254),1/17,0.349866265515938,2.440380713870126,2.5628983096864224,KDM1A,1.0
GO_Biological_Process_2021,negative regulation of insulin secretion (GO:0046676),1/17,0.349866265515938,2.440380713870126,2.5628983096864224,BMP8A,1.0
GO_Biological_Process_2021,negative regulation of execution phase of apoptosis (GO:1900118),1/17,0.349866265515938,2.440380713870126,2.5628983096864224,DFFA,1.0
GO_Biological_Process_2021,cell surface receptor signaling pathway involved in heart development (GO:0061311),1/17,0.349866265515938,2.440380713870126,2.5628983096864224,HEYL,1.0
GO_Biological_Process_2021,negative regulation of chemokine production (GO:0032682),1/17,0.349866265515938,2.440380713870126,2.5628983096864224,MUL1,1.0
GO_Biological_Process_2021,negative regulation of fatty acid metabolic process (GO:0045922),1/17,0.349866265515938,2.440380713870126,2.5628983096864224,WDTC1,1.0
GO_Biological_Process_2021,cellular biogenic amine biosynthetic process (GO:0042401),1/17,0.349866265515938,2.440380713870126,2.5628983096864224,SRM,1.0
GO_Biological_Process_2021,cellular modified amino acid catabolic process (GO:0042219),1/17,0.349866265515938,2.440380713870126,2.5628983096864224,ALDH4A1,1.0
GO_Biological_Process_2021,tail-anchored membrane protein insertion into ER membrane (GO:0071816),1/17,0.349866265515938,2.440380713870126,2.5628983096864224,EMC1,1.0
GO_Biological_Process_2021,regulation of NLRP3 inflammasome complex assembly (GO:1900225),1/17,0.349866265515938,2.440380713870126,2.5628983096864224,CPTP,1.0
GO_Biological_Process_2021,cellular response to fatty acid (GO:0071398),1/17,0.349866265515938,2.440380713870126,2.5628983096864224,ZC3H12A,1.0
GO_Biological_Process_2021,cellular response to gamma radiation (GO:0071480),1/17,0.349866265515938,2.440380713870126,2.5628983096864224,KDM1A,1.0
GO_Biological_Process_2021,negative regulation of ATPase activity (GO:0032780),1/17,0.349866265515938,2.440380713870126,2.5628983096864224,ATP5IF1,1.0
GO_Biological_Process_2021,stem cell development (GO:0048864),1/17,0.349866265515938,2.440380713870126,2.5628983096864224,PEF1,1.0
GO_Biological_Process_2021,positive regulation of transcription of Notch receptor target (GO:0007221),1/17,0.349866265515938,2.440380713870126,2.5628983096864224,HEYL,1.0
GO_Biological_Process_2021,regulation of leukocyte migration (GO:0002685),1/17,0.349866265515938,2.440380713870126,2.5628983096864224,TNFRSF18,1.0
GO_Biological_Process_2021,regulation of metal ion transport (GO:0010959),1/17,0.349866265515938,2.440380713870126,2.5628983096864224,EPB41,1.0
GO_Biological_Process_2021,negative regulation of cell aging (GO:0090344),1/17,0.349866265515938,2.440380713870126,2.5628983096864224,YBX1,1.0
GO_Biological_Process_2021,preassembly of GPI anchor in ER membrane (GO:0016254),1/17,0.349866265515938,2.440380713870126,2.5628983096864224,PIGV,1.0
GO_Biological_Process_2021,modified amino acid transport (GO:0072337),1/17,0.349866265515938,2.440380713870126,2.5628983096864224,PDPN,1.0
GO_Biological_Process_2021,snRNA metabolic process (GO:0016073),1/17,0.349866265515938,2.440380713870126,2.5628983096864224,INTS11,1.0
GO_Biological_Process_2021,regulation of Arp2/3 complex-mediated actin nucleation (GO:0034315),1/17,0.349866265515938,2.440380713870126,2.5628983096864224,WASF2,1.0
GO_Biological_Process_2021,regulation of cellular respiration (GO:0043457),1/17,0.349866265515938,2.440380713870126,2.5628983096864224,IFNLR1,1.0
GO_Biological_Process_2021,positive regulation of muscle hypertrophy (GO:0014742),1/17,0.349866265515938,2.440380713870126,2.5628983096864224,SLC9A1,1.0
GO_Biological_Process_2021,dolichol-linked oligosaccharide biosynthetic process (GO:0006488),1/17,0.349866265515938,2.440380713870126,2.5628983096864224,DHDDS,1.0
GO_Biological_Process_2021,positive regulation of stem cell proliferation (GO:2000648),1/17,0.349866265515938,2.440380713870126,2.5628983096864224,KDM1A,1.0
GO_Biological_Process_2021,regulation of neuroblast proliferation (GO:1902692),1/17,0.349866265515938,2.440380713870126,2.5628983096864224,KDM1A,1.0
GO_Biological_Process_2021,mesenchyme morphogenesis (GO:0072132),1/17,0.349866265515938,2.440380713870126,2.5628983096864224,HEYL,1.0
GO_Biological_Process_2021,vascular transport (GO:0010232),3/84,0.35074172036586365,1.4471271793185532,1.5161626213307282,MFSD2A;SLC2A1;SLC6A9,1.0
GO_Biological_Process_2021,regulation of cytokinesis (GO:0032465),3/84,0.35074172036586365,1.4471271793185532,1.5161626213307282,CDC42;KLHL21;PLK3,1.0
GO_Biological_Process_2021,negative regulation of ERK1 and ERK2 cascade (GO:0070373),2/50,0.3565909287039041,1.6275100083163987,1.6782330050455265,CAMK2N1;EPHB2,1.0
GO_Biological_Process_2021,ribosome assembly (GO:0042255),2/50,0.3565909287039041,1.6275100083163987,1.6782330050455265,MRPL20;RPL11,1.0
GO_Biological_Process_2021,regulation of cellular component movement (GO:0051270),2/50,0.3565909287039041,1.6275100083163987,1.6782330050455265,PDPN;ZSWIM5,1.0
GO_Biological_Process_2021,cellular response to tumor necrosis factor (GO:0071356),6/194,0.3572421936956375,1.2476526586529095,1.2842604264592625,PSMB2;TNFRSF14;TNFRSF18;TNFRSF1B;TNFRSF25;ZC3H12A,1.0
GO_Biological_Process_2021,G1/S transition of mitotic cell cycle (GO:0000082),3/85,0.35758839670250764,1.429405674483176,1.4699617498632123,KHDRBS1;PLK3;RCC1,1.0
GO_Biological_Process_2021,"Wnt signaling pathway, planar cell polarity pathway (GO:0060071)",3/85,0.35758839670250764,1.429405674483176,1.4699617498632123,CDC42;DVL1;PSMB2,1.0
GO_Biological_Process_2021,B cell activation (GO:0042113),3/85,0.35758839670250764,1.429405674483176,1.4699617498632123,CTPS1;EPHB2;PIK3CD,1.0
GO_Biological_Process_2021,epithelium development (GO:0060429),4/122,0.36411625255925256,1.3246309198492263,1.3382508904378467,DVL1;ERRFI1;HES5;MFSD2A,1.0
GO_Biological_Process_2021,potassium ion transport (GO:0006813),4/122,0.36411625255925256,1.3246309198492263,1.3382508904378467,KCNAB2;KCNQ4;LRRC38;SLC9A1,1.0
GO_Biological_Process_2021,regulation of mRNA catabolic process (GO:0061013),4/122,0.36411625255925256,1.3246309198492263,1.3382508904378467,PSMB2;PUM1;YTHDF2;ZC3H12A,1.0
GO_Biological_Process_2021,regulation of interferon-gamma production (GO:0032649),3/86,0.3644250698488744,1.4121111938606994,1.425433500413915,ISG15;LAPTM5;ZC3H12A,1.0
GO_Biological_Process_2021,transport across blood-brain barrier (GO:0150104),3/86,0.3644250698488744,1.4121111938606994,1.425433500413915,MFSD2A;SLC2A1;SLC6A9,1.0
GO_Biological_Process_2021,positive regulation of fat cell differentiation (GO:0045600),2/51,0.3656420690341105,1.5942135578573622,1.6039388624523758,FNDC5;ZC3H12A,1.0
GO_Biological_Process_2021,cholesterol transport (GO:0030301),2/51,0.3656420690341105,1.5942135578573622,1.6039388624523758,LDLRAP1;STX12,1.0
GO_Biological_Process_2021,inositol lipid-mediated signaling (GO:0048017),2/51,0.3656420690341105,1.5942135578573622,1.6039388624523758,PIK3CD;PLCH2,1.0
GO_Biological_Process_2021,positive regulation of actin filament bundle assembly (GO:0032233),2/51,0.3656420690341105,1.5942135578573622,1.6039388624523758,ARHGEF10L;CDC42,1.0
GO_Biological_Process_2021,negative regulation of peptide hormone secretion (GO:0090278),1/18,0.36613343597292797,2.296711024349773,2.307637472852902,BMP8A,1.0
GO_Biological_Process_2021,negative regulation of biosynthetic process (GO:0009890),1/18,0.36613343597292797,2.296711024349773,2.307637472852902,PARK7,1.0
GO_Biological_Process_2021,cellular response to dsRNA (GO:0071359),1/18,0.36613343597292797,2.296711024349773,2.307637472852902,MUL1,1.0
GO_Biological_Process_2021,regulation of production of miRNAs involved in gene silencing by miRNA (GO:1903798),1/18,0.36613343597292797,2.296711024349773,2.307637472852902,ZC3H12A,1.0
GO_Biological_Process_2021,negative regulation of leukocyte cell-cell adhesion (GO:1903038),1/18,0.36613343597292797,2.296711024349773,2.307637472852902,LAPTM5,1.0
GO_Biological_Process_2021,negative regulation of lipid catabolic process (GO:0050995),1/18,0.36613343597292797,2.296711024349773,2.307637472852902,MFSD2A,1.0
GO_Biological_Process_2021,"synaptic transmission, glutamatergic (GO:0035249)",1/18,0.36613343597292797,2.296711024349773,2.307637472852902,GRIK3,1.0
GO_Biological_Process_2021,regulation of fatty acid metabolic process (GO:0019217),1/18,0.36613343597292797,2.296711024349773,2.307637472852902,FABP3,1.0
GO_Biological_Process_2021,rRNA catabolic process (GO:0016075),1/18,0.36613343597292797,2.296711024349773,2.307637472852902,EXOSC10,1.0
GO_Biological_Process_2021,presynapse assembly (GO:0099054),1/18,0.36613343597292797,2.296711024349773,2.307637472852902,DVL1,1.0
GO_Biological_Process_2021,chromatin disassembly (GO:0031498),1/18,0.36613343597292797,2.296711024349773,2.307637472852902,ARID1A,1.0
GO_Biological_Process_2021,positive regulation of glial cell differentiation (GO:0045687),1/18,0.36613343597292797,2.296711024349773,2.307637472852902,TNFRSF1B,1.0
GO_Biological_Process_2021,negative regulation of fibroblast proliferation (GO:0048147),1/18,0.36613343597292797,2.296711024349773,2.307637472852902,SKI,1.0
GO_Biological_Process_2021,regulation of platelet aggregation (GO:0090330),1/18,0.36613343597292797,2.296711024349773,2.307637472852902,PDPN,1.0
GO_Biological_Process_2021,regulation of oxidative stress-induced intrinsic apoptotic signaling pathway (GO:1902175),1/18,0.36613343597292797,2.296711024349773,2.307637472852902,SFPQ,1.0
GO_Biological_Process_2021,amyloid precursor protein metabolic process (GO:0042982),1/18,0.36613343597292797,2.296711024349773,2.307637472852902,LDLRAP1,1.0
GO_Biological_Process_2021,cellular response to pH (GO:0071467),1/18,0.36613343597292797,2.296711024349773,2.307637472852902,SLC9A1,1.0
GO_Biological_Process_2021,mitochondrial fusion (GO:0008053),1/18,0.36613343597292797,2.296711024349773,2.307637472852902,MFN2,1.0
GO_Biological_Process_2021,positive regulation of extracellular matrix organization (GO:1903055),1/18,0.36613343597292797,2.296711024349773,2.307637472852902,PDPN,1.0
GO_Biological_Process_2021,cellular response to zinc ion (GO:0071294),1/18,0.36613343597292797,2.296711024349773,2.307637472852902,ATP13A2,1.0
GO_Biological_Process_2021,regulation of chromosome segregation (GO:0051983),1/18,0.36613343597292797,2.296711024349773,2.307637472852902,PUM1,1.0
GO_Biological_Process_2021,positive regulation of macrophage derived foam cell differentiation (GO:0010744),1/18,0.36613343597292797,2.296711024349773,2.307637472852902,PLA2G5,1.0
GO_Biological_Process_2021,long-chain fatty-acyl-CoA biosynthetic process (GO:0035338),1/18,0.36613343597292797,2.296711024349773,2.307637472852902,ELOVL1,1.0
GO_Biological_Process_2021,regulation of brown fat cell differentiation (GO:0090335),1/18,0.36613343597292797,2.296711024349773,2.307637472852902,FNDC5,1.0
GO_Biological_Process_2021,"positive regulation of mRNA splicing, via spliceosome (GO:0048026)",1/18,0.36613343597292797,2.296711024349773,2.307637472852902,THRAP3,1.0
GO_Biological_Process_2021,negative regulation of Rho protein signal transduction (GO:0035024),1/18,0.36613343597292797,2.296711024349773,2.307637472852902,STMN1,1.0
GO_Biological_Process_2021,microtubule depolymerization (GO:0007019),1/18,0.36613343597292797,2.296711024349773,2.307637472852902,STMN1,1.0
GO_Biological_Process_2021,positive regulation of interleukin-4 production (GO:0032753),1/18,0.36613343597292797,2.296711024349773,2.307637472852902,PRKCZ,1.0
GO_Biological_Process_2021,sodium ion import across plasma membrane (GO:0098719),1/18,0.36613343597292797,2.296711024349773,2.307637472852902,SLC9A1,1.0
GO_Biological_Process_2021,regulation of multicellular organism growth (GO:0040014),1/18,0.36613343597292797,2.296711024349773,2.307637472852902,MFSD2A,1.0
GO_Biological_Process_2021,regulation of delayed rectifier potassium channel activity (GO:1902259),1/18,0.36613343597292797,2.296711024349773,2.307637472852902,RNF207,1.0
GO_Biological_Process_2021,positive regulation of excitatory postsynaptic potential (GO:2000463),1/18,0.36613343597292797,2.296711024349773,2.307637472852902,PRKCZ,1.0
GO_Biological_Process_2021,T cell migration (GO:0072678),1/18,0.36613343597292797,2.296711024349773,2.307637472852902,PIK3CD,1.0
GO_Biological_Process_2021,positive regulation of cardiac muscle hypertrophy (GO:0010613),1/18,0.36613343597292797,2.296711024349773,2.307637472852902,SLC9A1,1.0
GO_Biological_Process_2021,"alternative mRNA splicing, via spliceosome (GO:0000380)",1/18,0.36613343597292797,2.296711024349773,2.307637472852902,SFPQ,1.0
GO_Biological_Process_2021,negative regulation of double-strand break repair via homologous recombination (GO:2000042),1/18,0.36613343597292797,2.296711024349773,2.307637472852902,MAD2L2,1.0
GO_Biological_Process_2021,fluid transport (GO:0042044),1/18,0.36613343597292797,2.296711024349773,2.307637472852902,PDPN,1.0
GO_Biological_Process_2021,nucleosome disassembly (GO:0006337),1/18,0.36613343597292797,2.296711024349773,2.307637472852902,ARID1A,1.0
GO_Biological_Process_2021,nucleotide biosynthetic process (GO:0009165),1/18,0.36613343597292797,2.296711024349773,2.307637472852902,NMNAT1,1.0
GO_Biological_Process_2021,regulation of mitochondrial outer membrane permeabilization involved in apoptotic signaling pathway (GO:1901028),1/18,0.36613343597292797,2.296711024349773,2.307637472852902,MUL1,1.0
GO_Biological_Process_2021,release of cytochrome c from mitochondria (GO:0001836),1/18,0.36613343597292797,2.296711024349773,2.307637472852902,IFI6,1.0
GO_Biological_Process_2021,regulation of telomerase RNA localization to Cajal body (GO:1904872),1/18,0.36613343597292797,2.296711024349773,2.307637472852902,EXOSC10,1.0
GO_Biological_Process_2021,positive regulation of nervous system process (GO:0031646),1/18,0.36613343597292797,2.296711024349773,2.307637472852902,TNFRSF1B,1.0
GO_Biological_Process_2021,hyaluronan catabolic process (GO:0030214),1/18,0.36613343597292797,2.296711024349773,2.307637472852902,SLC9A1,1.0
GO_Biological_Process_2021,phosphatidylinositol acyl-chain remodeling (GO:0036149),1/18,0.36613343597292797,2.296711024349773,2.307637472852902,PLA2G5,1.0
GO_Biological_Process_2021,negative regulation of signal transduction by p53 class mediator (GO:1901797),1/18,0.36613343597292797,2.296711024349773,2.307637472852902,KDM1A,1.0
GO_Biological_Process_2021,positive regulation of phosphoprotein phosphatase activity (GO:0032516),1/18,0.36613343597292797,2.296711024349773,2.307637472852902,MTOR,1.0
GO_Biological_Process_2021,phosphatidylglycerol acyl-chain remodeling (GO:0036148),1/18,0.36613343597292797,2.296711024349773,2.307637472852902,PLA2G5,1.0
GO_Biological_Process_2021,3'-UTR-mediated mRNA stabilization (GO:0070935),1/18,0.36613343597292797,2.296711024349773,2.307637472852902,TARDBP,1.0
GO_Biological_Process_2021,water transport (GO:0006833),1/18,0.36613343597292797,2.296711024349773,2.307637472852902,PDPN,1.0
GO_Biological_Process_2021,protein autophosphorylation (GO:0046777),5/159,0.36616574705604077,1.268922971216826,1.2748478102164047,ATP13A2;EPHA8;FGR;MTOR;PINK1,1.0
GO_Biological_Process_2021,regulation of anatomical structure morphogenesis (GO:0022603),4/123,0.3698026080099562,1.3134317985398511,1.3065834437368586,CAPZB;EPHA2;ZMYM4;ZMYM6,1.0
GO_Biological_Process_2021,protein targeting to membrane (GO:0006612),3/87,0.3712498334116808,1.3952284865863773,1.382504055232657,ICMT;PEX14;ZDHHC18,1.0
GO_Biological_Process_2021,sodium ion transmembrane transport (GO:0035725),3/87,0.3712498334116808,1.3952284865863773,1.382504055232657,SCNN1D;SLC6A9;SLC9A1,1.0
GO_Biological_Process_2021,regulation of intrinsic apoptotic signaling pathway (GO:2001242),2/52,0.3746437636139939,1.5622489654166871,1.5337842709269836,NOC2L;PINK1,1.0
GO_Biological_Process_2021,glycolipid metabolic process (GO:0006664),2/52,0.3746437636139939,1.5622489654166871,1.5337842709269836,CPTP;FUCA1,1.0
GO_Biological_Process_2021,positive regulation of developmental growth (GO:0048639),2/52,0.3746437636139939,1.5622489654166871,1.5337842709269836,AGRN;MACF1,1.0
GO_Biological_Process_2021,negative regulation of BMP signaling pathway (GO:0030514),2/52,0.3746437636139939,1.5622489654166871,1.5337842709269836,NBL1;SKI,1.0
GO_Biological_Process_2021,negative regulation of protein metabolic process (GO:0051248),2/52,0.3746437636139939,1.5622489654166871,1.5337842709269836,AZIN2;MAD2L2,1.0
GO_Biological_Process_2021,negative regulation of intracellular signal transduction (GO:1902532),6/198,0.37507765904990936,1.221406858498849,1.197738660709043,EPHA2;MUL1;NOC2L;OTUD3;PINK1;ZC3H12A,1.0
GO_Biological_Process_2021,regulation of establishment of planar polarity (GO:0090175),3/88,0.3780608353951241,1.3787430194832155,1.3411035502914328,CDC42;DVL1;PSMB2,1.0
GO_Biological_Process_2021,peptide biosynthetic process (GO:0043043),5/162,0.3810636208770347,1.2444830225331232,1.2006634485246577,MRPS15;PABPC4;RPL11;RPL22;RPS8,1.0
GO_Biological_Process_2021,protein targeting (GO:0006605),4/125,0.38116432040044457,1.2915888842504908,1.2457693936240557,ICMT;MFN2;RPL11;ZDHHC18,1.0
GO_Biological_Process_2021,DNA methylation or demethylation (GO:0044728),1/19,0.3819943749186558,2.169004633665015,2.08734029875525,DMAP1,1.0
GO_Biological_Process_2021,neural crest cell differentiation (GO:0014033),1/19,0.3819943749186558,2.169004633665015,2.08734029875525,PEF1,1.0
GO_Biological_Process_2021,positive regulation of triglyceride metabolic process (GO:0090208),1/19,0.3819943749186558,2.169004633665015,2.08734029875525,MFSD2A,1.0
GO_Biological_Process_2021,regulation of epithelial cell differentiation (GO:0030856),1/19,0.3819943749186558,2.169004633665015,2.08734029875525,AJAP1,1.0
GO_Biological_Process_2021,striated muscle cell differentiation (GO:0051146),1/19,0.3819943749186558,2.169004633665015,2.08734029875525,SKI,1.0
GO_Biological_Process_2021,N-glycan processing (GO:0006491),1/19,0.3819943749186558,2.169004633665015,2.08734029875525,MAN1C1,1.0
GO_Biological_Process_2021,positive regulation of cellular protein catabolic process (GO:1903364),1/19,0.3819943749186558,2.169004633665015,2.08734029875525,ATP5IF1,1.0
GO_Biological_Process_2021,NLS-bearing protein import into nucleus (GO:0006607),1/19,0.3819943749186558,2.169004633665015,2.08734029875525,KPNA6,1.0
GO_Biological_Process_2021,positive regulation of actin cytoskeleton reorganization (GO:2000251),1/19,0.3819943749186558,2.169004633665015,2.08734029875525,CDC42,1.0
GO_Biological_Process_2021,negative regulation of cytokine production involved in inflammatory response (GO:1900016),1/19,0.3819943749186558,2.169004633665015,2.08734029875525,ZC3H12A,1.0
GO_Biological_Process_2021,prostaglandin biosynthetic process (GO:0001516),1/19,0.3819943749186558,2.169004633665015,2.08734029875525,PRXL2B,1.0
GO_Biological_Process_2021,barbed-end actin filament capping (GO:0051016),1/19,0.3819943749186558,2.169004633665015,2.08734029875525,CAPZB,1.0
GO_Biological_Process_2021,regulation of mitochondrial membrane permeability (GO:0046902),1/19,0.3819943749186558,2.169004633665015,2.08734029875525,MUL1,1.0
GO_Biological_Process_2021,regulation of T cell cytokine production (GO:0002724),1/19,0.3819943749186558,2.169004633665015,2.08734029875525,TNFRSF1B,1.0
GO_Biological_Process_2021,endocardial cushion morphogenesis (GO:0003203),1/19,0.3819943749186558,2.169004633665015,2.08734029875525,HEYL,1.0
GO_Biological_Process_2021,regulation of exosomal secretion (GO:1903541),1/19,0.3819943749186558,2.169004633665015,2.08734029875525,ATP13A2,1.0
GO_Biological_Process_2021,regulation of histone H3-K4 methylation (GO:0051569),1/19,0.3819943749186558,2.169004633665015,2.08734029875525,KDM1A,1.0
GO_Biological_Process_2021,actin filament capping (GO:0051693),1/19,0.3819943749186558,2.169004633665015,2.08734029875525,CAPZB,1.0
GO_Biological_Process_2021,atrioventricular valve morphogenesis (GO:0003181),1/19,0.3819943749186558,2.169004633665015,2.08734029875525,HEYL,1.0
GO_Biological_Process_2021,negative regulation of T cell receptor signaling pathway (GO:0050860),1/19,0.3819943749186558,2.169004633665015,2.08734029875525,LAPTM5,1.0
GO_Biological_Process_2021,nuclear membrane organization (GO:0071763),1/19,0.3819943749186558,2.169004633665015,2.08734029875525,TARDBP,1.0
GO_Biological_Process_2021,fatty acid transmembrane transport (GO:1902001),1/19,0.3819943749186558,2.169004633665015,2.08734029875525,SLC2A1,1.0
GO_Biological_Process_2021,regulation of lymphocyte proliferation (GO:0050670),1/19,0.3819943749186558,2.169004633665015,2.08734029875525,TNFRSF1B,1.0
GO_Biological_Process_2021,aspartate family amino acid metabolic process (GO:0009066),1/19,0.3819943749186558,2.169004633665015,2.08734029875525,MTHFR,1.0
GO_Biological_Process_2021,negative regulation of striated muscle cell differentiation (GO:0051154),1/19,0.3819943749186558,2.169004633665015,2.08734029875525,HDAC1,1.0
GO_Biological_Process_2021,folic acid metabolic process (GO:0046655),1/19,0.3819943749186558,2.169004633665015,2.08734029875525,MTHFR,1.0
GO_Biological_Process_2021,glycerolipid catabolic process (GO:0046503),1/19,0.3819943749186558,2.169004633665015,2.08734029875525,LYPLA2,1.0
GO_Biological_Process_2021,regulation of neuroinflammatory response (GO:0150077),1/19,0.3819943749186558,2.169004633665015,2.08734029875525,TNFRSF1B,1.0
GO_Biological_Process_2021,positive regulation of focal adhesion assembly (GO:0051894),1/19,0.3819943749186558,2.169004633665015,2.08734029875525,COL16A1,1.0
GO_Biological_Process_2021,DNA alkylation (GO:0006305),1/19,0.3819943749186558,2.169004633665015,2.08734029875525,DMAP1,1.0
GO_Biological_Process_2021,negative regulation of RNA metabolic process (GO:0051253),1/19,0.3819943749186558,2.169004633665015,2.08734029875525,ZC3H12A,1.0
GO_Biological_Process_2021,positive regulation of macrophage migration (GO:1905523),1/19,0.3819943749186558,2.169004633665015,2.08734029875525,AKIRIN1,1.0
GO_Biological_Process_2021,regulation of nervous system process (GO:0031644),1/19,0.3819943749186558,2.169004633665015,2.08734029875525,DLGAP3,1.0
GO_Biological_Process_2021,establishment or maintenance of apical/basal cell polarity (GO:0035088),1/19,0.3819943749186558,2.169004633665015,2.08734029875525,CLIC4,1.0
GO_Biological_Process_2021,maintenance of protein localization in organelle (GO:0072595),1/19,0.3819943749186558,2.169004633665015,2.08734029875525,PINK1,1.0
GO_Biological_Process_2021,positive regulation of oxidoreductase activity (GO:0051353),1/19,0.3819943749186558,2.169004633665015,2.08734029875525,PARK7,1.0
GO_Biological_Process_2021,histone H4-K16 acetylation (GO:0043984),1/19,0.3819943749186558,2.169004633665015,2.08734029875525,MEAF6,1.0
GO_Biological_Process_2021,regulation of synaptic vesicle exocytosis (GO:2000300),1/19,0.3819943749186558,2.169004633665015,2.08734029875525,RIMS3,1.0
GO_Biological_Process_2021,leukotriene biosynthetic process (GO:0019370),1/19,0.3819943749186558,2.169004633665015,2.08734029875525,PLA2G5,1.0
GO_Biological_Process_2021,negative regulation of cysteine-type endopeptidase activity (GO:2000117),2/53,0.3835928291236262,1.5315378864050584,1.4674792157582408,IFI6;RPS6KA1,1.0
GO_Biological_Process_2021,positive regulation of B cell activation (GO:0050871),2/53,0.3835928291236262,1.5315378864050584,1.4674792157582408,EPHB2;MAD2L2,1.0
GO_Biological_Process_2021,IRE1-mediated unfolded protein response (GO:0036498),2/53,0.3835928291236262,1.5315378864050584,1.4674792157582408,EXTL1;ZBTB17,1.0
GO_Biological_Process_2021,mitochondrial translational elongation (GO:0070125),3/89,0.384856277847,1.3626409353359412,1.3011658237891022,AURKAIP1;MRPL20;MRPS15,1.0
GO_Biological_Process_2021,mitochondrial translational termination (GO:0070126),3/89,0.384856277847,1.3626409353359412,1.3011658237891022,AURKAIP1;MRPL20;MRPS15,1.0
GO_Biological_Process_2021,negative regulation of growth (GO:0045926),4/126,0.38683739794775546,1.2809359875274011,1.216570023205594,ENO1;MUL1;PPT1;SESN2,1.0
GO_Biological_Process_2021,negative regulation of cell growth (GO:0030308),4/126,0.38683739794775546,1.2809359875274011,1.216570023205594,ENO1;MUL1;PPT1;SESN2,1.0
GO_Biological_Process_2021,modification-dependent protein catabolic process (GO:0019941),6/201,0.3884710645576361,1.202429126079759,1.1369407378162197,ISG15;PINK1;RNF19B;SPSB1;UBE4B;UBR4,1.0
GO_Biological_Process_2021,double-strand break repair (GO:0006302),5/164,0.3909902276484197,1.2287020913075875,1.1538406057824453,EYA3;KDM4A;MAD2L2;RPA2;SFPQ,1.0
GO_Biological_Process_2021,negative regulation of translation (GO:0017148),3/90,0.3916344164596338,1.3469090140426272,1.2626281832095325,PUM1;YBX1;YTHDF2,1.0
GO_Biological_Process_2021,SRP-dependent cotranslational protein targeting to membrane (GO:0006614),3/90,0.3916344164596338,1.3469090140426272,1.2626281832095325,RPL11;RPL22;RPS8,1.0
GO_Biological_Process_2021,"regulation of alternative mRNA splicing, via spliceosome (GO:0000381)",2/54,0.39248627163101446,1.5020080027400307,1.404758570692053,KHDRBS1;THRAP3,1.0
GO_Biological_Process_2021,regulation of proteolysis (GO:0030162),2/54,0.39248627163101446,1.5020080027400307,1.404758570692053,AURKAIP1;CAMK2N1,1.0
GO_Biological_Process_2021,regulation of potassium ion transmembrane transport (GO:1901379),2/54,0.39248627163101446,1.5020080027400307,1.404758570692053,GNB1;KCNAB2,1.0
GO_Biological_Process_2021,negative regulation of cellular macromolecule biosynthetic process (GO:2000113),15/547,0.3941886965109733,1.1027051944950328,1.026536449793216,DMAP1;ENO1;HDAC1;HEYL;ID3;KDM1A;KDM4A;KHDRBS1;PEX14;PHC2;SAMD11;SCMH1;SFPQ;SPEN;YBX1,1.0
GO_Biological_Process_2021,regulation of angiogenesis (GO:0045765),6/203,0.39739924992654724,1.190098416690706,1.098239285502649,AGO1;EPHA2;HSPG2;PIK3CD;TIE1;ZC3H12A,1.0
GO_Biological_Process_2021,negative regulation of dephosphorylation (GO:0035305),1/20,0.39745920713629623,2.054741020947074,1.8958334605917557,PPP1R8,1.0
GO_Biological_Process_2021,cellular monovalent inorganic cation homeostasis (GO:0030004),1/20,0.39745920713629623,2.054741020947074,1.8958334605917557,SLC9A1,1.0
GO_Biological_Process_2021,regulation of protein modification by small protein conjugation or removal (GO:1903320),1/20,0.39745920713629623,2.054741020947074,1.8958334605917557,PINK1,1.0
GO_Biological_Process_2021,regulation of protein localization to cell periphery (GO:1904375),1/20,0.39745920713629623,2.054741020947074,1.8958334605917557,LDLRAP1,1.0
GO_Biological_Process_2021,regulation of granulocyte chemotaxis (GO:0071622),1/20,0.39745920713629623,2.054741020947074,1.8958334605917557,AKIRIN1,1.0
GO_Biological_Process_2021,"base-excision repair, AP site formation (GO:0006285)",1/20,0.39745920713629623,2.054741020947074,1.8958334605917557,MUTYH,1.0
GO_Biological_Process_2021,cardiac ventricle development (GO:0003231),1/20,0.39745920713629623,2.054741020947074,1.8958334605917557,HEYL,1.0
GO_Biological_Process_2021,cardiac epithelial to mesenchymal transition (GO:0060317),1/20,0.39745920713629623,2.054741020947074,1.8958334605917557,HEYL,1.0
GO_Biological_Process_2021,natural killer cell mediated immunity (GO:0002228),1/20,0.39745920713629623,2.054741020947074,1.8958334605917557,PLEKHM2,1.0
GO_Biological_Process_2021,cellular response to nitrogen compound (GO:1901699),1/20,0.39745920713629623,2.054741020947074,1.8958334605917557,DDI2,1.0
GO_Biological_Process_2021,establishment of epithelial cell polarity (GO:0090162),1/20,0.39745920713629623,2.054741020947074,1.8958334605917557,CDC42,1.0
GO_Biological_Process_2021,mesoderm development (GO:0007498),1/20,0.39745920713629623,2.054741020947074,1.8958334605917557,TIE1,1.0
GO_Biological_Process_2021,modulation by symbiont of entry into host (GO:0052372),1/20,0.39745920713629623,2.054741020947074,1.8958334605917557,TRIM62,1.0
GO_Biological_Process_2021,maintenance of protein location in nucleus (GO:0051457),1/20,0.39745920713629623,2.054741020947074,1.8958334605917557,PARK7,1.0
GO_Biological_Process_2021,protein-DNA complex disassembly (GO:0032986),1/20,0.39745920713629623,2.054741020947074,1.8958334605917557,ARID1A,1.0
GO_Biological_Process_2021,protein targeting to lysosome (GO:0006622),1/20,0.39745920713629623,2.054741020947074,1.8958334605917557,LAPTM5,1.0
GO_Biological_Process_2021,eye morphogenesis (GO:0048592),1/20,0.39745920713629623,2.054741020947074,1.8958334605917557,SKI,1.0
GO_Biological_Process_2021,insulin secretion (GO:0030073),1/20,0.39745920713629623,2.054741020947074,1.8958334605917557,PARK7,1.0
GO_Biological_Process_2021,inositol phosphate-mediated signaling (GO:0048016),1/20,0.39745920713629623,2.054741020947074,1.8958334605917557,ADGRB2,1.0
GO_Biological_Process_2021,folic acid-containing compound metabolic process (GO:0006760),1/20,0.39745920713629623,2.054741020947074,1.8958334605917557,MTHFR,1.0
GO_Biological_Process_2021,negative regulation of telomere maintenance via telomerase (GO:0032211),1/20,0.39745920713629623,2.054741020947074,1.8958334605917557,EXOSC10,1.0
GO_Biological_Process_2021,neuromuscular synaptic transmission (GO:0007274),1/20,0.39745920713629623,2.054741020947074,1.8958334605917557,KIF1B,1.0
GO_Biological_Process_2021,positive regulation of epithelial cell differentiation (GO:0030858),1/20,0.39745920713629623,2.054741020947074,1.8958334605917557,KDF1,1.0
GO_Biological_Process_2021,regulation of nuclear division (GO:0051783),1/20,0.39745920713629623,2.054741020947074,1.8958334605917557,RCC1,1.0
GO_Biological_Process_2021,positive regulation of epidermal cell differentiation (GO:0045606),1/20,0.39745920713629623,2.054741020947074,1.8958334605917557,KDF1,1.0
GO_Biological_Process_2021,positive regulation of G2/M transition of mitotic cell cycle (GO:0010971),1/20,0.39745920713629623,2.054741020947074,1.8958334605917557,RCC2,1.0
GO_Biological_Process_2021,positive regulation of protein processing (GO:0010954),1/20,0.39745920713629623,2.054741020947074,1.8958334605917557,ENO1,1.0
GO_Biological_Process_2021,regulation of T cell migration (GO:2000404),1/20,0.39745920713629623,2.054741020947074,1.8958334605917557,TNFRSF14,1.0
GO_Biological_Process_2021,gene expression (GO:0010467),10/356,0.3990899831489399,1.1297628653475316,1.0377644290111678,MRPS15;NOL9;PABPC4;RPL11;RPL22;RPS8;RRAGC;SNRNP40;SRRM1;SRSF4,1.0
GO_Biological_Process_2021,regulation of posttranscriptional gene silencing (GO:0060147),2/55,0.40132127914537763,1.4735924543076455,1.3453795626045317,AGO1;PUM1,1.0
GO_Biological_Process_2021,regulation of gene silencing by RNA (GO:0060966),2/55,0.40132127914537763,1.4735924543076455,1.3453795626045317,AGO1;PUM1,1.0
GO_Biological_Process_2021,T cell activation (GO:0042110),3/92,0.40513207047354105,1.3165057504195936,1.1895184561006586,CTPS1;DDOST;PIK3CD,1.0
GO_Biological_Process_2021,regulation of lipid metabolic process (GO:0019216),3/92,0.40513207047354105,1.3165057504195936,1.1895184561006586,DISP3;NFYC;ZFP69,1.0
GO_Biological_Process_2021,regulation of endothelial cell proliferation (GO:0001936),3/92,0.40513207047354105,1.3165057504195936,1.1895184561006586,ATP5IF1;PIK3CD;TIE1,1.0
GO_Biological_Process_2021,regulation of response to external stimulus (GO:0032101),4/130,0.40945225620239334,1.2400153366228348,1.1072530610730227,EPHB2;FGR;PARK7;ZMPSTE24,1.0
GO_Biological_Process_2021,protein glycosylation (GO:0006486),4/130,0.40945225620239334,1.2400153366228348,1.1072530610730227,DDOST;MAN1C1;PLOD1;ST3GAL3,1.0
GO_Biological_Process_2021,peptidyl-tyrosine modification (GO:0018212),2/56,0.41009521442317814,1.4462293335949783,1.289119534605878,EPHB2;FGR,1.0
GO_Biological_Process_2021,autophagosome organization (GO:1905037),2/56,0.41009521442317814,1.4462293335949783,1.289119534605878,ATP13A2;STX12,1.0
GO_Biological_Process_2021,telomere maintenance (GO:0000723),2/56,0.41009521442317814,1.4462293335949783,1.289119534605878,RPA2;ZBTB48,1.0
GO_Biological_Process_2021,proteasome-mediated ubiquitin-dependent protein catabolic process (GO:0043161),9/321,0.4109763775104293,1.1272912199909355,1.002409382094549,FBXO2;FBXO44;FBXO6;HECTD3;PSMB2;SPSB1;UBE2J2;UBE4B;UBXN11,1.0
GO_Biological_Process_2021,positive regulation of peptidyl-serine phosphorylation (GO:0033138),3/93,0.4118483613202138,1.3018108396684607,1.154836464123204,MAD2L2;PARK7;PINK1,1.0
GO_Biological_Process_2021,regulation of cardiac muscle cell proliferation (GO:0060043),1/21,0.41253780555630915,1.9519037695009265,1.728269133500246,TP73,1.0
GO_Biological_Process_2021,stress granule assembly (GO:0034063),1/21,0.41253780555630915,1.9519037695009265,1.728269133500246,YTHDF2,1.0
GO_Biological_Process_2021,beta-catenin destruction complex disassembly (GO:1904886),1/21,0.41253780555630915,1.9519037695009265,1.728269133500246,DVL1,1.0
GO_Biological_Process_2021,anterior/posterior axis specification (GO:0009948),1/21,0.41253780555630915,1.9519037695009265,1.728269133500246,SKI,1.0
GO_Biological_Process_2021,negative regulation of response to wounding (GO:1903035),1/21,0.41253780555630915,1.9519037695009265,1.728269133500246,AJAP1,1.0
GO_Biological_Process_2021,long-term synaptic potentiation (GO:0060291),1/21,0.41253780555630915,1.9519037695009265,1.728269133500246,PRKCZ,1.0
GO_Biological_Process_2021,hydrogen peroxide catabolic process (GO:0042744),1/21,0.41253780555630915,1.9519037695009265,1.728269133500246,PRDX1,1.0
GO_Biological_Process_2021,intracellular lipid transport (GO:0032365),1/21,0.41253780555630915,1.9519037695009265,1.728269133500246,FABP3,1.0
GO_Biological_Process_2021,mitotic spindle assembly checkpoint signaling (GO:0007094),1/21,0.41253780555630915,1.9519037695009265,1.728269133500246,MAD2L2,1.0
GO_Biological_Process_2021,positive regulation of transcription regulatory region DNA binding (GO:2000679),1/21,0.41253780555630915,1.9519037695009265,1.728269133500246,PARK7,1.0
GO_Biological_Process_2021,sterol transport (GO:0015918),1/21,0.41253780555630915,1.9519037695009265,1.728269133500246,LDLRAP1,1.0
GO_Biological_Process_2021,myotube differentiation (GO:0014902),1/21,0.41253780555630915,1.9519037695009265,1.728269133500246,SKI,1.0
GO_Biological_Process_2021,spindle assembly checkpoint signaling (GO:0071173),1/21,0.41253780555630915,1.9519037695009265,1.728269133500246,MAD2L2,1.0
GO_Biological_Process_2021,cellular response to inorganic substance (GO:0071241),1/21,0.41253780555630915,1.9519037695009265,1.728269133500246,DDI2,1.0
GO_Biological_Process_2021,NAD biosynthetic process (GO:0009435),1/21,0.41253780555630915,1.9519037695009265,1.728269133500246,NMNAT1,1.0
GO_Biological_Process_2021,positive regulation of transcription from RNA polymerase II promoter involved in cellular response to chemical stimulus (GO:1901522),1/21,0.41253780555630915,1.9519037695009265,1.728269133500246,SESN2,1.0
GO_Biological_Process_2021,mitotic spindle checkpoint signaling (GO:0071174),1/21,0.41253780555630915,1.9519037695009265,1.728269133500246,MAD2L2,1.0
GO_Biological_Process_2021,"nucleotide-excision repair, preincision complex stabilization (GO:0006293)",1/21,0.41253780555630915,1.9519037695009265,1.728269133500246,RPA2,1.0
GO_Biological_Process_2021,"nucleotide-excision repair, DNA incision, 3'-to lesion (GO:0006295)",1/21,0.41253780555630915,1.9519037695009265,1.728269133500246,RPA2,1.0
GO_Biological_Process_2021,positive regulation of phosphatase activity (GO:0010922),1/21,0.41253780555630915,1.9519037695009265,1.728269133500246,MTOR,1.0
GO_Biological_Process_2021,regulation of transcription by RNA polymerase III (GO:0006359),1/21,0.41253780555630915,1.9519037695009265,1.728269133500246,MTOR,1.0
GO_Biological_Process_2021,autonomic nervous system development (GO:0048483),1/21,0.41253780555630915,1.9519037695009265,1.728269133500246,PHACTR4,1.0
GO_Biological_Process_2021,vacuolar acidification (GO:0007035),1/21,0.41253780555630915,1.9519037695009265,1.728269133500246,PPT1,1.0
GO_Biological_Process_2021,regulation of cardiac muscle contraction by calcium ion signaling (GO:0010882),1/21,0.41253780555630915,1.9519037695009265,1.728269133500246,SLC9A1,1.0
GO_Biological_Process_2021,endocardial cushion development (GO:0003197),1/21,0.41253780555630915,1.9519037695009265,1.728269133500246,HEYL,1.0
GO_Biological_Process_2021,cobalamin metabolic process (GO:0009235),1/21,0.41253780555630915,1.9519037695009265,1.728269133500246,MMACHC,1.0
GO_Biological_Process_2021,linoleic acid metabolic process (GO:0043651),1/21,0.41253780555630915,1.9519037695009265,1.728269133500246,ELOVL1,1.0
GO_Biological_Process_2021,retinol metabolic process (GO:0042572),1/21,0.41253780555630915,1.9519037695009265,1.728269133500246,DHRS3,1.0
GO_Biological_Process_2021,regulation of cholesterol metabolic process (GO:0090181),1/21,0.41253780555630915,1.9519037695009265,1.728269133500246,LDLRAP1,1.0
GO_Biological_Process_2021,positive regulation of T cell cytokine production (GO:0002726),1/21,0.41253780555630915,1.9519037695009265,1.728269133500246,PRKCZ,1.0
GO_Biological_Process_2021,positive regulation of lipid storage (GO:0010884),1/21,0.41253780555630915,1.9519037695009265,1.728269133500246,ZC3H12A,1.0
GO_Biological_Process_2021,intrinsic apoptotic signaling pathway in response to DNA damage by p53 class mediator (GO:0042771),1/21,0.41253780555630915,1.9519037695009265,1.728269133500246,TP73,1.0
GO_Biological_Process_2021,extrinsic apoptotic signaling pathway in absence of ligand (GO:0097192),1/21,0.41253780555630915,1.9519037695009265,1.728269133500246,CASP9,1.0
GO_Biological_Process_2021,regulation of protein kinase B signaling (GO:0051896),6/207,0.41523348163077967,1.1661731596671696,1.0249662786875429,EPHA2;MUL1;OTUD3;PARK7;PIK3CD;PINK1,1.0
GO_Biological_Process_2021,phosphorylation (GO:0016310),11/400,0.41691731446351366,1.1051408404487524,0.966851653382859,CDK11A;CDK11B;EPHB2;FGR;MAP3K6;MTOR;NADK;PIK3CD;PINK1;PRKCZ;TESK2,1.0
GO_Biological_Process_2021,cellular protein modification process (GO:0006464),27/1025,0.4176440694417991,1.0582560251763673,0.9239905515021223,CDK11A;CDK11B;DDOST;FBXO2;FBXO44;FBXO6;FGR;ICMT;ISG15;KLHL21;MAP3K6;MTOR;MXRA8;P3H1;PARK7;PIK3CD;PINK1;PRKCZ;PSMB2;PTP4A2;PTPRF;PTPRU;SPSB1;ST3GAL3;TESK2;VWA1;WDTC1,1.0
GO_Biological_Process_2021,cotranslational protein targeting to membrane (GO:0006613),3/94,0.41854089815277795,1.2874388939887813,1.121334388221634,RPL11;RPL22;RPS8,1.0
GO_Biological_Process_2021,positive regulation of epithelial cell migration (GO:0010634),3/94,0.41854089815277795,1.2874388939887813,1.121334388221634,MTOR;PIK3CD;ZC3H12A,1.0
GO_Biological_Process_2021,regulation of mitotic nuclear division (GO:0007088),2/57,0.41880560801895467,1.4198612354536808,1.23577396783195,AURKAIP1;RCC1,1.0
GO_Biological_Process_2021,"positive regulation of gene expression, epigenetic (GO:0045815)",2/57,0.41880560801895467,1.4198612354536808,1.23577396783195,ARID1A;PADI2,1.0
GO_Biological_Process_2021,carboxylic acid transport (GO:0046942),2/57,0.41880560801895467,1.4198612354536808,1.23577396783195,SLC66A1;SLC6A9,1.0
GO_Biological_Process_2021,positive regulation of transcription by RNA polymerase II (GO:0045944),24/908,0.41902616786100716,1.0617893999148773,0.9235676816020112,AGO1;AGRN;AKIRIN1;CITED4;DVL1;FOXJ3;HDAC1;HEYL;KDM1A;MTF1;PARK7;PRDM2;RLF;RPS6KA1;SFPQ;SKI;SLC9A1;THAP3;THRAP3;TP73;YBX1;ZBTB17;ZC3H12A;ZNF593,1.0
GO_Biological_Process_2021,positive regulation of I-kappaB kinase/NF-kappaB signaling (GO:0043123),5/171,0.42560405862651685,1.176463406317035,1.0049889292925214,MIB2;MUL1;PINK1;PLEKHG5;TRIM62,1.0
GO_Biological_Process_2021,defense response to virus (GO:0051607),4/133,0.4263028784552689,1.2109902237719214,1.032496565632529,ATAD3A;IFI6;IFNLR1;ISG15,1.0
GO_Biological_Process_2021,regulation of membrane protein ectodomain proteolysis (GO:0051043),1/22,0.4272397975089512,1.8588605420020314,1.5807932899948398,TNFRSF1B,1.0
GO_Biological_Process_2021,regulation of macrophage chemotaxis (GO:0010758),1/22,0.4272397975089512,1.8588605420020314,1.5807932899948398,AKIRIN1,1.0
GO_Biological_Process_2021,regulation of vacuole organization (GO:0044088),1/22,0.4272397975089512,1.8588605420020314,1.5807932899948398,ENO1,1.0
GO_Biological_Process_2021,positive regulation of peptidase activity (GO:0010952),1/22,0.4272397975089512,1.8588605420020314,1.5807932899948398,PINK1,1.0
GO_Biological_Process_2021,regulation of voltage-gated calcium channel activity (GO:1901385),1/22,0.4272397975089512,1.8588605420020314,1.5807932899948398,HPCA,1.0
GO_Biological_Process_2021,regulation of viral release from host cell (GO:1902186),1/22,0.4272397975089512,1.8588605420020314,1.5807932899948398,TRIM62,1.0
GO_Biological_Process_2021,glutathione derivative biosynthetic process (GO:1901687),1/22,0.4272397975089512,1.8588605420020314,1.5807932899948398,AKR1A1,1.0
GO_Biological_Process_2021,glutathione derivative metabolic process (GO:1901685),1/22,0.4272397975089512,1.8588605420020314,1.5807932899948398,AKR1A1,1.0
GO_Biological_Process_2021,fatty-acyl-CoA metabolic process (GO:0035337),1/22,0.4272397975089512,1.8588605420020314,1.5807932899948398,PPT1,1.0
GO_Biological_Process_2021,negative regulation of small molecule metabolic process (GO:0062014),1/22,0.4272397975089512,1.8588605420020314,1.5807932899948398,C1QTNF12,1.0
GO_Biological_Process_2021,negative regulation of protein dephosphorylation (GO:0035308),1/22,0.4272397975089512,1.8588605420020314,1.5807932899948398,PPP1R8,1.0
GO_Biological_Process_2021,phosphatidylserine acyl-chain remodeling (GO:0036150),1/22,0.4272397975089512,1.8588605420020314,1.5807932899948398,PLA2G5,1.0
GO_Biological_Process_2021,positive regulation of signal transduction by p53 class mediator (GO:1901798),1/22,0.4272397975089512,1.8588605420020314,1.5807932899948398,CHD5,1.0
GO_Biological_Process_2021,membrane lipid metabolic process (GO:0006643),1/22,0.4272397975089512,1.8588605420020314,1.5807932899948398,SMPDL3B,1.0
GO_Biological_Process_2021,limb morphogenesis (GO:0035108),1/22,0.4272397975089512,1.8588605420020314,1.5807932899948398,SKI,1.0
GO_Biological_Process_2021,error-free translesion synthesis (GO:0070987),1/22,0.4272397975089512,1.8588605420020314,1.5807932899948398,RPA2,1.0
GO_Biological_Process_2021,microglial cell activation (GO:0001774),1/22,0.4272397975089512,1.8588605420020314,1.5807932899948398,C1QA,1.0
GO_Biological_Process_2021,protein import into peroxisome membrane (GO:0045046),1/22,0.4272397975089512,1.8588605420020314,1.5807932899948398,PEX14,1.0
GO_Biological_Process_2021,negative regulation of cyclin-dependent protein kinase activity (GO:1904030),1/22,0.4272397975089512,1.8588605420020314,1.5807932899948398,CAMK2N1,1.0
GO_Biological_Process_2021,positive regulation of calcium ion transmembrane transporter activity (GO:1901021),1/22,0.4272397975089512,1.8588605420020314,1.5807932899948398,SLC9A1,1.0
GO_Biological_Process_2021,cell projection assembly (GO:0030031),1/22,0.4272397975089512,1.8588605420020314,1.5807932899948398,CDC42,1.0
GO_Biological_Process_2021,positive regulation of axon extension (GO:0045773),1/22,0.4272397975089512,1.8588605420020314,1.5807932899948398,MACF1,1.0
GO_Biological_Process_2021,tetrapyrrole metabolic process (GO:0033013),1/22,0.4272397975089512,1.8588605420020314,1.5807932899948398,MMACHC,1.0
GO_Biological_Process_2021,negative regulation of lipid biosynthetic process (GO:0051055),1/22,0.4272397975089512,1.8588605420020314,1.5807932899948398,WDTC1,1.0
GO_Biological_Process_2021,negative regulation of mitotic metaphase/anaphase transition (GO:0045841),1/22,0.4272397975089512,1.8588605420020314,1.5807932899948398,MAD2L2,1.0
GO_Biological_Process_2021,negative regulation of lymphocyte activation (GO:0051250),1/22,0.4272397975089512,1.8588605420020314,1.5807932899948398,LAPTM5,1.0
GO_Biological_Process_2021,regulation of adenylate cyclase activity (GO:0045761),1/22,0.4272397975089512,1.8588605420020314,1.5807932899948398,CAP1,1.0
GO_Biological_Process_2021,natural killer cell mediated cytotoxicity (GO:0042267),1/22,0.4272397975089512,1.8588605420020314,1.5807932899948398,PLEKHM2,1.0
GO_Biological_Process_2021,regulation of endoplasmic reticulum stress-induced intrinsic apoptotic signaling pathway (GO:1902235),1/22,0.4272397975089512,1.8588605420020314,1.5807932899948398,PARK7,1.0
GO_Biological_Process_2021,negative regulation of B cell activation (GO:0050869),1/22,0.4272397975089512,1.8588605420020314,1.5807932899948398,LAPTM5,1.0
GO_Biological_Process_2021,osteoclast differentiation (GO:0030316),1/22,0.4272397975089512,1.8588605420020314,1.5807932899948398,EPHA2,1.0
GO_Biological_Process_2021,regulation of lipid storage (GO:0010883),1/22,0.4272397975089512,1.8588605420020314,1.5807932899948398,ZC3H12A,1.0
GO_Biological_Process_2021,proteasomal ubiquitin-independent protein catabolic process (GO:0010499),1/22,0.4272397975089512,1.8588605420020314,1.5807932899948398,PSMB2,1.0
GO_Biological_Process_2021,organelle fusion (GO:0048284),1/22,0.4272397975089512,1.8588605420020314,1.5807932899948398,MFN2,1.0
GO_Biological_Process_2021,negative regulation of interleukin-2 production (GO:0032703),1/22,0.4272397975089512,1.8588605420020314,1.5807932899948398,LAPTM5,1.0
GO_Biological_Process_2021,chordate embryonic development (GO:0043009),2/58,0.4274501515732472,1.394434855103144,1.1851547280706252,DVL1;HES5,1.0
GO_Biological_Process_2021,autophagosome assembly (GO:0000045),2/58,0.4274501515732472,1.394434855103144,1.1851547280706252,MFN2;STX12,1.0
GO_Biological_Process_2021,positive regulation of protein binding (GO:0032092),2/58,0.4274501515732472,1.394434855103144,1.1851547280706252,EPB41;RPL11,1.0
GO_Biological_Process_2021,positive regulation of mitotic cell cycle phase transition (GO:1901992),2/58,0.4274501515732472,1.394434855103144,1.1851547280706252,LSM10;RCC2,1.0
GO_Biological_Process_2021,eye development (GO:0001654),2/58,0.4274501515732472,1.394434855103144,1.1851547280706252,HES5;SKI,1.0
GO_Biological_Process_2021,negative regulation of hydrolase activity (GO:0051346),2/58,0.4274501515732472,1.394434855103144,1.1851547280706252,ATP5IF1;RCC2,1.0
GO_Biological_Process_2021,regulation of phagocytosis (GO:0050764),2/58,0.4274501515732472,1.394434855103144,1.1851547280706252,FGR;PLA2G5,1.0
GO_Biological_Process_2021,proteolysis (GO:0006508),8/287,0.42782800833155044,1.1202027927458273,0.951090273457917,DDI2;ECE1;FBXO2;FBXO6;MMP23B;SVBP;TINAGL1;ZMPSTE24,1.0
GO_Biological_Process_2021,transmembrane receptor protein tyrosine kinase signaling pathway (GO:0007169),11/404,0.4297151471687862,1.093663632026215,0.9237441082483544,ATP6V0B;CDC42;CNKSR1;EPHA10;EPHA2;EPHA8;EPHB2;FGR;STMN1;TIE1;WASF2,1.0
GO_Biological_Process_2021,translational termination (GO:0006415),3/96,0.43184882649054035,1.2596222249313371,1.0576792001790034,AURKAIP1;MRPL20;MRPS15,1.0
GO_Biological_Process_2021,positive regulation of tyrosine phosphorylation of STAT protein (GO:0042531),2/59,0.4360266913301562,1.3699006284491173,1.137088508301288,HES5;TNFRSF18,1.0
GO_Biological_Process_2021,phospholipid transport (GO:0015914),2/59,0.4360266913301562,1.3699006284491173,1.137088508301288,CPTP;MFSD2A,1.0
GO_Biological_Process_2021,regulation of secretion by cell (GO:1903530),2/59,0.4360266913301562,1.3699006284491173,1.137088508301288,P3H1;VAMP3,1.0
GO_Biological_Process_2021,positive regulation of cold-induced thermogenesis (GO:0120162),3/97,0.4384614018916855,1.2461577734194893,1.0274365152240186,GPR3;KDM1A;MFN2,1.0
GO_Biological_Process_2021,hyaluronan metabolic process (GO:0030212),1/23,0.4415745708218719,1.7742757897303085,1.45030788097773,SLC9A1,1.0
GO_Biological_Process_2021,cytoskeleton-dependent intracellular transport (GO:0030705),1/23,0.4415745708218719,1.7742757897303085,1.45030788097773,KIF1B,1.0
GO_Biological_Process_2021,DNA methylation (GO:0006306),1/23,0.4415745708218719,1.7742757897303085,1.45030788097773,DMAP1,1.0
GO_Biological_Process_2021,mitotic cell cycle checkpoint signaling (GO:0007093),1/23,0.4415745708218719,1.7742757897303085,1.45030788097773,PLK3,1.0
GO_Biological_Process_2021,regulation of supramolecular fiber organization (GO:1902903),1/23,0.4415745708218719,1.7742757897303085,1.45030788097773,PARK7,1.0
GO_Biological_Process_2021,response to nutrient levels (GO:0031667),1/23,0.4415745708218719,1.7742757897303085,1.45030788097773,MTOR,1.0
GO_Biological_Process_2021,positive regulation of transcription by RNA polymerase I (GO:0045943),1/23,0.4415745708218719,1.7742757897303085,1.45030788097773,MTOR,1.0
GO_Biological_Process_2021,peptidyl-S-diacylglycerol-L-cysteine biosynthetic process from peptidyl-cysteine (GO:0018231),1/23,0.4415745708218719,1.7742757897303085,1.45030788097773,ZDHHC18,1.0
GO_Biological_Process_2021,triglyceride catabolic process (GO:0019433),1/23,0.4415745708218719,1.7742757897303085,1.45030788097773,FABP3,1.0
GO_Biological_Process_2021,regulation of interleukin-4 production (GO:0032673),1/23,0.4415745708218719,1.7742757897303085,1.45030788097773,PRKCZ,1.0
GO_Biological_Process_2021,positive regulation of mRNA processing (GO:0050685),1/23,0.4415745708218719,1.7742757897303085,1.45030788097773,THRAP3,1.0
GO_Biological_Process_2021,ear morphogenesis (GO:0042471),1/23,0.4415745708218719,1.7742757897303085,1.45030788097773,EPHB2,1.0
GO_Biological_Process_2021,positive regulation of morphogenesis of an epithelium (GO:1905332),1/23,0.4415745708218719,1.7742757897303085,1.45030788097773,PIK3CD,1.0
GO_Biological_Process_2021,negative regulation of smoothened signaling pathway (GO:0045879),1/23,0.4415745708218719,1.7742757897303085,1.45030788097773,PTCH2,1.0
GO_Biological_Process_2021,regulation of mononuclear cell migration (GO:0071675),1/23,0.4415745708218719,1.7742757897303085,1.45030788097773,AKIRIN1,1.0
GO_Biological_Process_2021,oligosaccharide biosynthetic process (GO:0009312),1/23,0.4415745708218719,1.7742757897303085,1.45030788097773,ST3GAL3,1.0
GO_Biological_Process_2021,negative regulation of GTPase activity (GO:0034260),1/23,0.4415745708218719,1.7742757897303085,1.45030788097773,RCC2,1.0
GO_Biological_Process_2021,negative regulation of G protein-coupled receptor signaling pathway (GO:0045744),1/23,0.4415745708218719,1.7742757897303085,1.45030788097773,STMN1,1.0
GO_Biological_Process_2021,positive regulation of cell cycle G2/M phase transition (GO:1902751),1/23,0.4415745708218719,1.7742757897303085,1.45030788097773,RCC2,1.0
GO_Biological_Process_2021,negative regulation of intracellular protein transport (GO:0090317),1/23,0.4415745708218719,1.7742757897303085,1.45030788097773,PARK7,1.0
GO_Biological_Process_2021,peptidyl-L-cysteine S-palmitoylation (GO:0018230),1/23,0.4415745708218719,1.7742757897303085,1.45030788097773,ZDHHC18,1.0
GO_Biological_Process_2021,regulation of protein export from nucleus (GO:0046825),1/23,0.4415745708218719,1.7742757897303085,1.45030788097773,PARK7,1.0
GO_Biological_Process_2021,response to organic cyclic compound (GO:0014070),2/60,0.44453322187727184,1.3462124096107464,1.091415442367967,ALPL;PAQR7,1.0
GO_Biological_Process_2021,regulation of neuron apoptotic process (GO:0043523),3/98,0.44504458977859956,1.2329767840447328,0.9981943313145123,PARK7;PINK1;PPT1,1.0
GO_Biological_Process_2021,regulation of peptidyl-serine phosphorylation (GO:0033135),3/98,0.44504458977859956,1.2329767840447328,0.9981943313145123,MAD2L2;PARK7;PINK1,1.0
GO_Biological_Process_2021,regulation of canonical Wnt signaling pathway (GO:0060828),7/253,0.4467092913182202,1.1113144786042513,0.8955497175062839,DVL1;HDAC1;MAD2L2;NPHP4;PSMB2;PTPRU;RNF220,1.0
GO_Biological_Process_2021,protein lipidation (GO:0006497),2/61,0.45296788010094424,1.323327181241473,1.0479878684967652,PIGV;ZDHHC18,1.0
GO_Biological_Process_2021,positive regulation of developmental process (GO:0051094),5/177,0.454974295532761,1.1350716243560817,0.8938851980899774,DVL1;MAD2L2;MUL1;PINK1;RPS6KA1,1.0
GO_Biological_Process_2021,extracellular structure organization (GO:0043062),6/216,0.45509565638974475,1.1156737778782058,0.8783115579086139,AGRN;COL16A1;COL8A2;COL9A2;HSPG2;MMP23B,1.0
GO_Biological_Process_2021,cholesterol efflux (GO:0033344),1/24,0.45555127976661147,1.6970462333083005,1.334297492062717,STX12,1.0
GO_Biological_Process_2021,leukotriene metabolic process (GO:0006691),1/24,0.45555127976661147,1.6970462333083005,1.334297492062717,PLA2G5,1.0
GO_Biological_Process_2021,response to gamma radiation (GO:0010332),1/24,0.45555127976661147,1.6970462333083005,1.334297492062717,KDM1A,1.0
GO_Biological_Process_2021,regulation of cell size (GO:0008361),1/24,0.45555127976661147,1.6970462333083005,1.334297492062717,MTOR,1.0
GO_Biological_Process_2021,regulation of cardiac muscle hypertrophy (GO:0010611),1/24,0.45555127976661147,1.6970462333083005,1.334297492062717,SLC9A1,1.0
GO_Biological_Process_2021,inner ear morphogenesis (GO:0042472),1/24,0.45555127976661147,1.6970462333083005,1.334297492062717,EPHB2,1.0
GO_Biological_Process_2021,positive regulation of p38MAPK cascade (GO:1900745),1/24,0.45555127976661147,1.6970462333083005,1.334297492062717,ZC3H12A,1.0
GO_Biological_Process_2021,glucose catabolic process to pyruvate (GO:0061718),1/24,0.45555127976661147,1.6970462333083005,1.334297492062717,ENO1,1.0
GO_Biological_Process_2021,ncRNA 3'-end processing (GO:0043628),1/24,0.45555127976661147,1.6970462333083005,1.334297492062717,TOE1,1.0
GO_Biological_Process_2021,positive regulation of viral life cycle (GO:1903902),1/24,0.45555127976661147,1.6970462333083005,1.334297492062717,KPNA6,1.0
GO_Biological_Process_2021,protein K48-linked deubiquitination (GO:0071108),1/24,0.45555127976661147,1.6970462333083005,1.334297492062717,OTUD3,1.0
GO_Biological_Process_2021,"wound healing, spreading of cells (GO:0044319)",1/24,0.45555127976661147,1.6970462333083005,1.334297492062717,PDPN,1.0
GO_Biological_Process_2021,negative regulation of NIK/NF-kappaB signaling (GO:1901223),1/24,0.45555127976661147,1.6970462333083005,1.334297492062717,ZC3H12A,1.0
GO_Biological_Process_2021,carbohydrate biosynthetic process (GO:0016051),1/24,0.45555127976661147,1.6970462333083005,1.334297492062717,ST3GAL3,1.0
GO_Biological_Process_2021,"protein alpha-1,2-demannosylation (GO:0036508)",1/24,0.45555127976661147,1.6970462333083005,1.334297492062717,MAN1C1,1.0
GO_Biological_Process_2021,sulfur amino acid metabolic process (GO:0000096),1/24,0.45555127976661147,1.6970462333083005,1.334297492062717,MTHFR,1.0
GO_Biological_Process_2021,canonical glycolysis (GO:0061621),1/24,0.45555127976661147,1.6970462333083005,1.334297492062717,ENO1,1.0
GO_Biological_Process_2021,positive regulation of cell-substrate junction organization (GO:0150117),1/24,0.45555127976661147,1.6970462333083005,1.334297492062717,COL16A1,1.0
GO_Biological_Process_2021,positive regulation of transcription from RNA polymerase II promoter in response to stress (GO:0036003),1/24,0.45555127976661147,1.6970462333083005,1.334297492062717,SESN2,1.0
GO_Biological_Process_2021,negative regulation of protein tyrosine kinase activity (GO:0061099),1/24,0.45555127976661147,1.6970462333083005,1.334297492062717,ERRFI1,1.0
GO_Biological_Process_2021,dorsal/ventral pattern formation (GO:0009953),1/24,0.45555127976661147,1.6970462333083005,1.334297492062717,NBL1,1.0
GO_Biological_Process_2021,heterochromatin assembly (GO:0031507),1/24,0.45555127976661147,1.6970462333083005,1.334297492062717,HDAC1,1.0
GO_Biological_Process_2021,negative regulation of synaptic transmission (GO:0050805),1/24,0.45555127976661147,1.6970462333083005,1.334297492062717,GRIK3,1.0
GO_Biological_Process_2021,positive regulation of phospholipase activity (GO:0010518),1/24,0.45555127976661147,1.6970462333083005,1.334297492062717,PLA2G5,1.0
GO_Biological_Process_2021,amino acid import across plasma membrane (GO:0089718),1/24,0.45555127976661147,1.6970462333083005,1.334297492062717,SLC6A9,1.0
GO_Biological_Process_2021,"nucleotide-excision repair, DNA gap filling (GO:0006297)",1/24,0.45555127976661147,1.6970462333083005,1.334297492062717,RPA2,1.0
GO_Biological_Process_2021,positive regulation of translation (GO:0045727),3/100,0.4581177089703189,1.2074301242256174,0.9425551170298152,KHDRBS1;MTOR;YTHDF2,1.0
GO_Biological_Process_2021,external encapsulating structure organization (GO:0045229),6/217,0.459490256882152,1.1103286616382995,0.8634332503044571,AGRN;COL16A1;COL8A2;COL9A2;HSPG2;MMP23B,1.0
GO_Biological_Process_2021,protein dephosphorylation (GO:0006470),4/139,0.45960687472684775,1.156810013116883,0.8992853350171011,EYA3;PTPRF;PTPRU;SSU72,1.0
GO_Biological_Process_2021,potassium ion transmembrane transport (GO:0071805),4/139,0.45960687472684775,1.156810013116883,0.8992853350171011,KCNAB2;KCNQ4;LRRC38;SLC9A1,1.0
GO_Biological_Process_2021,regulation of mitotic cell cycle (GO:0007346),5/178,0.4598316526974303,1.1284521293603995,0.8766886239388613,CDK11A;CDK11B;PSMB2;RCC1;TP73,1.0
GO_Biological_Process_2021,glucose metabolic process (GO:0006006),2/62,0.46132893935007974,1.3012047938178422,1.0066692243180688,AKR1A1;ENO1,1.0
GO_Biological_Process_2021,neuron projection morphogenesis (GO:0048812),4/140,0.4650956666433602,1.1482447592265645,0.8789953256586045,CDC42;DVL1;EPHB2;NBL1,1.0
GO_Biological_Process_2021,positive regulation of release of cytochrome c from mitochondria (GO:0090200),1/25,0.4691788508577558,1.6262524732547934,1.2307010976757609,PINK1,1.0
GO_Biological_Process_2021,negative regulation of cell junction assembly (GO:1901889),1/25,0.4691788508577558,1.6262524732547934,1.2307010976757609,RCC2,1.0
GO_Biological_Process_2021,cellular response to hexose stimulus (GO:0071331),1/25,0.4691788508577558,1.6262524732547934,1.2307010976757609,SLC2A5,1.0
GO_Biological_Process_2021,cAMP-mediated signaling (GO:0019933),1/25,0.4691788508577558,1.6262524732547934,1.2307010976757609,CAP1,1.0
GO_Biological_Process_2021,positive regulation of T cell migration (GO:2000406),1/25,0.4691788508577558,1.6262524732547934,1.2307010976757609,TNFRSF14,1.0
GO_Biological_Process_2021,negative regulation of response to endoplasmic reticulum stress (GO:1903573),1/25,0.4691788508577558,1.6262524732547934,1.2307010976757609,PARK7,1.0
GO_Biological_Process_2021,phosphatidylglycerol metabolic process (GO:0046471),1/25,0.4691788508577558,1.6262524732547934,1.2307010976757609,PLA2G5,1.0
GO_Biological_Process_2021,glycolytic process through glucose-6-phosphate (GO:0061620),1/25,0.4691788508577558,1.6262524732547934,1.2307010976757609,ENO1,1.0
GO_Biological_Process_2021,fat-soluble vitamin metabolic process (GO:0006775),1/25,0.4691788508577558,1.6262524732547934,1.2307010976757609,UBIAD1,1.0
GO_Biological_Process_2021,sodium ion homeostasis (GO:0055078),1/25,0.4691788508577558,1.6262524732547934,1.2307010976757609,SLC9A1,1.0
GO_Biological_Process_2021,phosphatidylinositol dephosphorylation (GO:0046856),1/25,0.4691788508577558,1.6262524732547934,1.2307010976757609,INPP5B,1.0
GO_Biological_Process_2021,endosome transport via multivesicular body sorting pathway (GO:0032509),1/25,0.4691788508577558,1.6262524732547934,1.2307010976757609,TMEM50A,1.0
GO_Biological_Process_2021,regulation of ryanodine-sensitive calcium-release channel activity (GO:0060314),1/25,0.4691788508577558,1.6262524732547934,1.2307010976757609,SELENON,1.0
GO_Biological_Process_2021,peptide catabolic process (GO:0043171),1/25,0.4691788508577558,1.6262524732547934,1.2307010976757609,ECE1,1.0
GO_Biological_Process_2021,regulation of myotube differentiation (GO:0010830),1/25,0.4691788508577558,1.6262524732547934,1.2307010976757609,HDAC1,1.0
GO_Biological_Process_2021,negative regulation of antigen receptor-mediated signaling pathway (GO:0050858),1/25,0.4691788508577558,1.6262524732547934,1.2307010976757609,LAPTM5,1.0
GO_Biological_Process_2021,negative regulation of cellular carbohydrate metabolic process (GO:0010677),1/25,0.4691788508577558,1.6262524732547934,1.2307010976757609,C1QTNF12,1.0
GO_Biological_Process_2021,positive regulation of cellular biosynthetic process (GO:0031328),5/180,0.4695084992449356,1.1154400934831727,0.8433495396655256,FABP3;MFSD2A;MTOR;PARK7;SLC6A9,1.0
GO_Biological_Process_2021,"vesicle targeting, rough ER to cis-Golgi (GO:0048207)",2/63,0.46961480380184567,1.2798077305720352,0.9673330575545327,PEF1;TRAPPC3,1.0
GO_Biological_Process_2021,vesicle coating (GO:0006901),2/63,0.46961480380184567,1.2798077305720352,0.9673330575545327,PEF1;TRAPPC3,1.0
GO_Biological_Process_2021,COPII vesicle coating (GO:0048208),2/63,0.46961480380184567,1.2798077305720352,0.9673330575545327,PEF1;TRAPPC3,1.0
GO_Biological_Process_2021,regulation of small GTPase mediated signal transduction (GO:0051056),4/141,0.47056456768568916,1.1398045455390244,0.8592098530406245,ARHGEF16;CDC42;INPP5B;PLEKHG5,1.0
GO_Biological_Process_2021,protein phosphorylation (GO:0006468),13/496,0.47079489361033966,1.0510158321476124,0.7917646469698258,ATP13A2;CDK11A;CDK11B;EPHA8;EPHB2;FGR;MAP3K6;MTOR;PIK3CD;PINK1;PRKCZ;RPS6KA1;TESK2,1.0
GO_Biological_Process_2021,regulation of cell death (GO:0010941),3/102,0.4710584696684414,1.1829156526820217,0.8904670276030368,PARK7;TNFRSF1B;ZC3H12A,1.0
GO_Biological_Process_2021,mitotic sister chromatid segregation (GO:0000070),3/102,0.4710584696684414,1.1829156526820217,0.8904670276030368,NUDC;PHF13;WRAP73,1.0
GO_Biological_Process_2021,regulation of protein catabolic process (GO:0042176),3/102,0.4710584696684414,1.1829156526820217,0.8904670276030368,ATP13A2;AZIN2;MAD2L2,1.0
GO_Biological_Process_2021,cell junction assembly (GO:0034329),3/102,0.4710584696684414,1.1829156526820217,0.8904670276030368,CDC42;FBLIM1;GJA4,1.0
GO_Biological_Process_2021,positive regulation of vasculature development (GO:1904018),3/102,0.4710584696684414,1.1829156526820217,0.8904670276030368,PIK3CD;TIE1;ZC3H12A,1.0
GO_Biological_Process_2021,extracellular matrix organization (GO:0030198),8/300,0.4768190264289522,1.0696068392690448,0.7921703557599937,AGRN;COL16A1;COL8A2;COL9A2;HSPG2;MMP23B;P3H1;PLOD1,1.0
GO_Biological_Process_2021,cellular response to organonitrogen compound (GO:0071417),3/103,0.4774763832436766,1.1710261339833776,0.8656700378487246,MTOR;RRAGC;SESN2,1.0
GO_Biological_Process_2021,protein targeting to ER (GO:0045047),3/103,0.4774763832436766,1.1710261339833776,0.8656700378487246,RPL11;RPL22;RPS8,1.0
GO_Biological_Process_2021,tRNA processing (GO:0008033),2/64,0.4778240030228655,1.259100895172867,0.9298621386614366,TRIT1;ZBTB8OS,1.0
GO_Biological_Process_2021,regulation of innate immune response (GO:0045088),2/64,0.4778240030228655,1.259100895172867,0.9298621386614366,FGR;MUL1,1.0
GO_Biological_Process_2021,protein secretion (GO:0009306),2/64,0.4778240030228655,1.259100895172867,0.9298621386614366,PARK7;SVBP,1.0
GO_Biological_Process_2021,negative regulation of cell cycle process (GO:0010948),2/64,0.4778240030228655,1.259100895172867,0.9298621386614366,AURKAIP1;RBBP4,1.0
GO_Biological_Process_2021,lipid homeostasis (GO:0055088),2/64,0.4778240030228655,1.259100895172867,0.9298621386614366,ATP13A2;FABP3,1.0
GO_Biological_Process_2021,monocarboxylic acid metabolic process (GO:0032787),4/143,0.4814395942566542,1.1232884439346291,0.8210952186256764,ACOT7;ALDH4A1;HYI;MECR,1.0
GO_Biological_Process_2021,neuron development (GO:0048666),4/143,0.4814395942566542,1.1232884439346291,0.8210952186256764,EPHA8;NCDN;PPT1;STMN1,1.0
GO_Biological_Process_2021,positive regulation of protein insertion into mitochondrial membrane involved in apoptotic signaling pathway (GO:1900740),1/26,0.4824659885083749,1.5611222140055667,1.1378158871876114,TP73,1.0
GO_Biological_Process_2021,mRNA polyadenylation (GO:0006378),1/26,0.4824659885083749,1.5611222140055667,1.1378158871876114,SSU72,1.0
GO_Biological_Process_2021,regulation of protein insertion into mitochondrial membrane involved in apoptotic signaling pathway (GO:1900739),1/26,0.4824659885083749,1.5611222140055667,1.1378158871876114,TP73,1.0
GO_Biological_Process_2021,regulation of monocyte chemotaxis (GO:0090025),1/26,0.4824659885083749,1.5611222140055667,1.1378158871876114,NBL1,1.0
GO_Biological_Process_2021,hippo signaling (GO:0035329),1/26,0.4824659885083749,1.5611222140055667,1.1378158871876114,NPHP4,1.0
GO_Biological_Process_2021,phosphatidylethanolamine acyl-chain remodeling (GO:0036152),1/26,0.4824659885083749,1.5611222140055667,1.1378158871876114,PLA2G5,1.0
GO_Biological_Process_2021,negative regulation of telomere maintenance via telomere lengthening (GO:1904357),1/26,0.4824659885083749,1.5611222140055667,1.1378158871876114,EXOSC10,1.0
GO_Biological_Process_2021,negative regulation of proteolysis involved in cellular protein catabolic process (GO:1903051),1/26,0.4824659885083749,1.5611222140055667,1.1378158871876114,RPL11,1.0
GO_Biological_Process_2021,meiosis I (GO:0007127),1/26,0.4824659885083749,1.5611222140055667,1.1378158871876114,FOXJ3,1.0
GO_Biological_Process_2021,positive regulation of glucose import (GO:0046326),1/26,0.4824659885083749,1.5611222140055667,1.1378158871876114,C1QTNF12,1.0
GO_Biological_Process_2021,positive regulation of G1/S transition of mitotic cell cycle (GO:1900087),1/26,0.4824659885083749,1.5611222140055667,1.1378158871876114,LSM10,1.0
GO_Biological_Process_2021,RNA polyadenylation (GO:0043631),1/26,0.4824659885083749,1.5611222140055667,1.1378158871876114,SSU72,1.0
GO_Biological_Process_2021,DNA modification (GO:0006304),1/26,0.4824659885083749,1.5611222140055667,1.1378158871876114,MUTYH,1.0
GO_Biological_Process_2021,positive regulation of ion transmembrane transporter activity (GO:0032414),1/26,0.4824659885083749,1.5611222140055667,1.1378158871876114,SLC6A9,1.0
GO_Biological_Process_2021,regulation of regulatory T cell differentiation (GO:0045589),1/26,0.4824659885083749,1.5611222140055667,1.1378158871876114,TNFRSF18,1.0
GO_Biological_Process_2021,proteoglycan metabolic process (GO:0006029),1/26,0.4824659885083749,1.5611222140055667,1.1378158871876114,B3GALT6,1.0
GO_Biological_Process_2021,negative regulation of intrinsic apoptotic signaling pathway in response to DNA damage (GO:1902230),1/26,0.4824659885083749,1.5611222140055667,1.1378158871876114,KDM1A,1.0
GO_Biological_Process_2021,translational elongation (GO:0006414),3/104,0.48385789899336895,1.1593720512985684,0.8416623863349366,AURKAIP1;MRPL20;MRPS15,1.0
GO_Biological_Process_2021,protein autoubiquitination (GO:0051865),2/65,0.4859551867196819,1.2390514196276408,0.8941476635178689,RNF19B;RNF220,1.0
GO_Biological_Process_2021,chemical homeostasis (GO:0048878),2/65,0.4859551867196819,1.2390514196276408,0.8941476635178689,ATP13A2;SLC66A1,1.0
GO_Biological_Process_2021,cellular response to type I interferon (GO:0071357),2/65,0.4859551867196819,1.2390514196276408,0.8941476635178689,IFI6;ISG15,1.0
GO_Biological_Process_2021,regulation of RNA metabolic process (GO:0051252),2/65,0.4859551867196819,1.2390514196276408,0.8941476635178689,TNFRSF1B;YTHDF2,1.0
GO_Biological_Process_2021,mitotic G1 DNA damage checkpoint signaling (GO:0031571),2/65,0.4859551867196819,1.2390514196276408,0.8941476635178689,PLK3;RPA2,1.0
GO_Biological_Process_2021,tRNA modification (GO:0006400),2/65,0.4859551867196819,1.2390514196276408,0.8941476635178689,PUSL1;TRIT1,1.0
GO_Biological_Process_2021,type I interferon signaling pathway (GO:0060337),2/65,0.4859551867196819,1.2390514196276408,0.8941476635178689,IFI6;ISG15,1.0
GO_Biological_Process_2021,regulation of I-kappaB kinase/NF-kappaB signaling (GO:0043122),6/224,0.48998408410256167,1.0742859053416849,0.7663766250258339,MIB2;MUL1;PINK1;PLEKHG5;TRIM62;ZC3H12A,1.0
GO_Biological_Process_2021,activation of GTPase activity (GO:0090630),3/105,0.49020200722822105,1.1479464800389512,0.8184143383362397,ARHGEF16;EPHA2;RAP1GAP,1.0
GO_Biological_Process_2021,mitochondrial translation (GO:0032543),3/105,0.49020200722822105,1.1479464800389512,0.8184143383362397,AURKAIP1;MRPL20;MRPS15,1.0
GO_Biological_Process_2021,positive regulation of cell death (GO:0010942),2/66,0.49400711967246297,1.219628490193203,0.8600885358156887,C1QA;ZC3H12A,1.0
GO_Biological_Process_2021,regulation of vasculature development (GO:1901342),1/27,0.4954211805453134,1.5010019746985883,1.0542242465461926,EPHA2,1.0
GO_Biological_Process_2021,negative regulation of catalytic activity (GO:0043086),1/27,0.4954211805453134,1.5010019746985883,1.0542242465461926,ATP5IF1,1.0
GO_Biological_Process_2021,regulation of epidermal growth factor-activated receptor activity (GO:0007176),1/27,0.4954211805453134,1.5010019746985883,1.0542242465461926,ERRFI1,1.0
GO_Biological_Process_2021,positive regulation of gene silencing by miRNA (GO:2000637),1/27,0.4954211805453134,1.5010019746985883,1.0542242465461926,PUM1,1.0
GO_Biological_Process_2021,monovalent inorganic cation homeostasis (GO:0055067),1/27,0.4954211805453134,1.5010019746985883,1.0542242465461926,SLC9A1,1.0
GO_Biological_Process_2021,mitotic chromosome condensation (GO:0007076),1/27,0.4954211805453134,1.5010019746985883,1.0542242465461926,PHF13,1.0
GO_Biological_Process_2021,L-alpha-amino acid transmembrane transport (GO:1902475),1/27,0.4954211805453134,1.5010019746985883,1.0542242465461926,SLC6A9,1.0
GO_Biological_Process_2021,entrainment of circadian clock by photoperiod (GO:0043153),1/27,0.4954211805453134,1.5010019746985883,1.0542242465461926,PER3,1.0
GO_Biological_Process_2021,positive regulation of muscle cell differentiation (GO:0051149),1/27,0.4954211805453134,1.5010019746985883,1.0542242465461926,CDC42,1.0
GO_Biological_Process_2021,regulation of toll-like receptor signaling pathway (GO:0034121),1/27,0.4954211805453134,1.5010019746985883,1.0542242465461926,SMPDL3B,1.0
GO_Biological_Process_2021,modulation of excitatory postsynaptic potential (GO:0098815),1/27,0.4954211805453134,1.5010019746985883,1.0542242465461926,PRKCZ,1.0
GO_Biological_Process_2021,microtubule polymerization or depolymerization (GO:0031109),1/27,0.4954211805453134,1.5010019746985883,1.0542242465461926,STMN1,1.0
GO_Biological_Process_2021,negative regulation of protein polymerization (GO:0032272),1/27,0.4954211805453134,1.5010019746985883,1.0542242465461926,STMN1,1.0
GO_Biological_Process_2021,regulation of blood coagulation (GO:0030193),1/27,0.4954211805453134,1.5010019746985883,1.0542242465461926,EPHB2,1.0
GO_Biological_Process_2021,acute inflammatory response (GO:0002526),1/27,0.4954211805453134,1.5010019746985883,1.0542242465461926,CTNNBIP1,1.0
GO_Biological_Process_2021,negative regulation of insulin receptor signaling pathway (GO:0046627),1/27,0.4954211805453134,1.5010019746985883,1.0542242465461926,PRKCZ,1.0
GO_Biological_Process_2021,cellular lipid catabolic process (GO:0044242),1/27,0.4954211805453134,1.5010019746985883,1.0542242465461926,SMPDL3B,1.0
GO_Biological_Process_2021,positive regulation of BMP signaling pathway (GO:0030513),1/27,0.4954211805453134,1.5010019746985883,1.0542242465461926,HES5,1.0
GO_Biological_Process_2021,peptide hormone secretion (GO:0030072),1/27,0.4954211805453134,1.5010019746985883,1.0542242465461926,PARK7,1.0
GO_Biological_Process_2021,positive regulation of cellular component movement (GO:0051272),1/27,0.4954211805453134,1.5010019746985883,1.0542242465461926,PDPN,1.0
GO_Biological_Process_2021,positive regulation of multicellular organismal process (GO:0051240),9/345,0.4958153034820122,1.0454611372396627,0.7334451359873053,ENO1;FGR;GPR3;KDM1A;MAD2L2;MFN2;MTOR;PDPN;PIK3CD,1.0
GO_Biological_Process_2021,protein localization to nucleus (GO:0034504),3/106,0.496507741562438,1.1367427645319481,0.7958974981976511,DVL1;IPO13;RPL11,1.0
GO_Biological_Process_2021,protein processing (GO:0016485),3/106,0.496507741562438,1.1367427645319481,0.7958974981976511,DDI2;ECE1;ZMPSTE24,1.0
GO_Biological_Process_2021,regulation of protein phosphorylation (GO:0001932),7/266,0.49888842529888916,1.0548215349879957,0.7334942093770246,EPHB2;FGR;PARK7;PINK1;SESN2;TARDBP;ZC3H12A,1.0
GO_Biological_Process_2021,regulation of gene silencing by miRNA (GO:0060964),2/67,0.5019786768460874,1.2008031893567477,0.8275907201201327,AGO1;PUM1,1.0
GO_Biological_Process_2021,vascular endothelial growth factor receptor signaling pathway (GO:0048010),2/67,0.5019786768460874,1.2008031893567477,0.8275907201201327,CDC42;WASF2,1.0
GO_Biological_Process_2021,protein N-linked glycosylation (GO:0006487),2/67,0.5019786768460874,1.2008031893567477,0.8275907201201327,DDOST;MAN1C1,1.0
GO_Biological_Process_2021,response to calcium ion (GO:0051592),3/107,0.5027741781288196,1.1257545050923874,0.7740847380844565,CLIC4;HPCA;PEF1,1.0
GO_Biological_Process_2021,"negative regulation of transcription, DNA-templated (GO:0045892)",24/948,0.5047565647151071,1.0136417996151865,0.6930056281367276,DMAP1;ENO1;HDAC1;HES5;HEYL;ID3;KDM1A;KDM4A;KHDRBS1;MAD2L2;NOC2L;PER3;PEX14;PHC2;PLK3;PRDM2;SAMD11;SCMH1;SFPQ;SKI;SPEN;ZFP69;ZNF436;ZNF684,1.0
GO_Biological_Process_2021,protein depolymerization (GO:0051261),1/28,0.5080527035877881,1.445335086451386,0.9787376899436766,STMN1,1.0
GO_Biological_Process_2021,protein localization to Golgi apparatus (GO:0034067),1/28,0.5080527035877881,1.445335086451386,0.9787376899436766,VPS13D,1.0
GO_Biological_Process_2021,negative regulation of cellular response to insulin stimulus (GO:1900077),1/28,0.5080527035877881,1.445335086451386,0.9787376899436766,PRKCZ,1.0
GO_Biological_Process_2021,regulation of microtubule polymerization or depolymerization (GO:0031110),1/28,0.5080527035877881,1.445335086451386,0.9787376899436766,STMN1,1.0
GO_Biological_Process_2021,positive regulation of monooxygenase activity (GO:0032770),1/28,0.5080527035877881,1.445335086451386,0.9787376899436766,PARK7,1.0
GO_Biological_Process_2021,cristae formation (GO:0042407),1/28,0.5080527035877881,1.445335086451386,0.9787376899436766,DNAJC11,1.0
GO_Biological_Process_2021,cellular zinc ion homeostasis (GO:0006882),1/28,0.5080527035877881,1.445335086451386,0.9787376899436766,ATP13A2,1.0
GO_Biological_Process_2021,regulation of muscle contraction (GO:0006937),1/28,0.5080527035877881,1.445335086451386,0.9787376899436766,ENO1,1.0
GO_Biological_Process_2021,neutral amino acid transport (GO:0015804),1/28,0.5080527035877881,1.445335086451386,0.9787376899436766,SLC6A9,1.0
GO_Biological_Process_2021,protein localization to cell surface (GO:0034394),1/28,0.5080527035877881,1.445335086451386,0.9787376899436766,PTPRU,1.0
GO_Biological_Process_2021,ventricular septum morphogenesis (GO:0060412),1/28,0.5080527035877881,1.445335086451386,0.9787376899436766,HEYL,1.0
GO_Biological_Process_2021,phagosome acidification (GO:0090383),1/28,0.5080527035877881,1.445335086451386,0.9787376899436766,ATP6V0B,1.0
GO_Biological_Process_2021,glycerophospholipid catabolic process (GO:0046475),1/28,0.5080527035877881,1.445335086451386,0.9787376899436766,PLA2G5,1.0
GO_Biological_Process_2021,positive regulation of defense response to virus by host (GO:0002230),1/28,0.5080527035877881,1.445335086451386,0.9787376899436766,ZC3H12A,1.0
GO_Biological_Process_2021,GPI anchor metabolic process (GO:0006505),1/28,0.5080527035877881,1.445335086451386,0.9787376899436766,PIGV,1.0
GO_Biological_Process_2021,"regulation of DNA damage response, signal transduction by p53 class mediator (GO:0043516)",1/28,0.5080527035877881,1.445335086451386,0.9787376899436766,KDM1A,1.0
GO_Biological_Process_2021,photoperiodism (GO:0009648),1/28,0.5080527035877881,1.445335086451386,0.9787376899436766,PER3,1.0
GO_Biological_Process_2021,mucosal immune response (GO:0002385),1/28,0.5080527035877881,1.445335086451386,0.9787376899436766,IFNLR1,1.0
GO_Biological_Process_2021,regulation of tyrosine phosphorylation of STAT protein (GO:0042509),2/68,0.5098688386729413,1.1825483521820035,0.7965666577156019,HES5;TNFRSF18,1.0
GO_Biological_Process_2021,regulation of nucleic acid-templated transcription (GO:1903506),11/430,0.5120813256518604,1.0244031988606166,0.6856042008881079,CDK11A;CDK11B;DVL1;HP1BP3;MYCBP;NFYC;PPIE;PRDM2;SFPQ;SRSF10;YBX1,1.0
GO_Biological_Process_2021,positive regulation of hydrolase activity (GO:0051345),4/149,0.5135104381038268,1.0764738386973436,0.7174535829051832,AGRN;ASAP3;PINK1;RAP1GAP,1.0
GO_Biological_Process_2021,positive regulation of nucleic acid-templated transcription (GO:1903508),13/511,0.5141536564723032,1.0185546912809251,0.6775763107389746,ARID1A;GPATCH3;HDAC1;HES5;HIVEP3;MAD2L2;PITHD1;POU3F1;RLF;RPS6KA1;THRAP3;TP73;ZBTB48,1.0
GO_Biological_Process_2021,lipid transport (GO:0006869),3/109,0.515185670329533,1.1043999631626749,0.7324688886275222,CPTP;FABP3;MFSD2A,1.0
GO_Biological_Process_2021,peptidyl-tyrosine phosphorylation (GO:0018108),2/69,0.5176766865019251,1.164838435519938,0.766934738331503,EPHB2;FGR,1.0
GO_Biological_Process_2021,positive regulation of protein transport (GO:0051222),2/69,0.5176766865019251,1.164838435519938,0.766934738331503,ATP13A2;PLK3,1.0
GO_Biological_Process_2021,RNA 3'-end processing (GO:0031123),2/69,0.5176766865019251,1.164838435519938,0.766934738331503,SRRM1;SRSF4,1.0
GO_Biological_Process_2021,cellular response to calcium ion (GO:0071277),2/69,0.5176766865019251,1.164838435519938,0.766934738331503,CLIC4;HPCA,1.0
GO_Biological_Process_2021,response to cytokine (GO:0034097),4/150,0.5187677133521111,1.069045493802386,0.7016135546032313,DDOST;IFNLR1;ISG15;LDLRAP1,1.0
GO_Biological_Process_2021,dicarboxylic acid transport (GO:0006835),1/29,0.5203686282926798,1.3936444045075556,0.9103533569735521,PDPN,1.0
GO_Biological_Process_2021,lipid catabolic process (GO:0016042),1/29,0.5203686282926798,1.3936444045075556,0.9103533569735521,PPT1,1.0
GO_Biological_Process_2021,negative regulation of wound healing (GO:0061045),1/29,0.5203686282926798,1.3936444045075556,0.9103533569735521,AJAP1,1.0
GO_Biological_Process_2021,beta-catenin-TCF complex assembly (GO:1904837),1/29,0.5203686282926798,1.3936444045075556,0.9103533569735521,HDAC1,1.0
GO_Biological_Process_2021,glycolytic process (GO:0006096),1/29,0.5203686282926798,1.3936444045075556,0.9103533569735521,ENO1,1.0
GO_Biological_Process_2021,regulation of gluconeogenesis (GO:0006111),1/29,0.5203686282926798,1.3936444045075556,0.9103533569735521,C1QTNF12,1.0
GO_Biological_Process_2021,glial cell differentiation (GO:0010001),1/29,0.5203686282926798,1.3936444045075556,0.9103533569735521,HES5,1.0
GO_Biological_Process_2021,negative regulation of transferase activity (GO:0051348),1/29,0.5203686282926798,1.3936444045075556,0.9103533569735521,PARK7,1.0
GO_Biological_Process_2021,positive regulation of leukocyte migration (GO:0002687),1/29,0.5203686282926798,1.3936444045075556,0.9103533569735521,TNFRSF18,1.0
GO_Biological_Process_2021,"nucleotide-excision repair, preincision complex assembly (GO:0006294)",1/29,0.5203686282926798,1.3936444045075556,0.9103533569735521,RPA2,1.0
GO_Biological_Process_2021,aggrephagy (GO:0035973),1/29,0.5203686282926798,1.3936444045075556,0.9103533569735521,PARK7,1.0
GO_Biological_Process_2021,transition metal ion homeostasis (GO:0055076),1/29,0.5203686282926798,1.3936444045075556,0.9103533569735521,ATP13A2,1.0
GO_Biological_Process_2021,negative regulation of epithelial to mesenchymal transition (GO:0010719),1/29,0.5203686282926798,1.3936444045075556,0.9103533569735521,MAD2L2,1.0
GO_Biological_Process_2021,negative regulation of myeloid leukocyte differentiation (GO:0002762),1/29,0.5203686282926798,1.3936444045075556,0.9103533569735521,C1QC,1.0
GO_Biological_Process_2021,limb development (GO:0060173),1/29,0.5203686282926798,1.3936444045075556,0.9103533569735521,KDF1,1.0
GO_Biological_Process_2021,response to zinc ion (GO:0010043),1/29,0.5203686282926798,1.3936444045075556,0.9103533569735521,ATP13A2,1.0
GO_Biological_Process_2021,regulation of fatty acid biosynthetic process (GO:0042304),1/29,0.5203686282926798,1.3936444045075556,0.9103533569735521,WDTC1,1.0
GO_Biological_Process_2021,positive regulation of dephosphorylation (GO:0035306),1/29,0.5203686282926798,1.3936444045075556,0.9103533569735521,CAMTA1,1.0
GO_Biological_Process_2021,regulation of double-strand break repair via nonhomologous end joining (GO:2001032),1/29,0.5203686282926798,1.3936444045075556,0.9103533569735521,MAD2L2,1.0
GO_Biological_Process_2021,negative regulation of cell differentiation (GO:0045596),5/191,0.5216420534723096,1.0488758346811227,0.6825807528477662,DISP3;HES5;MAD2L2;SKI;YTHDF2,1.0
GO_Biological_Process_2021,COPII-coated vesicle budding (GO:0090114),2/70,0.5254013982083305,1.1476493987596978,0.7386188216899688,PEF1;TRAPPC3,1.0
GO_Biological_Process_2021,negative regulation of viral process (GO:0048525),2/70,0.5254013982083305,1.1476493987596978,0.7386188216899688,ISG15;TRIM62,1.0
GO_Biological_Process_2021,defense response to Gram-positive bacterium (GO:0050830),2/70,0.5254013982083305,1.1476493987596978,0.7386188216899688,FGR;TNFRSF14,1.0
GO_Biological_Process_2021,establishment of protein localization to membrane (GO:0090150),2/70,0.5254013982083305,1.1476493987596978,0.7386188216899688,ICMT;ZDHHC18,1.0
GO_Biological_Process_2021,aerobic electron transport chain (GO:0019646),2/70,0.5254013982083305,1.1476493987596978,0.7386188216899688,NDUFS5;UQCRHL,1.0
GO_Biological_Process_2021,regulation of Wnt signaling pathway (GO:0030111),3/111,0.5274299130785784,1.0838363301933223,0.6933726829029941,CTNNBIP1;MACF1;SKI,1.0
GO_Biological_Process_2021,morphogenesis of an epithelium (GO:0002009),1/30,0.5323768244698199,1.3455185971805408,0.8482199339779595,KDF1,1.0
GO_Biological_Process_2021,maintenance of blood-brain barrier (GO:0035633),1/30,0.5323768244698199,1.3455185971805408,0.8482199339779595,MFSD2A,1.0
GO_Biological_Process_2021,snRNA 3'-end processing (GO:0034472),1/30,0.5323768244698199,1.3455185971805408,0.8482199339779595,TOE1,1.0
GO_Biological_Process_2021,"negative regulation of gene expression, epigenetic (GO:0045814)",1/30,0.5323768244698199,1.3455185971805408,0.8482199339779595,RBBP4,1.0
GO_Biological_Process_2021,cell projection organization (GO:0030030),1/30,0.5323768244698199,1.3455185971805408,0.8482199339779595,CDC42,1.0
GO_Biological_Process_2021,negative regulation of Notch signaling pathway (GO:0045746),1/30,0.5323768244698199,1.3455185971805408,0.8482199339779595,YTHDF2,1.0
GO_Biological_Process_2021,regulation of cation transmembrane transport (GO:1904062),1/30,0.5323768244698199,1.3455185971805408,0.8482199339779595,KCNAB2,1.0
GO_Biological_Process_2021,ncRNA catabolic process (GO:0034661),1/30,0.5323768244698199,1.3455185971805408,0.8482199339779595,EXOSC10,1.0
GO_Biological_Process_2021,alpha-amino acid catabolic process (GO:1901606),1/30,0.5323768244698199,1.3455185971805408,0.8482199339779595,ALDH4A1,1.0
GO_Biological_Process_2021,regulation of protein localization to membrane (GO:1905475),1/30,0.5323768244698199,1.3455185971805408,0.8482199339779595,LDLRAP1,1.0
GO_Biological_Process_2021,Golgi to plasma membrane protein transport (GO:0043001),1/30,0.5323768244698199,1.3455185971805408,0.8482199339779595,MACF1,1.0
GO_Biological_Process_2021,positive regulation of B cell proliferation (GO:0030890),1/30,0.5323768244698199,1.3455185971805408,0.8482199339779595,EPHB2,1.0
GO_Biological_Process_2021,response to alcohol (GO:0097305),1/30,0.5323768244698199,1.3455185971805408,0.8482199339779595,SDF4,1.0
GO_Biological_Process_2021,respiratory tube development (GO:0030323),1/30,0.5323768244698199,1.3455185971805408,0.8482199339779595,PDPN,1.0
GO_Biological_Process_2021,plasma membrane invagination (GO:0099024),1/30,0.5323768244698199,1.3455185971805408,0.8482199339779595,CDC42,1.0
GO_Biological_Process_2021,positive regulation of DNA recombination (GO:0045911),1/30,0.5323768244698199,1.3455185971805408,0.8482199339779595,MAD2L2,1.0
GO_Biological_Process_2021,phosphatidylcholine acyl-chain remodeling (GO:0036151),1/30,0.5323768244698199,1.3455185971805408,0.8482199339779595,PLA2G5,1.0
GO_Biological_Process_2021,regulation of long-term synaptic potentiation (GO:1900271),1/30,0.5323768244698199,1.3455185971805408,0.8482199339779595,EPHB2,1.0
GO_Biological_Process_2021,regulation of vasoconstriction (GO:0019229),1/30,0.5323768244698199,1.3455185971805408,0.8482199339779595,ECE1,1.0
GO_Biological_Process_2021,"maturation of SSU-rRNA from tricistronic rRNA transcript (SSU-rRNA, 5.8S rRNA, LSU-rRNA) (GO:0000462)",1/30,0.5323768244698199,1.3455185971805408,0.8482199339779595,RPS8,1.0
GO_Biological_Process_2021,long-chain fatty acid biosynthetic process (GO:0042759),1/30,0.5323768244698199,1.3455185971805408,0.8482199339779595,ACOT7,1.0
GO_Biological_Process_2021,regulation of striated muscle contraction (GO:0006942),1/30,0.5323768244698199,1.3455185971805408,0.8482199339779595,RNF207,1.0
GO_Biological_Process_2021,regulation of macrophage activation (GO:0043030),1/30,0.5323768244698199,1.3455185971805408,0.8482199339779595,ZC3H12A,1.0
GO_Biological_Process_2021,zinc ion homeostasis (GO:0055069),1/30,0.5323768244698199,1.3455185971805408,0.8482199339779595,ATP13A2,1.0
GO_Biological_Process_2021,protein N-linked glycosylation via asparagine (GO:0018279),1/30,0.5323768244698199,1.3455185971805408,0.8482199339779595,DDOST,1.0
GO_Biological_Process_2021,mitochondrial ATP synthesis coupled electron transport (GO:0042775),2/71,0.5330422439594162,1.13095859494903,0.7115478035497963,NDUFS5;UQCRHL,1.0
GO_Biological_Process_2021,phosphatidylinositol-mediated signaling (GO:0048015),2/71,0.5330422439594162,1.13095859494903,0.7115478035497963,PIK3CD;PLCH2,1.0
GO_Biological_Process_2021,regulation of endopeptidase activity (GO:0052548),2/71,0.5330422439594162,1.13095859494903,0.7115478035497963,ATP13A2;HDAC1,1.0
GO_Biological_Process_2021,response to metal ion (GO:0010038),2/71,0.5330422439594162,1.13095859494903,0.7115478035497963,MTF1;PEF1,1.0
GO_Biological_Process_2021,fatty acid biosynthetic process (GO:0006633),2/71,0.5330422439594162,1.13095859494903,0.7115478035497963,ACOT7;ELOVL1,1.0
GO_Biological_Process_2021,phosphatidylinositol metabolic process (GO:0046488),3/112,0.5334874353074085,1.0738374994834536,0.6747133199076792,INPP5B;PIK3CD;PLA2G5,1.0
GO_Biological_Process_2021,positive regulation of Wnt signaling pathway (GO:0030177),4/153,0.5343767320714605,1.0473587150822083,0.656331735610868,MACF1;PSMB2;RNF220;SKI,1.0
GO_Biological_Process_2021,regulation of programmed cell death (GO:0043067),5/194,0.5354834617725484,1.0320666784179786,0.6446136483855973,DFFA;PINK1;TARDBP;TNFRSF25;TP73,1.0
GO_Biological_Process_2021,sulfur compound biosynthetic process (GO:0044272),3/113,0.539500964853043,1.0640204656955825,0.6566184206398935,AKR1A1;B4GALT2;ST3GAL3,1.0
GO_Biological_Process_2021,positive regulation of neurogenesis (GO:0050769),2/72,0.54059858213067,1.1147446712472384,0.6856552215559794,KDM1A;SPEN,1.0
GO_Biological_Process_2021,extrinsic apoptotic signaling pathway (GO:0097191),2/72,0.54059858213067,1.1147446712472384,0.6856552215559794,CASP9;TNFRSF1B,1.0
GO_Biological_Process_2021,peptidyl-asparagine modification (GO:0018196),1/31,0.5440849660704755,1.3006011770086603,0.7916107200006259,DDOST,1.0
GO_Biological_Process_2021,regulation of developmental growth (GO:0048638),1/31,0.5440849660704755,1.3006011770086603,0.7916107200006259,MFSD2A,1.0
GO_Biological_Process_2021,ribonucleoside bisphosphate metabolic process (GO:0033875),1/31,0.5440849660704755,1.3006011770086603,0.7916107200006259,ACOT7,1.0
GO_Biological_Process_2021,phospholipid translocation (GO:0045332),1/31,0.5440849660704755,1.3006011770086603,0.7916107200006259,MFSD2A,1.0
GO_Biological_Process_2021,protein palmitoylation (GO:0018345),1/31,0.5440849660704755,1.3006011770086603,0.7916107200006259,ZDHHC18,1.0
GO_Biological_Process_2021,purine nucleoside bisphosphate metabolic process (GO:0034032),1/31,0.5440849660704755,1.3006011770086603,0.7916107200006259,ACOT7,1.0
GO_Biological_Process_2021,regulation of cellular senescence (GO:2000772),1/31,0.5440849660704755,1.3006011770086603,0.7916107200006259,YBX1,1.0
GO_Biological_Process_2021,regulation of potassium ion transport (GO:0043266),1/31,0.5440849660704755,1.3006011770086603,0.7916107200006259,KCNAB2,1.0
GO_Biological_Process_2021,proteoglycan biosynthetic process (GO:0030166),1/31,0.5440849660704755,1.3006011770086603,0.7916107200006259,B3GALT6,1.0
GO_Biological_Process_2021,regulation of macrophage derived foam cell differentiation (GO:0010743),1/31,0.5440849660704755,1.3006011770086603,0.7916107200006259,PLA2G5,1.0
GO_Biological_Process_2021,negative regulation of response to biotic stimulus (GO:0002832),1/31,0.5440849660704755,1.3006011770086603,0.7916107200006259,MUL1,1.0
GO_Biological_Process_2021,negative regulation of peptidyl-tyrosine phosphorylation (GO:0050732),1/31,0.5440849660704755,1.3006011770086603,0.7916107200006259,PRKCZ,1.0
GO_Biological_Process_2021,negative regulation of osteoblast differentiation (GO:0045668),1/31,0.5440849660704755,1.3006011770086603,0.7916107200006259,SKI,1.0
GO_Biological_Process_2021,negative regulation of response to DNA damage stimulus (GO:2001021),1/31,0.5440849660704755,1.3006011770086603,0.7916107200006259,KDM1A,1.0
GO_Biological_Process_2021,positive regulation of ubiquitin-protein transferase activity (GO:0051443),1/31,0.5440849660704755,1.3006011770086603,0.7916107200006259,PINK1,1.0
GO_Biological_Process_2021,vitamin transport (GO:0051180),1/31,0.5440849660704755,1.3006011770086603,0.7916107200006259,PDPN,1.0
GO_Biological_Process_2021,negative regulation of interleukin-6 production (GO:0032715),1/31,0.5440849660704755,1.3006011770086603,0.7916107200006259,ZC3H12A,1.0
GO_Biological_Process_2021,positive regulation of RNA splicing (GO:0033120),1/31,0.5440849660704755,1.3006011770086603,0.7916107200006259,THRAP3,1.0
GO_Biological_Process_2021,prostaglandin metabolic process (GO:0006693),1/31,0.5440849660704755,1.3006011770086603,0.7916107200006259,PRXL2B,1.0
GO_Biological_Process_2021,regulation of cellular pH (GO:0030641),1/31,0.5440849660704755,1.3006011770086603,0.7916107200006259,SLC9A1,1.0
GO_Biological_Process_2021,negative regulation of transcription by RNA polymerase II (GO:0000122),17/684,0.5450146661091966,0.9937919038661042,0.6031746165393025,DMAP1;ENO1;HDAC1;HES5;ID3;KDM1A;MAD2L2;NOC2L;PER3;PLK3;PRDM2;SFPQ;SKI;SPEN;ZFP69;ZNF436;ZNF684,1.0
GO_Biological_Process_2021,activation of protein kinase activity (GO:0032147),3/114,0.5454698531174831,1.0543803153993847,0.6390680699779896,MTOR;PARK7;PINK1,1.0
GO_Biological_Process_2021,regulation of hydrolase activity (GO:0051336),2/73,0.5480698553678847,1.0989874777905675,0.6608788967558565,ATP5IF1;RAP1GAP,1.0
GO_Biological_Process_2021,transcription-coupled nucleotide-excision repair (GO:0006283),2/73,0.5480698553678847,1.0989874777905675,0.6608788967558565,PPIE;RPA2,1.0
GO_Biological_Process_2021,chromatin assembly (GO:0031497),2/73,0.5480698553678847,1.0989874777905675,0.6608788967558565,NOC2L;RBBP4,1.0
GO_Biological_Process_2021,"antigen processing and presentation of exogenous peptide antigen via MHC class I, TAP-dependent (GO:0002479)",2/73,0.5480698553678847,1.0989874777905675,0.6608788967558565,PSMB2;VAMP3,1.0
GO_Biological_Process_2021,peptidyl-serine phosphorylation (GO:0018105),4/156,0.5497301077507785,1.0265279934167744,0.614200271226513,MTOR;PINK1;PRKCZ;RPS6KA1,1.0
GO_Biological_Process_2021,"DNA damage response, signal transduction by p53 class mediator (GO:0030330)",2/74,0.5554555867903456,1.0836679841521377,0.6371606071230386,PLK3;SESN2,1.0
GO_Biological_Process_2021,regulation of cellular biosynthetic process (GO:0031326),1/32,0.5555005360521854,1.2585816549123852,0.7399021633880875,TNFRSF1B,1.0
GO_Biological_Process_2021,DNA damage checkpoint signaling (GO:0000077),1/32,0.5555005360521854,1.2585816549123852,0.7399021633880875,FBXO6,1.0
GO_Biological_Process_2021,RNA biosynthetic process (GO:0032774),1/32,0.5555005360521854,1.2585816549123852,0.7399021633880875,TAF12,1.0
GO_Biological_Process_2021,chondrocyte differentiation (GO:0002062),1/32,0.5555005360521854,1.2585816549123852,0.7399021633880875,HES5,1.0
GO_Biological_Process_2021,B cell proliferation (GO:0042100),1/32,0.5555005360521854,1.2585816549123852,0.7399021633880875,CTPS1,1.0
GO_Biological_Process_2021,negative regulation of DNA biosynthetic process (GO:2000279),1/32,0.5555005360521854,1.2585816549123852,0.7399021633880875,EXOSC10,1.0
GO_Biological_Process_2021,positive regulation of receptor signaling pathway via STAT (GO:1904894),1/32,0.5555005360521854,1.2585816549123852,0.7399021633880875,HES5,1.0
GO_Biological_Process_2021,metal ion export (GO:0070839),1/32,0.5555005360521854,1.2585816549123852,0.7399021633880875,SLC9A1,1.0
GO_Biological_Process_2021,membrane depolarization (GO:0051899),1/32,0.5555005360521854,1.2585816549123852,0.7399021633880875,ATP5IF1,1.0
GO_Biological_Process_2021,regulation of chemotaxis (GO:0050920),1/32,0.5555005360521854,1.2585816549123852,0.7399021633880875,ZSWIM5,1.0
GO_Biological_Process_2021,superoxide metabolic process (GO:0006801),1/32,0.5555005360521854,1.2585816549123852,0.7399021633880875,PRDX1,1.0
GO_Biological_Process_2021,negative regulation of microtubule polymerization or depolymerization (GO:0031111),1/32,0.5555005360521854,1.2585816549123852,0.7399021633880875,STMN1,1.0
GO_Biological_Process_2021,positive regulation of immune effector process (GO:0002699),1/32,0.5555005360521854,1.2585816549123852,0.7399021633880875,PLA2G5,1.0
GO_Biological_Process_2021,positive regulation of glucose transmembrane transport (GO:0010828),1/32,0.5555005360521854,1.2585816549123852,0.7399021633880875,C1QTNF12,1.0
GO_Biological_Process_2021,intra-Golgi vesicle-mediated transport (GO:0006891),1/32,0.5555005360521854,1.2585816549123852,0.7399021633880875,TRAPPC3,1.0
GO_Biological_Process_2021,establishment or maintenance of epithelial cell apical/basal polarity (GO:0045197),1/32,0.5555005360521854,1.2585816549123852,0.7399021633880875,CDC42,1.0
GO_Biological_Process_2021,GPI anchor biosynthetic process (GO:0006506),1/32,0.5555005360521854,1.2585816549123852,0.7399021633880875,PIGV,1.0
GO_Biological_Process_2021,regulation of intracellular estrogen receptor signaling pathway (GO:0033146),1/32,0.5555005360521854,1.2585816549123852,0.7399021633880875,SRARP,1.0
GO_Biological_Process_2021,negative regulation of double-strand break repair (GO:2000780),1/32,0.5555005360521854,1.2585816549123852,0.7399021633880875,MAD2L2,1.0
GO_Biological_Process_2021,negative regulation of apoptotic process (GO:0043066),12/485,0.555785701523654,0.9891692174177279,0.5810107842309443,ATAD3A;DFFA;HDAC1;IFI6;PARK7;PDPN;PINK1;PLK3;PPT1;RPS6KA1;SFPQ;ZC3H12A,1.0
GO_Biological_Process_2021,positive regulation of angiogenesis (GO:0045766),3/116,0.5572712911487765,1.035611881194398,0.6055254772392648,PIK3CD;TIE1;ZC3H12A,1.0
GO_Biological_Process_2021,sphingolipid metabolic process (GO:0006665),3/116,0.5572712911487765,1.035611881194398,0.6055254772392648,CPTP;ELOVL1;PPT1,1.0
GO_Biological_Process_2021,regulation of macromolecule metabolic process (GO:0060255),5/200,0.5626019086201102,0.9999999803159807,0.5751829791109131,PRDM2;TARDBP;TP73;YBX1;ZC3H12A,1.0
GO_Biological_Process_2021,membrane organization (GO:0061024),6/242,0.5654447232015343,0.9914224740980148,0.565252322649827,AZIN2;CPTP;LDLRAP1;MFN2;PPT1;VAMP3,1.0
GO_Biological_Process_2021,very long-chain fatty acid metabolic process (GO:0000038),1/33,0.5666308311229934,1.2191883529471272,0.6925566262366807,ELOVL1,1.0
GO_Biological_Process_2021,primary alcohol metabolic process (GO:0034308),1/33,0.5666308311229934,1.2191883529471272,0.6925566262366807,DHRS3,1.0
GO_Biological_Process_2021,positive regulation of organelle organization (GO:0010638),1/33,0.5666308311229934,1.2191883529471272,0.6925566262366807,PLA2G5,1.0
GO_Biological_Process_2021,negative regulation of smooth muscle cell proliferation (GO:0048662),1/33,0.5666308311229934,1.2191883529471272,0.6925566262366807,MFN2,1.0
GO_Biological_Process_2021,signal transduction by p53 class mediator (GO:0072331),1/33,0.5666308311229934,1.2191883529471272,0.6925566262366807,SESN2,1.0
GO_Biological_Process_2021,lytic vacuole organization (GO:0080171),1/33,0.5666308311229934,1.2191883529471272,0.6925566262366807,MTOR,1.0
GO_Biological_Process_2021,regulation of protein localization to cell surface (GO:2000008),1/33,0.5666308311229934,1.2191883529471272,0.6925566262366807,KCNAB2,1.0
GO_Biological_Process_2021,negative regulation of JNK cascade (GO:0046329),1/33,0.5666308311229934,1.2191883529471272,0.6925566262366807,PINK1,1.0
GO_Biological_Process_2021,regulation of neurotransmitter secretion (GO:0046928),1/33,0.5666308311229934,1.2191883529471272,0.6925566262366807,RIMS3,1.0
GO_Biological_Process_2021,positive regulation of receptor signaling pathway via JAK-STAT (GO:0046427),1/33,0.5666308311229934,1.2191883529471272,0.6925566262366807,HES5,1.0
GO_Biological_Process_2021,actin filament bundle assembly (GO:0051017),1/33,0.5666308311229934,1.2191883529471272,0.6925566262366807,ESPN,1.0
GO_Biological_Process_2021,apoptotic mitochondrial changes (GO:0008637),1/33,0.5666308311229934,1.2191883529471272,0.6925566262366807,IFI6,1.0
GO_Biological_Process_2021,actin filament bundle organization (GO:0061572),1/33,0.5666308311229934,1.2191883529471272,0.6925566262366807,ESPN,1.0
GO_Biological_Process_2021,muscle cell development (GO:0055001),1/33,0.5666308311229934,1.2191883529471272,0.6925566262366807,KDM1A,1.0
GO_Biological_Process_2021,apoptotic cell clearance (GO:0043277),1/33,0.5666308311229934,1.2191883529471272,0.6925566262366807,XKR8,1.0
GO_Biological_Process_2021,positive regulation of histone modification (GO:0031058),1/33,0.5666308311229934,1.2191883529471272,0.6925566262366807,KDM1A,1.0
GO_Biological_Process_2021,phosphatidylcholine biosynthetic process (GO:0006656),1/33,0.5666308311229934,1.2191883529471272,0.6925566262366807,MFSD2A,1.0
GO_Biological_Process_2021,negative regulation of response to external stimulus (GO:0032102),3/118,0.5688872683580736,1.0174962620921932,0.5739421556957292,AJAP1;MUL1;SMPDL3B,1.0
GO_Biological_Process_2021,positive regulation of protein-containing complex assembly (GO:0031334),3/118,0.5688872683580736,1.0174962620921932,0.5739421556957292,ISG15;PARK7;RPA2,1.0
GO_Biological_Process_2021,adenylate cyclase-activating G protein-coupled receptor signaling pathway (GO:0007189),3/118,0.5688872683580736,1.0174962620921932,0.5739421556957292,ADGRB2;GNB1;GPR3,1.0
GO_Biological_Process_2021,regulation of RNA splicing (GO:0043484),2/76,0.5699688972059921,1.0542711179810966,0.5926832695293187,KHDRBS1;SRSF10,1.0
GO_Biological_Process_2021,cell morphogenesis involved in neuron differentiation (GO:0048667),2/76,0.5699688972059921,1.0542711179810966,0.5926832695293187,DVL1;MFSD2A,1.0
GO_Biological_Process_2021,protein import into nucleus (GO:0006606),2/76,0.5699688972059921,1.0542711179810966,0.5926832695293187,IPO13;KPNA6,1.0
GO_Biological_Process_2021,establishment of protein localization to organelle (GO:0072594),2/76,0.5699688972059921,1.0542711179810966,0.5926832695293187,IPO13;PINK1,1.0
GO_Biological_Process_2021,positive regulation of cysteine-type endopeptidase activity involved in apoptotic process (GO:0043280),3/119,0.5746244570126919,1.008672706236378,0.5588435835576924,CASP9;LAPTM5;MUL1,1.0
GO_Biological_Process_2021,purine ribonucleotide metabolic process (GO:0009150),2/77,0.5770958925188556,1.040160622218997,0.5718250096879988,ACOT7;EPHA2,1.0
GO_Biological_Process_2021,negative regulation of developmental process (GO:0051093),2/77,0.5770958925188556,1.040160622218997,0.5718250096879988,MUL1;PINK1,1.0
GO_Biological_Process_2021,positive regulation of phosphatidylinositol 3-kinase signaling (GO:0014068),2/77,0.5770958925188556,1.040160622218997,0.5718250096879988,FGR;PIK3CD,1.0
GO_Biological_Process_2021,phosphatidylcholine metabolic process (GO:0046470),2/77,0.5770958925188556,1.040160622218997,0.5718250096879988,MFSD2A;PLA2G5,1.0
GO_Biological_Process_2021,protein insertion into membrane (GO:0051205),1/34,0.5774829663680735,1.1821825238282484,0.6491084445146983,UBE2J2,1.0
GO_Biological_Process_2021,phosphatidylinositol 3-kinase signaling (GO:0014065),1/34,0.5774829663680735,1.1821825238282484,0.6491084445146983,PIK3CD,1.0
GO_Biological_Process_2021,phosphatidylserine metabolic process (GO:0006658),1/34,0.5774829663680735,1.1821825238282484,0.6491084445146983,PLA2G5,1.0
GO_Biological_Process_2021,protein localization to chromosome (GO:0034502),1/34,0.5774829663680735,1.1821825238282484,0.6491084445146983,RPA2,1.0
GO_Biological_Process_2021,axoneme assembly (GO:0035082),1/34,0.5774829663680735,1.1821825238282484,0.6491084445146983,CFAP74,1.0
GO_Biological_Process_2021,regulation of transmembrane transport (GO:0034762),1/34,0.5774829663680735,1.1821825238282484,0.6491084445146983,SLC2A1,1.0
GO_Biological_Process_2021,positive regulation of interleukin-12 production (GO:0032735),1/34,0.5774829663680735,1.1821825238282484,0.6491084445146983,LAPTM5,1.0
GO_Biological_Process_2021,sister chromatid segregation (GO:0000819),1/34,0.5774829663680735,1.1821825238282484,0.6491084445146983,WRAP73,1.0
GO_Biological_Process_2021,central nervous system neuron differentiation (GO:0021953),1/34,0.5774829663680735,1.1821825238282484,0.6491084445146983,CHD5,1.0
GO_Biological_Process_2021,positive regulation of mitochondrial outer membrane permeabilization involved in apoptotic signaling pathway (GO:1901030),1/34,0.5774829663680735,1.1821825238282484,0.6491084445146983,TP73,1.0
GO_Biological_Process_2021,B cell receptor signaling pathway (GO:0050853),1/34,0.5774829663680735,1.1821825238282484,0.6491084445146983,PIK3CD,1.0
GO_Biological_Process_2021,protein destabilization (GO:0031648),1/34,0.5774829663680735,1.1821825238282484,0.6491084445146983,MUL1,1.0
GO_Biological_Process_2021,negative regulation of extrinsic apoptotic signaling pathway via death domain receptors (GO:1902042),1/34,0.5774829663680735,1.1821825238282484,0.6491084445146983,PARK7,1.0
GO_Biological_Process_2021,regulation of keratinocyte differentiation (GO:0045616),1/34,0.5774829663680735,1.1821825238282484,0.6491084445146983,ERRFI1,1.0
GO_Biological_Process_2021,response to steroid hormone (GO:0048545),1/34,0.5774829663680735,1.1821825238282484,0.6491084445146983,PAQR7,1.0
GO_Biological_Process_2021,organelle disassembly (GO:1903008),1/34,0.5774829663680735,1.1821825238282484,0.6491084445146983,PLK3,1.0
GO_Biological_Process_2021,macroautophagy (GO:0016236),3/120,0.5803138430995893,0.9999999803951921,0.5441862023271807,ATP13A2;MFN2;PINK1,1.0
GO_Biological_Process_2021,cytoskeleton organization (GO:0007010),3/120,0.5803138430995893,0.9999999803951921,0.5441862023271807,CAPZB;ZMYM4;ZMYM6,1.0
GO_Biological_Process_2021,protein modification process (GO:0036211),2/78,0.5841361719792074,1.0264214552927418,0.551825885372429,FBXO2;ICMT,1.0
GO_Biological_Process_2021,negative regulation of blood vessel morphogenesis (GO:2000181),2/78,0.5841361719792074,1.0264214552927418,0.551825885372429,AGO1;HSPG2,1.0
GO_Biological_Process_2021,antigen processing and presentation of exogenous peptide antigen via MHC class I (GO:0042590),2/78,0.5841361719792074,1.0264214552927418,0.551825885372429,PSMB2;VAMP3,1.0
GO_Biological_Process_2021,regulation of apoptotic process (GO:0042981),18/742,0.586333748686129,0.9684784655561997,0.5170378354054176,ARHGEF16;ATAD3A;CASP9;DFFA;HDAC1;IFI6;PARK7;PDPN;PINK1;PLEKHG5;PLK3;PPT1;RPS6KA1;STPG1;TARDBP;TNFRSF25;TP73;UTP11,1.0
GO_Biological_Process_2021,regulation of lipid biosynthetic process (GO:0046890),1/35,0.5880638797616401,1.1473535081869508,0.6091525779900099,MTOR,1.0
GO_Biological_Process_2021,intracellular pH reduction (GO:0051452),1/35,0.5880638797616401,1.1473535081869508,0.6091525779900099,ATP6V0B,1.0
GO_Biological_Process_2021,regulation of T cell receptor signaling pathway (GO:0050856),1/35,0.5880638797616401,1.1473535081869508,0.6091525779900099,LAPTM5,1.0
GO_Biological_Process_2021,regulation of muscle cell differentiation (GO:0051147),1/35,0.5880638797616401,1.1473535081869508,0.6091525779900099,CDC42,1.0
GO_Biological_Process_2021,respiratory system development (GO:0060541),1/35,0.5880638797616401,1.1473535081869508,0.6091525779900099,PDPN,1.0
GO_Biological_Process_2021,negative regulation of T cell proliferation (GO:0042130),1/35,0.5880638797616401,1.1473535081869508,0.6091525779900099,TNFRSF14,1.0
GO_Biological_Process_2021,maturation of SSU-rRNA (GO:0030490),1/35,0.5880638797616401,1.1473535081869508,0.6091525779900099,RPS8,1.0
GO_Biological_Process_2021,negative regulation of organelle assembly (GO:1902116),1/35,0.5880638797616401,1.1473535081869508,0.6091525779900099,PINK1,1.0
GO_Biological_Process_2021,negative regulation of epithelial cell migration (GO:0010633),1/35,0.5880638797616401,1.1473535081869508,0.6091525779900099,SVBP,1.0
GO_Biological_Process_2021,blood vessel diameter maintenance (GO:0097746),1/35,0.5880638797616401,1.1473535081869508,0.6091525779900099,ECE1,1.0
GO_Biological_Process_2021,regulation of autophagosome assembly (GO:2000785),1/35,0.5880638797616401,1.1473535081869508,0.6091525779900099,PINK1,1.0
GO_Biological_Process_2021,regulation of regulated secretory pathway (GO:1903305),1/35,0.5880638797616401,1.1473535081869508,0.6091525779900099,RIMS3,1.0
GO_Biological_Process_2021,cellular response to hydrogen peroxide (GO:0070301),1/35,0.5880638797616401,1.1473535081869508,0.6091525779900099,PARK7,1.0
GO_Biological_Process_2021,regulation of trans-synaptic signaling (GO:0099177),1/35,0.5880638797616401,1.1473535081869508,0.6091525779900099,GRIK3,1.0
GO_Biological_Process_2021,response to exogenous dsRNA (GO:0043330),1/35,0.5880638797616401,1.1473535081869508,0.6091525779900099,MUL1,1.0
GO_Biological_Process_2021,protein localization to cilium (GO:0061512),1/35,0.5880638797616401,1.1473535081869508,0.6091525779900099,NPHP4,1.0
GO_Biological_Process_2021,peptidyl-tyrosine dephosphorylation (GO:0035335),1/35,0.5880638797616401,1.1473535081869508,0.6091525779900099,PTPRF,1.0
GO_Biological_Process_2021,response to estrogen (GO:0043627),1/35,0.5880638797616401,1.1473535081869508,0.6091525779900099,CITED4,1.0
GO_Biological_Process_2021,positive regulation of cell cycle G1/S phase transition (GO:1902808),1/35,0.5880638797616401,1.1473535081869508,0.6091525779900099,LSM10,1.0
GO_Biological_Process_2021,muscle cell differentiation (GO:0042692),1/35,0.5880638797616401,1.1473535081869508,0.6091525779900099,KDM1A,1.0
GO_Biological_Process_2021,recombinational repair (GO:0000725),2/79,0.5910896087479007,1.0130391498450908,0.5326434747884322,RPA2;SFPQ,1.0
GO_Biological_Process_2021,regulation of cellular response to heat (GO:1900034),2/79,0.5910896087479007,1.0130391498450908,0.5326434747884322,MTOR;RPA2,1.0
GO_Biological_Process_2021,regulation of ion transport (GO:0043269),2/79,0.5910896087479007,1.0130391498450908,0.5326434747884322,NKAIN1;VAMP3,1.0
GO_Biological_Process_2021,axon development (GO:0061564),2/79,0.5910896087479007,1.0130391498450908,0.5326434747884322,EPHB2;SVBP,1.0
GO_Biological_Process_2021,adenylate cyclase-modulating G protein-coupled receptor signaling pathway (GO:0007188),4/165,0.5941298244070946,0.9686936295382096,0.5043575296962062,ADGRB2;CORT;GPR3;WASF2,1.0
GO_Biological_Process_2021,negative regulation of cellular response to growth factor stimulus (GO:0090288),2/80,0.5979561363951246,0.9999999804345592,0.5142378681703181,NBL1;SKI,1.0
GO_Biological_Process_2021,regulation of NIK/NF-kappaB signaling (GO:1901222),2/80,0.5979561363951246,0.9999999804345592,0.5142378681703181,LAPTM5;ZC3H12A,1.0
GO_Biological_Process_2021,negative regulation of cell cycle (GO:0045786),2/80,0.5979561363951246,0.9999999804345592,0.5142378681703181,CAMK2N1;ZBTB17,1.0
GO_Biological_Process_2021,negative regulation of cellular component organization (GO:0051129),2/80,0.5979561363951246,0.9999999804345592,0.5142378681703181,CDC42;PRKCZ,1.0
GO_Biological_Process_2021,activation of adenylate cyclase activity (GO:0007190),1/36,0.598380336567009,1.11451472201087,0.5723353106764812,CAP1,1.0
GO_Biological_Process_2021,positive regulation of bone mineralization (GO:0030501),1/36,0.598380336567009,1.11451472201087,0.5723353106764812,ISG15,1.0
GO_Biological_Process_2021,axonal transport (GO:0098930),1/36,0.598380336567009,1.11451472201087,0.5723353106764812,KIF1B,1.0
GO_Biological_Process_2021,regulation of sodium ion transport (GO:0002028),1/36,0.598380336567009,1.11451472201087,0.5723353106764812,NKAIN1,1.0
GO_Biological_Process_2021,macrophage activation (GO:0042116),1/36,0.598380336567009,1.11451472201087,0.5723353106764812,C1QA,1.0
GO_Biological_Process_2021,intrinsic apoptotic signaling pathway by p53 class mediator (GO:0072332),1/36,0.598380336567009,1.11451472201087,0.5723353106764812,TP73,1.0
GO_Biological_Process_2021,establishment of protein localization to plasma membrane (GO:0061951),1/36,0.598380336567009,1.11451472201087,0.5723353106764812,MACF1,1.0
GO_Biological_Process_2021,retina homeostasis (GO:0001895),1/36,0.598380336567009,1.11451472201087,0.5723353106764812,PRDX1,1.0
GO_Biological_Process_2021,positive regulation of cytokine-mediated signaling pathway (GO:0001961),1/36,0.598380336567009,1.11451472201087,0.5723353106764812,LAPTM5,1.0
GO_Biological_Process_2021,cyclic-nucleotide-mediated signaling (GO:0019935),1/36,0.598380336567009,1.11451472201087,0.5723353106764812,CAP1,1.0
GO_Biological_Process_2021,negative regulation of toll-like receptor signaling pathway (GO:0034122),1/36,0.598380336567009,1.11451472201087,0.5723353106764812,SMPDL3B,1.0
GO_Biological_Process_2021,negative regulation of DNA metabolic process (GO:0051053),1/36,0.598380336567009,1.11451472201087,0.5723353106764812,DFFA,1.0
GO_Biological_Process_2021,mitochondrion disassembly (GO:0061726),1/36,0.598380336567009,1.11451472201087,0.5723353106764812,PINK1,1.0
GO_Biological_Process_2021,regulation of osteoclast differentiation (GO:0045670),1/36,0.598380336567009,1.11451472201087,0.5723353106764812,MTOR,1.0
GO_Biological_Process_2021,positive regulation of myeloid leukocyte differentiation (GO:0002763),1/36,0.598380336567009,1.11451472201087,0.5723353106764812,CTNNBIP1,1.0
GO_Biological_Process_2021,membrane fusion (GO:0061025),1/36,0.598380336567009,1.11451472201087,0.5723353106764812,VAMP3,1.0
GO_Biological_Process_2021,telomere maintenance via telomere lengthening (GO:0010833),1/36,0.598380336567009,1.11451472201087,0.5723353106764812,ZBTB48,1.0
GO_Biological_Process_2021,transferrin transport (GO:0033572),1/36,0.598380336567009,1.11451472201087,0.5723353106764812,ATP6V0B,1.0
GO_Biological_Process_2021,positive regulation of substrate adhesion-dependent cell spreading (GO:1900026),1/36,0.598380336567009,1.11451472201087,0.5723353106764812,CDC42,1.0
GO_Biological_Process_2021,positive regulation of interferon-beta production (GO:0032728),1/36,0.598380336567009,1.11451472201087,0.5723353106764812,ISG15,1.0
GO_Biological_Process_2021,regulation of microtubule-based process (GO:0032886),1/36,0.598380336567009,1.11451472201087,0.5723353106764812,MACF1,1.0
GO_Biological_Process_2021,defense response to symbiont (GO:0140546),3/124,0.6025855643898795,0.9667425854339504,0.48967987597829665,IFI6;IFNLR1;ISG15,1.0
GO_Biological_Process_2021,regulation of protein secretion (GO:0050708),3/125,0.6080303490781438,0.9587689886911936,0.47701679708436784,ATP13A2;P3H1;SLC2A1,1.0
GO_Biological_Process_2021,positive regulation of exocytosis (GO:0045921),1/37,0.6084389336275428,1.0835003128445717,0.5383465863324152,ATP13A2,1.0
GO_Biological_Process_2021,positive regulation of myeloid cell differentiation (GO:0045639),1/37,0.6084389336275428,1.0835003128445717,0.5383465863324152,PITHD1,1.0
GO_Biological_Process_2021,regulation of microtubule cytoskeleton organization (GO:0070507),1/37,0.6084389336275428,1.0835003128445717,0.5383465863324152,STMN1,1.0
GO_Biological_Process_2021,neural crest cell migration (GO:0001755),1/37,0.6084389336275428,1.0835003128445717,0.5383465863324152,PHACTR4,1.0
GO_Biological_Process_2021,regulation of protein autophosphorylation (GO:0031952),1/37,0.6084389336275428,1.0835003128445717,0.5383465863324152,ERRFI1,1.0
GO_Biological_Process_2021,regulation of p38MAPK cascade (GO:1900744),1/37,0.6084389336275428,1.0835003128445717,0.5383465863324152,ZC3H12A,1.0
GO_Biological_Process_2021,negative regulation of G1/S transition of mitotic cell cycle (GO:2000134),1/37,0.6084389336275428,1.0835003128445717,0.5383465863324152,PLK3,1.0
GO_Biological_Process_2021,negative regulation of endothelial cell proliferation (GO:0001937),1/37,0.6084389336275428,1.0835003128445717,0.5383465863324152,ATP5IF1,1.0
GO_Biological_Process_2021,negative regulation of stress-activated MAPK cascade (GO:0032873),1/37,0.6084389336275428,1.0835003128445717,0.5383465863324152,PINK1,1.0
GO_Biological_Process_2021,"nucleotide-excision repair, DNA incision, 5'-to lesion (GO:0006296)",1/37,0.6084389336275428,1.0835003128445717,0.5383465863324152,RPA2,1.0
GO_Biological_Process_2021,tRNA transport (GO:0051031),1/37,0.6084389336275428,1.0835003128445717,0.5383465863324152,YBX1,1.0
GO_Biological_Process_2021,acyl-CoA metabolic process (GO:0006637),1/37,0.6084389336275428,1.0835003128445717,0.5383465863324152,ACOT7,1.0
GO_Biological_Process_2021,regulation of glucose import (GO:0046324),1/37,0.6084389336275428,1.0835003128445717,0.5383465863324152,C1QTNF12,1.0
GO_Biological_Process_2021,phagosome maturation (GO:0090382),1/37,0.6084389336275428,1.0835003128445717,0.5383465863324152,ATP6V0B,1.0
GO_Biological_Process_2021,positive regulation of cytokinesis (GO:0032467),1/37,0.6084389336275428,1.0835003128445717,0.5383465863324152,CDC42,1.0
GO_Biological_Process_2021,glutamate receptor signaling pathway (GO:0007215),1/37,0.6084389336275428,1.0835003128445717,0.5383465863324152,GRIK3,1.0
GO_Biological_Process_2021,regulation of intracellular pH (GO:0051453),1/37,0.6084389336275428,1.0835003128445717,0.5383465863324152,SLC9A1,1.0
GO_Biological_Process_2021,anterograde axonal transport (GO:0008089),1/37,0.6084389336275428,1.0835003128445717,0.5383465863324152,KIF1B,1.0
GO_Biological_Process_2021,phospholipid biosynthetic process (GO:0008654),1/37,0.6084389336275428,1.0835003128445717,0.5383465863324152,DHDDS,1.0
GO_Biological_Process_2021,regulation of actin cytoskeleton reorganization (GO:2000249),1/37,0.6084389336275428,1.0835003128445717,0.5383465863324152,CDC42,1.0
GO_Biological_Process_2021,proton transmembrane transport (GO:1902600),1/37,0.6084389336275428,1.0835003128445717,0.5383465863324152,SLC9A1,1.0
GO_Biological_Process_2021,positive regulation of phosphorylation (GO:0042327),6/253,0.6088194106440282,0.9467291524330753,0.4697988055899761,EPHA10;EPHA2;EPHA8;EPHB2;PINK1;TIE1,1.0
GO_Biological_Process_2021,positive regulation of intracellular signal transduction (GO:1902533),13/546,0.610775020318168,0.9499173446453594,0.4683345216914837,CHD5;EPHA8;FGR;LAPTM5;MIB2;MUL1;PARK7;PIK3CD;PINK1;PLEKHG5;PUM1;RRAGC;TRIM62,1.0
GO_Biological_Process_2021,peptidyl-serine modification (GO:0018209),4/169,0.6130104099744813,0.9450146441926423,0.46246499278936065,MTOR;PINK1;PRKCZ;RPS6KA1,1.0
GO_Biological_Process_2021,circulatory system development (GO:0072359),3/126,0.613425299105715,0.950925043927994,0.4647140108816954,C1ORF127;ECE1;HSPG2,1.0
GO_Biological_Process_2021,negative regulation of programmed cell death (GO:0043069),9/381,0.6154158162291743,0.9425136137783838,0.4575499404477127,ATAD3A;HDAC1;IFI6;LAPTM5;PARK7;PDPN;PLK3;PPT1;RPS6KA1,1.0
GO_Biological_Process_2021,regulation of osteoblast differentiation (GO:0045667),2/83,0.6180344456835448,0.9628142010045242,0.46331686701750835,CTNNBIP1;SKI,1.0
GO_Biological_Process_2021,regulation of interleukin-1 beta production (GO:0032651),2/83,0.6180344456835448,0.9628142010045242,0.46331686701750835,CPTP;ZC3H12A,1.0
GO_Biological_Process_2021,lysosome organization (GO:0007040),1/38,0.6182461035512131,1.054162358227803,0.5069136564193013,MTOR,1.0
GO_Biological_Process_2021,spliceosomal snRNP assembly (GO:0000387),1/38,0.6182461035512131,1.054162358227803,0.5069136564193013,SRSF10,1.0
GO_Biological_Process_2021,connective tissue development (GO:0061448),1/38,0.6182461035512131,1.054162358227803,0.5069136564193013,HES5,1.0
GO_Biological_Process_2021,lymphocyte proliferation (GO:0046651),1/38,0.6182461035512131,1.054162358227803,0.5069136564193013,CTPS1,1.0
GO_Biological_Process_2021,DNA replication initiation (GO:0006270),1/38,0.6182461035512131,1.054162358227803,0.5069136564193013,RPA2,1.0
GO_Biological_Process_2021,negative regulation of endothelial cell migration (GO:0010596),1/38,0.6182461035512131,1.054162358227803,0.5069136564193013,SVBP,1.0
GO_Biological_Process_2021,positive regulation of cell development (GO:0010720),1/38,0.6182461035512131,1.054162358227803,0.5069136564193013,SPEN,1.0
GO_Biological_Process_2021,ventricular septum development (GO:0003281),1/38,0.6182461035512131,1.054162358227803,0.5069136564193013,HEYL,1.0
GO_Biological_Process_2021,positive regulation of potassium ion transport (GO:0043268),1/38,0.6182461035512131,1.054162358227803,0.5069136564193013,GNB1,1.0
GO_Biological_Process_2021,negative regulation of G0 to G1 transition (GO:0070317),1/38,0.6182461035512131,1.054162358227803,0.5069136564193013,RBBP4,1.0
GO_Biological_Process_2021,regulation of axon extension (GO:0030516),1/38,0.6182461035512131,1.054162358227803,0.5069136564193013,MACF1,1.0
GO_Biological_Process_2021,regulation of phosphoprotein phosphatase activity (GO:0043666),1/38,0.6182461035512131,1.054162358227803,0.5069136564193013,MTOR,1.0
GO_Biological_Process_2021,translation (GO:0006412),5/214,0.6225793072142347,0.9323377130289902,0.44182016498124255,MRPS15;PABPC4;RPL11;RPL22;RPS8,1.0
GO_Biological_Process_2021,positive regulation of GTPase activity (GO:0043547),5/214,0.6225793072142347,0.9323377130289902,0.44182016498124255,AGRN;ARHGEF16;ASAP3;EPHA2;RAP1GAP,1.0
GO_Biological_Process_2021,plasma membrane bounded cell projection organization (GO:0120036),3/128,0.6240647591454644,0.9356136637502283,0.4411429046751293,EPHA8;NCDN;STMN1,1.0
GO_Biological_Process_2021,spindle assembly (GO:0051225),2/84,0.6245537804473907,0.9510235880145131,0.44766376487342374,RCC1;WRAP73,1.0
GO_Biological_Process_2021,nuclear export (GO:0051168),2/84,0.6245537804473907,0.9510235880145131,0.44766376487342374,SRRM1;SRSF4,1.0
GO_Biological_Process_2021,regulation of cellular macromolecule biosynthetic process (GO:2000112),11/468,0.6251325520254043,0.9373525921534085,0.4403603444973777,CDK11A;CDK11B;DVL1;HP1BP3;MYCBP;NFYC;PPIE;PRDM2;SFPQ;SRSF10;YBX1,1.0
GO_Biological_Process_2021,positive regulation of intracellular transport (GO:0032388),1/39,0.6278081187913891,1.026368506485601,0.47779578819140384,PLK3,1.0
GO_Biological_Process_2021,regulation of T cell differentiation (GO:0045580),1/39,0.6278081187913891,1.026368506485601,0.47779578819140384,TNFRSF18,1.0
GO_Biological_Process_2021,"nucleotide-excision repair, DNA incision (GO:0033683)",1/39,0.6278081187913891,1.026368506485601,0.47779578819140384,RPA2,1.0
GO_Biological_Process_2021,protein acylation (GO:0043543),1/39,0.6278081187913891,1.026368506485601,0.47779578819140384,ZDHHC18,1.0
GO_Biological_Process_2021,negative regulation of cellular metabolic process (GO:0031324),1/39,0.6278081187913891,1.026368506485601,0.47779578819140384,PINK1,1.0
GO_Biological_Process_2021,"mitochondrial electron transport, NADH to ubiquinone (GO:0006120)",1/39,0.6278081187913891,1.026368506485601,0.47779578819140384,NDUFS5,1.0
GO_Biological_Process_2021,regulation of dendrite development (GO:0050773),1/39,0.6278081187913891,1.026368506485601,0.47779578819140384,MFSD2A,1.0
GO_Biological_Process_2021,phospholipid dephosphorylation (GO:0046839),1/39,0.6278081187913891,1.026368506485601,0.47779578819140384,INPP5B,1.0
GO_Biological_Process_2021,endothelial cell migration (GO:0043542),1/39,0.6278081187913891,1.026368506485601,0.47779578819140384,PLEKHG5,1.0
GO_Biological_Process_2021,response to peptide (GO:1901652),1/39,0.6278081187913891,1.026368506485601,0.47779578819140384,EIF2B3,1.0
GO_Biological_Process_2021,regulation of viral entry into host cell (GO:0046596),1/39,0.6278081187913891,1.026368506485601,0.47779578819140384,TRIM62,1.0
GO_Biological_Process_2021,odontogenesis (GO:0042476),1/39,0.6278081187913891,1.026368506485601,0.47779578819140384,HDAC1,1.0
GO_Biological_Process_2021,regulation of intracellular transport (GO:0032386),1/39,0.6278081187913891,1.026368506485601,0.47779578819140384,ATP13A2,1.0
GO_Biological_Process_2021,DNA integrity checkpoint signaling (GO:0031570),1/39,0.6278081187913891,1.026368506485601,0.47779578819140384,FBXO6,1.0
GO_Biological_Process_2021,negative regulation of protein secretion (GO:0050709),1/39,0.6278081187913891,1.026368506485601,0.47779578819140384,BMP8A,1.0
GO_Biological_Process_2021,cellular response to ketone (GO:1901655),1/39,0.6278081187913891,1.026368506485601,0.47779578819140384,GNB1,1.0
GO_Biological_Process_2021,negative regulation of defense response (GO:0031348),2/85,0.6309866812605202,0.9395170861808878,0.4326199249959512,MUL1;SMPDL3B,1.0
GO_Biological_Process_2021,positive regulation of protein catabolic process (GO:0045732),2/85,0.6309866812605202,0.9395170861808878,0.4326199249959512,PLK3;TNFRSF1B,1.0
GO_Biological_Process_2021,innate immune response (GO:0045087),7/302,0.6328965288184767,0.9243648182564292,0.42284914406886226,ATAD3A;FGR;IFI6;IFNLR1;ISG15;PIK3CD;TRIM62,1.0
GO_Biological_Process_2021,Golgi organization (GO:0007030),3/130,0.634502328804025,0.9207845317670377,0.41887807055012133,CDC42;PLEKHM2;PLK3,1.0
GO_Biological_Process_2021,regulation of primary metabolic process (GO:0080090),3/130,0.634502328804025,0.9207845317670377,0.41887807055012133,NFYC;PSMB2;ZFP69,1.0
GO_Biological_Process_2021,cation transport (GO:0006812),4/174,0.6358333967454735,0.9169829041879634,0.415227010962264,KCNQ4;SCNN1D;SLC66A1;SLC6A9,1.0
GO_Biological_Process_2021,regulation of nitric oxide biosynthetic process (GO:0045428),1/40,0.6371310956264329,0.9999999804737684,0.45077983417083245,ZC3H12A,1.0
GO_Biological_Process_2021,autophagy of mitochondrion (GO:0000422),1/40,0.6371310956264329,0.9999999804737684,0.45077983417083245,PINK1,1.0
GO_Biological_Process_2021,glycolipid biosynthetic process (GO:0009247),1/40,0.6371310956264329,0.9999999804737684,0.45077983417083245,PIGV,1.0
GO_Biological_Process_2021,positive regulation of intrinsic apoptotic signaling pathway (GO:2001244),1/40,0.6371310956264329,0.9999999804737684,0.45077983417083245,SFPQ,1.0
GO_Biological_Process_2021,stem cell differentiation (GO:0048863),1/40,0.6371310956264329,0.9999999804737684,0.45077983417083245,PUM1,1.0
GO_Biological_Process_2021,regulation of microtubule polymerization (GO:0031113),1/40,0.6371310956264329,0.9999999804737684,0.45077983417083245,STMN1,1.0
GO_Biological_Process_2021,positive regulation of ossification (GO:0045778),1/40,0.6371310956264329,0.9999999804737684,0.45077983417083245,ISG15,1.0
GO_Biological_Process_2021,positive regulation of double-strand break repair (GO:2000781),1/40,0.6371310956264329,0.9999999804737684,0.45077983417083245,MAD2L2,1.0
GO_Biological_Process_2021,synaptic vesicle exocytosis (GO:0016079),1/40,0.6371310956264329,0.9999999804737684,0.45077983417083245,RIMS3,1.0
GO_Biological_Process_2021,carboxylic acid metabolic process (GO:0019752),1/40,0.6371310956264329,0.9999999804737684,0.45077983417083245,SLC2A1,1.0
GO_Biological_Process_2021,positive regulation of wound healing (GO:0090303),1/40,0.6371310956264329,0.9999999804737684,0.45077983417083245,MTOR,1.0
GO_Biological_Process_2021,negative regulation of I-kappaB kinase/NF-kappaB signaling (GO:0043124),1/40,0.6371310956264329,0.9999999804737684,0.45077983417083245,ZC3H12A,1.0
GO_Biological_Process_2021,positive regulation of endothelial cell migration (GO:0010595),2/86,0.6373333862941308,0.9282845486766347,0.4181572772708505,PIK3CD;ZC3H12A,1.0
GO_Biological_Process_2021,positive regulation of proteasomal protein catabolic process (GO:1901800),2/86,0.6373333862941308,0.9282845486766347,0.4181572772708505,DVL1;RNF19B,1.0
GO_Biological_Process_2021,regulation of Ras protein signal transduction (GO:0046578),2/86,0.6373333862941308,0.9282845486766347,0.4181572772708505,EPHB2;MFN2,1.0
GO_Biological_Process_2021,cellular response to metal ion (GO:0071248),3/131,0.6396450082397065,0.9135437446658704,0.4082096510498812,ATP13A2;CLIC4;HPCA,1.0
GO_Biological_Process_2021,negative regulation of angiogenesis (GO:0016525),2/87,0.6435941757737178,0.9173163061724814,0.40424929153760064,AGO1;HSPG2,1.0
GO_Biological_Process_2021,gluconeogenesis (GO:0006094),1/41,0.6462209980406004,0.9749498807625273,0.4256765054390078,ENO1,1.0
GO_Biological_Process_2021,acylglycerol metabolic process (GO:0006639),1/41,0.6462209980406004,0.9749498807625273,0.4256765054390078,LYPLA2,1.0
GO_Biological_Process_2021,visual system development (GO:0150063),1/41,0.6462209980406004,0.9749498807625273,0.4256765054390078,C1QA,1.0
GO_Biological_Process_2021,positive regulation of TOR signaling (GO:0032008),1/41,0.6462209980406004,0.9749498807625273,0.4256765054390078,RRAGC,1.0
GO_Biological_Process_2021,regulation of release of cytochrome c from mitochondria (GO:0090199),1/41,0.6462209980406004,0.9749498807625273,0.4256765054390078,PINK1,1.0
GO_Biological_Process_2021,carbohydrate catabolic process (GO:0016052),1/41,0.6462209980406004,0.9749498807625273,0.4256765054390078,ENO1,1.0
GO_Biological_Process_2021,T cell differentiation (GO:0030217),1/41,0.6462209980406004,0.9749498807625273,0.4256765054390078,PIK3CD,1.0
GO_Biological_Process_2021,negative regulation of cell-cell adhesion (GO:0022408),1/41,0.6462209980406004,0.9749498807625273,0.4256765054390078,MAD2L2,1.0
GO_Biological_Process_2021,protein methylation (GO:0006479),1/41,0.6462209980406004,0.9749498807625273,0.4256765054390078,ICMT,1.0
GO_Biological_Process_2021,positive regulation of cation transmembrane transport (GO:1904064),1/41,0.6462209980406004,0.9749498807625273,0.4256765054390078,GNB1,1.0
GO_Biological_Process_2021,positive regulation of biomineral tissue development (GO:0070169),1/41,0.6462209980406004,0.9749498807625273,0.4256765054390078,ISG15,1.0
GO_Biological_Process_2021,epithelial cell migration (GO:0010631),1/41,0.6462209980406004,0.9749498807625273,0.4256765054390078,PLEKHG5,1.0
GO_Biological_Process_2021,response to growth factor (GO:0070848),1/41,0.6462209980406004,0.9749498807625273,0.4256765054390078,EPHA2,1.0
GO_Biological_Process_2021,regulation of G0 to G1 transition (GO:0070316),1/41,0.6462209980406004,0.9749498807625273,0.4256765054390078,RBBP4,1.0
GO_Biological_Process_2021,regulation of viral transcription (GO:0046782),1/41,0.6462209980406004,0.9749498807625273,0.4256765054390078,TRIM62,1.0
GO_Biological_Process_2021,transmembrane receptor protein serine/threonine kinase signaling pathway (GO:0007178),3/133,0.6497775690807281,0.899396360637436,0.38775241433741503,BMP8A;PRKCZ;SKI,1.0
GO_Biological_Process_2021,regulation of translation (GO:0006417),4/178,0.6534531448882859,0.8957174462533795,0.38111384247150526,EIF4G3;MTOR;RPS6KA1;YBX1,1.0
GO_Biological_Process_2021,positive regulation of peptidyl-tyrosine phosphorylation (GO:0050731),3/134,0.6547672828422215,0.8924846615701091,0.3779452989176632,HES5;TNFRSF14;TNFRSF18,1.0
GO_Biological_Process_2021,heterophilic cell-cell adhesion via plasma membrane cell adhesion molecules (GO:0007157),1/42,0.655083641508695,0.9511217371347614,0.4023172230444335,IGSF21,1.0
GO_Biological_Process_2021,phosphatidylinositol phosphate biosynthetic process (GO:0046854),1/42,0.655083641508695,0.9511217371347614,0.4023172230444335,PIK3CD,1.0
GO_Biological_Process_2021,skeletal system morphogenesis (GO:0048705),1/42,0.655083641508695,0.9511217371347614,0.4023172230444335,SKI,1.0
GO_Biological_Process_2021,nucleic acid-templated transcription (GO:0097659),1/42,0.655083641508695,0.9511217371347614,0.4023172230444335,RRAGC,1.0
GO_Biological_Process_2021,regulation of type I interferon production (GO:0032479),2/89,0.6558593258713906,0.8961362516817029,0.37799829613127345,GPATCH3;ISG15,1.0
GO_Biological_Process_2021,protein import (GO:0017038),2/89,0.6558593258713906,0.8961362516817029,0.37799829613127345,IPO13;PEX14,1.0
GO_Biological_Process_2021,transforming growth factor beta receptor signaling pathway (GO:0007179),2/89,0.6558593258713906,0.8961362516817029,0.37799829613127345,PRKCZ;SKI,1.0
GO_Biological_Process_2021,regulation of cysteine-type endopeptidase activity involved in apoptotic process (GO:0043281),2/89,0.6558593258713906,0.8961362516817029,0.37799829613127345,IFI6;RPS6KA1,1.0
GO_Biological_Process_2021,regulation of cation channel activity (GO:2001257),2/89,0.6558593258713906,0.8961362516817029,0.37799829613127345,HPCA;SELENON,1.0
GO_Biological_Process_2021,negative regulation of signal transduction (GO:0009968),6/267,0.660398766401436,0.8952952496880529,0.37146823670234047,CTNNBIP1;PHACTR4;PRKCZ;PTCH2;SMPDL3B;YTHDF2,1.0
GO_Biological_Process_2021,neutrophil degranulation (GO:0043312),11/481,0.6606412561120197,0.910803619323948,0.37756846291834445,ATAD3B;CAP1;DDOST;FGR;FUCA1;KCNAB2;PADI2;PPIE;SLC2A5;TNFRSF1B;UBR4,1.0
GO_Biological_Process_2021,sodium ion transport (GO:0006814),2/90,0.6618644374489302,0.8859072480924065,0.36560906765204365,SCNN1D;SLC6A9,1.0
GO_Biological_Process_2021,cellular amino acid catabolic process (GO:0009063),2/90,0.6618644374489302,0.8859072480924065,0.36560906765204365,ALDH4A1;HMGCL,1.0
GO_Biological_Process_2021,protein complex oligomerization (GO:0051259),2/90,0.6618644374489302,0.8859072480924065,0.36560906765204365,SLC9A1;ZC3H12A,1.0
GO_Biological_Process_2021,mitochondrial respiratory chain complex assembly (GO:0033108),2/90,0.6618644374489302,0.8859072480924065,0.36560906765204365,NDUFS5;SLC25A33,1.0
GO_Biological_Process_2021,ubiquitin-dependent protein catabolic process (GO:0006511),8/354,0.6630771831864746,0.9001362667743347,0.36983347955416984,HECTD3;PINK1;PSMB2;RNF19B;SPSB1;UBE4B;UBR4;UBXN11,1.0
GO_Biological_Process_2021,positive regulation of axonogenesis (GO:0050772),1/43,0.6637246966868517,0.9284282670130798,0.38055144666004936,MACF1,1.0
GO_Biological_Process_2021,regulation of cytokine production involved in inflammatory response (GO:1900015),1/43,0.6637246966868517,0.9284282670130798,0.38055144666004936,ZC3H12A,1.0
GO_Biological_Process_2021,signal release from synapse (GO:0099643),1/43,0.6637246966868517,0.9284282670130798,0.38055144666004936,DVL1,1.0
GO_Biological_Process_2021,regulation of cell-substrate adhesion (GO:0010810),1/43,0.6637246966868517,0.9284282670130798,0.38055144666004936,PDPN,1.0
GO_Biological_Process_2021,negative regulation of proteolysis (GO:0045861),1/43,0.6637246966868517,0.9284282670130798,0.38055144666004936,CAMK2N1,1.0
GO_Biological_Process_2021,ribonucleoprotein complex assembly (GO:0022618),3/136,0.6645933180403498,0.8789730694084177,0.35913079667535047,MRPL20;RPL11;SRSF10,1.0
GO_Biological_Process_2021,positive regulation of cell migration (GO:0030335),6/269,0.6674115465789918,0.8883945576847825,0.3592209286088096,EPHB2;FGR;MTOR;PDPN;PIK3CD;TNFRSF18,1.0
GO_Biological_Process_2021,negative regulation of cytokine production (GO:0001818),4/182,0.6704947172303868,0.8754077392372036,0.34993501271017863,GPATCH3;ISG15;LAPTM5;ZC3H12A,1.0
GO_Biological_Process_2021,neutrophil activation involved in immune response (GO:0002283),11/485,0.6711805999832743,0.9029276825611675,0.3600126418443616,ATAD3B;CAP1;DDOST;FGR;FUCA1;KCNAB2;PADI2;PPIE;SLC2A5;TNFRSF1B;UBR4,1.0
GO_Biological_Process_2021,lymphocyte chemotaxis (GO:0048247),1/44,0.6721496930117791,0.9067903071296158,0.3602443990990749,PIK3CD,1.0
GO_Biological_Process_2021,hexose biosynthetic process (GO:0019319),1/44,0.6721496930117791,0.9067903071296158,0.3602443990990749,ENO1,1.0
GO_Biological_Process_2021,positive regulation of biosynthetic process (GO:0009891),1/44,0.6721496930117791,0.9067903071296158,0.3602443990990749,MTOR,1.0
GO_Biological_Process_2021,positive regulation of cell division (GO:0051781),1/44,0.6721496930117791,0.9067903071296158,0.3602443990990749,CDC42,1.0
GO_Biological_Process_2021,positive regulation of cell-matrix adhesion (GO:0001954),1/44,0.6721496930117791,0.9067903071296158,0.3602443990990749,COL16A1,1.0
GO_Biological_Process_2021,neurotransmitter secretion (GO:0007269),1/44,0.6721496930117791,0.9067903071296158,0.3602443990990749,DVL1,1.0
GO_Biological_Process_2021,positive regulation of potassium ion transmembrane transport (GO:1901381),1/44,0.6721496930117791,0.9067903071296158,0.3602443990990749,GNB1,1.0
GO_Biological_Process_2021,positive regulation of osteoblast differentiation (GO:0045669),1/44,0.6721496930117791,0.9067903071296158,0.3602443990990749,CTNNBIP1,1.0
GO_Biological_Process_2021,mitotic spindle assembly (GO:0090307),1/44,0.6721496930117791,0.9067903071296158,0.3602443990990749,WRAP73,1.0
GO_Biological_Process_2021,metal ion homeostasis (GO:0055065),1/44,0.6721496930117791,0.9067903071296158,0.3602443990990749,SELENON,1.0
GO_Biological_Process_2021,cardiac ventricle morphogenesis (GO:0003208),1/44,0.6721496930117791,0.9067903071296158,0.3602443990990749,HEYL,1.0
GO_Biological_Process_2021,cellular macromolecule biosynthetic process (GO:0034645),7/314,0.6727834773186516,0.8876782931386489,0.3518150724602629,MRPS15;PABPC4;RPA2;RPL11;RPL22;RPS8;RRAGC,1.0
GO_Biological_Process_2021,positive regulation of transmembrane receptor protein serine/threonine kinase signaling pathway (GO:0090100),2/92,0.673621866006799,0.8661311744864333,0.342196608826402,BMP8A;HES5,1.0
GO_Biological_Process_2021,regulation of peptidyl-tyrosine phosphorylation (GO:0050730),2/92,0.673621866006799,0.8661311744864333,0.342196608826402,PRKCZ;TNFRSF14,1.0
GO_Biological_Process_2021,positive regulation of cellular component biogenesis (GO:0044089),2/92,0.673621866006799,0.8661311744864333,0.342196608826402,ATP13A2;PARK7,1.0
GO_Biological_Process_2021,neutrophil mediated immunity (GO:0002446),11/488,0.6789607899005708,0.8971074148276661,0.3473527243826643,ATAD3B;CAP1;DDOST;FGR;FUCA1;KCNAB2;PADI2;PPIE;SLC2A5;TNFRSF1B;UBR4,1.0
GO_Biological_Process_2021,visual perception (GO:0007601),2/93,0.6793751298460649,0.8565691169187101,0.33113405672357343,DHRS3;EYA3,1.0
GO_Biological_Process_2021,regulation of heart contraction (GO:0008016),2/93,0.6793751298460649,0.8565691169187101,0.33113405672357343,HSPB7;RNF207,1.0
GO_Biological_Process_2021,negative regulation of T cell activation (GO:0050868),1/45,0.6803640222107221,0.8861358908772183,0.34127512066551413,LAPTM5,1.0
GO_Biological_Process_2021,regulation of DNA repair (GO:0006282),1/45,0.6803640222107221,0.8861358908772183,0.34127512066551413,EYA3,1.0
GO_Biological_Process_2021,protein deacetylation (GO:0006476),1/45,0.6803640222107221,0.8861358908772183,0.34127512066551413,HDAC1,1.0
GO_Biological_Process_2021,regulation of receptor signaling pathway via JAK-STAT (GO:0046425),1/45,0.6803640222107221,0.8861358908772183,0.34127512066551413,HES5,1.0
GO_Biological_Process_2021,positive regulation of response to biotic stimulus (GO:0002833),1/45,0.6803640222107221,0.8861358908772183,0.34127512066551413,PUM1,1.0
GO_Biological_Process_2021,microtubule bundle formation (GO:0001578),1/45,0.6803640222107221,0.8861358908772183,0.34127512066551413,CFAP74,1.0
GO_Biological_Process_2021,inorganic cation transmembrane transport (GO:0098662),6/274,0.6845399992850243,0.8715934325648801,0.33034105817406956,KCNAB2;KCNQ4;LRRC38;SCNN1D;SLC6A9;SLC9A1,1.0
GO_Biological_Process_2021,nucleosome organization (GO:0034728),2/94,0.685045439230701,0.8472149301676765,0.3204760833680759,ARID1A;DMAP1,1.0
GO_Biological_Process_2021,negative regulation of cellular protein metabolic process (GO:0032269),2/94,0.685045439230701,0.8472149301676765,0.3204760833680759,CAMK2N1;YBX1,1.0
GO_Biological_Process_2021,negative regulation of MAPK cascade (GO:0043409),2/94,0.685045439230701,0.8472149301676765,0.3204760833680759,CAMK2N1;EPHB2,1.0
GO_Biological_Process_2021,positive regulation of cellular catabolic process (GO:0031331),3/141,0.6882635245347271,0.8469075155464326,0.31639066074011246,LAPTM5;TNFRSF1B;ZC3H12A,1.0
GO_Biological_Process_2021,posttranscriptional regulation of gene expression (GO:0010608),1/46,0.6883729417243597,0.866399448680483,0.32353479951144853,PUM1,1.0
GO_Biological_Process_2021,positive regulation of organelle assembly (GO:1902117),1/46,0.6883729417243597,0.866399448680483,0.32353479951144853,CROCC,1.0
GO_Biological_Process_2021,negative regulation of tumor necrosis factor production (GO:0032720),1/46,0.6883729417243597,0.866399448680483,0.32353479951144853,ZC3H12A,1.0
GO_Biological_Process_2021,establishment of protein localization to extracellular region (GO:0035592),1/46,0.6883729417243597,0.866399448680483,0.32353479951144853,SVBP,1.0
GO_Biological_Process_2021,erythrocyte differentiation (GO:0030218),1/46,0.6883729417243597,0.866399448680483,0.32353479951144853,ATP5IF1,1.0
GO_Biological_Process_2021,interleukin-12-mediated signaling pathway (GO:0035722),1/46,0.6883729417243597,0.866399448680483,0.32353479951144853,CDC42,1.0
GO_Biological_Process_2021,regulation of fibroblast proliferation (GO:0048145),1/46,0.6883729417243597,0.866399448680483,0.32353479951144853,SKI,1.0
GO_Biological_Process_2021,positive regulation of response to stimulus (GO:0048584),1/46,0.6883729417243597,0.866399448680483,0.32353479951144853,SELENON,1.0
GO_Biological_Process_2021,regulation of B cell proliferation (GO:0030888),1/46,0.6883729417243597,0.866399448680483,0.32353479951144853,EPHB2,1.0
GO_Biological_Process_2021,sensory perception of light stimulus (GO:0050953),2/95,0.690633336901626,0.8380619087231166,0.31020545000076105,DHRS3;EYA3,1.0
GO_Biological_Process_2021,transcription by RNA polymerase II (GO:0006366),7/320,0.6916864591525103,0.8703899146885766,0.3208453235198257,ELOA;HDAC1;INTS11;LSM10;MED18;SSU72;TAF12,1.0
GO_Biological_Process_2021,DNA metabolic process (GO:0006259),6/277,0.6945370723981285,0.8618103419969073,0.31413826216476115,CENPS;DFFB;FBXO6;MUTYH;PARK7;RPA2,1.0
GO_Biological_Process_2021,positive regulation of neuron death (GO:1901216),1/47,0.6961815780447878,0.8475211126662144,0.30692533390587734,C1QA,1.0
GO_Biological_Process_2021,glycosphingolipid metabolic process (GO:0006687),1/47,0.6961815780447878,0.8475211126662144,0.30692533390587734,CPTP,1.0
GO_Biological_Process_2021,telomere organization (GO:0032200),1/47,0.6961815780447878,0.8475211126662144,0.30692533390587734,RPA2,1.0
GO_Biological_Process_2021,regulation of cellular metabolic process (GO:0031323),1/47,0.6961815780447878,0.8475211126662144,0.30692533390587734,PINK1,1.0
GO_Biological_Process_2021,positive regulation of pathway-restricted SMAD protein phosphorylation (GO:0010862),1/47,0.6961815780447878,0.8475211126662144,0.30692533390587734,BMP8A,1.0
GO_Biological_Process_2021,positive regulation of cell-cell adhesion (GO:0022409),1/47,0.6961815780447878,0.8475211126662144,0.30692533390587734,PTPRU,1.0
GO_Biological_Process_2021,epithelial to mesenchymal transition (GO:0001837),1/47,0.6961815780447878,0.8475211126662144,0.30692533390587734,HEYL,1.0
GO_Biological_Process_2021,receptor-mediated endocytosis (GO:0006898),3/143,0.6973745800914272,0.8347226050788784,0.3008612346069891,HSPG2;LDLRAP1;PPT1,1.0
GO_Biological_Process_2021,regulation of GTPase activity (GO:0043087),4/189,0.6989093127939399,0.8419790593105793,0.3016257651665804,AGRN;ASAP3;RAP1GAP;RCC2,1.0
GO_Biological_Process_2021,double-strand break repair via homologous recombination (GO:0000724),2/97,0.7015641900709,0.8203339513989165,0.29076152797126625,RPA2;SFPQ,1.0
GO_Biological_Process_2021,calcium ion homeostasis (GO:0055074),2/97,0.7015641900709,0.8203339513989165,0.29076152797126625,ATP13A2;SELENON,1.0
GO_Biological_Process_2021,protein maturation (GO:0051604),2/97,0.7015641900709,0.8203339513989165,0.29076152797126625,DDI2;ECE1,1.0
GO_Biological_Process_2021,negative regulation of tumor necrosis factor superfamily cytokine production (GO:1903556),1/48,0.7037949299706938,0.8294461100993615,0.29135809012756914,ZC3H12A,1.0
GO_Biological_Process_2021,cellular response to alcohol (GO:0097306),1/48,0.7037949299706938,0.8294461100993615,0.29135809012756914,GNB1,1.0
GO_Biological_Process_2021,phosphatidic acid biosynthetic process (GO:0006654),1/48,0.7037949299706938,0.8294461100993615,0.29135809012756914,PLA2G5,1.0
GO_Biological_Process_2021,regulation of interleukin-2 production (GO:0032663),1/48,0.7037949299706938,0.8294461100993615,0.29135809012756914,LAPTM5,1.0
GO_Biological_Process_2021,cognition (GO:0050890),1/48,0.7037949299706938,0.8294461100993615,0.29135809012756914,MFSD2A,1.0
GO_Biological_Process_2021,cellular response to ionizing radiation (GO:0071479),1/48,0.7037949299706938,0.8294461100993615,0.29135809012756914,KDM1A,1.0
GO_Biological_Process_2021,negative regulation of mitotic cell cycle (GO:0045930),1/48,0.7037949299706938,0.8294461100993615,0.29135809012756914,AURKAIP1,1.0
GO_Biological_Process_2021,substrate adhesion-dependent cell spreading (GO:0034446),1/48,0.7037949299706938,0.8294461100993615,0.29135809012756914,VAMP3,1.0
GO_Biological_Process_2021,positive regulation of DNA repair (GO:0045739),1/48,0.7037949299706938,0.8294461100993615,0.29135809012756914,EYA3,1.0
GO_Biological_Process_2021,Golgi to plasma membrane transport (GO:0006893),1/48,0.7037949299706938,0.8294461100993615,0.29135809012756914,MACF1,1.0
GO_Biological_Process_2021,cellular response to interleukin-12 (GO:0071349),1/48,0.7037949299706938,0.8294461100993615,0.29135809012756914,CDC42,1.0
GO_Biological_Process_2021,positive regulation of reactive oxygen species metabolic process (GO:2000379),1/49,0.7112178717817731,0.8121242326394609,0.27675282598934386,ZC3H12A,1.0
GO_Biological_Process_2021,mitotic cytokinesis (GO:0000281),1/49,0.7112178717817731,0.8121242326394609,0.27675282598934386,STMN1,1.0
GO_Biological_Process_2021,response to unfolded protein (GO:0006986),1/49,0.7112178717817731,0.8121242326394609,0.27675282598934386,HSPB7,1.0
GO_Biological_Process_2021,oligosaccharide metabolic process (GO:0009311),1/49,0.7112178717817731,0.8121242326394609,0.27675282598934386,ST3GAL3,1.0
GO_Biological_Process_2021,secondary alcohol metabolic process (GO:1902652),1/49,0.7112178717817731,0.8121242326394609,0.27675282598934386,LDLRAP1,1.0
GO_Biological_Process_2021,response to glucose (GO:0009749),1/49,0.7112178717817731,0.8121242326394609,0.27675282598934386,EIF2B3,1.0
GO_Biological_Process_2021,response to hydrogen peroxide (GO:0042542),1/49,0.7112178717817731,0.8121242326394609,0.27675282598934386,PARK7,1.0
GO_Biological_Process_2021,regulation of interferon-beta production (GO:0032648),1/49,0.7112178717817731,0.8121242326394609,0.27675282598934386,ISG15,1.0
GO_Biological_Process_2021,cellular response to mechanical stimulus (GO:0071260),1/49,0.7112178717817731,0.8121242326394609,0.27675282598934386,SLC9A1,1.0
GO_Biological_Process_2021,receptor internalization (GO:0031623),1/49,0.7112178717817731,0.8121242326394609,0.27675282598934386,LDLRAP1,1.0
GO_Biological_Process_2021,mRNA-containing ribonucleoprotein complex export from nucleus (GO:0071427),2/99,0.7121724977653481,0.8033370438612816,0.27268080971619896,SRRM1;SRSF4,1.0
GO_Biological_Process_2021,regulation of ERK1 and ERK2 cascade (GO:0070372),5/238,0.7131364907718805,0.8352624797662325,0.28238758156901395,CAMK2N1;EPHA2;EPHB2;PLA2G5;PRKCZ,1.0
GO_Biological_Process_2021,organic acid transport (GO:0015849),2/100,0.7173572893734099,0.795098746840489,0.2641168963618471,MFSD2A;PDPN,1.0
GO_Biological_Process_2021,cell-matrix adhesion (GO:0007160),2/100,0.7173572893734099,0.795098746840489,0.2641168963618471,RCC2;TESK2,1.0
GO_Biological_Process_2021,amino acid transport (GO:0006865),1/50,0.7184551563343827,0.7955093705860867,0.26303675510082225,PDPN,1.0
GO_Biological_Process_2021,iron ion transport (GO:0006826),1/50,0.7184551563343827,0.7955093705860867,0.26303675510082225,ATP6V0B,1.0
GO_Biological_Process_2021,chloride transmembrane transport (GO:1902476),1/50,0.7184551563343827,0.7955093705860867,0.26303675510082225,GABRD,1.0
GO_Biological_Process_2021,positive regulation of cell morphogenesis involved in differentiation (GO:0010770),1/50,0.7184551563343827,0.7955093705860867,0.26303675510082225,CDC42,1.0
GO_Biological_Process_2021,phosphatidic acid metabolic process (GO:0046473),1/50,0.7184551563343827,0.7955093705860867,0.26303675510082225,PLA2G5,1.0
GO_Biological_Process_2021,organic hydroxy compound biosynthetic process (GO:1901617),1/50,0.7184551563343827,0.7955093705860867,0.26303675510082225,PARK7,1.0
GO_Biological_Process_2021,cellular protein metabolic process (GO:0044267),9/417,0.7187280663211407,0.8577333003396836,0.28328546734064325,FBXO2;ICMT;MRPS15;MXRA8;PABPC4;RPL11;RPL22;RPS8;VWA1,1.0
GO_Biological_Process_2021,positive regulation of cell cycle process (GO:0090068),2/101,0.7224633919458489,0.7870268800625408,0.25585341061776934,CDC42;RCC2,1.0
GO_Biological_Process_2021,regulation of cell population proliferation (GO:0042127),17/764,0.7232182665385793,0.8835923225533336,0.2863229781456632,AGO3;CAMK2N1;CHD5;FABP3;HDAC1;HES5;HP1BP3;IFNLR1;P3H1;PDPN;PTPRU;RBBP4;SKI;SLC25A33;TFAP2E;TRNP1;ZBTB17,1.0
GO_Biological_Process_2021,positive regulation of programmed cell death (GO:0043068),6/286,0.7232507318303223,0.8337188962231571,0.27012435816774455,ARHGEF16;CASP9;LAPTM5;PLEKHG5;STPG1;UTP11,1.0
GO_Biological_Process_2021,regulation of smoothened signaling pathway (GO:0008589),1/51,0.7255114180803882,0.7795591030148475,0.25014373112685545,PTCH2,1.0
GO_Biological_Process_2021,regulation of interleukin-12 production (GO:0032655),1/51,0.7255114180803882,0.7795591030148475,0.25014373112685545,LAPTM5,1.0
GO_Biological_Process_2021,regulation of cellular amine metabolic process (GO:0033238),1/51,0.7255114180803882,0.7795591030148475,0.25014373112685545,PSMB2,1.0
GO_Biological_Process_2021,mesenchymal cell differentiation (GO:0048762),1/51,0.7255114180803882,0.7795591030148475,0.25014373112685545,HEYL,1.0
GO_Biological_Process_2021,regulation of epithelial cell migration (GO:0010632),1/51,0.7255114180803882,0.7795591030148475,0.25014373112685545,MACF1,1.0
GO_Biological_Process_2021,mitotic nuclear membrane reassembly (GO:0007084),1/51,0.7255114180803882,0.7795591030148475,0.25014373112685545,RCC1,1.0
GO_Biological_Process_2021,mitotic nuclear membrane organization (GO:0101024),1/51,0.7255114180803882,0.7795591030148475,0.25014373112685545,RCC1,1.0
GO_Biological_Process_2021,mitotic metaphase plate congression (GO:0007080),1/51,0.7255114180803882,0.7795591030148475,0.25014373112685545,NUDC,1.0
GO_Biological_Process_2021,negative regulation of transport (GO:0051051),1/51,0.7255114180803882,0.7795591030148475,0.25014373112685545,YRDC,1.0
GO_Biological_Process_2021,regulation of protein modification process (GO:0031399),1/51,0.7255114180803882,0.7795591030148475,0.25014373112685545,SESN2,1.0
GO_Biological_Process_2021,positive regulation of cellular protein metabolic process (GO:0032270),2/102,0.7274914903913969,0.7791164506201514,0.2478782182423111,AURKAIP1;MTOR,1.0
GO_Biological_Process_2021,calcium-mediated signaling (GO:0019722),2/102,0.7274914903913969,0.7791164506201514,0.2478782182423111,RCAN3;SLC9A1,1.0
GO_Biological_Process_2021,protein O-linked glycosylation (GO:0006493),2/102,0.7274914903913969,0.7791164506201514,0.2478782182423111,PLOD1;ST3GAL3,1.0
GO_Biological_Process_2021,ameboidal-type cell migration (GO:0001667),1/52,0.7323911760111017,0.7642343361326766,0.23801353469116196,PHACTR4,1.0
GO_Biological_Process_2021,plasma membrane bounded cell projection morphogenesis (GO:0120039),1/52,0.7323911760111017,0.7642343361326766,0.23801353469116196,NBL1,1.0
GO_Biological_Process_2021,regulation of telomere maintenance via telomerase (GO:0032210),1/52,0.7323911760111017,0.7642343361326766,0.23801353469116196,EXOSC10,1.0
GO_Biological_Process_2021,cartilage development (GO:0051216),1/52,0.7323911760111017,0.7642343361326766,0.23801353469116196,HES5,1.0
GO_Biological_Process_2021,regulation of release of sequestered calcium ion into cytosol (GO:0051279),1/52,0.7323911760111017,0.7642343361326766,0.23801353469116196,SELENON,1.0
GO_Biological_Process_2021,myeloid cell differentiation (GO:0030099),1/52,0.7323911760111017,0.7642343361326766,0.23801353469116196,ATP5IF1,1.0
GO_Biological_Process_2021,fatty acid beta-oxidation (GO:0006635),1/52,0.7323911760111017,0.7642343361326766,0.23801353469116196,MECR,1.0
GO_Biological_Process_2021,response to peptide hormone (GO:0043434),1/52,0.7323911760111017,0.7642343361326766,0.23801353469116196,EIF2B3,1.0
GO_Biological_Process_2021,positive regulation of cytokine production (GO:0001819),7/335,0.7357877183454339,0.8299361632848252,0.25463572528007566,FGR;ISG15;LAPTM5;PARK7;PIK3CD;PRKCZ;TNFRSF14,1.0
GO_Biological_Process_2021,actin filament organization (GO:0007015),3/152,0.735880517854077,0.7839385151436352,0.2404241537926165,CDC42;MAD2L2;MARCKSL1,1.0
GO_Biological_Process_2021,cellular metal ion homeostasis (GO:0006875),2/104,0.7373164882315374,0.7637609111143371,0.23274701167231962,ATP13A2;SLC9A1,1.0
GO_Biological_Process_2021,mRNA transport (GO:0051028),2/104,0.7373164882315374,0.7637609111143371,0.23274701167231962,SRRM1;SRSF4,1.0
GO_Biological_Process_2021,regulation of insulin secretion (GO:0050796),2/104,0.7373164882315374,0.7637609111143371,0.23274701167231962,BMP8A;SLC2A1,1.0
GO_Biological_Process_2021,positive regulation of NIK/NF-kappaB signaling (GO:1901224),1/53,0.7390988365281685,0.7494989833613583,0.22659124835916478,LAPTM5,1.0
GO_Biological_Process_2021,heart morphogenesis (GO:0003007),1/53,0.7390988365281685,0.7494989833613583,0.22659124835916478,HEYL,1.0
GO_Biological_Process_2021,positive regulation of phagocytosis (GO:0050766),1/53,0.7390988365281685,0.7494989833613583,0.22659124835916478,PLA2G5,1.0
GO_Biological_Process_2021,positive regulation of DNA-binding transcription factor activity (GO:0051091),5/246,0.7396637156811798,0.8072006211882016,0.24341912416530945,KDM1A;PARK7;PRKCZ;TAF12;TRIM62,1.0
GO_Biological_Process_2021,dephosphorylation (GO:0016311),3/153,0.7399105935697292,0.7786720169281285,0.23455619435315306,ALPL;PTPRF;PTPRU,1.0
GO_Biological_Process_2021,nucleotide-excision repair (GO:0006289),2/105,0.742114827668495,0.756306765723165,0.22556947117316226,PPIE;RPA2,1.0
GO_Biological_Process_2021,regulation of proteasomal protein catabolic process (GO:0061136),1/54,0.7456386962432092,0.7353196816380144,0.2158267074287607,PINK1,1.0
GO_Biological_Process_2021,cytoplasmic microtubule organization (GO:0031122),1/54,0.7456386962432092,0.7353196816380144,0.2158267074287607,PLK3,1.0
GO_Biological_Process_2021,unsaturated fatty acid metabolic process (GO:0033559),1/54,0.7456386962432092,0.7353196816380144,0.2158267074287607,ELOVL1,1.0
GO_Biological_Process_2021,regulation of cellular amino acid metabolic process (GO:0006521),1/54,0.7456386962432092,0.7353196816380144,0.2158267074287607,PSMB2,1.0
GO_Biological_Process_2021,regulation of cyclin-dependent protein kinase activity (GO:1904029),1/54,0.7456386962432092,0.7353196816380144,0.2158267074287607,CAMK2N1,1.0
GO_Biological_Process_2021,positive regulation of leukocyte chemotaxis (GO:0002690),1/54,0.7456386962432092,0.7353196816380144,0.2158267074287607,AKIRIN1,1.0
GO_Biological_Process_2021,negative regulation of viral genome replication (GO:0045071),1/54,0.7456386962432092,0.7353196816380144,0.2158267074287607,ISG15,1.0
GO_Biological_Process_2021,nuclear membrane reassembly (GO:0031468),1/54,0.7456386962432092,0.7353196816380144,0.2158267074287607,RCC1,1.0
GO_Biological_Process_2021,peptidyl-lysine modification (GO:0018205),2/106,0.7468380408628423,0.7489959692818233,0.2186371140682197,PARK7;PLOD1,1.0
GO_Biological_Process_2021,RNA export from nucleus (GO:0006405),2/106,0.7468380408628423,0.7489959692818233,0.2186371140682197,SRRM1;SRSF4,1.0
GO_Biological_Process_2021,regulation of phosphatidylinositol 3-kinase signaling (GO:0014066),2/106,0.7468380408628423,0.7489959692818233,0.2186371140682197,FGR;PIK3CD,1.0
GO_Biological_Process_2021,generation of neurons (GO:0048699),4/202,0.7469128003733874,0.7861681174994617,0.2294092291740201,ARTN;HES5;HEYL;YTHDF2,1.0
GO_Biological_Process_2021,mRNA export from nucleus (GO:0006406),2/107,0.7514868763434903,0.7418244261060308,0.2119403759212894,SRRM1;SRSF4,1.0
GO_Biological_Process_2021,positive regulation of response to DNA damage stimulus (GO:2001022),1/55,0.752014944707984,0.7216655392377572,0.20567401615617775,EYA3,1.0
GO_Biological_Process_2021,regulation of blood vessel endothelial cell migration (GO:0043535),1/55,0.752014944707984,0.7216655392377572,0.20567401615617775,EPHA2,1.0
GO_Biological_Process_2021,protein targeting to mitochondrion (GO:0006626),1/55,0.752014944707984,0.7216655392377572,0.20567401615617775,MFN2,1.0
GO_Biological_Process_2021,triglyceride metabolic process (GO:0006641),1/55,0.752014944707984,0.7216655392377572,0.20567401615617775,FABP3,1.0
GO_Biological_Process_2021,pyruvate metabolic process (GO:0006090),1/55,0.752014944707984,0.7216655392377572,0.20567401615617775,ENO1,1.0
GO_Biological_Process_2021,negative regulation of transmembrane receptor protein serine/threonine kinase signaling pathway (GO:0090101),2/108,0.7560620922219056,0.7347881950656306,0.20547012621142355,NBL1;SKI,1.0
GO_Biological_Process_2021,sensory organ development (GO:0007423),1/56,0.7582316670767987,0.7085079111066004,0.19609112062047457,ECE1,1.0
GO_Biological_Process_2021,"DNA damage response, signal transduction by p53 class mediator resulting in cell cycle arrest (GO:0006977)",1/56,0.7582316670767987,0.7085079111066004,0.19609112062047457,PLK3,1.0
GO_Biological_Process_2021,protein-containing complex disassembly (GO:0032984),1/56,0.7582316670767987,0.7085079111066004,0.19609112062047457,DVL1,1.0
GO_Biological_Process_2021,mitochondrial transport (GO:0006839),1/56,0.7582316670767987,0.7085079111066004,0.19609112062047457,MFN2,1.0
GO_Biological_Process_2021,organonitrogen compound biosynthetic process (GO:1901566),3/158,0.7593329409730339,0.7533588480858544,0.20741094633048326,AKR1A1;ELOVL1;MFSD2A,1.0
GO_Biological_Process_2021,regulation of inflammatory response (GO:0050727),4/206,0.7604512298050128,0.7704407386189488,0.21098003312993235,PARK7;SMPDL3B;TNFRSF1B;VAMP3,1.0
GO_Biological_Process_2021,negative regulation of DNA recombination (GO:0045910),1/57,0.7642928467028317,0.695820198265842,0.18703943074386273,MAD2L2,1.0
GO_Biological_Process_2021,dicarboxylic acid metabolic process (GO:0043648),1/57,0.7642928467028317,0.695820198265842,0.18703943074386273,MTHFR,1.0
GO_Biological_Process_2021,regulation of bone mineralization (GO:0030500),1/57,0.7642928467028317,0.695820198265842,0.18703943074386273,ISG15,1.0
GO_Biological_Process_2021,positive regulation of interferon-gamma production (GO:0032729),1/57,0.7642928467028317,0.695820198265842,0.18703943074386273,ISG15,1.0
GO_Biological_Process_2021,negative regulation of cell cycle G2/M phase transition (GO:1902750),1/57,0.7642928467028317,0.695820198265842,0.18703943074386273,PSMB2,1.0
GO_Biological_Process_2021,mitochondrial respiratory chain complex I assembly (GO:0032981),1/58,0.7702023676700172,0.6835776683317768,0.17848348508346934,NDUFS5,1.0
GO_Biological_Process_2021,membrane lipid biosynthetic process (GO:0046467),1/58,0.7702023676700172,0.6835776683317768,0.17848348508346934,ELOVL1,1.0
GO_Biological_Process_2021,RNA modification (GO:0009451),1/58,0.7702023676700172,0.6835776683317768,0.17848348508346934,TRIT1,1.0
GO_Biological_Process_2021,regulation of pathway-restricted SMAD protein phosphorylation (GO:0060393),1/58,0.7702023676700172,0.6835776683317768,0.17848348508346934,BMP8A,1.0
GO_Biological_Process_2021,nucleosome assembly (GO:0006334),1/58,0.7702023676700172,0.6835776683317768,0.17848348508346934,RBBP4,1.0
GO_Biological_Process_2021,regulation of tumor necrosis factor-mediated signaling pathway (GO:0010803),1/58,0.7702023676700172,0.6835776683317768,0.17848348508346934,LAPTM5,1.0
GO_Biological_Process_2021,cellular iron ion homeostasis (GO:0006879),1/58,0.7702023676700172,0.6835776683317768,0.17848348508346934,ATP13A2,1.0
GO_Biological_Process_2021,fat cell differentiation (GO:0045444),1/58,0.7702023676700172,0.6835776683317768,0.17848348508346934,SDF4,1.0
GO_Biological_Process_2021,NADH dehydrogenase complex assembly (GO:0010257),1/58,0.7702023676700172,0.6835776683317768,0.17848348508346934,NDUFS5,1.0
GO_Biological_Process_2021,muscle organ development (GO:0007517),1/58,0.7702023676700172,0.6835776683317768,0.17848348508346934,FHL3,1.0
GO_Biological_Process_2021,regulation of neurotransmitter receptor activity (GO:0099601),1/58,0.7702023676700172,0.6835776683317768,0.17848348508346934,DLGAP3,1.0
GO_Biological_Process_2021,regulation of calcium ion transport (GO:0051924),1/58,0.7702023676700172,0.6835776683317768,0.17848348508346934,EPB41,1.0
GO_Biological_Process_2021,receptor metabolic process (GO:0043112),1/58,0.7702023676700172,0.6835776683317768,0.17848348508346934,LDLRAP1,1.0
GO_Biological_Process_2021,positive regulation of protein kinase B signaling (GO:0051897),3/161,0.7704137341663235,0.7389399544415209,0.19273592846071003,PARK7;PIK3CD;PINK1,1.0
GO_Biological_Process_2021,regulation of cytoskeleton organization (GO:0051493),2/112,0.7736422055957416,0.7079225856386483,0.18168534342239936,CLIC4;MTOR,1.0
GO_Biological_Process_2021,selective autophagy (GO:0061912),1/59,0.7759640172620837,0.6717572946023346,0.17039065293164796,PARK7,1.0
GO_Biological_Process_2021,response to reactive oxygen species (GO:0000302),1/59,0.7759640172620837,0.6717572946023346,0.17039065293164796,PLK3,1.0
GO_Biological_Process_2021,fatty acid oxidation (GO:0019395),1/59,0.7759640172620837,0.6717572946023346,0.17039065293164796,MECR,1.0
GO_Biological_Process_2021,mitotic DNA damage checkpoint signaling (GO:0044773),1/59,0.7759640172620837,0.6717572946023346,0.17039065293164796,RPA2,1.0
GO_Biological_Process_2021,negative regulation of inflammatory response (GO:0050728),4/212,0.7796977440330847,0.7479838562751395,0.18613499130371083,FGR;GNB1;SMPDL3B;TNFRSF1B,1.0
GO_Biological_Process_2021,chemical synaptic transmission (GO:0007268),6/306,0.7801563062338017,0.7773279198921473,0.19298019643394598,CORT;DVL1;GABRD;GRIK3;KIF1B;RPS6KA1,1.0
GO_Biological_Process_2021,cytokine-mediated signaling pathway (GO:0019221),13/621,0.7810011269954865,0.8294471897187436,0.20502166656682885,CDC42;CSF3R;IFI6;IFNLR1;ISG15;PIK3CD;PSMB2;TNFRSF14;TNFRSF18;TNFRSF1B;TNFRSF25;TRIM62;TXLNA,1.0
GO_Biological_Process_2021,adenylate cyclase-inhibiting G protein-coupled receptor signaling pathway (GO:0007193),1/60,0.7815814883703007,0.6603376115077888,0.1627308690374859,CORT,1.0
GO_Biological_Process_2021,homophilic cell adhesion via plasma membrane adhesion molecules (GO:0007156),1/60,0.7815814883703007,0.6603376115077888,0.1627308690374859,IGSF21,1.0
GO_Biological_Process_2021,cellular response to chemokine (GO:1990869),1/60,0.7815814883703007,0.6603376115077888,0.1627308690374859,ZC3H12A,1.0
GO_Biological_Process_2021,negative regulation of cell motility (GO:2000146),2/114,0.782010808004003,0.6952093954633799,0.170942756264128,CLIC4;PTPRU,1.0
GO_Biological_Process_2021,positive regulation of cellular component organization (GO:0051130),2/114,0.782010808004003,0.6952093954633799,0.170942756264128,PARK7;PLEKHM2,1.0
GO_Biological_Process_2021,response to lipid (GO:0033993),2/114,0.782010808004003,0.6952093954633799,0.170942756264128,ALPL;PAQR7,1.0
GO_Biological_Process_2021,cellular response to transforming growth factor beta stimulus (GO:0071560),2/114,0.782010808004003,0.6952093954633799,0.170942756264128,PRKCZ;SKI,1.0
GO_Biological_Process_2021,cellular amide metabolic process (GO:0043603),2/115,0.7860925304888391,0.6890215595373643,0.1658342396431779,ACOT7;MTHFR,1.0
GO_Biological_Process_2021,cellular response to molecule of bacterial origin (GO:0071219),2/115,0.7860925304888391,0.6890215595373643,0.1658342396431779,TNFRSF1B;ZC3H12A,1.0
GO_Biological_Process_2021,response to light stimulus (GO:0009416),1/61,0.787058381841457,0.6492985845163944,0.155476396916813,UBE4B,1.0
GO_Biological_Process_2021,positive regulation of interleukin-8 production (GO:0032757),1/61,0.787058381841457,0.6492985845163944,0.155476396916813,PARK7,1.0
GO_Biological_Process_2021,negative regulation of response to stimulus (GO:0048585),1/61,0.787058381841457,0.6492985845163944,0.155476396916813,YBX1,1.0
GO_Biological_Process_2021,O-glycan processing (GO:0016266),1/61,0.787058381841457,0.6492985845163944,0.155476396916813,ST3GAL3,1.0
GO_Biological_Process_2021,iron ion homeostasis (GO:0055072),1/61,0.787058381841457,0.6492985845163944,0.155476396916813,ATP13A2,1.0
GO_Biological_Process_2021,regulation of MAPK cascade (GO:0043408),3/166,0.7879534333836398,0.7160879246371071,0.17065541433476478,EPHA2;EPHA8;LAPTM5,1.0
GO_Biological_Process_2021,cytosolic transport (GO:0016482),2/116,0.7901069381965593,0.6829422821363664,0.1608923083124404,LAPTM5;VAMP3,1.0
GO_Biological_Process_2021,positive regulation of apoptotic process (GO:0043065),6/310,0.7904073924748176,0.7669401084627508,0.18038951318396224,ARHGEF16;CASP9;PLEKHG5;STPG1;UTP11;ZC3H12A,1.0
GO_Biological_Process_2021,positive regulation of cell projection organization (GO:0031346),2/117,0.7940548376251307,0.6769687312988643,0.1561108545546264,DVL1;P3H1,1.0
GO_Biological_Process_2021,negative regulation of peptidase activity (GO:0010466),1/63,0.7976043927186045,0.6282888234682568,0.1420828385159673,PARK7,1.0
GO_Biological_Process_2021,cellular response to reactive oxygen species (GO:0034614),1/63,0.7976043927186045,0.6282888234682568,0.1420828385159673,PARK7,1.0
GO_Biological_Process_2021,amyloid fibril formation (GO:1990000),1/63,0.7976043927186045,0.6282888234682568,0.1420828385159673,HSPG2,1.0
GO_Biological_Process_2021,positive regulation of DNA metabolic process (GO:0051054),1/63,0.7976043927186045,0.6282888234682568,0.1420828385159673,EYA3,1.0
GO_Biological_Process_2021,monocarboxylic acid biosynthetic process (GO:0072330),1/63,0.7976043927186045,0.6282888234682568,0.1420828385159673,PARK7,1.0
GO_Biological_Process_2021,antimicrobial humoral immune response mediated by antimicrobial peptide (GO:0061844),1/64,0.8026802719201244,0.618284175350096,0.13589812678667668,HMGN2,1.0
GO_Biological_Process_2021,regulation of extrinsic apoptotic signaling pathway (GO:2001236),1/64,0.8026802719201244,0.618284175350096,0.13589812678667668,PARK7,1.0
GO_Biological_Process_2021,regulation of cellular ketone metabolic process (GO:0010565),1/64,0.8026802719201244,0.618284175350096,0.13589812678667668,PSMB2,1.0
GO_Biological_Process_2021,pre-replicative complex assembly (GO:0036388),1/64,0.8026802719201244,0.618284175350096,0.13589812678667668,PSMB2,1.0
GO_Biological_Process_2021,regulation of cilium assembly (GO:1902017),1/64,0.8026802719201244,0.618284175350096,0.13589812678667668,CROCC,1.0
GO_Biological_Process_2021,regulation of cell migration (GO:0030334),8/408,0.8034623577317761,0.7764227488531962,0.16990066358917327,CLIC4;EPHB2;FGR;MACF1;PDPN;PIK3CD;PTPRU;RCC2,1.0
GO_Biological_Process_2021,cellular response to lipopolysaccharide (GO:0071222),2/120,0.8055075750218641,0.6596555585325443,0.14267206698730214,TNFRSF1B;ZC3H12A,1.0
GO_Biological_Process_2021,"transcription, DNA-templated (GO:0006351)",4/221,0.8062486849686676,0.7166270113434611,0.154334973085036,ELOA;RRAGC;SLC25A33;TAF12,1.0
GO_Biological_Process_2021,positive regulation of cell motility (GO:2000147),4/221,0.8062486849686676,0.7166270113434611,0.154334973085036,EPHB2;FGR;PDPN;PIK3CD,1.0
GO_Biological_Process_2021,BMP signaling pathway (GO:0030509),1/65,0.8076291013763812,0.6085921724856278,0.13002715319812605,BMP8A,1.0
GO_Biological_Process_2021,regulation of cellular catabolic process (GO:0031329),1/65,0.8076291013763812,0.6085921724856278,0.13002715319812605,RRAGC,1.0
GO_Biological_Process_2021,inorganic anion transmembrane transport (GO:0098661),1/65,0.8076291013763812,0.6085921724856278,0.13002715319812605,GABRD,1.0
GO_Biological_Process_2021,negative regulation of G2/M transition of mitotic cell cycle (GO:0010972),1/66,0.8124540549410568,0.5991983850939124,0.12445105634447923,PSMB2,1.0
GO_Biological_Process_2021,cell-cell junction assembly (GO:0007043),1/66,0.8124540549410568,0.5991983850939124,0.12445105634447923,GJA4,1.0
GO_Biological_Process_2021,embryonic organ development (GO:0048568),1/66,0.8124540549410568,0.5991983850939124,0.12445105634447923,MFSD2A,1.0
GO_Biological_Process_2021,cellular response to organic substance (GO:0071310),2/123,0.8163908814096035,0.6432008902009181,0.13048103016472762,LDLRAP1;PARK7,1.0
GO_Biological_Process_2021,transcription elongation from RNA polymerase II promoter (GO:0006368),1/67,0.8171582273364354,0.5900892579261884,0.11915231834284926,ELOA,1.0
GO_Biological_Process_2021,anion transmembrane transport (GO:0098656),1/67,0.8171582273364354,0.5900892579261884,0.11915231834284926,SLC6A9,1.0
GO_Biological_Process_2021,defense response to bacterium (GO:0042742),3/176,0.8197034746612852,0.6743466447631489,0.134068623496223,FGR;ISG15;TNFRSF14,1.0
GO_Biological_Process_2021,regulation of tumor necrosis factor production (GO:0032680),2/124,0.8198958866066479,0.6378958331978254,0.1266720241211766,EPHB2;ZC3H12A,1.0
GO_Biological_Process_2021,fatty acid metabolic process (GO:0006631),2/124,0.8198958866066479,0.6378958331978254,0.1266720241211766,ACOT7;MECR,1.0
GO_Biological_Process_2021,cellular response to oxygen-containing compound (GO:1901701),6/323,0.8212071208733013,0.7349902152650801,0.14477831569470495,GNB1;MTOR;RRAGC;SESN2;TNFRSF1B;ZC3H12A,1.0
GO_Biological_Process_2021,interferon-gamma-mediated signaling pathway (GO:0060333),1/68,0.8217446361224576,0.5812520450022771,0.11411465290741081,TRIM62,1.0
GO_Biological_Process_2021,canonical Wnt signaling pathway (GO:0060070),1/68,0.8217446361224576,0.5812520450022771,0.11411465290741081,DVL1,1.0
GO_Biological_Process_2021,negative regulation of transforming growth factor beta receptor signaling pathway (GO:0030512),1/68,0.8217446361224576,0.5812520450022771,0.11411465290741081,SKI,1.0
GO_Biological_Process_2021,glycerophospholipid biosynthetic process (GO:0046474),3/177,0.8226448776706189,0.6704363984301288,0.1308897464462672,MFSD2A;PIK3CD;PLA2G5,1.0
GO_Biological_Process_2021,negative regulation of immune response (GO:0050777),3/178,0.8255453073754586,0.6665708406266286,0.1277890506551569,FGR;GNB1;MUL1,1.0
GO_Biological_Process_2021,positive regulation of protein polymerization (GO:0032273),1/69,0.8262162236168772,0.5726747501055396,0.10932290413626464,PINK1,1.0
GO_Biological_Process_2021,"DNA-templated transcription, elongation (GO:0006354)",1/69,0.8262162236168772,0.5726747501055396,0.10932290413626464,ELOA,1.0
GO_Biological_Process_2021,synapse assembly (GO:0007416),1/69,0.8262162236168772,0.5726747501055396,0.10932290413626464,DVL1,1.0
GO_Biological_Process_2021,phosphatidylinositol biosynthetic process (GO:0006661),2/126,0.8267265894641365,0.6275424154982414,0.11940955139797768,PIGV;PIK3CD,1.0
GO_Biological_Process_2021,carbohydrate homeostasis (GO:0033500),1/70,0.8305758587677257,0.5643460724521857,0.10476295485305863,PARK7,1.0
GO_Biological_Process_2021,sterol metabolic process (GO:0016125),1/70,0.8305758587677257,0.5643460724521857,0.10476295485305863,LDLRAP1,1.0
GO_Biological_Process_2021,neutrophil chemotaxis (GO:0030593),1/70,0.8305758587677257,0.5643460724521857,0.10476295485305863,PIK3CD,1.0
GO_Biological_Process_2021,snRNA transcription by RNA polymerase II (GO:0042795),1/70,0.8305758587677257,0.5643460724521857,0.10476295485305863,INTS11,1.0
GO_Biological_Process_2021,positive regulation of cell-substrate adhesion (GO:0010811),1/70,0.8305758587677257,0.5643460724521857,0.10476295485305863,CDC42,1.0
GO_Biological_Process_2021,fatty acid catabolic process (GO:0009062),1/70,0.8305758587677257,0.5643460724521857,0.10476295485305863,MECR,1.0
GO_Biological_Process_2021,wound healing (GO:0042060),1/70,0.8305758587677257,0.5643460724521857,0.10476295485305863,MACF1,1.0
GO_Biological_Process_2021,cellular protein localization (GO:0034613),6/329,0.8341640633389175,0.7211115286271779,0.1307556758089193,CROCC;LAPTM5;MFN2;PTPRU;RRAGC;STX12,1.0
GO_Biological_Process_2021,snRNA transcription (GO:0009301),1/71,0.8348263389792729,0.5562553570174993,0.10042164348467413,INTS11,1.0
GO_Biological_Process_2021,nucleic acid metabolic process (GO:0090304),1/71,0.8348263389792729,0.5562553570174993,0.10042164348467413,HNRNPR,1.0
GO_Biological_Process_2021,regulation of TOR signaling (GO:0032006),1/71,0.8348263389792729,0.5562553570174993,0.10042164348467413,RRAGC,1.0
GO_Biological_Process_2021,regulation of G1/S transition of mitotic cell cycle (GO:2000045),1/71,0.8348263389792729,0.5562553570174993,0.10042164348467413,LSM10,1.0
GO_Biological_Process_2021,cellular response to BMP stimulus (GO:0071773),1/71,0.8348263389792729,0.5562553570174993,0.10042164348467413,BMP8A,1.0
GO_Biological_Process_2021,positive regulation of macromolecule biosynthetic process (GO:0010557),2/129,0.8365363907368979,0.6126237112539589,0.10934429989244017,MTOR;SLC6A9,1.0
GO_Biological_Process_2021,DNA-dependent DNA replication (GO:0006261),2/129,0.8365363907368979,0.6126237112539589,0.10934429989244017,PSMB2;RPA2,1.0
GO_Biological_Process_2021,cellular response to insulin stimulus (GO:0032869),2/129,0.8365363907368979,0.6126237112539589,0.10934429989244017,ATP6V0B;SLC25A33,1.0
GO_Biological_Process_2021,negative regulation of supramolecular fiber organization (GO:1902904),1/72,0.8389703918926333,0.5483925490598461,0.09628668857717615,STMN1,1.0
GO_Biological_Process_2021,positive regulation of protein secretion (GO:0050714),1/72,0.8389703918926333,0.5483925490598461,0.09628668857717615,ATP13A2,1.0
GO_Biological_Process_2021,response to ionizing radiation (GO:0010212),1/72,0.8389703918926333,0.5483925490598461,0.09628668857717615,EYA3,1.0
GO_Biological_Process_2021,cytoskeleton-dependent cytokinesis (GO:0061640),1/72,0.8389703918926333,0.5483925490598461,0.09628668857717615,STMN1,1.0
GO_Biological_Process_2021,positive regulation of secretion by cell (GO:1903532),1/72,0.8389703918926333,0.5483925490598461,0.09628668857717615,ATP13A2,1.0
GO_Biological_Process_2021,negative regulation of epithelial cell proliferation (GO:0050680),1/72,0.8389703918926333,0.5483925490598461,0.09628668857717615,ATP5IF1,1.0
GO_Biological_Process_2021,G2/M transition of mitotic cell cycle (GO:0000086),2/130,0.839693172954599,0.6078062130084093,0.10619512607600251,KHDRBS1;PLK3,1.0
GO_Biological_Process_2021,positive regulation of canonical Wnt signaling pathway (GO:0090263),2/130,0.839693172954599,0.6078062130084093,0.10619512607600251,PSMB2;RNF220,1.0
GO_Biological_Process_2021,cell cycle G2/M phase transition (GO:0044839),2/131,0.8427946948881635,0.6030634046581397,0.10314307491321255,KHDRBS1;PLK3,1.0
GO_Biological_Process_2021,granulocyte chemotaxis (GO:0071621),1/73,0.843010677122144,0.54074815243435,0.0923466201573332,PIK3CD,1.0
GO_Biological_Process_2021,negative regulation of cell adhesion (GO:0007162),1/73,0.843010677122144,0.54074815243435,0.0923466201573332,EPHB2,1.0
GO_Biological_Process_2021,regulation of actin filament-based process (GO:0032970),1/73,0.843010677122144,0.54074815243435,0.0923466201573332,MTOR,1.0
GO_Biological_Process_2021,neurotransmitter transport (GO:0006836),1/73,0.843010677122144,0.54074815243435,0.0923466201573332,DVL1,1.0
GO_Biological_Process_2021,endoplasmic reticulum organization (GO:0007029),1/73,0.843010677122144,0.54074815243435,0.0923466201573332,UBE2J2,1.0
GO_Biological_Process_2021,defense response to Gram-negative bacterium (GO:0050829),1/73,0.843010677122144,0.54074815243435,0.0923466201573332,TNFRSF14,1.0
GO_Biological_Process_2021,regulation of Rho protein signal transduction (GO:0035023),1/73,0.843010677122144,0.54074815243435,0.0923466201573332,STMN1,1.0
GO_Biological_Process_2021,insulin receptor signaling pathway (GO:0008286),1/73,0.843010677122144,0.54074815243435,0.0923466201573332,ATP6V0B,1.0
GO_Biological_Process_2021,endoplasmic reticulum to Golgi vesicle-mediated transport (GO:0006888),3/185,0.8447334884441617,0.6407013384032056,0.10810816348923874,CAPZB;PEF1;TRAPPC3,1.0
GO_Biological_Process_2021,mitotic nuclear division (GO:0140014),1/74,0.8469497879486069,0.5333131913328402,0.08859071723859156,WRAP73,1.0
GO_Biological_Process_2021,sphingolipid biosynthetic process (GO:0030148),1/74,0.8469497879486069,0.5333131913328402,0.08859071723859156,ELOVL1,1.0
GO_Biological_Process_2021,regulation of peptide hormone secretion (GO:0090276),1/74,0.8469497879486069,0.5333131913328402,0.08859071723859156,SLC2A1,1.0
GO_Biological_Process_2021,NIK/NF-kappaB signaling (GO:0038061),1/74,0.8469497879486069,0.5333131913328402,0.08859071723859156,PSMB2,1.0
GO_Biological_Process_2021,regulation of cell motility (GO:2000145),2/133,0.8488350857465583,0.5937950158209713,0.09731727702765176,MACF1;RCC2,1.0
GO_Biological_Process_2021,positive regulation of lymphocyte proliferation (GO:0050671),1/75,0.8507902529704727,0.5260791751259657,0.0850089508503224,EPHB2,1.0
GO_Biological_Process_2021,regulation of transcription from RNA polymerase II promoter in response to hypoxia (GO:0061418),1/75,0.8507902529704727,0.5260791751259657,0.0850089508503224,PSMB2,1.0
GO_Biological_Process_2021,regulation of T cell proliferation (GO:0042129),1/76,0.854534537713999,0.5190380660179412,0.08159193203908363,TNFRSF1B,1.0
GO_Biological_Process_2021,phospholipid metabolic process (GO:0006644),1/76,0.854534537713999,0.5190380660179412,0.08159193203908363,PLA2G5,1.0
GO_Biological_Process_2021,actomyosin structure organization (GO:0031032),1/76,0.854534537713999,0.5190380660179412,0.08159193203908363,EPB41,1.0
GO_Biological_Process_2021,negative regulation of inflammatory response to antigenic stimulus (GO:0002862),2/136,0.85750064457661,0.5804111856717767,0.08922855493477504,FGR;GNB1,1.0
GO_Biological_Process_2021,organic substance transport (GO:0071702),2/136,0.85750064457661,0.5804111856717767,0.08922855493477504,MFSD2A;PPT1,1.0
GO_Biological_Process_2021,positive regulation of type I interferon production (GO:0032481),1/77,0.8581850462034089,0.5121822492548647,0.07833086435188555,ISG15,1.0
GO_Biological_Process_2021,cholesterol metabolic process (GO:0008203),1/77,0.8581850462034089,0.5121822492548647,0.07833086435188555,LDLRAP1,1.0
GO_Biological_Process_2021,inorganic cation import across plasma membrane (GO:0098659),1/77,0.8581850462034089,0.5121822492548647,0.07833086435188555,SLC9A1,1.0
GO_Biological_Process_2021,import into nucleus (GO:0051170),1/77,0.8581850462034089,0.5121822492548647,0.07833086435188555,IPO13,1.0
GO_Biological_Process_2021,positive regulation of endothelial cell proliferation (GO:0001938),1/77,0.8581850462034089,0.5121822492548647,0.07833086435188555,PIK3CD,1.0
GO_Biological_Process_2021,positive regulation of tumor necrosis factor production (GO:0032760),1/77,0.8581850462034089,0.5121822492548647,0.07833086435188555,EPHB2,1.0
GO_Biological_Process_2021,neutrophil migration (GO:1990266),1/77,0.8581850462034089,0.5121822492548647,0.07833086435188555,PIK3CD,1.0
GO_Biological_Process_2021,regulation of inflammatory response to antigenic stimulus (GO:0002861),2/137,0.8602868823159793,0.5760820949321608,0.08669422650717339,FGR;GNB1,1.0
GO_Biological_Process_2021,negative regulation of NF-kappaB transcription factor activity (GO:0032088),1/79,0.8652140521554212,0.4989979862489484,0.0722441018709364,ZC3H12A,1.0
GO_Biological_Process_2021,transcription initiation from RNA polymerase II promoter (GO:0006367),2/140,0.8683492804311246,0.5634712653863229,0.0795403072885464,HDAC1;TAF12,1.0
GO_Biological_Process_2021,regulation of fat cell differentiation (GO:0045598),1/80,0.8685970637473237,0.4926561888536975,0.06940340337150123,ZC3H12A,1.0
GO_Biological_Process_2021,positive regulation of cell adhesion (GO:0045785),1/80,0.8685970637473237,0.4926561888536975,0.06940340337150123,TNFRSF18,1.0
GO_Biological_Process_2021,glycerophospholipid metabolic process (GO:0006650),1/80,0.8685970637473237,0.4926561888536975,0.06940340337150123,PIGV,1.0
GO_Biological_Process_2021,protein localization to membrane (GO:0072657),3/195,0.8689603848435874,0.6070170907164569,0.08526024980655887,AGRN;DVL1;EPHA2,1.0
GO_Biological_Process_2021,positive regulation of tumor necrosis factor superfamily cytokine production (GO:1903557),1/81,0.8718953302195294,0.48647293639332795,0.0666885785742909,EPHB2,1.0
GO_Biological_Process_2021,regulation of interleukin-8 production (GO:0032677),1/81,0.8718953302195294,0.48647293639332795,0.0666885785742909,PARK7,1.0
GO_Biological_Process_2021,positive regulation of cellular amide metabolic process (GO:0034250),1/81,0.8718953302195294,0.48647293639332795,0.0666885785742909,MTOR,1.0
GO_Biological_Process_2021,positive regulation of cytoskeleton organization (GO:0051495),1/82,0.8751109703063928,0.48044235683321435,0.06409320960654814,CDC42,1.0
GO_Biological_Process_2021,"regulation of gene expression, epigenetic (GO:0040029)",1/82,0.8751109703063928,0.48044235683321435,0.06409320960654814,RBBP4,1.0
GO_Biological_Process_2021,cell-cell junction organization (GO:0045216),1/82,0.8751109703063928,0.48044235683321435,0.06409320960654814,GJA4,1.0
GO_Biological_Process_2021,protein-DNA complex assembly (GO:0065004),2/143,0.8759826859515141,0.5513970668849887,0.07300990838883563,PSMB2;RPA2,1.0
GO_Biological_Process_2021,nitrogen compound transport (GO:0071705),2/143,0.8759826859515141,0.5513970668849887,0.07300990838883563,PDPN;PPT1,1.0
GO_Biological_Process_2021,peptide metabolic process (GO:0006518),1/83,0.8782460498749642,0.474558864579445,0.06161125870174053,MMACHC,1.0
GO_Biological_Process_2021,long-chain fatty acid metabolic process (GO:0001676),1/83,0.8782460498749642,0.474558864579445,0.06161125870174053,ELOVL1,1.0
GO_Biological_Process_2021,regulation of Notch signaling pathway (GO:0008593),1/83,0.8782460498749642,0.474558864579445,0.06161125870174053,YTHDF2,1.0
GO_Biological_Process_2021,positive regulation of signal transduction (GO:0009967),4/252,0.8783824973639175,0.6260405704297232,0.08118064278685368,C1QTNF12;MACF1;PRKCZ;SKI,1.0
GO_Biological_Process_2021,negative regulation of cell migration (GO:0030336),2/144,0.8784352033674786,0.5474857068070916,0.07096133736874266,CLIC4;PTPRU,1.0
GO_Biological_Process_2021,lymphocyte differentiation (GO:0030098),1/84,0.8813025832415615,0.4688171432233568,0.05923704213332673,PIK3CD,1.0
GO_Biological_Process_2021,anaphase-promoting complex-dependent catabolic process (GO:0031145),1/84,0.8813025832415615,0.4688171432233568,0.05923704213332673,PSMB2,1.0
GO_Biological_Process_2021,response to insulin (GO:0032868),1/84,0.8813025832415615,0.4688171432233568,0.05923704213332673,SLC25A33,1.0
GO_Biological_Process_2021,"retrograde vesicle-mediated transport, Golgi to endoplasmic reticulum (GO:0006890)",1/85,0.8842825344556215,0.46321212951860413,0.05696520619458959,RER1,1.0
GO_Biological_Process_2021,glucose homeostasis (GO:0042593),1/86,0.887187818551639,0.45773899848925736,0.0547907050432783,PARK7,1.0
GO_Biological_Process_2021,response to interleukin-1 (GO:0070555),1/86,0.887187818551639,0.45773899848925736,0.0547907050432783,ZC3H12A,1.0
GO_Biological_Process_2021,negative regulation of cellular amide metabolic process (GO:0034249),1/86,0.887187818551639,0.45773899848925736,0.0547907050432783,YBX1,1.0
GO_Biological_Process_2021,regulation of transcription from RNA polymerase II promoter in response to stress (GO:0043618),1/87,0.890020302769987,0.4523931495768721,0.05270878024768183,PSMB2,1.0
GO_Biological_Process_2021,regulation of G2/M transition of mitotic cell cycle (GO:0010389),2/149,0.8900398508106999,0.5287271431681979,0.061590917893533874,PSMB2;RCC2,1.0
GO_Biological_Process_2021,cellular response to organic cyclic compound (GO:0071407),2/150,0.8922340003220892,0.5251275269023562,0.0598786370087018,GNB1;ZC3H12A,1.0
GO_Biological_Process_2021,"retrograde transport, endosome to Golgi (GO:0042147)",1/88,0.8927818077473891,0.4471701937429325,0.05071494188669853,VAMP3,1.0
GO_Biological_Process_2021,positive regulation of neuron projection development (GO:0010976),1/88,0.8927818077473891,0.4471701937429325,0.05071494188669853,P3H1,1.0
GO_Biological_Process_2021,metal ion transport (GO:0030001),1/88,0.8927818077473891,0.4471701937429325,0.05071494188669853,NIPAL3,1.0
GO_Biological_Process_2021,post-Golgi vesicle-mediated transport (GO:0006892),1/89,0.895474108677798,0.4420659414506734,0.04880495107069118,PUM1,1.0
GO_Biological_Process_2021,second-messenger-mediated signaling (GO:0019932),1/89,0.895474108677798,0.4420659414506734,0.04880495107069118,RCAN3,1.0
GO_Biological_Process_2021,mitotic cell cycle phase transition (GO:0044772),3/209,0.897261985150627,0.5653532736747892,0.061288473615460366,KHDRBS1;PLK3;RCC1,1.0
GO_Biological_Process_2021,positive regulation of transport (GO:0051050),1/91,0.9006579787235605,0.4321977203523057,0.04522071579044994,PLA2G5,1.0
GO_Biological_Process_2021,regulation of actin cytoskeleton organization (GO:0032956),1/91,0.9006579787235605,0.4321977203523057,0.04522071579044994,MTOR,1.0
GO_Biological_Process_2021,protein transport (GO:0015031),6/369,0.9023383057655943,0.6403118286415947,0.06580213645412376,ATP6V0B;LAPTM5;MACF1;PPT1;STX12;SVBP,1.0
GO_Biological_Process_2021,cellular response to interleukin-1 (GO:0071347),2/155,0.9026074338894274,0.5078352526840967,0.05203663695914162,PSMB2;ZC3H12A,1.0
GO_Biological_Process_2021,positive regulation of NF-kappaB transcription factor activity (GO:0051092),2/155,0.9026074338894274,0.5078352526840967,0.05203663695914162,PRKCZ;TRIM62,1.0
GO_Biological_Process_2021,negative regulation of mitotic cell cycle phase transition (GO:1901991),1/92,0.9031528810611072,0.42742627278825984,0.04353910895158987,PSMB2,1.0
GO_Biological_Process_2021,Wnt signaling pathway (GO:0016055),1/92,0.9031528810611072,0.42742627278825984,0.04353910895158987,DVL1,1.0
GO_Biological_Process_2021,protein deubiquitination (GO:0016579),4/267,0.9040436034271434,0.5898748810915388,0.059505212959474814,OTUD3;PSMB2;USP48;ZC3H12A,1.0
GO_Biological_Process_2021,regulation of cell differentiation (GO:0045595),2/156,0.9045671594891698,0.5045115428343533,0.05060186525113393,HES5;RPS6KA1,1.0
GO_Biological_Process_2021,regulation of epithelial cell proliferation (GO:0050678),1/93,0.9055852479221403,0.42275855234517146,0.04192659812013321,TIE1,1.0
GO_Biological_Process_2021,hemopoiesis (GO:0030097),1/94,0.9079566437145213,0.4181912129868806,0.04037997927480913,YTHDF2,1.0
GO_Biological_Process_2021,interleukin-1-mediated signaling pathway (GO:0070498),1/94,0.9079566437145213,0.4181912129868806,0.04037997927480913,PSMB2,1.0
GO_Biological_Process_2021,response to lipopolysaccharide (GO:0032496),2/159,0.9102276531133894,0.494794454802301,0.046540634845502075,TNFRSF1B;ZC3H12A,1.0
GO_Biological_Process_2021,regulation of cell cycle phase transition (GO:1901987),1/95,0.9102685937869991,0.413721051061745,0.03889621837379907,PSMB2,1.0
GO_Biological_Process_2021,ciliary basal body-plasma membrane docking (GO:0097711),1/95,0.9102685937869991,0.413721051061745,0.03889621837379907,NPHP4,1.0
GO_Biological_Process_2021,cellular transition metal ion homeostasis (GO:0046916),1/96,0.9125225854024976,0.4093449978087174,0.03747244100879751,ATP13A2,1.0
GO_Biological_Process_2021,regulation of vesicle-mediated transport (GO:0060627),1/96,0.9125225854024976,0.4093449978087174,0.03747244100879751,FGR,1.0
GO_Biological_Process_2021,positive regulation of MAPK cascade (GO:0043410),4/274,0.9142915003063061,0.5743727485752209,0.05146714700887817,EPHA8;LAPTM5;PLA2G5;PRKCZ,1.0
GO_Biological_Process_2021,positive regulation of cellular process (GO:0048522),11/625,0.9150676956954004,0.6919192790632203,0.06141284003020227,CDC42;HDAC1;HES5;MFSD2A;PDPN;PLA2G5;RPS6KA1;SLC25A33;TNFRSF18;TNFRSF1B;ZC3H12A,1.0
GO_Biological_Process_2021,antigen processing and presentation of exogenous peptide antigen via MHC class II (GO:0019886),1/98,0.9168624575560356,0.40086357500903524,0.034794080313570085,CAPZB,1.0
GO_Biological_Process_2021,protein modification by small protein removal (GO:0070646),4/276,0.9170348735597291,0.5700901216300617,0.04937537852922016,OTUD3;PSMB2;USP48;ZC3H12A,1.0
GO_Biological_Process_2021,positive regulation of stress-activated MAPK cascade (GO:0032874),1/99,0.9189511306151241,0.39675268130510755,0.03353446293736691,ZC3H12A,1.0
GO_Biological_Process_2021,organic anion transport (GO:0015711),1/99,0.9189511306151241,0.39675268130510755,0.03353446293736691,CPTP,1.0
GO_Biological_Process_2021,heart development (GO:0007507),2/164,0.9189687461647386,0.47939906841406993,0.04051073892929309,C1ORF127;ECE1,1.0
GO_Biological_Process_2021,regulation of neuron projection development (GO:0010975),2/165,0.9206182176574943,0.47643333140431254,0.03940573361521686,MFSD2A;P3H1,1.0
GO_Biological_Process_2021,antigen processing and presentation of peptide antigen via MHC class II (GO:0002495),1/100,0.9209874320418081,0.3927248359588351,0.0323247448564341,CAPZB,1.0
GO_Biological_Process_2021,regulation of transforming growth factor beta receptor signaling pathway (GO:0017015),1/100,0.9209874320418081,0.3927248359588351,0.0323247448564341,SKI,1.0
GO_Biological_Process_2021,epithelial cell differentiation (GO:0030855),1/101,0.9229726724427677,0.38877754751948795,0.031162717897122303,HDAC1,1.0
GO_Biological_Process_2021,"DNA-templated transcription, initiation (GO:0006352)",2/168,0.9253791564775715,0.4677505110022518,0.03627485972784681,HDAC1;TAF12,1.0
GO_Biological_Process_2021,antigen processing and presentation of exogenous peptide antigen (GO:0002478),1/103,0.9267950497407861,0.3811151640784025,0.028973452443443556,CAPZB,1.0
GO_Biological_Process_2021,cell-cell adhesion via plasma-membrane adhesion molecules (GO:0098742),2/170,0.9284022466220381,0.46213424225012517,0.03433203821245531,IGSF21;PTPRF,1.0
GO_Biological_Process_2021,regulation of JNK cascade (GO:0046328),1/105,0.9304281072306961,0.3737474876927434,0.02695110640038396,PINK1,1.0
GO_Biological_Process_2021,positive regulation of ERK1 and ERK2 cascade (GO:0070374),2/172,0.931309506921866,0.4566501209980486,0.032496871701470115,PLA2G5;PRKCZ,1.0
GO_Biological_Process_2021,cellular response to peptide hormone stimulus (GO:0071375),1/106,0.9321765840532471,0.370168902019709,0.02599807781673693,SLC25A33,1.0
GO_Biological_Process_2021,DNA replication (GO:0006260),1/108,0.9355430647944547,0.3632123990291374,0.024200152167584497,RPA2,1.0
GO_Biological_Process_2021,response to tumor necrosis factor (GO:0034612),1/110,0.9387427646023038,0.3565111805519813,0.022536420552223466,ZC3H12A,1.0
GO_Biological_Process_2021,regulation of interleukin-6 production (GO:0032675),1/110,0.9387427646023038,0.3565111805519813,0.022536420552223466,ZC3H12A,1.0
GO_Biological_Process_2021,cellular divalent inorganic cation homeostasis (GO:0072503),1/111,0.9402826649390985,0.3532519515653644,0.021751397615950598,ATP13A2,1.0
GO_Biological_Process_2021,Fc-epsilon receptor signaling pathway (GO:0038095),1/111,0.9402826649390985,0.3532519515653644,0.021751397615950598,PSMB2,1.0
GO_Biological_Process_2021,regulation of immune response (GO:0050776),2/179,0.9406300299349846,0.43843168429623486,0.026834379428516717,FGR;ZMPSTE24,1.0
GO_Biological_Process_2021,Fc receptor signaling pathway (GO:0038093),1/112,0.9417839303385883,0.35005144742535327,0.020995877196220876,PSMB2,1.0
GO_Biological_Process_2021,regulated exocytosis (GO:0045055),2/180,0.9418593023778931,0.43594602278796174,0.026112894775742607,RIMS3;SDF4,1.0
GO_Biological_Process_2021,anterograde trans-synaptic signaling (GO:0098916),3/244,0.9455077352130397,0.48237139740922663,0.02702881772947173,CORT;GABRD;RPS6KA1,1.0
GO_Biological_Process_2021,stimulatory C-type lectin receptor signaling pathway (GO:0002223),1/115,0.9460654709057128,0.3407868301779526,0.018894416043275266,PSMB2,1.0
GO_Biological_Process_2021,cellular response to lectin (GO:1990858),1/115,0.9460654709057128,0.3407868301779526,0.018894416043275266,PSMB2,1.0
GO_Biological_Process_2021,positive regulation of protein metabolic process (GO:0051247),1/115,0.9460654709057128,0.3407868301779526,0.018894416043275266,SLC6A9,1.0
GO_Biological_Process_2021,ion transport (GO:0006811),1/116,0.9474216320597054,0.33780604028096284,0.018245260848445438,SLC9A1,1.0
GO_Biological_Process_2021,innate immune response activating cell surface receptor signaling pathway (GO:0002220),1/119,0.9512893022134978,0.3291668017659586,0.016437620444444554,PSMB2,1.0
GO_Biological_Process_2021,cellular response to interferon-gamma (GO:0071346),1/121,0.9537086656171427,0.3236472882702614,0.015339922213934242,TRIM62,1.0
GO_Biological_Process_2021,positive regulation of epithelial cell proliferation (GO:0050679),1/123,0.9560080924349674,0.31830874243016083,0.014320360524952835,PIK3CD,1.0
GO_Biological_Process_2021,cilium assembly (GO:0060271),4/314,0.9561887206787859,0.4992195531504904,0.022365025420192083,CCDC28B;CFAP74;NPHP4;UBXN10,1.0
GO_Biological_Process_2021,positive regulation of protein phosphorylation (GO:0001934),5/371,0.9569176889425721,0.5280675504623986,0.023254986346250173,BMP8A;MAD2L2;PARK7;PINK1;TNFRSF14,1.0
GO_Biological_Process_2021,regulation of phosphorylation (GO:0042325),1/125,0.958193517033077,0.3131424077461926,0.01337290946093475,SESN2,1.0
GO_Biological_Process_2021,cellular response to cytokine stimulus (GO:0071345),7/482,0.9590774812720393,0.5686986115882635,0.02376216926974352,CSF3R;IFNLR1;LDLRAP1;PIK3CD;TNFRSF1B;TXLNA;ZC3H12A,1.0
GO_Biological_Process_2021,endomembrane system organization (GO:0010256),2/199,0.961086829317455,0.39351313115180653,0.015618741197942676,CDC42;PLEKHM2,1.0
GO_Biological_Process_2021,protein localization to plasma membrane (GO:0072659),1/136,0.9684141244460144,0.28746381090957995,0.009226285740184722,EPHA2,1.0
GO_Biological_Process_2021,cellular calcium ion homeostasis (GO:0006874),1/136,0.9684141244460144,0.28746381090957995,0.009226285740184722,ATP13A2,1.0
GO_Biological_Process_2021,intracellular protein transport (GO:0006886),4/336,0.9702084145335371,0.4656043437511756,0.014081910148465918,IPO13;LAPTM5;RPL11;STX12,1.0
GO_Biological_Process_2021,positive regulation of response to external stimulus (GO:0032103),1/139,0.9707398648027951,0.2811710322381571,0.008349866135364543,PUM1,1.0
GO_Biological_Process_2021,protein localization to cell periphery (GO:1990778),1/140,0.9714764877119437,0.2791338017330202,0.008077633271569826,EPHA2,1.0
GO_Biological_Process_2021,positive regulation of protein modification process (GO:0031401),2/214,0.9717967108404799,0.3653860654446232,0.01045319899977812,CAMTA1;PINK1,1.0
GO_Biological_Process_2021,cellular response to lipid (GO:0071396),2/219,0.9746881447644635,0.3568744956376876,0.009149445065133955,TNFRSF1B;ZC3H12A,1.0
GO_Biological_Process_2021,cilium organization (GO:0044782),2/228,0.9791874618822922,0.34250274768049,0.007203576616229493,CCDC28B;UBXN10,1.0
GO_Biological_Process_2021,inflammatory response (GO:0006954),2/230,0.9800766682655042,0.3394631089799911,0.006831517682986654,HSPG2;PIK3CD,1.0
GO_Biological_Process_2021,MAPK cascade (GO:0000165),3/303,0.982492471400693,0.3863178998728793,0.0068233777519732435,ARTN;ICMT;PSMB2,1.0
GO_Biological_Process_2021,organelle assembly (GO:0070925),5/425,0.9825125447447075,0.4588744498447682,0.00809553973687374,CCDC28B;RCC1;STX12;UBXN10;YTHDF2,1.0
GO_Biological_Process_2021,cellular protein-containing complex assembly (GO:0034622),1/168,0.9860388765658685,0.23199692345847545,0.0032617599544861138,VAMP3,1.0
GO_Biological_Process_2021,neuron differentiation (GO:0030182),1/174,0.9880222979478274,0.22388128421797787,0.0026977723216639986,PPT1,1.0
GO_Biological_Process_2021,regulation of mitotic cell cycle phase transition (GO:1901990),1/188,0.9916243574123637,0.2069700858719143,0.0017408078774125211,PSMB2,1.0
GO_Biological_Process_2021,positive regulation of cell population proliferation (GO:0008284),5/474,0.992640763341016,0.40987701375235,0.0030275358360152393,DISP3;HDAC1;HES5;KDM1A;SLC25A33,1.0
GO_Biological_Process_2021,plasma membrane bounded cell projection assembly (GO:0120031),2/278,0.9931278816916497,0.2797276006049693,0.0019289567927233788,CCDC28B;UBXN10,1.0
GO_Biological_Process_2021,regulation of signal transduction (GO:0009966),1/198,0.9935139256421966,0.19636226384918407,0.001277768589575884,DHRS3,1.0
GO_Biological_Process_2021,negative regulation of multicellular organismal process (GO:0051241),1/214,0.9956926933253647,0.1814615110360343,0.0007832985448529639,MAD2L2,1.0
