Gene_set,Term,Overlap,P-value,Odds Ratio,Combined Score,Genes,Adjusted P-value
Reactome_2022,PTEN Regulation R-HSA-6807070,12/139,0.000196903003058356,3.7510648534295155,32.00708363338531,AGO1;AGO3;AGO4;HDAC1;KDM1A;MTOR;OTUD3;PHC2;PSMB2;RBBP4;RRAGC;SCMH1,0.1691396796271278
Reactome_2022,Classical Antibody-Mediated Complement Activation R-HSA-173623,3/6,0.00029364330990119754,39.22937548834255,319.0581896444837,C1QA;C1QB;C1QC,0.25223960320512867
Reactome_2022,Post-transcriptional Silencing By Small RNAs R-HSA-426496,3/7,0.0005043324007611435,29.420522561961317,223.3686974034404,AGO1;AGO3;AGO4,0.43322153225382226
Reactome_2022,Regulation Of PTEN Gene Transcription R-HSA-8943724,7/61,0.0007951845480283511,5.1131394075916425,36.4921504207058,HDAC1;KDM1A;MTOR;PHC2;RBBP4;RRAGC;SCMH1,0.6830635267563536
Reactome_2022,Small Interfering RNA (siRNA) Biogenesis R-HSA-426486,3/9,0.0011659403745782181,19.61166963558009,132.46167502163868,AGO1;AGO3;AGO4,1.0
Reactome_2022,Defective B3GALT6 Causes EDSP2 And SEMDJL1 R-HSA-4420332,4/20,0.0013600316279838687,9.820564323174107,64.81815339059919,AGRN;B3GALT6;HSPG2;SDC3,1.0
Reactome_2022,Competing Endogenous RNAs (ceRNAs) Regulate PTEN Translation R-HSA-8948700,3/10,0.0016348123547037037,16.809140228042594,107.8512635631592,AGO1;AGO3;AGO4,1.0
Reactome_2022,NR1H3 And NR1H2 Regulate Gene Expression Linked To Cholesterol Transport And Efflux R-HSA-9029569,5/36,0.0019027251874545535,6.343760057571481,39.74028258615105,AGO1;AGO3;AGO4;KDM1A;KDM4A,1.0
Reactome_2022,Regulation Of PTEN mRNA Translation R-HSA-8943723,3/11,0.002206330708167066,14.707243172389475,89.9557418250283,AGO1;AGO3;AGO4,1.0
Reactome_2022,Metabolism Of Vitamins And Cofactors R-HSA-196854,12/186,0.002575286018037261,2.7312040155420325,16.28287755911537,AGRN;HSPG2;LDLRAP1;MMACHC;MTHFR;NADK;NMNAT1;PANK4;PPCS;SDC3;SLC2A1;UBIAD1,1.0
Reactome_2022,Diseases Associated With Glycosaminoglycan Metabolism R-HSA-3560782,5/40,0.003060402072045404,5.61760450700366,32.521486433069214,AGRN;B3GALT6;HSPG2;SDC3;ST3GAL3,1.0
Reactome_2022,"Defective EXT1 Causes Exostoses 1, TRPS2 And CHDS R-HSA-3656253",3/13,0.0036845465975274493,11.764587294475106,65.92413313804617,AGRN;HSPG2;SDC3,1.0
Reactome_2022,GAG Synthesis Requires Tetrasaccharide Linker Sequence R-HSA-1971475,4/26,0.0037280674374858378,7.140029185226686,39.926081390932126,AGRN;B3GALT6;HSPG2;SDC3,1.0
Reactome_2022,TP53 Regulates Metabolic Genes R-HSA-5628897,7/81,0.004137944794699019,3.727372329141617,20.454164541115166,AGO1;AGO3;AGO4;MTOR;PRDX1;RRAGC;SESN2,1.0
Reactome_2022,Creation Of C4 And C2 Activators R-HSA-166786,3/14,0.004603104658348365,10.694530611597154,57.547528856603925,C1QA;C1QB;C1QC,1.0
Reactome_2022,TNFs Bind Their Physiological Receptors R-HSA-5669034,4/29,0.005583706546305348,6.28225794108351,32.59174147400963,TNFRSF14;TNFRSF18;TNFRSF1B;TNFRSF25,1.0
Reactome_2022,NR1H2 And NR1H3-mediated Signaling R-HSA-9024446,5/46,0.005642116898755873,4.794037845993815,24.82111151852099,AGO1;AGO3;AGO4;KDM1A;KDM4A,1.0
Reactome_2022,mRNA Splicing - Major Pathway R-HSA-72163,11/181,0.005968935655535624,2.557800983540699,13.098976249310027,DNAJC8;HNRNPR;PPIE;PPIH;SF3A3;SNRNP40;SRRM1;SRSF10;SRSF4;SYF2;YBX1,1.0
Reactome_2022,Regulation Of MECP2 Expression And Activity R-HSA-9022692,4/31,0.0071127874355616455,5.81630812945018,28.76665193469082,AGO1;AGO3;AGO4;HDAC1,1.0
Reactome_2022,PIP3 Activates AKT Signaling R-HSA-1257604,14/268,0.0078103403137254135,2.182722486276246,10.59123903602777,AGO1;AGO3;AGO4;CASP9;CLSTN1;HDAC1;KDM1A;MTOR;OTUD3;PHC2;PSMB2;RBBP4;RRAGC;SCMH1,1.0
Reactome_2022,Regulation Of RUNX1 Expression And Activity R-HSA-8934593,3/17,0.008134227858674296,8.401552005430114,40.42553319859564,AGO1;AGO3;AGO4,1.0
Reactome_2022,mRNA Splicing R-HSA-72172,11/189,0.008163442377509425,2.441832629805587,11.740549434929546,DNAJC8;HNRNPR;PPIE;PPIH;SF3A3;SNRNP40;SRRM1;SRSF10;SRSF4;SYF2;YBX1,1.0
Reactome_2022,Metabolism Of Water-Soluble Vitamins And Cofactors R-HSA-196849,8/122,0.011631786040329972,2.7650833855335355,12.315719425746055,LDLRAP1;MMACHC;MTHFR;NADK;NMNAT1;PANK4;PPCS;SLC2A1,1.0
Reactome_2022,Amino Acids Regulate mTORC1 R-HSA-9639288,5/55,0.011932381384421289,3.9292928519334773,17.400871232421647,ATP6V0B;MTOR;RRAGC;SESN2;SZT2,1.0
Reactome_2022,Defective B3GAT3 Causes JDSSDHD R-HSA-3560801,3/20,0.012902284446845946,6.917859966145556,30.095118290986342,AGRN;HSPG2;SDC3,1.0
Reactome_2022,"Defective B4GALT7 Causes EDS, Progeroid Type R-HSA-3560783",3/20,0.012902284446845946,6.917859966145556,30.095118290986342,AGRN;HSPG2;SDC3,1.0
Reactome_2022,HS-GAG Degradation R-HSA-2024096,3/21,0.014778141234215728,6.533199067071783,27.534860860126408,AGRN;HSPG2;SDC3,1.0
Reactome_2022,Initial Triggering Of Complement R-HSA-166663,3/21,0.014778141234215728,6.533199067071783,27.534860860126408,C1QA;C1QB;C1QC,1.0
Reactome_2022,Coenzyme A Biosynthesis R-HSA-196783,2/8,0.01580506091960724,13.04819251576588,54.11640087381568,PANK4;PPCS,1.0
Reactome_2022,Transcriptional Regulation By TP53 R-HSA-3700989,16/354,0.01701649185332067,1.874125836382309,7.634387086602129,AGO1;AGO3;AGO4;ARTN;ELOA;HDAC1;MEAF6;MTOR;NOC2L;PLK3;PRDX1;RBBP4;RRAGC;SESN2;TAF12;TP73,1.0
Reactome_2022,Regulation Of TP53 Activity R-HSA-5633007,9/157,0.017394673578947785,2.3967633145647373,9.710705239522648,ARTN;HDAC1;MEAF6;MTOR;NOC2L;PLK3;RBBP4;TAF12;TP73,1.0
Reactome_2022,MicroRNA (miRNA) Biogenesis R-HSA-203927,3/24,0.021284499474966644,5.599022597892619,21.55498391468585,AGO1;AGO3;AGO4,1.0
Reactome_2022,Other Interleukin Signaling R-HSA-449836,3/24,0.021284499474966644,5.599022597892619,21.55498391468585,CSF3R;IFNLR1;TXLNA,1.0
Reactome_2022,Intracellular Signaling By Second Messengers R-HSA-9006925,14/306,0.02241754396179862,1.894920757982633,7.1967411755415815,AGO1;AGO3;AGO4;CASP9;CLSTN1;HDAC1;KDM1A;MTOR;OTUD3;PHC2;PSMB2;RBBP4;RRAGC;SCMH1,1.0
Reactome_2022,Ketone Body Metabolism R-HSA-74182,2/10,0.02457588039834349,9.785140370780313,36.26363029444785,HMGCL;OXCT2,1.0
Reactome_2022,Collagen Biosynthesis And Modifying Enzymes R-HSA-1650814,5/67,0.026026206888403885,3.166829523837266,11.554656631672536,COL16A1;COL8A2;COL9A2;P3H1;PLOD1,1.0
Reactome_2022,Oxidative Stress Induced Senescence R-HSA-2559580,6/93,0.029145969955646275,2.710177246548136,9.581665325342746,AGO1;AGO3;AGO4;PHC2;RBBP4;SCMH1,1.0
Reactome_2022,Metabolism Of Fat-Soluble Vitamins R-HSA-6806667,4/47,0.0295434697895559,3.6490997032486465,12.851737052001779,AGRN;HSPG2;SDC3;UBIAD1,1.0
Reactome_2022,Glycosaminoglycan Metabolism R-HSA-1630316,7/120,0.03116906379662287,2.4360336268337615,8.448966611414328,AGRN;B3GALT6;B4GALT2;HSPG2;SDC3;SLC9A1;ST3GAL3,1.0
Reactome_2022,Signaling By NOTCH R-HSA-157118,10/203,0.03199289536021329,2.041556478373649,7.0275302728130296,AGO1;AGO3;AGO4;HDAC1;HES5;HEYL;MIB2;PSMB2;ST3GAL3;YBX1,1.0
Reactome_2022,Transcriptional Regulation By RUNX1 R-HSA-8878171,10/204,0.03292480024901062,2.030927794656008,6.932631123441531,AGO1;AGO3;AGO4;ARID1A;HDAC1;PHC2;PSMB2;SCMH1;TNFRSF18;TP73,1.0
Reactome_2022,Signaling By NOTCH3 R-HSA-9012852,4/49,0.033767698904292445,3.4865590712835313,11.813335820376256,HES5;HEYL;MIB2;YBX1,1.0
Reactome_2022,EPH-ephrin Mediated Repulsion Of Cells R-HSA-3928665,4/49,0.033767698904292445,3.4865590712835313,11.813335820376256,EPHA10;EPHA2;EPHA8;EPHB2,1.0
Reactome_2022,Activation Of TFAP2 (AP-2) Family Of Transcription Factors R-HSA-8866907,2/12,0.034878772667639245,7.8273090837889745,26.26748549173229,CITED4;TFAP2E,1.0
Reactome_2022,Regulation Of TP53 Activity Thru Acetylation R-HSA-6804758,3/29,0.03507388679237234,4.521126671916659,15.147123416326759,HDAC1;MEAF6;RBBP4,1.0
Reactome_2022,Chondroitin Sulfate/Dermatan Sulfate Metabolism R-HSA-1793185,4/50,0.036004802476131505,3.410588993299837,11.33714892468594,AGRN;B3GALT6;HSPG2;SDC3,1.0
Reactome_2022,HS-GAG Biosynthesis R-HSA-2022928,3/30,0.03826902958337435,4.353453972320398,14.205818072446748,AGRN;HSPG2;SDC3,1.0
Reactome_2022,Cellular Response To Starvation R-HSA-9711097,8/153,0.03870368549210904,2.1704513166925374,7.057917979795122,ATP6V0B;MTOR;RPL11;RPL22;RPS8;RRAGC;SESN2;SZT2,1.0
Reactome_2022,Apoptosis Induced DNA Fragmentation R-HSA-140342,2/13,0.0405504501349323,7.115370433973942,22.806245068033682,DFFA;DFFB,1.0
Reactome_2022,Processing Of Capped Intron-Containing Pre-mRNA R-HSA-72203,11/242,0.041601502892543,1.8764241519087475,5.966313857589674,DNAJC8;HNRNPR;PPIE;PPIH;SF3A3;SNRNP40;SRRM1;SRSF10;SRSF4;SYF2;YBX1,1.0
Reactome_2022,Heparan Sulfate/Heparin (HS-GAG) Metabolism R-HSA-1638091,4/53,0.04321822818156182,3.201283676405983,10.056810017402467,AGRN;B3GALT6;HSPG2;SDC3,1.0
Reactome_2022,GPVI-mediated Activation Cascade R-HSA-114604,3/32,0.045086773640395914,4.052799476492622,12.560299731994753,CDC42;PDPN;PRKCZ,1.0
Reactome_2022,Oncogene Induced Senescence R-HSA-2559585,3/33,0.048705940830527365,3.9175049533701216,11.838520813853847,AGO1;AGO3;AGO4,1.0
Reactome_2022,Diseases Associated With Glycosylation Precursor Biosynthesis R-HSA-5609975,2/15,0.05283299250953198,6.020080203489276,17.702764788108396,DHDDS;GALE,1.0
Reactome_2022,Cellular Senescence R-HSA-2559583,8/165,0.05579645202431247,2.003314133587034,5.781654729473124,AGO1;AGO3;AGO4;ARTN;PHC2;RBBP4;RPS6KA1;SCMH1,1.0
Reactome_2022,RUNX1 Interacts With Co-Factors Whose Precise Effect On RUNX1 Targets Is Not Known R-HSA-8939243,3/35,0.0563549093369663,3.6722836302105915,10.561803243365352,ARID1A;PHC2;SCMH1,1.0
Reactome_2022,Constitutive Signaling By NOTCH1 HD+PEST Domain Mutants R-HSA-2894862,4/58,0.056911094616514224,2.9041218067418693,8.323982610200254,HDAC1;HES5;HEYL;MIB2,1.0
Reactome_2022,FOXO-mediated Transcription Of Cell Death Genes R-HSA-9614657,2/16,0.05940572114726701,5.589787612941729,15.782009259641375,NFYC;PINK1,1.0
Reactome_2022,SUMOylation Of DNA Methylation Proteins R-HSA-4655427,2/16,0.05940572114726701,5.589787612941729,15.782009259641375,PHC2;SCMH1,1.0
Reactome_2022,Gap Junction Assembly R-HSA-190861,2/16,0.05940572114726701,5.589787612941729,15.782009259641375,GJA4;GJB3,1.0
Reactome_2022,Transcription Of E2F Targets Under Negative Control By P107 (RBL1) And P130 (RBL2) In Complex With HDAC1 R-HSA-1362300,2/16,0.05940572114726701,5.589787612941729,15.782009259641375,HDAC1;RBBP4,1.0
Reactome_2022,Transcriptional Regulation By MECP2 R-HSA-8986944,4/60,0.06296656621426189,2.80011515235943,7.742742301424645,AGO1;AGO3;AGO4;HDAC1,1.0
Reactome_2022,Early SARS-CoV-2 Infection Events R-HSA-9772572,3/37,0.06453625232792237,3.4559118744815938,9.471023815597977,AGRN;HSPG2;SDC3,1.0
Reactome_2022,NCAM1 Interactions R-HSA-419037,3/37,0.06453625232792237,3.4559118744815938,9.471023815597977,AGRN;ARTN;COL9A2,1.0
Reactome_2022,Ca2+ Pathway R-HSA-4086398,4/61,0.06611632837108351,2.7508488423888005,7.472239471851592,AGO1;AGO3;AGO4;GNB1,1.0
Reactome_2022,Vitamin B5 (Pantothenate) Metabolism R-HSA-199220,2/17,0.06624192025241268,5.216867367800521,14.16088274391536,PANK4;PPCS,1.0
Reactome_2022,Diseases Of Glycosylation R-HSA-3781865,7/143,0.06802980565597515,2.0216560869906295,5.433826135866025,AGRN;B3GALT6;DHDDS;GALE;HSPG2;SDC3;ST3GAL3,1.0
Reactome_2022,Transcriptional Regulation By VENTX R-HSA-8853884,3/39,0.07322990395531463,3.263581424944707,8.53149600800995,AGO1;AGO3;AGO4,1.0
Reactome_2022,Metabolism Of RNA R-HSA-8953854,23/666,0.07481073118792497,1.4140705456847862,3.666393540470584,DNAJC8;EBNA1BP2;EXOSC10;HNRNPR;LSM10;NOL9;PNRC2;PPIE;PPIH;PSMB2;RPL11;RPL22;RPS8;SF3A3;SNRNP40;SRRM1;SRSF10;SRSF4;SYF2;TRIT1;UTP11;YBX1;ZBTB8OS,1.0
Reactome_2022,MAPK6/MAPK4 Signaling R-HSA-5687128,5/90,0.07506786619655116,2.3071894970621254,5.974150407031382,AGO1;AGO3;AGO4;CDC42;PSMB2,1.0
Reactome_2022,Collagen Formation R-HSA-1474290,5/90,0.07506786619655116,2.3071894970621254,5.974150407031382,COL16A1;COL8A2;COL9A2;P3H1;PLOD1,1.0
Reactome_2022,RET Signaling R-HSA-8853659,3/40,0.07776206622141679,3.1752133805628935,8.109817408638285,ARTN;CLSTN1;RAP1GAP,1.0
Reactome_2022,EPH-Ephrin Signaling R-HSA-2682334,5/91,0.07788847425152369,2.280244258609113,5.820271692011548,CDC42;EPHA10;EPHA2;EPHA8;EPHB2,1.0
Reactome_2022,Transcription Of E2F Targets Under Negative Control By DREAM Complex R-HSA-1362277,2/19,0.08063653494982481,4.602645787567944,11.588557419843832,HDAC1;RBBP4,1.0
Reactome_2022,Aflatoxin Activation And Detoxification R-HSA-5423646,2/19,0.08063653494982481,4.602645787567944,11.588557419843832,AKR7A2;AKR7A3,1.0
Reactome_2022,Non-integrin membrane-ECM Interactions R-HSA-3000171,3/41,0.08241397394133815,3.0914962858853867,7.716375563588127,AGRN;HSPG2;SDC3,1.0
Reactome_2022,RUNX1 Regulates Genes Involved In Megakaryocyte Differentiation And Platelet Function R-HSA-8936459,4/66,0.08305778776489876,2.5283558296182163,6.291102193098969,AGO1;AGO3;AGO4;HDAC1,1.0
Reactome_2022,Integrin Cell Surface Interactions R-HSA-216083,4/66,0.08305778776489876,2.5283558296182163,6.291102193098969,AGRN;COL16A1;COL9A2;HSPG2,1.0
Reactome_2022,Antigen Processing: Ubiquitination And Proteasome Degradation R-HSA-983168,12/307,0.08561585681324278,1.600861318404134,3.9347326531386475,FBXO2;FBXO44;FBXO6;HECTD3;KLHL21;MIB2;PSMB2;RNF19B;RNF220;SPSB1;UBE2J2;UBR4,1.0
Reactome_2022,RND3 GTPase Cycle R-HSA-9696264,3/42,0.08718266327993014,3.012072375550316,7.34870292592667,EPHA2;PLEKHG5;UBXN11,1.0
Reactome_2022,RND1 GTPase Cycle R-HSA-9696273,3/42,0.08718266327993014,3.012072375550316,7.34870292592667,EPHA2;PLEKHG5;UBXN11,1.0
Reactome_2022,G Beta:Gamma Signaling Thru CDC42 R-HSA-8964616,2/20,0.08816256278348908,4.346720129137704,10.556326554392845,CDC42;GNB1,1.0
Reactome_2022,SUMOylation Of Transcription Cofactors R-HSA-3899300,3/43,0.09206509821225105,2.9366196607319988,7.004599541015904,PARK7;PHC2;SCMH1,1.0
Reactome_2022,RND2 GTPase Cycle R-HSA-9696270,3/43,0.09206509821225105,2.9366196607319988,7.004599541015904,EPHA2;NUDC;UBXN11,1.0
Reactome_2022,Retinoid Metabolism And Transport R-HSA-975634,3/43,0.09206509821225105,2.9366196607319988,7.004599541015904,AGRN;HSPG2;SDC3,1.0
Reactome_2022,Presynaptic Function Of Kainate Receptors R-HSA-500657,2/21,0.09588723873604421,4.11773401370012,9.65436659095969,GNB1;GRIK3,1.0
Reactome_2022,"Cobalamin (Cbl, Vitamin B12) Transport And Metabolism R-HSA-196741",2/21,0.09588723873604421,4.11773401370012,9.65436659095969,LDLRAP1;MMACHC,1.0
Reactome_2022,Collagen Chain Trimerization R-HSA-8948216,3/44,0.09705817955991358,2.8648475661487214,6.682098496196398,COL16A1;COL8A2;COL9A2,1.0
Reactome_2022,Visual Phototransduction R-HSA-2187338,5/98,0.09918857412958881,2.107852679259194,4.870683588882871,AGRN;DHRS3;GNB1;HSPG2;SDC3,1.0
Reactome_2022,Regulation Of Complement Cascade R-HSA-977606,3/45,0.1021587535340178,2.7964931903551244,6.3794365218672535,C1QA;C1QB;C1QC,1.0
Reactome_2022,Metabolism Of Carbohydrates R-HSA-71387,11/285,0.10335890967951518,1.5784186092959938,3.5822964629023675,AGRN;AKR1A1;B3GALT6;B4GALT2;ENO1;GALE;HSPG2;SDC3;SLC2A1;SLC9A1;ST3GAL3,1.0
Reactome_2022,PINK1-PRKN Mediated Mitophagy R-HSA-5205685,2/22,0.10379597455081534,3.911646509806295,8.861162716122283,MFN2;PINK1,1.0
Reactome_2022,Stimuli-sensing Channels R-HSA-2672351,5/100,0.10576122174714048,2.0632641805401173,4.635270197284755,BEST4;CLCN6;CLCNKA;CLCNKB;SCNN1D,1.0
Reactome_2022,TNFR2 Non-Canonical NF-kB Pathway R-HSA-5668541,5/100,0.10576122174714048,2.0632641805401173,4.635270197284755,PSMB2;TNFRSF14;TNFRSF18;TNFRSF1B;TNFRSF25,1.0
Reactome_2022,RHOC GTPase Cycle R-HSA-9013106,4/73,0.10995100893911768,2.2710378235444106,5.013816499686148,ARHGEF10L;DHDDS;MACO1;VAMP3,1.0
Reactome_2022,Miscellaneous Transport And Binding Events R-HSA-5223345,2/23,0.11187478462470203,3.7251863872356914,8.159555235500564,NIPAL3;SLC66A1,1.0
Reactome_2022,RHOG GTPase Cycle R-HSA-9013408,4/74,0.11407668939856458,2.2384792186942555,4.859479487402799,ARHGEF16;CDC42;EPHA2;VAMP3,1.0
Reactome_2022,Signaling By NOTCH1 R-HSA-1980143,4/74,0.11407668939856458,2.2384792186942555,4.859479487402799,HDAC1;HES5;HEYL;MIB2,1.0
Reactome_2022,NOTCH1 Intracellular Domain Regulates Transcription R-HSA-2122947,3/48,0.11807324050660134,2.609657896519291,5.575404043092076,HDAC1;HES5;HEYL,1.0
Reactome_2022,Intestinal Absorption R-HSA-8963676,1/5,0.11891560438325303,9.767534879408117,20.798414874254938,SLC2A5,1.0
Reactome_2022,Chylomicron Clearance R-HSA-8964026,1/5,0.11891560438325303,9.767534879408117,20.798414874254938,LDLRAP1,1.0
Reactome_2022,Estrogen-stimulated Signaling Thru PRKCZ R-HSA-9634635,1/5,0.11891560438325303,9.767534879408117,20.798414874254938,PRKCZ,1.0
Reactome_2022,Diseases Of Base Excision Repair R-HSA-9605308,1/5,0.11891560438325303,9.767534879408117,20.798414874254938,MUTYH,1.0
Reactome_2022,N-glycan Trimming And Elongation In cis-Golgi R-HSA-964739,1/5,0.11891560438325303,9.767534879408117,20.798414874254938,MAN1C1,1.0
Reactome_2022,Formation Of Xylulose-5-Phosphate R-HSA-5661270,1/5,0.11891560438325303,9.767534879408117,20.798414874254938,AKR1A1,1.0
Reactome_2022,mTORC1-mediated Signaling R-HSA-166208,2/24,0.12011026509285985,3.5556771848987787,7.535706956182998,MTOR;RRAGC,1.0
Reactome_2022,Factors Involved In Megakaryocyte Development And Platelet Production R-HSA-983231,6/136,0.1261824904171994,1.8097165634906334,3.74616048965022,CAPZB;CDC42;HDAC1;KDM1A;KIF1B;MFN2,1.0
Reactome_2022,Gap Junction Trafficking R-HSA-190828,2/25,0.12848957357915344,3.400907913199858,6.978348513082248,GJA4;GJB3,1.0
Reactome_2022,NOTCH3 Intracellular Domain Regulates Transcription R-HSA-9013508,2/25,0.12848957357915344,3.400907913199858,6.978348513082248,HES5;HEYL,1.0
Reactome_2022,NOTCH3 Activation And Transmission Of Signal To Nucleus R-HSA-9013507,2/25,0.12848957357915344,3.400907913199858,6.978348513082248,MIB2;YBX1,1.0
Reactome_2022,Pre-NOTCH Expression And Processing R-HSA-1912422,4/78,0.13123907167669305,2.11704442222611,4.299155451932802,AGO1;AGO3;AGO4;ST3GAL3,1.0
Reactome_2022,G Alpha (12/13) Signaling Events R-HSA-416482,4/78,0.13123907167669305,2.11704442222611,4.299155451932802,ARHGEF10L;ARHGEF16;GNB1;PLEKHG5,1.0
Reactome_2022,Transcriptional Activity Of SMAD2/SMAD3:SMAD4 Heterotrimer R-HSA-2173793,3/51,0.13483799061385887,2.4461770144129376,4.9013591175947475,HDAC1;SKI;YBX1,1.0
Reactome_2022,N-glycan Antennae Elongation In medial/trans-Golgi R-HSA-975576,2/26,0.137000409592271,3.2590360808091816,6.4782185938302375,B4GALT2;FUCA1,1.0
Reactome_2022,Synthesis Of IP3 And IP4 In Cytosol R-HSA-1855204,2/26,0.137000409592271,3.2590360808091816,6.4782185938302375,INPP5B;PLCH2,1.0
Reactome_2022,Constitutive Signaling By AKT1 E17K In Cancer R-HSA-5674400,2/26,0.137000409592271,3.2590360808091816,6.4782185938302375,CASP9;MTOR,1.0
Reactome_2022,HDMs Demethylate Histones R-HSA-3214842,2/26,0.137000409592271,3.2590360808091816,6.4782185938302375,KDM1A;KDM4A,1.0
Reactome_2022,RHOD GTPase Cycle R-HSA-9013405,3/52,0.14059970453702708,2.3961318464211967,4.700823470291283,CAPZB;EFHD2;VAMP3,1.0
Reactome_2022,Cellular Responses To Stress R-HSA-2262752,23/722,0.1407436942692627,1.2969201019861512,2.5430201484123787,AGO1;AGO3;AGO4;ARTN;ATP6V0B;CAPZB;EXTL1;MTOR;MUL1;NFYC;PHC2;PRDX1;PSMB2;RBBP4;RPL11;RPL22;RPS6KA1;RPS8;RRAGC;SCMH1;SESN2;SZT2;ZBTB17,1.0
Reactome_2022,p75NTR Negatively Regulates Cell Cycle Via SC1 R-HSA-193670,1/6,0.14094822242818292,7.81362710193132,15.309729283218111,HDAC1,1.0
Reactome_2022,LDL Remodeling R-HSA-8964041,1/6,0.14094822242818292,7.81362710193132,15.309729283218111,TRNP1,1.0
Reactome_2022,Cobalamin (Cbl) Metabolism R-HSA-9759218,1/6,0.14094822242818292,7.81362710193132,15.309729283218111,MMACHC,1.0
Reactome_2022,Activation Of Caspases Thru Apoptosome-Mediated Cleavage R-HSA-111459,1/6,0.14094822242818292,7.81362710193132,15.309729283218111,CASP9,1.0
Reactome_2022,Beta Oxidation Of decanoyl-CoA To octanoyl-CoA-CoA R-HSA-77346,1/6,0.14094822242818292,7.81362710193132,15.309729283218111,MECR,1.0
Reactome_2022,Sensory Perception Of Salty Taste R-HSA-9730628,1/6,0.14094822242818292,7.81362710193132,15.309729283218111,SCNN1D,1.0
Reactome_2022,Sensing Of DNA Double Strand Breaks R-HSA-5693548,1/6,0.14094822242818292,7.81362710193132,15.309729283218111,ARTN,1.0
Reactome_2022,Synthesis Of Dolichyl-phosphate R-HSA-446199,1/6,0.14094822242818292,7.81362710193132,15.309729283218111,DHDDS,1.0
Reactome_2022,Nervous System Development R-HSA-9675108,18/545,0.14128879030794458,1.3444691752999733,2.631058045097395,AGRN;ARTN;CAP1;CDC42;CLSTN1;COL9A2;EPHA10;EPHA2;EPHA8;EPHB2;LYPLA2;POU3F1;PSMB2;RAP1GAP;RPL11;RPL22;RPS6KA1;RPS8,1.0
Reactome_2022,Chromatin Modifying Enzymes R-HSA-3247509,9/238,0.14373154020554424,1.542516356047613,2.992185603859864,ARID1A;DMAP1;HDAC1;KDM1A;KDM4A;MEAF6;PADI2;RBBP4;TAF12,1.0
Reactome_2022,G0 And Early G1 R-HSA-1538133,2/27,0.14563099554797024,3.128513995009759,6.027643105030706,HDAC1;RBBP4,1.0
Reactome_2022,Gap Junction Trafficking And Regulation R-HSA-157858,2/27,0.14563099554797024,3.128513995009759,6.027643105030706,GJA4;GJB3,1.0
Reactome_2022,RNA Polymerase II Transcription R-HSA-73857,39/1312,0.14878877140290805,1.2112965000949056,2.3077955485139423,AGO1;AGO3;AGO4;ARID1A;ARTN;CITED4;DMAP1;ELOA;HDAC1;HIVEP3;INTS11;LSM10;MEAF6;MED8;MTOR;NFYC;NOC2L;PHC2;PINK1;PLK3;PRDX1;PSMB2;RBBP4;RRAGC;SCMH1;SESN2;SKI;SRRM1;SRSF4;SSU72;TAF12;TFAP2E;TNFRSF18;TP73;YBX1;ZFP69;ZNF436;ZNF684;ZNF691,1.0
Reactome_2022,Mitochondrial Translation Elongation R-HSA-5389840,4/82,0.14939114302016854,2.008064476677774,3.8177066639893305,AURKAIP1;DLGAP3;MRPL20;MRPS15,1.0
Reactome_2022,Mitochondrial Translation Termination R-HSA-5419276,4/82,0.14939114302016854,2.008064476677774,3.8177066639893305,AURKAIP1;DLGAP3;MRPL20;MRPS15,1.0
Reactome_2022,Mitochondrial Translation Initiation R-HSA-5368286,4/82,0.14939114302016854,2.008064476677774,3.8177066639893305,AURKAIP1;DLGAP3;MRPL20;MRPS15,1.0
Reactome_2022,Ion Channel Transport R-HSA-983712,7/175,0.14984540928969925,1.6338742070546137,3.101340157790818,ATP13A2;ATP6V0B;BEST4;CLCN6;CLCNKA;CLCNKB;SCNN1D,1.0
Reactome_2022,Keratan Sulfate Biosynthesis R-HSA-2022854,2/28,0.15437005839850224,3.008032069656446,5.620214887147733,B4GALT2;ST3GAL3,1.0
Reactome_2022,Interconversion Of Nucleotide Di- And Triphosphates R-HSA-499943,2/28,0.15437005839850224,3.008032069656446,5.620214887147733,AK2;CTPS1,1.0
Reactome_2022,Mitophagy R-HSA-5205647,2/28,0.15437005839850224,3.008032069656446,5.620214887147733,MFN2;PINK1,1.0
Reactome_2022,Class I MHC Mediated Antigen Processing And Presentation R-HSA-983169,13/378,0.15461991800472294,1.3994261484745554,2.6124281839476398,FBXO2;FBXO44;FBXO6;HECTD3;KLHL21;MIB2;PSMB2;RNF19B;RNF220;SPSB1;UBE2J2;UBR4;VAMP3,1.0
Reactome_2022,Axon Guidance R-HSA-422475,17/519,0.15708853150002042,1.3320052852083735,2.4654695051946636,AGRN;ARTN;CAP1;CDC42;CLSTN1;COL9A2;EPHA10;EPHA2;EPHA8;EPHB2;LYPLA2;PSMB2;RAP1GAP;RPL11;RPL22;RPS6KA1;RPS8,1.0
Reactome_2022,Macroautophagy R-HSA-1632852,5/114,0.15732080668090037,1.796960394612421,3.3234211133020275,MFN2;MTOR;PARK7;PINK1;RRAGC,1.0
Reactome_2022,Complement Cascade R-HSA-166658,3/55,0.15835857250039415,2.2575452273671446,4.160415134368651,C1QA;C1QB;C1QC,1.0
Reactome_2022,ECM Proteoglycans R-HSA-3000178,3/55,0.15835857250039415,2.2575452273671446,4.160415134368651,AGRN;COL9A2;HSPG2,1.0
Reactome_2022,Cellular Responses To Stimuli R-HSA-8953897,23/736,0.1613362375058927,1.2705078525828475,2.3177425757524666,AGO1;AGO3;AGO4;ARTN;ATP6V0B;CAPZB;EXTL1;MTOR;MUL1;NFYC;PHC2;PRDX1;PSMB2;RBBP4;RPL11;RPL22;RPS6KA1;RPS8;RRAGC;SCMH1;SESN2;SZT2;ZBTB17,1.0
Reactome_2022,Major Pathway Of rRNA Processing In Nucleolus And Cytosol R-HSA-6791226,7/179,0.16240020112394923,1.5955469282237285,2.900212269272813,EBNA1BP2;EXOSC10;NOL9;RPL11;RPL22;RPS8;UTP11,1.0
Reactome_2022,CREB Phosphorylation R-HSA-199920,1/7,0.16243096168925666,6.511021916946788,11.833796779600588,RPS6KA1,1.0
Reactome_2022,MECP2 Regulates Transcription Of Neuronal Ligands R-HSA-9022702,1/7,0.16243096168925666,6.511021916946788,11.833796779600588,HDAC1,1.0
Reactome_2022,Inactivation Of CDC42 And RAC1 R-HSA-428543,1/7,0.16243096168925666,6.511021916946788,11.833796779600588,CDC42,1.0
Reactome_2022,SMAC (DIABLO) Binds To IAPs R-HSA-111463,1/7,0.16243096168925666,6.511021916946788,11.833796779600588,CASP9,1.0
Reactome_2022,Retinoid Cycle In Cones (Daylight Vision) R-HSA-2187335,1/7,0.16243096168925666,6.511021916946788,11.833796779600588,DHRS3,1.0
Reactome_2022,Aryl Hydrocarbon Receptor Signaling R-HSA-8937144,1/7,0.16243096168925666,6.511021916946788,11.833796779600588,AURKAIP1,1.0
Reactome_2022,Vitamin C (Ascorbate) Metabolism R-HSA-196836,1/7,0.16243096168925666,6.511021916946788,11.833796779600588,SLC2A1,1.0
Reactome_2022,GLI Proteins Bind Promoters Of Hh Responsive Genes To Promote Transcription R-HSA-5635851,1/7,0.16243096168925666,6.511021916946788,11.833796779600588,PTCH2,1.0
Reactome_2022,RHOT2 GTPase Cycle R-HSA-9013419,1/7,0.16243096168925666,6.511021916946788,11.833796779600588,MFN2,1.0
Reactome_2022,RSK Activation R-HSA-444257,1/7,0.16243096168925666,6.511021916946788,11.833796779600588,RPS6KA1,1.0
Reactome_2022,Activation Of Kainate Receptors Upon Glutamate Binding R-HSA-451326,2/29,0.16320681185080793,2.896474731366341,5.250547199086895,GNB1;GRIK3,1.0
Reactome_2022,Energy Dependent Regulation Of mTOR By LKB1-AMPK R-HSA-380972,2/29,0.16320681185080793,2.896474731366341,5.250547199086895,MTOR;RRAGC,1.0
Reactome_2022,G1/S-Specific Transcription R-HSA-69205,2/29,0.16320681185080793,2.896474731366341,5.250547199086895,HDAC1;RBBP4,1.0
Reactome_2022,Cristae Formation R-HSA-8949613,2/29,0.16320681185080793,2.896474731366341,5.250547199086895,DNAJC11;MICOS10,1.0
Reactome_2022,E3 Ubiquitin Ligases Ubiquitinate Target Proteins R-HSA-8866654,3/56,0.1644250266447511,2.21483614350772,3.998444969488708,PEX10;PEX14;UBE2J2,1.0
Reactome_2022,Cap-dependent Translation Initiation R-HSA-72737,5/116,0.16540994065963815,1.7644007296663062,3.1747363374145308,EIF2B3;EIF3I;RPL11;RPL22;RPS8,1.0
Reactome_2022,Translation R-HSA-72766,10/281,0.16802687781053174,1.4480758805310217,2.5828335020828614,AURKAIP1;DDOST;DLGAP3;EIF2B3;EIF3I;MRPL20;MRPS15;RPL11;RPL22;RPS8,1.0
Reactome_2022,SUMOylation Of Chromatin Organization Proteins R-HSA-4551638,3/57,0.17055939053933875,2.1737088775690143,3.844577400364306,HDAC1;PHC2;SCMH1,1.0
Reactome_2022,NRAGE Signals Death Thru JNK R-HSA-193648,3/57,0.17055939053933875,2.1737088775690143,3.844577400364306,ARHGEF10L;ARHGEF16;PLEKHG5,1.0
Reactome_2022,NCAM Signaling For Neurite Out-Growth R-HSA-375165,3/57,0.17055939053933875,2.1737088775690143,3.844577400364306,AGRN;ARTN;COL9A2,1.0
Reactome_2022,RAC2 GTPase Cycle R-HSA-9013404,4/87,0.17333169009027927,1.886610922904026,3.306376645648234,CDC42;EPHA2;VAMP3;WASF2,1.0
Reactome_2022,Estrogen-dependent Gene Expression R-HSA-9018519,5/119,0.1778442187579468,1.717703315467273,2.9662113108672883,AGO1;AGO3;AGO4;HDAC1;KDM1A,1.0
Reactome_2022,Mitochondrial Translation R-HSA-5368287,4/88,0.17827144388080496,1.864055262917473,3.2144662295650916,AURKAIP1;DLGAP3;MRPL20;MRPS15,1.0
Reactome_2022,Downregulation Of SMAD2/3:SMAD4 Transcriptional Activity R-HSA-2173795,2/31,0.18113257645015574,2.696440883397877,4.60693948958458,HDAC1;SKI,1.0
Reactome_2022,Nicotinate Metabolism R-HSA-196807,2/31,0.18113257645015574,2.696440883397877,4.60693948958458,NADK;NMNAT1,1.0
Reactome_2022,Noncanonical Activation Of NOTCH3 R-HSA-9017802,1/8,0.18337751894206378,5.580589641957837,9.465842503352695,YBX1,1.0
Reactome_2022,Miro GTPase Cycle R-HSA-9715370,1/8,0.18337751894206378,5.580589641957837,9.465842503352695,MFN2,1.0
Reactome_2022,Defective ST3GAL3 Causes MCT12 And EIEE15 R-HSA-3656243,1/8,0.18337751894206378,5.580589641957837,9.465842503352695,ST3GAL3,1.0
Reactome_2022,Transport Of RCbl Within Body R-HSA-9758890,1/8,0.18337751894206378,5.580589641957837,9.465842503352695,LDLRAP1,1.0
Reactome_2022,Role Of ABL In ROBO-SLIT Signaling R-HSA-428890,1/8,0.18337751894206378,5.580589641957837,9.465842503352695,CAP1,1.0
Reactome_2022,Synthesis Of Ketone Bodies R-HSA-77111,1/8,0.18337751894206378,5.580589641957837,9.465842503352695,HMGCL,1.0
Reactome_2022,Linoleic Acid (LA) Metabolism R-HSA-2046105,1/8,0.18337751894206378,5.580589641957837,9.465842503352695,ELOVL1,1.0
Reactome_2022,Sodium/Proton Exchangers R-HSA-425986,1/8,0.18337751894206378,5.580589641957837,9.465842503352695,SLC9A1,1.0
Reactome_2022,Synthesis Of diphthamide-EEF2 R-HSA-5358493,1/8,0.18337751894206378,5.580589641957837,9.465842503352695,DPH2,1.0
Reactome_2022,"SMAC, XIAP-regulated Apoptotic Response R-HSA-111469",1/8,0.18337751894206378,5.580589641957837,9.465842503352695,CASP9,1.0
Reactome_2022,Recycling Of eIF2:GDP R-HSA-72731,1/8,0.18337751894206378,5.580589641957837,9.465842503352695,EIF2B3,1.0
Reactome_2022,Regulation Of TP53 Activity Thru Phosphorylation R-HSA-6804756,4/90,0.18829025808062766,1.8205175936411027,3.039846719726671,ARTN;NOC2L;PLK3;TAF12,1.0
Reactome_2022,FCGR3A-mediated Phagocytosis R-HSA-9664422,3/60,0.18933730546380464,2.058985451529468,3.4266154122484025,CDC42;FGR;WASF2,1.0
Reactome_2022,HDACs Deacetylate Histones R-HSA-3214815,3/60,0.18933730546380464,2.058985451529468,3.4266154122484025,HDAC1;KDM1A;RBBP4,1.0
Reactome_2022,Recruitment And ATM-mediated Phosphorylation Of Repair And Signal Proteins At DNA Double Strand Breaks R-HSA-5693565,3/60,0.18933730546380464,2.058985451529468,3.4266154122484025,ARTN;EYA3;KDM4A,1.0
Reactome_2022,G-protein Beta:Gamma Signaling R-HSA-397795,2/32,0.19020229663747298,2.6064256518120685,4.325798783243553,CDC42;GNB1,1.0
Reactome_2022,Signaling By NOTCH2 R-HSA-1980145,2/32,0.19020229663747298,2.6064256518120685,4.325798783243553,HES5;MIB2,1.0
Reactome_2022,ESR-mediated Signaling R-HSA-8939211,7/188,0.19227596097517705,1.5155043238144765,2.4987993588569677,AGO1;AGO3;AGO4;GNB1;HDAC1;KDM1A;PRKCZ,1.0
Reactome_2022,Signaling By TGF-beta Receptor Complex R-HSA-170834,4/91,0.1933662021647245,1.7994994084732,2.956882484541286,HDAC1;PRKCZ;SKI;YBX1,1.0
Reactome_2022,DNA Double Strand Break Response R-HSA-5693606,3/61,0.19571080427894547,2.023381629655126,3.300372573699897,ARTN;EYA3;KDM4A,1.0
Reactome_2022,Selective Autophagy R-HSA-9663891,3/61,0.19571080427894547,2.023381629655126,3.300372573699897,MFN2;PARK7;PINK1,1.0
Reactome_2022,rRNA Processing In Nucleus And Cytosol R-HSA-8868773,7/189,0.1957253704297212,1.5070993616909163,2.458143522963474,EBNA1BP2;EXOSC10;NOL9;RPL11;RPL22;RPS8;UTP11,1.0
Reactome_2022,Keratan Sulfate/Keratin Metabolism R-HSA-1638074,2/33,0.1993310937863083,2.5222178545221183,4.067802812617722,B4GALT2;ST3GAL3,1.0
Reactome_2022,Signaling By BRAF And RAF1 Fusions R-HSA-6802952,3/62,0.2021361026268744,1.9889847169968633,3.1800166771263525,AGTRAP;CLCN6;CNKSR1,1.0
Reactome_2022,Pre-NOTCH Transcription And Translation R-HSA-1912408,3/62,0.2021361026268744,1.9889847169968633,3.1800166771263525,AGO1;AGO3;AGO4,1.0
Reactome_2022,RAC3 GTPase Cycle R-HSA-9013423,4/93,0.2036433450733561,1.7588799944408484,2.7990554574857596,CDC42;EPHA2;VAMP3;WASF2,1.0
Reactome_2022,VEGFA-VEGFR2 Pathway R-HSA-4420097,4/93,0.2036433450733561,1.7588799944408484,2.7990554574857596,CDC42;MTOR;PRKCZ;WASF2,1.0
Reactome_2022,Activation Of PUMA And Translocation To Mitochondria R-HSA-139915,1/9,0.2038012504611198,4.882765435716124,7.766575639496047,TP73,1.0
Reactome_2022,Activation Of Ca-permeable Kainate Receptor R-HSA-451308,1/9,0.2038012504611198,4.882765435716124,7.766575639496047,GRIK3,1.0
Reactome_2022,tRNA Modification In Mitochondrion R-HSA-6787450,1/9,0.2038012504611198,4.882765435716124,7.766575639496047,TRIT1,1.0
Reactome_2022,Serine Biosynthesis R-HSA-977347,1/9,0.2038012504611198,4.882765435716124,7.766575639496047,SERINC2,1.0
Reactome_2022,Maturation Of Protein 3A R-HSA-9683673,1/9,0.2038012504611198,4.882765435716124,7.766575639496047,ST3GAL3,1.0
Reactome_2022,Chylomicron Assembly R-HSA-8963888,1/9,0.2038012504611198,4.882765435716124,7.766575639496047,TRNP1,1.0
Reactome_2022,ATF6 (ATF6-alpha) Activates Chaperone Genes R-HSA-381183,1/9,0.2038012504611198,4.882765435716124,7.766575639496047,NFYC,1.0
Reactome_2022,Displacement Of DNA Glycosylase By APEX1 R-HSA-110357,1/9,0.2038012504611198,4.882765435716124,7.766575639496047,MUTYH,1.0
Reactome_2022,Signaling By Nuclear Receptors R-HSA-9006931,9/260,0.20495618878903166,1.4057091111048283,2.227991357503639,AGO1;AGO3;AGO4;DHRS3;GNB1;HDAC1;KDM1A;KDM4A;PRKCZ,1.0
Reactome_2022,CD28 Co-Stimulation R-HSA-389356,2/34,0.2085103680353696,2.4432730445627904,3.8304816594051476,CDC42;MTOR,1.0
Reactome_2022,Peroxisomal Protein Import R-HSA-9033241,3/63,0.2086100735712098,1.9557343680938761,3.0651998790525496,HMGCL;PEX10;PEX14,1.0
Reactome_2022,P75 NTR Receptor-Mediated Signaling R-HSA-193704,4/95,0.21407705050171683,1.7200460491571719,2.651312142123674,ARHGEF10L;ARHGEF16;HDAC1;PLEKHG5,1.0
Reactome_2022,RHO GTPase Cycle R-HSA-9012999,14/441,0.21658900193753466,1.2867165632835087,1.9683594513479503,ARHGEF10L;ARHGEF16;CAPZB;CDC42;DHDDS;EFHD2;EPHA2;MACO1;NUDC;PLEKHG5;SRRM1;UBXN11;VAMP3;WASF2,1.0
Reactome_2022,Autophagy R-HSA-9612973,5/128,0.21708560326500353,1.5912786087333057,2.430620022033959,MFN2;MTOR;PARK7;PINK1;RRAGC,1.0
Reactome_2022,Gene And Protein Expression By JAK-STAT Signaling After Interleukin-12 Stimulation R-HSA-8950505,2/35,0.21773191098678782,2.3691127685403908,3.611690475503375,AURKAIP1;CDC42,1.0
Reactome_2022,FOXO-mediated Transcription R-HSA-9614085,3/65,0.22169171657314796,1.8924514459881905,2.850916648447193,HDAC1;NFYC;PINK1,1.0
Reactome_2022,RUNX1 And FOXP3 Control Development Of Regulatory T Lymphocytes (Tregs) R-HSA-8877330,1/10,0.22371518046809483,4.3400132753059015,6.498655813689781,TNFRSF18,1.0
Reactome_2022,RHO GTPases Activate KTN1 R-HSA-5625970,1/10,0.22371518046809483,4.3400132753059015,6.498655813689781,CDC42,1.0
Reactome_2022,Negative Regulation Of Activity Of TFAP2 (AP-2) Family Transcription Factors R-HSA-8866904,1/10,0.22371518046809483,4.3400132753059015,6.498655813689781,TFAP2E,1.0
Reactome_2022,SLBP Independent Processing Of Histone Pre-mRNAs R-HSA-111367,1/10,0.22371518046809483,4.3400132753059015,6.498655813689781,LSM10,1.0
Reactome_2022,Caspase Activation Via Dependence Receptors In Absence Of Ligand R-HSA-418889,1/10,0.22371518046809483,4.3400132753059015,6.498655813689781,CASP9,1.0
Reactome_2022,STAT3 Nuclear Events Downstream Of ALK Signaling R-HSA-9701898,1/10,0.22371518046809483,4.3400132753059015,6.498655813689781,HDAC1,1.0
Reactome_2022,Urea Cycle R-HSA-70635,1/10,0.22371518046809483,4.3400132753059015,6.498655813689781,TINAGL1,1.0
Reactome_2022,Reactions Specific To Complex N-glycan Synthesis Pathway R-HSA-975578,1/10,0.22371518046809483,4.3400132753059015,6.498655813689781,FUCA1,1.0
Reactome_2022,Mitochondrial Fatty Acid Beta-Oxidation R-HSA-77289,2/36,0.22698789157374769,2.29931486169578,3.4095588259895764,ACOT7;MECR,1.0
Reactome_2022,Transcriptional Regulation By AP-2 (TFAP2) Family Of Transcription Factors R-HSA-8864260,2/36,0.22698789157374769,2.29931486169578,3.4095588259895764,CITED4;TFAP2E,1.0
Reactome_2022,SMAD2/SMAD3:SMAD4 Heterotrimer Regulates Transcription R-HSA-2173796,2/36,0.22698789157374769,2.29931486169578,3.4095588259895764,HDAC1;YBX1,1.0
Reactome_2022,RHO GTPases Activate WASPs And WAVEs R-HSA-5663213,2/36,0.22698789157374769,2.29931486169578,3.4095588259895764,CDC42;WASF2,1.0
Reactome_2022,Formation Of A Pool Of Free 40S Subunits R-HSA-72689,4/98,0.22999378547274316,1.6648935843128012,2.446899079075652,EIF3I;RPL11;RPL22;RPS8,1.0
Reactome_2022,rRNA Processing R-HSA-72312,7/199,0.2314904871874646,1.4278650833386055,2.089275747377413,EBNA1BP2;EXOSC10;NOL9;RPL11;RPL22;RPS8;UTP11,1.0
Reactome_2022,Sensory Processing Of Sound By Inner Hair Cells Of Cochlea R-HSA-9662360,3/67,0.23493151152967076,1.8331237065141108,2.6552086509686403,CAPZB;ESPN;KCNQ4,1.0
Reactome_2022,RNA Polymerase II Transcription Termination R-HSA-73856,3/67,0.23493151152967076,1.8331237065141108,2.6552086509686403,LSM10;SRRM1;SRSF4,1.0
Reactome_2022,Fatty acyl-CoA Biosynthesis R-HSA-75105,2/37,0.23627084238779497,2.2335054066708606,3.222449101646917,ELOVL1;PPT1,1.0
Reactome_2022,RHOV GTPase Cycle R-HSA-9013424,2/37,0.23627084238779497,2.2335054066708606,3.222449101646917,CDC42;EPHA2,1.0
Reactome_2022,KEAP1-NFE2L2 Pathway R-HSA-9755511,4/100,0.2407642330131228,1.6300402905569837,2.3210748614620758,MUL1;PRDX1;PSMB2;SESN2,1.0
Reactome_2022,Costimulation By CD28 Family R-HSA-388841,3/68,0.24160333655990068,1.8048289384572418,2.5636837092306073,CDC42;MTOR;TNFRSF14,1.0
Reactome_2022,Neddylation R-HSA-8951664,8/237,0.2429905859014348,1.3683388091250765,1.9358334903793457,FBXO2;FBXO44;FBXO6;KLHL21;MUL1;PSMB2;SPSB1;WDTC1,1.0
Reactome_2022,RHO GTPases Activate IQGAPs R-HSA-5626467,1/11,0.2431320093708438,3.9058115469777244,5.523406268789198,CDC42,1.0
Reactome_2022,Mitochondrial Fatty Acid Beta-Oxidation Of Saturated Fatty Acids R-HSA-77286,1/11,0.2431320093708438,3.9058115469777244,5.523406268789198,MECR,1.0
Reactome_2022,Activation Of Phototransduction Cascade R-HSA-2485179,1/11,0.2431320093708438,3.9058115469777244,5.523406268789198,GNB1,1.0
Reactome_2022,ATF6 (ATF6-alpha) Activates Chaperones R-HSA-381033,1/11,0.2431320093708438,3.9058115469777244,5.523406268789198,NFYC,1.0
Reactome_2022,Formation Of Apoptosome R-HSA-111458,1/11,0.2431320093708438,3.9058115469777244,5.523406268789198,CASP9,1.0
Reactome_2022,SLBP Dependent Processing Of Replication-Dependent Histone Pre-mRNAs R-HSA-77588,1/11,0.2431320093708438,3.9058115469777244,5.523406268789198,LSM10,1.0
Reactome_2022,RHOB GTPase Cycle R-HSA-9013026,3/69,0.24830593640197854,1.7773915876142174,2.4760729850492993,ARHGEF10L;DHDDS;VAMP3,1.0
Reactome_2022,Signaling By VEGF R-HSA-194138,4/102,0.25164771022299726,1.5966095802197708,2.2028823843462644,CDC42;MTOR;PRKCZ;WASF2,1.0
Reactome_2022,RHOU GTPase Cycle R-HSA-9013420,2/39,0.2548895244245249,2.1125583001385775,2.8877088922594356,CDC42;EPHA2,1.0
Reactome_2022,Translesion Synthesis By Y Family DNA Polymerases Bypasses Lesions On DNA Template R-HSA-110313,2/39,0.2548895244245249,2.1125583001385775,2.8877088922594356,ISG15;MAD2L2,1.0
Reactome_2022,Disorders Of Developmental Biology R-HSA-9675151,1/12,0.262064121798408,3.5505555874364885,4.754783556282315,HDAC1,1.0
Reactome_2022,CD28 Dependent Vav1 Pathway R-HSA-389359,1/12,0.262064121798408,3.5505555874364885,4.754783556282315,CDC42,1.0
Reactome_2022,NOTCH2 Intracellular Domain Regulates Transcription R-HSA-2197563,1/12,0.262064121798408,3.5505555874364885,4.754783556282315,HES5,1.0
Reactome_2022,TP53 Regulates Transcription Of Caspase Activators And Caspases R-HSA-6803207,1/12,0.262064121798408,3.5505555874364885,4.754783556282315,TP73,1.0
Reactome_2022,HDR Thru MMEJ (alt-NHEJ) R-HSA-5685939,1/12,0.262064121798408,3.5505555874364885,4.754783556282315,ARTN,1.0
Reactome_2022,TP53 Regulates Transcription Of Death Receptors And Ligands R-HSA-6803211,1/12,0.262064121798408,3.5505555874364885,4.754783556282315,TP73,1.0
Reactome_2022,Hyaluronan Uptake And Degradation R-HSA-2160916,1/12,0.262064121798408,3.5505555874364885,4.754783556282315,SLC9A1,1.0
Reactome_2022,Erythropoietin Activates Phosphoinositide-3-kinase (PI3K) R-HSA-9027276,1/12,0.262064121798408,3.5505555874364885,4.754783556282315,CLSTN1,1.0
Reactome_2022,Vitamin D (Calciferol) Metabolism R-HSA-196791,1/12,0.262064121798408,3.5505555874364885,4.754783556282315,LDLRAP1,1.0
Reactome_2022,Collagen Degradation R-HSA-1442490,2/40,0.26421202222468826,2.0568589747618677,2.7376862551446557,COL16A1;COL9A2,1.0
Reactome_2022,MTOR Signaling R-HSA-165159,2/41,0.2735349990597321,2.0040160250455026,2.59785747246144,MTOR;RRAGC,1.0
Reactome_2022,Diseases Of Metabolism R-HSA-5668914,8/247,0.2781933047466028,1.3104057977695867,1.6765843701284235,AGRN;B3GALT6;DHDDS;GALE;HSPG2;MMACHC;SDC3;ST3GAL3,1.0
Reactome_2022,FCGR Activation R-HSA-2029481,1/13,0.2805235944370309,3.2545089544854586,4.136798006742,FGR,1.0
Reactome_2022,Alpha-Linolenic (Omega3) And Linoleic (Omega6) Acid Metabolism R-HSA-2046104,1/13,0.2805235944370309,3.2545089544854586,4.136798006742,ELOVL1,1.0
Reactome_2022,Advanced Glycosylation Endproduct Receptor Signaling R-HSA-879415,1/13,0.2805235944370309,3.2545089544854586,4.136798006742,DDOST,1.0
Reactome_2022,Glutamate And Glutamine Metabolism R-HSA-8964539,1/13,0.2805235944370309,3.2545089544854586,4.136798006742,RIMKLA,1.0
Reactome_2022,Defects In Cobalamin (B12) Metabolism R-HSA-3296469,1/13,0.2805235944370309,3.2545089544854586,4.136798006742,MMACHC,1.0
Reactome_2022,Cytochrome C-Mediated Apoptotic Response R-HSA-111461,1/13,0.2805235944370309,3.2545089544854586,4.136798006742,CASP9,1.0
Reactome_2022,"Cell Death Signaling Via NRAGE, NRIF And NADE R-HSA-204998",3/74,0.2821835241592978,1.6517980802341758,2.08985100780782,ARHGEF10L;ARHGEF16;PLEKHG5,1.0
Reactome_2022,Beta-catenin Independent WNT Signaling R-HSA-3858494,5/142,0.2826006639839907,1.4276339761725496,1.8041302639102568,AGO1;AGO3;AGO4;GNB1;PSMB2,1.0
Reactome_2022,"Gamma Carboxylation, Hypusine Formation And Arylsulfatase Activation R-HSA-163841",2/42,0.282852615848722,1.953815222814955,2.4673351278430125,DPH2;ICMT,1.0
Reactome_2022,RHOF GTPase Cycle R-HSA-9035034,2/42,0.282852615848722,1.953815222814955,2.4673351278430125,CAPZB;VAMP3,1.0
Reactome_2022,Deactivation Of Beta-Catenin Transactivating Complex R-HSA-3769402,2/42,0.282852615848722,1.953815222814955,2.4673351278430125,CTNNBIP1;HDAC1,1.0
Reactome_2022,L13a-mediated Translational Silencing Of Ceruloplasmin Expression R-HSA-156827,4/108,0.2848551950753996,1.5040322285167202,1.888725041937256,EIF3I;RPL11;RPL22;RPS8,1.0
Reactome_2022,SRP-dependent Cotranslational Protein Targeting To Membrane R-HSA-1799339,4/108,0.2848551950753996,1.5040322285167202,1.888725041937256,DDOST;RPL11;RPL22;RPS8,1.0
Reactome_2022,Sensory Processing Of Sound R-HSA-9659379,3/75,0.28901326857314197,1.6287726038811685,2.02176722270282,CAPZB;ESPN;KCNQ4,1.0
Reactome_2022,GTP Hydrolysis And Joining Of 60S Ribosomal Subunit R-HSA-72706,4/109,0.29045544563526826,1.4896313071406901,1.8416387609252258,EIF3I;RPL11;RPL22;RPS8,1.0
Reactome_2022,Voltage Gated Potassium Channels R-HSA-1296072,2/43,0.29215932402611094,1.9060632402054103,2.345326941311662,KCNAB2;KCNQ4,1.0
Reactome_2022,Generic Transcription Pathway R-HSA-212436,33/1190,0.29262853919756765,1.1202992812914916,1.3766811818148847,AGO1;AGO3;AGO4;ARID1A;ARTN;CITED4;ELOA;HDAC1;HIVEP3;MEAF6;MED8;MTOR;NFYC;NOC2L;PHC2;PINK1;PLK3;PRDX1;PSMB2;RBBP4;RRAGC;SCMH1;SESN2;SKI;TAF12;TFAP2E;TNFRSF18;TP73;YBX1;ZFP69;ZNF436;ZNF684;ZNF691,1.0
Reactome_2022,Protein Ubiquitination R-HSA-8852135,3/76,0.295855103938923,1.6063779624967363,1.956384360944117,PEX10;PEX14;UBE2J2,1.0
Reactome_2022,"Synthesis Of IP2, IP, And Ins In Cytosol R-HSA-1855183",1/14,0.2985222036721081,3.0040079573730485,3.631578157878574,INPP5B,1.0
Reactome_2022,Heme Biosynthesis R-HSA-189451,1/14,0.2985222036721081,3.0040079573730485,3.631578157878574,UROD,1.0
Reactome_2022,AKT Phosphorylates Targets In Cytosol R-HSA-198323,1/14,0.2985222036721081,3.0040079573730485,3.631578157878574,CASP9,1.0
Reactome_2022,DCC Mediated Attractive Signaling R-HSA-418885,1/14,0.2985222036721081,3.0040079573730485,3.631578157878574,CDC42,1.0
Reactome_2022,Repression Of WNT Target Genes R-HSA-4641265,1/14,0.2985222036721081,3.0040079573730485,3.631578157878574,HDAC1,1.0
Reactome_2022,Regulation Of TP53 Activity Thru Association With Co-factors R-HSA-6804759,1/14,0.2985222036721081,3.0040079573730485,3.631578157878574,TP73,1.0
Reactome_2022,TP53 Regulates Transcription Of Additional Cell Death Genes With Uncertain Roles In P53-Dependent Apoptosis R-HSA-6803205,1/14,0.2985222036721081,3.0040079573730485,3.631578157878574,TP73,1.0
Reactome_2022,Interleukin-12 Signaling R-HSA-9020591,2/44,0.30144985471497754,1.8605851615296534,2.2311236659436893,AURKAIP1;CDC42,1.0
Reactome_2022,RHOA GTPase Cycle R-HSA-8980692,5/147,0.306897265385562,1.3770095048320743,1.6265817752411853,ARHGEF10L;DHDDS;MACO1;PLEKHG5;VAMP3,1.0
Reactome_2022,Nonsense Mediated Decay (NMD) Enhanced By Exon Junction Complex (EJC) R-HSA-975957,4/112,0.3073399387644268,1.448028645387714,1.7083854289677578,PNRC2;RPL11;RPL22;RPS8,1.0
Reactome_2022,Oncogenic MAPK Signaling R-HSA-6802957,3/78,0.30956527302548137,1.563380251038627,1.8331982809244094,AGTRAP;CLCN6;CNKSR1,1.0
Reactome_2022,ERCC6 (CSB) And EHMT2 (G9a) Positively Regulate rRNA Expression R-HSA-427389,2/45,0.3107192082582779,1.8172223423271874,2.1240887597661984,HDAC1;RBBP4,1.0
Reactome_2022,Synthesis Of Prostaglandins (PG) And Thromboxanes (TX) R-HSA-2162123,1/15,0.3160714330408632,2.789292816990983,3.212671309048649,PRXL2B,1.0
Reactome_2022,N-Glycan Antennae Elongation R-HSA-975577,1/15,0.3160714330408632,2.789292816990983,3.212671309048649,B4GALT2,1.0
Reactome_2022,Constitutive Signaling By NOTCH1 HD Domain Mutants R-HSA-2691232,1/15,0.3160714330408632,2.789292816990983,3.212671309048649,MIB2,1.0
Reactome_2022,RNA Polymerase I Transcription Initiation R-HSA-73762,2/46,0.3199626440970285,1.775830560361197,2.0236495391918026,HDAC1;RBBP4,1.0
Reactome_2022,XBP1(S) Activates Chaperone Genes R-HSA-381038,2/46,0.3199626440970285,1.775830560361197,2.0236495391918026,EXTL1;ZBTB17,1.0
Reactome_2022,RNA Polymerase II Pre-transcription Events R-HSA-674695,3/80,0.3232950305061574,1.5226161869289905,1.719322919621775,DMAP1;ELOA;TAF12,1.0
Reactome_2022,Sensory Perception Of Taste R-HSA-9717189,2/47,0.3291756709846721,1.7362784131492508,1.9292895741887623,GNB1;SCNN1D,1.0
Reactome_2022,SUMOylation Of RNA Binding Proteins R-HSA-4570464,2/47,0.3291756709846721,1.7362784131492508,1.9292895741887623,PHC2;SCMH1,1.0
Reactome_2022,PPARA Activates Gene Expression R-HSA-1989781,4/116,0.3299962210124873,1.3960253181964943,1.5477370798141312,MED18;MED8;NFYC;THRAP3,1.0
Reactome_2022,TGF-beta Receptor Signaling In EMT (Epithelial To Mesenchymal Transition) R-HSA-2173791,1/16,0.33318248050043636,2.6032063619931924,2.8610928690484387,PRKCZ,1.0
Reactome_2022,Hyaluronan Metabolism R-HSA-2142845,1/16,0.33318248050043636,2.6032063619931924,2.8610928690484387,SLC9A1,1.0
Reactome_2022,Cell-extracellular Matrix Interactions R-HSA-446353,1/16,0.33318248050043636,2.6032063619931924,2.8610928690484387,FBLIM1,1.0
Reactome_2022,Translesion Synthesis By REV1 R-HSA-110312,1/16,0.33318248050043636,2.6032063619931924,2.8610928690484387,MAD2L2,1.0
Reactome_2022,Rap1 Signaling R-HSA-392517,1/16,0.33318248050043636,2.6032063619931924,2.8610928690484387,RAP1GAP,1.0
Reactome_2022,Signaling By NTRK3 (TRKC) R-HSA-9034015,1/16,0.33318248050043636,2.6032063619931924,2.8610928690484387,PTPRU,1.0
Reactome_2022,Polo-like Kinase Mediated Events R-HSA-156711,1/16,0.33318248050043636,2.6032063619931924,2.8610928690484387,RBBP4,1.0
Reactome_2022,Plasma Lipoprotein Assembly R-HSA-8963898,1/16,0.33318248050043636,2.6032063619931924,2.8610928690484387,TRNP1,1.0
Reactome_2022,Gene Expression (Transcription) R-HSA-74160,39/1449,0.3382412360853009,1.0853832788512419,1.1765510479131966,AGO1;AGO3;AGO4;ARID1A;ARTN;CITED4;DMAP1;ELOA;HDAC1;HIVEP3;INTS11;LSM10;MEAF6;MED8;MTOR;NFYC;NOC2L;PHC2;PINK1;PLK3;PRDX1;PSMB2;RBBP4;RRAGC;SCMH1;SESN2;SKI;SRRM1;SRSF4;SSU72;TAF12;TFAP2E;TNFRSF18;TP73;YBX1;ZFP69;ZNF436;ZNF684;ZNF691,1.0
Reactome_2022,Inositol Phosphate Metabolism R-HSA-1483249,2/48,0.3383540375271971,1.6984459245117371,1.8405421284515324,INPP5B;PLCH2,1.0
Reactome_2022,IRE1alpha Activates Chaperones R-HSA-381070,2/48,0.3383540375271971,1.6984459245117371,1.8405421284515324,EXTL1;ZBTB17,1.0
Reactome_2022,DNA Damage Bypass R-HSA-73893,2/48,0.3383540375271971,1.6984459245117371,1.8405421284515324,ISG15;MAD2L2,1.0
Reactome_2022,Regulation Of Lipid Metabolism By PPARalpha R-HSA-400206,4/118,0.34136174105329636,1.3713921632111796,1.4739894939641254,MED18;MED8;NFYC;THRAP3,1.0
Reactome_2022,Platelet Homeostasis R-HSA-418346,3/83,0.34388700193503796,1.4652917217748147,1.5641141580567968,FGR;GNB1;PAFAH2,1.0
Reactome_2022,Signaling By TGFB Family Members R-HSA-9006936,4/119,0.3470493070461783,1.35939688774007,1.438633976181466,HDAC1;PRKCZ;SKI;YBX1,1.0
Reactome_2022,mRNA Splicing - Minor Pathway R-HSA-72165,2/49,0.34749372303889053,1.6622233290077344,1.7569844824346101,SNRNP40;YBX1,1.0
Reactome_2022,Platelet Sensitization By LDL R-HSA-432142,1/17,0.349866265515938,2.440380713870126,2.5628983096864224,FGR,1.0
Reactome_2022,Acyl Chain Remodelling Of PI R-HSA-1482922,1/17,0.349866265515938,2.440380713870126,2.5628983096864224,PLA2G5,1.0
Reactome_2022,Translesion Synthesis By POLK R-HSA-5655862,1/17,0.349866265515938,2.440380713870126,2.5628983096864224,MAD2L2,1.0
Reactome_2022,Gastrin-CREB Signaling Pathway Via PKC And MAPK R-HSA-881907,1/17,0.349866265515938,2.440380713870126,2.5628983096864224,RPS6KA1,1.0
Reactome_2022,Metabolism Of Folate And Pterines R-HSA-196757,1/17,0.349866265515938,2.440380713870126,2.5628983096864224,MTHFR,1.0
Reactome_2022,Translesion Synthesis By POLI R-HSA-5656121,1/17,0.349866265515938,2.440380713870126,2.5628983096864224,MAD2L2,1.0
Reactome_2022,Transcriptional Regulation Of White Adipocyte Differentiation R-HSA-381340,3/84,0.35074172036586365,1.4471271793185532,1.5161626213307282,MED18;MED8;THRAP3,1.0
Reactome_2022,"Formation Of Ternary Complex, And Subsequently, 43S Complex R-HSA-72695",2/50,0.3565909287039041,1.6275100083163987,1.6782330050455265,EIF3I;RPS8,1.0
Reactome_2022,Peptide Chain Elongation R-HSA-156902,3/86,0.3644250698488744,1.4121111938606994,1.425433500413915,RPL11;RPL22;RPS8,1.0
Reactome_2022,Diseases Of DNA Repair R-HSA-9675135,2/51,0.3656420690341105,1.5942135578573622,1.6039388624523758,ARTN;MUTYH,1.0
Reactome_2022,G Beta:Gamma Signaling Thru BTK R-HSA-8964315,1/18,0.36613343597292797,2.296711024349773,2.307637472852902,GNB1,1.0
Reactome_2022,Lewis Blood Group Biosynthesis R-HSA-9037629,1/18,0.36613343597292797,2.296711024349773,2.307637472852902,ST3GAL3,1.0
Reactome_2022,Regulation Of Signaling By CBL R-HSA-912631,1/18,0.36613343597292797,2.296711024349773,2.307637472852902,CLSTN1,1.0
Reactome_2022,Synthesis Of Glycosylphosphatidylinositol (GPI) R-HSA-162710,1/18,0.36613343597292797,2.296711024349773,2.307637472852902,PIGV,1.0
Reactome_2022,Acyl Chain Remodelling Of PG R-HSA-1482925,1/18,0.36613343597292797,2.296711024349773,2.307637472852902,PLA2G5,1.0
Reactome_2022,VEGFR2 Mediated Cell Proliferation R-HSA-5218921,1/18,0.36613343597292797,2.296711024349773,2.307637472852902,PRKCZ,1.0
Reactome_2022,MECP2 Regulates Neuronal Receptors And Channels R-HSA-9022699,1/18,0.36613343597292797,2.296711024349773,2.307637472852902,HDAC1,1.0
Reactome_2022,LDL Clearance R-HSA-8964038,1/18,0.36613343597292797,2.296711024349773,2.307637472852902,LDLRAP1,1.0
Reactome_2022,Pre-NOTCH Processing In Golgi R-HSA-1912420,1/18,0.36613343597292797,2.296711024349773,2.307637472852902,ST3GAL3,1.0
Reactome_2022,Ephrin Signaling R-HSA-3928664,1/18,0.36613343597292797,2.296711024349773,2.307637472852902,EPHB2,1.0
Reactome_2022,Fcgamma Receptor (FCGR) Dependent Phagocytosis R-HSA-2029480,3/87,0.3712498334116808,1.3952284865863773,1.382504055232657,CDC42;FGR;WASF2,1.0
Reactome_2022,Apoptotic Execution Phase R-HSA-75153,2/52,0.3746437636139939,1.5622489654166871,1.5337842709269836,DFFA;DFFB,1.0
Reactome_2022,Protein-protein Interactions At Synapses R-HSA-6794362,3/88,0.3780608353951241,1.3787430194832155,1.3411035502914328,DLGAP3;EPB41;PTPRF,1.0
Reactome_2022,Prostacyclin Signaling Thru Prostacyclin Receptor R-HSA-392851,1/19,0.3819943749186558,2.169004633665015,2.08734029875525,GNB1,1.0
Reactome_2022,Na+/Cl- Dependent Neurotransmitter Transporters R-HSA-442660,1/19,0.3819943749186558,2.169004633665015,2.08734029875525,SLC6A9,1.0
Reactome_2022,RAS Processing R-HSA-9648002,1/19,0.3819943749186558,2.169004633665015,2.08734029875525,ICMT,1.0
Reactome_2022,RHO GTPases Activate CIT R-HSA-5625900,1/19,0.3819943749186558,2.169004633665015,2.08734029875525,DHDDS,1.0
Reactome_2022,Sensory Processing Of Sound By Outer Hair Cells Of Cochlea R-HSA-9662361,2/53,0.3835928291236262,1.5315378864050584,1.4674792157582408,ESPN;KCNQ4,1.0
Reactome_2022,Unfolded Protein Response (UPR) R-HSA-381119,3/89,0.384856277847,1.3626409353359412,1.3011658237891022,EXTL1;NFYC;ZBTB17,1.0
Reactome_2022,"Signaling By Rho GTPases, Miro GTPases And RHOBTB3 R-HSA-9716542",18/660,0.3864722753304691,1.0969480524346684,1.0428631890594433,ARHGEF10L;ARHGEF16;CAPZB;CDC42;DHDDS;EFHD2;EPHA2;KDM1A;MACO1;MFN2;NUDC;PLEKHG5;PRKCZ;RCC2;SRRM1;UBXN11;VAMP3;WASF2,1.0
Reactome_2022,Transport To Golgi And Subsequent Modification R-HSA-948021,5/164,0.3909902276484197,1.2287020913075875,1.1538406057824453,B4GALT2;CAPZB;FUCA1;MAN1C1;TRAPPC3,1.0
Reactome_2022,Eukaryotic Translation Elongation R-HSA-156842,3/90,0.3916344164596338,1.3469090140426272,1.2626281832095325,RPL11;RPL22;RPS8,1.0
Reactome_2022,Selenocysteine Synthesis R-HSA-2408557,3/90,0.3916344164596338,1.3469090140426272,1.2626281832095325,RPL11;RPL22;RPS8,1.0
Reactome_2022,Viral mRNA Translation R-HSA-192823,3/90,0.3916344164596338,1.3469090140426272,1.2626281832095325,RPL11;RPL22;RPS8,1.0
Reactome_2022,Eukaryotic Translation Termination R-HSA-72764,3/90,0.3916344164596338,1.3469090140426272,1.2626281832095325,RPL11;RPL22;RPS8,1.0
Reactome_2022,Interleukin-12 Family Signaling R-HSA-447115,2/54,0.39248627163101446,1.5020080027400307,1.404758570692053,AURKAIP1;CDC42,1.0
Reactome_2022,RHOJ GTPase Cycle R-HSA-9013409,2/54,0.39248627163101446,1.5020080027400307,1.404758570692053,CDC42;VAMP3,1.0
Reactome_2022,G Beta:Gamma Signaling Thru PLC Beta R-HSA-418217,1/20,0.39745920713629623,2.054741020947074,1.8958334605917557,GNB1,1.0
Reactome_2022,Class I Peroxisomal Membrane Protein Import R-HSA-9603798,1/20,0.39745920713629623,2.054741020947074,1.8958334605917557,PEX14,1.0
Reactome_2022,NOTCH4 Intracellular Domain Regulates Transcription R-HSA-9013695,1/20,0.39745920713629623,2.054741020947074,1.8958334605917557,HES5,1.0
Reactome_2022,Receptor-type Tyrosine-Protein Phosphatases R-HSA-388844,1/20,0.39745920713629623,2.054741020947074,1.8958334605917557,PTPRF,1.0
Reactome_2022,Signaling By Hippo R-HSA-2028269,1/20,0.39745920713629623,2.054741020947074,1.8958334605917557,NPHP4,1.0
Reactome_2022,Syndecan Interactions R-HSA-3000170,1/20,0.39745920713629623,2.054741020947074,1.8958334605917557,SDC3,1.0
Reactome_2022,Chaperone Mediated Autophagy R-HSA-9613829,1/20,0.39745920713629623,2.054741020947074,1.8958334605917557,PARK7,1.0
Reactome_2022,TP53 Regulates Transcription Of Genes Involved In Cytochrome C Release R-HSA-6803204,1/20,0.39745920713629623,2.054741020947074,1.8958334605917557,TP73,1.0
Reactome_2022,Apoptotic Factor-Mediated Response R-HSA-111471,1/20,0.39745920713629623,2.054741020947074,1.8958334605917557,CASP9,1.0
Reactome_2022,Intrinsic Pathway For Apoptosis R-HSA-109606,2/55,0.40132127914537763,1.4735924543076455,1.3453795626045317,CASP9;TP73,1.0
Reactome_2022,Nonsense Mediated Decay (NMD) Independent Of Exon Junction Complex (EJC) R-HSA-975956,3/92,0.40513207047354105,1.3165057504195936,1.1895184561006586,RPL11;RPL22;RPS8,1.0
Reactome_2022,Asparagine N-linked Glycosylation R-HSA-446203,8/282,0.4088473385867649,1.1409411678373778,1.0204731237827687,B4GALT2;CAPZB;DDOST;DHDDS;FUCA1;MAN1C1;ST3GAL3;TRAPPC3,1.0
Reactome_2022,Citric Acid Cycle (TCA Cycle) R-HSA-71403,1/21,0.41253780555630915,1.9519037695009265,1.728269133500246,SDHB,1.0
Reactome_2022,Synaptic Adhesion-Like Molecules R-HSA-8849932,1/21,0.41253780555630915,1.9519037695009265,1.728269133500246,PTPRF,1.0
Reactome_2022,RHO GTPases Activate PAKs R-HSA-5627123,1/21,0.41253780555630915,1.9519037695009265,1.728269133500246,CDC42,1.0
Reactome_2022,"Synthesis, Secretion, And Inactivation Of Glucagon-like Peptide-1 (GLP-1) R-HSA-381771",1/21,0.41253780555630915,1.9519037695009265,1.728269133500246,GNB1,1.0
Reactome_2022,Cellular Hexose Transport R-HSA-189200,1/21,0.41253780555630915,1.9519037695009265,1.728269133500246,SLC2A1,1.0
Reactome_2022,NOTCH2 Activation And Transmission Of Signal To Nucleus R-HSA-2979096,1/21,0.41253780555630915,1.9519037695009265,1.728269133500246,MIB2,1.0
Reactome_2022,Deregulated CDK5 Triggers Neurodegenerative Pathways In Alzheimers Disease Models R-HSA-8862803,1/21,0.41253780555630915,1.9519037695009265,1.728269133500246,PRDX1,1.0
Reactome_2022,TP53 Regulates Transcription Of Additional Cell Cycle Genes With Uncertain Roles In P53 Pathway R-HSA-6804115,1/21,0.41253780555630915,1.9519037695009265,1.728269133500246,PLK3,1.0
Reactome_2022,Defects In Vitamin And Cofactor Metabolism R-HSA-3296482,1/21,0.41253780555630915,1.9519037695009265,1.728269133500246,MMACHC,1.0
Reactome_2022,Assembly Of Collagen Fibrils And Other Multimeric Structures R-HSA-2022090,2/57,0.41880560801895467,1.4198612354536808,1.23577396783195,COL8A2;COL9A2,1.0
Reactome_2022,Ribosomal Scanning And Start Codon Recognition R-HSA-72702,2/57,0.41880560801895467,1.4198612354536808,1.23577396783195,EIF3I;RPS8,1.0
Reactome_2022,Translation Initiation Complex Formation R-HSA-72649,2/57,0.41880560801895467,1.4198612354536808,1.23577396783195,EIF3I;RPS8,1.0
Reactome_2022,Neurexins And Neuroligins R-HSA-6794361,2/57,0.41880560801895467,1.4198612354536808,1.23577396783195,DLGAP3;EPB41,1.0
Reactome_2022,Signaling By ROBO Receptors R-HSA-376176,6/209,0.42413076116088055,1.1545641063823504,0.9902851887139688,CAP1;CDC42;PSMB2;RPL11;RPL22;RPS8,1.0
Reactome_2022,ERK/MAPK Targets R-HSA-198753,1/22,0.4272397975089512,1.8588605420020314,1.5807932899948398,RPS6KA1,1.0
Reactome_2022,Acyl Chain Remodelling Of PS R-HSA-1482801,1/22,0.4272397975089512,1.8588605420020314,1.5807932899948398,PLA2G5,1.0
Reactome_2022,RA Biosynthesis Pathway R-HSA-5365859,1/22,0.4272397975089512,1.8588605420020314,1.5807932899948398,DHRS3,1.0
Reactome_2022,ADP Signaling Thru P2Y Purinoceptor 12 R-HSA-392170,1/22,0.4272397975089512,1.8588605420020314,1.5807932899948398,GNB1,1.0
Reactome_2022,Laminin Interactions R-HSA-3000157,1/22,0.4272397975089512,1.8588605420020314,1.5807932899948398,HSPG2,1.0
Reactome_2022,Response Of Mtb To Phagocytosis R-HSA-9637690,1/22,0.4272397975089512,1.8588605420020314,1.5807932899948398,ENO1,1.0
Reactome_2022,Blood Group Systems Biosynthesis R-HSA-9033658,1/22,0.4272397975089512,1.8588605420020314,1.5807932899948398,ST3GAL3,1.0
Reactome_2022,Insertion Of Tail-Anchored Proteins Into Endoplasmic Reticulum Membrane R-HSA-9609523,1/22,0.4272397975089512,1.8588605420020314,1.5807932899948398,UBE2J2,1.0
Reactome_2022,Late SARS-CoV-2 Infection Events R-HSA-9772573,2/58,0.4274501515732472,1.394434855103144,1.1851547280706252,DDOST;ST3GAL3,1.0
Reactome_2022,Metabolism Of Polyamines R-HSA-351202,2/58,0.4274501515732472,1.394434855103144,1.1851547280706252,AZIN2;PSMB2,1.0
Reactome_2022,Formation Of RNA Pol II Elongation Complex R-HSA-112382,2/58,0.4274501515732472,1.394434855103144,1.1851547280706252,DMAP1;ELOA,1.0
Reactome_2022,mRNA 3-End Processing R-HSA-72187,2/58,0.4274501515732472,1.394434855103144,1.1851547280706252,SRRM1;SRSF4,1.0
Reactome_2022,"mRNA Activation Upon Binding Of Cap-Binding Complex And eIFs, Subsequent Binding To 43S R-HSA-72662",2/58,0.4274501515732472,1.394434855103144,1.1851547280706252,EIF3I;RPS8,1.0
Reactome_2022,Fatty Acid Metabolism R-HSA-8978868,5/173,0.4354329403735195,1.1623376394573446,0.9663843413217138,ACOT7;ELOVL1;MECR;PPT1;PRXL2B,1.0
Reactome_2022,RHOQ GTPase Cycle R-HSA-9013406,2/59,0.4360266913301562,1.3699006284491173,1.137088508301288,CDC42;VAMP3,1.0
Reactome_2022,Potential Therapeutics For SARS R-HSA-9679191,3/97,0.4384614018916855,1.2461577734194893,1.0274365152240186,HDAC1;KDM1A;RBBP4,1.0
Reactome_2022,Triglyceride Catabolism R-HSA-163560,1/23,0.4415745708218719,1.7742757897303085,1.45030788097773,FABP3,1.0
Reactome_2022,RHOBTB2 GTPase Cycle R-HSA-9013418,1/23,0.4415745708218719,1.7742757897303085,1.45030788097773,SRRM1,1.0
Reactome_2022,RHOBTB1 GTPase Cycle R-HSA-9013422,1/23,0.4415745708218719,1.7742757897303085,1.45030788097773,SRRM1,1.0
Reactome_2022,CD28 Dependent PI3K/Akt Signaling R-HSA-389357,1/23,0.4415745708218719,1.7742757897303085,1.45030788097773,MTOR,1.0
Reactome_2022,SARS-CoV Infections R-HSA-9679506,10/369,0.442824517727771,1.0881132180869397,0.8863571257811678,AGRN;DDOST;HDAC1;HSPG2;ISG15;KDM1A;RBBP4;RPS8;SDC3;ST3GAL3,1.0
Reactome_2022,Extracellular Matrix Organization R-HSA-1474244,8/291,0.4429748913154913,1.104139712109545,0.89903713646941,AGRN;COL16A1;COL8A2;COL9A2;HSPG2;P3H1;PLOD1;SDC3,1.0
Reactome_2022,Signaling By Rho GTPases R-HSA-194315,17/644,0.44419523258625554,1.0594371090021806,0.8597237851379509,ARHGEF10L;ARHGEF16;CAPZB;CDC42;DHDDS;EFHD2;EPHA2;KDM1A;MACO1;NUDC;PLEKHG5;PRKCZ;RCC2;SRRM1;UBXN11;VAMP3;WASF2,1.0
Reactome_2022,Response Of EIF2AK4 (GCN2) To Amino Acid Deficiency R-HSA-9633012,3/98,0.44504458977859956,1.2329767840447328,0.9981943313145123,RPL11;RPL22;RPS8,1.0
Reactome_2022,L1CAM Interactions R-HSA-373760,3/99,0.4515971046916028,1.2200703986152839,0.9699130911246627,EPHB2;LYPLA2;RPS6KA1,1.0
Reactome_2022,Nuclear Events (Kinase And Transcription Factor Activation) R-HSA-198725,2/61,0.45296788010094424,1.323327181241473,1.0479878684967652,ID3;RPS6KA1,1.0
Reactome_2022,Thromboxane Signaling Thru TP Receptor R-HSA-428930,1/24,0.45555127976661147,1.6970462333083005,1.334297492062717,GNB1,1.0
Reactome_2022,RHO GTPases Activate NADPH Oxidases R-HSA-5668599,1/24,0.45555127976661147,1.6970462333083005,1.334297492062717,PRKCZ,1.0
Reactome_2022,Aggrephagy R-HSA-9646399,1/24,0.45555127976661147,1.6970462333083005,1.334297492062717,PARK7,1.0
Reactome_2022,Defective Intrinsic Pathway For Apoptosis R-HSA-9734009,1/24,0.45555127976661147,1.6970462333083005,1.334297492062717,PRDX1,1.0
Reactome_2022,Synthesis Of Very Long-Chain Fatty acyl-CoAs R-HSA-75876,1/24,0.45555127976661147,1.6970462333083005,1.334297492062717,ELOVL1,1.0
Reactome_2022,"Incretin Synthesis, Secretion, And Inactivation R-HSA-400508",1/24,0.45555127976661147,1.6970462333083005,1.334297492062717,GNB1,1.0
Reactome_2022,G-protein Activation R-HSA-202040,1/24,0.45555127976661147,1.6970462333083005,1.334297492062717,GNB1,1.0
Reactome_2022,Signaling By Erythropoietin R-HSA-9006335,1/24,0.45555127976661147,1.6970462333083005,1.334297492062717,CLSTN1,1.0
Reactome_2022,Impaired BRCA2 Binding To PALB2 R-HSA-9709603,1/24,0.45555127976661147,1.6970462333083005,1.334297492062717,ARTN,1.0
Reactome_2022,Death Receptor Signaling R-HSA-73887,4/139,0.45960687472684775,1.156810013116883,0.8992853350171011,ARHGEF10L;ARHGEF16;HDAC1;PLEKHG5,1.0
Reactome_2022,RAC1 GTPase Cycle R-HSA-9013149,5/178,0.4598316526974303,1.1284521293603995,0.8766886239388613,CDC42;DHDDS;EPHA2;VAMP3;WASF2,1.0
Reactome_2022,Apoptosis R-HSA-109581,5/178,0.4598316526974303,1.1284521293603995,0.8766886239388613,CASP9;DFFA;DFFB;PSMB2;TP73,1.0
Reactome_2022,Regulation Of Actin Dynamics For Phagocytic Cup Formation R-HSA-2029482,2/62,0.46132893935007974,1.3012047938178422,1.0066692243180688,CDC42;WASF2,1.0
Reactome_2022,Adaptive Immune System R-HSA-1280218,19/733,0.46905026058022903,1.039308841784258,0.7868039267819106,CAPZB;CDC42;CLSTN1;FBXO2;FBXO44;FBXO6;HECTD3;KLHL21;MIB2;MTOR;PSMB2;RAP1GAP;RNF19B;RNF220;SPSB1;TNFRSF14;UBE2J2;UBR4;VAMP3,1.0
Reactome_2022,Termination Of O-glycan Biosynthesis R-HSA-977068,1/25,0.4691788508577558,1.6262524732547934,1.2307010976757609,ST3GAL3,1.0
Reactome_2022,Defective HDR Thru Homologous Recombination (HRR) Due To BRCA1 Loss-Of-Function R-HSA-9701192,1/25,0.4691788508577558,1.6262524732547934,1.2307010976757609,ARTN,1.0
Reactome_2022,G Beta:Gamma Signaling Thru PI3Kgamma R-HSA-392451,1/25,0.4691788508577558,1.6262524732547934,1.2307010976757609,GNB1,1.0
Reactome_2022,Inactivation Of CSF3 (G-CSF) Signaling R-HSA-9705462,1/25,0.4691788508577558,1.6262524732547934,1.2307010976757609,CSF3R,1.0
Reactome_2022,ADP Signaling Thru P2Y Purinoceptor 1 R-HSA-418592,1/25,0.4691788508577558,1.6262524732547934,1.2307010976757609,GNB1,1.0
Reactome_2022,Synthesis Of Substrates In N-glycan Biosythesis R-HSA-446219,2/63,0.46961480380184567,1.2798077305720352,0.9673330575545327,DHDDS;ST3GAL3,1.0
Reactome_2022,Potassium Channels R-HSA-1296071,3/102,0.4710584696684414,1.1829156526820217,0.8904670276030368,GNB1;KCNAB2;KCNQ4,1.0
Reactome_2022,Interleukin-20 Family Signaling R-HSA-8854691,1/26,0.4824659885083749,1.5611222140055667,1.1378158871876114,IFNLR1,1.0
Reactome_2022,Infection With Mycobacterium Tuberculosis R-HSA-9635486,1/26,0.4824659885083749,1.5611222140055667,1.1378158871876114,ENO1,1.0
Reactome_2022,Signaling By ALK R-HSA-201556,1/26,0.4824659885083749,1.5611222140055667,1.1378158871876114,HDAC1,1.0
Reactome_2022,Caspase Activation Via Extrinsic Apoptotic Signaling Pathway R-HSA-5357769,1/26,0.4824659885083749,1.5611222140055667,1.1378158871876114,CASP9,1.0
Reactome_2022,Insulin Receptor Recycling R-HSA-77387,1/26,0.4824659885083749,1.5611222140055667,1.1378158871876114,ATP6V0B,1.0
Reactome_2022,Cargo Recognition For Clathrin-Mediated Endocytosis R-HSA-8856825,3/104,0.48385789899336895,1.1593720512985684,0.8416623863349366,LDLRAP1;NECAP2;VAMP3,1.0
Reactome_2022,PI3K/AKT Signaling In Cancer R-HSA-2219528,3/105,0.49020200722822105,1.1479464800389512,0.8184143383362397,CASP9;CLSTN1;MTOR,1.0
Reactome_2022,Diseases Of Signal Transduction By Growth Factor Receptors And Second Messengers R-HSA-5663202,11/424,0.4932915835912122,1.0396123720217714,0.7346471064380677,AGTRAP;CASP9;CLCN6;CLSTN1;CNKSR1;HDAC1;HES5;HEYL;MIB2;MTOR;PSMB2,1.0
Reactome_2022,Resolution Of D-loop Structures Thru Synthesis-Dependent Strand Annealing (SDSA) R-HSA-5693554,1/27,0.4954211805453134,1.5010019746985883,1.0542242465461926,ARTN,1.0
Reactome_2022,Synthesis Of PC R-HSA-1483191,1/27,0.4954211805453134,1.5010019746985883,1.0542242465461926,MFSD2A,1.0
Reactome_2022,VEGFR2 Mediated Vascular Permeability R-HSA-5218920,1/27,0.4954211805453134,1.5010019746985883,1.0542242465461926,MTOR,1.0
Reactome_2022,Interleukin Receptor SHC Signaling R-HSA-912526,1/27,0.4954211805453134,1.5010019746985883,1.0542242465461926,CLSTN1,1.0
Reactome_2022,CREB1 Phosphorylation Thru NMDA Receptor-Mediated Activation Of RAS Signaling R-HSA-442742,1/27,0.4954211805453134,1.5010019746985883,1.0542242465461926,RPS6KA1,1.0
Reactome_2022,Signaling By BMP R-HSA-201451,1/27,0.4954211805453134,1.5010019746985883,1.0542242465461926,SKI,1.0
Reactome_2022,Postmitotic Nuclear Pore Complex (NPC) Reformation R-HSA-9615933,1/27,0.4954211805453134,1.5010019746985883,1.0542242465461926,RCC1,1.0
Reactome_2022,Acyl Chain Remodelling Of PC R-HSA-1482788,1/27,0.4954211805453134,1.5010019746985883,1.0542242465461926,PLA2G5,1.0
Reactome_2022,ATF4 Activates Genes In Response To Endoplasmic Reticulum Stress R-HSA-380994,1/27,0.4954211805453134,1.5010019746985883,1.0542242465461926,NFYC,1.0
Reactome_2022,HATs Acetylate Histones R-HSA-3214847,3/106,0.496507741562438,1.1367427645319481,0.7958974981976511,DMAP1;MEAF6;TAF12,1.0
Reactome_2022,Regulation Of PTEN Stability And Activity R-HSA-8948751,2/67,0.5019786768460874,1.2008031893567477,0.8275907201201327,OTUD3;PSMB2,1.0
Reactome_2022,Neutrophil Degranulation R-HSA-6798695,12/468,0.505682385048143,1.0269628785458427,0.7002310487952447,ATAD3B;CAP1;DDOST;FGR;FUCA1;KCNAB2;PADI2;PPIE;SLC2A5;TINAGL1;TNFRSF1B;UBR4,1.0
Reactome_2022,Digestion And Absorption R-HSA-8963743,1/28,0.5080527035877881,1.445335086451386,0.9787376899436766,SLC2A5,1.0
Reactome_2022,Notch-HLH Transcription Pathway R-HSA-350054,1/28,0.5080527035877881,1.445335086451386,0.9787376899436766,HDAC1,1.0
Reactome_2022,Metabolism Of Porphyrins R-HSA-189445,1/28,0.5080527035877881,1.445335086451386,0.9787376899436766,UROD,1.0
Reactome_2022,"Adrenaline,noradrenaline Inhibits Insulin Secretion R-HSA-400042",1/28,0.5080527035877881,1.445335086451386,0.9787376899436766,GNB1,1.0
Reactome_2022,Recycling Pathway Of L1 R-HSA-437239,1/28,0.5080527035877881,1.445335086451386,0.9787376899436766,RPS6KA1,1.0
Reactome_2022,Gene Silencing By RNA R-HSA-211000,3/108,0.5090004347874889,1.1149755458326278,0.7529501311234016,AGO1;AGO3;AGO4,1.0
Reactome_2022,RHO GTPase Effectors R-HSA-195258,7/269,0.5107209692861829,1.0425808443277502,0.7005433133293392,CDC42;DHDDS;KDM1A;NUDC;PRKCZ;RCC2;WASF2,1.0
Reactome_2022,DNA Repair R-HSA-73894,8/310,0.5138199183466898,1.0336509782908931,0.6882900234660657,ARTN;EYA3;FAAP20;ISG15;KDM4A;MAD2L2;MUTYH;PPIE,1.0
Reactome_2022,Degradation Of Extracellular Matrix R-HSA-1474228,3/109,0.515185670329533,1.1043999631626749,0.7324688886275222,COL16A1;COL9A2;HSPG2,1.0
Reactome_2022,Transcription Of HIV Genome R-HSA-167172,2/69,0.5176766865019251,1.164838435519938,0.766934738331503,ELOA;TAF12,1.0
Reactome_2022,Processing Of Capped Intronless Pre-mRNA R-HSA-75067,1/29,0.5203686282926798,1.3936444045075556,0.9103533569735521,LSM10,1.0
Reactome_2022,Acyl Chain Remodelling Of PE R-HSA-1482839,1/29,0.5203686282926798,1.3936444045075556,0.9103533569735521,PLA2G5,1.0
Reactome_2022,EGR2 And SOX10-mediated Initiation Of Schwann Cell Myelination R-HSA-9619665,1/29,0.5203686282926798,1.3936444045075556,0.9103533569735521,POU3F1,1.0
Reactome_2022,Myogenesis R-HSA-525793,1/29,0.5203686282926798,1.3936444045075556,0.9103533569735521,CDC42,1.0
Reactome_2022,"FOXO-mediated Transcription Of Oxidative Stress, Metabolic And Neuronal Genes R-HSA-9615017",1/29,0.5203686282926798,1.3936444045075556,0.9103533569735521,HDAC1,1.0
Reactome_2022,Activation Of G Protein Gated Potassium Channels R-HSA-1296041,1/29,0.5203686282926798,1.3936444045075556,0.9103533569735521,GNB1,1.0
Reactome_2022,Signaling By CSF3 (G-CSF) R-HSA-9674555,1/30,0.5323768244698199,1.3455185971805408,0.8482199339779595,CSF3R,1.0
Reactome_2022,Translation Of Structural Proteins R-HSA-9683701,1/30,0.5323768244698199,1.3455185971805408,0.8482199339779595,ST3GAL3,1.0
Reactome_2022,Activation Of BH3-only Proteins R-HSA-114452,1/30,0.5323768244698199,1.3455185971805408,0.8482199339779595,TP73,1.0
Reactome_2022,MAPK Targets/ Nuclear Events Mediated By MAP Kinases R-HSA-450282,1/30,0.5323768244698199,1.3455185971805408,0.8482199339779595,RPS6KA1,1.0
Reactome_2022,"Plasma Lipoprotein Assembly, Remodeling, And Clearance R-HSA-174824",2/71,0.5330422439594162,1.13095859494903,0.7115478035497963,LDLRAP1;TRNP1,1.0
Reactome_2022,Diseases Of Programmed Cell Death R-HSA-9645723,2/71,0.5330422439594162,1.13095859494903,0.7115478035497963,PRDX1;RBBP4,1.0
Reactome_2022,Interferon Alpha/Beta Signaling R-HSA-909733,2/72,0.54059858213067,1.1147446712472384,0.6856552215559794,IFI6;ISG15,1.0
Reactome_2022,Regulation Of RUNX2 Expression And Activity R-HSA-8939902,2/72,0.54059858213067,1.1147446712472384,0.6856552215559794,HIVEP3;PSMB2,1.0
Reactome_2022,MAPK Family Signaling Cascades R-HSA-5683057,8/318,0.5427852162489712,1.0065564972441312,0.6150478799692607,AGO1;AGO3;AGO4;ARTN;CDC42;CNKSR1;ICMT;PSMB2,1.0
Reactome_2022,Glyoxylate Metabolism And Glycine Degradation R-HSA-389661,1/31,0.5440849660704755,1.3006011770086603,0.7916107200006259,ALDH4A1,1.0
Reactome_2022,Antigen Activates B Cell Receptor Leading To Second Messenger Generation R-HSA-983695,1/31,0.5440849660704755,1.3006011770086603,0.7916107200006259,CLSTN1,1.0
Reactome_2022,Late Endosomal Microautophagy R-HSA-9615710,1/31,0.5440849660704755,1.3006011770086603,0.7916107200006259,PARK7,1.0
Reactome_2022,Activated NOTCH1 Transmits Signal To Nucleus R-HSA-2122948,1/31,0.5440849660704755,1.3006011770086603,0.7916107200006259,MIB2,1.0
Reactome_2022,EGFR Downregulation R-HSA-182971,1/31,0.5440849660704755,1.3006011770086603,0.7916107200006259,CDC42,1.0
Reactome_2022,Pausing And Recovery Of Tat-mediated HIV Elongation R-HSA-167238,1/31,0.5440849660704755,1.3006011770086603,0.7916107200006259,ELOA,1.0
Reactome_2022,Transferrin Endocytosis And Recycling R-HSA-917977,1/31,0.5440849660704755,1.3006011770086603,0.7916107200006259,ATP6V0B,1.0
Reactome_2022,Selenoamino Acid Metabolism R-HSA-2408522,3/114,0.5454698531174831,1.0543803153993847,0.6390680699779896,RPL11;RPL22;RPS8,1.0
Reactome_2022,Extra-nuclear Estrogen Signaling R-HSA-9009391,2/73,0.5480698553678847,1.0989874777905675,0.6608788967558565,GNB1;PRKCZ,1.0
Reactome_2022,Influenza Infection R-HSA-168255,4/157,0.5547887296069755,1.019765950871786,0.6008133689498357,ISG15;RPL11;RPL22;RPS8,1.0
Reactome_2022,Transport Of Mature mRNA Derived From An Intron-Containing Transcript R-HSA-159236,2/74,0.5554555867903456,1.0836679841521377,0.6371606071230386,SRRM1;SRSF4,1.0
Reactome_2022,Positive Epigenetic Regulation Of rRNA Expression R-HSA-5250913,2/74,0.5554555867903456,1.0836679841521377,0.6371606071230386,HDAC1;RBBP4,1.0
Reactome_2022,RNA Polymerase II Transcribes snRNA Genes R-HSA-6807505,2/74,0.5554555867903456,1.0836679841521377,0.6371606071230386,INTS11;SSU72,1.0
Reactome_2022,Gluconeogenesis R-HSA-70263,1/32,0.5555005360521854,1.2585816549123852,0.7399021633880875,ENO1,1.0
Reactome_2022,Thrombin Signaling Thru Proteinase Activated Receptors (PARs) R-HSA-456926,1/32,0.5555005360521854,1.2585816549123852,0.7399021633880875,GNB1,1.0
Reactome_2022,PERK Regulates Gene Expression R-HSA-381042,1/32,0.5555005360521854,1.2585816549123852,0.7399021633880875,NFYC,1.0
Reactome_2022,Termination Of Translesion DNA Synthesis R-HSA-5656169,1/32,0.5555005360521854,1.2585816549123852,0.7399021633880875,ISG15,1.0
Reactome_2022,Nuclear Signaling By ERBB4 R-HSA-1251985,1/32,0.5555005360521854,1.2585816549123852,0.7399021633880875,STMN1,1.0
Reactome_2022,Glucagon Signaling In Metabolic Regulation R-HSA-163359,1/32,0.5555005360521854,1.2585816549123852,0.7399021633880875,GNB1,1.0
Reactome_2022,"Inactivation, Recovery And Regulation Of Phototransduction Cascade R-HSA-2514859",1/32,0.5555005360521854,1.2585816549123852,0.7399021633880875,GNB1,1.0
Reactome_2022,Metabolism Of Amino Acids And Derivatives R-HSA-71291,9/364,0.5605686095329034,0.9885258402268051,0.5721623508312929,ALDH4A1;AZIN2;PSMB2;RIMKLA;RPL11;RPL22;RPS8;SERINC2;TINAGL1,1.0
Reactome_2022,ISG15 Antiviral Mechanism R-HSA-1169408,2/75,0.5627553763305426,1.0687682026681853,0.6144457898491446,EIF4G3;ISG15,1.0
Reactome_2022,SARS-CoV-2 Infection R-HSA-9694516,7/283,0.5645294765677102,0.9889760806392834,0.5654596139558346,AGRN;DDOST;HSPG2;ISG15;RPS8;SDC3;ST3GAL3,1.0
Reactome_2022,Phototransduction Cascade R-HSA-2514856,1/33,0.5666308311229934,1.2191883529471272,0.6925566262366807,GNB1,1.0
Reactome_2022,NOD1/2 Signaling Pathway R-HSA-168638,1/33,0.5666308311229934,1.2191883529471272,0.6925566262366807,CASP9,1.0
Reactome_2022,Glucagon-type Ligand Receptors R-HSA-420092,1/33,0.5666308311229934,1.2191883529471272,0.6925566262366807,GNB1,1.0
Reactome_2022,Plasma Lipoprotein Remodeling R-HSA-8963899,1/33,0.5666308311229934,1.2191883529471272,0.6925566262366807,TRNP1,1.0
Reactome_2022,Resolution Of D-loop Structures Thru Holliday Junction Intermediates R-HSA-5693568,1/33,0.5666308311229934,1.2191883529471272,0.6925566262366807,ARTN,1.0
Reactome_2022,Signaling By High-Kinase Activity BRAF Mutants R-HSA-6802948,1/33,0.5666308311229934,1.2191883529471272,0.6925566262366807,CNKSR1,1.0
Reactome_2022,HIV Elongation Arrest And Recovery R-HSA-167287,1/33,0.5666308311229934,1.2191883529471272,0.6925566262366807,ELOA,1.0
Reactome_2022,Signal Amplification R-HSA-392518,1/33,0.5666308311229934,1.2191883529471272,0.6925566262366807,GNB1,1.0
Reactome_2022,Sialic Acid Metabolism R-HSA-4085001,1/33,0.5666308311229934,1.2191883529471272,0.6925566262366807,ST3GAL3,1.0
Reactome_2022,SUMOylation Of DNA Damage Response And Repair Proteins R-HSA-3108214,2/76,0.5699688972059921,1.0542711179810966,0.5926832695293187,PHC2;SCMH1,1.0
Reactome_2022,RHO GTPases Activate Formins R-HSA-5663220,3/119,0.5746244570126919,1.008672706236378,0.5588435835576924,CDC42;NUDC;RCC2,1.0
Reactome_2022,Biosynthesis Of N-glycan Precursor (Dolichol LLO) And Transfer To Protein R-HSA-446193,2/77,0.5770958925188556,1.040160622218997,0.5718250096879988,DHDDS;ST3GAL3,1.0
Reactome_2022,Regulation Of Insulin Secretion R-HSA-422356,2/77,0.5770958925188556,1.040160622218997,0.5718250096879988,GNB1;SLC2A1,1.0
Reactome_2022,Transcriptional Regulation By E2F6 R-HSA-8953750,1/34,0.5774829663680735,1.1821825238282484,0.6491084445146983,RBBP4,1.0
Reactome_2022,COPI-independent Golgi-to-ER Retrograde Traffic R-HSA-6811436,1/34,0.5774829663680735,1.1821825238282484,0.6491084445146983,CAPZB,1.0
Reactome_2022,Resolution Of D-Loop Structures R-HSA-5693537,1/34,0.5774829663680735,1.1821825238282484,0.6491084445146983,ARTN,1.0
Reactome_2022,Detoxification Of Reactive Oxygen Species R-HSA-3299685,1/34,0.5774829663680735,1.1821825238282484,0.6491084445146983,PRDX1,1.0
Reactome_2022,EPHB-mediated Forward Signaling R-HSA-3928662,1/34,0.5774829663680735,1.1821825238282484,0.6491084445146983,CDC42,1.0
Reactome_2022,Nuclear Import Of Rev Protein R-HSA-180746,1/34,0.5774829663680735,1.1821825238282484,0.6491084445146983,RCC1,1.0
Reactome_2022,Nuclear Events Mediated By NFE2L2 R-HSA-9759194,2/78,0.5841361719792074,1.0264214552927418,0.551825885372429,PRDX1;PSMB2,1.0
Reactome_2022,RNA Polymerase I Promoter Clearance R-HSA-73854,2/78,0.5841361719792074,1.0264214552927418,0.551825885372429,HDAC1;RBBP4,1.0
Reactome_2022,Plasma Lipoprotein Clearance R-HSA-8964043,1/35,0.5880638797616401,1.1473535081869508,0.6091525779900099,LDLRAP1,1.0
Reactome_2022,RHOBTB GTPase Cycle R-HSA-9706574,1/35,0.5880638797616401,1.1473535081869508,0.6091525779900099,SRRM1,1.0
Reactome_2022,Negative Regulators Of DDX58/IFIH1 Signaling R-HSA-936440,1/35,0.5880638797616401,1.1473535081869508,0.6091525779900099,ISG15,1.0
Reactome_2022,Rev-mediated Nuclear Export Of HIV RNA R-HSA-165054,1/35,0.5880638797616401,1.1473535081869508,0.6091525779900099,RCC1,1.0
Reactome_2022,Impaired BRCA2 Binding To RAD51 R-HSA-9709570,1/35,0.5880638797616401,1.1473535081869508,0.6091525779900099,ARTN,1.0
Reactome_2022,Inwardly Rectifying K+ Channels R-HSA-1296065,1/35,0.5880638797616401,1.1473535081869508,0.6091525779900099,GNB1,1.0
Reactome_2022,Protein Localization R-HSA-9609507,4/164,0.5893254555298456,0.9747983679476137,0.5154506562295869,HMGCL;PEX10;PEX14;UBE2J2,1.0
Reactome_2022,RNA Polymerase I Transcription R-HSA-73864,2/79,0.5910896087479007,1.0130391498450908,0.5326434747884322,HDAC1;RBBP4,1.0
Reactome_2022,Programmed Cell Death R-HSA-5357801,5/208,0.5974739363714205,0.9601930447410869,0.49454225922784084,CASP9;DFFA;DFFB;PSMB2;TP73,1.0
Reactome_2022,Activated PKN1 Stimulates Transcription Of Androgen Receptor Regulated KLK2 And KLK3 R-HSA-5625886,1/36,0.598380336567009,1.11451472201087,0.5723353106764812,KDM1A,1.0
Reactome_2022,HSF1-dependent Transactivation R-HSA-3371571,1/36,0.598380336567009,1.11451472201087,0.5723353106764812,MTOR,1.0
Reactome_2022,Regulation Of TP53 Degradation R-HSA-6804757,1/36,0.598380336567009,1.11451472201087,0.5723353106764812,MTOR,1.0
Reactome_2022,Glutathione Conjugation R-HSA-156590,1/36,0.598380336567009,1.11451472201087,0.5723353106764812,AKR1A1,1.0
Reactome_2022,ROS And RNS Production In Phagocytes R-HSA-1222556,1/36,0.598380336567009,1.11451472201087,0.5723353106764812,ATP6V0B,1.0
Reactome_2022,RHOH GTPase Cycle R-HSA-9013407,1/36,0.598380336567009,1.11451472201087,0.5723353106764812,VAMP3,1.0
Reactome_2022,Regulation Of Expression Of SLITs And ROBOs R-HSA-9010553,4/167,0.6036380761460503,0.9567088670166801,0.48292795377030256,PSMB2;RPL11;RPL22;RPS8,1.0
Reactome_2022,Centrosome Maturation R-HSA-380287,2/81,0.6047357459708647,0.9872909165787243,0.4965714922684798,CDK11A;CDK11B,1.0
Reactome_2022,Signaling By NOTCH4 R-HSA-9013694,2/81,0.6047357459708647,0.9872909165787243,0.4965714922684798,HES5;PSMB2,1.0
Reactome_2022,Signaling By WNT R-HSA-195721,7/294,0.6048429082904352,0.9505268698502936,0.47791208792012385,AGO1;AGO3;AGO4;CTNNBIP1;GNB1;HDAC1;PSMB2,1.0
Reactome_2022,SUMO E3 Ligases SUMOylate Target Proteins R-HSA-3108232,4/168,0.6083413700942266,0.9508261024862952,0.47257872478325263,HDAC1;PARK7;PHC2;SCMH1,1.0
Reactome_2022,Triglyceride Metabolism R-HSA-8979227,1/37,0.6084389336275428,1.0835003128445717,0.5383465863324152,FABP3,1.0
Reactome_2022,HDR Thru Single Strand Annealing (SSA) R-HSA-5685938,1/37,0.6084389336275428,1.0835003128445717,0.5383465863324152,ARTN,1.0
Reactome_2022,MAP2K And MAPK Activation R-HSA-5674135,1/37,0.6084389336275428,1.0835003128445717,0.5383465863324152,CNKSR1,1.0
Reactome_2022,Cooperation Of PDCL (PhLP1) And TRiC/CCT In G-protein Beta Folding R-HSA-6814122,1/37,0.6084389336275428,1.0835003128445717,0.5383465863324152,GNB1,1.0
Reactome_2022,Regulation Of TP53 Expression And Degradation R-HSA-6806003,1/37,0.6084389336275428,1.0835003128445717,0.5383465863324152,MTOR,1.0
Reactome_2022,Interactions Of Rev With Host Cellular Proteins R-HSA-177243,1/37,0.6084389336275428,1.0835003128445717,0.5383465863324152,RCC1,1.0
Reactome_2022,Cleavage Of Damaged Purine R-HSA-110331,1/37,0.6084389336275428,1.0835003128445717,0.5383465863324152,MUTYH,1.0
Reactome_2022,Cyclin E Associated Events During G1/S Transition R-HSA-69202,2/82,0.6114284831835806,0.9748995793192855,0.4796089490075275,PSMB2;RBBP4,1.0
Reactome_2022,Immune System R-HSA-168256,47/1943,0.6177497559991023,0.9633246502516797,0.4640063463006999,ATAD3B;ATP6V0B;AURKAIP1;C1QA;C1QB;C1QC;CAP1;CAPZB;CASP9;CDC42;CLSTN1;CSF3R;DDOST;EIF4G3;FBXO2;FBXO44;FBXO6;FGR;FUCA1;HECTD3;IFI6;IFNLR1;ISG15;KCNAB2;KLHL21;MIB2;MTOR;PADI2;PPIE;PSMB2;RAP1GAP;RNF19B;RNF220;RPS6KA1;SLC2A5;SPSB1;TINAGL1;TNFRSF14;TNFRSF18;TNFRSF1B;TNFRSF25;TRIM62;TXLNA;UBE2J2;UBR4;VAMP3;WASF2,1.0
Reactome_2022,Transport Of Mature Transcript To Cytoplasm R-HSA-72202,2/83,0.6180344456835448,0.9628142010045242,0.46331686701750835,SRRM1;SRSF4,1.0
Reactome_2022,Antiviral Mechanism By IFN-stimulated Genes R-HSA-1169410,2/83,0.6180344456835448,0.9628142010045242,0.46331686701750835,EIF4G3;ISG15,1.0
Reactome_2022,Assembly Of ORC Complex At Origin Of Replication R-HSA-68616,1/38,0.6182461035512131,1.054162358227803,0.5069136564193013,KPNA6,1.0
Reactome_2022,Fanconi Anemia Pathway R-HSA-6783310,1/38,0.6182461035512131,1.054162358227803,0.5069136564193013,FAAP20,1.0
Reactome_2022,Association Of TriC/CCT With Target Proteins During Biosynthesis R-HSA-390471,1/38,0.6182461035512131,1.054162358227803,0.5069136564193013,FBXO6,1.0
Reactome_2022,FCGR3A-mediated IL10 Synthesis R-HSA-9664323,1/38,0.6182461035512131,1.054162358227803,0.5069136564193013,FGR,1.0
Reactome_2022,HSP90 Chaperone Cycle For Steroid Hormone Receptors (SHR) In Presence Of Ligand R-HSA-3371497,1/38,0.6182461035512131,1.054162358227803,0.5069136564193013,CAPZB,1.0
Reactome_2022,Resolution Of Abasic Sites (AP Sites) R-HSA-73933,1/38,0.6182461035512131,1.054162358227803,0.5069136564193013,MUTYH,1.0
Reactome_2022,Signaling By RAF1 Mutants R-HSA-9656223,1/38,0.6182461035512131,1.054162358227803,0.5069136564193013,CNKSR1,1.0
Reactome_2022,Cyclin A:Cdk2-associated Events At S Phase Entry R-HSA-69656,2/84,0.6245537804473907,0.9510235880145131,0.44766376487342374,PSMB2;RBBP4,1.0
Reactome_2022,Degradation Of Beta-Catenin By Destruction Complex R-HSA-195253,2/84,0.6245537804473907,0.9510235880145131,0.44766376487342374,HDAC1;PSMB2,1.0
Reactome_2022,Synthesis Of PA R-HSA-1483166,1/39,0.6278081187913891,1.026368506485601,0.47779578819140384,PLA2G5,1.0
Reactome_2022,Ovarian Tumor Domain Proteases R-HSA-5689896,1/39,0.6278081187913891,1.026368506485601,0.47779578819140384,OTUD3,1.0
Reactome_2022,NGF-stimulated Transcription R-HSA-9031628,1/39,0.6278081187913891,1.026368506485601,0.47779578819140384,ID3,1.0
Reactome_2022,G1/S Transition R-HSA-69206,3/129,0.6293088655901413,0.9281402519967948,0.4298524726338087,HDAC1;PSMB2;RBBP4,1.0
Reactome_2022,Hedgehog On State R-HSA-5632684,2/85,0.6309866812605202,0.9395170861808878,0.4326199249959512,PSMB2;PTCH2,1.0
Reactome_2022,SUMOylation R-HSA-2990846,4/174,0.6358333967454735,0.9169829041879634,0.415227010962264,HDAC1;PARK7;PHC2;SCMH1,1.0
Reactome_2022,Post-translational Protein Modification R-HSA-597592,33/1383,0.6364905216847322,0.9500356689737782,0.4292125795141347,ALPL;B4GALT2;CAPZB;DDOST;DHDDS;DPH2;FBXO2;FBXO44;FBXO6;FUCA1;HDAC1;ICMT;KLHL21;MAN1C1;MUL1;MXRA8;OTUD3;PARK7;PEX10;PEX14;PHC2;PIGV;PSMB2;PTP4A2;SCMH1;SPSB1;ST3GAL3;SVBP;TRAPPC3;UBE2J2;USP48;VWA1;WDTC1,1.0
Reactome_2022,Presynaptic Phase Of Homologous DNA Pairing And Strand Exchange R-HSA-5693616,1/40,0.6371310956264329,0.9999999804737684,0.45077983417083245,ARTN,1.0
Reactome_2022,Signaling By NTRKs R-HSA-166520,3/132,0.6447367865854171,0.9064152178298376,0.39783753878565253,ID3;PTPRU;RPS6KA1,1.0
Reactome_2022,"Sensory Perception Of Sweet, Bitter, And Umami (Glutamate) Taste R-HSA-9717207",1/41,0.6462209980406004,0.9749498807625273,0.4256765054390078,GNB1,1.0
Reactome_2022,Paradoxical Activation Of RAF Signaling By Kinase Inactive BRAF R-HSA-6802955,1/41,0.6462209980406004,0.9749498807625273,0.4256765054390078,CNKSR1,1.0
Reactome_2022,Carboxyterminal Post-Translational Modifications Of Tubulin R-HSA-8955332,1/41,0.6462209980406004,0.9749498807625273,0.4256765054390078,SVBP,1.0
Reactome_2022,Signaling By Retinoic Acid R-HSA-5362517,1/41,0.6462209980406004,0.9749498807625273,0.4256765054390078,DHRS3,1.0
Reactome_2022,Defective Homologous Recombination Repair (HRR) Due To BRCA2 Loss Of Function R-HSA-9701190,1/41,0.6462209980406004,0.9749498807625273,0.4256765054390078,ARTN,1.0
Reactome_2022,PRC2 Methylates Histones And DNA R-HSA-212300,1/42,0.655083641508695,0.9511217371347614,0.4023172230444335,RBBP4,1.0
Reactome_2022,Activation Of Gene Expression By SREBF (SREBP) R-HSA-2426168,1/42,0.655083641508695,0.9511217371347614,0.4023172230444335,NFYC,1.0
Reactome_2022,Activation Of GABAB Receptors R-HSA-991365,1/42,0.655083641508695,0.9511217371347614,0.4023172230444335,GNB1,1.0
Reactome_2022,Glucagon-like Peptide-1 (GLP1) Regulates Insulin Secretion R-HSA-381676,1/42,0.655083641508695,0.9511217371347614,0.4023172230444335,GNB1,1.0
Reactome_2022,NS1 Mediated Effects On Host Pathways R-HSA-168276,1/42,0.655083641508695,0.9511217371347614,0.4023172230444335,ISG15,1.0
Reactome_2022,Defective Pyroptosis R-HSA-9710421,1/42,0.655083641508695,0.9511217371347614,0.4023172230444335,RBBP4,1.0
Reactome_2022,tRNA Modification In Nucleus And Cytosol R-HSA-6782315,1/42,0.655083641508695,0.9511217371347614,0.4023172230444335,TRIT1,1.0
Reactome_2022,Intra-Golgi Traffic R-HSA-6811438,1/42,0.655083641508695,0.9511217371347614,0.4023172230444335,MAN1C1,1.0
Reactome_2022,Kinesins R-HSA-983189,1/42,0.655083641508695,0.9511217371347614,0.4023172230444335,KIF1B,1.0
Reactome_2022,Vasopressin Regulates Renal Water Homeostasis Via Aquaporins R-HSA-432040,1/42,0.655083641508695,0.9511217371347614,0.4023172230444335,GNB1,1.0
Reactome_2022,Signaling By SCF-KIT R-HSA-1433557,1/42,0.655083641508695,0.9511217371347614,0.4023172230444335,PTPRU,1.0
Reactome_2022,ER-Phagosome Pathway R-HSA-1236974,2/89,0.6558593258713906,0.8961362516817029,0.37799829613127345,PSMB2;VAMP3,1.0
Reactome_2022,Mitochondrial Biogenesis R-HSA-1592230,2/89,0.6558593258713906,0.8961362516817029,0.37799829613127345,DNAJC11;MICOS10,1.0
Reactome_2022,Metabolism Of Lipids R-HSA-556833,17/732,0.6571744666950866,0.9247129495382947,0.38819980889974237,ACOT7;CLSTN1;CPTP;ELOVL1;FABP3;HMGCL;LDLRAP1;MECR;MED18;MED8;MFSD2A;NFYC;OXCT2;PLA2G5;PPT1;PRXL2B;THRAP3,1.0
Reactome_2022,Respiratory Electron Transport R-HSA-611105,2/90,0.6618644374489302,0.8859072480924065,0.36560906765204365,NDUFS5;SDHB,1.0
Reactome_2022,Chaperonin-mediated Protein Folding R-HSA-390466,2/90,0.6618644374489302,0.8859072480924065,0.36560906765204365,FBXO6;GNB1,1.0
Reactome_2022,Homologous DNA Pairing And Strand Exchange R-HSA-5693579,1/43,0.6637246966868517,0.9284282670130798,0.38055144666004936,ARTN,1.0
Reactome_2022,Formation Of HIV-1 Elongation Complex Containing HIV-1 Tat R-HSA-167200,1/43,0.6637246966868517,0.9284282670130798,0.38055144666004936,ELOA,1.0
Reactome_2022,GPER1 Signaling R-HSA-9634597,1/43,0.6637246966868517,0.9284282670130798,0.38055144666004936,GNB1,1.0
Reactome_2022,Late Phase Of HIV Life Cycle R-HSA-162599,3/136,0.6645933180403498,0.8789730694084177,0.35913079667535047,ELOA;RCC1;TAF12,1.0
Reactome_2022,Intra-Golgi And Retrograde Golgi-to-ER Traffic R-HSA-6811442,4/181,0.6662889201107218,0.8803991079106706,0.3574701124466492,CAPZB;KIF1B;MAN1C1;VAMP3,1.0
Reactome_2022,Influenza Viral RNA Transcription And Replication R-HSA-168273,3/137,0.6694295971691787,0.8723685224935611,0.3501070281550955,RPL11;RPL22;RPS8,1.0
Reactome_2022,G2/M Transition R-HSA-69275,4/182,0.6704947172303868,0.8754077392372036,0.34993501271017863,CDK11A;CDK11B;PSMB2;RBBP4,1.0
Reactome_2022,Cellular Response To Chemical Stress R-HSA-9711123,4/182,0.6704947172303868,0.8754077392372036,0.34993501271017863,MUL1;PRDX1;PSMB2;SESN2,1.0
Reactome_2022,"Base-Excision Repair, AP Site Formation R-HSA-73929",1/44,0.6721496930117791,0.9067903071296158,0.3602443990990749,MUTYH,1.0
Reactome_2022,Interleukin-2 Family Signaling R-HSA-451927,1/44,0.6721496930117791,0.9067903071296158,0.3602443990990749,CLSTN1,1.0
Reactome_2022,"Interleukin-3, Interleukin-5 And GM-CSF Signaling R-HSA-512988",1/44,0.6721496930117791,0.9067903071296158,0.3602443990990749,CLSTN1,1.0
Reactome_2022,TP53 Regulates Transcription Of Cell Death Genes R-HSA-5633008,1/44,0.6721496930117791,0.9067903071296158,0.3602443990990749,TP73,1.0
Reactome_2022,Class B/2 (Secretin Family Receptors) R-HSA-373080,2/92,0.673621866006799,0.8661311744864333,0.342196608826402,GNB1;PTCH2,1.0
Reactome_2022,Post-translational Modification: Synthesis Of GPI-anchored Proteins R-HSA-163125,2/92,0.673621866006799,0.8661311744864333,0.342196608826402,ALPL;PIGV,1.0
Reactome_2022,Mitotic G2-G2/M Phases R-HSA-453274,4/184,0.6787966322766674,0.865591380846052,0.3353592773625641,CDK11A;CDK11B;PSMB2;RBBP4,1.0
Reactome_2022,Unattached Kinetochores Signal Amplification Via A MAD2 Inhibitory Signal R-HSA-141444,2/93,0.6793751298460649,0.8565691169187101,0.33113405672357343,NUDC;RCC2,1.0
Reactome_2022,Formation Of HIV Elongation Complex In Absence Of HIV Tat R-HSA-167152,1/45,0.6803640222107221,0.8861358908772183,0.34127512066551413,ELOA,1.0
Reactome_2022,TBC/RABGAPs R-HSA-8854214,1/45,0.6803640222107221,0.8861358908772183,0.34127512066551413,SYTL1,1.0
Reactome_2022,Glycosphingolipid Metabolism R-HSA-1660662,1/45,0.6803640222107221,0.8861358908772183,0.34127512066551413,CPTP,1.0
Reactome_2022,Interleukin-10 Signaling R-HSA-6783783,1/45,0.6803640222107221,0.8861358908772183,0.34127512066551413,TNFRSF1B,1.0
Reactome_2022,Cytokine Signaling In Immune System R-HSA-1280215,16/702,0.6832668523746144,0.9066332371771199,0.34530921015979577,AURKAIP1;CDC42;CLSTN1;CSF3R;EIF4G3;IFI6;IFNLR1;ISG15;PSMB2;RPS6KA1;TNFRSF14;TNFRSF18;TNFRSF1B;TNFRSF25;TRIM62;TXLNA,1.0
Reactome_2022,Hemostasis R-HSA-109582,13/576,0.6858096131681943,0.897877661380434,0.33863924834773856,CAP1;CAPZB;CDC42;FGR;GNB1;HDAC1;KDM1A;KIF1B;MFN2;PAFAH2;PDPN;PRKCZ;SDC3,1.0
Reactome_2022,HIV Transcription Initiation R-HSA-167161,1/46,0.6883729417243597,0.866399448680483,0.32353479951144853,TAF12,1.0
Reactome_2022,Metabolism Of Nucleotides R-HSA-15869,2/95,0.690633336901626,0.8380619087231166,0.31020545000076105,AK2;CTPS1,1.0
Reactome_2022,Transport Of Small Molecules R-HSA-382551,16/706,0.6918144597733046,0.9011857526105472,0.33203060863231265,ATP13A2;ATP6V0B;BEST4;CLCN6;CLCNKA;CLCNKB;GNB1;LDLRAP1;NIPAL3;PSMB2;SCNN1D;SLC2A1;SLC66A1;SLC6A9;SLC9A1;TRNP1,1.0
Reactome_2022,Clathrin-mediated Endocytosis R-HSA-8856828,3/142,0.6928444754934949,0.8407712296994629,0.30852077326311794,LDLRAP1;NECAP2;VAMP3,1.0
Reactome_2022,Protein Folding R-HSA-391251,2/96,0.6961393903146278,0.8291036324156752,0.30030578401685504,FBXO6;GNB1,1.0
Reactome_2022,SARS-CoV-2 Modulates Host Translation Machinery R-HSA-9754678,1/47,0.6961815780447878,0.8475211126662144,0.30692533390587734,RPS8,1.0
Reactome_2022,G Alpha (Z) Signaling Events R-HSA-418597,1/47,0.6961815780447878,0.8475211126662144,0.30692533390587734,GNB1,1.0
Reactome_2022,PKMTs Methylate Histone Lysines R-HSA-3214841,1/47,0.6961815780447878,0.8475211126662144,0.30692533390587734,RBBP4,1.0
Reactome_2022,Signaling By Receptor Tyrosine Kinases R-HSA-9006934,11/496,0.6991741613005984,0.8819387170644792,0.31560654117698855,ATP6V0B;CDC42;COL9A2;HDAC1;ID3;MTOR;PRKCZ;PTPRU;RPS6KA1;STMN1;WASF2,1.0
Reactome_2022,EML4 And NUDC In Mitotic Spindle Formation R-HSA-9648025,2/97,0.7015641900709,0.8203339513989165,0.29076152797126625,NUDC;RCC2,1.0
Reactome_2022,Cross-presentation Of Soluble Exogenous Antigens (Endosomes) R-HSA-1236978,1/48,0.7037949299706938,0.8294461100993615,0.29135809012756914,PSMB2,1.0
Reactome_2022,Retrograde Transport At Trans-Golgi-Network R-HSA-6811440,1/48,0.7037949299706938,0.8294461100993615,0.29135809012756914,VAMP3,1.0
Reactome_2022,RUNX1 Regulates Transcription Of Genes Involved In Differentiation Of HSCs R-HSA-8939236,2/98,0.7069083484103229,0.8117469720700072,0.28155789204644355,PSMB2;TP73,1.0
Reactome_2022,Netrin-1 Signaling R-HSA-373752,1/49,0.7112178717817731,0.8121242326394609,0.27675282598934386,CDC42,1.0
Reactome_2022,TP53 Regulates Transcription Of Cell Cycle Genes R-HSA-6791312,1/49,0.7112178717817731,0.8121242326394609,0.27675282598934386,PLK3,1.0
Reactome_2022,Signaling By EGFR R-HSA-177929,1/49,0.7112178717817731,0.8121242326394609,0.27675282598934386,CDC42,1.0
Reactome_2022,Regulation Of Activated PAK-2p34 By Proteasome Mediated Degradation R-HSA-211733,1/49,0.7112178717817731,0.8121242326394609,0.27675282598934386,PSMB2,1.0
Reactome_2022,RMTs Methylate Histone Arginines R-HSA-3214858,1/49,0.7112178717817731,0.8121242326394609,0.27675282598934386,ARID1A,1.0
Reactome_2022,Metabolism Of Proteins R-HSA-392499,44/1890,0.7147305482754364,0.9227822881686327,0.309916120388327,ALPL;AURKAIP1;B4GALT2;CAPZB;DDOST;DHDDS;DLGAP3;DPH2;EIF2B3;EIF3I;FBXO2;FBXO44;FBXO6;FUCA1;GNB1;HDAC1;HSPG2;ICMT;KLHL21;MAN1C1;MRPL20;MRPS15;MUL1;MXRA8;OTUD3;PARK7;PEX10;PEX14;PHC2;PIGV;PSMB2;PTP4A2;RPL11;RPL22;RPS8;SCMH1;SPSB1;ST3GAL3;SVBP;TRAPPC3;UBE2J2;USP48;VWA1;WDTC1,1.0
Reactome_2022,Mitotic G1 Phase And G1/S Transition R-HSA-453279,3/147,0.7149889806866008,0.8113681933493992,0.2722044125604987,HDAC1;PSMB2;RBBP4,1.0
Reactome_2022,Regulation Of Ornithine Decarboxylase (ODC) R-HSA-350562,1/50,0.7184551563343827,0.7955093705860867,0.26303675510082225,PSMB2,1.0
Reactome_2022,Aquaporin-mediated Transport R-HSA-445717,1/50,0.7184551563343827,0.7955093705860867,0.26303675510082225,GNB1,1.0
Reactome_2022,CDC42 GTPase Cycle R-HSA-9013148,3/149,0.72349468549557,0.8001708726571832,0.25898496778834085,ARHGEF16;CDC42;VAMP3,1.0
Reactome_2022,HIV Life Cycle R-HSA-162587,3/149,0.72349468549557,0.8001708726571832,0.25898496778834085,ELOA;RCC1;TAF12,1.0
Reactome_2022,DNA Double-Strand Break Repair R-HSA-5693532,3/149,0.72349468549557,0.8001708726571832,0.25898496778834085,ARTN;EYA3;KDM4A,1.0
Reactome_2022,Vpu Mediated Degradation Of CD4 R-HSA-180534,1/51,0.7255114180803882,0.7795591030148475,0.25014373112685545,PSMB2,1.0
Reactome_2022,Autodegradation Of E3 Ubiquitin Ligase COP1 R-HSA-349425,1/51,0.7255114180803882,0.7795591030148475,0.25014373112685545,PSMB2,1.0
Reactome_2022,Complex I Biogenesis R-HSA-6799198,1/51,0.7255114180803882,0.7795591030148475,0.25014373112685545,NDUFS5,1.0
Reactome_2022,Nonhomologous End-Joining (NHEJ) R-HSA-5693571,1/51,0.7255114180803882,0.7795591030148475,0.25014373112685545,ARTN,1.0
Reactome_2022,Synthesis Of PIPs At Plasma Membrane R-HSA-1660499,1/51,0.7255114180803882,0.7795591030148475,0.25014373112685545,CLSTN1,1.0
Reactome_2022,GSK3B And BTRC:CUL1-mediated-degradation Of NFE2L2 R-HSA-9762114,1/51,0.7255114180803882,0.7795591030148475,0.25014373112685545,PSMB2,1.0
Reactome_2022,Ubiquitin Mediated Degradation Of Phosphorylated Cdc25A R-HSA-69601,1/51,0.7255114180803882,0.7795591030148475,0.25014373112685545,PSMB2,1.0
Reactome_2022,Ubiquitin-dependent Degradation Of Cyclin D R-HSA-75815,1/51,0.7255114180803882,0.7795591030148475,0.25014373112685545,PSMB2,1.0
Reactome_2022,Signaling By PDGF R-HSA-186797,1/52,0.7323911760111017,0.7642343361326766,0.23801353469116196,COL9A2,1.0
Reactome_2022,Formation Of TC-NER Pre-Incision Complex R-HSA-6781823,1/52,0.7323911760111017,0.7642343361326766,0.23801353469116196,PPIE,1.0
Reactome_2022,SARS-CoV-1 Infection R-HSA-9678108,1/52,0.7323911760111017,0.7642343361326766,0.23801353469116196,ST3GAL3,1.0
Reactome_2022,Signaling By Non-Receptor Tyrosine Kinases R-HSA-9006927,1/52,0.7323911760111017,0.7642343361326766,0.23801353469116196,KHDRBS1,1.0
Reactome_2022,Regulation Of Apoptosis R-HSA-169911,1/52,0.7323911760111017,0.7642343361326766,0.23801353469116196,PSMB2,1.0
Reactome_2022,Antigen processing-Cross Presentation R-HSA-1236975,2/104,0.7373164882315374,0.7637609111143371,0.23274701167231962,PSMB2;VAMP3,1.0
Reactome_2022,Deposition Of New CENPA-containing Nucleosomes At Centromere R-HSA-606279,1/53,0.7390988365281685,0.7494989833613583,0.22659124835916478,RBBP4,1.0
Reactome_2022,"Nucleotide-binding Domain, Leucine Rich Repeat Containing NLR Signaling Pathways R-HSA-168643",1/53,0.7390988365281685,0.7494989833613583,0.22659124835916478,CASP9,1.0
Reactome_2022,Vif-mediated Degradation Of APOBEC3G R-HSA-180585,1/53,0.7390988365281685,0.7494989833613583,0.22659124835916478,PSMB2,1.0
Reactome_2022,Ion Transport By P-type ATPases R-HSA-936837,1/53,0.7390988365281685,0.7494989833613583,0.22659124835916478,ATP13A2,1.0
Reactome_2022,Negative Regulation Of NOTCH4 Signaling R-HSA-9604323,1/53,0.7390988365281685,0.7494989833613583,0.22659124835916478,PSMB2,1.0
Reactome_2022,Interferon Signaling R-HSA-913531,4/200,0.7399282084286274,0.7942725321266648,0.2392365650754684,EIF4G3;IFI6;ISG15;TRIM62,1.0
Reactome_2022,Integration Of Energy Metabolism R-HSA-163685,2/105,0.742114827668495,0.756306765723165,0.22556947117316226,GNB1;SLC2A1,1.0
Reactome_2022,tRNA Processing R-HSA-72306,2/105,0.742114827668495,0.756306765723165,0.22556947117316226,TRIT1;ZBTB8OS,1.0
Reactome_2022,Developmental Biology R-HSA-1266738,24/1073,0.7429434657978606,0.8868469990166205,0.2635135723958857,AGRN;ARTN;CAP1;CDC42;CLSTN1;COL9A2;CSF3R;EPHA10;EPHA2;EPHA8;EPHB2;KAZN;LYPLA2;MED18;MED8;POU3F1;PSMB2;RAP1GAP;RBBP4;RPL11;RPL22;RPS6KA1;RPS8;THRAP3,1.0
Reactome_2022,Pyruvate Metabolism And Citric Acid (TCA) Cycle R-HSA-71406,1/54,0.7456386962432092,0.7353196816380144,0.2158267074287607,SDHB,1.0
Reactome_2022,Regulation Of RUNX3 Expression And Activity R-HSA-8941858,1/54,0.7456386962432092,0.7353196816380144,0.2158267074287607,PSMB2,1.0
Reactome_2022,FBXL7 Down-Regulates AURKA During Mitotic Entry And In Early Mitosis R-HSA-8854050,1/54,0.7456386962432092,0.7353196816380144,0.2158267074287607,PSMB2,1.0
Reactome_2022,Degradation Of AXIN R-HSA-4641257,1/54,0.7456386962432092,0.7353196816380144,0.2158267074287607,PSMB2,1.0
Reactome_2022,AUF1 (hnRNP D0) Binds And Destabilizes mRNA R-HSA-450408,1/54,0.7456386962432092,0.7353196816380144,0.2158267074287607,PSMB2,1.0
Reactome_2022,SCF-beta-TrCP Mediated Degradation Of Emi1 R-HSA-174113,1/54,0.7456386962432092,0.7353196816380144,0.2158267074287607,PSMB2,1.0
Reactome_2022,Resolution Of Sister Chromatid Cohesion R-HSA-2500257,2/106,0.7468380408628423,0.7489959692818233,0.2186371140682197,NUDC;RCC2,1.0
Reactome_2022,Post-translational Protein Phosphorylation R-HSA-8957275,2/106,0.7468380408628423,0.7489959692818233,0.2186371140682197,MXRA8;VWA1,1.0
Reactome_2022,Golgi Associated Vesicle Biogenesis R-HSA-432722,1/55,0.752014944707984,0.7216655392377572,0.20567401615617775,PUM1,1.0
Reactome_2022,Degradation Of DVL R-HSA-4641258,1/55,0.752014944707984,0.7216655392377572,0.20567401615617775,PSMB2,1.0
Reactome_2022,Regulation Of Cholesterol Biosynthesis By SREBP (SREBF) R-HSA-1655829,1/55,0.752014944707984,0.7216655392377572,0.20567401615617775,NFYC,1.0
Reactome_2022,Hh Mutants Are Degraded By ERAD R-HSA-5362768,1/55,0.752014944707984,0.7216655392377572,0.20567401615617775,PSMB2,1.0
Reactome_2022,Neuronal System R-HSA-112316,8/386,0.752493530942222,0.8225577330985276,0.2339048852514712,DLGAP3;EPB41;GNB1;GRIK3;KCNAB2;KCNQ4;PTPRF;RPS6KA1,1.0
Reactome_2022,Meiotic Recombination R-HSA-912446,1/56,0.7582316670767987,0.7085079111066004,0.19609112062047457,ARTN,1.0
Reactome_2022,Stabilization Of P53 R-HSA-69541,1/56,0.7582316670767987,0.7085079111066004,0.19609112062047457,PSMB2,1.0
Reactome_2022,Signaling By B Cell Receptor (BCR) R-HSA-983705,2/109,0.760564455247931,0.7278834823624343,0.19921764541935671,CLSTN1;PSMB2,1.0
Reactome_2022,tRNA Processing In Nucleus R-HSA-6784531,1/57,0.7642928467028317,0.695820198265842,0.18703943074386273,ZBTB8OS,1.0
Reactome_2022,Signaling By ERBB4 R-HSA-1236394,1/57,0.7642928467028317,0.695820198265842,0.18703943074386273,STMN1,1.0
Reactome_2022,"Platelet Activation, Signaling And Aggregation R-HSA-76002",5/254,0.7643525443472012,0.7809419342457068,0.2098595199633296,CAP1;CDC42;GNB1;PDPN;PRKCZ,1.0
Reactome_2022,Mitotic Spindle Checkpoint R-HSA-69618,2/110,0.7649947399066567,0.721106634709297,0.19317460350623547,NUDC;RCC2,1.0
Reactome_2022,Assembly Of Pre-Replicative Complex R-HSA-68867,2/110,0.7649947399066567,0.721106634709297,0.19317460350623547,KPNA6;PSMB2,1.0
Reactome_2022,Infectious Disease R-HSA-5663205,21/961,0.7682498773974573,0.865633172107334,0.22821573513275098,AGRN;CDC42;DDOST;ELOA;ENO1;FGR;GNB1;HDAC1;HSPG2;ISG15;KDM1A;PSMB2;RBBP4;RCC1;RPL11;RPL22;RPS8;SDC3;ST3GAL3;TAF12;WASF2,1.0
Reactome_2022,NIK To Noncanonical NF-kB Signaling R-HSA-5676590,1/58,0.7702023676700172,0.6835776683317768,0.17848348508346934,PSMB2,1.0
Reactome_2022,Hh Mutants Abrogate Ligand Secretion R-HSA-5387390,1/58,0.7702023676700172,0.6835776683317768,0.17848348508346934,PSMB2,1.0
Reactome_2022,"Respiratory Electron Transport, ATP Synthesis By Chemiosmotic Coupling, Heat Production By Uncoupling Proteins R-HSA-163200",2/112,0.7736422055957416,0.7079225856386483,0.18168534342239936,NDUFS5;SDHB,1.0
Reactome_2022,Golgi-to-ER Retrograde Transport R-HSA-8856688,2/112,0.7736422055957416,0.7079225856386483,0.18168534342239936,CAPZB;KIF1B,1.0
Reactome_2022,Degradation Of GLI1 By Proteasome R-HSA-5610780,1/59,0.7759640172620837,0.6717572946023346,0.17039065293164796,PSMB2,1.0
Reactome_2022,O-linked Glycosylation Of Mucins R-HSA-913709,1/59,0.7759640172620837,0.6717572946023346,0.17039065293164796,ST3GAL3,1.0
Reactome_2022,Role Of GTSE1 In G2/M Progression After G2 Checkpoint R-HSA-8852276,1/59,0.7759640172620837,0.6717572946023346,0.17039065293164796,PSMB2,1.0
Reactome_2022,Arachidonic Acid Metabolism R-HSA-2142753,1/59,0.7759640172620837,0.6717572946023346,0.17039065293164796,PRXL2B,1.0
Reactome_2022,GABA Receptor Activation R-HSA-977443,1/59,0.7759640172620837,0.6717572946023346,0.17039065293164796,GNB1,1.0
Reactome_2022,Degradation Of GLI2 By Proteasome R-HSA-5610783,1/59,0.7759640172620837,0.6717572946023346,0.17039065293164796,PSMB2,1.0
Reactome_2022,Transcriptional Regulation Of Granulopoiesis R-HSA-9616222,1/59,0.7759640172620837,0.6717572946023346,0.17039065293164796,CSF3R,1.0
Reactome_2022,SCF(Skp2)-mediated Degradation Of P27/P21 R-HSA-187577,1/59,0.7759640172620837,0.6717572946023346,0.17039065293164796,PSMB2,1.0
Reactome_2022,GLI3 Is Processed To GLI3R By Proteasome R-HSA-5610785,1/59,0.7759640172620837,0.6717572946023346,0.17039065293164796,PSMB2,1.0
Reactome_2022,Iron Uptake And Transport R-HSA-917937,1/59,0.7759640172620837,0.6717572946023346,0.17039065293164796,ATP6V0B,1.0
Reactome_2022,rRNA Modification In Nucleus And Cytosol R-HSA-6790901,1/60,0.7815814883703007,0.6603376115077888,0.1627308690374859,UTP11,1.0
Reactome_2022,Formation Of beta-catenin:TCF Transactivating Complex R-HSA-201722,1/60,0.7815814883703007,0.6603376115077888,0.1627308690374859,HDAC1,1.0
Reactome_2022,Defective CFTR Causes Cystic Fibrosis R-HSA-5678895,1/60,0.7815814883703007,0.6603376115077888,0.1627308690374859,PSMB2,1.0
Reactome_2022,Signaling By NTRK1 (TRKA) R-HSA-187037,2/114,0.782010808004003,0.6952093954633799,0.170942756264128,ID3;RPS6KA1,1.0
Reactome_2022,DNA Damage/Telomere Stress Induced Senescence R-HSA-2559586,1/61,0.787058381841457,0.6492985845163944,0.155476396916813,ARTN,1.0
Reactome_2022,Post NMDA Receptor Activation Events R-HSA-438064,1/61,0.787058381841457,0.6492985845163944,0.155476396916813,RPS6KA1,1.0
Reactome_2022,Dectin-1 Mediated Noncanonical NF-kB Signaling R-HSA-5607761,1/61,0.787058381841457,0.6492985845163944,0.155476396916813,PSMB2,1.0
Reactome_2022,Epigenetic Regulation Of Gene Expression R-HSA-212165,2/116,0.7901069381965593,0.6829422821363664,0.1608923083124404,HDAC1;RBBP4,1.0
Reactome_2022,MAP Kinase Activation R-HSA-450294,1/62,0.7923982087675449,0.6386214928361933,0.14860161727231638,RPS6KA1,1.0
Reactome_2022,RHO GTPases Activate PKNs R-HSA-5625740,1/62,0.7923982087675449,0.6386214928361933,0.14860161727231638,KDM1A,1.0
Reactome_2022,RAB Geranylgeranylation R-HSA-8873719,1/62,0.7923982087675449,0.6386214928361933,0.14860161727231638,PTP4A2,1.0
Reactome_2022,Asymmetric Localization Of PCP Proteins R-HSA-4608870,1/62,0.7923982087675449,0.6386214928361933,0.14860161727231638,PSMB2,1.0
Reactome_2022,TP53 Regulates Transcription Of DNA Repair Genes R-HSA-6796648,1/62,0.7923982087675449,0.6386214928361933,0.14860161727231638,ELOA,1.0
Reactome_2022,Autodegradation Of Cdh1 By Cdh1:APC/C R-HSA-174084,1/63,0.7976043927186045,0.6282888234682568,0.1420828385159673,PSMB2,1.0
Reactome_2022,Biological Oxidations R-HSA-211859,4/218,0.7977010545241137,0.7267862383618241,0.16426922137174943,AKR1A1;AKR7A2;AKR7A3;AURKAIP1,1.0
Reactome_2022,Separation Of Sister Chromatids R-HSA-2467813,3/170,0.8011734501927776,0.6987915380067005,0.15490658009244124,NUDC;PSMB2;RCC2,1.0
Reactome_2022,Transcriptional Regulation By RUNX2 R-HSA-8878166,2/119,0.8017543461564925,0.6653279655642447,0.14700622300645044,HIVEP3;PSMB2,1.0
Reactome_2022,Signaling By Interleukins R-HSA-449147,9/453,0.8020732345387674,0.7867011458369888,0.17351115474585468,AURKAIP1;CDC42;CLSTN1;CSF3R;IFNLR1;PSMB2;RPS6KA1;TNFRSF1B;TXLNA,1.0
Reactome_2022,Hedgehog Ligand Biogenesis R-HSA-5358346,1/64,0.8026802719201244,0.618284175350096,0.13589812678667668,PSMB2,1.0
Reactome_2022,Oxygen-dependent Proline Hydroxylation Of Hypoxia-inducible Factor Alpha R-HSA-1234176,1/64,0.8026802719201244,0.618284175350096,0.13589812678667668,PSMB2,1.0
Reactome_2022,Gap-filling DNA Repair Synthesis And Ligation In TC-NER R-HSA-6782210,1/64,0.8026802719201244,0.618284175350096,0.13589812678667668,PPIE,1.0
Reactome_2022,Regulation Of RAS By GAPs R-HSA-5658442,1/65,0.8076291013763812,0.6085921724856278,0.13002715319812605,PSMB2,1.0
Reactome_2022,Dual Incision In TC-NER R-HSA-6782135,1/65,0.8076291013763812,0.6085921724856278,0.13002715319812605,PPIE,1.0
Reactome_2022,p53-Dependent G1 DNA Damage Response R-HSA-69563,1/65,0.8076291013763812,0.6085921724856278,0.13002715319812605,PSMB2,1.0
Reactome_2022,COPII-mediated Vesicle Transport R-HSA-204005,1/66,0.8124540549410568,0.5991983850939124,0.12445105634447923,TRAPPC3,1.0
Reactome_2022,Activation Of NF-kappaB In B Cells R-HSA-1169091,1/66,0.8124540549410568,0.5991983850939124,0.12445105634447923,PSMB2,1.0
Reactome_2022,Rab Regulation Of Trafficking R-HSA-9007101,2/122,0.8128250331324672,0.648594364820729,0.13441430959983428,SYTL1;TRAPPC3,1.0
Reactome_2022,Innate Immune System R-HSA-168249,22/1035,0.8130843694517536,0.8399467832638856,0.17380212383009114,ATAD3B;ATP6V0B;C1QA;C1QB;C1QC;CAP1;CASP9;CDC42;DDOST;FGR;FUCA1;ISG15;KCNAB2;PADI2;PPIE;PSMB2;RPS6KA1;SLC2A5;TINAGL1;TNFRSF1B;UBR4;WASF2,1.0
Reactome_2022,Regulation Of IGF Transport And Uptake By IGFBPs R-HSA-381426,2/123,0.8163908814096035,0.6432008902009181,0.13048103016472762,MXRA8;VWA1,1.0
Reactome_2022,G1/S DNA Damage Checkpoints R-HSA-69615,1/67,0.8171582273364354,0.5900892579261884,0.11915231834284926,PSMB2,1.0
Reactome_2022,HDR Thru Homologous Recombination (HRR) R-HSA-5685942,1/67,0.8171582273364354,0.5900892579261884,0.11915231834284926,ARTN,1.0
Reactome_2022,APC/C:Cdc20 Mediated Degradation Of Securin R-HSA-174154,1/67,0.8171582273364354,0.5900892579261884,0.11915231834284926,PSMB2,1.0
Reactome_2022,Orc1 Removal From Chromatin R-HSA-68949,1/69,0.8262162236168772,0.5726747501055396,0.10932290413626464,PSMB2,1.0
Reactome_2022,Glycolysis R-HSA-70171,1/69,0.8262162236168772,0.5726747501055396,0.10932290413626464,ENO1,1.0
Reactome_2022,Interleukin-17 Signaling R-HSA-448424,1/69,0.8262162236168772,0.5726747501055396,0.10932290413626464,RPS6KA1,1.0
Reactome_2022,HIV Infection R-HSA-162906,4/229,0.8276132442879957,0.6908602014835534,0.13071719584005223,ELOA;PSMB2;RCC1;TAF12,1.0
Reactome_2022,Disease R-HSA-1643685,38/1736,0.8283132620368687,0.862328466055893,0.1624315187598593,AGRN;AGTRAP;ARTN;B3GALT6;CASP9;CDC42;CLCN6;CLSTN1;CNKSR1;DDOST;DHDDS;ELOA;ENO1;FGR;GALE;GNB1;HDAC1;HES5;HEYL;HSPG2;ISG15;KDM1A;MIB2;MMACHC;MTOR;MUTYH;PRDX1;PSMB2;RBBP4;RCC1;RPL11;RPL22;RPS8;SDC3;SLC2A1;ST3GAL3;TAF12;WASF2,1.0
Reactome_2022,DNA Replication Pre-Initiation R-HSA-69002,2/127,0.8300538921124082,0.6224899476608444,0.11594787225661676,KPNA6;PSMB2,1.0
Reactome_2022,Glycerophospholipid Biosynthesis R-HSA-1483206,2/127,0.8300538921124082,0.6224899476608444,0.11594787225661676,MFSD2A;PLA2G5,1.0
Reactome_2022,trans-Golgi Network Vesicle Budding R-HSA-199992,1/71,0.8348263389792729,0.5562553570174993,0.10042164348467413,PUM1,1.0
Reactome_2022,Mitotic Anaphase R-HSA-68882,4/232,0.8351058844765447,0.6816638236223692,0.12283360861843597,NUDC;PSMB2;RCC1;RCC2,1.0
Reactome_2022,Neurotransmitter Receptors And Postsynaptic Signal Transmission R-HSA-112314,3/182,0.8367449895256106,0.6515405153124612,0.11612792767722477,GNB1;GRIK3;RPS6KA1,1.0
Reactome_2022,Mitotic Metaphase And Anaphase R-HSA-2555396,4/233,0.8375423399086096,0.6786519094756932,0.1203137596288042,NUDC;PSMB2;RCC1;RCC2,1.0
Reactome_2022,CDK-mediated Phosphorylation And Removal Of Cdc6 R-HSA-69017,1/72,0.8389703918926333,0.5483925490598461,0.09628668857717615,PSMB2,1.0
Reactome_2022,Base Excision Repair R-HSA-73884,1/72,0.8389703918926333,0.5483925490598461,0.09628668857717615,MUTYH,1.0
Reactome_2022,Cdc20:Phospho-APC/C Mediated Degradation Of Cyclin A R-HSA-174184,1/72,0.8389703918926333,0.5483925490598461,0.09628668857717615,PSMB2,1.0
Reactome_2022,Host Interactions Of HIV Factors R-HSA-162909,2/130,0.839693172954599,0.6078062130084093,0.10619512607600251,PSMB2;RCC1,1.0
Reactome_2022,APC:Cdc20 Mediated Degradation Of Cell Cycle Proteins Before Cycle Checkpoint Satisfied R-HSA-179419,1/73,0.843010677122144,0.54074815243435,0.0923466201573332,PSMB2,1.0
Reactome_2022,Cellular Response To Hypoxia R-HSA-1234174,1/73,0.843010677122144,0.54074815243435,0.0923466201573332,PSMB2,1.0
Reactome_2022,APC/C:Cdh1 Mediated Degradation Of Cdc20 And APC/C:Cdh1 Targets In Late Mitosis/Early G1 R-HSA-174178,1/73,0.843010677122144,0.54074815243435,0.0923466201573332,PSMB2,1.0
Reactome_2022,Activation Of NMDA Receptors And Postsynaptic Events R-HSA-442755,1/74,0.8469497879486069,0.5333131913328402,0.08859071723859156,RPS6KA1,1.0
Reactome_2022,NoRC Negatively Regulates rRNA Expression R-HSA-427413,1/74,0.8469497879486069,0.5333131913328402,0.08859071723859156,HDAC1,1.0
Reactome_2022,Formation Of Cornified Envelope R-HSA-6809371,1/74,0.8469497879486069,0.5333131913328402,0.08859071723859156,KAZN,1.0
Reactome_2022,ER To Golgi Anterograde Transport R-HSA-199977,2/133,0.8488350857465583,0.5937950158209713,0.09731727702765176,CAPZB;TRAPPC3,1.0
Reactome_2022,Nuclear Envelope (NE) Reassembly R-HSA-2995410,1/75,0.8507902529704727,0.5260791751259657,0.0850089508503224,RCC1,1.0
Reactome_2022,APC/C:Cdc20 Mediated Degradation Of Mitotic Proteins R-HSA-176409,1/75,0.8507902529704727,0.5260791751259657,0.0850089508503224,PSMB2,1.0
Reactome_2022,Activation Of APC/C And APC/C:Cdc20 Mediated Degradation Of Mitotic Proteins R-HSA-176814,1/76,0.854534537713999,0.5190380660179412,0.08159193203908363,PSMB2,1.0
Reactome_2022,Transcriptional Regulation By Small RNAs R-HSA-5578749,1/76,0.854534537713999,0.5190380660179412,0.08159193203908363,AGO1,1.0
Reactome_2022,Signaling By Hedgehog R-HSA-5358351,2/135,0.8546637721275473,0.5848053755202592,0.09184200955436161,PSMB2;PTCH2,1.0
Reactome_2022,ABC Transporter Disorders R-HSA-5619084,1/77,0.8581850462034089,0.5121822492548647,0.07833086435188555,PSMB2,1.0
Reactome_2022,Negative Epigenetic Regulation Of rRNA Expression R-HSA-5250941,1/77,0.8581850462034089,0.5121822492548647,0.07833086435188555,HDAC1,1.0
Reactome_2022,Transcription-Coupled Nucleotide Excision Repair (TC-NER) R-HSA-6781827,1/77,0.8581850462034089,0.5121822492548647,0.07833086435188555,PPIE,1.0
Reactome_2022,G2/M DNA Damage Checkpoint R-HSA-69473,1/77,0.8581850462034089,0.5121822492548647,0.07833086435188555,ARTN,1.0
Reactome_2022,Signaling By Insulin Receptor R-HSA-74752,1/77,0.8581850462034089,0.5121822492548647,0.07833086435188555,ATP6V0B,1.0
Reactome_2022,COPI-dependent Golgi-to-ER Retrograde Traffic R-HSA-6811434,1/78,0.8617441224920348,0.5055045056544655,0.07521750036522687,KIF1B,1.0
Reactome_2022,Constitutive Signaling By Aberrant PI3K In Cancer R-HSA-2219530,1/78,0.8617441224920348,0.5055045056544655,0.07521750036522687,CLSTN1,1.0
Reactome_2022,FCERI Mediated NF-kB Activation R-HSA-2871837,1/78,0.8617441224920348,0.5055045056544655,0.07521750036522687,PSMB2,1.0
Reactome_2022,Downstream Signaling Events Of B Cell Receptor (BCR) R-HSA-1168372,1/79,0.8652140521554212,0.4989979862489484,0.0722441018709364,PSMB2,1.0
Reactome_2022,Amyloid Fiber Formation R-HSA-977225,1/79,0.8652140521554212,0.4989979862489484,0.0722441018709364,HSPG2,1.0
Reactome_2022,Leishmania Infection R-HSA-9658195,4/247,0.8685964679979981,0.6390880001909611,0.09003256067629513,CDC42;FGR;GNB1;WASF2,1.0
Reactome_2022,Regulation Of APC/C Activators Between G1/S And Early Anaphase R-HSA-176408,1/80,0.8685970637473237,0.4926561888536975,0.06940340337150123,PSMB2,1.0
Reactome_2022,COPI-mediated Anterograde Transport R-HSA-6807878,1/80,0.8685970637473237,0.4926561888536975,0.06940340337150123,CAPZB,1.0
Reactome_2022,Processing Of DNA Double-Strand Break Ends R-HSA-5693607,1/80,0.8685970637473237,0.4926561888536975,0.06940340337150123,ARTN,1.0
Reactome_2022,DDX58/IFIH1-mediated Induction Of Interferon-Alpha/Beta R-HSA-168928,1/81,0.8718953302195294,0.48647293639332795,0.0666885785742909,ISG15,1.0
Reactome_2022,Senescence-Associated Secretory Phenotype (SASP) R-HSA-2559582,1/81,0.8718953302195294,0.48647293639332795,0.0666885785742909,RPS6KA1,1.0
Reactome_2022,PI Metabolism R-HSA-1483255,1/82,0.8751109703063928,0.48044235683321435,0.06409320960654814,CLSTN1,1.0
Reactome_2022,TCF Dependent Signaling In Response To WNT R-HSA-201681,3/198,0.8755488786250212,0.5975855013641673,0.07942168240916514,CTNNBIP1;HDAC1;PSMB2,1.0
Reactome_2022,Ub-specific Processing Proteases R-HSA-5689880,3/201,0.8818424462258665,0.5884397177498258,0.07399151127416478,MUL1;PSMB2;USP48,1.0
Reactome_2022,Membrane Trafficking R-HSA-199991,11/599,0.8870341410932224,0.7235090211029275,0.08672833366159186,CAPZB;GJA4;GJB3;KIF1B;LDLRAP1;MAN1C1;NECAP2;PUM1;SYTL1;TRAPPC3;VAMP3,1.0
Reactome_2022,Cell Junction Organization R-HSA-446728,1/86,0.887187818551639,0.45773899848925736,0.0547907050432783,FBLIM1,1.0
Reactome_2022,"Transport Of Bile Salts And Organic Acids, Metal Ions And Amine Compounds R-HSA-425366",1/86,0.887187818551639,0.45773899848925736,0.0547907050432783,SLC6A9,1.0
Reactome_2022,G2/M Checkpoints R-HSA-69481,2/148,0.8878043452360002,0.5323760692459005,0.06335482435868736,ARTN;PSMB2,1.0
Reactome_2022,APC/C-mediated Degradation Of Cell Cycle Proteins R-HSA-174143,1/87,0.890020302769987,0.4523931495768721,0.05270878024768183,PSMB2,1.0
Reactome_2022,Opioid Signaling R-HSA-111885,1/88,0.8927818077473891,0.4471701937429325,0.05071494188669853,GNB1,1.0
Reactome_2022,Regulation Of mRNA Stability By Proteins That Bind AU-rich Elements R-HSA-450531,1/88,0.8927818077473891,0.4471701937429325,0.05071494188669853,PSMB2,1.0
Reactome_2022,PCP/CE Pathway R-HSA-4086400,1/88,0.8927818077473891,0.4471701937429325,0.05071494188669853,PSMB2,1.0
Reactome_2022,Meiosis R-HSA-1500620,1/88,0.8927818077473891,0.4471701937429325,0.05071494188669853,ARTN,1.0
Reactome_2022,Phospholipid Metabolism R-HSA-1483257,3/208,0.8954385901607497,0.5681405394838485,0.06274637058335969,CLSTN1;MFSD2A;PLA2G5,1.0
Reactome_2022,RAB GEFs Exchange GTP For GDP On RABs R-HSA-8876198,1/89,0.895474108677798,0.4420659414506734,0.04880495107069118,TRAPPC3,1.0
Reactome_2022,Peptide Hormone Metabolism R-HSA-2980736,1/89,0.895474108677798,0.4420659414506734,0.04880495107069118,GNB1,1.0
Reactome_2022,Interferon Gamma Signaling R-HSA-877300,1/89,0.895474108677798,0.4420659414506734,0.04880495107069118,TRIM62,1.0
Reactome_2022,Sphingolipid Metabolism R-HSA-428157,1/89,0.895474108677798,0.4420659414506734,0.04880495107069118,CPTP,1.0
Reactome_2022,Glucose Metabolism R-HSA-70326,1/89,0.895474108677798,0.4420659414506734,0.04880495107069118,ENO1,1.0
Reactome_2022,Switching Of Origins To A Post-Replicative State R-HSA-69052,1/90,0.8980989364444146,0.4370763914571167,0.04697480376263531,PSMB2,1.0
Reactome_2022,Metabolism Of Steroids R-HSA-8957322,2/153,0.8985749285251062,0.5146147403246328,0.055035567748625135,LDLRAP1;NFYC,1.0
Reactome_2022,Activation Of HOX Genes During Differentiation R-HSA-5619507,1/91,0.9006579787235605,0.4321977203523057,0.04522071579044994,RBBP4,1.0
Reactome_2022,DNA Replication R-HSA-69306,2/155,0.9026074338894274,0.5078352526840967,0.05203663695914162,KPNA6;PSMB2,1.0
Reactome_2022,Downstream TCR Signaling R-HSA-202424,1/94,0.9079566437145213,0.4181912129868806,0.04037997927480913,PSMB2,1.0
Reactome_2022,Cell Cycle Checkpoints R-HSA-69620,4/271,0.9100249618468904,0.5809169875026553,0.05477074112422356,ARTN;NUDC;PSMB2;RCC2,1.0
Reactome_2022,RAF/MAP Kinase Cascade R-HSA-5673001,4/271,0.9100249618468904,0.5809169875026553,0.05477074112422356,ARTN;CNKSR1;ICMT;PSMB2,1.0
Reactome_2022,UCH Proteinases R-HSA-5689603,1/95,0.9102685937869991,0.413721051061745,0.03889621837379907,PSMB2,1.0
Reactome_2022,Transcriptional Regulation By RUNX3 R-HSA-8878159,1/95,0.9102685937869991,0.413721051061745,0.03889621837379907,PSMB2,1.0
Reactome_2022,MyD88 Cascade Initiated On Plasma Membrane R-HSA-975871,1/96,0.9125225854024976,0.4093449978087174,0.03747244100879751,RPS6KA1,1.0
Reactome_2022,HCMV Early Events R-HSA-9609690,1/96,0.9125225854024976,0.4093449978087174,0.03747244100879751,RBBP4,1.0
Reactome_2022,S Phase R-HSA-69242,2/161,0.9138251163398331,0.48852010865162565,0.04402350968541363,PSMB2;RBBP4,1.0
Reactome_2022,Anchoring Of Basal Body To Plasma Membrane R-HSA-5620912,1/97,0.9147200686872017,0.4050601123317947,0.03610592277680896,NPHP4,1.0
Reactome_2022,Hedgehog Off State R-HSA-5610787,1/98,0.9168624575560356,0.40086357500903524,0.034794080313570085,PSMB2,1.0
Reactome_2022,Citric Acid (TCA) Cycle And Respiratory Electron Transport R-HSA-1428517,2/163,0.9172871135790677,0.4824016468773647,0.04164802788520666,NDUFS5;SDHB,1.0
Reactome_2022,MAPK1/MAPK3 Signaling R-HSA-5684996,4/277,0.9183769609218098,0.5679723390747632,0.04836133377253127,ARTN;CNKSR1;ICMT;PSMB2,1.0
Reactome_2022,SLC Transporter Disorders R-HSA-5619102,1/99,0.9189511306151241,0.39675268130510755,0.03353446293736691,SLC2A1,1.0
Reactome_2022,Cellular Response To Heat Stress R-HSA-3371556,1/99,0.9189511306151241,0.39675268130510755,0.03353446293736691,MTOR,1.0
Reactome_2022,CLEC7A (Dectin-1) Signaling R-HSA-5607764,1/99,0.9189511306151241,0.39675268130510755,0.03353446293736691,PSMB2,1.0
Reactome_2022,Anti-inflammatory Response Favoring Leishmania Infection R-HSA-9662851,2/165,0.9206182176574943,0.47643333140431254,0.03940573361521686,FGR;GNB1,1.0
Reactome_2022,Deubiquitination R-HSA-5688426,4/279,0.9210030846782387,0.5637829801290088,0.046394768936364045,MUL1;OTUD3;PSMB2;USP48,1.0
Reactome_2022,TRAF6 Mediated Induction Of NFkB And MAP Kinases Upon TLR7/8 Or 9 Activation R-HSA-975138,1/101,0.9229726724427677,0.38877754751948795,0.031162717897122303,RPS6KA1,1.0
Reactome_2022,MyD88 Dependent Cascade Initiated On Endosome R-HSA-975155,1/102,0.9249081296908012,0.38490842320765273,0.030046284713637628,RPS6KA1,1.0
Reactome_2022,ABC-family Proteins Mediated Transport R-HSA-382556,1/102,0.9249081296908012,0.38490842320765273,0.030046284713637628,PSMB2,1.0
Reactome_2022,Vesicle-mediated Transport R-HSA-5653656,11/637,0.9258911070158107,0.6782244388179405,0.05222236365357747,CAPZB;GJA4;GJB3;KIF1B;LDLRAP1;MAN1C1;NECAP2;PUM1;SYTL1;TRAPPC3;VAMP3,1.0
Reactome_2022,Toll Like Receptor 7/8 (TLR7/8) Cascade R-HSA-168181,1/103,0.9267950497407861,0.3811151640784025,0.028973452443443556,RPS6KA1,1.0
Reactome_2022,Toll Like Receptor 3 (TLR3) Cascade R-HSA-168164,1/103,0.9267950497407861,0.3811151640784025,0.028973452443443556,RPS6KA1,1.0
Reactome_2022,MHC Class II Antigen Presentation R-HSA-2132295,1/104,0.9286346474253419,0.3773955604662251,0.027942326775395064,CAPZB,1.0
Reactome_2022,Phase I - Functionalization Of Compounds R-HSA-211945,1/104,0.9286346474253419,0.3773955604662251,0.027942326775395064,AURKAIP1,1.0
Reactome_2022,Transport Of Inorganic Cations/Anions And Amino Acids/Oligopeptides R-HSA-425393,1/104,0.9286346474253419,0.3773955604662251,0.027942326775395064,SLC9A1,1.0
Reactome_2022,"PI5P, PP2A And IER3 Regulate PI3K/AKT Signaling R-HSA-6811558",1/106,0.9321765840532471,0.370168902019709,0.02599807781673693,CLSTN1,1.0
Reactome_2022,Toll Like Receptor 9 (TLR9) Cascade R-HSA-168138,1/106,0.9321765840532471,0.370168902019709,0.02599807781673693,RPS6KA1,1.0
Reactome_2022,Phase II - Conjugation Of Compounds R-HSA-156580,1/107,0.9338812039373015,0.3666578368310714,0.025081610464849812,AKR1A1,1.0
Reactome_2022,Interleukin-4 And Interleukin-13 Signaling R-HSA-6785807,1/107,0.9338812039373015,0.3666578368310714,0.025081610464849812,TNFRSF1B,1.0
Reactome_2022,O-linked Glycosylation R-HSA-5173105,1/107,0.9338812039373015,0.3666578368310714,0.025081610464849812,ST3GAL3,1.0
Reactome_2022,MyD88-independent TLR4 Cascade R-HSA-166166,1/107,0.9338812039373015,0.3666578368310714,0.025081610464849812,RPS6KA1,1.0
Reactome_2022,Nucleotide Excision Repair R-HSA-5696398,1/108,0.9355430647944547,0.3632123990291374,0.024200152167584497,PPIE,1.0
Reactome_2022,Disorders Of Transmembrane Transporters R-HSA-5619115,2/176,0.9367925775870365,0.44606009375265937,0.02912477561418686,PSMB2;SLC2A1,1.0
Reactome_2022,MyD88:MAL(TIRAP) Cascade Initiated On Plasma Membrane R-HSA-166058,1/112,0.9417839303385883,0.35005144742535327,0.020995877196220876,RPS6KA1,1.0
Reactome_2022,Reproduction R-HSA-1474165,1/113,0.9432475282283059,0.3469080951449852,0.020268639914240986,ARTN,1.0
Reactome_2022,Negative Regulation Of PI3K/AKT Network R-HSA-199418,1/113,0.9432475282283059,0.3469080951449852,0.020268639914240986,CLSTN1,1.0
Reactome_2022,Interleukin-1 Signaling R-HSA-9020702,1/114,0.9446744018586095,0.34382037741825194,0.019568522737954022,PSMB2,1.0
Reactome_2022,HDR Thru Homologous Recombination (HRR) Or Single Strand Annealing (SSA) R-HSA-5693567,1/114,0.9446744018586095,0.34382037741825194,0.019568522737954022,ARTN,1.0
Reactome_2022,TCR Signaling R-HSA-202403,1/116,0.9474216320597054,0.33780604028096284,0.018245260848445438,PSMB2,1.0
Reactome_2022,Transmission Across Chemical Synapses R-HSA-112315,3/246,0.9474990645597273,0.47835158165127106,0.02579717996713719,GNB1;GRIK3;RPS6KA1,1.0
Reactome_2022,SLC-mediated Transmembrane Transport R-HSA-425407,3/247,0.9484691784518798,0.4763663857544119,0.02520263294395753,SLC2A1;SLC6A9;SLC9A1,1.0
Reactome_2022,Mitotic Prometaphase R-HSA-68877,2/186,0.9487420047988326,0.4215994329956461,0.022183878075856353,NUDC;RCC2,1.0
Reactome_2022,Chromosome Maintenance R-HSA-73886,1/118,0.9500327059441113,0.33199732150734174,0.01701780677012682,RBBP4,1.0
Reactome_2022,Synthesis Of DNA R-HSA-69239,1/119,0.9512893022134978,0.3291668017659586,0.016437620444444554,PSMB2,1.0
Reactome_2022,Homology Directed Repair R-HSA-5693538,1/119,0.9512893022134978,0.3291668017659586,0.016437620444444554,ARTN,1.0
Reactome_2022,"Cell Cycle, Mitotic R-HSA-69278",8/523,0.952221000281068,0.5994158852040737,0.029346279620730668,CDK11A;CDK11B;HDAC1;NUDC;PSMB2;RBBP4;RCC1;RCC2,1.0
Reactome_2022,Cell-Cell Communication R-HSA-1500931,1/120,0.9525143587445201,0.3263838537849348,0.01587860624297244,FBLIM1,1.0
Reactome_2022,HCMV Infection R-HSA-9609646,1/121,0.9537086656171427,0.3236472882702614,0.015339922213934242,RBBP4,1.0
Reactome_2022,SARS-CoV-2 Activates/Modulates Innate And Adaptive Immune Responses R-HSA-9705671,1/121,0.9537086656171427,0.3236472882702614,0.015339922213934242,ISG15,1.0
Reactome_2022,Platelet Degranulation R-HSA-114608,1/125,0.958193517033077,0.3131424077461926,0.01337290946093475,CAP1,1.0
Reactome_2022,Peptide Ligand-Binding Receptors R-HSA-375276,2/196,0.9585198396422087,0.3996604898424487,0.016931623876064738,CORT;ECE1,1.0
Reactome_2022,SARS-CoV-2-host Interactions R-HSA-9705683,2/196,0.9585198396422087,0.3996604898424487,0.016931623876064738,ISG15;RPS8,1.0
Reactome_2022,Response To Elevated Platelet Cytosolic Ca2+ R-HSA-76005,1/130,0.9631946575636597,0.3009274303926242,0.011284703706481566,CAP1,1.0
Reactome_2022,Fc Epsilon Receptor (FCERI) Signaling R-HSA-2454202,1/130,0.9631946575636597,0.3009274303926242,0.011284703706481566,PSMB2,1.0
Reactome_2022,ADORA2B Mediated Anti-Inflammatory Cytokine Production R-HSA-9660821,1/131,0.9641208111227021,0.2985971885590204,0.010910343981142937,GNB1,1.0
Reactome_2022,Cell Surface Interactions At Vascular Wall R-HSA-202733,1/134,0.9667620299897066,0.291816710441692,0.009864252490266246,SDC3,1.0
Reactome_2022,Organelle Biogenesis And Maintenance R-HSA-1852241,3/275,0.9697181718888499,0.42670729427562554,0.013121161459318915,DNAJC11;MICOS10;NPHP4,1.0
Reactome_2022,G Alpha (Q) Signaling Events R-HSA-416476,2/212,0.9705531393269787,0.3689041809648233,0.011026222545115325,GNB1;RPS6KA1,1.0
Reactome_2022,Toll Like Receptor 4 (TLR4) Cascade R-HSA-166016,1/140,0.9714764877119437,0.2791338017330202,0.008077633271569826,RPS6KA1,1.0
Reactome_2022,C-type Lectin Receptors (CLRs) R-HSA-5621481,1/141,0.9721946023214114,0.2771256745208138,0.007814746267674422,PSMB2,1.0
Reactome_2022,Sensory Perception R-HSA-9709957,9/616,0.9728904447791891,0.5705231116503143,0.015680142199796562,AGRN;CAPZB;DHRS3;ESPN;GNB1;HSPG2;KCNQ4;SCNN1D;SDC3,1.0
Reactome_2022,Interleukin-1 Family Signaling R-HSA-446652,1/152,0.9789971118997403,0.2567917241402606,0.005450811746825784,PSMB2,1.0
Reactome_2022,G Alpha (S) Signaling Events R-HSA-418555,1/153,0.9795262052114155,0.25508912063949657,0.0052768470901956585,GNB1,1.0
Reactome_2022,Toll-like Receptor Cascades R-HSA-168898,1/162,0.983727778805426,0.24071745506472442,0.003949226878647299,RPS6KA1,1.0
Reactome_2022,Cell Cycle R-HSA-1640170,9/654,0.9842005391555492,0.535830993965456,0.008533431545376271,ARTN;CDK11A;CDK11B;HDAC1;NUDC;PSMB2;RBBP4;RCC1;RCC2,1.0
Reactome_2022,M Phase R-HSA-68886,4/380,0.9866296650094704,0.41017500910336935,0.005521170027135022,NUDC;PSMB2;RCC1;RCC2,1.0
Reactome_2022,Signaling By GPCR R-HSA-372790,9/689,0.9905911043089259,0.5073080047930562,0.004795805263507082,ARHGEF10L;ARHGEF16;CDC42;CORT;ECE1;GNB1;PLEKHG5;PTCH2;RPS6KA1,1.0
Reactome_2022,Cilium Assembly R-HSA-5617833,1/186,0.9911850761046116,0.20922926526486332,0.0018525169968279325,NPHP4,1.0
Reactome_2022,Keratinization R-HSA-6805567,1/208,0.994977859013866,0.1867793521668142,0.0009403956211024041,KAZN,1.0
Reactome_2022,GPCR Downstream Signaling R-HSA-388396,7/619,0.9952787106306349,0.4382134105852322,0.0020738317581883666,ARHGEF10L;ARHGEF16;CDC42;CORT;GNB1;PLEKHG5;RPS6KA1,1.0
Reactome_2022,G Alpha (I) Signaling Events R-HSA-418594,2/312,0.996818777938147,0.24860732769346602,0.0007921357645923922,CORT;GNB1,1.0
Reactome_2022,GPCR Ligand Binding R-HSA-500792,4/458,0.9970178619779256,0.33831887924556053,0.00101042095068828,CORT;ECE1;GNB1;PTCH2,1.0
Reactome_2022,Class A/1 (Rhodopsin-like Receptors) R-HSA-373076,2/327,0.9977433471133393,0.23694778653024215,0.0005353131418639297,CORT;ECE1,1.0
Reactome_2022,Olfactory Signaling Pathway R-HSA-381753,1/401,0.9999648776635648,0.0956913808979683,3.3609638965506714e-06,GNB1,1.0
