Gene_set,Term,Overlap,P-value,Odds Ratio,Combined Score,Genes,Adjusted P-value
GO_Biological_Process_2021,mRNA catabolic process (GO:0006402),7/44,6.653847141485964e-05,8.000527473166725,76.94691517501695,AGO1;AGO3;AGO4;EXOSC10;MRTO4;THRAP3;YTHDF2,0.1577627157246322
GO_Biological_Process_2021,production of small RNA involved in gene silencing by RNA (GO:0070918),5/20,7.961074256619406e-05,14.051115614446747,132.61950889116662,AGO1;AGO3;AGO4;PUM1;SNIP1,0.1887570706244461
GO_Biological_Process_2021,regulation of cell morphogenesis (GO:0022604),6/32,8.592018162122158e-05,9.74325653735875,91.21726226380719,CAPZB;MACF1;MFSD2A;PDPN;ZMYM4;ZMYM6,0.20371675062391637
GO_Biological_Process_2021,mRNA cleavage involved in gene silencing by miRNA (GO:0035279),3/5,0.00012292796232130337,62.99999867741939,567.2464470110958,AGO1;AGO3;AGO4,0.2914621986638103
GO_Biological_Process_2021,cell junction disassembly (GO:0150146),3/6,0.00024157799604407194,41.99784858069143,349.7714455204709,C1QA;C1QB;C1QC,0.5727814286204945
GO_Biological_Process_2021,regulation of lamellipodium organization (GO:1902743),4/14,0.00024589313343714036,16.82930999074763,139.86189136582084,CAPZB;CDC42;EPHA2;PDPN,0.5830126193794598
GO_Biological_Process_2021,"RNA splicing, via transesterification reactions (GO:0000375)",5/25,0.00024771226198295175,10.535636926876093,87.47995060656115,SF3A3;SNRNP40;SRRM1;SRSF10;SRSF4,0.5873257731615786
GO_Biological_Process_2021,mRNA metabolic process (GO:0016071),9/95,0.000386019234404834,4.4336524364660015,34.84683825832369,AGO3;AGO4;AURKAIP1;HNRNPR;LSM10;SF3A3;SFPQ;SRSF4;YTHDF2,0.9152516047738615
GO_Biological_Process_2021,miRNA loading onto RISC involved in gene silencing by miRNA (GO:0035280),3/7,0.0004154138849536409,31.496773532327452,245.24128744341732,AGO1;AGO3;AGO4,0.9849463212250826
GO_Biological_Process_2021,production of miRNAs involved in gene silencing by miRNA (GO:0035196),5/29,0.0005126372690518181,8.777897583090764,66.50084332922916,AGO1;AGO3;AGO4;PUM1;SNIP1,1.0
GO_Biological_Process_2021,regulation of cell growth (GO:0001558),14/217,0.0006221997993574893,2.936199238075514,21.675754758116128,ATAD3A;CDC42;CDK11A;CDK11B;ENO1;MAD2L2;MFSD2A;MTOR;MUL1;PPT1;PTCH2;RPS6KA1;SESN2;SLC25A33,1.0
GO_Biological_Process_2021,RNA secondary structure unwinding (GO:0010501),3/8,0.0006531237901242751,25.196128503309065,184.78195309121992,AGO1;AGO3;AGO4,1.0
GO_Biological_Process_2021,gene silencing by miRNA (GO:0035195),5/32,0.0008205979378853351,7.8013757254322496,55.43249805478568,AGO1;AGO3;AGO4;PUM1;SNIP1,1.0
GO_Biological_Process_2021,carbohydrate derivative catabolic process (GO:1901136),4/19,0.0008677285461119855,11.216666430675293,79.07336642041534,FBXO2;FBXO44;FBXO6;FUCA1,1.0
GO_Biological_Process_2021,synapse pruning (GO:0098883),3/9,0.0009626983745091606,20.995698483963476,145.83130125987924,C1QA;C1QB;C1QC,1.0
GO_Biological_Process_2021,"complement activation, classical pathway (GO:0006958)",3/9,0.0009626983745091606,20.995698483963476,145.83130125987924,C1QA;C1QB;C1QC,1.0
GO_Biological_Process_2021,small RNA loading onto RISC (GO:0070922),3/9,0.0009626983745091606,20.995698483963476,145.83130125987924,AGO1;AGO3;AGO4,1.0
GO_Biological_Process_2021,regulation of lamellipodium assembly (GO:0010591),5/34,0.0010911933737447772,7.2626050453447935,49.53447674103531,AKIRIN1;CAPZB;CDC42;EPHA2;WASF2,1.0
GO_Biological_Process_2021,membrane lipid catabolic process (GO:0046466),3/10,0.0013514646051150292,17.995391327288054,118.8877473724285,FUCA1;PPT1;SMPDL3B,1.0
GO_Biological_Process_2021,cellular macromolecule catabolic process (GO:0044265),6/53,0.0014390088782302044,5.38408388732986,35.23237181047892,DFFB;FBXO2;FBXO44;FBXO6;PABPC4;PPP1R8,1.0
GO_Biological_Process_2021,regulation of transport (GO:0051049),5/37,0.0016139142966647986,6.580723403359106,42.30808152044792,DISP3;EPB41;MUL1;PINK1;YRDC,1.0
GO_Biological_Process_2021,ribonucleoside bisphosphate biosynthetic process (GO:0034030),3/11,0.0018261182227100505,15.745160959781487,99.28210051654462,ACOT7;PANK4;PPCS,1.0
GO_Biological_Process_2021,positive regulation of cellular respiration (GO:1901857),3/11,0.0018261182227100505,15.745160959781487,99.28210051654462,IFNLR1;PARK7;PINK1,1.0
GO_Biological_Process_2021,coenzyme A biosynthetic process (GO:0015937),3/11,0.0018261182227100505,15.745160959781487,99.28210051654462,ACOT7;PANK4;PPCS,1.0
GO_Biological_Process_2021,"negative regulation of translation, ncRNA-mediated (GO:0040033)",3/11,0.0018261182227100505,15.745160959781487,99.28210051654462,AGO1;AGO3;AGO4,1.0
GO_Biological_Process_2021,humoral immune response mediated by circulating immunoglobulin (GO:0002455),3/11,0.0018261182227100505,15.745160959781487,99.28210051654462,C1QA;C1QB;C1QC,1.0
GO_Biological_Process_2021,miRNA mediated inhibition of translation (GO:0035278),3/11,0.0018261182227100505,15.745160959781487,99.28210051654462,AGO1;AGO3;AGO4,1.0
GO_Biological_Process_2021,purine nucleoside bisphosphate biosynthetic process (GO:0034033),3/11,0.0018261182227100505,15.745160959781487,99.28210051654462,ACOT7;PANK4;PPCS,1.0
GO_Biological_Process_2021,regulation of peptidase activity (GO:0052547),4/23,0.0018410100081217612,8.853448089592202,55.754066464018656,ATP13A2;HDAC1;PINK1;SVBP,1.0
GO_Biological_Process_2021,RNA splicing (GO:0008380),8/98,0.0021199887221894837,3.7569081328208376,23.12882075819303,RRAGC;SF3A3;SFPQ;SNRNP40;SRRM1;SRSF10;SRSF4;TARDBP,1.0
GO_Biological_Process_2021,"RNA splicing, via transesterification reactions with bulged adenosine as nucleophile (GO:0000377)",14/251,0.002478247584663536,2.5105484692094664,15.063801931957673,DNAJC8;HNRNPR;PPIE;PPIH;SF3A3;SFPQ;SNIP1;SNRNP40;SPEN;SRRM1;SRSF10;SRSF4;SYF2;YBX1,1.0
GO_Biological_Process_2021,regulation of actomyosin structure organization (GO:0110020),3/13,0.0030569003143781966,12.594838445272291,72.92857122597782,ASAP3;CDC42;SLC9A1,1.0
GO_Biological_Process_2021,RNA processing (GO:0006396),11/179,0.0033667494709727296,2.7743565104861037,15.796652042375987,AURKAIP1;HNRNPR;NOL9;PABPC4;RRAGC;SF3A3;SFPQ;SNRNP40;SRRM1;SRSF4;TARDBP,1.0
GO_Biological_Process_2021,regulation of signal transduction by p53 class mediator (GO:1901796),10/156,0.0037664373822535306,2.899144521553643,16.181939615186934,HDAC1;MEAF6;MTOR;NOC2L;PLK3;RBBP4;RPA2;RPL11;TAF12;TP73,1.0
GO_Biological_Process_2021,protein catabolic process (GO:0030163),6/64,0.003789710306228242,4.360501475254111,24.311826406417325,DDI2;FBXO2;FBXO44;FBXO6;MTOR;PPT1,1.0
GO_Biological_Process_2021,coenzyme A metabolic process (GO:0015936),3/14,0.003823538636453032,11.449266621814404,63.733246461557464,ACOT7;PANK4;PPCS,1.0
GO_Biological_Process_2021,pre-miRNA processing (GO:0031054),3/14,0.003823538636453032,11.449266621814404,63.733246461557464,AGO1;AGO3;AGO4,1.0
GO_Biological_Process_2021,RNA metabolic process (GO:0016070),9/133,0.004115251693411037,3.068943641234625,16.85787707821576,AGO1;AGO3;AGO4;HNRNPR;NOL9;PABPC4;PPP1R8;SNRNP40;ZC3H12A,1.0
GO_Biological_Process_2021,negative regulation of ubiquitin-protein transferase activity (GO:0051444),3/15,0.0046971403809788655,10.494623435599499,56.259591848754454,MAD2L2;PARK7;RPL11,1.0
GO_Biological_Process_2021,regulation of neuron projection arborization (GO:0150011),3/15,0.0046971403809788655,10.494623435599499,56.259591848754454,DVL1;MACF1;MFSD2A,1.0
GO_Biological_Process_2021,mRNA processing (GO:0006397),15/300,0.0049368945669096345,2.236203042305266,11.87651634381121,AURKAIP1;DNAJC8;HNRNPR;PPIE;PPIH;SF3A3;SFPQ;SNIP1;SNRNP40;SPEN;SRRM1;SRSF10;SRSF4;SYF2;YBX1,1.0
GO_Biological_Process_2021,negative regulation of hydrogen peroxide-induced neuron death (GO:1903208),2/5,0.005213931018730654,27.9384829626935,146.85643396122987,PARK7;PINK1,1.0
GO_Biological_Process_2021,positive regulation of bicellular tight junction assembly (GO:1903348),2/5,0.005213931018730654,27.9384829626935,146.85643396122987,EPHA2;NPHP4,1.0
GO_Biological_Process_2021,negative regulation of oxidative stress-induced neuron intrinsic apoptotic signaling pathway (GO:1903377),2/5,0.005213931018730654,27.9384829626935,146.85643396122987,PARK7;PINK1,1.0
GO_Biological_Process_2021,"mRNA splicing, via spliceosome (GO:0000398)",14/274,0.005391950695231519,2.2857336004497855,11.938039276724492,DNAJC8;HNRNPR;PPIE;PPIH;SF3A3;SFPQ;SNIP1;SNRNP40;SPEN;SRRM1;SRSF10;SRSF4;SYF2;YBX1,1.0
GO_Biological_Process_2021,RNA catabolic process (GO:0006401),5/49,0.005616193412125446,4.783035438124112,24.78617355617539,AGO3;AGO4;PABPC4;PPP1R8;YTHDF2,1.0
GO_Biological_Process_2021,aminoglycan catabolic process (GO:0006026),4/31,0.005646126506019604,6.227649932833215,32.239208139734195,AGRN;FUCA1;HSPG2;SDC3,1.0
GO_Biological_Process_2021,negative regulation of type I interferon-mediated signaling pathway (GO:0060339),3/16,0.005681688756865254,9.686848431879191,50.085915436606044,ISG15;MUL1;YTHDF2,1.0
GO_Biological_Process_2021,regulation of protein binding (GO:0043393),8/118,0.006591640617598578,3.070671871586185,15.420769835406393,CTNNBIP1;DVL1;EPB41;KDM1A;LDLRAP1;PARK7;PEX14;RPL11,1.0
GO_Biological_Process_2021,RNA interference (GO:0016246),3/17,0.006780705098448605,8.994469857261786,44.915451939506276,AGO1;AGO3;AGO4,1.0
GO_Biological_Process_2021,regulation of stem cell proliferation (GO:0072091),3/17,0.006780705098448605,8.994469857261786,44.915451939506276,AGO3;KDF1;KDM1A,1.0
GO_Biological_Process_2021,positive regulation of autophagy of mitochondrion in response to mitochondrial depolarization (GO:1904925),2/6,0.007700107530073949,20.952789260669757,101.96718863709842,ATP5IF1;PINK1,1.0
GO_Biological_Process_2021,regulation of protein targeting (GO:1903533),2/6,0.007700107530073949,20.952789260669757,101.96718863709842,ATP5IF1;PINK1,1.0
GO_Biological_Process_2021,transmembrane receptor protein tyrosine phosphatase signaling pathway (GO:0007185),2/6,0.007700107530073949,20.952789260669757,101.96718863709842,PTPRF;PTPRU,1.0
GO_Biological_Process_2021,hexose import across plasma membrane (GO:0140271),2/6,0.007700107530073949,20.952789260669757,101.96718863709842,SLC2A1;SLC2A5,1.0
GO_Biological_Process_2021,regulation of stress fiber assembly (GO:0051492),6/74,0.0077080767597999785,3.717341403495284,18.086674674888318,ARHGEF10L;ASAP3;CDC42;SLC9A1;STMN1;WASF2,1.0
GO_Biological_Process_2021,negative regulation of protein binding (GO:0032091),6/74,0.0077080767597999785,3.717341403495284,18.086674674888318,CTNNBIP1;DVL1;KDM1A;PARK7;PEX14;PTPRF,1.0
GO_Biological_Process_2021,neural tube closure (GO:0001843),4/34,0.007876791972849658,5.604022870602955,27.144959700760833,DVL1;MTHFR;PHACTR4;SKI,1.0
GO_Biological_Process_2021,ncRNA processing (GO:0034470),11/201,0.007932193801345506,2.450328175220275,11.851810133968545,AGO1;AGO3;AGO4;EBNA1BP2;EXOSC10;INTS11;MRTO4;NOL9;RPL11;RPL22;UTP11,1.0
GO_Biological_Process_2021,glycoprotein catabolic process (GO:0006516),3/18,0.007997273235483101,8.394408425926702,40.53369920403052,FBXO2;FBXO44;FBXO6,1.0
GO_Biological_Process_2021,mitochondrion organization (GO:0007005),10/175,0.008327988557860494,2.562789412086773,12.270977380272635,ATAD3A;ATAD3B;ATAD3C;MFN2;MTFR1L;MUL1;PARK7;PINK1;SLC25A33;VPS13D,1.0
GO_Biological_Process_2021,glycosaminoglycan metabolic process (GO:0030203),5/54,0.008471631573617617,4.293868644862889,20.48618539185758,AGRN;B3GALT6;FUCA1;HSPG2;SDC3,1.0
GO_Biological_Process_2021,regulation of megakaryocyte differentiation (GO:0045652),5/54,0.008471631573617617,4.293868644862889,20.48618539185758,AGO1;AGO3;AGO4;HDAC1;PITHD1,1.0
GO_Biological_Process_2021,glycoprotein metabolic process (GO:0009100),5/55,0.009144069597394715,4.2077752892489135,19.754031172930944,FBXO2;FBXO44;FBXO6;MAN1C1;PARK7,1.0
GO_Biological_Process_2021,regulation of autophagy of mitochondrion (GO:1903146),3/19,0.009334062864740185,7.869354673508503,36.782031824256535,ATP13A2;PARK7;PINK1,1.0
GO_Biological_Process_2021,regulation of androgen receptor signaling pathway (GO:0060765),4/36,0.009645656154342893,5.253232648098434,24.38155344345118,HDAC1;HEYL;KDM1A;PARK7,1.0
GO_Biological_Process_2021,"Wnt signaling pathway, calcium modulating pathway (GO:0007223)",4/36,0.009645656154342893,5.253232648098434,24.38155344345118,AGO1;AGO3;AGO4;GNB1,1.0
GO_Biological_Process_2021,regulation of mRNA processing (GO:0050684),4/36,0.009645656154342893,5.253232648098434,24.38155344345118,CDK11A;CDK11B;KHDRBS1;SRSF10,1.0
GO_Biological_Process_2021,negative regulation of protein phosphorylation (GO:0001933),9/152,0.00964968655812379,2.6585766608503647,12.338001913378944,CAMK2N1;CEP85;DVL1;EPHB2;ERRFI1;PARK7;PRKCZ;TARDBP;ZC3H12A,1.0
GO_Biological_Process_2021,Rho protein signal transduction (GO:0007266),5/56,0.009852413687620678,4.125058143659016,19.057928714686778,CDC42;CNKSR1;PDPN;PHACTR4;PLEKHG5,1.0
GO_Biological_Process_2021,glycosaminoglycan catabolic process (GO:0006027),5/56,0.009852413687620678,4.125058143659016,19.057928714686778,AGRN;FUCA1;HSPG2;SDC3;SLC9A1,1.0
GO_Biological_Process_2021,ribosomal large subunit biogenesis (GO:0042273),5/57,0.01059753663612143,4.045522426745653,18.39553135141639,EBNA1BP2;MRPL20;MRTO4;NOC2L;RPL11,1.0
GO_Biological_Process_2021,positive regulation of cell junction assembly (GO:1901890),5/57,0.01059753663612143,4.045522426745653,18.39553135141639,CLSTN1;COL16A1;EPHA2;EPHB2;NPHP4,1.0
GO_Biological_Process_2021,positive regulation of proteolysis (GO:0045862),5/57,0.01059753663612143,4.045522426745653,18.39553135141639,ATP5IF1;AURKAIP1;PINK1;TNFRSF1B;ZC3H12A,1.0
GO_Biological_Process_2021,positive regulation of pinocytosis (GO:0048549),2/7,0.01061398498812207,16.761373039455513,76.19020914211511,CDC42;PPT1,1.0
GO_Biological_Process_2021,positive regulation of mitophagy in response to mitochondrial depolarization (GO:0098779),2/7,0.01061398498812207,16.761373039455513,76.19020914211511,MFN2;PINK1,1.0
GO_Biological_Process_2021,post-transcriptional gene silencing by RNA (GO:0035194),3/20,0.010793351959047546,7.406071950786562,33.540803015505524,AGO1;AGO3;AGO4,1.0
GO_Biological_Process_2021,glucose transmembrane transport (GO:1904659),3/20,0.010793351959047546,7.406071950786562,33.540803015505524,SLC2A1;SLC2A5;SLC45A1,1.0
GO_Biological_Process_2021,positive regulation of production of molecular mediator of immune response (GO:0002702),4/38,0.01165402138185518,4.943711863535621,22.009919241573296,EPHB2;LAPTM5;TNFRSF14;VAMP3,1.0
GO_Biological_Process_2021,positive regulation of signaling (GO:0023056),4/38,0.01165402138185518,4.943711863535621,22.009919241573296,CLSTN1;ECE1;RIMS3;VAMP3,1.0
GO_Biological_Process_2021,mRNA destabilization (GO:0061157),4/38,0.01165402138185518,4.943711863535621,22.009919241573296,PUM1;TARDBP;YTHDF2;ZC3H12A,1.0
GO_Biological_Process_2021,negative regulation of protein modification process (GO:0031400),6/81,0.011791277244806612,3.3691774179831726,14.960479360793427,EPHB2;P3H1;PARK7;PPP1R8;TARDBP;ZC3H12A,1.0
GO_Biological_Process_2021,negative regulation of autophagy (GO:0010507),5/59,0.012201507116699005,3.8952882947981893,17.16340292712149,CPTP;EIF4G3;KDM4A;MTOR;PINK1,1.0
GO_Biological_Process_2021,aerobic respiration (GO:0009060),3/21,0.01237704824841516,6.994265086144837,30.71819305046433,MTFR1L;SDHB;UQCRHL,1.0
GO_Biological_Process_2021,glyoxylate metabolic process (GO:0046487),2/8,0.013934272054121332,13.967095558646019,59.68704004653905,ALDH4A1;HYI,1.0
GO_Biological_Process_2021,regulation of chaperone-mediated autophagy (GO:1904714),2/8,0.013934272054121332,13.967095558646019,59.68704004653905,ATP13A2;PLK3,1.0
GO_Biological_Process_2021,protein depalmitoylation (GO:0002084),2/8,0.013934272054121332,13.967095558646019,59.68704004653905,LYPLA2;PPT1,1.0
GO_Biological_Process_2021,lymphatic endothelial cell differentiation (GO:0060836),2/8,0.013934272054121332,13.967095558646019,59.68704004653905,PDPN;TIE1,1.0
GO_Biological_Process_2021,regulation of establishment of protein localization to mitochondrion (GO:1903747),2/8,0.013934272054121332,13.967095558646019,59.68704004653905,ATP5IF1;PINK1,1.0
GO_Biological_Process_2021,macromolecule depalmitoylation (GO:0098734),2/8,0.013934272054121332,13.967095558646019,59.68704004653905,LYPLA2;PPT1,1.0
GO_Biological_Process_2021,"maturation of 5.8S rRNA from tricistronic rRNA transcript (SSU-rRNA, 5.8S rRNA, LSU-rRNA) (GO:0000466)",3/22,0.01408670980674907,6.625806312518031,28.24265506711408,ERI3;EXOSC10;NOL9,1.0
GO_Biological_Process_2021,positive regulation of translational initiation (GO:0045948),3/22,0.01408670980674907,6.625806312518031,28.24265506711408,KHDRBS1;MTOR;YTHDF2,1.0
GO_Biological_Process_2021,regulation of mitochondrial membrane potential (GO:0051881),4/41,0.015138834620079134,4.542171386264946,19.033932890884234,ATP5IF1;PARK7;PINK1;SLC25A33,1.0
GO_Biological_Process_2021,hexose transmembrane transport (GO:0008645),3/23,0.015923564776543154,6.294193416253906,26.057678798089434,SLC2A1;SLC2A5;SLC45A1,1.0
GO_Biological_Process_2021,protein deacylation (GO:0035601),3/23,0.015923564776543154,6.294193416253906,26.057678798089434,HDAC1;LYPLA2;PPT1,1.0
GO_Biological_Process_2021,ATP-dependent chromatin remodeling (GO:0043044),4/42,0.016431071915125568,4.42241370006141,18.169845378623332,ARID1A;DMAP1;HDAC1;RBBP4,1.0
GO_Biological_Process_2021,translesion synthesis (GO:0019985),4/42,0.016431071915125568,4.42241370006141,18.169845378623332,FAAP20;ISG15;MAD2L2;RPA2,1.0
GO_Biological_Process_2021,regulation of cellular component organization (GO:0051128),8/139,0.016680337280992295,2.5756388434436297,10.543441124941653,ATAD3A;CDK11A;CDK11B;MAD2L2;MTOR;PARK7;PINK1;PTCH2,1.0
GO_Biological_Process_2021,exonucleolytic trimming involved in rRNA processing (GO:0000459),2/9,0.017640435962581955,11.971183072353522,48.33438805329587,ERI3;EXOSC10,1.0
GO_Biological_Process_2021,skeletal muscle fiber development (GO:0048741),2/9,0.017640435962581955,11.971183072353522,48.33438805329587,SELENON;SKI,1.0
GO_Biological_Process_2021,positive regulation of ATP biosynthetic process (GO:2001171),2/9,0.017640435962581955,11.971183072353522,48.33438805329587,ENO1;PINK1,1.0
GO_Biological_Process_2021,positive regulation of autophagy of mitochondrion (GO:1903599),2/9,0.017640435962581955,11.971183072353522,48.33438805329587,PARK7;VPS13D,1.0
GO_Biological_Process_2021,negative regulation of ubiquitin protein ligase activity (GO:1904667),2/9,0.017640435962581955,11.971183072353522,48.33438805329587,MAD2L2;RPL11,1.0
GO_Biological_Process_2021,"exonucleolytic trimming to generate mature 3'-end of 5.8S rRNA from tricistronic rRNA transcript (SSU-rRNA, 5.8S rRNA, LSU-rRNA) (GO:0000467)",2/9,0.017640435962581955,11.971183072353522,48.33438805329587,ERI3;EXOSC10,1.0
GO_Biological_Process_2021,regulation of pinocytosis (GO:0048548),2/9,0.017640435962581955,11.971183072353522,48.33438805329587,CDC42;PPT1,1.0
GO_Biological_Process_2021,regulation of cytokine production involved in immune response (GO:0002718),3/24,0.0178885302628627,5.994162700586364,24.118086301834182,LAPTM5;TNFRSF14;TNFRSF1B,1.0
GO_Biological_Process_2021,positive regulation of lamellipodium assembly (GO:0010592),3/24,0.0178885302628627,5.994162700586364,24.118086301834182,AKIRIN1;CDC42;WASF2,1.0
GO_Biological_Process_2021,positive regulation of macromolecule metabolic process (GO:0010604),16/384,0.01934570747841771,1.843401268374154,7.272742856680031,AGO1;AGO3;AGO4;ATP13A2;CAMK2N1;ECE1;EPHB2;LAPTM5;MTOR;PARK7;PIK3CD;POU3F1;RNF207;RPL11;VAMP3;ZC3H12A,1.0
GO_Biological_Process_2021,nuclear-transcribed mRNA catabolic process (GO:0000956),9/171,0.01952580469706696,2.344468601790808,9.22787148553884,AGO1;EXOSC10;MRTO4;PNRC2;RPL11;RPL22;RPS8;THRAP3;ZC3H12A,1.0
GO_Biological_Process_2021,cellular component assembly (GO:0022607),12/261,0.020464793218435945,2.0379411950039317,7.925653723346764,CDC42;CFAP74;DVL1;ESPN;FBLIM1;NOC2L;PEX14;PPIH;RBBP4;SLC2A1;VAMP3;YTHDF2,1.0
GO_Biological_Process_2021,positive regulation of receptor recycling (GO:0001921),2/10,0.021712678801948687,10.474248707634148,40.11489476437351,ECE1;VAMP3,1.0
GO_Biological_Process_2021,regulation of attachment of spindle microtubules to kinetochore (GO:0051988),2/10,0.021712678801948687,10.474248707634148,40.11489476437351,CDC42;RCC2,1.0
GO_Biological_Process_2021,cellular response to leucine (GO:0071233),2/10,0.021712678801948687,10.474248707634148,40.11489476437351,MTOR;SESN2,1.0
GO_Biological_Process_2021,rRNA 3'-end processing (GO:0031125),2/10,0.021712678801948687,10.474248707634148,40.11489476437351,ERI3;EXOSC10,1.0
GO_Biological_Process_2021,response to leucine (GO:0043201),2/10,0.021712678801948687,10.474248707634148,40.11489476437351,MTOR;SESN2,1.0
GO_Biological_Process_2021,cellular response to leucine starvation (GO:1990253),2/10,0.021712678801948687,10.474248707634148,40.11489476437351,MTOR;SESN2,1.0
GO_Biological_Process_2021,regulation of actin filament bundle assembly (GO:0032231),3/26,0.022205013808302542,5.472370151599333,20.835705514347193,ASAP3;CDC42;SLC9A1,1.0
GO_Biological_Process_2021,negative regulation of signaling receptor activity (GO:2000272),3/26,0.022205013808302542,5.472370151599333,20.835705514347193,EPHB2;ERRFI1;SLC6A9,1.0
GO_Biological_Process_2021,regulation of cellular protein localization (GO:1903827),4/46,0.022279365662838217,4.000410424868002,15.217938636817973,ATP13A2;DVL1;KCNAB2;KDM1A,1.0
GO_Biological_Process_2021,negative regulation of cellular catabolic process (GO:0031330),5/69,0.022694853515991438,3.2849621337616175,12.435608818392698,CPTP;EIF4G3;KDM4A;MFSD2A;MTOR,1.0
GO_Biological_Process_2021,protein stabilization (GO:0050821),9/179,0.025346241115632,2.233217945579002,8.207354743594891,DVL1;MUL1;OTUD3;P3H1;PARK7;PER3;PINK1;RPL11;STX12,1.0
GO_Biological_Process_2021,chromatin-mediated maintenance of transcription (GO:0048096),2/11,0.026131914486223932,9.309966423963525,33.93108439798724,ARID1A;PADI2,1.0
GO_Biological_Process_2021,myotube cell development (GO:0014904),2/11,0.026131914486223932,9.309966423963525,33.93108439798724,SELENON;SKI,1.0
GO_Biological_Process_2021,negative regulation of oxidative stress-induced neuron death (GO:1903204),2/11,0.026131914486223932,9.309966423963525,33.93108439798724,PARK7;PINK1,1.0
GO_Biological_Process_2021,ketone body metabolic process (GO:1902224),2/11,0.026131914486223932,9.309966423963525,33.93108439798724,HMGCL;OXCT2,1.0
GO_Biological_Process_2021,lipoprotein catabolic process (GO:0042159),2/11,0.026131914486223932,9.309966423963525,33.93108439798724,LYPLA2;PPT1,1.0
GO_Biological_Process_2021,glycosaminoglycan biosynthetic process (GO:0006024),6/97,0.026384989549911777,2.7745111444554222,10.085237052362542,AGRN;B3GALT6;B4GALT2;HSPG2;SDC3;ST3GAL3,1.0
GO_Biological_Process_2021,non-canonical Wnt signaling pathway (GO:0035567),7/124,0.026711315103854306,2.5196988546258106,9.128032452335516,AGO1;AGO3;AGO4;CDC42;DVL1;GNB1;PSMB2,1.0
GO_Biological_Process_2021,cell junction organization (GO:0034330),5/72,0.026711316196437213,3.137390733630386,11.365724938242757,AGRN;C1QA;CDC42;DVL1;FBLIM1,1.0
GO_Biological_Process_2021,positive regulation of synapse assembly (GO:0051965),3/28,0.027037945035753408,5.034064410450228,18.175560171251174,AGRN;CLSTN1;EPHB2,1.0
GO_Biological_Process_2021,cellular response to acid chemical (GO:0071229),3/28,0.027037945035753408,5.034064410450228,18.175560171251174,MTOR;RRAGC;SESN2,1.0
GO_Biological_Process_2021,protein localization to lysosome (GO:0061462),3/28,0.027037945035753408,5.034064410450228,18.175560171251174,ATP13A2;LAPTM5;SZT2,1.0
GO_Biological_Process_2021,aminoglycan biosynthetic process (GO:0006023),4/49,0.027400490764402218,3.7331416839121765,13.428836190436067,AGRN;B3GALT6;HSPG2;SDC3,1.0
GO_Biological_Process_2021,ubiquitin-dependent ERAD pathway (GO:0030433),5/73,0.028144357930258886,3.091093823785294,11.036467270944861,FBXO2;FBXO44;FBXO6;UBE2J2;UBE4B,1.0
GO_Biological_Process_2021,synapse organization (GO:0050808),7/126,0.028814449115314052,2.4770957750279083,8.78595728183594,AGRN;C1QA;C1QB;C1QC;CDC42;DVL1;PTPRF,1.0
GO_Biological_Process_2021,cellular response to amino acid starvation (GO:0034198),5/74,0.029625247870147236,3.046138853356002,10.719753483068741,ATP6V0B;MTOR;RRAGC;SESN2;SZT2,1.0
GO_Biological_Process_2021,mismatch repair (GO:0006298),3/29,0.02964755751757002,4.840198409557354,17.029635664276014,MUTYH;RPA2;TP73,1.0
GO_Biological_Process_2021,mitotic G1/S transition checkpoint signaling (GO:0044819),2/12,0.030879746398301388,8.378540597027026,29.137671642303758,PLK3;RPA2,1.0
GO_Biological_Process_2021,protein import into peroxisome matrix (GO:0016558),2/12,0.030879746398301388,8.378540597027026,29.137671642303758,PEX10;PEX14,1.0
GO_Biological_Process_2021,regulation of response to oxidative stress (GO:1902882),2/12,0.030879746398301388,8.378540597027026,29.137671642303758,PINK1;SELENON,1.0
GO_Biological_Process_2021,regulation of oxidative stress-induced cell death (GO:1903201),2/12,0.030879746398301388,8.378540597027026,29.137671642303758,PARK7;PINK1,1.0
GO_Biological_Process_2021,histone H3-K9 demethylation (GO:0033169),2/12,0.030879746398301388,8.378540597027026,29.137671642303758,KDM1A;KDM4A,1.0
GO_Biological_Process_2021,negative regulation of leukocyte chemotaxis (GO:0002689),2/12,0.030879746398301388,8.378540597027026,29.137671642303758,NBL1;PADI2,1.0
GO_Biological_Process_2021,chromatin assembly or disassembly (GO:0006333),2/12,0.030879746398301388,8.378540597027026,29.137671642303758,NOC2L;RBBP4,1.0
GO_Biological_Process_2021,integrin-mediated signaling pathway (GO:0007229),5/75,0.03115438389243213,3.002468310653261,10.414963002980098,CDC42;COL16A1;FGR;ISG15;RCC2,1.0
GO_Biological_Process_2021,response to amino acid starvation (GO:1990928),5/75,0.03115438389243213,3.002468310653261,10.414963002980098,ATP6V0B;MTOR;RRAGC;SESN2;SZT2,1.0
GO_Biological_Process_2021,intrinsic apoptotic signaling pathway in response to DNA damage (GO:0008630),4/51,0.031173273580711373,3.573917753129982,12.395040705724755,CASP9;EPHA2;TNFRSF1B;TP73,1.0
GO_Biological_Process_2021,cellular response to chemical stress (GO:0062197),6/101,0.031344839322909705,2.657142800995998,9.200903364231964,ATP13A2;PARK7;PINK1;PRDX1;SESN2;ZC3H12A,1.0
GO_Biological_Process_2021,primary neural tube formation (GO:0014020),3/30,0.03238521217430214,4.660692853175064,15.98642524968749,MTHFR;PHACTR4;SKI,1.0
GO_Biological_Process_2021,regulation of type I interferon-mediated signaling pathway (GO:0060338),3/30,0.03238521217430214,4.660692853175064,15.98642524968749,ISG15;MUL1;YTHDF2,1.0
GO_Biological_Process_2021,positive regulation of protein localization to cell periphery (GO:1904377),4/52,0.033168472476192506,3.499281535575829,11.91909697303865,ARHGEF16;EPB41;EPHA2;EPHB2,1.0
GO_Biological_Process_2021,signal transduction in response to DNA damage (GO:0042770),4/52,0.033168472476192506,3.499281535575829,11.91909697303865,CASP9;FBXO6;MAD2L2;SESN2,1.0
GO_Biological_Process_2021,negative regulation of protein-containing complex assembly (GO:0031333),4/52,0.033168472476192506,3.499281535575829,11.91909697303865,CDC42;CPTP;PARK7;PRKCZ,1.0
GO_Biological_Process_2021,positive regulation of protein modification by small protein conjugation or removal (GO:1903322),5/77,0.03435883540764669,2.918766437139674,9.838858330534158,CENPS;LAPTM5;MUL1;PINK1;ZC3H12A,1.0
GO_Biological_Process_2021,activation of protein kinase B activity (GO:0032148),3/31,0.03525011421018959,4.494009122248652,15.03374809123367,MTOR;PARK7;PINK1,1.0
GO_Biological_Process_2021,tube closure (GO:0060606),3/31,0.03525011421018959,4.494009122248652,15.03374809123367,MTHFR;PHACTR4;SKI,1.0
GO_Biological_Process_2021,regulation of cellular component size (GO:0032535),3/31,0.03525011421018959,4.494009122248652,15.03374809123367,ATP13A2;HP1BP3;MTOR,1.0
GO_Biological_Process_2021,organelle transport along microtubule (GO:0072384),3/31,0.03525011421018959,4.494009122248652,15.03374809123367,CDC42;PEX14;TMEM201,1.0
GO_Biological_Process_2021,positive regulation of calcineurin-mediated signaling (GO:0106058),2/13,0.0359384456862874,7.616464920442619,25.331963573154507,CAMTA1;SLC9A1,1.0
GO_Biological_Process_2021,positive regulation of calcineurin-NFAT signaling cascade (GO:0070886),2/13,0.0359384456862874,7.616464920442619,25.331963573154507,CAMTA1;SLC9A1,1.0
GO_Biological_Process_2021,regulation of mRNA metabolic process (GO:1903311),2/13,0.0359384456862874,7.616464920442619,25.331963573154507,CDK11A;CDK11B,1.0
GO_Biological_Process_2021,positive regulation of insulin receptor signaling pathway (GO:0046628),2/13,0.0359384456862874,7.616464920442619,25.331963573154507,C1QTNF12;PRKCZ,1.0
GO_Biological_Process_2021,protein localization to mitochondrion (GO:0070585),2/13,0.0359384456862874,7.616464920442619,25.331963573154507,ISG15;PINK1,1.0
GO_Biological_Process_2021,chromatin organization involved in regulation of transcription (GO:0034401),2/13,0.0359384456862874,7.616464920442619,25.331963573154507,ARID1A;PADI2,1.0
GO_Biological_Process_2021,central nervous system projection neuron axonogenesis (GO:0021952),2/13,0.0359384456862874,7.616464920442619,25.331963573154507,EPHB2;SZT2,1.0
GO_Biological_Process_2021,regulation of histone modification (GO:0031056),2/13,0.0359384456862874,7.616464920442619,25.331963573154507,MTHFR;PARK7,1.0
GO_Biological_Process_2021,pentose-phosphate shunt (GO:0006098),2/13,0.0359384456862874,7.616464920442619,25.331963573154507,H6PD;PGD,1.0
GO_Biological_Process_2021,positive regulation of purine nucleotide biosynthetic process (GO:1900373),2/13,0.0359384456862874,7.616464920442619,25.331963573154507,ENO1;PINK1,1.0
GO_Biological_Process_2021,negative regulation by host of viral transcription (GO:0043922),2/13,0.0359384456862874,7.616464920442619,25.331963573154507,HDAC1;TARDBP,1.0
GO_Biological_Process_2021,regulation of focal adhesion assembly (GO:0051893),4/54,0.03737777127675974,3.3589654465740204,11.039841538088387,COL16A1;MACF1;RCC2;SLC9A1,1.0
GO_Biological_Process_2021,mitochondrial membrane organization (GO:0007006),3/32,0.03824128246675688,4.338820821041303,14.161215447535357,DNAJC11;MFN2;MICOS10,1.0
GO_Biological_Process_2021,response to amino acid (GO:0043200),3/32,0.03824128246675688,4.338820821041303,14.161215447535357,MTOR;RRAGC;SESN2,1.0
GO_Biological_Process_2021,positive regulation of lamellipodium organization (GO:1902745),3/32,0.03824128246675688,4.338820821041303,14.161215447535357,AKIRIN1;CDC42;WASF2,1.0
GO_Biological_Process_2021,regulation of cell cycle process (GO:0010564),6/106,0.03835080890252169,2.5236363103109025,8.229526674024646,CDC42;CEP85;KLHL21;PLK3;RCC1;YTHDF2,1.0
GO_Biological_Process_2021,negative regulation of macromolecule metabolic process (GO:0010605),9/194,0.03939054741737431,2.0505563951771855,6.631969789332285,AGO1;AGO3;AGO4;HDAC1;KDM4A;PARK7;PINK1;TARDBP;ZC3H12A,1.0
GO_Biological_Process_2021,skin development (GO:0043588),5/80,0.03953557506436064,2.8015838142206517,9.050668855978401,CLIC4;EPHA2;ERRFI1;KDF1;STMN1,1.0
GO_Biological_Process_2021,negative regulation of protein modification by small protein conjugation or removal (GO:1903321),4/55,0.039592179251611924,3.292934345867287,10.633292252747184,ISG15;PARK7;RPL11;SVBP,1.0
GO_Biological_Process_2021,interstrand cross-link repair (GO:0036297),4/55,0.039592179251611924,3.292934345867287,10.633292252747184,CENPS;EXO5;FAAP20;RPA2,1.0
GO_Biological_Process_2021,negative regulation of cytokine-mediated signaling pathway (GO:0001960),4/55,0.039592179251611924,3.292934345867287,10.633292252747184,ISG15;MUL1;PADI2;YTHDF2,1.0
GO_Biological_Process_2021,regulation of cell projection organization (GO:0031344),2/14,0.041290930194593164,6.981401856622279,22.25051250350006,MACF1;MFSD2A,1.0
GO_Biological_Process_2021,covalent chromatin modification (GO:0016569),2/14,0.041290930194593164,6.981401856622279,22.25051250350006,HDAC1;PARK7,1.0
GO_Biological_Process_2021,positive regulation of cellular response to insulin stimulus (GO:1900078),2/14,0.041290930194593164,6.981401856622279,22.25051250350006,C1QTNF12;PRKCZ,1.0
GO_Biological_Process_2021,protein localization to vacuole (GO:0072665),2/14,0.041290930194593164,6.981401856622279,22.25051250350006,ATP13A2;SZT2,1.0
GO_Biological_Process_2021,negative regulation of TORC1 signaling (GO:1904262),2/14,0.041290930194593164,6.981401856622279,22.25051250350006,SESN2;SZT2,1.0
GO_Biological_Process_2021,"negative regulation of mRNA splicing, via spliceosome (GO:0048025)",2/14,0.041290930194593164,6.981401856622279,22.25051250350006,SRSF10;SRSF4,1.0
GO_Biological_Process_2021,RNA stabilization (GO:0043489),3/33,0.04135756208790182,4.19397840658111,13.359918189987077,THRAP3;YBX1;ZCCHC17,1.0
GO_Biological_Process_2021,regulation of protein ubiquitination (GO:0031396),6/109,0.04299698355440981,2.4497540776016753,7.708458197689958,CENPS;ISG15;LAPTM5;PARK7;PINK1;SVBP,1.0
GO_Biological_Process_2021,positive regulation of protein ubiquitination (GO:0031398),5/82,0.04323632931804445,2.728534906426976,8.570530545720777,CENPS;KDM1A;LAPTM5;PEF1;PINK1,1.0
GO_Biological_Process_2021,cellular response to amino acid stimulus (GO:0071230),3/34,0.04459763661516492,4.058480664021575,12.62217686497937,MTOR;RRAGC;SESN2,1.0
GO_Biological_Process_2021,termination of RNA polymerase II transcription (GO:0006369),3/34,0.04459763661516492,4.058480664021575,12.62217686497937,LSM10;MED18;SSU72,1.0
GO_Biological_Process_2021,positive regulation of plasma membrane bounded cell projection assembly (GO:0120034),5/83,0.04516214725008463,2.6934152392184783,8.342842911558616,AGRN;AKIRIN1;CDC42;CROCC;WASF2,1.0
GO_Biological_Process_2021,enzyme linked receptor protein signaling pathway (GO:0007167),7/140,0.04669933284131539,2.214750495398722,6.786051773588621,CNKSR1;EPHA2;EPHB2;FGR;PTPRF;PTPRU;TIE1,1.0
GO_Biological_Process_2021,peptidyl-arginine modification (GO:0018195),2/15,0.04692074401207228,6.444040802620452,19.714224373835403,PADI2;PARK7,1.0
GO_Biological_Process_2021,mycotoxin metabolic process (GO:0043385),2/15,0.04692074401207228,6.444040802620452,19.714224373835403,AKR7A2;AKR7A3,1.0
GO_Biological_Process_2021,organic heteropentacyclic compound metabolic process (GO:1901376),2/15,0.04692074401207228,6.444040802620452,19.714224373835403,AKR7A2;AKR7A3,1.0
GO_Biological_Process_2021,histone H3 deacetylation (GO:0070932),2/15,0.04692074401207228,6.444040802620452,19.714224373835403,HDAC1;SFPQ,1.0
GO_Biological_Process_2021,regulation of aerobic respiration (GO:1903715),2/15,0.04692074401207228,6.444040802620452,19.714224373835403,PINK1;SLC25A33,1.0
GO_Biological_Process_2021,negative regulation of mRNA processing (GO:0050686),2/15,0.04692074401207228,6.444040802620452,19.714224373835403,SRSF10;SRSF4,1.0
GO_Biological_Process_2021,aflatoxin metabolic process (GO:0046222),2/15,0.04692074401207228,6.444040802620452,19.714224373835403,AKR7A2;AKR7A3,1.0
GO_Biological_Process_2021,protein hydroxylation (GO:0018126),2/15,0.04692074401207228,6.444040802620452,19.714224373835403,P3H1;PLOD1,1.0
GO_Biological_Process_2021,negative regulation of androgen receptor signaling pathway (GO:0060766),2/15,0.04692074401207228,6.444040802620452,19.714224373835403,HDAC1;HEYL,1.0
GO_Biological_Process_2021,positive regulation of immunoglobulin production (GO:0002639),3/35,0.04796003953467398,3.9314515303720103,11.941340258936611,EPHB2;MAD2L2;VAMP3,1.0
GO_Biological_Process_2021,negative regulation of Ras protein signal transduction (GO:0046580),3/35,0.04796003953467398,3.9314515303720103,11.941340258936611,EPHB2;MFN2;STMN1,1.0
GO_Biological_Process_2021,regulation of TORC1 signaling (GO:1903432),3/35,0.04796003953467398,3.9314515303720103,11.941340258936611,RRAGC;SESN2;SZT2,1.0
GO_Biological_Process_2021,positive regulation of lipid biosynthetic process (GO:0046889),3/35,0.04796003953467398,3.9314515303720103,11.941340258936611,FABP3;MFSD2A;MTOR,1.0
GO_Biological_Process_2021,regulation of macroautophagy (GO:0016241),6/112,0.0479818632831308,2.380053858064668,7.228062170123205,ATP13A2;ATP6V0B;MTOR;PINK1;RRAGC;SESN2,1.0
GO_Biological_Process_2021,chromatin organization (GO:0006325),7/142,0.04972546995968534,2.1817144231491206,6.547844238691784,ARID1A;HDAC1;HMGN2;HP1BP3;KDM4A;PADI2;RBBP4,1.0
GO_Biological_Process_2021,protein localization to organelle (GO:0033365),7/142,0.04972546995968534,2.1817144231491206,6.547844238691784,CROCC;DVL1;ISG15;RPA2;RPL11;UBE2J2;YBX1,1.0
GO_Biological_Process_2021,negative regulation of DNA-binding transcription factor activity (GO:0043433),7/143,0.05128404549363086,2.1655607554682494,6.432528783316714,CTNNBIP1;HEYL;ID3;KDM1A;MAD2L2;PEX14;ZC3H12A,1.0
GO_Biological_Process_2021,regulation of defense response to virus by host (GO:0050691),3/36,0.05144316529652226,3.812121132095147,11.311621899880103,IFNLR1;MUL1;ZC3H12A,1.0
GO_Biological_Process_2021,aortic valve development (GO:0003176),3/36,0.05144316529652226,3.812121132095147,11.311621899880103,HEYL;TIE1;TNFRSF1B,1.0
GO_Biological_Process_2021,dendrite morphogenesis (GO:0048813),3/36,0.05144316529652226,3.812121132095147,11.311621899880103,CDC42;DVL1;EPHB2,1.0
GO_Biological_Process_2021,regulation of cardiac muscle contraction (GO:0055117),3/36,0.05144316529652226,3.812121132095147,11.311621899880103,RNF207;SLC9A1;ZC3H12A,1.0
GO_Biological_Process_2021,embryonic limb morphogenesis (GO:0030326),3/36,0.05144316529652226,3.812121132095147,11.311621899880103,ECE1;HDAC1;SKI,1.0
GO_Biological_Process_2021,ribonucleoprotein complex biogenesis (GO:0022613),4/60,0.051762052948229255,2.9981526462836556,8.877823704896137,EBNA1BP2;MRTO4;NOC2L;RPL11,1.0
GO_Biological_Process_2021,regulation of ATP biosynthetic process (GO:2001169),2/16,0.05281203761995901,5.98344561347603,17.59741005639537,ENO1;PINK1,1.0
GO_Biological_Process_2021,regulation of oxidative phosphorylation (GO:0002082),2/16,0.05281203761995901,5.98344561347603,17.59741005639537,PINK1;SLC25A33,1.0
GO_Biological_Process_2021,negative regulation of transcription regulatory region DNA binding (GO:2000678),2/16,0.05281203761995901,5.98344561347603,17.59741005639537,MAD2L2;ZNF593,1.0
GO_Biological_Process_2021,apoptotic DNA fragmentation (GO:0006309),2/16,0.05281203761995901,5.98344561347603,17.59741005639537,DFFA;DFFB,1.0
GO_Biological_Process_2021,3'-UTR-mediated mRNA destabilization (GO:0061158),2/16,0.05281203761995901,5.98344561347603,17.59741005639537,TARDBP;ZC3H12A,1.0
GO_Biological_Process_2021,regulation of defense response to virus (GO:0050688),2/16,0.05281203761995901,5.98344561347603,17.59741005639537,IFNLR1;ZMPSTE24,1.0
GO_Biological_Process_2021,histone H2A acetylation (GO:0043968),2/16,0.05281203761995901,5.98344561347603,17.59741005639537,DMAP1;MEAF6,1.0
GO_Biological_Process_2021,dendritic spine morphogenesis (GO:0060997),2/16,0.05281203761995901,5.98344561347603,17.59741005639537,CDC42;EPHB2,1.0
GO_Biological_Process_2021,resolution of meiotic recombination intermediates (GO:0000712),2/16,0.05281203761995901,5.98344561347603,17.59741005639537,CENPS;CORT,1.0
GO_Biological_Process_2021,ERAD pathway (GO:0036503),5/87,0.0533710064330208,2.5615023428743635,7.506450932979571,FBXO2;FBXO44;FBXO6;UBE2J2;UBE4B,1.0
GO_Biological_Process_2021,"regulation of DNA-templated transcription, initiation (GO:2000142)",4/61,0.054414650550255725,2.9454022368844797,8.574424808222096,AGO1;AGO3;AGO4;MED8,1.0
GO_Biological_Process_2021,positive regulation of signaling receptor activity (GO:2000273),3/37,0.05504527982663242,3.6998101690110405,10.727966468860929,EPHB2;HDAC1;PARK7,1.0
GO_Biological_Process_2021,negative regulation of binding (GO:0051100),5/88,0.05554989461264009,2.5305107587935174,7.314374694792306,CTNNBIP1;DVL1;KDM1A;PARK7;PEX14,1.0
GO_Biological_Process_2021,negative regulation of kinase activity (GO:0033673),4/62,0.05713953008479063,2.8944708071197582,8.28472542513686,CAMK2N1;CEP85;DVL1;PARK7,1.0
GO_Biological_Process_2021,collagen fibril organization (GO:0030199),5/89,0.057779462608295126,2.5002570695717385,7.128537648281461,COL16A1;COL8A2;COL9A2;P3H1;PLOD1,1.0
GO_Biological_Process_2021,negative regulation of innate immune response (GO:0045824),3/38,0.058764530550470484,3.5939169752460254,10.185939969748524,ISG15;MUL1;YTHDF2,1.0
GO_Biological_Process_2021,histone exchange (GO:0043486),3/38,0.058764530550470484,3.5939169752460254,10.185939969748524,CENPS;DMAP1;RBBP4,1.0
GO_Biological_Process_2021,regulation of receptor recycling (GO:0001919),2/17,0.058949548622827024,5.58426311621753,15.809458258631267,ECE1;VAMP3,1.0
GO_Biological_Process_2021,maturation of 5.8S rRNA (GO:0000460),2/17,0.058949548622827024,5.58426311621753,15.809458258631267,EXOSC10;NOL9,1.0
GO_Biological_Process_2021,acyl-CoA biosynthetic process (GO:0071616),2/17,0.058949548622827024,5.58426311621753,15.809458258631267,PPCS;PPT1,1.0
GO_Biological_Process_2021,positive regulation of autophagy (GO:0010508),5/90,0.060059666465917705,2.470715231861061,6.948680951462573,PARK7;PINK1;PLK3;SESN2;ZC3H12A,1.0
GO_Biological_Process_2021,regulation of protein targeting to mitochondrion (GO:1903214),3/39,0.06259895594730984,3.493906736690178,9.681638903776514,ATP5IF1;PINK1;UBE2J2,1.0
GO_Biological_Process_2021,regulation of transcription initiation from RNA polymerase II promoter (GO:0060260),4/64,0.0628046136354619,2.7977010905667865,7.743272126368778,AGO1;AGO3;AGO4;MED8,1.0
GO_Biological_Process_2021,negative regulation of intrinsic apoptotic signaling pathway (GO:2001243),4/64,0.0628046136354619,2.7977010905667865,7.743272126368778,ENO1;NOC2L;PARK7;PINK1,1.0
GO_Biological_Process_2021,diterpenoid metabolic process (GO:0016101),4/64,0.0628046136354619,2.7977010905667865,7.743272126368778,AGRN;DHRS3;HSPG2;SDC3,1.0
GO_Biological_Process_2021,regulation of protein sumoylation (GO:0033233),2/18,0.06531858304624501,5.234978431116343,14.283527163157904,MUL1;PARK7,1.0
GO_Biological_Process_2021,embryonic digit morphogenesis (GO:0042733),2/18,0.06531858304624501,5.234978431116343,14.283527163157904,ECE1;HDAC1,1.0
GO_Biological_Process_2021,G protein-coupled acetylcholine receptor signaling pathway (GO:0007213),2/18,0.06531858304624501,5.234978431116343,14.283527163157904,AGRN;GNB1,1.0
GO_Biological_Process_2021,RNA destabilization (GO:0050779),2/18,0.06531858304624501,5.234978431116343,14.283527163157904,PUM1;YTHDF2,1.0
GO_Biological_Process_2021,pulmonary valve development (GO:0003177),2/18,0.06531858304624501,5.234978431116343,14.283527163157904,HEYL;TNFRSF1B,1.0
GO_Biological_Process_2021,intracellular estrogen receptor signaling pathway (GO:0030520),2/18,0.06531858304624501,5.234978431116343,14.283527163157904,ARID1A;PADI2,1.0
GO_Biological_Process_2021,carbohydrate derivative transport (GO:1901264),2/18,0.06531858304624501,5.234978431116343,14.283527163157904,CPTP;MFSD2A,1.0
GO_Biological_Process_2021,mitochondrial fission (GO:0000266),2/18,0.06531858304624501,5.234978431116343,14.283527163157904,MTFR1L;MUL1,1.0
GO_Biological_Process_2021,positive regulation of myoblast differentiation (GO:0045663),2/18,0.06531858304624501,5.234978431116343,14.283527163157904,AKIRIN1;XKR8,1.0
GO_Biological_Process_2021,negative regulation of protein kinase B signaling (GO:0051898),3/40,0.06654649465310294,3.3993024569751875,9.211614746847934,EPHA2;MUL1;OTUD3,1.0
GO_Biological_Process_2021,cytoplasmic translation (GO:0002181),5/93,0.06720324286197663,2.38611815114412,6.442599601001829,EIF2B3;EIF3I;RPL11;RPL22;RPS8,1.0
GO_Biological_Process_2021,organelle organization (GO:0006996),15/420,0.0702951155124263,1.5638132276813368,4.152006944045468,ATAD3A;ATAD3B;ATAD3C;CAPZB;CDC42;PARK7;PEX10;PEX14;PINK1;PLEKHM2;SLC25A33;VPS13D;YTHDF2;ZMYM4;ZMYM6,1.0
GO_Biological_Process_2021,regulation of filopodium assembly (GO:0051489),3/41,0.0706049941293943,3.309677349876775,8.772810825424399,AGRN;CAPZB;CDC42,1.0
GO_Biological_Process_2021,nucleobase-containing compound catabolic process (GO:0034655),3/41,0.0706049941293943,3.309677349876775,8.772810825424399,DFFB;PABPC4;PPP1R8,1.0
GO_Biological_Process_2021,mitochondrion localization (GO:0051646),2/19,0.07190499718524561,4.9267860619094135,12.969318506701361,MFN2;MUL1,1.0
GO_Biological_Process_2021,regulation of cell-cell adhesion mediated by cadherin (GO:2000047),2/19,0.07190499718524561,4.9267860619094135,12.969318506701361,MAD2L2;PTPRU,1.0
GO_Biological_Process_2021,regulation of bicellular tight junction assembly (GO:2000810),2/19,0.07190499718524561,4.9267860619094135,12.969318506701361,EPHA2;NPHP4,1.0
GO_Biological_Process_2021,positive regulation of cilium assembly (GO:0045724),2/19,0.07190499718524561,4.9267860619094135,12.969318506701361,CROCC;WRAP73,1.0
GO_Biological_Process_2021,regulation of RIG-I signaling pathway (GO:0039535),2/19,0.07190499718524561,4.9267860619094135,12.969318506701361,GPATCH3;PUM1,1.0
GO_Biological_Process_2021,establishment of skin barrier (GO:0061436),2/19,0.07190499718524561,4.9267860619094135,12.969318506701361,KDF1;STMN1,1.0
GO_Biological_Process_2021,cytoplasmic translational initiation (GO:0002183),2/19,0.07190499718524561,4.9267860619094135,12.969318506701361,EIF2B3;EIF3I,1.0
GO_Biological_Process_2021,regulation of glucose transmembrane transport (GO:0010827),2/19,0.07190499718524561,4.9267860619094135,12.969318506701361,C1QTNF12;SLC2A1,1.0
GO_Biological_Process_2021,regulation of water loss via skin (GO:0033561),2/19,0.07190499718524561,4.9267860619094135,12.969318506701361,KDF1;STMN1,1.0
GO_Biological_Process_2021,positive regulation of mitochondrial fission (GO:0090141),2/19,0.07190499718524561,4.9267860619094135,12.969318506701361,MUL1;PINK1,1.0
GO_Biological_Process_2021,negative regulation of oxidative stress-induced intrinsic apoptotic signaling pathway (GO:1902176),2/19,0.07190499718524561,4.9267860619094135,12.969318506701361,PARK7;PINK1,1.0
GO_Biological_Process_2021,negative regulation of RNA splicing (GO:0033119),2/19,0.07190499718524561,4.9267860619094135,12.969318506701361,SRSF10;SRSF4,1.0
GO_Biological_Process_2021,mesenchymal cell development (GO:0014031),2/19,0.07190499718524561,4.9267860619094135,12.969318506701361,HEYL;PEF1,1.0
GO_Biological_Process_2021,cellular response to oxidative stress (GO:0034599),6/125,0.07356899795303144,2.1186292251233447,5.528629838446495,ATP13A2;PARK7;PINK1;PRDX1;SESN2;ZC3H12A,1.0
GO_Biological_Process_2021,regulation of nervous system development (GO:0051960),3/42,0.07477221891510724,3.2246484021167428,8.362509296965117,HEYL;TNFRSF1B;YTHDF2,1.0
GO_Biological_Process_2021,cellular respiration (GO:0045333),3/42,0.07477221891510724,3.2246484021167428,8.362509296965117,MTFR1L;SDHB;UQCRHL,1.0
GO_Biological_Process_2021,regulation of myeloid cell differentiation (GO:0045637),4/68,0.07498252995156171,2.6223059793145262,6.793083971288929,AGO1;AGO3;AGO4;HDAC1,1.0
GO_Biological_Process_2021,positive regulation of protein localization to nucleus (GO:1900182),4/68,0.07498252995156171,2.6223059793145262,6.793083971288929,DMAP1;PARK7;SESN2;ZC3H12A,1.0
GO_Biological_Process_2021,negative regulation of gene expression (GO:0010629),12/322,0.07719659636601947,1.631748691720282,4.179560954475084,AGO1;AGO3;AGO4;HDAC1;KDM4A;PARK7;PINK1;RBBP4;TARDBP;YBX1;YTHDF2;ZC3H12A,1.0
GO_Biological_Process_2021,cellular response to starvation (GO:0009267),7/158,0.07836065638117422,1.9489304438539172,4.962821400046956,ATP6V0B;MFSD2A;MTOR;RRAGC;SESN2;SZT2;ZC3H12A,1.0
GO_Biological_Process_2021,T cell receptor signaling pathway (GO:0050852),7/158,0.07836065638117422,1.9489304438539172,4.962821400046956,EIF2B3;ERMAP;KHDRBS1;PIK3CD;PSMB2;THEMIS2;ZC3H12A,1.0
GO_Biological_Process_2021,fatty acid transport (GO:0015908),2/20,0.07869517998815657,4.652837289281031,11.828319055568086,FABP3;MFSD2A,1.0
GO_Biological_Process_2021,cellular response to glucose starvation (GO:0042149),3/43,0.07904585847745309,3.143870901744712,7.978286411020664,SESN2;SZT2;ZC3H12A,1.0
GO_Biological_Process_2021,DNA synthesis involved in DNA repair (GO:0000731),3/43,0.07904585847745309,3.143870901744712,7.978286411020664,FAAP20;ISG15;RPA2,1.0
GO_Biological_Process_2021,negative regulation of neuron death (GO:1901215),5/98,0.08011001140558627,2.257251630338744,5.6981031896464716,ATP13A2;PARK7;PINK1;PPT1;TNFRSF1B,1.0
GO_Biological_Process_2021,cellular response to light stimulus (GO:0071482),4/70,0.08148588140551276,2.5425809287453167,6.375078018874471,CASP9;GNB1;KDM1A;NOC2L,1.0
GO_Biological_Process_2021,ribosome biogenesis (GO:0042254),8/192,0.0825671631556315,1.8287334205473833,4.561123058359092,EBNA1BP2;EXOSC10;MRTO4;NOC2L;NOL9;RPL11;RPL22;UTP11,1.0
GO_Biological_Process_2021,positive regulation of cell differentiation (GO:0045597),10/258,0.08270516627334161,1.6977742982243955,4.231656953000375,AKIRIN1;CDC42;CTNNBIP1;HEYL;MTOR;NBL1;PDPN;RPS6KA1;XKR8;ZC3H12A,1.0
GO_Biological_Process_2021,response to UV (GO:0009411),5/99,0.08283955118574897,2.2331234306985888,5.562374738794972,CASP9;KDM1A;NOC2L;SDF4;UBE4B,1.0
GO_Biological_Process_2021,mRNA stabilization (GO:0048255),3/44,0.0834235346776464,3.0670337672444883,7.617974591934587,TARDBP;THRAP3;YBX1,1.0
GO_Biological_Process_2021,positive regulation of mRNA catabolic process (GO:0061014),3/44,0.0834235346776464,3.0670337672444883,7.617974591934587,PUM1;YTHDF2;ZC3H12A,1.0
GO_Biological_Process_2021,error-prone translesion synthesis (GO:0042276),2/21,0.08567603596076087,4.4077252295609,10.830583621938379,MAD2L2;RPA2,1.0
GO_Biological_Process_2021,regulation of ubiquitin protein ligase activity (GO:1904666),2/21,0.08567603596076087,4.4077252295609,10.830583621938379,MAD2L2;RPL11,1.0
GO_Biological_Process_2021,negative regulation of small GTPase mediated signal transduction (GO:0051058),2/21,0.08567603596076087,4.4077252295609,10.830583621938379,EPHB2;MFN2,1.0
GO_Biological_Process_2021,focal adhesion assembly (GO:0048041),2/21,0.08567603596076087,4.4077252295609,10.830583621938379,RCC2;TESK2,1.0
GO_Biological_Process_2021,positive regulation of vascular associated smooth muscle cell proliferation (GO:1904707),2/21,0.08567603596076087,4.4077252295609,10.830583621938379,LDLRAP1;MFN2,1.0
GO_Biological_Process_2021,acetylcholine receptor signaling pathway (GO:0095500),2/21,0.08567603596076087,4.4077252295609,10.830583621938379,AGRN;GNB1,1.0
GO_Biological_Process_2021,positive regulation of immune system process (GO:0002684),2/21,0.08567603596076087,4.4077252295609,10.830583621938379,PIK3CD;TNFRSF18,1.0
GO_Biological_Process_2021,regulation of cell-substrate junction assembly (GO:0090109),2/21,0.08567603596076087,4.4077252295609,10.830583621938379,MACF1;SLC9A1,1.0
GO_Biological_Process_2021,rRNA metabolic process (GO:0016072),7/162,0.08675860673922771,1.8982436096525424,4.640495021795656,EBNA1BP2;EXOSC10;MRTO4;NOL9;RPL11;RPL22;UTP11,1.0
GO_Biological_Process_2021,positive regulation of nervous system development (GO:0051962),3/45,0.08790280886656499,2.993855543910941,7.279630169156194,CLSTN1;EPHB2;SPEN,1.0
GO_Biological_Process_2021,regulation of cell cycle (GO:0051726),11/296,0.08930473662531621,1.6255287763618027,3.9267910854870913,CAMK2N1;CDK11A;CDK11B;MFN2;PHACTR4;PUM1;RBBP4;TARDBP;TP73;TRNP1;ZBTB17,1.0
GO_Biological_Process_2021,regulation of intracellular signal transduction (GO:1902531),15/437,0.0908536893776885,1.4994820931660735,3.5965151110543823,ARHGEF16;CDC42;HDAC1;INPP5B;MEAF6;MTOR;NOC2L;PLEKHG5;PLK3;RBBP4;RPA2;RPL11;RRAGC;TAF12;TP73,1.0
GO_Biological_Process_2021,positive regulation of cell growth (GO:0030307),5/102,0.0913193625753499,2.1637237636923685,5.178640092786562,CDC42;MACF1;MFSD2A;RPS6KA1;SLC25A33,1.0
GO_Biological_Process_2021,intrinsic apoptotic signaling pathway (GO:0097193),5/102,0.0913193625753499,2.1637237636923685,5.178640092786562,CASP9;EPHA2;IFI6;TNFRSF1B;TP73,1.0
GO_Biological_Process_2021,positive regulation of synaptic transmission (GO:0050806),4/73,0.09174283601679924,2.4316591192577213,5.808664327744031,CLSTN1;EPHB2;PRKCZ;RIMS3,1.0
GO_Biological_Process_2021,positive regulation of nucleocytoplasmic transport (GO:0046824),3/46,0.09248118862496464,2.924080958871978,6.961505805298849,DMAP1;KHDRBS1;ZC3H12A,1.0
GO_Biological_Process_2021,regulation of double-strand break repair via homologous recombination (GO:0010569),3/46,0.09248118862496464,2.924080958871978,6.961505805298849,KDM1A;MAD2L2;RPA2,1.0
GO_Biological_Process_2021,postreplication repair (GO:0006301),3/46,0.09248118862496464,2.924080958871978,6.961505805298849,FAAP20;ISG15;RPA2,1.0
GO_Biological_Process_2021,DNA repair (GO:0006281),11/298,0.09252083293154485,1.6140333143568066,3.841918101327854,CENPS;EXO5;EYA3;FAAP20;FBXO6;KDM4A;MAD2L2;MUTYH;PARK7;RPA2;TP73,1.0
GO_Biological_Process_2021,heme biosynthetic process (GO:0006783),2/22,0.09283496857616204,4.1871243758127825,9.952509471398136,ATP5IF1;UROD,1.0
GO_Biological_Process_2021,regulation of execution phase of apoptosis (GO:1900117),2/22,0.09283496857616204,4.1871243758127825,9.952509471398136,DFFA;ZC3H12A,1.0
GO_Biological_Process_2021,positive regulation of neural precursor cell proliferation (GO:2000179),2/22,0.09283496857616204,4.1871243758127825,9.952509471398136,DISP3;KDM1A,1.0
GO_Biological_Process_2021,regulation of autophagy (GO:0010506),9/231,0.09406468292051681,1.7055290221959762,4.031482800472279,ATP13A2;ATP6V0B;CPTP;EIF4G3;KDM4A;MTOR;PINK1;RRAGC;ZC3H12A,1.0
GO_Biological_Process_2021,regulation of protein localization to nucleus (GO:1900180),3/47,0.09715613416234442,2.85747794588024,6.662026849378861,ATP13A2;PARK7;SESN2,1.0
GO_Biological_Process_2021,protein-containing complex assembly (GO:0065003),10/267,0.09808125782025465,1.6375545502479465,3.8023344971916133,COL16A1;HDAC1;PEF1;PEX14;PPIH;SLC2A1;SLC9A1;TRAPPC3;VAMP3;ZC3H12A,1.0
GO_Biological_Process_2021,central nervous system development (GO:0007417),10/268,0.09988700056196248,1.631122811445983,3.7576432722538464,C1QA;HPCAL4;HSPG2;KLHL17;MARCKSL1;MFSD2A;MTF1;PPT1;SLC2A1;SZT2,1.0
GO_Biological_Process_2021,negative regulation of extrinsic apoptotic signaling pathway in absence of ligand (GO:2001240),2/23,0.1001598641761258,3.9875331271835326,9.175264789447668,EYA3;IFI6,1.0
GO_Biological_Process_2021,nucleotide metabolic process (GO:0009117),2/23,0.1001598641761258,3.9875331271835326,9.175264789447668,NMNAT1;PARK7,1.0
GO_Biological_Process_2021,glucose 6-phosphate metabolic process (GO:0051156),2/23,0.1001598641761258,3.9875331271835326,9.175264789447668,H6PD;PGD,1.0
GO_Biological_Process_2021,negative regulation of reactive oxygen species metabolic process (GO:2000378),2/23,0.1001598641761258,3.9875331271835326,9.175264789447668,PARK7;PINK1,1.0
GO_Biological_Process_2021,"DNA catabolic process, endonucleolytic (GO:0000737)",2/23,0.1001598641761258,3.9875331271835326,9.175264789447668,DFFA;DFFB,1.0
GO_Biological_Process_2021,negative regulation of signal transduction in absence of ligand (GO:1901099),2/23,0.1001598641761258,3.9875331271835326,9.175264789447668,EYA3;IFI6,1.0
GO_Biological_Process_2021,regulation of neural precursor cell proliferation (GO:2000177),2/23,0.1001598641761258,3.9875331271835326,9.175264789447668,DISP3;KDM1A,1.0
GO_Biological_Process_2021,regulation of gene expression (GO:0010468),32/1079,0.10064350400918011,1.2957948589526822,2.975366148653772,AGO1;AGO3;AGO4;ATP13A2;CAMK2N1;CDK11A;CDK11B;DVL1;EPHB2;ERMAP;HDAC1;HP1BP3;KDM4A;MTOR;MYCBP;NFYC;PARK7;PIK3CD;PINK1;POU3F1;PPIE;PRDM2;PUM1;RNF207;RPL11;SFPQ;SRSF10;TARDBP;TP73;YBX1;YTHDF2;ZC3H12A,1.0
GO_Biological_Process_2021,purine ribonucleotide biosynthetic process (GO:0009152),3/48,0.10192506438807007,2.793835066799246,6.379770983734515,ACOT7;PANK4;PPCS,1.0
GO_Biological_Process_2021,positive regulation of endocytosis (GO:0045807),3/48,0.10192506438807007,2.793835066799246,6.379770983734515,CDC42;LDLRAP1;PPT1,1.0
GO_Biological_Process_2021,regulation of mitochondrion organization (GO:0010821),3/48,0.10192506438807007,2.793835066799246,6.379770983734515,ATP13A2;MUL1;PINK1,1.0
GO_Biological_Process_2021,positive regulation of growth (GO:0045927),4/76,0.10258213858329723,2.329980793894092,5.305579342768935,CDC42;MFSD2A;RPS6KA1;SLC25A33,1.0
GO_Biological_Process_2021,chloride transport (GO:0006821),4/76,0.10258213858329723,2.329980793894092,5.305579342768935,CLCN6;CLCNKA;CLIC4;GABRD,1.0
GO_Biological_Process_2021,regulation of cellular localization (GO:0060341),3/49,0.10678536266787451,2.732959269417426,6.113450645975146,DVL1;KDM1A;PINK1,1.0
GO_Biological_Process_2021,negative regulation of stress fiber assembly (GO:0051497),2/24,0.10763907635005869,3.8060865375205775,8.48365854836922,STMN1;WASF2,1.0
GO_Biological_Process_2021,DNA packaging (GO:0006323),2/24,0.10763907635005869,3.8060865375205775,8.48365854836922,NOC2L;RBBP4,1.0
GO_Biological_Process_2021,neuromuscular junction development (GO:0007528),2/24,0.10763907635005869,3.8060865375205775,8.48365854836922,AGRN;DVL1,1.0
GO_Biological_Process_2021,cellular response to catecholamine stimulus (GO:0071870),2/24,0.10763907635005869,3.8060865375205775,8.48365854836922,GNB1;SLC9A1,1.0
GO_Biological_Process_2021,apoptotic nuclear changes (GO:0030262),2/24,0.10763907635005869,3.8060865375205775,8.48365854836922,DFFA;DFFB,1.0
GO_Biological_Process_2021,long-chain fatty-acyl-CoA metabolic process (GO:0035336),2/24,0.10763907635005869,3.8060865375205775,8.48365854836922,ACOT7;ELOVL1,1.0
GO_Biological_Process_2021,porphyrin-containing compound biosynthetic process (GO:0006779),2/24,0.10763907635005869,3.8060865375205775,8.48365854836922,ATP5IF1;UROD,1.0
GO_Biological_Process_2021,protein kinase B signaling (GO:0043491),2/24,0.10763907635005869,3.8060865375205775,8.48365854836922,EPHA2;PLK3,1.0
GO_Biological_Process_2021,negative regulation of cell population proliferation (GO:0008285),13/379,0.11020305752671831,1.496174831285655,3.2997098118191905,CAMK2N1;CTNNBIP1;FABP3;IFNLR1;KDF1;MFN2;P3H1;PDPN;PTPRU;RBBP4;SKI;TP73;ZBTB17,1.0
GO_Biological_Process_2021,CRD-mediated mRNA stabilization (GO:0070934),1/5,0.11166168122067735,10.453961237602543,22.9180277318776,YBX1,1.0
GO_Biological_Process_2021,fatty acid derivative catabolic process (GO:1901569),1/5,0.11166168122067735,10.453961237602543,22.9180277318776,OXCT2,1.0
GO_Biological_Process_2021,regulation of microvillus assembly (GO:0032534),1/5,0.11166168122067735,10.453961237602543,22.9180277318776,RAP1GAP,1.0
GO_Biological_Process_2021,negative regulation of cysteine-type endopeptidase activity involved in apoptotic signaling pathway (GO:2001268),1/5,0.11166168122067735,10.453961237602543,22.9180277318776,PARK7,1.0
GO_Biological_Process_2021,regulation of miRNA catabolic process (GO:2000625),1/5,0.11166168122067735,10.453961237602543,22.9180277318776,ZC3H12A,1.0
GO_Biological_Process_2021,nuclear retention of pre-mRNA at the site of transcription (GO:0071033),1/5,0.11166168122067735,10.453961237602543,22.9180277318776,EXOSC10,1.0
GO_Biological_Process_2021,fructose transmembrane transport (GO:0015755),1/5,0.11166168122067735,10.453961237602543,22.9180277318776,SLC2A5,1.0
GO_Biological_Process_2021,regulation of mitophagy (GO:1901524),1/5,0.11166168122067735,10.453961237602543,22.9180277318776,VPS13D,1.0
GO_Biological_Process_2021,positive regulation of vascular associated smooth muscle cell apoptotic process (GO:1905461),1/5,0.11166168122067735,10.453961237602543,22.9180277318776,MFN2,1.0
GO_Biological_Process_2021,negative regulation of cardiac muscle cell proliferation (GO:0060044),1/5,0.11166168122067735,10.453961237602543,22.9180277318776,TP73,1.0
GO_Biological_Process_2021,neutral lipid catabolic process (GO:0046461),1/5,0.11166168122067735,10.453961237602543,22.9180277318776,LYPLA2,1.0
GO_Biological_Process_2021,determination of dorsal/ventral asymmetry (GO:0048262),1/5,0.11166168122067735,10.453961237602543,22.9180277318776,NBL1,1.0
GO_Biological_Process_2021,negative regulation of macrophage differentiation (GO:0045650),1/5,0.11166168122067735,10.453961237602543,22.9180277318776,C1QC,1.0
GO_Biological_Process_2021,positive regulation of protein localization to cilium (GO:1903566),1/5,0.11166168122067735,10.453961237602543,22.9180277318776,CROCC,1.0
GO_Biological_Process_2021,response to fructose (GO:0009750),1/5,0.11166168122067735,10.453961237602543,22.9180277318776,SLC2A5,1.0
GO_Biological_Process_2021,positive regulation of RNA export from nucleus (GO:0046833),1/5,0.11166168122067735,10.453961237602543,22.9180277318776,KHDRBS1,1.0
GO_Biological_Process_2021,menaquinone metabolic process (GO:0009233),1/5,0.11166168122067735,10.453961237602543,22.9180277318776,UBIAD1,1.0
GO_Biological_Process_2021,positive regulation of histone ubiquitination (GO:0033184),1/5,0.11166168122067735,10.453961237602543,22.9180277318776,KDM1A,1.0
GO_Biological_Process_2021,mammary gland duct morphogenesis (GO:0060603),1/5,0.11166168122067735,10.453961237602543,22.9180277318776,EPHA2,1.0
GO_Biological_Process_2021,histone citrullination (GO:0036414),1/5,0.11166168122067735,10.453961237602543,22.9180277318776,PADI2,1.0
GO_Biological_Process_2021,pyrimidine nucleobase biosynthetic process (GO:0019856),1/5,0.11166168122067735,10.453961237602543,22.9180277318776,CTPS1,1.0
GO_Biological_Process_2021,regulation of circadian sleep/wake cycle (GO:0042749),1/5,0.11166168122067735,10.453961237602543,22.9180277318776,PER3,1.0
GO_Biological_Process_2021,negative regulation of adaptive immune response (GO:0002820),1/5,0.11166168122067735,10.453961237602543,22.9180277318776,TNFRSF14,1.0
GO_Biological_Process_2021,protein retention in Golgi apparatus (GO:0045053),1/5,0.11166168122067735,10.453961237602543,22.9180277318776,VPS13D,1.0
GO_Biological_Process_2021,regulation of antifungal innate immune response (GO:1905034),1/5,0.11166168122067735,10.453961237602543,22.9180277318776,TRIM62,1.0
GO_Biological_Process_2021,regulation of receptor catabolic process (GO:2000644),1/5,0.11166168122067735,10.453961237602543,22.9180277318776,LAPTM5,1.0
GO_Biological_Process_2021,glucuronate catabolic process to xylulose 5-phosphate (GO:0019640),1/5,0.11166168122067735,10.453961237602543,22.9180277318776,AKR1A1,1.0
GO_Biological_Process_2021,cellular response to sodium arsenite (GO:1903936),1/5,0.11166168122067735,10.453961237602543,22.9180277318776,ZC3H12A,1.0
GO_Biological_Process_2021,regulation of cyclase activity (GO:0031279),1/5,0.11166168122067735,10.453961237602543,22.9180277318776,CAP1,1.0
GO_Biological_Process_2021,positive regulation of protein monoubiquitination (GO:1902527),1/5,0.11166168122067735,10.453961237602543,22.9180277318776,PEF1,1.0
GO_Biological_Process_2021,extracellular exosome biogenesis (GO:0097734),1/5,0.11166168122067735,10.453961237602543,22.9180277318776,ATP13A2,1.0
GO_Biological_Process_2021,chromatin maintenance (GO:0070827),1/5,0.11166168122067735,10.453961237602543,22.9180277318776,MTHFR,1.0
GO_Biological_Process_2021,regulation of lyase activity (GO:0051339),1/5,0.11166168122067735,10.453961237602543,22.9180277318776,CAP1,1.0
GO_Biological_Process_2021,regulation of guanyl-nucleotide exchange factor activity (GO:1905097),1/5,0.11166168122067735,10.453961237602543,22.9180277318776,STMN1,1.0
GO_Biological_Process_2021,glucuronate catabolic process (GO:0006064),1/5,0.11166168122067735,10.453961237602543,22.9180277318776,AKR1A1,1.0
GO_Biological_Process_2021,positive regulation of attachment of spindle microtubules to kinetochore (GO:0051987),1/5,0.11166168122067735,10.453961237602543,22.9180277318776,RCC2,1.0
GO_Biological_Process_2021,regulation of systemic arterial blood pressure by endothelin (GO:0003100),1/5,0.11166168122067735,10.453961237602543,22.9180277318776,ECE1,1.0
GO_Biological_Process_2021,positive regulation of membrane permeability (GO:1905710),1/5,0.11166168122067735,10.453961237602543,22.9180277318776,LAPTM5,1.0
GO_Biological_Process_2021,glucose import across plasma membrane (GO:0098708),1/5,0.11166168122067735,10.453961237602543,22.9180277318776,SLC2A1,1.0
GO_Biological_Process_2021,leucine catabolic process (GO:0006552),1/5,0.11166168122067735,10.453961237602543,22.9180277318776,HMGCL,1.0
GO_Biological_Process_2021,lipid transport across blood-brain barrier (GO:1990379),1/5,0.11166168122067735,10.453961237602543,22.9180277318776,MFSD2A,1.0
GO_Biological_Process_2021,apoptotic chromosome condensation (GO:0030263),1/5,0.11166168122067735,10.453961237602543,22.9180277318776,DFFB,1.0
GO_Biological_Process_2021,xylulose 5-phosphate biosynthetic process (GO:1901159),1/5,0.11166168122067735,10.453961237602543,22.9180277318776,AKR1A1,1.0
GO_Biological_Process_2021,protein citrullination (GO:0018101),1/5,0.11166168122067735,10.453961237602543,22.9180277318776,PADI2,1.0
GO_Biological_Process_2021,positive regulation of the force of heart contraction (GO:0098735),1/5,0.11166168122067735,10.453961237602543,22.9180277318776,SLC9A1,1.0
GO_Biological_Process_2021,lymph node development (GO:0048535),1/5,0.11166168122067735,10.453961237602543,22.9180277318776,PDPN,1.0
GO_Biological_Process_2021,positive regulation of mast cell activation involved in immune response (GO:0033008),1/5,0.11166168122067735,10.453961237602543,22.9180277318776,FGR,1.0
GO_Biological_Process_2021,positive regulation of nucleobase-containing compound transport (GO:0032241),1/5,0.11166168122067735,10.453961237602543,22.9180277318776,KHDRBS1,1.0
GO_Biological_Process_2021,disaccharide biosynthetic process (GO:0046351),1/5,0.11166168122067735,10.453961237602543,22.9180277318776,SLC2A1,1.0
GO_Biological_Process_2021,negative regulation of RNA polymerase II regulatory region sequence-specific DNA binding (GO:1903026),1/5,0.11166168122067735,10.453961237602543,22.9180277318776,ZNF593,1.0
GO_Biological_Process_2021,negative regulation of protein acetylation (GO:1901984),1/5,0.11166168122067735,10.453961237602543,22.9180277318776,PARK7,1.0
GO_Biological_Process_2021,deadenylation-independent decapping of nuclear-transcribed mRNA (GO:0031087),1/5,0.11166168122067735,10.453961237602543,22.9180277318776,PNRC2,1.0
GO_Biological_Process_2021,dephosphorylation of RNA polymerase II C-terminal domain (GO:0070940),1/5,0.11166168122067735,10.453961237602543,22.9180277318776,SSU72,1.0
GO_Biological_Process_2021,response to sodium arsenite (GO:1903935),1/5,0.11166168122067735,10.453961237602543,22.9180277318776,ZC3H12A,1.0
GO_Biological_Process_2021,negative regulation of skeletal muscle cell differentiation (GO:2001015),1/5,0.11166168122067735,10.453961237602543,22.9180277318776,AKIRIN1,1.0
GO_Biological_Process_2021,positive regulation of non-motile cilium assembly (GO:1902857),1/5,0.11166168122067735,10.453961237602543,22.9180277318776,WRAP73,1.0
GO_Biological_Process_2021,regulation of protein monoubiquitination (GO:1902525),1/5,0.11166168122067735,10.453961237602543,22.9180277318776,PEF1,1.0
GO_Biological_Process_2021,positive regulation of protein localization to cell cortex (GO:1904778),1/5,0.11166168122067735,10.453961237602543,22.9180277318776,EPB41,1.0
GO_Biological_Process_2021,positive regulation of protein localization to synapse (GO:1902474),1/5,0.11166168122067735,10.453961237602543,22.9180277318776,DVL1,1.0
GO_Biological_Process_2021,"RNA phosphodiester bond hydrolysis, exonucleolytic (GO:0090503)",1/5,0.11166168122067735,10.453961237602543,22.9180277318776,TOE1,1.0
GO_Biological_Process_2021,regulation of complement activation (GO:0030449),3/50,0.11173438227840238,2.674673931498662,5.86189779806068,C1QA;C1QB;C1QC,1.0
GO_Biological_Process_2021,protein ubiquitination (GO:0016567),17/525,0.11193882670940274,1.4115962471807666,3.0911173397282248,FBXO2;FBXO44;FBXO6;ISG15;KLHL21;MIB2;MUL1;PEX10;PEX14;PINK1;PSMB2;RNF19B;RNF220;SPSB1;TRIM62;UBE2J2;UBE4B,1.0
GO_Biological_Process_2021,rRNA processing (GO:0006364),7/173,0.11236883979600697,1.771450188555428,3.872334499223477,EBNA1BP2;EXOSC10;MRTO4;NOL9;RPL11;RPL22;UTP11,1.0
GO_Biological_Process_2021,peripheral nervous system development (GO:0007422),2/25,0.11526141077816025,3.640417912176141,7.8653143600663356,ADGRB2;ARTN,1.0
GO_Biological_Process_2021,positive regulation of lipid metabolic process (GO:0045834),2/25,0.11526141077816025,3.640417912176141,7.8653143600663356,DISP3;MTOR,1.0
GO_Biological_Process_2021,regulation of proteolysis involved in cellular protein catabolic process (GO:1903050),2/25,0.11526141077816025,3.640417912176141,7.8653143600663356,ATP5IF1;PINK1,1.0
GO_Biological_Process_2021,regulation of mitochondrial fission (GO:0090140),2/25,0.11526141077816025,3.640417912176141,7.8653143600663356,MUL1;PINK1,1.0
GO_Biological_Process_2021,regulation of epidermal cell differentiation (GO:0045604),2/25,0.11526141077816025,3.640417912176141,7.8653143600663356,ERRFI1;KDF1,1.0
GO_Biological_Process_2021,peroxisome organization (GO:0007031),2/25,0.11526141077816025,3.640417912176141,7.8653143600663356,PEX10;PEX14,1.0
GO_Biological_Process_2021,divalent inorganic cation homeostasis (GO:0072507),2/25,0.11526141077816025,3.640417912176141,7.8653143600663356,ATP13A2;SELENON,1.0
GO_Biological_Process_2021,ribosomal large subunit assembly (GO:0000027),2/25,0.11526141077816025,3.640417912176141,7.8653143600663356,MRPL20;RPL11,1.0
GO_Biological_Process_2021,response to hexose (GO:0009746),2/25,0.11526141077816025,3.640417912176141,7.8653143600663356,EIF2B3;SLC2A5,1.0
GO_Biological_Process_2021,regulation of protein kinase activity (GO:0045859),5/110,0.1160003681437923,1.9980458284902165,4.304114226614592,CAMK2N1;CEP85;DVL1;FGR;PARK7,1.0
GO_Biological_Process_2021,Ras protein signal transduction (GO:0007265),6/142,0.11671722959840787,1.8521771953946877,3.978478672547155,CNKSR1;GNB1;PARK7;PDPN;PHACTR4;PLEKHG5,1.0
GO_Biological_Process_2021,negative regulation of protein ubiquitination (GO:0031397),3/51,0.11676945157200803,2.6188171493265133,5.624050687955386,ISG15;PARK7;SVBP,1.0
GO_Biological_Process_2021,regulation of substrate adhesion-dependent cell spreading (GO:1900024),3/51,0.11676945157200803,2.6188171493265133,5.624050687955386,CDC42;PDPN;RCC2,1.0
GO_Biological_Process_2021,regulation of protein localization to plasma membrane (GO:1903076),4/80,0.11789685180062393,2.2068965052960148,4.718223733191852,ARHGEF16;EPHA2;EPHB2;LDLRAP1,1.0
GO_Biological_Process_2021,regulation of organelle organization (GO:0033043),4/80,0.11789685180062393,2.2068965052960148,4.718223733191852,ATP13A2;CLIC4;MUL1;PINK1,1.0
GO_Biological_Process_2021,protein polyubiquitination (GO:0000209),11/314,0.12073344660942474,1.5275328081805983,3.2294641653344214,FBXO2;FBXO44;FBXO6;MIB2;MUL1;PSMB2;RNF19B;SPSB1;TRIM62;UBE2J2;UBE4B,1.0
GO_Biological_Process_2021,cellular response to DNA damage stimulus (GO:0006974),12/350,0.12161879137956053,1.4943942377046837,3.1484851029481913,CASP9;CENPS;EPHA2;FAAP20;FBXO6;MUTYH;PARK7;PLK3;TNFRSF1B;TP73;ZBTB40;ZC3H12A,1.0
GO_Biological_Process_2021,positive regulation of protein localization to plasma membrane (GO:1903078),3/52,0.12188787886358855,2.565240235814452,5.398942308855889,ARHGEF16;EPHA2;EPHB2,1.0
GO_Biological_Process_2021,negative regulation of cellular biosynthetic process (GO:0031327),3/52,0.12188787886358855,2.565240235814452,5.398942308855889,C1QTNF12;WDTC1;ZC3H12A,1.0
GO_Biological_Process_2021,organelle fission (GO:0048285),2/26,0.12301611052564837,3.4885550056104075,7.310057534564434,MTFR1L;MUL1,1.0
GO_Biological_Process_2021,regulation of viral life cycle (GO:1903900),2/26,0.12301611052564837,3.4885550056104075,7.310057534564434,KPNA6;TRIM62,1.0
GO_Biological_Process_2021,negative regulation of interleukin-1 beta production (GO:0032691),2/26,0.12301611052564837,3.4885550056104075,7.310057534564434,CPTP;ZC3H12A,1.0
GO_Biological_Process_2021,snRNA processing (GO:0016180),2/26,0.12301611052564837,3.4885550056104075,7.310057534564434,INTS11;TOE1,1.0
GO_Biological_Process_2021,positive regulation of filopodium assembly (GO:0051491),2/26,0.12301611052564837,3.4885550056104075,7.310057534564434,AGRN;CDC42,1.0
GO_Biological_Process_2021,histone lysine demethylation (GO:0070076),2/26,0.12301611052564837,3.4885550056104075,7.310057534564434,KDM1A;KDM4A,1.0
GO_Biological_Process_2021,TOR signaling (GO:0031929),2/26,0.12301611052564837,3.4885550056104075,7.310057534564434,MTOR;PINK1,1.0
GO_Biological_Process_2021,negative regulation of macroautophagy (GO:0016242),2/26,0.12301611052564837,3.4885550056104075,7.310057534564434,MTOR;PINK1,1.0
GO_Biological_Process_2021,positive regulation of macroautophagy (GO:0016239),3/53,0.1270869570508125,2.5138063988428736,5.185690309574995,PINK1;SESN2;VPS13D,1.0
GO_Biological_Process_2021,epidermal cell differentiation (GO:0009913),3/53,0.1270869570508125,2.5138063988428736,5.185690309574995,CLIC4;EPHA2;HDAC1,1.0
GO_Biological_Process_2021,regulation of immune effector process (GO:0002697),3/53,0.1270869570508125,2.5138063988428736,5.185690309574995,C1QA;C1QB;C1QC,1.0
GO_Biological_Process_2021,histone modification (GO:0016570),5/114,0.12941360291536602,1.9243267472305439,3.9347512973692713,EYA3;HDAC1;KDM4A;PADI2;PARK7,1.0
GO_Biological_Process_2021,nucleobase-containing small molecule interconversion (GO:0015949),2/27,0.13089284177532096,3.348841131569933,6.809454163419337,AK2;CTPS1,1.0
GO_Biological_Process_2021,negative regulation of plasma membrane bounded cell projection assembly (GO:0120033),2/27,0.13089284177532096,3.348841131569933,6.809454163419337,CAPZB;RAP1GAP,1.0
GO_Biological_Process_2021,negative regulation of cation channel activity (GO:2001258),2/27,0.13089284177532096,3.348841131569933,6.809454163419337,EPHB2;SLC6A9,1.0
GO_Biological_Process_2021,regulation of transcription regulatory region DNA binding (GO:2000677),2/27,0.13089284177532096,3.348841131569933,6.809454163419337,MAD2L2;PARK7,1.0
GO_Biological_Process_2021,dendritic spine organization (GO:0097061),2/27,0.13089284177532096,3.348841131569933,6.809454163419337,CDC42;EPHB2,1.0
GO_Biological_Process_2021,peroxisomal membrane transport (GO:0015919),2/27,0.13089284177532096,3.348841131569933,6.809454163419337,PEX10;PEX14,1.0
GO_Biological_Process_2021,protein peptidyl-prolyl isomerization (GO:0000413),2/27,0.13089284177532096,3.348841131569933,6.809454163419337,PPIE;PPIH,1.0
GO_Biological_Process_2021,calcium-ion regulated exocytosis (GO:0017156),2/27,0.13089284177532096,3.348841131569933,6.809454163419337,RIMS3;SDF4,1.0
GO_Biological_Process_2021,negative regulation of actin filament bundle assembly (GO:0032232),2/27,0.13089284177532096,3.348841131569933,6.809454163419337,STMN1;WASF2,1.0
GO_Biological_Process_2021,inorganic anion transport (GO:0015698),3/54,0.13236396797869773,2.464389575085866,4.983488149464251,CLCN6;CLCNKA;CLIC4,1.0
GO_Biological_Process_2021,regulation of humoral immune response (GO:0002920),3/54,0.13236396797869773,2.464389575085866,4.983488149464251,C1QA;C1QB;C1QC,1.0
GO_Biological_Process_2021,positive regulation of cholesterol metabolic process (GO:0090205),1/6,0.13245399595879806,8.36274072456658,16.905446744369815,LDLRAP1,1.0
GO_Biological_Process_2021,glycoside metabolic process (GO:0016137),1/6,0.13245399595879806,8.36274072456658,16.905446744369815,FUCA1,1.0
GO_Biological_Process_2021,mRNA 3'-splice site recognition (GO:0000389),1/6,0.13245399595879806,8.36274072456658,16.905446744369815,SF3A3,1.0
GO_Biological_Process_2021,regulation of cell cycle checkpoint (GO:1901976),1/6,0.13245399595879806,8.36274072456658,16.905446744369815,RPA2,1.0
GO_Biological_Process_2021,photoreceptor cell outer segment organization (GO:0035845),1/6,0.13245399595879806,8.36274072456658,16.905446744369815,MFSD2A,1.0
GO_Biological_Process_2021,glycolipid transport (GO:0046836),1/6,0.13245399595879806,8.36274072456658,16.905446744369815,CPTP,1.0
GO_Biological_Process_2021,negative regulation of monocyte chemotaxis (GO:0090027),1/6,0.13245399595879806,8.36274072456658,16.905446744369815,NBL1,1.0
GO_Biological_Process_2021,response to manganese ion (GO:0010042),1/6,0.13245399595879806,8.36274072456658,16.905446744369815,ATP13A2,1.0
GO_Biological_Process_2021,ear development (GO:0043583),1/6,0.13245399595879806,8.36274072456658,16.905446744369815,ECE1,1.0
GO_Biological_Process_2021,response to catecholamine (GO:0071869),1/6,0.13245399595879806,8.36274072456658,16.905446744369815,GNB1,1.0
GO_Biological_Process_2021,positive regulation of T-helper 2 cell differentiation (GO:0045630),1/6,0.13245399595879806,8.36274072456658,16.905446744369815,PRKCZ,1.0
GO_Biological_Process_2021,tRNA surveillance (GO:0106354),1/6,0.13245399595879806,8.36274072456658,16.905446744369815,EXOSC10,1.0
GO_Biological_Process_2021,tRNA pseudouridine synthesis (GO:0031119),1/6,0.13245399595879806,8.36274072456658,16.905446744369815,PUSL1,1.0
GO_Biological_Process_2021,glycosyl compound catabolic process (GO:1901658),1/6,0.13245399595879806,8.36274072456658,16.905446744369815,FUCA1,1.0
GO_Biological_Process_2021,ISG15-protein conjugation (GO:0032020),1/6,0.13245399595879806,8.36274072456658,16.905446744369815,ISG15,1.0
GO_Biological_Process_2021,regulation of protein localization to cilium (GO:1903564),1/6,0.13245399595879806,8.36274072456658,16.905446744369815,CROCC,1.0
GO_Biological_Process_2021,positive regulation of hemoglobin biosynthetic process (GO:0046985),1/6,0.13245399595879806,8.36274072456658,16.905446744369815,SLC6A9,1.0
GO_Biological_Process_2021,positive regulation of plasminogen activation (GO:0010756),1/6,0.13245399595879806,8.36274072456658,16.905446744369815,ENO1,1.0
GO_Biological_Process_2021,B cell chemotaxis (GO:0035754),1/6,0.13245399595879806,8.36274072456658,16.905446744369815,PIK3CD,1.0
GO_Biological_Process_2021,nucleotide transport (GO:0006862),1/6,0.13245399595879806,8.36274072456658,16.905446744369815,SLC25A33,1.0
GO_Biological_Process_2021,galactose catabolic process (GO:0019388),1/6,0.13245399595879806,8.36274072456658,16.905446744369815,GALE,1.0
GO_Biological_Process_2021,negative regulation of cardiac muscle tissue growth (GO:0055022),1/6,0.13245399595879806,8.36274072456658,16.905446744369815,TP73,1.0
GO_Biological_Process_2021,neuroblast proliferation (GO:0007405),1/6,0.13245399595879806,8.36274072456658,16.905446744369815,ARTN,1.0
GO_Biological_Process_2021,neutrophil extravasation (GO:0072672),1/6,0.13245399595879806,8.36274072456658,16.905446744369815,PIK3CD,1.0
GO_Biological_Process_2021,regulation of digestive system process (GO:0044058),1/6,0.13245399595879806,8.36274072456658,16.905446744369815,EPB41,1.0
GO_Biological_Process_2021,negative regulation of glial cell proliferation (GO:0060253),1/6,0.13245399595879806,8.36274072456658,16.905446744369815,SKI,1.0
GO_Biological_Process_2021,regulation of macromolecule biosynthetic process (GO:0010556),1/6,0.13245399595879806,8.36274072456658,16.905446744369815,TNFRSF1B,1.0
GO_Biological_Process_2021,vacuole organization (GO:0007033),1/6,0.13245399595879806,8.36274072456658,16.905446744369815,ATP13A2,1.0
GO_Biological_Process_2021,peptidyl-diphthamide metabolic process (GO:0017182),1/6,0.13245399595879806,8.36274072456658,16.905446744369815,DPH2,1.0
GO_Biological_Process_2021,peptidyl-diphthamide biosynthetic process from peptidyl-histidine (GO:0017183),1/6,0.13245399595879806,8.36274072456658,16.905446744369815,DPH2,1.0
GO_Biological_Process_2021,negative regulation of histone H3-K9 methylation (GO:0051573),1/6,0.13245399595879806,8.36274072456658,16.905446744369815,KDM1A,1.0
GO_Biological_Process_2021,regulation of membrane tubulation (GO:1903525),1/6,0.13245399595879806,8.36274072456658,16.905446744369815,PLEKHM2,1.0
GO_Biological_Process_2021,negative regulation of cellular response to hypoxia (GO:1900038),1/6,0.13245399595879806,8.36274072456658,16.905446744369815,ENO1,1.0
GO_Biological_Process_2021,negative regulation of chemokine-mediated signaling pathway (GO:0070100),1/6,0.13245399595879806,8.36274072456658,16.905446744369815,PADI2,1.0
GO_Biological_Process_2021,nuclear polyadenylation-dependent rRNA catabolic process (GO:0071035),1/6,0.13245399595879806,8.36274072456658,16.905446744369815,EXOSC10,1.0
GO_Biological_Process_2021,nuclear polyadenylation-dependent tRNA catabolic process (GO:0071038),1/6,0.13245399595879806,8.36274072456658,16.905446744369815,EXOSC10,1.0
GO_Biological_Process_2021,nuclear polyadenylation-dependent ncRNA catabolic process (GO:0071046),1/6,0.13245399595879806,8.36274072456658,16.905446744369815,EXOSC10,1.0
GO_Biological_Process_2021,cellular response to salt (GO:1902075),1/6,0.13245399595879806,8.36274072456658,16.905446744369815,ZC3H12A,1.0
GO_Biological_Process_2021,protein K27-linked ubiquitination (GO:0044314),1/6,0.13245399595879806,8.36274072456658,16.905446744369815,TRIM62,1.0
GO_Biological_Process_2021,protein localization to ciliary transition zone (GO:1904491),1/6,0.13245399595879806,8.36274072456658,16.905446744369815,NPHP4,1.0
GO_Biological_Process_2021,activation of cysteine-type endopeptidase activity involved in apoptotic process by cytochrome c (GO:0008635),1/6,0.13245399595879806,8.36274072456658,16.905446744369815,CASP9,1.0
GO_Biological_Process_2021,histone H4-K12 acetylation (GO:0043983),1/6,0.13245399595879806,8.36274072456658,16.905446744369815,MEAF6,1.0
GO_Biological_Process_2021,positive regulation of lipoprotein particle clearance (GO:0010986),1/6,0.13245399595879806,8.36274072456658,16.905446744369815,LDLRAP1,1.0
GO_Biological_Process_2021,regulation of non-motile cilium assembly (GO:1902855),1/6,0.13245399595879806,8.36274072456658,16.905446744369815,WRAP73,1.0
GO_Biological_Process_2021,medium-chain fatty acid biosynthetic process (GO:0051792),1/6,0.13245399595879806,8.36274072456658,16.905446744369815,ACOT7,1.0
GO_Biological_Process_2021,TORC2 signaling (GO:0038203),1/6,0.13245399595879806,8.36274072456658,16.905446744369815,PINK1,1.0
GO_Biological_Process_2021,positive regulation of intracellular protein transport (GO:0090316),6/148,0.13442586495595132,1.7733674401228314,3.558691671568503,DMAP1;PINK1;PLK3;TP73;UBE2J2;ZC3H12A,1.0
GO_Biological_Process_2021,regulation of protein-containing complex assembly (GO:0043254),5/116,0.13637337044578374,1.8894596142023201,3.764481459310259,CDC42;FBLIM1;PARK7;PINK1;PRKCZ,1.0
GO_Biological_Process_2021,tumor necrosis factor-mediated signaling pathway (GO:0033209),5/116,0.13637337044578374,1.8894596142023201,3.764481459310259,PSMB2;TNFRSF14;TNFRSF18;TNFRSF1B;TNFRSF25,1.0
GO_Biological_Process_2021,negative regulation of cysteine-type endopeptidase activity involved in apoptotic process (GO:0043154),3/55,0.13771618655910647,2.4168733983964366,4.791597324001952,IFI6;PARK7;RPS6KA1,1.0
GO_Biological_Process_2021,positive regulation of protein import into nucleus (GO:0042307),2/28,0.13888167998605683,3.2198744786094946,6.356460243421053,DMAP1;ZC3H12A,1.0
GO_Biological_Process_2021,regulation of immunoglobulin production (GO:0002637),2/28,0.13888167998605683,3.2198744786094946,6.356460243421053,EPHB2;VAMP3,1.0
GO_Biological_Process_2021,regulation of protein transport (GO:0051223),2/28,0.13888167998605683,3.2198744786094946,6.356460243421053,ATP13A2;P3H1,1.0
GO_Biological_Process_2021,negative regulation of oxidative stress-induced cell death (GO:1903202),2/28,0.13888167998605683,3.2198744786094946,6.356460243421053,PARK7;PINK1,1.0
GO_Biological_Process_2021,regulation of B cell activation (GO:0050864),2/28,0.13888167998605683,3.2198744786094946,6.356460243421053,LAPTM5;THEMIS2,1.0
GO_Biological_Process_2021,regulation of calcineurin-NFAT signaling cascade (GO:0070884),2/28,0.13888167998605683,3.2198744786094946,6.356460243421053,CAMTA1;SLC9A1,1.0
GO_Biological_Process_2021,keratan sulfate biosynthetic process (GO:0018146),2/28,0.13888167998605683,3.2198744786094946,6.356460243421053,B4GALT2;ST3GAL3,1.0
GO_Biological_Process_2021,histone mRNA metabolic process (GO:0008334),2/28,0.13888167998605683,3.2198744786094946,6.356460243421053,EXOSC10;LSM10,1.0
GO_Biological_Process_2021,regulation of reactive oxygen species biosynthetic process (GO:1903426),2/28,0.13888167998605683,3.2198744786094946,6.356460243421053,PARK7;SLC25A33,1.0
GO_Biological_Process_2021,RNA phosphodiester bond hydrolysis (GO:0090501),2/28,0.13888167998605683,3.2198744786094946,6.356460243421053,TOE1;ZC3H12A,1.0
GO_Biological_Process_2021,regulation of extrinsic apoptotic signaling pathway in absence of ligand (GO:2001239),2/28,0.13888167998605683,3.2198744786094946,6.356460243421053,EYA3;IFI6,1.0
GO_Biological_Process_2021,macromolecule catabolic process (GO:0009057),2/28,0.13888167998605683,3.2198744786094946,6.356460243421053,MTOR;PPT1,1.0
GO_Biological_Process_2021,receptor clustering (GO:0043113),2/28,0.13888167998605683,3.2198744786094946,6.356460243421053,AGRN;DVL1,1.0
GO_Biological_Process_2021,amide transport (GO:0042886),2/28,0.13888167998605683,3.2198744786094946,6.356460243421053,CPTP;PDPN,1.0
GO_Biological_Process_2021,positive regulation of cell communication (GO:0010647),2/28,0.13888167998605683,3.2198744786094946,6.356460243421053,CLSTN1;RIMS3,1.0
GO_Biological_Process_2021,regulation of neuron death (GO:1901214),4/86,0.14258079207072977,2.044785491044888,3.982928217070369,ATP13A2;C1QA;PARK7;TNFRSF1B,1.0
GO_Biological_Process_2021,negative regulation of phosphorylation (GO:0042326),4/86,0.14258079207072977,2.044785491044888,3.982928217070369,EPHB2;PARK7;TARDBP;ZC3H12A,1.0
GO_Biological_Process_2021,regulation of ATP metabolic process (GO:1903578),3/56,0.1431408846553335,2.3711502849783064,4.60934051421908,ATP5IF1;PINK1;SLC25A33,1.0
GO_Biological_Process_2021,positive regulation of establishment of protein localization to mitochondrion (GO:1903749),3/56,0.1431408846553335,2.3711502849783064,4.60934051421908,PINK1;TP73;UBE2J2,1.0
GO_Biological_Process_2021,antigen receptor-mediated signaling pathway (GO:0050851),7/185,0.1443361654347044,1.6510029141730826,3.1956981104409143,EIF2B3;ERMAP;KHDRBS1;PIK3CD;PSMB2;THEMIS2;ZC3H12A,1.0
GO_Biological_Process_2021,positive regulation of viral genome replication (GO:0045070),2/29,0.14697309646520404,3.100460911053533,5.945151550793887,PPIE;PPIH,1.0
GO_Biological_Process_2021,regulation of ubiquitin-protein transferase activity (GO:0051438),2/29,0.14697309646520404,3.100460911053533,5.945151550793887,PARK7;PINK1,1.0
GO_Biological_Process_2021,negative regulation of interferon-gamma production (GO:0032689),2/29,0.14697309646520404,3.100460911053533,5.945151550793887,LAPTM5;ZC3H12A,1.0
GO_Biological_Process_2021,negative regulation of mRNA catabolic process (GO:1902373),2/29,0.14697309646520404,3.100460911053533,5.945151550793887,THRAP3;YBX1,1.0
GO_Biological_Process_2021,hydrogen peroxide metabolic process (GO:0042743),2/29,0.14697309646520404,3.100460911053533,5.945151550793887,PARK7;PRDX1,1.0
GO_Biological_Process_2021,protein targeting to peroxisome (GO:0006625),2/29,0.14697309646520404,3.100460911053533,5.945151550793887,PEX10;PEX14,1.0
GO_Biological_Process_2021,regulation of neuronal synaptic plasticity (GO:0048168),2/29,0.14697309646520404,3.100460911053533,5.945151550793887,EPHB2;NCDN,1.0
GO_Biological_Process_2021,regulation of response to biotic stimulus (GO:0002831),2/29,0.14697309646520404,3.100460911053533,5.945151550793887,FGR;ZMPSTE24,1.0
GO_Biological_Process_2021,regulation of reactive oxygen species metabolic process (GO:2000377),3/57,0.1486353347416108,2.3271206202052914,4.436095535559808,PINK1;SLC25A33;ZC3H12A,1.0
GO_Biological_Process_2021,adenylate cyclase-activating dopamine receptor signaling pathway (GO:0007191),1/7,0.15276066445391073,6.9685937158759375,13.093171339670779,GNB1,1.0
GO_Biological_Process_2021,regulation of cardiac muscle cell membrane potential (GO:0086036),1/7,0.15276066445391073,6.9685937158759375,13.093171339670779,SLC9A1,1.0
GO_Biological_Process_2021,tRNA threonylcarbamoyladenosine metabolic process (GO:0070525),1/7,0.15276066445391073,6.9685937158759375,13.093171339670779,TRIT1,1.0
GO_Biological_Process_2021,parallel actin filament bundle assembly (GO:0030046),1/7,0.15276066445391073,6.9685937158759375,13.093171339670779,ESPN,1.0
GO_Biological_Process_2021,regulation of cortisol biosynthetic process (GO:2000064),1/7,0.15276066445391073,6.9685937158759375,13.093171339670779,H6PD,1.0
GO_Biological_Process_2021,intermembrane lipid transfer (GO:0120009),1/7,0.15276066445391073,6.9685937158759375,13.093171339670779,CPTP,1.0
GO_Biological_Process_2021,cellular protein complex disassembly (GO:0043624),1/7,0.15276066445391073,6.9685937158759375,13.093171339670779,PEX14,1.0
GO_Biological_Process_2021,skin morphogenesis (GO:0043589),1/7,0.15276066445391073,6.9685937158759375,13.093171339670779,ERRFI1,1.0
GO_Biological_Process_2021,cellular response to prostaglandin E stimulus (GO:0071380),1/7,0.15276066445391073,6.9685937158759375,13.093171339670779,GNB1,1.0
GO_Biological_Process_2021,cellular ion homeostasis (GO:0006873),1/7,0.15276066445391073,6.9685937158759375,13.093171339670779,ATP13A2,1.0
GO_Biological_Process_2021,nucleobase biosynthetic process (GO:0046112),1/7,0.15276066445391073,6.9685937158759375,13.093171339670779,CTPS1,1.0
GO_Biological_Process_2021,"nuclear-transcribed mRNA catabolic process, deadenylation-independent decay (GO:0031086)",1/7,0.15276066445391073,6.9685937158759375,13.093171339670779,PNRC2,1.0
GO_Biological_Process_2021,regulation of protein deubiquitination (GO:0090085),1/7,0.15276066445391073,6.9685937158759375,13.093171339670779,ZC3H12A,1.0
GO_Biological_Process_2021,regulation of extracellular matrix assembly (GO:1901201),1/7,0.15276066445391073,6.9685937158759375,13.093171339670779,TIE1,1.0
GO_Biological_Process_2021,nicotinamide nucleotide biosynthetic process (GO:0019359),1/7,0.15276066445391073,6.9685937158759375,13.093171339670779,NMNAT1,1.0
GO_Biological_Process_2021,cellular cation homeostasis (GO:0030003),1/7,0.15276066445391073,6.9685937158759375,13.093171339670779,ATP13A2,1.0
GO_Biological_Process_2021,negative regulation of T-helper 17 type immune response (GO:2000317),1/7,0.15276066445391073,6.9685937158759375,13.093171339670779,ZC3H12A,1.0
GO_Biological_Process_2021,regulation of hemoglobin biosynthetic process (GO:0046984),1/7,0.15276066445391073,6.9685937158759375,13.093171339670779,SLC6A9,1.0
GO_Biological_Process_2021,regulation of histamine secretion by mast cell (GO:1903593),1/7,0.15276066445391073,6.9685937158759375,13.093171339670779,VAMP3,1.0
GO_Biological_Process_2021,nose development (GO:0043584),1/7,0.15276066445391073,6.9685937158759375,13.093171339670779,SKI,1.0
GO_Biological_Process_2021,leucine metabolic process (GO:0006551),1/7,0.15276066445391073,6.9685937158759375,13.093171339670779,HMGCL,1.0
GO_Biological_Process_2021,delamination (GO:0060232),1/7,0.15276066445391073,6.9685937158759375,13.093171339670779,YTHDF2,1.0
GO_Biological_Process_2021,cation homeostasis (GO:0055080),1/7,0.15276066445391073,6.9685937158759375,13.093171339670779,ATP13A2,1.0
GO_Biological_Process_2021,pyrimidine-containing compound biosynthetic process (GO:0072528),1/7,0.15276066445391073,6.9685937158759375,13.093171339670779,CTPS1,1.0
GO_Biological_Process_2021,cellular response to monoamine stimulus (GO:0071868),1/7,0.15276066445391073,6.9685937158759375,13.093171339670779,GNB1,1.0
GO_Biological_Process_2021,dolichyl diphosphate metabolic process (GO:0046465),1/7,0.15276066445391073,6.9685937158759375,13.093171339670779,DHDDS,1.0
GO_Biological_Process_2021,positive regulation of protein deubiquitination (GO:1903003),1/7,0.15276066445391073,6.9685937158759375,13.093171339670779,ZC3H12A,1.0
GO_Biological_Process_2021,regulation of chromatin assembly or disassembly (GO:0001672),1/7,0.15276066445391073,6.9685937158759375,13.093171339670779,PADI2,1.0
GO_Biological_Process_2021,proline metabolic process (GO:0006560),1/7,0.15276066445391073,6.9685937158759375,13.093171339670779,ALDH4A1,1.0
GO_Biological_Process_2021,translational readthrough (GO:0006451),1/7,0.15276066445391073,6.9685937158759375,13.093171339670779,TRNAU1AP,1.0
GO_Biological_Process_2021,negative regulation of protein sumoylation (GO:0033234),1/7,0.15276066445391073,6.9685937158759375,13.093171339670779,PARK7,1.0
GO_Biological_Process_2021,negative regulation of RIG-I signaling pathway (GO:0039536),1/7,0.15276066445391073,6.9685937158759375,13.093171339670779,GPATCH3,1.0
GO_Biological_Process_2021,positive regulation of epithelial tube formation (GO:1905278),1/7,0.15276066445391073,6.9685937158759375,13.093171339670779,PIK3CD,1.0
GO_Biological_Process_2021,regulation of lysosomal protein catabolic process (GO:1905165),1/7,0.15276066445391073,6.9685937158759375,13.093171339670779,ATP13A2,1.0
GO_Biological_Process_2021,"fatty acid elongation, polyunsaturated fatty acid (GO:0034626)",1/7,0.15276066445391073,6.9685937158759375,13.093171339670779,ELOVL1,1.0
GO_Biological_Process_2021,negative regulation of NLRP3 inflammasome complex assembly (GO:1900226),1/7,0.15276066445391073,6.9685937158759375,13.093171339670779,CPTP,1.0
GO_Biological_Process_2021,regulation of ketone biosynthetic process (GO:0010566),1/7,0.15276066445391073,6.9685937158759375,13.093171339670779,H6PD,1.0
GO_Biological_Process_2021,"fatty acid elongation, monounsaturated fatty acid (GO:0034625)",1/7,0.15276066445391073,6.9685937158759375,13.093171339670779,ELOVL1,1.0
GO_Biological_Process_2021,"fatty acid elongation, saturated fatty acid (GO:0019367)",1/7,0.15276066445391073,6.9685937158759375,13.093171339670779,ELOVL1,1.0
GO_Biological_Process_2021,maintenance of protein location in extracellular region (GO:0071694),1/7,0.15276066445391073,6.9685937158759375,13.093171339670779,NBL1,1.0
GO_Biological_Process_2021,pyrimidine ribonucleotide biosynthetic process (GO:0009220),1/7,0.15276066445391073,6.9685937158759375,13.093171339670779,CTPS1,1.0
GO_Biological_Process_2021,regulation of vascular associated smooth muscle cell apoptotic process (GO:1905459),1/7,0.15276066445391073,6.9685937158759375,13.093171339670779,MFN2,1.0
GO_Biological_Process_2021,dolichyl diphosphate biosynthetic process (GO:0006489),1/7,0.15276066445391073,6.9685937158759375,13.093171339670779,DHDDS,1.0
GO_Biological_Process_2021,Cdc42 protein signal transduction (GO:0032488),1/7,0.15276066445391073,6.9685937158759375,13.093171339670779,CDC42,1.0
GO_Biological_Process_2021,histone H3-K14 acetylation (GO:0044154),1/7,0.15276066445391073,6.9685937158759375,13.093171339670779,MEAF6,1.0
GO_Biological_Process_2021,regulation of oxidative stress-induced neuron intrinsic apoptotic signaling pathway (GO:1903376),1/7,0.15276066445391073,6.9685937158759375,13.093171339670779,PARK7,1.0
GO_Biological_Process_2021,positive regulation of synaptic plasticity (GO:0031915),1/7,0.15276066445391073,6.9685937158759375,13.093171339670779,EPHB2,1.0
GO_Biological_Process_2021,positive regulation of oxidative stress-induced cell death (GO:1903209),1/7,0.15276066445391073,6.9685937158759375,13.093171339670779,SFPQ,1.0
GO_Biological_Process_2021,positive regulation of interleukin-5 production (GO:0032754),1/7,0.15276066445391073,6.9685937158759375,13.093171339670779,PRKCZ,1.0
GO_Biological_Process_2021,positive regulation of miRNA metabolic process (GO:2000630),1/7,0.15276066445391073,6.9685937158759375,13.093171339670779,ZC3H12A,1.0
GO_Biological_Process_2021,Golgi disassembly (GO:0090166),1/7,0.15276066445391073,6.9685937158759375,13.093171339670779,PLK3,1.0
GO_Biological_Process_2021,regulation of morphogenesis of an epithelium (GO:1905330),1/7,0.15276066445391073,6.9685937158759375,13.093171339670779,RNF207,1.0
GO_Biological_Process_2021,modulation by symbiont of host apoptotic process (GO:0052150),1/7,0.15276066445391073,6.9685937158759375,13.093171339670779,SFPQ,1.0
GO_Biological_Process_2021,positive regulation of phospholipid biosynthetic process (GO:0071073),1/7,0.15276066445391073,6.9685937158759375,13.093171339670779,FABP3,1.0
GO_Biological_Process_2021,negative regulation by host of viral genome replication (GO:0044828),1/7,0.15276066445391073,6.9685937158759375,13.093171339670779,ZC3H12A,1.0
GO_Biological_Process_2021,regulation of NAD(P)H oxidase activity (GO:0033860),1/7,0.15276066445391073,6.9685937158759375,13.093171339670779,PARK7,1.0
GO_Biological_Process_2021,positive regulation of receptor catabolic process (GO:2000646),1/7,0.15276066445391073,6.9685937158759375,13.093171339670779,LAPTM5,1.0
GO_Biological_Process_2021,protein localization to cytoplasmic stress granule (GO:1903608),1/7,0.15276066445391073,6.9685937158759375,13.093171339670779,YBX1,1.0
GO_Biological_Process_2021,selenocysteine incorporation (GO:0001514),1/7,0.15276066445391073,6.9685937158759375,13.093171339670779,TRNAU1AP,1.0
GO_Biological_Process_2021,regulation of metallopeptidase activity (GO:1905048),1/7,0.15276066445391073,6.9685937158759375,13.093171339670779,SVBP,1.0
GO_Biological_Process_2021,polyadenylation-dependent snoRNA 3'-end processing (GO:0071051),1/7,0.15276066445391073,6.9685937158759375,13.093171339670779,EXOSC10,1.0
GO_Biological_Process_2021,regulation of mitochondrial membrane permeability involved in apoptotic process (GO:1902108),1/7,0.15276066445391073,6.9685937158759375,13.093171339670779,STPG1,1.0
GO_Biological_Process_2021,"fatty acid elongation, unsaturated fatty acid (GO:0019368)",1/7,0.15276066445391073,6.9685937158759375,13.093171339670779,ELOVL1,1.0
GO_Biological_Process_2021,polyamine biosynthetic process (GO:0006596),1/7,0.15276066445391073,6.9685937158759375,13.093171339670779,SRM,1.0
GO_Biological_Process_2021,regulation of skeletal muscle satellite cell proliferation (GO:0014842),1/7,0.15276066445391073,6.9685937158759375,13.093171339670779,AKIRIN1,1.0
GO_Biological_Process_2021,hexose catabolic process (GO:0019320),1/7,0.15276066445391073,6.9685937158759375,13.093171339670779,GALE,1.0
GO_Biological_Process_2021,positive regulation of mitochondrion organization (GO:0010822),3/58,0.15419681334698968,2.2846920341512957,4.271289980434708,MUL1;PARK7;PINK1,1.0
GO_Biological_Process_2021,CENP-A containing chromatin organization (GO:0061641),2/30,0.15515794534312552,2.9895768840372834,5.570513522336931,CENPS;RBBP4,1.0
GO_Biological_Process_2021,positive regulation of protein import (GO:1904591),2/30,0.15515794534312552,2.9895768840372834,5.570513522336931,DMAP1;ZC3H12A,1.0
GO_Biological_Process_2021,CENP-A containing nucleosome assembly (GO:0034080),2/30,0.15515794534312552,2.9895768840372834,5.570513522336931,CENPS;RBBP4,1.0
GO_Biological_Process_2021,mRNA splice site selection (GO:0006376),2/30,0.15515794534312552,2.9895768840372834,5.570513522336931,SF3A3;SRSF10,1.0
GO_Biological_Process_2021,fatty-acyl-CoA biosynthetic process (GO:0046949),2/30,0.15515794534312552,2.9895768840372834,5.570513522336931,ELOVL1;PPT1,1.0
GO_Biological_Process_2021,negative regulation of interleukin-1 production (GO:0032692),2/30,0.15515794534312552,2.9895768840372834,5.570513522336931,CPTP;ZC3H12A,1.0
GO_Biological_Process_2021,regulation of endothelial cell migration (GO:0010594),4/89,0.15562674495554343,1.9723123317326194,3.6690823732391045,EPHA2;PIK3CD;SVBP;ZC3H12A,1.0
GO_Biological_Process_2021,SCF-dependent proteasomal ubiquitin-dependent protein catabolic process (GO:0031146),4/89,0.15562674495554343,1.9723123317326194,3.6690823732391045,FBXO2;FBXO44;FBXO6;PSMB2,1.0
GO_Biological_Process_2021,"regulation of mRNA splicing, via spliceosome (GO:0048024)",4/90,0.16007172535040967,1.949278226834922,3.571337512839733,KHDRBS1;SRSF10;SRSF4;THRAP3,1.0
GO_Biological_Process_2021,negative regulation of protein kinase activity (GO:0006469),4/90,0.16007172535040967,1.949278226834922,3.571337512839733,CAMK2N1;CEP85;DVL1;PARK7,1.0
GO_Biological_Process_2021,positive regulation of binding (GO:0051099),4/90,0.16007172535040967,1.949278226834922,3.571337512839733,EPB41;RPL11;SKI;STMN1,1.0
GO_Biological_Process_2021,negative regulation of Wnt signaling pathway (GO:0030178),7/191,0.16178607715512403,1.5966707197506116,2.9083043059702147,CTNNBIP1;DVL1;HDAC1;MAD2L2;NPHP4;PSMB2;PTPRU,1.0
GO_Biological_Process_2021,mitotic spindle organization (GO:0007052),6/157,0.1631902308113942,1.666895982669463,3.021813543704246,CENPS;NUDC;RCC1;RCC2;STMN1;WRAP73,1.0
GO_Biological_Process_2021,negative regulation of proteasomal ubiquitin-dependent protein catabolic process (GO:0032435),2/31,0.1634274509385005,2.8863400312980163,5.228276247972784,PARK7;RPL11,1.0
GO_Biological_Process_2021,negative regulation of DNA binding (GO:0043392),2/31,0.1634274509385005,2.8863400312980163,5.228276247972784,KDM1A;MAD2L2,1.0
GO_Biological_Process_2021,positive regulation of proteolysis involved in cellular protein catabolic process (GO:1903052),2/31,0.1634274509385005,2.8863400312980163,5.228276247972784,ATP5IF1;LAPTM5,1.0
GO_Biological_Process_2021,positive regulation of protein targeting to mitochondrion (GO:1903955),2/31,0.1634274509385005,2.8863400312980163,5.228276247972784,PINK1;UBE2J2,1.0
GO_Biological_Process_2021,"positive regulation of transcription, DNA-templated (GO:0045893)",33/1183,0.1688712422460309,1.212605669935102,2.1567631622751713,AGO1;AGRN;AKIRIN1;ARID1A;CITED4;DVL1;FOXJ3;GPATCH3;HDAC1;HEYL;HIVEP3;KDM1A;MAD2L2;MTF1;MTOR;PADI2;PARK7;PITHD1;POU3F1;PRDM2;RLF;RPS6KA1;SFPQ;SKI;SLC9A1;THAP3;THRAP3;TP73;YBX1;ZBTB17;ZBTB48;ZC3H12A;ZNF593,1.0
GO_Biological_Process_2021,retinoid metabolic process (GO:0001523),4/92,0.16909878056257668,1.9047805241916422,3.385313538352806,AGRN;DHRS3;HSPG2;SDC3,1.0
GO_Biological_Process_2021,long-chain fatty acid transport (GO:0015909),2/32,0.17177319550328343,2.7899856354080335,4.9147837413285504,FABP3;MFSD2A,1.0
GO_Biological_Process_2021,peptidyl-proline modification (GO:0018208),2/32,0.17177319550328343,2.7899856354080335,4.9147837413285504,PPIE;PPIH,1.0
GO_Biological_Process_2021,positive regulation of interleukin-10 production (GO:0032733),2/32,0.17177319550328343,2.7899856354080335,4.9147837413285504,ISG15;PRKCZ,1.0
GO_Biological_Process_2021,negative regulation of intracellular steroid hormone receptor signaling pathway (GO:0033144),2/32,0.17177319550328343,2.7899856354080335,4.9147837413285504,HDAC1;HEYL,1.0
GO_Biological_Process_2021,regulation of intracellular protein transport (GO:0033157),2/32,0.17177319550328343,2.7899856354080335,4.9147837413285504,ATP13A2;PLK3,1.0
GO_Biological_Process_2021,aortic valve morphogenesis (GO:0003180),2/32,0.17177319550328343,2.7899856354080335,4.9147837413285504,HEYL;TIE1,1.0
GO_Biological_Process_2021,chromatin remodeling at centromere (GO:0031055),2/32,0.17177319550328343,2.7899856354080335,4.9147837413285504,CENPS;RBBP4,1.0
GO_Biological_Process_2021,protein transmembrane import into intracellular organelle (GO:0044743),2/32,0.17177319550328343,2.7899856354080335,4.9147837413285504,PEX10;PEX14,1.0
GO_Biological_Process_2021,modulation by host of symbiont process (GO:0051851),2/32,0.17177319550328343,2.7899856354080335,4.9147837413285504,HDAC1;TARDBP,1.0
GO_Biological_Process_2021,regulation of NMDA receptor activity (GO:2000310),2/32,0.17177319550328343,2.7899856354080335,4.9147837413285504,EPHB2;SLC6A9,1.0
GO_Biological_Process_2021,regulation of protein localization to cell cortex (GO:1904776),1/8,0.1725930062253092,5.972774423954051,10.493083717848416,EPB41,1.0
GO_Biological_Process_2021,peptidyl-lysine hydroxylation (GO:0017185),1/8,0.1725930062253092,5.972774423954051,10.493083717848416,PLOD1,1.0
GO_Biological_Process_2021,peptidyl-serine autophosphorylation (GO:0036289),1/8,0.1725930062253092,5.972774423954051,10.493083717848416,PINK1,1.0
GO_Biological_Process_2021,mitochondrial respiratory chain complex III assembly (GO:0034551),1/8,0.1725930062253092,5.972774423954051,10.493083717848416,SLC25A33,1.0
GO_Biological_Process_2021,protein deglycosylation (GO:0006517),1/8,0.1725930062253092,5.972774423954051,10.493083717848416,PARK7,1.0
GO_Biological_Process_2021,autophagosome-lysosome fusion (GO:0061909),1/8,0.1725930062253092,5.972774423954051,10.493083717848416,ATP13A2,1.0
GO_Biological_Process_2021,histone H3-K4 demethylation (GO:0034720),1/8,0.1725930062253092,5.972774423954051,10.493083717848416,KDM1A,1.0
GO_Biological_Process_2021,positive regulation of neuron projection arborization (GO:0150012),1/8,0.1725930062253092,5.972774423954051,10.493083717848416,DVL1,1.0
GO_Biological_Process_2021,respiratory chain complex III assembly (GO:0017062),1/8,0.1725930062253092,5.972774423954051,10.493083717848416,SLC25A33,1.0
GO_Biological_Process_2021,skeletal muscle tissue regeneration (GO:0043403),1/8,0.1725930062253092,5.972774423954051,10.493083717848416,AKIRIN1,1.0
GO_Biological_Process_2021,cellular response to epinephrine stimulus (GO:0071872),1/8,0.1725930062253092,5.972774423954051,10.493083717848416,SLC9A1,1.0
GO_Biological_Process_2021,regulation of chemokine (C-C motif) ligand 5 production (GO:0071649),1/8,0.1725930062253092,5.972774423954051,10.493083717848416,MUL1,1.0
GO_Biological_Process_2021,negative regulation of response to reactive oxygen species (GO:1901032),1/8,0.1725930062253092,5.972774423954051,10.493083717848416,PARK7,1.0
GO_Biological_Process_2021,regulation of chemokine-mediated signaling pathway (GO:0070099),1/8,0.1725930062253092,5.972774423954051,10.493083717848416,PADI2,1.0
GO_Biological_Process_2021,regulation of alpha-beta T cell proliferation (GO:0046640),1/8,0.1725930062253092,5.972774423954051,10.493083717848416,TNFRSF14,1.0
GO_Biological_Process_2021,spermidine metabolic process (GO:0008216),1/8,0.1725930062253092,5.972774423954051,10.493083717848416,SRM,1.0
GO_Biological_Process_2021,positive regulation of execution phase of apoptosis (GO:1900119),1/8,0.1725930062253092,5.972774423954051,10.493083717848416,ZC3H12A,1.0
GO_Biological_Process_2021,negative regulation of muscle cell apoptotic process (GO:0010656),1/8,0.1725930062253092,5.972774423954051,10.493083717848416,ZC3H12A,1.0
GO_Biological_Process_2021,regulation of nitrogen compound metabolic process (GO:0051171),1/8,0.1725930062253092,5.972774423954051,10.493083717848416,MFSD2A,1.0
GO_Biological_Process_2021,regulation of oxidative stress-induced neuron death (GO:1903203),1/8,0.1725930062253092,5.972774423954051,10.493083717848416,PINK1,1.0
GO_Biological_Process_2021,myoblast migration (GO:0051451),1/8,0.1725930062253092,5.972774423954051,10.493083717848416,AKIRIN1,1.0
GO_Biological_Process_2021,glycoside catabolic process (GO:0016139),1/8,0.1725930062253092,5.972774423954051,10.493083717848416,FUCA1,1.0
GO_Biological_Process_2021,negative regulation of mitochondrial fusion (GO:0010637),1/8,0.1725930062253092,5.972774423954051,10.493083717848416,MUL1,1.0
GO_Biological_Process_2021,negative regulation of mitotic nuclear division (GO:0045839),1/8,0.1725930062253092,5.972774423954051,10.493083717848416,AURKAIP1,1.0
GO_Biological_Process_2021,"regulation of wound healing, spreading of epidermal cells (GO:1903689)",1/8,0.1725930062253092,5.972774423954051,10.493083717848416,MTOR,1.0
GO_Biological_Process_2021,negative regulation of T-helper 17 cell differentiation (GO:2000320),1/8,0.1725930062253092,5.972774423954051,10.493083717848416,ZC3H12A,1.0
GO_Biological_Process_2021,SREBP signaling pathway (GO:0032933),1/8,0.1725930062253092,5.972774423954051,10.493083717848416,ARHGEF10L,1.0
GO_Biological_Process_2021,positive regulation of chromosome segregation (GO:0051984),1/8,0.1725930062253092,5.972774423954051,10.493083717848416,RCC2,1.0
GO_Biological_Process_2021,methionine metabolic process (GO:0006555),1/8,0.1725930062253092,5.972774423954051,10.493083717848416,MTHFR,1.0
GO_Biological_Process_2021,positive regulation of muscle contraction (GO:0045933),1/8,0.1725930062253092,5.972774423954051,10.493083717848416,ENO1,1.0
GO_Biological_Process_2021,establishment of Golgi localization (GO:0051683),1/8,0.1725930062253092,5.972774423954051,10.493083717848416,CDC42,1.0
GO_Biological_Process_2021,mitochondrial tRNA processing (GO:0090646),1/8,0.1725930062253092,5.972774423954051,10.493083717848416,TRIT1,1.0
GO_Biological_Process_2021,folic acid transport (GO:0015884),1/8,0.1725930062253092,5.972774423954051,10.493083717848416,PDPN,1.0
GO_Biological_Process_2021,aspartate family amino acid biosynthetic process (GO:0009067),1/8,0.1725930062253092,5.972774423954051,10.493083717848416,MTHFR,1.0
GO_Biological_Process_2021,lens fiber cell development (GO:0070307),1/8,0.1725930062253092,5.972774423954051,10.493083717848416,EPHA2,1.0
GO_Biological_Process_2021,sequestering of BMP from receptor via BMP binding (GO:0038098),1/8,0.1725930062253092,5.972774423954051,10.493083717848416,NBL1,1.0
GO_Biological_Process_2021,positive regulation of myeloid cell apoptotic process (GO:0033034),1/8,0.1725930062253092,5.972774423954051,10.493083717848416,PIK3CD,1.0
GO_Biological_Process_2021,regulation of myeloid leukocyte differentiation (GO:0002761),1/8,0.1725930062253092,5.972774423954051,10.493083717848416,MTOR,1.0
GO_Biological_Process_2021,sulfur amino acid biosynthetic process (GO:0000097),1/8,0.1725930062253092,5.972774423954051,10.493083717848416,MTHFR,1.0
GO_Biological_Process_2021,commissural neuron axon guidance (GO:0071679),1/8,0.1725930062253092,5.972774423954051,10.493083717848416,EPHB2,1.0
GO_Biological_Process_2021,negative regulation of fatty acid oxidation (GO:0046322),1/8,0.1725930062253092,5.972774423954051,10.493083717848416,MFSD2A,1.0
GO_Biological_Process_2021,regulation of T-helper 2 cell differentiation (GO:0045628),1/8,0.1725930062253092,5.972774423954051,10.493083717848416,PRKCZ,1.0
GO_Biological_Process_2021,positive regulation of extracellular matrix disassembly (GO:0090091),1/8,0.1725930062253092,5.972774423954051,10.493083717848416,PDPN,1.0
GO_Biological_Process_2021,protein retention in ER lumen (GO:0006621),1/8,0.1725930062253092,5.972774423954051,10.493083717848416,RER1,1.0
GO_Biological_Process_2021,positive regulation of homotypic cell-cell adhesion (GO:0034112),1/8,0.1725930062253092,5.972774423954051,10.493083717848416,PDPN,1.0
GO_Biological_Process_2021,regulation of transcription from RNA polymerase II promoter in response to oxidative stress (GO:0043619),1/8,0.1725930062253092,5.972774423954051,10.493083717848416,SESN2,1.0
GO_Biological_Process_2021,mast cell degranulation (GO:0043303),1/8,0.1725930062253092,5.972774423954051,10.493083717848416,PIK3CD,1.0
GO_Biological_Process_2021,mast cell activation involved in immune response (GO:0002279),1/8,0.1725930062253092,5.972774423954051,10.493083717848416,PIK3CD,1.0
GO_Biological_Process_2021,phosphatidylinositol-3-phosphate biosynthetic process (GO:0036092),1/8,0.1725930062253092,5.972774423954051,10.493083717848416,PIK3CD,1.0
GO_Biological_Process_2021,negative regulation by symbiont of host programmed cell death (GO:0052041),1/8,0.1725930062253092,5.972774423954051,10.493083717848416,SFPQ,1.0
GO_Biological_Process_2021,negative regulation by symbiont of host apoptotic process (GO:0033668),1/8,0.1725930062253092,5.972774423954051,10.493083717848416,SFPQ,1.0
GO_Biological_Process_2021,positive regulation of Arp2/3 complex-mediated actin nucleation (GO:2000601),1/8,0.1725930062253092,5.972774423954051,10.493083717848416,WASF2,1.0
GO_Biological_Process_2021,positive regulation of oligodendrocyte differentiation (GO:0048714),1/8,0.1725930062253092,5.972774423954051,10.493083717848416,TNFRSF1B,1.0
GO_Biological_Process_2021,positive regulation of T-helper 2 cell cytokine production (GO:2000553),1/8,0.1725930062253092,5.972774423954051,10.493083717848416,PRKCZ,1.0
GO_Biological_Process_2021,regulation of RNA biosynthetic process (GO:2001141),1/8,0.1725930062253092,5.972774423954051,10.493083717848416,TNFRSF1B,1.0
GO_Biological_Process_2021,response to epinephrine (GO:0071871),1/8,0.1725930062253092,5.972774423954051,10.493083717848416,SLC9A1,1.0
GO_Biological_Process_2021,regulation of extracellular matrix constituent secretion (GO:0003330),1/8,0.1725930062253092,5.972774423954051,10.493083717848416,TNFRSF1B,1.0
GO_Biological_Process_2021,vitamin K metabolic process (GO:0042373),1/8,0.1725930062253092,5.972774423954051,10.493083717848416,UBIAD1,1.0
GO_Biological_Process_2021,natural killer cell differentiation (GO:0001779),1/8,0.1725930062253092,5.972774423954051,10.493083717848416,PIK3CD,1.0
GO_Biological_Process_2021,negative regulation of B cell apoptotic process (GO:0002903),1/8,0.1725930062253092,5.972774423954051,10.493083717848416,NOC2L,1.0
GO_Biological_Process_2021,basic amino acid transport (GO:0015802),1/8,0.1725930062253092,5.972774423954051,10.493083717848416,SLC66A1,1.0
GO_Biological_Process_2021,TORC1 signaling (GO:0038202),1/8,0.1725930062253092,5.972774423954051,10.493083717848416,MTOR,1.0
GO_Biological_Process_2021,regulation of cytoplasmic translational elongation (GO:1900247),1/8,0.1725930062253092,5.972774423954051,10.493083717848416,DPH2,1.0
GO_Biological_Process_2021,positive regulation of cell migration by vascular endothelial growth factor signaling pathway (GO:0038089),1/8,0.1725930062253092,5.972774423954051,10.493083717848416,PIK3CD,1.0
GO_Biological_Process_2021,integrin activation (GO:0033622),1/8,0.1725930062253092,5.972774423954051,10.493083717848416,COL16A1,1.0
GO_Biological_Process_2021,apoptotic process (GO:0006915),8/231,0.17556919546058064,1.505868558412099,2.61979271687972,CASP9;CDK11A;CDK11B;IFI6;MTOR;PLK3;RRAGC;TNFRSF25,1.0
GO_Biological_Process_2021,negative regulation of cellular process (GO:0048523),17/566,0.1770288289372798,1.3033614554765796,2.256695657108534,CAMK2N1;ENO1;EPHB2;FABP3;IFNLR1;MUL1;P3H1;PARK7;PDPN;PPT1;PTPRU;RBBP4;SESN2;SKI;TNFRSF1B;VAMP3;ZBTB17,1.0
GO_Biological_Process_2021,regulation of neurogenesis (GO:0050767),3/62,0.17705886128373804,2.1293602614790395,3.6865040388368167,HEYL;SPEN;YTHDF2,1.0
GO_Biological_Process_2021,negative regulation of cell death (GO:0060548),4/94,0.17830028194061906,1.8622604972213972,3.211070025591122,ATP13A2;PARK7;PINK1;TNFRSF1B,1.0
GO_Biological_Process_2021,regulation of kinase activity (GO:0043549),4/94,0.17830028194061906,1.8622604972213972,3.211070025591122,EPHA2;EPHB2;FGR;TIE1,1.0
GO_Biological_Process_2021,positive regulation of ATP metabolic process (GO:1903580),2/33,0.18018710733653384,2.6998476521561146,4.62688951594276,ENO1;PINK1,1.0
GO_Biological_Process_2021,regulation of histone acetylation (GO:0035065),2/33,0.18018710733653384,2.6998476521561146,4.62688951594276,NOC2L;PARK7,1.0
GO_Biological_Process_2021,positive regulation of cytokine production involved in immune response (GO:0002720),2/33,0.18018710733653384,2.6998476521561146,4.62688951594276,LAPTM5;TNFRSF14,1.0
GO_Biological_Process_2021,keratan sulfate metabolic process (GO:0042339),2/33,0.18018710733653384,2.6998476521561146,4.62688951594276,B4GALT2;ST3GAL3,1.0
GO_Biological_Process_2021,microtubule cytoskeleton organization involved in mitosis (GO:1902850),5/128,0.1813583233943542,1.7040685166376184,2.9093229788606148,CENPS;NUDC;RCC1;RCC2;STMN1,1.0
GO_Biological_Process_2021,positive regulation of viral process (GO:0048524),3/63,0.1829149881180168,2.0937633969083143,3.5567466094017854,KPNA6;PPIE;PPIH,1.0
GO_Biological_Process_2021,cell cycle G1/S phase transition (GO:0044843),3/63,0.1829149881180168,2.0937633969083143,3.5567466094017854,KHDRBS1;PLK3;RCC1,1.0
GO_Biological_Process_2021,anterior/posterior pattern specification (GO:0009952),3/63,0.1829149881180168,2.0937633969083143,3.5567466094017854,HES4;HEYL;SKI,1.0
GO_Biological_Process_2021,positive regulation of DNA binding (GO:0043388),2/34,0.18866144925661946,2.6153432928574403,4.361872535639919,PARK7;SKI,1.0
GO_Biological_Process_2021,negative regulation of mitochondrion organization (GO:0010823),2/34,0.18866144925661946,2.6153432928574403,4.361872535639919,MUL1;PINK1,1.0
GO_Biological_Process_2021,regulation of myoblast differentiation (GO:0045661),2/34,0.18866144925661946,2.6153432928574403,4.361872535639919,AKIRIN1;XKR8,1.0
GO_Biological_Process_2021,cell-substrate junction assembly (GO:0007044),2/34,0.18866144925661946,2.6153432928574403,4.361872535639919,RCC2;TESK2,1.0
GO_Biological_Process_2021,positive regulation of protein dephosphorylation (GO:0035307),2/34,0.18866144925661946,2.6153432928574403,4.361872535639919,CAMTA1;MTOR,1.0
GO_Biological_Process_2021,negative regulation of canonical Wnt signaling pathway (GO:0090090),6/165,0.19076221423339712,1.582373567807809,2.6215619287848515,DVL1;HDAC1;MAD2L2;NPHP4;PSMB2;PTPRU,1.0
GO_Biological_Process_2021,regulation of DNA-templated transcription in response to stress (GO:0043620),1/9,0.19196207750814998,5.225909955012635,8.625141963099349,RPS6KA1,1.0
GO_Biological_Process_2021,positive regulation of tumor necrosis factor-mediated signaling pathway (GO:1903265),1/9,0.19196207750814998,5.225909955012635,8.625141963099349,LAPTM5,1.0
GO_Biological_Process_2021,positive regulation of smooth muscle cell apoptotic process (GO:0034393),1/9,0.19196207750814998,5.225909955012635,8.625141963099349,MFN2,1.0
GO_Biological_Process_2021,cellular response to sterol depletion (GO:0071501),1/9,0.19196207750814998,5.225909955012635,8.625141963099349,ARHGEF10L,1.0
GO_Biological_Process_2021,nuclear RNA surveillance (GO:0071027),1/9,0.19196207750814998,5.225909955012635,8.625141963099349,EXOSC10,1.0
GO_Biological_Process_2021,negative regulation of alpha-beta T cell activation (GO:0046636),1/9,0.19196207750814998,5.225909955012635,8.625141963099349,TNFRSF14,1.0
GO_Biological_Process_2021,sensory organ morphogenesis (GO:0090596),1/9,0.19196207750814998,5.225909955012635,8.625141963099349,SKI,1.0
GO_Biological_Process_2021,lysosomal lumen acidification (GO:0007042),1/9,0.19196207750814998,5.225909955012635,8.625141963099349,PPT1,1.0
GO_Biological_Process_2021,peripheral nervous system axon ensheathment (GO:0032292),1/9,0.19196207750814998,5.225909955012635,8.625141963099349,SKI,1.0
GO_Biological_Process_2021,regulation of cellular response to oxidative stress (GO:1900407),1/9,0.19196207750814998,5.225909955012635,8.625141963099349,PINK1,1.0
GO_Biological_Process_2021,galactose metabolic process (GO:0006012),1/9,0.19196207750814998,5.225909955012635,8.625141963099349,GALE,1.0
GO_Biological_Process_2021,regulation of mitotic centrosome separation (GO:0046602),1/9,0.19196207750814998,5.225909955012635,8.625141963099349,CEP85,1.0
GO_Biological_Process_2021,endothelial cell chemotaxis (GO:0035767),1/9,0.19196207750814998,5.225909955012635,8.625141963099349,PLEKHG5,1.0
GO_Biological_Process_2021,neuronal ion channel clustering (GO:0045161),1/9,0.19196207750814998,5.225909955012635,8.625141963099349,AGRN,1.0
GO_Biological_Process_2021,positive regulation of cell-cell adhesion mediated by cadherin (GO:2000049),1/9,0.19196207750814998,5.225909955012635,8.625141963099349,PTPRU,1.0
GO_Biological_Process_2021,tetrahydrofolate interconversion (GO:0035999),1/9,0.19196207750814998,5.225909955012635,8.625141963099349,MTHFR,1.0
GO_Biological_Process_2021,positive regulation of megakaryocyte differentiation (GO:0045654),1/9,0.19196207750814998,5.225909955012635,8.625141963099349,PITHD1,1.0
GO_Biological_Process_2021,regulation of lipid transport (GO:0032368),1/9,0.19196207750814998,5.225909955012635,8.625141963099349,DISP3,1.0
GO_Biological_Process_2021,ketone body biosynthetic process (GO:0046951),1/9,0.19196207750814998,5.225909955012635,8.625141963099349,HMGCL,1.0
GO_Biological_Process_2021,Schwann cell development (GO:0014044),1/9,0.19196207750814998,5.225909955012635,8.625141963099349,SKI,1.0
GO_Biological_Process_2021,regulation of RNA polymerase II regulatory region sequence-specific DNA binding (GO:1903025),1/9,0.19196207750814998,5.225909955012635,8.625141963099349,ZNF593,1.0
GO_Biological_Process_2021,positive regulation of mitochondrial membrane permeability involved in apoptotic process (GO:1902110),1/9,0.19196207750814998,5.225909955012635,8.625141963099349,STPG1,1.0
GO_Biological_Process_2021,negative regulation of nitric oxide biosynthetic process (GO:0045019),1/9,0.19196207750814998,5.225909955012635,8.625141963099349,ZC3H12A,1.0
GO_Biological_Process_2021,epithelial to mesenchymal transition involved in endocardial cushion formation (GO:0003198),1/9,0.19196207750814998,5.225909955012635,8.625141963099349,HEYL,1.0
GO_Biological_Process_2021,mast cell mediated immunity (GO:0002448),1/9,0.19196207750814998,5.225909955012635,8.625141963099349,PIK3CD,1.0
GO_Biological_Process_2021,response to vitamin (GO:0033273),1/9,0.19196207750814998,5.225909955012635,8.625141963099349,ALPL,1.0
GO_Biological_Process_2021,response to type I interferon (GO:0034340),1/9,0.19196207750814998,5.225909955012635,8.625141963099349,ISG15,1.0
GO_Biological_Process_2021,negative regulation of nitric oxide metabolic process (GO:1904406),1/9,0.19196207750814998,5.225909955012635,8.625141963099349,ZC3H12A,1.0
GO_Biological_Process_2021,regulation of tumor necrosis factor superfamily cytokine production (GO:1903555),1/9,0.19196207750814998,5.225909955012635,8.625141963099349,PARK7,1.0
GO_Biological_Process_2021,positive regulation of macrophage cytokine production (GO:0060907),1/9,0.19196207750814998,5.225909955012635,8.625141963099349,LAPTM5,1.0
GO_Biological_Process_2021,positive regulation of mast cell degranulation (GO:0043306),1/9,0.19196207750814998,5.225909955012635,8.625141963099349,FGR,1.0
GO_Biological_Process_2021,negative regulation of RNA catabolic process (GO:1902369),1/9,0.19196207750814998,5.225909955012635,8.625141963099349,ZCCHC17,1.0
GO_Biological_Process_2021,response to vitamin D (GO:0033280),1/9,0.19196207750814998,5.225909955012635,8.625141963099349,ALPL,1.0
GO_Biological_Process_2021,anoikis (GO:0043276),1/9,0.19196207750814998,5.225909955012635,8.625141963099349,MTOR,1.0
GO_Biological_Process_2021,peptidyl-cysteine modification (GO:0018198),1/9,0.19196207750814998,5.225909955012635,8.625141963099349,PARK7,1.0
GO_Biological_Process_2021,mitochondrial tRNA modification (GO:0070900),1/9,0.19196207750814998,5.225909955012635,8.625141963099349,TRIT1,1.0
GO_Biological_Process_2021,isoprenoid biosynthetic process (GO:0008299),1/9,0.19196207750814998,5.225909955012635,8.625141963099349,DHDDS,1.0
GO_Biological_Process_2021,actin-mediated cell contraction (GO:0070252),1/9,0.19196207750814998,5.225909955012635,8.625141963099349,PDPN,1.0
GO_Biological_Process_2021,L-ascorbic acid metabolic process (GO:0019852),1/9,0.19196207750814998,5.225909955012635,8.625141963099349,SLC2A1,1.0
GO_Biological_Process_2021,ornithine metabolic process (GO:0006591),1/9,0.19196207750814998,5.225909955012635,8.625141963099349,AZIN2,1.0
GO_Biological_Process_2021,cellular response to hypoxia (GO:0071456),5/131,0.19338096896438134,1.6632383344358685,2.7328554363959214,HP1BP3;MTOR;PINK1;PLK3;PSMB2,1.0
GO_Biological_Process_2021,cellular response to virus (GO:0098586),2/35,0.1971888074215857,2.535960409879898,4.117369080991197,IFI6;ZC3H12A,1.0
GO_Biological_Process_2021,smoothened signaling pathway (GO:0007224),2/35,0.1971888074215857,2.535960409879898,4.117369080991197,DISP3;PTCH2,1.0
GO_Biological_Process_2021,acylglycerol catabolic process (GO:0046464),2/35,0.1971888074215857,2.535960409879898,4.117369080991197,FABP3;LYPLA2,1.0
GO_Biological_Process_2021,"base-excision repair, gap-filling (GO:0006287)",2/35,0.1971888074215857,2.535960409879898,4.117369080991197,MUTYH;RPA2,1.0
GO_Biological_Process_2021,lung development (GO:0030324),2/35,0.1971888074215857,2.535960409879898,4.117369080991197,ERRFI1;PDPN,1.0
GO_Biological_Process_2021,regulation of protein localization (GO:0032880),3/66,0.20077857832274904,1.993753158352467,3.2010755243153626,DVL1;KDM1A;PLEKHM2,1.0
GO_Biological_Process_2021,cellular response to nutrient levels (GO:0031669),3/66,0.20077857832274904,1.993753158352467,3.2010755243153626,MFSD2A;MTOR;RRAGC,1.0
GO_Biological_Process_2021,negative regulation of nucleic acid-templated transcription (GO:1903507),14/464,0.20108340819752443,1.307626012019985,2.0974785320267566,DMAP1;ENO1;HDAC1;HEYL;ID3;KDM1A;KDM4A;KHDRBS1;PEX14;PHC2;SAMD11;SCMH1;SFPQ;SPEN,1.0
GO_Biological_Process_2021,supramolecular fiber organization (GO:0097435),11/351,0.20193679623135516,1.3586819120252382,2.173620030031511,CDC42;COL16A1;COL8A2;COL9A2;HSPG2;MAD2L2;MARCKSL1;P3H1;PLK3;PLOD1;STMN1,1.0
GO_Biological_Process_2021,regulation of protein import into nucleus (GO:0042306),2/36,0.205762080487766,2.4612471082539753,3.8913171492594527,DMAP1;ZC3H12A,1.0
GO_Biological_Process_2021,proteasomal protein catabolic process (GO:0010498),7/205,0.20587889039481683,1.4827011671405124,2.3433605528516974,DDI2;FBXO44;HECTD3;PSMB2;SPSB1;UBE4B;UBXN11,1.0
GO_Biological_Process_2021,regulation of epidermal growth factor receptor signaling pathway (GO:0042058),3/67,0.20682287994698065,1.9624999588037646,3.09268897501578,CDC42;ERRFI1;IFI6,1.0
GO_Biological_Process_2021,regulation of viral genome replication (GO:0045069),3/67,0.20682287994698065,1.9624999588037646,3.09268897501578,ISG15;PPIE;PPIH,1.0
GO_Biological_Process_2021,protein K11-linked deubiquitination (GO:0035871),1/10,0.21087867736439467,4.645015368058201,7.229837751923362,OTUD3,1.0
GO_Biological_Process_2021,cellular response to hydroxyurea (GO:0072711),1/10,0.21087867736439467,4.645015368058201,7.229837751923362,DDI2,1.0
GO_Biological_Process_2021,positive regulation of RIG-I signaling pathway (GO:1900246),1/10,0.21087867736439467,4.645015368058201,7.229837751923362,PUM1,1.0
GO_Biological_Process_2021,positive regulation of transcription by RNA polymerase III (GO:0045945),1/10,0.21087867736439467,4.645015368058201,7.229837751923362,MTOR,1.0
GO_Biological_Process_2021,DNA replication-dependent nucleosome organization (GO:0034723),1/10,0.21087867736439467,4.645015368058201,7.229837751923362,RBBP4,1.0
GO_Biological_Process_2021,DNA replication-dependent nucleosome assembly (GO:0006335),1/10,0.21087867736439467,4.645015368058201,7.229837751923362,RBBP4,1.0
GO_Biological_Process_2021,negative regulation of transcription by competitive promoter binding (GO:0010944),1/10,0.21087867736439467,4.645015368058201,7.229837751923362,MAD2L2,1.0
GO_Biological_Process_2021,regulation of peptidyl-lysine acetylation (GO:2000756),1/10,0.21087867736439467,4.645015368058201,7.229837751923362,PARK7,1.0
GO_Biological_Process_2021,regulation of hydrogen peroxide-induced cell death (GO:1903205),1/10,0.21087867736439467,4.645015368058201,7.229837751923362,PARK7,1.0
GO_Biological_Process_2021,regulation of DNA damage checkpoint (GO:2000001),1/10,0.21087867736439467,4.645015368058201,7.229837751923362,RPA2,1.0
GO_Biological_Process_2021,positive regulation of epidermis development (GO:0045684),1/10,0.21087867736439467,4.645015368058201,7.229837751923362,KDF1,1.0
GO_Biological_Process_2021,regulation of low-density lipoprotein particle clearance (GO:0010988),1/10,0.21087867736439467,4.645015368058201,7.229837751923362,LDLRAP1,1.0
GO_Biological_Process_2021,negative regulation of circadian rhythm (GO:0042754),1/10,0.21087867736439467,4.645015368058201,7.229837751923362,SFPQ,1.0
GO_Biological_Process_2021,methylguanosine-cap decapping (GO:0110156),1/10,0.21087867736439467,4.645015368058201,7.229837751923362,PNRC2,1.0
GO_Biological_Process_2021,negative regulation of extracellular matrix organization (GO:1903054),1/10,0.21087867736439467,4.645015368058201,7.229837751923362,TNFRSF1B,1.0
GO_Biological_Process_2021,regulation of T-helper 17 cell differentiation (GO:2000319),1/10,0.21087867736439467,4.645015368058201,7.229837751923362,ZC3H12A,1.0
GO_Biological_Process_2021,defense response to tumor cell (GO:0002357),1/10,0.21087867736439467,4.645015368058201,7.229837751923362,LAPTM5,1.0
GO_Biological_Process_2021,negative regulation of protein autophosphorylation (GO:0031953),1/10,0.21087867736439467,4.645015368058201,7.229837751923362,ERRFI1,1.0
GO_Biological_Process_2021,morphogenesis of an epithelial sheet (GO:0002011),1/10,0.21087867736439467,4.645015368058201,7.229837751923362,PHACTR4,1.0
GO_Biological_Process_2021,glycine transport (GO:0015816),1/10,0.21087867736439467,4.645015368058201,7.229837751923362,SLC6A9,1.0
GO_Biological_Process_2021,positive regulation of keratinocyte migration (GO:0051549),1/10,0.21087867736439467,4.645015368058201,7.229837751923362,MTOR,1.0
GO_Biological_Process_2021,negative regulation of lymphocyte apoptotic process (GO:0070229),1/10,0.21087867736439467,4.645015368058201,7.229837751923362,NOC2L,1.0
GO_Biological_Process_2021,negative regulation of cell-cell adhesion mediated by cadherin (GO:2000048),1/10,0.21087867736439467,4.645015368058201,7.229837751923362,MAD2L2,1.0
GO_Biological_Process_2021,neuron projection fasciculation (GO:0106030),1/10,0.21087867736439467,4.645015368058201,7.229837751923362,EPHB2,1.0
GO_Biological_Process_2021,negative regulation of peptidyl-lysine acetylation (GO:2000757),1/10,0.21087867736439467,4.645015368058201,7.229837751923362,NOC2L,1.0
GO_Biological_Process_2021,regulation of phospholipid metabolic process (GO:1903725),1/10,0.21087867736439467,4.645015368058201,7.229837751923362,MFSD2A,1.0
GO_Biological_Process_2021,RNA polymerase II preinitiation complex assembly (GO:0051123),1/10,0.21087867736439467,4.645015368058201,7.229837751923362,TAF12,1.0
GO_Biological_Process_2021,neuron remodeling (GO:0016322),1/10,0.21087867736439467,4.645015368058201,7.229837751923362,C1QA,1.0
GO_Biological_Process_2021,regulation of axon guidance (GO:1902667),1/10,0.21087867736439467,4.645015368058201,7.229837751923362,ZSWIM5,1.0
GO_Biological_Process_2021,regulation of granulocyte differentiation (GO:0030852),1/10,0.21087867736439467,4.645015368058201,7.229837751923362,C1QC,1.0
GO_Biological_Process_2021,removal of superoxide radicals (GO:0019430),1/10,0.21087867736439467,4.645015368058201,7.229837751923362,PRDX1,1.0
GO_Biological_Process_2021,histone H3-K36 demethylation (GO:0070544),1/10,0.21087867736439467,4.645015368058201,7.229837751923362,KDM4A,1.0
GO_Biological_Process_2021,positive regulation of transcription of nucleolar large rRNA by RNA polymerase I (GO:1901838),1/10,0.21087867736439467,4.645015368058201,7.229837751923362,MTOR,1.0
GO_Biological_Process_2021,histone H4 deacetylation (GO:0070933),1/10,0.21087867736439467,4.645015368058201,7.229837751923362,HDAC1,1.0
GO_Biological_Process_2021,nuclear mRNA surveillance (GO:0071028),1/10,0.21087867736439467,4.645015368058201,7.229837751923362,EXOSC10,1.0
GO_Biological_Process_2021,cellular response to acidic pH (GO:0071468),1/10,0.21087867736439467,4.645015368058201,7.229837751923362,SLC9A1,1.0
GO_Biological_Process_2021,cellular response to prostaglandin stimulus (GO:0071379),1/10,0.21087867736439467,4.645015368058201,7.229837751923362,GNB1,1.0
GO_Biological_Process_2021,regulation of receptor binding (GO:1900120),1/10,0.21087867736439467,4.645015368058201,7.229837751923362,PTPRF,1.0
GO_Biological_Process_2021,negative regulation of viral-induced cytoplasmic pattern recognition receptor signaling pathway (GO:0039532),1/10,0.21087867736439467,4.645015368058201,7.229837751923362,GPATCH3,1.0
GO_Biological_Process_2021,lung epithelium development (GO:0060428),1/10,0.21087867736439467,4.645015368058201,7.229837751923362,ERRFI1,1.0
GO_Biological_Process_2021,negative regulation of receptor binding (GO:1900121),1/10,0.21087867736439467,4.645015368058201,7.229837751923362,PTPRF,1.0
GO_Biological_Process_2021,long-chain fatty acid import into cell (GO:0044539),1/10,0.21087867736439467,4.645015368058201,7.229837751923362,SLC2A1,1.0
GO_Biological_Process_2021,UV protection (GO:0009650),1/10,0.21087867736439467,4.645015368058201,7.229837751923362,SDF4,1.0
GO_Biological_Process_2021,pinocytosis (GO:0006907),1/10,0.21087867736439467,4.645015368058201,7.229837751923362,PPT1,1.0
GO_Biological_Process_2021,nucleic acid transport (GO:0050657),1/10,0.21087867736439467,4.645015368058201,7.229837751923362,YBX1,1.0
GO_Biological_Process_2021,SNARE complex assembly (GO:0035493),1/10,0.21087867736439467,4.645015368058201,7.229837751923362,VAMP3,1.0
GO_Biological_Process_2021,regulation of actin filament-based movement (GO:1903115),1/10,0.21087867736439467,4.645015368058201,7.229837751923362,PDPN,1.0
GO_Biological_Process_2021,positive regulation of cell activation (GO:0050867),1/10,0.21087867736439467,4.645015368058201,7.229837751923362,RPS6KA1,1.0
GO_Biological_Process_2021,positive regulation of monocyte differentiation (GO:0045657),1/10,0.21087867736439467,4.645015368058201,7.229837751923362,CTNNBIP1,1.0
GO_Biological_Process_2021,protein insertion into ER membrane by stop-transfer membrane-anchor sequence (GO:0045050),1/10,0.21087867736439467,4.645015368058201,7.229837751923362,EMC1,1.0
GO_Biological_Process_2021,modification-dependent macromolecule catabolic process (GO:0043632),1/10,0.21087867736439467,4.645015368058201,7.229837751923362,ISG15,1.0
GO_Biological_Process_2021,modulation by symbiont of host process (GO:0044003),1/10,0.21087867736439467,4.645015368058201,7.229837751923362,ENO1,1.0
GO_Biological_Process_2021,regulation of postsynaptic neurotransmitter receptor activity (GO:0098962),1/10,0.21087867736439467,4.645015368058201,7.229837751923362,DLGAP3,1.0
GO_Biological_Process_2021,positive regulation of circadian rhythm (GO:0042753),1/10,0.21087867736439467,4.645015368058201,7.229837751923362,THRAP3,1.0
GO_Biological_Process_2021,regulation of protein neddylation (GO:2000434),1/10,0.21087867736439467,4.645015368058201,7.229837751923362,RPL11,1.0
GO_Biological_Process_2021,acetyl-CoA biosynthetic process (GO:0006085),1/10,0.21087867736439467,4.645015368058201,7.229837751923362,PPCS,1.0
GO_Biological_Process_2021,negative regulation of alpha-beta T cell proliferation (GO:0046642),1/10,0.21087867736439467,4.645015368058201,7.229837751923362,TNFRSF14,1.0
GO_Biological_Process_2021,positive regulation of protein sumoylation (GO:0033235),1/10,0.21087867736439467,4.645015368058201,7.229837751923362,MUL1,1.0
GO_Biological_Process_2021,positive regulation of protein localization to membrane (GO:1905477),4/101,0.2117326637731825,1.727248452821032,2.6814337319612203,ARHGEF16;EPHA2;EPHB2;TP73,1.0
GO_Biological_Process_2021,neuron projection development (GO:0031175),6/171,0.21252937398006533,1.5243604557891282,2.360739035080857,CDC42;EPHB2;NBL1;NCDN;STMN1;SVBP,1.0
GO_Biological_Process_2021,regulation of translational initiation (GO:0006446),3/68,0.21290781917753837,1.932208396164253,2.988925402018553,EIF4G3;KHDRBS1;YTHDF2,1.0
GO_Biological_Process_2021,regulation of vascular associated smooth muscle cell proliferation (GO:1904705),2/37,0.21437446909697358,2.3908031381495345,3.6819107984149957,LDLRAP1;MFN2,1.0
GO_Biological_Process_2021,centromere complex assembly (GO:0034508),2/37,0.21437446909697358,2.3908031381495345,3.6819107984149957,CENPS;RBBP4,1.0
GO_Biological_Process_2021,regulation of intracellular steroid hormone receptor signaling pathway (GO:0033143),2/37,0.21437446909697358,2.3908031381495345,3.6819107984149957,KDM1A;PARK7,1.0
GO_Biological_Process_2021,protein insertion into ER membrane (GO:0045048),2/37,0.21437446909697358,2.3908031381495345,3.6819107984149957,EMC1;UBE2J2,1.0
GO_Biological_Process_2021,"phagocytosis, engulfment (GO:0006911)",2/37,0.21437446909697358,2.3908031381495345,3.6819107984149957,CDC42;XKR8,1.0
GO_Biological_Process_2021,skeletal muscle tissue development (GO:0007519),2/37,0.21437446909697358,2.3908031381495345,3.6819107984149957,SELENON;SKI,1.0
GO_Biological_Process_2021,lysosome localization (GO:0032418),2/37,0.21437446909697358,2.3908031381495345,3.6819107984149957,PIK3CD;PLEKHM2,1.0
GO_Biological_Process_2021,glutamine family amino acid metabolic process (GO:0009064),2/37,0.21437446909697358,2.3908031381495345,3.6819107984149957,ALDH4A1;RIMKLA,1.0
GO_Biological_Process_2021,regulation of proteasomal ubiquitin-dependent protein catabolic process (GO:0032434),4/102,0.21664749239350214,1.7095355023894971,2.614706694574183,DVL1;PARK7;RNF19B;RPL11,1.0
GO_Biological_Process_2021,cellular response to decreased oxygen levels (GO:0036294),3/69,0.21903089127120698,1.9028347596653328,2.889535458890186,HP1BP3;MTOR;PINK1,1.0
GO_Biological_Process_2021,cell chemotaxis (GO:0060326),3/69,0.21903089127120698,1.9028347596653328,2.889535458890186,ARHGEF16;EPHA2;PLEKHG5,1.0
GO_Biological_Process_2021,chromatin remodeling (GO:0006338),4/103,0.22159317370127504,1.6921803893404175,2.549967153458641,ARID1A;HDAC1;KDM4A;RBBP4,1.0
GO_Biological_Process_2021,negative regulation of TOR signaling (GO:0032007),2/38,0.22301946568289055,2.3242727219397845,3.487562436480333,SESN2;SZT2,1.0
GO_Biological_Process_2021,negative regulation of proteasomal protein catabolic process (GO:1901799),2/38,0.22301946568289055,2.3242727219397845,3.487562436480333,PARK7;RPL11,1.0
GO_Biological_Process_2021,negative regulation of ubiquitin-dependent protein catabolic process (GO:2000059),2/38,0.22301946568289055,2.3242727219397845,3.487562436480333,PARK7;RPL11,1.0
GO_Biological_Process_2021,regulation of plasma membrane bounded cell projection assembly (GO:0120032),3/70,0.22518962305623802,1.8743379481365297,2.7942863721486684,CAPZB;CDC42;EPHA2,1.0
GO_Biological_Process_2021,"DNA-templated transcription, termination (GO:0006353)",3/70,0.22518962305623802,1.8743379481365297,2.7942863721486684,LSM10;MED18;SSU72,1.0
GO_Biological_Process_2021,positive regulation of triglyceride biosynthetic process (GO:0010867),1/11,0.22935335365221174,4.180299698494653,6.155455504379367,MFSD2A,1.0
GO_Biological_Process_2021,positive regulation of neuroblast proliferation (GO:0002052),1/11,0.22935335365221174,4.180299698494653,6.155455504379367,KDM1A,1.0
GO_Biological_Process_2021,regulation of cysteine-type endopeptidase activity involved in apoptotic signaling pathway (GO:2001267),1/11,0.22935335365221174,4.180299698494653,6.155455504379367,PARK7,1.0
GO_Biological_Process_2021,inositol phosphate dephosphorylation (GO:0046855),1/11,0.22935335365221174,4.180299698494653,6.155455504379367,INPP5B,1.0
GO_Biological_Process_2021,aminoglycan metabolic process (GO:0006022),1/11,0.22935335365221174,4.180299698494653,6.155455504379367,B3GALT6,1.0
GO_Biological_Process_2021,regulation of coagulation (GO:0050818),1/11,0.22935335365221174,4.180299698494653,6.155455504379367,EPHB2,1.0
GO_Biological_Process_2021,positive regulation of actin nucleation (GO:0051127),1/11,0.22935335365221174,4.180299698494653,6.155455504379367,WASF2,1.0
GO_Biological_Process_2021,establishment of epithelial cell apical/basal polarity (GO:0045198),1/11,0.22935335365221174,4.180299698494653,6.155455504379367,CDC42,1.0
GO_Biological_Process_2021,Notch signaling involved in heart development (GO:0061314),1/11,0.22935335365221174,4.180299698494653,6.155455504379367,HEYL,1.0
GO_Biological_Process_2021,T cell chemotaxis (GO:0010818),1/11,0.22935335365221174,4.180299698494653,6.155455504379367,PIK3CD,1.0
GO_Biological_Process_2021,response to prostaglandin E (GO:0034695),1/11,0.22935335365221174,4.180299698494653,6.155455504379367,GNB1,1.0
GO_Biological_Process_2021,enteric nervous system development (GO:0048484),1/11,0.22935335365221174,4.180299698494653,6.155455504379367,PHACTR4,1.0
GO_Biological_Process_2021,regulation of lamellipodium morphogenesis (GO:2000392),1/11,0.22935335365221174,4.180299698494653,6.155455504379367,PDPN,1.0
GO_Biological_Process_2021,negative regulation of nuclear division (GO:0051784),1/11,0.22935335365221174,4.180299698494653,6.155455504379367,AURKAIP1,1.0
GO_Biological_Process_2021,negative regulation of defense response to virus (GO:0050687),1/11,0.22935335365221174,4.180299698494653,6.155455504379367,MUL1,1.0
GO_Biological_Process_2021,rhodopsin mediated signaling pathway (GO:0016056),1/11,0.22935335365221174,4.180299698494653,6.155455504379367,GNB1,1.0
GO_Biological_Process_2021,regulation of T-helper 2 cell cytokine production (GO:2000551),1/11,0.22935335365221174,4.180299698494653,6.155455504379367,PRKCZ,1.0
GO_Biological_Process_2021,positive regulation of interleukin-13 production (GO:0032736),1/11,0.22935335365221174,4.180299698494653,6.155455504379367,PRKCZ,1.0
GO_Biological_Process_2021,calcineurin-NFAT signaling cascade (GO:0033173),1/11,0.22935335365221174,4.180299698494653,6.155455504379367,ADGRB2,1.0
GO_Biological_Process_2021,regulation of pH (GO:0006885),1/11,0.22935335365221174,4.180299698494653,6.155455504379367,SLC9A1,1.0
GO_Biological_Process_2021,response to hydroxyurea (GO:0072710),1/11,0.22935335365221174,4.180299698494653,6.155455504379367,DDI2,1.0
GO_Biological_Process_2021,"DNA damage response, signal transduction resulting in transcription (GO:0042772)",1/11,0.22935335365221174,4.180299698494653,6.155455504379367,MAD2L2,1.0
GO_Biological_Process_2021,negative regulation of activin receptor signaling pathway (GO:0032926),1/11,0.22935335365221174,4.180299698494653,6.155455504379367,SKI,1.0
GO_Biological_Process_2021,protein localization to phagophore assembly site (GO:0034497),1/11,0.22935335365221174,4.180299698494653,6.155455504379367,MFN2,1.0
GO_Biological_Process_2021,positive regulation of myelination (GO:0031643),1/11,0.22935335365221174,4.180299698494653,6.155455504379367,TNFRSF1B,1.0
GO_Biological_Process_2021,positive regulation of lipid localization (GO:1905954),1/11,0.22935335365221174,4.180299698494653,6.155455504379367,ZC3H12A,1.0
GO_Biological_Process_2021,camera-type eye morphogenesis (GO:0048593),1/11,0.22935335365221174,4.180299698494653,6.155455504379367,SKI,1.0
GO_Biological_Process_2021,negative regulation of lymphocyte migration (GO:2000402),1/11,0.22935335365221174,4.180299698494653,6.155455504379367,PADI2,1.0
GO_Biological_Process_2021,mitochondrial transcription (GO:0006390),1/11,0.22935335365221174,4.180299698494653,6.155455504379367,SLC25A33,1.0
GO_Biological_Process_2021,cellular response to superoxide (GO:0071451),1/11,0.22935335365221174,4.180299698494653,6.155455504379367,PRDX1,1.0
GO_Biological_Process_2021,Golgi to lysosome transport (GO:0090160),1/11,0.22935335365221174,4.180299698494653,6.155455504379367,LAPTM5,1.0
GO_Biological_Process_2021,Golgi inheritance (GO:0048313),1/11,0.22935335365221174,4.180299698494653,6.155455504379367,PLK3,1.0
GO_Biological_Process_2021,phosphorylated carbohydrate dephosphorylation (GO:0046838),1/11,0.22935335365221174,4.180299698494653,6.155455504379367,INPP5B,1.0
GO_Biological_Process_2021,regulation of mesenchymal cell proliferation (GO:0010464),1/11,0.22935335365221174,4.180299698494653,6.155455504379367,CTNNBIP1,1.0
GO_Biological_Process_2021,positive regulation of posttranscriptional gene silencing (GO:0060148),1/11,0.22935335365221174,4.180299698494653,6.155455504379367,PUM1,1.0
GO_Biological_Process_2021,hematopoietic stem cell proliferation (GO:0071425),1/11,0.22935335365221174,4.180299698494653,6.155455504379367,YTHDF2,1.0
GO_Biological_Process_2021,negative regulation of T-helper cell differentiation (GO:0045623),1/11,0.22935335365221174,4.180299698494653,6.155455504379367,ZC3H12A,1.0
GO_Biological_Process_2021,regulation of T cell mediated immunity (GO:0002709),1/11,0.22935335365221174,4.180299698494653,6.155455504379367,TNFRSF1B,1.0
GO_Biological_Process_2021,regulation of mitochondrial depolarization (GO:0051900),1/11,0.22935335365221174,4.180299698494653,6.155455504379367,IFI6,1.0
GO_Biological_Process_2021,regulation of mitochondrial fusion (GO:0010635),1/11,0.22935335365221174,4.180299698494653,6.155455504379367,MUL1,1.0
GO_Biological_Process_2021,tetrahydrofolate metabolic process (GO:0046653),1/11,0.22935335365221174,4.180299698494653,6.155455504379367,MTHFR,1.0
GO_Biological_Process_2021,positive regulation of voltage-gated potassium channel activity (GO:1903818),1/11,0.22935335365221174,4.180299698494653,6.155455504379367,RNF207,1.0
GO_Biological_Process_2021,hepatocyte growth factor receptor signaling pathway (GO:0048012),1/11,0.22935335365221174,4.180299698494653,6.155455504379367,STMN1,1.0
GO_Biological_Process_2021,positive regulation of leukocyte apoptotic process (GO:2000108),1/11,0.22935335365221174,4.180299698494653,6.155455504379367,PIK3CD,1.0
GO_Biological_Process_2021,regulation of biosynthetic process (GO:0009889),1/11,0.22935335365221174,4.180299698494653,6.155455504379367,SLC25A33,1.0
GO_Biological_Process_2021,nucleus localization (GO:0051647),1/11,0.22935335365221174,4.180299698494653,6.155455504379367,MTOR,1.0
GO_Biological_Process_2021,phosphate-containing compound metabolic process (GO:0006796),7/212,0.2294753085979873,1.4315538557252483,2.107189788830828,ALPL;EPHB2;INPP5B;MTOR;NADK;PIK3CD;PLCH2,1.0
GO_Biological_Process_2021,cholesterol homeostasis (GO:0042632),3/71,0.2313815742926936,1.8466792781232795,2.702960627027624,DISP3;FABP3;LDLRAP1,1.0
GO_Biological_Process_2021,Fc-gamma receptor signaling pathway involved in phagocytosis (GO:0038096),3/71,0.2313815742926936,1.8466792781232795,2.702960627027624,CDC42;FGR;WASF2,1.0
GO_Biological_Process_2021,positive regulation of cellular protein localization (GO:1903829),3/71,0.2313815742926936,1.8466792781232795,2.702960627027624,CROCC;PARK7;SESN2,1.0
GO_Biological_Process_2021,myeloid leukocyte differentiation (GO:0002573),3/71,0.2313815742926936,1.8466792781232795,2.702960627027624,CDC42;EPHA2;PIK3CD,1.0
GO_Biological_Process_2021,regulation of hematopoietic stem cell differentiation (GO:1902036),3/71,0.2313815742926936,1.8466792781232795,2.702960627027624,PSMB2;TP73;YTHDF2,1.0
GO_Biological_Process_2021,histone acetylation (GO:0016573),3/71,0.2313815742926936,1.8466792781232795,2.702960627027624,DMAP1;MEAF6;TAF12,1.0
GO_Biological_Process_2021,negative regulation of neuron apoptotic process (GO:0043524),3/71,0.2313815742926936,1.8466792781232795,2.702960627027624,PARK7;PINK1;PPT1,1.0
GO_Biological_Process_2021,positive regulation of cellular metabolic process (GO:0031325),4/105,0.23157199380441792,1.658501160057055,2.4261624129495662,ECE1;IFNLR1;VAMP3;ZC3H12A,1.0
GO_Biological_Process_2021,regulation of cellular component biogenesis (GO:0044087),2/39,0.23169084458751643,2.261338544444075,3.3068715013270515,PINK1;TIE1,1.0
GO_Biological_Process_2021,regulation of receptor-mediated endocytosis (GO:0048259),2/39,0.23169084458751643,2.261338544444075,3.3068715013270515,LDLRAP1;PPT1,1.0
GO_Biological_Process_2021,DNA replication-independent nucleosome assembly (GO:0006336),2/39,0.23169084458751643,2.261338544444075,3.3068715013270515,CENPS;RBBP4,1.0
GO_Biological_Process_2021,replication fork processing (GO:0031297),2/39,0.23169084458751643,2.261338544444075,3.3068715013270515,CENPS;CORT,1.0
GO_Biological_Process_2021,negative regulation of secretion by cell (GO:1903531),2/39,0.23169084458751643,2.261338544444075,3.3068715013270515,TNFRSF1B;VAMP3,1.0
GO_Biological_Process_2021,chromosome organization (GO:0051276),4/106,0.23660259203507558,1.6421568281989525,2.3669611250618487,HDAC1;HMGN2;MTHFR;PADI2,1.0
GO_Biological_Process_2021,small GTPase mediated signal transduction (GO:0007264),4/106,0.23660259203507558,1.6421568281989525,2.3669611250618487,CNKSR1;GNB1;PARK7;RRAGC,1.0
GO_Biological_Process_2021,cell morphogenesis involved in differentiation (GO:0000904),3/72,0.2376043389183555,1.8198223086901235,2.615354774212421,EPHA2;VAMP3;YTHDF2,1.0
GO_Biological_Process_2021,Fc-gamma receptor signaling pathway (GO:0038094),3/72,0.2376043389183555,1.8198223086901235,2.615354774212421,CDC42;FGR;WASF2,1.0
GO_Biological_Process_2021,sterol homeostasis (GO:0055092),3/72,0.2376043389183555,1.8198223086901235,2.615354774212421,DISP3;FABP3;LDLRAP1,1.0
GO_Biological_Process_2021,positive regulation of catalytic activity (GO:0043085),2/40,0.2403826524788012,2.2017166920797187,3.138598312443881,AZIN2;PHACTR4,1.0
GO_Biological_Process_2021,negative regulation of ERBB signaling pathway (GO:1901185),2/40,0.2403826524788012,2.2017166920797187,3.138598312443881,CDC42;ERRFI1,1.0
GO_Biological_Process_2021,bone development (GO:0060348),2/40,0.2403826524788012,2.2017166920797187,3.138598312443881,P3H1;SKI,1.0
GO_Biological_Process_2021,response to organonitrogen compound (GO:0010243),2/40,0.2403826524788012,2.2017166920797187,3.138598312443881,MTOR;RRAGC,1.0
GO_Biological_Process_2021,fatty acid derivative biosynthetic process (GO:1901570),2/40,0.2403826524788012,2.2017166920797187,3.138598312443881,HMGCL;PPT1,1.0
GO_Biological_Process_2021,positive regulation of gene expression (GO:0010628),14/482,0.24106795133369172,1.256146665260522,1.7870902526512078,AGO1;AGO3;AGO4;ATP13A2;CAMK2N1;EPHB2;FGR;MTOR;PARK7;PIK3CD;POU3F1;RNF207;RPL11;ZC3H12A,1.0
GO_Biological_Process_2021,negative regulation of production of miRNAs involved in gene silencing by miRNA (GO:1903799),1/12,0.24739640885711267,3.8000777870335694,5.307809321792726,ZC3H12A,1.0
GO_Biological_Process_2021,regulation of alcohol biosynthetic process (GO:1902930),1/12,0.24739640885711267,3.8000777870335694,5.307809321792726,H6PD,1.0
GO_Biological_Process_2021,depurination (GO:0045007),1/12,0.24739640885711267,3.8000777870335694,5.307809321792726,MUTYH,1.0
GO_Biological_Process_2021,negative regulation of microtubule polymerization (GO:0031115),1/12,0.24739640885711267,3.8000777870335694,5.307809321792726,STMN1,1.0
GO_Biological_Process_2021,axonal fasciculation (GO:0007413),1/12,0.24739640885711267,3.8000777870335694,5.307809321792726,EPHB2,1.0
GO_Biological_Process_2021,C-terminal protein amino acid modification (GO:0018410),1/12,0.24739640885711267,3.8000777870335694,5.307809321792726,ICMT,1.0
GO_Biological_Process_2021,pyrimidine nucleobase metabolic process (GO:0006206),1/12,0.24739640885711267,3.8000777870335694,5.307809321792726,CTPS1,1.0
GO_Biological_Process_2021,regulation of RNA export from nucleus (GO:0046831),1/12,0.24739640885711267,3.8000777870335694,5.307809321792726,KHDRBS1,1.0
GO_Biological_Process_2021,positive regulation of pseudopodium assembly (GO:0031274),1/12,0.24739640885711267,3.8000777870335694,5.307809321792726,CDC42,1.0
GO_Biological_Process_2021,urogenital system development (GO:0001655),1/12,0.24739640885711267,3.8000777870335694,5.307809321792726,EPHB2,1.0
GO_Biological_Process_2021,negative regulation of gene silencing by miRNA (GO:0060965),1/12,0.24739640885711267,3.8000777870335694,5.307809321792726,ZC3H12A,1.0
GO_Biological_Process_2021,negative regulation of heart contraction (GO:0045822),1/12,0.24739640885711267,3.8000777870335694,5.307809321792726,ZC3H12A,1.0
GO_Biological_Process_2021,inositol phosphate catabolic process (GO:0071545),1/12,0.24739640885711267,3.8000777870335694,5.307809321792726,INPP5B,1.0
GO_Biological_Process_2021,regulation of pseudopodium assembly (GO:0031272),1/12,0.24739640885711267,3.8000777870335694,5.307809321792726,CDC42,1.0
GO_Biological_Process_2021,"mitochondrial electron transport, ubiquinol to cytochrome c (GO:0006122)",1/12,0.24739640885711267,3.8000777870335694,5.307809321792726,UQCRHL,1.0
GO_Biological_Process_2021,mitochondrial genome maintenance (GO:0000002),1/12,0.24739640885711267,3.8000777870335694,5.307809321792726,SLC25A33,1.0
GO_Biological_Process_2021,very-low-density lipoprotein particle assembly (GO:0034379),1/12,0.24739640885711267,3.8000777870335694,5.307809321792726,MFSD2A,1.0
GO_Biological_Process_2021,negative regulation of histone acetylation (GO:0035067),1/12,0.24739640885711267,3.8000777870335694,5.307809321792726,NOC2L,1.0
GO_Biological_Process_2021,sno(s)RNA 3'-end processing (GO:0031126),1/12,0.24739640885711267,3.8000777870335694,5.307809321792726,EXOSC10,1.0
GO_Biological_Process_2021,negative regulation of fatty acid biosynthetic process (GO:0045717),1/12,0.24739640885711267,3.8000777870335694,5.307809321792726,WDTC1,1.0
GO_Biological_Process_2021,regulation of keratinocyte migration (GO:0051547),1/12,0.24739640885711267,3.8000777870335694,5.307809321792726,MTOR,1.0
GO_Biological_Process_2021,homocysteine metabolic process (GO:0050667),1/12,0.24739640885711267,3.8000777870335694,5.307809321792726,MTHFR,1.0
GO_Biological_Process_2021,calcineurin-mediated signaling (GO:0097720),1/12,0.24739640885711267,3.8000777870335694,5.307809321792726,ADGRB2,1.0
GO_Biological_Process_2021,calcium ion-regulated exocytosis of neurotransmitter (GO:0048791),1/12,0.24739640885711267,3.8000777870335694,5.307809321792726,RIMS3,1.0
GO_Biological_Process_2021,regulation of plasminogen activation (GO:0010755),1/12,0.24739640885711267,3.8000777870335694,5.307809321792726,ENO1,1.0
GO_Biological_Process_2021,regulation of histone H3-K9 methylation (GO:0051570),1/12,0.24739640885711267,3.8000777870335694,5.307809321792726,KDM1A,1.0
GO_Biological_Process_2021,regulation of B cell apoptotic process (GO:0002902),1/12,0.24739640885711267,3.8000777870335694,5.307809321792726,NOC2L,1.0
GO_Biological_Process_2021,phospholipid homeostasis (GO:0055091),1/12,0.24739640885711267,3.8000777870335694,5.307809321792726,FABP3,1.0
GO_Biological_Process_2021,microtubule anchoring (GO:0034453),1/12,0.24739640885711267,3.8000777870335694,5.307809321792726,PEX14,1.0
GO_Biological_Process_2021,negative regulation by host of viral process (GO:0044793),1/12,0.24739640885711267,3.8000777870335694,5.307809321792726,ZC3H12A,1.0
GO_Biological_Process_2021,Golgi localization (GO:0051645),1/12,0.24739640885711267,3.8000777870335694,5.307809321792726,CDC42,1.0
GO_Biological_Process_2021,maintenance of protein localization in endoplasmic reticulum (GO:0035437),1/12,0.24739640885711267,3.8000777870335694,5.307809321792726,RER1,1.0
GO_Biological_Process_2021,magnesium ion transport (GO:0015693),1/12,0.24739640885711267,3.8000777870335694,5.307809321792726,NIPAL3,1.0
GO_Biological_Process_2021,presynapse organization (GO:0099172),1/12,0.24739640885711267,3.8000777870335694,5.307809321792726,DVL1,1.0
GO_Biological_Process_2021,hexose metabolic process (GO:0019318),2/41,0.24908919906082208,2.1451523706058424,2.9816421331934007,AKR1A1;FUCA1,1.0
GO_Biological_Process_2021,regulation of response to DNA damage stimulus (GO:2001020),2/41,0.24908919906082208,2.1451523706058424,2.9816421331934007,CASP9;RPA2,1.0
GO_Biological_Process_2021,regulation of protein dephosphorylation (GO:0035304),2/41,0.24908919906082208,2.1451523706058424,2.9816421331934007,CAMTA1;PPP1R8,1.0
GO_Biological_Process_2021,regulation of cell development (GO:0060284),2/41,0.24908919906082208,2.1451523706058424,2.9816421331934007,HEYL;YTHDF2,1.0
GO_Biological_Process_2021,keratinocyte differentiation (GO:0030216),2/41,0.24908919906082208,2.1451523706058424,2.9816421331934007,CLIC4;EPHA2,1.0
GO_Biological_Process_2021,proteolysis involved in cellular protein catabolic process (GO:0051603),3/74,0.25013286169415294,1.768377972874501,2.450552862989093,DDI2;FBXO44;ISG15,1.0
GO_Biological_Process_2021,Fc receptor mediated stimulatory signaling pathway (GO:0002431),3/74,0.25013286169415294,1.768377972874501,2.450552862989093,CDC42;FGR;WASF2,1.0
GO_Biological_Process_2021,nervous system development (GO:0007399),13/447,0.2501714143720321,1.2572744957382322,1.7420907795529363,ADGRB2;ARTN;DVL1;EPHB2;HPCAL4;MARCKSL1;MTF1;NBL1;POU3F1;PPT1;SLC2A1;SZT2;UTP11,1.0
GO_Biological_Process_2021,modulation of chemical synaptic transmission (GO:0050804),4/109,0.2518440035047437,1.5949917562655715,2.1994065722359126,CLSTN1;DLGAP3;RIMS3;TPRG1L,1.0
GO_Biological_Process_2021,protein modification by small protein conjugation (GO:0032446),12/409,0.2521008949064513,1.2683945108294323,1.7477536415314168,FBXO2;ISG15;KLHL21;MIB2;MUL1;PEX10;PEX14;PINK1;RNF220;SPSB1;TRIM62;UBE2J2,1.0
GO_Biological_Process_2021,nucleic acid phosphodiester bond hydrolysis (GO:0090305),3/75,0.2564339883254208,1.7437275619628483,2.3730109445771226,PNRC2;RPA2;ZC3H12A,1.0
GO_Biological_Process_2021,regulation of hematopoietic progenitor cell differentiation (GO:1901532),3/75,0.2564339883254208,1.7437275619628483,2.3730109445771226,PSMB2;TP73;YTHDF2,1.0
GO_Biological_Process_2021,regulation of mRNA stability (GO:0043488),5/146,0.25714552302378685,1.4851492418537684,2.0170006659041153,PSMB2;PUM1;THRAP3;YBX1;YTHDF2,1.0
GO_Biological_Process_2021,mitochondrial gene expression (GO:0140053),2/42,0.2578050480681079,2.09141626520566,2.835022679903944,MRPS15;SLC25A33,1.0
GO_Biological_Process_2021,regulation of ubiquitin-dependent protein catabolic process (GO:2000058),2/42,0.2578050480681079,2.09141626520566,2.835022679903944,LAPTM5;RPL11,1.0
GO_Biological_Process_2021,positive regulation of epithelial to mesenchymal transition (GO:0010718),2/42,0.2578050480681079,2.09141626520566,2.835022679903944,MTOR;PDPN,1.0
GO_Biological_Process_2021,histone H3 acetylation (GO:0043966),2/42,0.2578050480681079,2.09141626520566,2.835022679903944,MEAF6;TAF12,1.0
GO_Biological_Process_2021,negative regulation of protein catabolic process (GO:0042177),2/42,0.2578050480681079,2.09141626520566,2.835022679903944,AZIN2;MAD2L2,1.0
GO_Biological_Process_2021,regulation of double-strand break repair (GO:2000779),2/42,0.2578050480681079,2.09141626520566,2.835022679903944,KDM1A;RPA2,1.0
GO_Biological_Process_2021,regulation of DNA recombination (GO:0000018),2/42,0.2578050480681079,2.09141626520566,2.835022679903944,KDM1A;RPA2,1.0
GO_Biological_Process_2021,regulation of cell division (GO:0051302),3/76,0.26275666708194634,1.7197525047748028,2.298495475900564,KDF1;KLHL21;PLK3,1.0
GO_Biological_Process_2021,regulation of epithelial to mesenchymal transition (GO:0010717),3/76,0.26275666708194634,1.7197525047748028,2.298495475900564,MAD2L2;MTOR;PDPN,1.0
GO_Biological_Process_2021,water-soluble vitamin metabolic process (GO:0006767),3/76,0.26275666708194634,1.7197525047748028,2.298495475900564,MMACHC;MTHFR;SLC2A1,1.0
GO_Biological_Process_2021,RNA transport (GO:0050658),3/76,0.26275666708194634,1.7197525047748028,2.298495475900564,SRRM1;SRSF4;YBX1,1.0
GO_Biological_Process_2021,DNA catabolic process (GO:0006308),1/13,0.2650179057880147,3.4832261941493323,4.625577694173153,DFFB,1.0
GO_Biological_Process_2021,"endonucleolytic cleavage of tricistronic rRNA transcript (SSU-rRNA, 5.8S rRNA, LSU-rRNA) (GO:0000479)",1/13,0.2650179057880147,3.4832261941493323,4.625577694173153,NOL9,1.0
GO_Biological_Process_2021,positive regulation of steroid metabolic process (GO:0045940),1/13,0.2650179057880147,3.4832261941493323,4.625577694173153,LDLRAP1,1.0
GO_Biological_Process_2021,DNA replication-independent nucleosome organization (GO:0034724),1/13,0.2650179057880147,3.4832261941493323,4.625577694173153,RBBP4,1.0
GO_Biological_Process_2021,regulation of protein acetylation (GO:1901983),1/13,0.2650179057880147,3.4832261941493323,4.625577694173153,PARK7,1.0
GO_Biological_Process_2021,spliceosomal tri-snRNP complex assembly (GO:0000244),1/13,0.2650179057880147,3.4832261941493323,4.625577694173153,SRSF10,1.0
GO_Biological_Process_2021,negative regulation of stem cell differentiation (GO:2000737),1/13,0.2650179057880147,3.4832261941493323,4.625577694173153,YTHDF2,1.0
GO_Biological_Process_2021,regulation of interleukin-5 production (GO:0032674),1/13,0.2650179057880147,3.4832261941493323,4.625577694173153,PRKCZ,1.0
GO_Biological_Process_2021,embryonic appendage morphogenesis (GO:0035113),1/13,0.2650179057880147,3.4832261941493323,4.625577694173153,SKI,1.0
GO_Biological_Process_2021,negative regulation of reactive oxygen species biosynthetic process (GO:1903427),1/13,0.2650179057880147,3.4832261941493323,4.625577694173153,PARK7,1.0
GO_Biological_Process_2021,negative regulation of myotube differentiation (GO:0010832),1/13,0.2650179057880147,3.4832261941493323,4.625577694173153,HDAC1,1.0
GO_Biological_Process_2021,transcription preinitiation complex assembly (GO:0070897),1/13,0.2650179057880147,3.4832261941493323,4.625577694173153,TAF12,1.0
GO_Biological_Process_2021,transport along microtubule (GO:0010970),1/13,0.2650179057880147,3.4832261941493323,4.625577694173153,CDC42,1.0
GO_Biological_Process_2021,negative regulation of cell morphogenesis involved in differentiation (GO:0010771),1/13,0.2650179057880147,3.4832261941493323,4.625577694173153,RCC2,1.0
GO_Biological_Process_2021,negative regulation of cellular senescence (GO:2000773),1/13,0.2650179057880147,3.4832261941493323,4.625577694173153,YBX1,1.0
GO_Biological_Process_2021,cellular biogenic amine metabolic process (GO:0006576),1/13,0.2650179057880147,3.4832261941493323,4.625577694173153,SRM,1.0
GO_Biological_Process_2021,glucose import (GO:0046323),1/13,0.2650179057880147,3.4832261941493323,4.625577694173153,SLC2A1,1.0
GO_Biological_Process_2021,negative regulation of gluconeogenesis (GO:0045721),1/13,0.2650179057880147,3.4832261941493323,4.625577694173153,C1QTNF12,1.0
GO_Biological_Process_2021,regulation of lysosomal lumen pH (GO:0035751),1/13,0.2650179057880147,3.4832261941493323,4.625577694173153,PPT1,1.0
GO_Biological_Process_2021,negative regulation of epidermal growth factor-activated receptor activity (GO:0007175),1/13,0.2650179057880147,3.4832261941493323,4.625577694173153,ERRFI1,1.0
GO_Biological_Process_2021,fatty acid elongation (GO:0030497),1/13,0.2650179057880147,3.4832261941493323,4.625577694173153,ELOVL1,1.0
GO_Biological_Process_2021,negative regulation of intrinsic apoptotic signaling pathway in response to DNA damage by p53 class mediator (GO:1902166),1/13,0.2650179057880147,3.4832261941493323,4.625577694173153,KDM1A,1.0
GO_Biological_Process_2021,negative regulation of histone methylation (GO:0031061),1/13,0.2650179057880147,3.4832261941493323,4.625577694173153,KDM1A,1.0
GO_Biological_Process_2021,negative regulation of hydrogen peroxide-induced cell death (GO:1903206),1/13,0.2650179057880147,3.4832261941493323,4.625577694173153,PARK7,1.0
GO_Biological_Process_2021,pseudouridine synthesis (GO:0001522),1/13,0.2650179057880147,3.4832261941493323,4.625577694173153,PUSL1,1.0
GO_Biological_Process_2021,negative regulation of nucleocytoplasmic transport (GO:0046823),1/13,0.2650179057880147,3.4832261941493323,4.625577694173153,PARK7,1.0
GO_Biological_Process_2021,polyamine metabolic process (GO:0006595),1/13,0.2650179057880147,3.4832261941493323,4.625577694173153,SRM,1.0
GO_Biological_Process_2021,negative regulation of substrate adhesion-dependent cell spreading (GO:1900025),1/13,0.2650179057880147,3.4832261941493323,4.625577694173153,RCC2,1.0
GO_Biological_Process_2021,central nervous system neuron axonogenesis (GO:0021955),1/13,0.2650179057880147,3.4832261941493323,4.625577694173153,EPHB2,1.0
GO_Biological_Process_2021,regulation of nucleocytoplasmic transport (GO:0046822),1/13,0.2650179057880147,3.4832261941493323,4.625577694173153,KHDRBS1,1.0
GO_Biological_Process_2021,regulation of oxidoreductase activity (GO:0051341),1/13,0.2650179057880147,3.4832261941493323,4.625577694173153,SZT2,1.0
GO_Biological_Process_2021,sodium ion export across plasma membrane (GO:0036376),1/13,0.2650179057880147,3.4832261941493323,4.625577694173153,SLC9A1,1.0
GO_Biological_Process_2021,myelination in peripheral nervous system (GO:0022011),1/13,0.2650179057880147,3.4832261941493323,4.625577694173153,SKI,1.0
GO_Biological_Process_2021,positive regulation of mRNA metabolic process (GO:1903313),1/13,0.2650179057880147,3.4832261941493323,4.625577694173153,ZC3H12A,1.0
GO_Biological_Process_2021,alpha-linolenic acid metabolic process (GO:0036109),1/13,0.2650179057880147,3.4832261941493323,4.625577694173153,ELOVL1,1.0
GO_Biological_Process_2021,very long-chain fatty acid biosynthetic process (GO:0042761),1/13,0.2650179057880147,3.4832261941493323,4.625577694173153,ELOVL1,1.0
GO_Biological_Process_2021,negative regulation of mononuclear cell migration (GO:0071676),1/13,0.2650179057880147,3.4832261941493323,4.625577694173153,NBL1,1.0
GO_Biological_Process_2021,negative regulation of autophagosome assembly (GO:1902902),1/13,0.2650179057880147,3.4832261941493323,4.625577694173153,PINK1,1.0
GO_Biological_Process_2021,DNA-dependent DNA replication maintenance of fidelity (GO:0045005),2/43,0.2665250085359448,2.0403014332396325,2.697864467516482,CENPS;CORT,1.0
GO_Biological_Process_2021,substantia nigra development (GO:0021762),2/43,0.2665250085359448,2.0403014332396325,2.697864467516482,CDC42;PADI2,1.0
GO_Biological_Process_2021,glutathione metabolic process (GO:0006749),2/43,0.2665250085359448,2.0403014332396325,2.697864467516482,MMACHC;PARK7,1.0
GO_Biological_Process_2021,negative regulation of type I interferon production (GO:0032480),2/43,0.2665250085359448,2.0403014332396325,2.697864467516482,GPATCH3;ISG15,1.0
GO_Biological_Process_2021,positive regulation of neuron differentiation (GO:0045666),2/43,0.2665250085359448,2.0403014332396325,2.697864467516482,HEYL;NBL1,1.0
GO_Biological_Process_2021,natural killer cell activation (GO:0030101),2/43,0.2665250085359448,2.0403014332396325,2.697864467516482,PIK3CD;PRDX1,1.0
GO_Biological_Process_2021,protein-containing complex subunit organization (GO:0043933),4/112,0.26728366145553545,1.5504469661062674,2.045729159315705,PEX14;PPIH;SLC2A1;VAMP3,1.0
GO_Biological_Process_2021,cellular response to UV (GO:0034644),3/77,0.26909867783779523,1.696425422105353,2.2268588620432457,CASP9;KDM1A;NOC2L,1.0
GO_Biological_Process_2021,"nuclear-transcribed mRNA catabolic process, nonsense-mediated decay (GO:0000184)",4/113,0.2724685248200973,1.536143593119335,1.9973433279549766,PNRC2;RPL11;RPL22;RPS8,1.0
GO_Biological_Process_2021,regulation of cytokine production (GO:0001817),5/150,0.2749607136838047,1.443881700400261,1.8642347216177508,ERMAP;FGR;ISG15;PIK3CD;TNFRSF1B,1.0
GO_Biological_Process_2021,positive regulation of stress fiber assembly (GO:0051496),2/44,0.27524412633872103,1.9916206408910349,2.5693835012191477,ARHGEF10L;CDC42,1.0
GO_Biological_Process_2021,negative regulation of epidermal growth factor receptor signaling pathway (GO:0042059),2/44,0.27524412633872103,1.9916206408910349,2.5693835012191477,CDC42;ERRFI1,1.0
GO_Biological_Process_2021,positive regulation of receptor-mediated endocytosis (GO:0048260),2/44,0.27524412633872103,1.9916206408910349,2.5693835012191477,LDLRAP1;PPT1,1.0
GO_Biological_Process_2021,cation transmembrane transport (GO:0098655),2/44,0.27524412633872103,1.9916206408910349,2.5693835012191477,ATP13A2;SLC6A9,1.0
GO_Biological_Process_2021,intracellular steroid hormone receptor signaling pathway (GO:0030518),2/44,0.27524412633872103,1.9916206408910349,2.5693835012191477,ARID1A;PADI2,1.0
GO_Biological_Process_2021,intracellular protein transmembrane transport (GO:0065002),2/44,0.27524412633872103,1.9916206408910349,2.5693835012191477,PEX10;PEX14,1.0
GO_Biological_Process_2021,branching morphogenesis of an epithelial tube (GO:0048754),2/44,0.27524412633872103,1.9916206408910349,2.5693835012191477,EPHA2;TIE1,1.0
GO_Biological_Process_2021,negative regulation of apoptotic signaling pathway (GO:2001234),3/78,0.27545784000354884,1.6737203949737551,2.1579623394348553,NOC2L;PARK7;PINK1,1.0
GO_Biological_Process_2021,mRNA 3'-end processing (GO:0031124),3/79,0.28183201311038075,1.6516128685561469,2.0916753459999238,SRRM1;SRSF4;SSU72,1.0
GO_Biological_Process_2021,regulation of neuron differentiation (GO:0045664),3/79,0.28183201311038075,1.6516128685561469,2.0916753459999238,DISP3;HEYL;NBL1,1.0
GO_Biological_Process_2021,positive regulation of proteasomal ubiquitin-dependent protein catabolic process (GO:0032436),3/79,0.28183201311038075,1.6516128685561469,2.0916753459999238,DVL1;PLK3;RNF19B,1.0
GO_Biological_Process_2021,positive regulation of ubiquitin-dependent protein catabolic process (GO:2000060),3/79,0.28183201311038075,1.6516128685561469,2.0916753459999238,DVL1;LAPTM5;RNF19B,1.0
GO_Biological_Process_2021,nucleoside phosphate biosynthetic process (GO:1901293),1/14,0.2822276731413549,3.2151210001703627,4.067260471009814,NMNAT1,1.0
GO_Biological_Process_2021,cAMP metabolic process (GO:0046058),1/14,0.2822276731413549,3.2151210001703627,4.067260471009814,EPHA2,1.0
GO_Biological_Process_2021,"maturation of LSU-rRNA from tricistronic rRNA transcript (SSU-rRNA, 5.8S rRNA, LSU-rRNA) (GO:0000463)",1/14,0.2822276731413549,3.2151210001703627,4.067260471009814,NOL9,1.0
GO_Biological_Process_2021,sequestering of extracellular ligand from receptor (GO:0035581),1/14,0.2822276731413549,3.2151210001703627,4.067260471009814,NBL1,1.0
GO_Biological_Process_2021,negative regulation of viral transcription (GO:0032897),1/14,0.2822276731413549,3.2151210001703627,4.067260471009814,TRIM62,1.0
GO_Biological_Process_2021,synaptic membrane adhesion (GO:0099560),1/14,0.2822276731413549,3.2151210001703627,4.067260471009814,PTPRF,1.0
GO_Biological_Process_2021,positive regulation of brown fat cell differentiation (GO:0090336),1/14,0.2822276731413549,3.2151210001703627,4.067260471009814,FNDC5,1.0
GO_Biological_Process_2021,regulation of integrin-mediated signaling pathway (GO:2001044),1/14,0.2822276731413549,3.2151210001703627,4.067260471009814,PHACTR4,1.0
GO_Biological_Process_2021,regulation of transcription of nucleolar large rRNA by RNA polymerase I (GO:1901836),1/14,0.2822276731413549,3.2151210001703627,4.067260471009814,MTOR,1.0
GO_Biological_Process_2021,regulation of intrinsic apoptotic signaling pathway in response to DNA damage by p53 class mediator (GO:1902165),1/14,0.2822276731413549,3.2151210001703627,4.067260471009814,KDM1A,1.0
GO_Biological_Process_2021,regulation of macrophage cytokine production (GO:0010935),1/14,0.2822276731413549,3.2151210001703627,4.067260471009814,LAPTM5,1.0
GO_Biological_Process_2021,nuclear migration (GO:0007097),1/14,0.2822276731413549,3.2151210001703627,4.067260471009814,TMEM201,1.0
GO_Biological_Process_2021,positive regulation of lymphocyte migration (GO:2000403),1/14,0.2822276731413549,3.2151210001703627,4.067260471009814,TNFRSF14,1.0
GO_Biological_Process_2021,ceramide transport (GO:0035627),1/14,0.2822276731413549,3.2151210001703627,4.067260471009814,CPTP,1.0
GO_Biological_Process_2021,positive regulation of long-term synaptic potentiation (GO:1900273),1/14,0.2822276731413549,3.2151210001703627,4.067260471009814,EPHB2,1.0
GO_Biological_Process_2021,positive regulation of macrophage chemotaxis (GO:0010759),1/14,0.2822276731413549,3.2151210001703627,4.067260471009814,AKIRIN1,1.0
GO_Biological_Process_2021,negative regulation of neuroinflammatory response (GO:0150079),1/14,0.2822276731413549,3.2151210001703627,4.067260471009814,TNFRSF1B,1.0
GO_Biological_Process_2021,negative regulation of secretion (GO:0051048),1/14,0.2822276731413549,3.2151210001703627,4.067260471009814,VAMP3,1.0
GO_Biological_Process_2021,regulation of retinoic acid receptor signaling pathway (GO:0048385),1/14,0.2822276731413549,3.2151210001703627,4.067260471009814,DHRS3,1.0
GO_Biological_Process_2021,quinone biosynthetic process (GO:1901663),1/14,0.2822276731413549,3.2151210001703627,4.067260471009814,UBIAD1,1.0
GO_Biological_Process_2021,endothelial cell differentiation (GO:0045446),1/14,0.2822276731413549,3.2151210001703627,4.067260471009814,TIE1,1.0
GO_Biological_Process_2021,regulation of fatty acid beta-oxidation (GO:0031998),1/14,0.2822276731413549,3.2151210001703627,4.067260471009814,MFSD2A,1.0
GO_Biological_Process_2021,carbohydrate transport (GO:0008643),1/14,0.2822276731413549,3.2151210001703627,4.067260471009814,SLC2A5,1.0
GO_Biological_Process_2021,"negative regulation of DNA damage response, signal transduction by p53 class mediator (GO:0043518)",1/14,0.2822276731413549,3.2151210001703627,4.067260471009814,KDM1A,1.0
GO_Biological_Process_2021,polarized epithelial cell differentiation (GO:0030859),1/14,0.2822276731413549,3.2151210001703627,4.067260471009814,CDC42,1.0
GO_Biological_Process_2021,immune response-regulating cell surface receptor signaling pathway (GO:0002768),1/14,0.2822276731413549,3.2151210001703627,4.067260471009814,FGR,1.0
GO_Biological_Process_2021,regulation of histone methylation (GO:0031060),1/14,0.2822276731413549,3.2151210001703627,4.067260471009814,MTHFR,1.0
GO_Biological_Process_2021,antiviral innate immune response (GO:0140374),1/14,0.2822276731413549,3.2151210001703627,4.067260471009814,ATAD3A,1.0
GO_Biological_Process_2021,respiratory electron transport chain (GO:0022904),1/14,0.2822276731413549,3.2151210001703627,4.067260471009814,SDHB,1.0
GO_Biological_Process_2021,positive regulation of type 2 immune response (GO:0002830),1/14,0.2822276731413549,3.2151210001703627,4.067260471009814,PRKCZ,1.0
GO_Biological_Process_2021,response to chemokine (GO:1990868),1/14,0.2822276731413549,3.2151210001703627,4.067260471009814,ZC3H12A,1.0
GO_Biological_Process_2021,vascular endothelial growth factor signaling pathway (GO:0038084),1/14,0.2822276731413549,3.2151210001703627,4.067260471009814,PIK3CD,1.0
GO_Biological_Process_2021,positive regulation of sodium ion transmembrane transporter activity (GO:2000651),1/14,0.2822276731413549,3.2151210001703627,4.067260471009814,SLC9A1,1.0
GO_Biological_Process_2021,positive regulation of leukocyte degranulation (GO:0043302),1/14,0.2822276731413549,3.2151210001703627,4.067260471009814,FGR,1.0
GO_Biological_Process_2021,bone morphogenesis (GO:0060349),1/14,0.2822276731413549,3.2151210001703627,4.067260471009814,SKI,1.0
GO_Biological_Process_2021,protein localization to kinetochore (GO:0034501),1/14,0.2822276731413549,3.2151210001703627,4.067260471009814,RCC2,1.0
GO_Biological_Process_2021,positive regulation of transmembrane transport (GO:0034764),1/14,0.2822276731413549,3.2151210001703627,4.067260471009814,AZIN2,1.0
GO_Biological_Process_2021,atrioventricular valve development (GO:0003171),1/14,0.2822276731413549,3.2151210001703627,4.067260471009814,HEYL,1.0
GO_Biological_Process_2021,heterochromatin organization (GO:0070828),1/14,0.2822276731413549,3.2151210001703627,4.067260471009814,HP1BP3,1.0
GO_Biological_Process_2021,intestinal absorption (GO:0050892),1/14,0.2822276731413549,3.2151210001703627,4.067260471009814,SLC2A5,1.0
GO_Biological_Process_2021,heart process (GO:0003015),1/14,0.2822276731413549,3.2151210001703627,4.067260471009814,PPCS,1.0
GO_Biological_Process_2021,positive regulation of T-helper cell differentiation (GO:0045624),1/14,0.2822276731413549,3.2151210001703627,4.067260471009814,PRKCZ,1.0
GO_Biological_Process_2021,neural crest cell development (GO:0014032),2/45,0.2839576759885888,1.9452040714423722,2.4488759175416805,PEF1;PHACTR4,1.0
GO_Biological_Process_2021,regulation of insulin receptor signaling pathway (GO:0046626),2/45,0.2839576759885888,1.9452040714423722,2.4488759175416805,C1QTNF12;PRKCZ,1.0
GO_Biological_Process_2021,chromosome condensation (GO:0030261),2/45,0.2839576759885888,1.9452040714423722,2.4488759175416805,DFFB;PHF13,1.0
GO_Biological_Process_2021,negative regulation of extrinsic apoptotic signaling pathway (GO:2001237),3/80,0.28821909731725404,1.6300795636039307,2.0278749434591257,EYA3;IFI6;PARK7,1.0
GO_Biological_Process_2021,post-translational protein modification (GO:0043687),10/345,0.2900337658666616,1.2511894408428297,1.5486696507796964,FBXO2;FBXO44;FBXO6;ICMT;KLHL21;PSMB2;PTP4A2;SPSB1;VWA1;WDTC1,1.0
GO_Biological_Process_2021,alpha-amino acid metabolic process (GO:1901605),2/46,0.2926611526869349,1.9008973460595577,2.3357082527040185,MTHFR;RIMKLA,1.0
GO_Biological_Process_2021,spliceosomal complex assembly (GO:0000245),2/46,0.2926611526869349,1.9008973460595577,2.3357082527040185,SF3A3;SRSF10,1.0
GO_Biological_Process_2021,positive regulation of smooth muscle cell proliferation (GO:0048661),2/46,0.2926611526869349,1.9008973460595577,2.3357082527040185,LDLRAP1;MFN2,1.0
GO_Biological_Process_2021,activation of cysteine-type endopeptidase activity involved in apoptotic process (GO:0006919),3/81,0.2946170338451466,1.6090983946761308,1.9664452868734523,CASP9;LAPTM5;MUL1,1.0
GO_Biological_Process_2021,positive regulation of transcription by RNA polymerase II (GO:0045944),24/908,0.29798487649895467,1.1402714681423511,1.3805409697807687,AGO1;AGRN;AKIRIN1;CITED4;DVL1;FOXJ3;HDAC1;HEYL;KDM1A;MTF1;PARK7;PRDM2;RLF;RPS6KA1;SFPQ;SKI;SLC9A1;THAP3;THRAP3;TP73;YBX1;ZBTB17;ZC3H12A;ZNF593,1.0
GO_Biological_Process_2021,regulation of cellular response to stress (GO:0080135),4/118,0.2986260530488925,1.468390773707549,1.774642974522838,CASP9;MTOR;PINK1;RPA2,1.0
GO_Biological_Process_2021,photoreceptor cell development (GO:0042461),1/15,0.2990353109363035,2.9853165481883885,3.6038550780774647,MFSD2A,1.0
GO_Biological_Process_2021,ubiquinone metabolic process (GO:0006743),1/15,0.2990353109363035,2.9853165481883885,3.6038550780774647,UBIAD1,1.0
GO_Biological_Process_2021,ubiquinone biosynthetic process (GO:0006744),1/15,0.2990353109363035,2.9853165481883885,3.6038550780774647,UBIAD1,1.0
GO_Biological_Process_2021,histone H4-K5 acetylation (GO:0043981),1/15,0.2990353109363035,2.9853165481883885,3.6038550780774647,MEAF6,1.0
GO_Biological_Process_2021,"phototransduction, visible light (GO:0007603)",1/15,0.2990353109363035,2.9853165481883885,3.6038550780774647,GNB1,1.0
GO_Biological_Process_2021,response to acidic pH (GO:0010447),1/15,0.2990353109363035,2.9853165481883885,3.6038550780774647,SLC9A1,1.0
GO_Biological_Process_2021,histone H4-K8 acetylation (GO:0043982),1/15,0.2990353109363035,2.9853165481883885,3.6038550780774647,MEAF6,1.0
GO_Biological_Process_2021,cellular response to exogenous dsRNA (GO:0071360),1/15,0.2990353109363035,2.9853165481883885,3.6038550780774647,MUL1,1.0
GO_Biological_Process_2021,"tRNA splicing, via endonucleolytic cleavage and ligation (GO:0006388)",1/15,0.2990353109363035,2.9853165481883885,3.6038550780774647,ZBTB8OS,1.0
GO_Biological_Process_2021,prostanoid biosynthetic process (GO:0046457),1/15,0.2990353109363035,2.9853165481883885,3.6038550780774647,PRXL2B,1.0
GO_Biological_Process_2021,regulation of extracellular matrix organization (GO:1903053),1/15,0.2990353109363035,2.9853165481883885,3.6038550780774647,TIE1,1.0
GO_Biological_Process_2021,androgen receptor signaling pathway (GO:0030521),1/15,0.2990353109363035,2.9853165481883885,3.6038550780774647,ARID1A,1.0
GO_Biological_Process_2021,electron transport chain (GO:0022900),1/15,0.2990353109363035,2.9853165481883885,3.6038550780774647,SDHB,1.0
GO_Biological_Process_2021,response to ethanol (GO:0045471),1/15,0.2990353109363035,2.9853165481883885,3.6038550780774647,SDF4,1.0
GO_Biological_Process_2021,cellular sodium ion homeostasis (GO:0006883),1/15,0.2990353109363035,2.9853165481883885,3.6038550780774647,SLC9A1,1.0
GO_Biological_Process_2021,positive regulation of pattern recognition receptor signaling pathway (GO:0062208),1/15,0.2990353109363035,2.9853165481883885,3.6038550780774647,PUM1,1.0
GO_Biological_Process_2021,acetyl-CoA metabolic process (GO:0006084),1/15,0.2990353109363035,2.9853165481883885,3.6038550780774647,PPCS,1.0
GO_Biological_Process_2021,mitochondrial RNA metabolic process (GO:0000959),1/15,0.2990353109363035,2.9853165481883885,3.6038550780774647,SLC25A33,1.0
GO_Biological_Process_2021,modulation by host of viral genome replication (GO:0044827),1/15,0.2990353109363035,2.9853165481883885,3.6038550780774647,ZC3H12A,1.0
GO_Biological_Process_2021,positive regulation of lyase activity (GO:0051349),1/15,0.2990353109363035,2.9853165481883885,3.6038550780774647,PARK7,1.0
GO_Biological_Process_2021,positive regulation of acute inflammatory response (GO:0002675),1/15,0.2990353109363035,2.9853165481883885,3.6038550780774647,PARK7,1.0
GO_Biological_Process_2021,intracellular cholesterol transport (GO:0032367),1/15,0.2990353109363035,2.9853165481883885,3.6038550780774647,LDLRAP1,1.0
GO_Biological_Process_2021,T cell proliferation (GO:0042098),1/15,0.2990353109363035,2.9853165481883885,3.6038550780774647,CTPS1,1.0
GO_Biological_Process_2021,positive regulation of membrane protein ectodomain proteolysis (GO:0051044),1/15,0.2990353109363035,2.9853165481883885,3.6038550780774647,TNFRSF1B,1.0
GO_Biological_Process_2021,microvillus assembly (GO:0030033),1/15,0.2990353109363035,2.9853165481883885,3.6038550780774647,ESPN,1.0
GO_Biological_Process_2021,cellular response to arsenic-containing substance (GO:0071243),1/15,0.2990353109363035,2.9853165481883885,3.6038550780774647,ZC3H12A,1.0
GO_Biological_Process_2021,histone mRNA catabolic process (GO:0071044),1/15,0.2990353109363035,2.9853165481883885,3.6038550780774647,EXOSC10,1.0
GO_Biological_Process_2021,regulation of lymphocyte activation (GO:0051249),1/15,0.2990353109363035,2.9853165481883885,3.6038550780774647,THEMIS2,1.0
GO_Biological_Process_2021,negative regulation of leukocyte activation (GO:0002695),1/15,0.2990353109363035,2.9853165481883885,3.6038550780774647,ZC3H12A,1.0
GO_Biological_Process_2021,regulation of extracellular matrix disassembly (GO:0010715),1/15,0.2990353109363035,2.9853165481883885,3.6038550780774647,PDPN,1.0
GO_Biological_Process_2021,regulation of triglyceride biosynthetic process (GO:0010866),1/15,0.2990353109363035,2.9853165481883885,3.6038550780774647,MFSD2A,1.0
GO_Biological_Process_2021,engulfment of apoptotic cell (GO:0043652),1/15,0.2990353109363035,2.9853165481883885,3.6038550780774647,XKR8,1.0
GO_Biological_Process_2021,establishment of apical/basal cell polarity (GO:0035089),1/15,0.2990353109363035,2.9853165481883885,3.6038550780774647,CDC42,1.0
GO_Biological_Process_2021,regulation of integrin activation (GO:0033623),1/15,0.2990353109363035,2.9853165481883885,3.6038550780774647,FBLIM1,1.0
GO_Biological_Process_2021,response to muscle stretch (GO:0035994),1/15,0.2990353109363035,2.9853165481883885,3.6038550780774647,SLC9A1,1.0
GO_Biological_Process_2021,positive regulation of exosomal secretion (GO:1903543),1/15,0.2990353109363035,2.9853165481883885,3.6038550780774647,ATP13A2,1.0
GO_Biological_Process_2021,macrophage differentiation (GO:0030225),1/15,0.2990353109363035,2.9853165481883885,3.6038550780774647,CDC42,1.0
GO_Biological_Process_2021,mammary gland epithelium development (GO:0061180),1/15,0.2990353109363035,2.9853165481883885,3.6038550780774647,EPHA2,1.0
GO_Biological_Process_2021,medium-chain fatty acid metabolic process (GO:0051791),1/15,0.2990353109363035,2.9853165481883885,3.6038550780774647,ACOT7,1.0
GO_Biological_Process_2021,membrane raft organization (GO:0031579),1/15,0.2990353109363035,2.9853165481883885,3.6038550780774647,PPT1,1.0
GO_Biological_Process_2021,negative regulation of endoplasmic reticulum stress-induced intrinsic apoptotic signaling pathway (GO:1902236),1/15,0.2990353109363035,2.9853165481883885,3.6038550780774647,PARK7,1.0
GO_Biological_Process_2021,regulation of macrophage differentiation (GO:0045649),1/15,0.2990353109363035,2.9853165481883885,3.6038550780774647,C1QC,1.0
GO_Biological_Process_2021,"RNA phosphodiester bond hydrolysis, endonucleolytic (GO:0090502)",1/15,0.2990353109363035,2.9853165481883885,3.6038550780774647,ZC3H12A,1.0
GO_Biological_Process_2021,ephrin receptor signaling pathway (GO:0048013),3/82,0.3010238053420524,1.5886483945819456,1.9072771370386539,CDC42;EPHA2;EPHB2,1.0
GO_Biological_Process_2021,polyol metabolic process (GO:0019751),2/47,0.30135026462136144,1.8585598084715351,2.229309075091773,INPP5B;PLCH2,1.0
GO_Biological_Process_2021,histone deacetylation (GO:0016575),2/47,0.30135026462136144,1.8585598084715351,2.229309075091773,HDAC1;SFPQ,1.0
GO_Biological_Process_2021,regulation of T cell activation (GO:0050863),2/47,0.30135026462136144,1.8585598084715351,2.229309075091773,LAPTM5;TNFRSF1B,1.0
GO_Biological_Process_2021,regulation of DNA binding (GO:0051101),2/47,0.30135026462136144,1.8585598084715351,2.229309075091773,KDM1A;SKI,1.0
GO_Biological_Process_2021,regulation of synapse assembly (GO:0051963),2/47,0.30135026462136144,1.8585598084715351,2.229309075091773,CLSTN1;EPHB2,1.0
GO_Biological_Process_2021,negative regulation of cellular macromolecule biosynthetic process (GO:2000113),15/547,0.3014232578512647,1.18259221671152,1.418211688578749,DMAP1;ENO1;HDAC1;HEYL;ID3;KDM1A;KDM4A;KHDRBS1;PEX14;PHC2;SAMD11;SCMH1;SFPQ;SPEN;YBX1,1.0
GO_Biological_Process_2021,cellular response to tumor necrosis factor (GO:0071356),6/194,0.3024884186605006,1.3362807123030334,1.5978072674691073,PSMB2;TNFRSF14;TNFRSF18;TNFRSF1B;TNFRSF25;ZC3H12A,1.0
GO_Biological_Process_2021,glycoprotein biosynthetic process (GO:0009101),3/83,0.30743743618237573,1.5687096444901154,1.8502674117940785,B3GALT6;DDOST;ST3GAL3,1.0
GO_Biological_Process_2021,epidermis development (GO:0008544),3/83,0.30743743618237573,1.5687096444901154,1.8502674117940785,HDAC1;PLOD1;YBX1,1.0
GO_Biological_Process_2021,regulation of defense response (GO:0031347),3/83,0.30743743618237573,1.5687096444901154,1.8502674117940785,FGR;PARK7;ZMPSTE24,1.0
GO_Biological_Process_2021,base-excision repair (GO:0006284),2/48,0.31002092550106997,1.8180630333873393,2.129161765951265,MUTYH;RPA2,1.0
GO_Biological_Process_2021,inositol phosphate metabolic process (GO:0043647),2/48,0.31002092550106997,1.8180630333873393,2.129161765951265,INPP5B;PLCH2,1.0
GO_Biological_Process_2021,regulation of interleukin-10 production (GO:0032653),2/48,0.31002092550106997,1.8180630333873393,2.129161765951265,ISG15;PRKCZ,1.0
GO_Biological_Process_2021,histone H4 acetylation (GO:0043967),2/48,0.31002092550106997,1.8180630333873393,2.129161765951265,DMAP1;MEAF6,1.0
GO_Biological_Process_2021,establishment of protein localization to mitochondrion (GO:0072655),2/48,0.31002092550106997,1.8180630333873393,2.129161765951265,MFN2;PINK1,1.0
GO_Biological_Process_2021,vascular transport (GO:0010232),3/84,0.31385599270416004,1.5492632092153673,1.7953187727145286,MFSD2A;SLC2A1;SLC6A9,1.0
GO_Biological_Process_2021,regulation of cytokinesis (GO:0032465),3/84,0.31385599270416004,1.5492632092153673,1.7953187727145286,CDC42;KLHL21;PLK3,1.0
GO_Biological_Process_2021,odontogenesis of dentin-containing tooth (GO:0042475),1/16,0.31545019582405986,2.786152689804011,3.214536112688281,HDAC1,1.0
GO_Biological_Process_2021,"RNA splicing, via endonucleolytic cleavage and ligation (GO:0000394)",1/16,0.31545019582405986,2.786152689804011,3.214536112688281,ZBTB8OS,1.0
GO_Biological_Process_2021,regulation of activin receptor signaling pathway (GO:0032925),1/16,0.31545019582405986,2.786152689804011,3.214536112688281,SKI,1.0
GO_Biological_Process_2021,oligodendrocyte development (GO:0014003),1/16,0.31545019582405986,2.786152689804011,3.214536112688281,EIF2B3,1.0
GO_Biological_Process_2021,neural tube development (GO:0021915),1/16,0.31545019582405986,2.786152689804011,3.214536112688281,DVL1,1.0
GO_Biological_Process_2021,regulation of fatty acid oxidation (GO:0046320),1/16,0.31545019582405986,2.786152689804011,3.214536112688281,FABP3,1.0
GO_Biological_Process_2021,regulation of amyloid-beta clearance (GO:1900221),1/16,0.31545019582405986,2.786152689804011,3.214536112688281,HDAC1,1.0
GO_Biological_Process_2021,regulation of ERBB signaling pathway (GO:1901184),1/16,0.31545019582405986,2.786152689804011,3.214536112688281,IFI6,1.0
GO_Biological_Process_2021,epiboly involved in wound healing (GO:0090505),1/16,0.31545019582405986,2.786152689804011,3.214536112688281,PDPN,1.0
GO_Biological_Process_2021,regulation of hormone secretion (GO:0046883),1/16,0.31545019582405986,2.786152689804011,3.214536112688281,VAMP3,1.0
GO_Biological_Process_2021,sphingolipid catabolic process (GO:0030149),1/16,0.31545019582405986,2.786152689804011,3.214536112688281,PPT1,1.0
GO_Biological_Process_2021,negative regulation of focal adhesion assembly (GO:0051895),1/16,0.31545019582405986,2.786152689804011,3.214536112688281,RCC2,1.0
GO_Biological_Process_2021,positive regulation of double-strand break repair via nonhomologous end joining (GO:2001034),1/16,0.31545019582405986,2.786152689804011,3.214536112688281,MAD2L2,1.0
GO_Biological_Process_2021,negative regulation of histone modification (GO:0031057),1/16,0.31545019582405986,2.786152689804011,3.214536112688281,NOC2L,1.0
GO_Biological_Process_2021,negative regulation of macrophage activation (GO:0043031),1/16,0.31545019582405986,2.786152689804011,3.214536112688281,ZC3H12A,1.0
GO_Biological_Process_2021,regulation of interleukin-13 production (GO:0032656),1/16,0.31545019582405986,2.786152689804011,3.214536112688281,PRKCZ,1.0
GO_Biological_Process_2021,regulation of systemic arterial blood pressure (GO:0003073),1/16,0.31545019582405986,2.786152689804011,3.214536112688281,SLC2A5,1.0
GO_Biological_Process_2021,regulation of mast cell degranulation (GO:0043304),1/16,0.31545019582405986,2.786152689804011,3.214536112688281,FGR,1.0
GO_Biological_Process_2021,negative regulation of cell-substrate junction organization (GO:0150118),1/16,0.31545019582405986,2.786152689804011,3.214536112688281,RCC2,1.0
GO_Biological_Process_2021,positive regulation of immunoglobulin mediated immune response (GO:0002891),1/16,0.31545019582405986,2.786152689804011,3.214536112688281,MAD2L2,1.0
GO_Biological_Process_2021,regulation of monocyte differentiation (GO:0045655),1/16,0.31545019582405986,2.786152689804011,3.214536112688281,CTNNBIP1,1.0
GO_Biological_Process_2021,regulation of isotype switching (GO:0045191),1/16,0.31545019582405986,2.786152689804011,3.214536112688281,MAD2L2,1.0
GO_Biological_Process_2021,glutamine family amino acid catabolic process (GO:0009065),1/16,0.31545019582405986,2.786152689804011,3.214536112688281,ALDH4A1,1.0
GO_Biological_Process_2021,regulation of systemic arterial blood pressure by hormone (GO:0001990),1/16,0.31545019582405986,2.786152689804011,3.214536112688281,ECE1,1.0
GO_Biological_Process_2021,regulation of rRNA processing (GO:2000232),1/16,0.31545019582405986,2.786152689804011,3.214536112688281,YTHDF2,1.0
GO_Biological_Process_2021,positive regulation of myeloid leukocyte cytokine production involved in immune response (GO:0061081),1/16,0.31545019582405986,2.786152689804011,3.214536112688281,LAPTM5,1.0
GO_Biological_Process_2021,male meiosis I (GO:0007141),1/16,0.31545019582405986,2.786152689804011,3.214536112688281,FOXJ3,1.0
GO_Biological_Process_2021,late endosome to vacuole transport via multivesicular body sorting pathway (GO:0032511),1/16,0.31545019582405986,2.786152689804011,3.214536112688281,TMEM50A,1.0
GO_Biological_Process_2021,positive regulation of small molecule metabolic process (GO:0062013),1/16,0.31545019582405986,2.786152689804011,3.214536112688281,LDLRAP1,1.0
GO_Biological_Process_2021,positive regulation of isotype switching (GO:0045830),1/16,0.31545019582405986,2.786152689804011,3.214536112688281,MAD2L2,1.0
GO_Biological_Process_2021,negative regulation of catabolic process (GO:0009895),2/49,0.3186692473237589,1.7792895253280032,2.034798270336235,AZIN2;MAD2L2,1.0
GO_Biological_Process_2021,inner mitochondrial membrane organization (GO:0007007),2/49,0.3186692473237589,1.7792895253280032,2.034798270336235,DNAJC11;MICOS10,1.0
GO_Biological_Process_2021,negative regulation of intracellular signal transduction (GO:1902532),6/198,0.3188702302402565,1.3081709680320137,1.4952015589323733,EPHA2;MUL1;NOC2L;OTUD3;PINK1;ZC3H12A,1.0
GO_Biological_Process_2021,regulation of mRNA catabolic process (GO:0061013),4/122,0.31976192929932673,1.4183225885151107,1.617140965473846,PSMB2;PUM1;YTHDF2;ZC3H12A,1.0
GO_Biological_Process_2021,"Wnt signaling pathway, planar cell polarity pathway (GO:0060071)",3/85,0.32027758338749296,1.5302910772400031,1.7423392440120684,CDC42;DVL1;PSMB2,1.0
GO_Biological_Process_2021,B cell activation (GO:0042113),3/85,0.32027758338749296,1.5302910772400031,1.7423392440120684,CTPS1;EPHB2;PIK3CD,1.0
GO_Biological_Process_2021,G1/S transition of mitotic cell cycle (GO:0000082),3/85,0.32027758338749296,1.5302910772400031,1.7423392440120684,KHDRBS1;PLK3;RCC1,1.0
GO_Biological_Process_2021,gene expression (GO:0010467),10/356,0.32327946132534807,1.2107175954193723,1.3671884667411172,MRPS15;NOL9;PABPC4;RPL11;RPL22;RPS8;RRAGC;SNRNP40;SRRM1;SRSF4,1.0
GO_Biological_Process_2021,regulation of anatomical structure morphogenesis (GO:0022603),4/123,0.3250656049525435,1.4063314685320478,1.5803344079728163,CAPZB;EPHA2;ZMYM4;ZMYM6,1.0
GO_Biological_Process_2021,regulation of interferon-gamma production (GO:0032649),3/86,0.3267003589772552,1.5117761050712746,1.691241860793228,ISG15;LAPTM5;ZC3H12A,1.0
GO_Biological_Process_2021,transport across blood-brain barrier (GO:0150104),3/86,0.3267003589772552,1.5117761050712746,1.691241860793228,MFSD2A;SLC2A1;SLC6A9,1.0
GO_Biological_Process_2021,regulation of cellular component movement (GO:0051270),2/50,0.32729153336731553,1.7421315801044726,1.9457936709739359,PDPN;ZSWIM5,1.0
GO_Biological_Process_2021,ribosome assembly (GO:0042255),2/50,0.32729153336731553,1.7421315801044726,1.9457936709739359,MRPL20;RPL11,1.0
GO_Biological_Process_2021,negative regulation of ERK1 and ERK2 cascade (GO:0070373),2/50,0.32729153336731553,1.7421315801044726,1.9457936709739359,CAMK2N1;EPHB2,1.0
GO_Biological_Process_2021,peptide biosynthetic process (GO:0043043),5/162,0.3296878921326507,1.3326959040000472,1.478771174063341,MRPS15;PABPC4;RPL11;RPL22;RPS8,1.0
GO_Biological_Process_2021,modification-dependent protein catabolic process (GO:0019941),6/201,0.3312435082594936,1.2878454606360457,1.4229423806852588,ISG15;PINK1;RNF19B;SPSB1;UBE4B;UBR4,1.0
GO_Biological_Process_2021,positive regulation of stem cell proliferation (GO:2000648),1/17,0.3314814862741369,2.611884313717681,2.883999091042015,KDM1A,1.0
GO_Biological_Process_2021,vasculature development (GO:0001944),1/17,0.3314814862741369,2.611884313717681,2.883999091042015,ERRFI1,1.0
GO_Biological_Process_2021,regulation of cellular respiration (GO:0043457),1/17,0.3314814862741369,2.611884313717681,2.883999091042015,IFNLR1,1.0
GO_Biological_Process_2021,snRNA metabolic process (GO:0016073),1/17,0.3314814862741369,2.611884313717681,2.883999091042015,INTS11,1.0
GO_Biological_Process_2021,regulation of Arp2/3 complex-mediated actin nucleation (GO:0034315),1/17,0.3314814862741369,2.611884313717681,2.883999091042015,WASF2,1.0
GO_Biological_Process_2021,cellular modified amino acid catabolic process (GO:0042219),1/17,0.3314814862741369,2.611884313717681,2.883999091042015,ALDH4A1,1.0
GO_Biological_Process_2021,cellular response to gamma radiation (GO:0071480),1/17,0.3314814862741369,2.611884313717681,2.883999091042015,KDM1A,1.0
GO_Biological_Process_2021,cellular response to fatty acid (GO:0071398),1/17,0.3314814862741369,2.611884313717681,2.883999091042015,ZC3H12A,1.0
GO_Biological_Process_2021,stem cell development (GO:0048864),1/17,0.3314814862741369,2.611884313717681,2.883999091042015,PEF1,1.0
GO_Biological_Process_2021,cell surface receptor signaling pathway involved in heart development (GO:0061311),1/17,0.3314814862741369,2.611884313717681,2.883999091042015,HEYL,1.0
GO_Biological_Process_2021,cellular biogenic amine biosynthetic process (GO:0042401),1/17,0.3314814862741369,2.611884313717681,2.883999091042015,SRM,1.0
GO_Biological_Process_2021,pulmonary valve morphogenesis (GO:0003184),1/17,0.3314814862741369,2.611884313717681,2.883999091042015,HEYL,1.0
GO_Biological_Process_2021,negative regulation of fatty acid metabolic process (GO:0045922),1/17,0.3314814862741369,2.611884313717681,2.883999091042015,WDTC1,1.0
GO_Biological_Process_2021,negative regulation of insulin secretion (GO:0046676),1/17,0.3314814862741369,2.611884313717681,2.883999091042015,BMP8A,1.0
GO_Biological_Process_2021,dolichol-linked oligosaccharide biosynthetic process (GO:0006488),1/17,0.3314814862741369,2.611884313717681,2.883999091042015,DHDDS,1.0
GO_Biological_Process_2021,preassembly of GPI anchor in ER membrane (GO:0016254),1/17,0.3314814862741369,2.611884313717681,2.883999091042015,PIGV,1.0
GO_Biological_Process_2021,negative regulation of intrinsic apoptotic signaling pathway by p53 class mediator (GO:1902254),1/17,0.3314814862741369,2.611884313717681,2.883999091042015,KDM1A,1.0
GO_Biological_Process_2021,regulation of leukocyte migration (GO:0002685),1/17,0.3314814862741369,2.611884313717681,2.883999091042015,TNFRSF18,1.0
GO_Biological_Process_2021,tail-anchored membrane protein insertion into ER membrane (GO:0071816),1/17,0.3314814862741369,2.611884313717681,2.883999091042015,EMC1,1.0
GO_Biological_Process_2021,regulation of neuroblast proliferation (GO:1902692),1/17,0.3314814862741369,2.611884313717681,2.883999091042015,KDM1A,1.0
GO_Biological_Process_2021,positive regulation of muscle hypertrophy (GO:0014742),1/17,0.3314814862741369,2.611884313717681,2.883999091042015,SLC9A1,1.0
GO_Biological_Process_2021,mesenchyme morphogenesis (GO:0072132),1/17,0.3314814862741369,2.611884313717681,2.883999091042015,HEYL,1.0
GO_Biological_Process_2021,regulation of NLRP3 inflammasome complex assembly (GO:1900225),1/17,0.3314814862741369,2.611884313717681,2.883999091042015,CPTP,1.0
GO_Biological_Process_2021,modified amino acid transport (GO:0072337),1/17,0.3314814862741369,2.611884313717681,2.883999091042015,PDPN,1.0
GO_Biological_Process_2021,negative regulation of cell aging (GO:0090344),1/17,0.3314814862741369,2.611884313717681,2.883999091042015,YBX1,1.0
GO_Biological_Process_2021,positive regulation of transcription of Notch receptor target (GO:0007221),1/17,0.3314814862741369,2.611884313717681,2.883999091042015,HEYL,1.0
GO_Biological_Process_2021,negative regulation of chemokine production (GO:0032682),1/17,0.3314814862741369,2.611884313717681,2.883999091042015,MUL1,1.0
GO_Biological_Process_2021,negative regulation of execution phase of apoptosis (GO:1900118),1/17,0.3314814862741369,2.611884313717681,2.883999091042015,DFFA,1.0
GO_Biological_Process_2021,negative regulation of ATPase activity (GO:0032780),1/17,0.3314814862741369,2.611884313717681,2.883999091042015,ATP5IF1,1.0
GO_Biological_Process_2021,regulation of metal ion transport (GO:0010959),1/17,0.3314814862741369,2.611884313717681,2.883999091042015,EPB41,1.0
GO_Biological_Process_2021,sodium ion transmembrane transport (GO:0035725),3/87,0.33312251255328407,1.4937019655732298,1.6419443440999337,SCNN1D;SLC6A9;SLC9A1,1.0
GO_Biological_Process_2021,protein targeting to membrane (GO:0006612),3/87,0.33312251255328407,1.4937019655732298,1.6419443440999337,ICMT;PEX14;ZDHHC18,1.0
GO_Biological_Process_2021,phosphorylation (GO:0016310),11/400,0.3356739747694216,1.1845049332703832,1.2930232381473907,CDK11A;CDK11B;EPHB2;FGR;MAP3K6;MTOR;NADK;PIK3CD;PINK1;PRKCZ;TESK2,1.0
GO_Biological_Process_2021,protein targeting (GO:0006605),4/125,0.3356889547179342,1.3829438295568175,1.5095803801803285,ICMT;MFN2;RPL11;ZDHHC18,1.0
GO_Biological_Process_2021,inositol lipid-mediated signaling (GO:0048017),2/51,0.33588427139977683,1.7064902857063924,1.8617614625739682,PIK3CD;PLCH2,1.0
GO_Biological_Process_2021,cholesterol transport (GO:0030301),2/51,0.33588427139977683,1.7064902857063924,1.8617614625739682,LDLRAP1;STX12,1.0
GO_Biological_Process_2021,positive regulation of actin filament bundle assembly (GO:0032233),2/51,0.33588427139977683,1.7064902857063924,1.8617614625739682,ARHGEF10L;CDC42,1.0
GO_Biological_Process_2021,positive regulation of fat cell differentiation (GO:0045600),2/51,0.33588427139977683,1.7064902857063924,1.8617614625739682,FNDC5;ZC3H12A,1.0
GO_Biological_Process_2021,proteasome-mediated ubiquitin-dependent protein catabolic process (GO:0043161),9/321,0.3382117807204572,1.2078933880884632,1.3094566993544192,FBXO2;FBXO44;FBXO6;HECTD3;PSMB2;SPSB1;UBE2J2;UBE4B;UBXN11,1.0
GO_Biological_Process_2021,double-strand break repair (GO:0006302),5/164,0.33893293564212024,1.3157965953228659,1.4236301015111685,EYA3;KDM4A;MAD2L2;RPA2;SFPQ,1.0
GO_Biological_Process_2021,axon guidance (GO:0007411),6/203,0.3395258816961464,1.2746390395868887,1.3768715914037177,ARTN;EPHA2;EPHB2;LYPLA2;PIK3CD;RAP1GAP,1.0
GO_Biological_Process_2021,regulation of angiogenesis (GO:0045765),6/203,0.3395258816961464,1.2746390395868887,1.3768715914037177,AGO1;EPHA2;HSPG2;PIK3CD;TIE1;ZC3H12A,1.0
GO_Biological_Process_2021,regulation of establishment of planar polarity (GO:0090175),3/88,0.3395422795508734,1.476053099945727,1.5943688004146948,CDC42;DVL1;PSMB2,1.0
GO_Biological_Process_2021,negative regulation of growth (GO:0045926),4/126,0.34100650007651506,1.3715375630074225,1.4755738168112233,ENO1;MUL1;PPT1;SESN2,1.0
GO_Biological_Process_2021,negative regulation of cell growth (GO:0030308),4/126,0.34100650007651506,1.3715375630074225,1.4755738168112233,ENO1;MUL1;PPT1;SESN2,1.0
GO_Biological_Process_2021,negative regulation of protein metabolic process (GO:0051248),2/52,0.3444441271012242,1.6722746430842352,1.7823494243614566,AZIN2;MAD2L2,1.0
GO_Biological_Process_2021,negative regulation of BMP signaling pathway (GO:0030514),2/52,0.3444441271012242,1.6722746430842352,1.7823494243614566,NBL1;SKI,1.0
GO_Biological_Process_2021,glycolipid metabolic process (GO:0006664),2/52,0.3444441271012242,1.6722746430842352,1.7823494243614566,CPTP;FUCA1,1.0
GO_Biological_Process_2021,positive regulation of developmental growth (GO:0048639),2/52,0.3444441271012242,1.6722746430842352,1.7823494243614566,AGRN;MACF1,1.0
GO_Biological_Process_2021,regulation of intrinsic apoptotic signaling pathway (GO:2001242),2/52,0.3444441271012242,1.6722746430842352,1.7823494243614566,NOC2L;PINK1,1.0
GO_Biological_Process_2021,mitochondrial translational termination (GO:0070126),3/89,0.3459579377344316,1.4588146730537481,1.5484414435352263,AURKAIP1;MRPL20;MRPS15,1.0
GO_Biological_Process_2021,mitochondrial translational elongation (GO:0070125),3/89,0.3459579377344316,1.4588146730537481,1.5484414435352263,AURKAIP1;MRPL20;MRPS15,1.0
GO_Biological_Process_2021,nucleotide biosynthetic process (GO:0009165),1/18,0.34713812764048363,2.45811809952386,2.6007688771609705,NMNAT1,1.0
GO_Biological_Process_2021,negative regulation of Rho protein signal transduction (GO:0035024),1/18,0.34713812764048363,2.45811809952386,2.6007688771609705,STMN1,1.0
GO_Biological_Process_2021,sodium ion import across plasma membrane (GO:0098719),1/18,0.34713812764048363,2.45811809952386,2.6007688771609705,SLC9A1,1.0
GO_Biological_Process_2021,negative regulation of peptide hormone secretion (GO:0090278),1/18,0.34713812764048363,2.45811809952386,2.6007688771609705,BMP8A,1.0
GO_Biological_Process_2021,presynapse assembly (GO:0099054),1/18,0.34713812764048363,2.45811809952386,2.6007688771609705,DVL1,1.0
GO_Biological_Process_2021,positive regulation of phosphoprotein phosphatase activity (GO:0032516),1/18,0.34713812764048363,2.45811809952386,2.6007688771609705,MTOR,1.0
GO_Biological_Process_2021,positive regulation of glial cell differentiation (GO:0045687),1/18,0.34713812764048363,2.45811809952386,2.6007688771609705,TNFRSF1B,1.0
GO_Biological_Process_2021,cellular response to zinc ion (GO:0071294),1/18,0.34713812764048363,2.45811809952386,2.6007688771609705,ATP13A2,1.0
GO_Biological_Process_2021,chromatin disassembly (GO:0031498),1/18,0.34713812764048363,2.45811809952386,2.6007688771609705,ARID1A,1.0
GO_Biological_Process_2021,neuron maturation (GO:0042551),1/18,0.34713812764048363,2.45811809952386,2.6007688771609705,C1QA,1.0
GO_Biological_Process_2021,release of cytochrome c from mitochondria (GO:0001836),1/18,0.34713812764048363,2.45811809952386,2.6007688771609705,IFI6,1.0
GO_Biological_Process_2021,nucleosome disassembly (GO:0006337),1/18,0.34713812764048363,2.45811809952386,2.6007688771609705,ARID1A,1.0
GO_Biological_Process_2021,negative regulation of double-strand break repair via homologous recombination (GO:2000042),1/18,0.34713812764048363,2.45811809952386,2.6007688771609705,MAD2L2,1.0
GO_Biological_Process_2021,fluid transport (GO:0042044),1/18,0.34713812764048363,2.45811809952386,2.6007688771609705,PDPN,1.0
GO_Biological_Process_2021,T cell migration (GO:0072678),1/18,0.34713812764048363,2.45811809952386,2.6007688771609705,PIK3CD,1.0
GO_Biological_Process_2021,regulation of multicellular organism growth (GO:0040014),1/18,0.34713812764048363,2.45811809952386,2.6007688771609705,MFSD2A,1.0
GO_Biological_Process_2021,negative regulation of biosynthetic process (GO:0009890),1/18,0.34713812764048363,2.45811809952386,2.6007688771609705,PARK7,1.0
GO_Biological_Process_2021,positive regulation of interleukin-4 production (GO:0032753),1/18,0.34713812764048363,2.45811809952386,2.6007688771609705,PRKCZ,1.0
GO_Biological_Process_2021,"positive regulation of mRNA splicing, via spliceosome (GO:0048026)",1/18,0.34713812764048363,2.45811809952386,2.6007688771609705,THRAP3,1.0
GO_Biological_Process_2021,microtubule depolymerization (GO:0007019),1/18,0.34713812764048363,2.45811809952386,2.6007688771609705,STMN1,1.0
GO_Biological_Process_2021,regulation of platelet aggregation (GO:0090330),1/18,0.34713812764048363,2.45811809952386,2.6007688771609705,PDPN,1.0
GO_Biological_Process_2021,regulation of telomerase RNA localization to Cajal body (GO:1904872),1/18,0.34713812764048363,2.45811809952386,2.6007688771609705,EXOSC10,1.0
GO_Biological_Process_2021,regulation of mitochondrial outer membrane permeabilization involved in apoptotic signaling pathway (GO:1901028),1/18,0.34713812764048363,2.45811809952386,2.6007688771609705,MUL1,1.0
GO_Biological_Process_2021,positive regulation of extracellular matrix organization (GO:1903055),1/18,0.34713812764048363,2.45811809952386,2.6007688771609705,PDPN,1.0
GO_Biological_Process_2021,positive regulation of excitatory postsynaptic potential (GO:2000463),1/18,0.34713812764048363,2.45811809952386,2.6007688771609705,PRKCZ,1.0
GO_Biological_Process_2021,negative regulation of fibroblast proliferation (GO:0048147),1/18,0.34713812764048363,2.45811809952386,2.6007688771609705,SKI,1.0
GO_Biological_Process_2021,negative regulation of lipid catabolic process (GO:0050995),1/18,0.34713812764048363,2.45811809952386,2.6007688771609705,MFSD2A,1.0
GO_Biological_Process_2021,negative regulation of leukocyte cell-cell adhesion (GO:1903038),1/18,0.34713812764048363,2.45811809952386,2.6007688771609705,LAPTM5,1.0
GO_Biological_Process_2021,negative regulation of signal transduction by p53 class mediator (GO:1901797),1/18,0.34713812764048363,2.45811809952386,2.6007688771609705,KDM1A,1.0
GO_Biological_Process_2021,rRNA catabolic process (GO:0016075),1/18,0.34713812764048363,2.45811809952386,2.6007688771609705,EXOSC10,1.0
GO_Biological_Process_2021,positive regulation of cardiac muscle hypertrophy (GO:0010613),1/18,0.34713812764048363,2.45811809952386,2.6007688771609705,SLC9A1,1.0
GO_Biological_Process_2021,amyloid precursor protein metabolic process (GO:0042982),1/18,0.34713812764048363,2.45811809952386,2.6007688771609705,LDLRAP1,1.0
GO_Biological_Process_2021,regulation of brown fat cell differentiation (GO:0090335),1/18,0.34713812764048363,2.45811809952386,2.6007688771609705,FNDC5,1.0
GO_Biological_Process_2021,water transport (GO:0006833),1/18,0.34713812764048363,2.45811809952386,2.6007688771609705,PDPN,1.0
GO_Biological_Process_2021,regulation of fatty acid metabolic process (GO:0019217),1/18,0.34713812764048363,2.45811809952386,2.6007688771609705,FABP3,1.0
GO_Biological_Process_2021,regulation of delayed rectifier potassium channel activity (GO:1902259),1/18,0.34713812764048363,2.45811809952386,2.6007688771609705,RNF207,1.0
GO_Biological_Process_2021,3'-UTR-mediated mRNA stabilization (GO:0070935),1/18,0.34713812764048363,2.45811809952386,2.6007688771609705,TARDBP,1.0
GO_Biological_Process_2021,regulation of production of miRNAs involved in gene silencing by miRNA (GO:1903798),1/18,0.34713812764048363,2.45811809952386,2.6007688771609705,ZC3H12A,1.0
GO_Biological_Process_2021,mitochondrial fusion (GO:0008053),1/18,0.34713812764048363,2.45811809952386,2.6007688771609705,MFN2,1.0
GO_Biological_Process_2021,long-chain fatty-acyl-CoA biosynthetic process (GO:0035338),1/18,0.34713812764048363,2.45811809952386,2.6007688771609705,ELOVL1,1.0
GO_Biological_Process_2021,"alternative mRNA splicing, via spliceosome (GO:0000380)",1/18,0.34713812764048363,2.45811809952386,2.6007688771609705,SFPQ,1.0
GO_Biological_Process_2021,positive regulation of nervous system process (GO:0031646),1/18,0.34713812764048363,2.45811809952386,2.6007688771609705,TNFRSF1B,1.0
GO_Biological_Process_2021,hyaluronan catabolic process (GO:0030214),1/18,0.34713812764048363,2.45811809952386,2.6007688771609705,SLC9A1,1.0
GO_Biological_Process_2021,regulation of oxidative stress-induced intrinsic apoptotic signaling pathway (GO:1902175),1/18,0.34713812764048363,2.45811809952386,2.6007688771609705,SFPQ,1.0
GO_Biological_Process_2021,cellular response to pH (GO:0071467),1/18,0.34713812764048363,2.45811809952386,2.6007688771609705,SLC9A1,1.0
GO_Biological_Process_2021,regulation of chromosome segregation (GO:0051983),1/18,0.34713812764048363,2.45811809952386,2.6007688771609705,PUM1,1.0
GO_Biological_Process_2021,cellular response to dsRNA (GO:0071359),1/18,0.34713812764048363,2.45811809952386,2.6007688771609705,MUL1,1.0
GO_Biological_Process_2021,SRP-dependent cotranslational protein targeting to membrane (GO:0006614),3/90,0.35236780712698423,1.4419725318374468,1.5040923369245214,RPL11;RPL22;RPS8,1.0
GO_Biological_Process_2021,negative regulation of translation (GO:0017148),3/90,0.35236780712698423,1.4419725318374468,1.5040923369245214,PUM1;YBX1;YTHDF2,1.0
GO_Biological_Process_2021,positive regulation of B cell activation (GO:0050871),2/53,0.35296793769143664,1.6394007903688292,1.7072360051996145,EPHB2;MAD2L2,1.0
GO_Biological_Process_2021,negative regulation of cysteine-type endopeptidase activity (GO:2000117),2/53,0.35296793769143664,1.6394007903688292,1.7072360051996145,IFI6;RPS6KA1,1.0
GO_Biological_Process_2021,regulation of protein kinase B signaling (GO:0051896),6/207,0.35615251419242955,1.2490146405362859,1.2894780051288044,EPHA2;MUL1;OTUD3;PARK7;PIK3CD;PINK1,1.0
GO_Biological_Process_2021,proteolysis (GO:0006508),8/287,0.3581772230770296,1.2001246433820496,1.2322008290251973,DDI2;ECE1;FBXO2;FBXO6;MMP23B;SVBP;TINAGL1;ZMPSTE24,1.0
GO_Biological_Process_2021,regulation of stem cell differentiation (GO:2000736),3/91,0.358770249898111,1.4255131665578793,1.4612551548217758,PSMB2;TP73;YTHDF2,1.0
GO_Biological_Process_2021,regulation of proteolysis (GO:0030162),2/54,0.3614527057573114,1.607791316604016,1.6361271492984337,AURKAIP1;CAMK2N1,1.0
GO_Biological_Process_2021,regulation of potassium ion transmembrane transport (GO:1901379),2/54,0.3614527057573114,1.607791316604016,1.6361271492984337,GNB1;KCNAB2,1.0
GO_Biological_Process_2021,"regulation of alternative mRNA splicing, via spliceosome (GO:0000381)",2/54,0.3614527057573114,1.607791316604016,1.6361271492984337,KHDRBS1;THRAP3,1.0
GO_Biological_Process_2021,protein glycosylation (GO:0006486),4/130,0.36229167616795577,1.3277230153097461,1.3480446874651486,DDOST;MAN1C1;PLOD1;ST3GAL3,1.0
GO_Biological_Process_2021,regulation of response to external stimulus (GO:0032101),4/130,0.36229167616795577,1.3277230153097461,1.3480446874651486,EPHB2;FGR;PARK7;ZMPSTE24,1.0
GO_Biological_Process_2021,establishment or maintenance of apical/basal cell polarity (GO:0035088),1/19,0.36242885711021905,2.3214370202404635,2.356089296811217,CLIC4,1.0
GO_Biological_Process_2021,aspartate family amino acid metabolic process (GO:0009066),1/19,0.36242885711021905,2.3214370202404635,2.356089296811217,MTHFR,1.0
GO_Biological_Process_2021,positive regulation of focal adhesion assembly (GO:0051894),1/19,0.36242885711021905,2.3214370202404635,2.356089296811217,COL16A1,1.0
GO_Biological_Process_2021,endocardial cushion morphogenesis (GO:0003203),1/19,0.36242885711021905,2.3214370202404635,2.356089296811217,HEYL,1.0
GO_Biological_Process_2021,DNA alkylation (GO:0006305),1/19,0.36242885711021905,2.3214370202404635,2.356089296811217,DMAP1,1.0
GO_Biological_Process_2021,positive regulation of triglyceride metabolic process (GO:0090208),1/19,0.36242885711021905,2.3214370202404635,2.356089296811217,MFSD2A,1.0
GO_Biological_Process_2021,regulation of histone H3-K4 methylation (GO:0051569),1/19,0.36242885711021905,2.3214370202404635,2.356089296811217,KDM1A,1.0
GO_Biological_Process_2021,negative regulation of RNA metabolic process (GO:0051253),1/19,0.36242885711021905,2.3214370202404635,2.356089296811217,ZC3H12A,1.0
GO_Biological_Process_2021,positive regulation of actin cytoskeleton reorganization (GO:2000251),1/19,0.36242885711021905,2.3214370202404635,2.356089296811217,CDC42,1.0
GO_Biological_Process_2021,neural crest cell differentiation (GO:0014033),1/19,0.36242885711021905,2.3214370202404635,2.356089296811217,PEF1,1.0
GO_Biological_Process_2021,nuclear membrane organization (GO:0071763),1/19,0.36242885711021905,2.3214370202404635,2.356089296811217,TARDBP,1.0
GO_Biological_Process_2021,NLS-bearing protein import into nucleus (GO:0006607),1/19,0.36242885711021905,2.3214370202404635,2.356089296811217,KPNA6,1.0
GO_Biological_Process_2021,regulation of exosomal secretion (GO:1903541),1/19,0.36242885711021905,2.3214370202404635,2.356089296811217,ATP13A2,1.0
GO_Biological_Process_2021,positive regulation of cellular protein catabolic process (GO:1903364),1/19,0.36242885711021905,2.3214370202404635,2.356089296811217,ATP5IF1,1.0
GO_Biological_Process_2021,DNA methylation or demethylation (GO:0044728),1/19,0.36242885711021905,2.3214370202404635,2.356089296811217,DMAP1,1.0
GO_Biological_Process_2021,negative regulation of striated muscle cell differentiation (GO:0051154),1/19,0.36242885711021905,2.3214370202404635,2.356089296811217,HDAC1,1.0
GO_Biological_Process_2021,negative regulation of T cell receptor signaling pathway (GO:0050860),1/19,0.36242885711021905,2.3214370202404635,2.356089296811217,LAPTM5,1.0
GO_Biological_Process_2021,regulation of oligodendrocyte differentiation (GO:0048713),1/19,0.36242885711021905,2.3214370202404635,2.356089296811217,TNFRSF1B,1.0
GO_Biological_Process_2021,histone H4-K16 acetylation (GO:0043984),1/19,0.36242885711021905,2.3214370202404635,2.356089296811217,MEAF6,1.0
GO_Biological_Process_2021,prostaglandin biosynthetic process (GO:0001516),1/19,0.36242885711021905,2.3214370202404635,2.356089296811217,PRXL2B,1.0
GO_Biological_Process_2021,maintenance of protein localization in organelle (GO:0072595),1/19,0.36242885711021905,2.3214370202404635,2.356089296811217,PINK1,1.0
GO_Biological_Process_2021,positive regulation of macrophage migration (GO:1905523),1/19,0.36242885711021905,2.3214370202404635,2.356089296811217,AKIRIN1,1.0
GO_Biological_Process_2021,regulation of synaptic vesicle exocytosis (GO:2000300),1/19,0.36242885711021905,2.3214370202404635,2.356089296811217,RIMS3,1.0
GO_Biological_Process_2021,glycerolipid catabolic process (GO:0046503),1/19,0.36242885711021905,2.3214370202404635,2.356089296811217,LYPLA2,1.0
GO_Biological_Process_2021,positive regulation of oxidoreductase activity (GO:0051353),1/19,0.36242885711021905,2.3214370202404635,2.356089296811217,PARK7,1.0
GO_Biological_Process_2021,actin filament capping (GO:0051693),1/19,0.36242885711021905,2.3214370202404635,2.356089296811217,CAPZB,1.0
GO_Biological_Process_2021,barbed-end actin filament capping (GO:0051016),1/19,0.36242885711021905,2.3214370202404635,2.356089296811217,CAPZB,1.0
GO_Biological_Process_2021,regulation of T cell cytokine production (GO:0002724),1/19,0.36242885711021905,2.3214370202404635,2.356089296811217,TNFRSF1B,1.0
GO_Biological_Process_2021,striated muscle cell differentiation (GO:0051146),1/19,0.36242885711021905,2.3214370202404635,2.356089296811217,SKI,1.0
GO_Biological_Process_2021,regulation of mitochondrial membrane permeability (GO:0046902),1/19,0.36242885711021905,2.3214370202404635,2.356089296811217,MUL1,1.0
GO_Biological_Process_2021,negative regulation of cytokine production involved in inflammatory response (GO:1900016),1/19,0.36242885711021905,2.3214370202404635,2.356089296811217,ZC3H12A,1.0
GO_Biological_Process_2021,regulation of lymphocyte proliferation (GO:0050670),1/19,0.36242885711021905,2.3214370202404635,2.356089296811217,TNFRSF1B,1.0
GO_Biological_Process_2021,fatty acid transmembrane transport (GO:1902001),1/19,0.36242885711021905,2.3214370202404635,2.356089296811217,SLC2A1,1.0
GO_Biological_Process_2021,regulation of neuroinflammatory response (GO:0150077),1/19,0.36242885711021905,2.3214370202404635,2.356089296811217,TNFRSF1B,1.0
GO_Biological_Process_2021,atrioventricular valve morphogenesis (GO:0003181),1/19,0.36242885711021905,2.3214370202404635,2.356089296811217,HEYL,1.0
GO_Biological_Process_2021,regulation of nervous system process (GO:0031644),1/19,0.36242885711021905,2.3214370202404635,2.356089296811217,DLGAP3,1.0
GO_Biological_Process_2021,N-glycan processing (GO:0006491),1/19,0.36242885711021905,2.3214370202404635,2.356089296811217,MAN1C1,1.0
GO_Biological_Process_2021,folic acid metabolic process (GO:0046655),1/19,0.36242885711021905,2.3214370202404635,2.356089296811217,MTHFR,1.0
GO_Biological_Process_2021,cellular protein modification process (GO:0006464),26/1025,0.36378499465472536,1.0912677142260712,1.1034814660905283,CDK11A;CDK11B;DDOST;FBXO2;FBXO44;FBXO6;FGR;ICMT;ISG15;KLHL21;MAP3K6;MTOR;P3H1;PARK7;PIK3CD;PINK1;PRKCZ;PSMB2;PTP4A2;PTPRF;PTPRU;SPSB1;ST3GAL3;TESK2;VWA1;WDTC1,1.0
GO_Biological_Process_2021,regulation of endothelial cell proliferation (GO:0001936),3/92,0.3651636702127921,1.409423674655381,1.4198669605602916,ATP5IF1;PIK3CD;TIE1,1.0
GO_Biological_Process_2021,regulation of lipid metabolic process (GO:0019216),3/92,0.3651636702127921,1.409423674655381,1.4198669605602916,DISP3;NFYC;ZFP69,1.0
GO_Biological_Process_2021,T cell activation (GO:0042110),3/92,0.3651636702127921,1.409423674655381,1.4198669605602916,CTPS1;DDOST;PIK3CD,1.0
GO_Biological_Process_2021,regulation of posttranscriptional gene silencing (GO:0060147),2/55,0.3698955932742246,1.5773746531699506,1.5687535017566785,AGO1;PUM1,1.0
GO_Biological_Process_2021,regulation of gene silencing by RNA (GO:0060966),2/55,0.3698955932742246,1.5773746531699506,1.5687535017566785,AGO1;PUM1,1.0
GO_Biological_Process_2021,positive regulation of I-kappaB kinase/NF-kappaB signaling (GO:0043123),5/171,0.37141084100734545,1.2598558114788228,1.247819704547441,MIB2;MUL1;PINK1;PLEKHG5;TRIM62,1.0
GO_Biological_Process_2021,positive regulation of peptidyl-serine phosphorylation (GO:0033138),3/93,0.37154651404352845,1.3936917270173823,1.3798680006825497,MAD2L2;PARK7;PINK1,1.0
GO_Biological_Process_2021,mesoderm development (GO:0007498),1/20,0.3773622085376961,2.1991434229868982,2.143174755381866,TIE1,1.0
GO_Biological_Process_2021,regulation of protein localization to cell periphery (GO:1904375),1/20,0.3773622085376961,2.1991434229868982,2.143174755381866,LDLRAP1,1.0
GO_Biological_Process_2021,maintenance of protein location in nucleus (GO:0051457),1/20,0.3773622085376961,2.1991434229868982,2.143174755381866,PARK7,1.0
GO_Biological_Process_2021,cardiac epithelial to mesenchymal transition (GO:0060317),1/20,0.3773622085376961,2.1991434229868982,2.143174755381866,HEYL,1.0
GO_Biological_Process_2021,protein-DNA complex disassembly (GO:0032986),1/20,0.3773622085376961,2.1991434229868982,2.143174755381866,ARID1A,1.0
GO_Biological_Process_2021,cardiac ventricle development (GO:0003231),1/20,0.3773622085376961,2.1991434229868982,2.143174755381866,HEYL,1.0
GO_Biological_Process_2021,establishment of epithelial cell polarity (GO:0090162),1/20,0.3773622085376961,2.1991434229868982,2.143174755381866,CDC42,1.0
GO_Biological_Process_2021,negative regulation of telomere maintenance via telomerase (GO:0032211),1/20,0.3773622085376961,2.1991434229868982,2.143174755381866,EXOSC10,1.0
GO_Biological_Process_2021,regulation of granulocyte chemotaxis (GO:0071622),1/20,0.3773622085376961,2.1991434229868982,2.143174755381866,AKIRIN1,1.0
GO_Biological_Process_2021,cellular monovalent inorganic cation homeostasis (GO:0030004),1/20,0.3773622085376961,2.1991434229868982,2.143174755381866,SLC9A1,1.0
GO_Biological_Process_2021,eye morphogenesis (GO:0048592),1/20,0.3773622085376961,2.1991434229868982,2.143174755381866,SKI,1.0
GO_Biological_Process_2021,cellular response to nitrogen compound (GO:1901699),1/20,0.3773622085376961,2.1991434229868982,2.143174755381866,DDI2,1.0
GO_Biological_Process_2021,neuromuscular synaptic transmission (GO:0007274),1/20,0.3773622085376961,2.1991434229868982,2.143174755381866,KIF1B,1.0
GO_Biological_Process_2021,oligodendrocyte differentiation (GO:0048709),1/20,0.3773622085376961,2.1991434229868982,2.143174755381866,EIF2B3,1.0
GO_Biological_Process_2021,insulin secretion (GO:0030073),1/20,0.3773622085376961,2.1991434229868982,2.143174755381866,PARK7,1.0
GO_Biological_Process_2021,inositol phosphate-mediated signaling (GO:0048016),1/20,0.3773622085376961,2.1991434229868982,2.143174755381866,ADGRB2,1.0
GO_Biological_Process_2021,regulation of protein modification by small protein conjugation or removal (GO:1903320),1/20,0.3773622085376961,2.1991434229868982,2.143174755381866,PINK1,1.0
GO_Biological_Process_2021,negative regulation of dephosphorylation (GO:0035305),1/20,0.3773622085376961,2.1991434229868982,2.143174755381866,PPP1R8,1.0
GO_Biological_Process_2021,"base-excision repair, AP site formation (GO:0006285)",1/20,0.3773622085376961,2.1991434229868982,2.143174755381866,MUTYH,1.0
GO_Biological_Process_2021,protein targeting to lysosome (GO:0006622),1/20,0.3773622085376961,2.1991434229868982,2.143174755381866,LAPTM5,1.0
GO_Biological_Process_2021,positive regulation of protein processing (GO:0010954),1/20,0.3773622085376961,2.1991434229868982,2.143174755381866,ENO1,1.0
GO_Biological_Process_2021,folic acid-containing compound metabolic process (GO:0006760),1/20,0.3773622085376961,2.1991434229868982,2.143174755381866,MTHFR,1.0
GO_Biological_Process_2021,natural killer cell mediated immunity (GO:0002228),1/20,0.3773622085376961,2.1991434229868982,2.143174755381866,PLEKHM2,1.0
GO_Biological_Process_2021,modulation by symbiont of entry into host (GO:0052372),1/20,0.3773622085376961,2.1991434229868982,2.143174755381866,TRIM62,1.0
GO_Biological_Process_2021,regulation of T cell migration (GO:2000404),1/20,0.3773622085376961,2.1991434229868982,2.143174755381866,TNFRSF14,1.0
GO_Biological_Process_2021,regulation of nuclear division (GO:0051783),1/20,0.3773622085376961,2.1991434229868982,2.143174755381866,RCC1,1.0
GO_Biological_Process_2021,positive regulation of G2/M transition of mitotic cell cycle (GO:0010971),1/20,0.3773622085376961,2.1991434229868982,2.143174755381866,RCC2,1.0
GO_Biological_Process_2021,positive regulation of epidermal cell differentiation (GO:0045606),1/20,0.3773622085376961,2.1991434229868982,2.143174755381866,KDF1,1.0
GO_Biological_Process_2021,positive regulation of epithelial cell differentiation (GO:0030858),1/20,0.3773622085376961,2.1991434229868982,2.143174755381866,KDF1,1.0
GO_Biological_Process_2021,cotranslational protein targeting to membrane (GO:0006613),3/94,0.37791726894802025,1.378305536470329,1.3412015135718853,RPL11;RPL22;RPS8,1.0
GO_Biological_Process_2021,positive regulation of epithelial cell migration (GO:0010634),3/94,0.37791726894802025,1.378305536470329,1.3412015135718853,MTOR;PIK3CD;ZC3H12A,1.0
GO_Biological_Process_2021,defense response to virus (GO:0051607),4/133,0.37824340789940314,1.2966452547334875,1.2606210190987805,ATAD3A;IFI6;IFNLR1;ISG15,1.0
GO_Biological_Process_2021,regulation of cell adhesion (GO:0030155),4/133,0.37824340789940314,1.2966452547334875,1.2606210190987805,EPHA2;EPHB2;TNFRSF18;YTHDF2,1.0
GO_Biological_Process_2021,peptidyl-tyrosine modification (GO:0018212),2/56,0.3782939158156652,1.5480845328260353,1.504867942505133,EPHB2;FGR,1.0
GO_Biological_Process_2021,autophagosome organization (GO:1905037),2/56,0.3782939158156652,1.5480845328260353,1.504867942505133,ATP13A2;STX12,1.0
GO_Biological_Process_2021,telomere maintenance (GO:0000723),2/56,0.3782939158156652,1.5480845328260353,1.504867942505133,RPA2;ZBTB48,1.0
GO_Biological_Process_2021,regulation of canonical Wnt signaling pathway (GO:0060828),7/253,0.380612444563592,1.1904308161961465,1.1499247737257643,DVL1;HDAC1;MAD2L2;NPHP4;PSMB2;PTPRU;RNF220,1.0
GO_Biological_Process_2021,"positive regulation of gene expression, epigenetic (GO:0045815)",2/57,0.38664513694563074,1.5198595077673536,1.4442434049696287,ARID1A;PADI2,1.0
GO_Biological_Process_2021,regulation of mitotic nuclear division (GO:0007088),2/57,0.38664513694563074,1.5198595077673536,1.4442434049696287,AURKAIP1;RCC1,1.0
GO_Biological_Process_2021,carboxylic acid transport (GO:0046942),2/57,0.38664513694563074,1.5198595077673536,1.4442434049696287,SLC66A1;SLC6A9,1.0
GO_Biological_Process_2021,translational termination (GO:0006415),3/96,0.39061666857725613,1.3485258128308706,1.267652814585741,AURKAIP1;MRPL20;MRPS15,1.0
GO_Biological_Process_2021,positive regulation of transcription from RNA polymerase II promoter involved in cellular response to chemical stimulus (GO:1901522),1/21,0.39194651716654283,2.08907918545869,1.9566939957687042,SESN2,1.0
GO_Biological_Process_2021,autonomic nervous system development (GO:0048483),1/21,0.39194651716654283,2.08907918545869,1.9566939957687042,PHACTR4,1.0
GO_Biological_Process_2021,intrinsic apoptotic signaling pathway in response to DNA damage by p53 class mediator (GO:0042771),1/21,0.39194651716654283,2.08907918545869,1.9566939957687042,TP73,1.0
GO_Biological_Process_2021,intracellular lipid transport (GO:0032365),1/21,0.39194651716654283,2.08907918545869,1.9566939957687042,FABP3,1.0
GO_Biological_Process_2021,hydrogen peroxide catabolic process (GO:0042744),1/21,0.39194651716654283,2.08907918545869,1.9566939957687042,PRDX1,1.0
GO_Biological_Process_2021,"nucleotide-excision repair, preincision complex stabilization (GO:0006293)",1/21,0.39194651716654283,2.08907918545869,1.9566939957687042,RPA2,1.0
GO_Biological_Process_2021,retinol metabolic process (GO:0042572),1/21,0.39194651716654283,2.08907918545869,1.9566939957687042,DHRS3,1.0
GO_Biological_Process_2021,cobalamin metabolic process (GO:0009235),1/21,0.39194651716654283,2.08907918545869,1.9566939957687042,MMACHC,1.0
GO_Biological_Process_2021,sterol transport (GO:0015918),1/21,0.39194651716654283,2.08907918545869,1.9566939957687042,LDLRAP1,1.0
GO_Biological_Process_2021,spindle assembly checkpoint signaling (GO:0071173),1/21,0.39194651716654283,2.08907918545869,1.9566939957687042,MAD2L2,1.0
GO_Biological_Process_2021,anterior/posterior axis specification (GO:0009948),1/21,0.39194651716654283,2.08907918545869,1.9566939957687042,SKI,1.0
GO_Biological_Process_2021,regulation of cardiac muscle cell proliferation (GO:0060043),1/21,0.39194651716654283,2.08907918545869,1.9566939957687042,TP73,1.0
GO_Biological_Process_2021,regulation of cardiac muscle contraction by calcium ion signaling (GO:0010882),1/21,0.39194651716654283,2.08907918545869,1.9566939957687042,SLC9A1,1.0
GO_Biological_Process_2021,regulation of cholesterol metabolic process (GO:0090181),1/21,0.39194651716654283,2.08907918545869,1.9566939957687042,LDLRAP1,1.0
GO_Biological_Process_2021,vacuolar acidification (GO:0007035),1/21,0.39194651716654283,2.08907918545869,1.9566939957687042,PPT1,1.0
GO_Biological_Process_2021,NAD biosynthetic process (GO:0009435),1/21,0.39194651716654283,2.08907918545869,1.9566939957687042,NMNAT1,1.0
GO_Biological_Process_2021,endocardial cushion development (GO:0003197),1/21,0.39194651716654283,2.08907918545869,1.9566939957687042,HEYL,1.0
GO_Biological_Process_2021,extrinsic apoptotic signaling pathway in absence of ligand (GO:0097192),1/21,0.39194651716654283,2.08907918545869,1.9566939957687042,CASP9,1.0
GO_Biological_Process_2021,"nucleotide-excision repair, DNA incision, 3'-to lesion (GO:0006295)",1/21,0.39194651716654283,2.08907918545869,1.9566939957687042,RPA2,1.0
GO_Biological_Process_2021,cellular response to inorganic substance (GO:0071241),1/21,0.39194651716654283,2.08907918545869,1.9566939957687042,DDI2,1.0
GO_Biological_Process_2021,positive regulation of T cell cytokine production (GO:0002726),1/21,0.39194651716654283,2.08907918545869,1.9566939957687042,PRKCZ,1.0
GO_Biological_Process_2021,positive regulation of transcription regulatory region DNA binding (GO:2000679),1/21,0.39194651716654283,2.08907918545869,1.9566939957687042,PARK7,1.0
GO_Biological_Process_2021,stress granule assembly (GO:0034063),1/21,0.39194651716654283,2.08907918545869,1.9566939957687042,YTHDF2,1.0
GO_Biological_Process_2021,regulation of transcription by RNA polymerase III (GO:0006359),1/21,0.39194651716654283,2.08907918545869,1.9566939957687042,MTOR,1.0
GO_Biological_Process_2021,beta-catenin destruction complex disassembly (GO:1904886),1/21,0.39194651716654283,2.08907918545869,1.9566939957687042,DVL1,1.0
GO_Biological_Process_2021,myotube differentiation (GO:0014902),1/21,0.39194651716654283,2.08907918545869,1.9566939957687042,SKI,1.0
GO_Biological_Process_2021,mitotic spindle checkpoint signaling (GO:0071174),1/21,0.39194651716654283,2.08907918545869,1.9566939957687042,MAD2L2,1.0
GO_Biological_Process_2021,positive regulation of phosphatase activity (GO:0010922),1/21,0.39194651716654283,2.08907918545869,1.9566939957687042,MTOR,1.0
GO_Biological_Process_2021,linoleic acid metabolic process (GO:0043651),1/21,0.39194651716654283,2.08907918545869,1.9566939957687042,ELOVL1,1.0
GO_Biological_Process_2021,long-term synaptic potentiation (GO:0060291),1/21,0.39194651716654283,2.08907918545869,1.9566939957687042,PRKCZ,1.0
GO_Biological_Process_2021,positive regulation of lipid storage (GO:0010884),1/21,0.39194651716654283,2.08907918545869,1.9566939957687042,ZC3H12A,1.0
GO_Biological_Process_2021,mitotic spindle assembly checkpoint signaling (GO:0007094),1/21,0.39194651716654283,2.08907918545869,1.9566939957687042,MAD2L2,1.0
GO_Biological_Process_2021,extracellular structure organization (GO:0043062),6/216,0.3937176865671857,1.1949288553973345,1.1138184685054113,AGRN;COL16A1;COL8A2;COL9A2;HSPG2;MMP23B,1.0
GO_Biological_Process_2021,positive regulation of protein binding (GO:0032092),2/58,0.3949468627884394,1.4926425193179105,1.3866709422400718,EPB41;RPL11,1.0
GO_Biological_Process_2021,autophagosome assembly (GO:0000045),2/58,0.3949468627884394,1.4926425193179105,1.3866709422400718,MFN2;STX12,1.0
GO_Biological_Process_2021,positive regulation of mitotic cell cycle phase transition (GO:1901992),2/58,0.3949468627884394,1.4926425193179105,1.3866709422400718,LSM10;RCC2,1.0
GO_Biological_Process_2021,negative regulation of hydrolase activity (GO:0051346),2/58,0.3949468627884394,1.4926425193179105,1.3866709422400718,ATP5IF1;RCC2,1.0
GO_Biological_Process_2021,external encapsulating structure organization (GO:0045229),6/217,0.3978935383168413,1.189204135643291,1.0959358080111636,AGRN;COL16A1;COL8A2;COL9A2;HSPG2;MMP23B,1.0
GO_Biological_Process_2021,positive regulation of developmental process (GO:0051094),5/177,0.3992664323024788,1.2155306388980776,1.116010690336697,DVL1;MAD2L2;MUL1;PINK1;RPS6KA1,1.0
GO_Biological_Process_2021,phospholipid transport (GO:0015914),2/59,0.4031968367707456,1.4663805129193248,1.3319580089474388,CPTP;MFSD2A,1.0
GO_Biological_Process_2021,regulation of secretion by cell (GO:1903530),2/59,0.4031968367707456,1.4663805129193248,1.3319580089474388,P3H1;VAMP3,1.0
GO_Biological_Process_2021,regulation of neuron apoptotic process (GO:0043523),3/98,0.40325059085223575,1.319999972292021,1.1988201425486753,PARK7;PINK1;PPT1,1.0
GO_Biological_Process_2021,regulation of peptidyl-serine phosphorylation (GO:0033135),3/98,0.40325059085223575,1.319999972292021,1.1988201425486753,MAD2L2;PARK7;PINK1,1.0
GO_Biological_Process_2021,regulation of mitotic cell cycle (GO:0007346),5/178,0.4039000669970538,1.2084420274834304,1.0955587876887771,CDK11A;CDK11B;PSMB2;RCC1;TP73,1.0
GO_Biological_Process_2021,extracellular matrix organization (GO:0030198),8/300,0.40428812348228654,1.1459201662739216,1.037776790486496,AGRN;COL16A1;COL8A2;COL9A2;HSPG2;MMP23B;P3H1;PLOD1,1.0
GO_Biological_Process_2021,positive regulation of peptidase activity (GO:0010952),1/22,0.40618992424227507,1.9894972562665014,1.7924065866310228,PINK1,1.0
GO_Biological_Process_2021,protein import into peroxisome membrane (GO:0045046),1/22,0.40618992424227507,1.9894972562665014,1.7924065866310228,PEX14,1.0
GO_Biological_Process_2021,proteasomal ubiquitin-independent protein catabolic process (GO:0010499),1/22,0.40618992424227507,1.9894972562665014,1.7924065866310228,PSMB2,1.0
GO_Biological_Process_2021,osteoclast differentiation (GO:0030316),1/22,0.40618992424227507,1.9894972562665014,1.7924065866310228,EPHA2,1.0
GO_Biological_Process_2021,positive regulation of axon extension (GO:0045773),1/22,0.40618992424227507,1.9894972562665014,1.7924065866310228,MACF1,1.0
GO_Biological_Process_2021,positive regulation of calcium ion transmembrane transporter activity (GO:1901021),1/22,0.40618992424227507,1.9894972562665014,1.7924065866310228,SLC9A1,1.0
GO_Biological_Process_2021,regulation of adenylate cyclase activity (GO:0045761),1/22,0.40618992424227507,1.9894972562665014,1.7924065866310228,CAP1,1.0
GO_Biological_Process_2021,negative regulation of lymphocyte activation (GO:0051250),1/22,0.40618992424227507,1.9894972562665014,1.7924065866310228,LAPTM5,1.0
GO_Biological_Process_2021,negative regulation of mitotic metaphase/anaphase transition (GO:0045841),1/22,0.40618992424227507,1.9894972562665014,1.7924065866310228,MAD2L2,1.0
GO_Biological_Process_2021,negative regulation of interleukin-2 production (GO:0032703),1/22,0.40618992424227507,1.9894972562665014,1.7924065866310228,LAPTM5,1.0
GO_Biological_Process_2021,negative regulation of lipid biosynthetic process (GO:0051055),1/22,0.40618992424227507,1.9894972562665014,1.7924065866310228,WDTC1,1.0
GO_Biological_Process_2021,negative regulation of protein dephosphorylation (GO:0035308),1/22,0.40618992424227507,1.9894972562665014,1.7924065866310228,PPP1R8,1.0
GO_Biological_Process_2021,negative regulation of small molecule metabolic process (GO:0062014),1/22,0.40618992424227507,1.9894972562665014,1.7924065866310228,C1QTNF12,1.0
GO_Biological_Process_2021,regulation of endoplasmic reticulum stress-induced intrinsic apoptotic signaling pathway (GO:1902235),1/22,0.40618992424227507,1.9894972562665014,1.7924065866310228,PARK7,1.0
GO_Biological_Process_2021,organelle fusion (GO:0048284),1/22,0.40618992424227507,1.9894972562665014,1.7924065866310228,MFN2,1.0
GO_Biological_Process_2021,natural killer cell mediated cytotoxicity (GO:0042267),1/22,0.40618992424227507,1.9894972562665014,1.7924065866310228,PLEKHM2,1.0
GO_Biological_Process_2021,limb morphogenesis (GO:0035108),1/22,0.40618992424227507,1.9894972562665014,1.7924065866310228,SKI,1.0
GO_Biological_Process_2021,glutathione derivative metabolic process (GO:1901685),1/22,0.40618992424227507,1.9894972562665014,1.7924065866310228,AKR1A1,1.0
GO_Biological_Process_2021,glutathione derivative biosynthetic process (GO:1901687),1/22,0.40618992424227507,1.9894972562665014,1.7924065866310228,AKR1A1,1.0
GO_Biological_Process_2021,error-free translesion synthesis (GO:0070987),1/22,0.40618992424227507,1.9894972562665014,1.7924065866310228,RPA2,1.0
GO_Biological_Process_2021,regulation of viral release from host cell (GO:1902186),1/22,0.40618992424227507,1.9894972562665014,1.7924065866310228,TRIM62,1.0
GO_Biological_Process_2021,fatty-acyl-CoA metabolic process (GO:0035337),1/22,0.40618992424227507,1.9894972562665014,1.7924065866310228,PPT1,1.0
GO_Biological_Process_2021,regulation of vacuole organization (GO:0044088),1/22,0.40618992424227507,1.9894972562665014,1.7924065866310228,ENO1,1.0
GO_Biological_Process_2021,regulation of membrane protein ectodomain proteolysis (GO:0051043),1/22,0.40618992424227507,1.9894972562665014,1.7924065866310228,TNFRSF1B,1.0
GO_Biological_Process_2021,microglial cell activation (GO:0001774),1/22,0.40618992424227507,1.9894972562665014,1.7924065866310228,C1QA,1.0
GO_Biological_Process_2021,membrane lipid metabolic process (GO:0006643),1/22,0.40618992424227507,1.9894972562665014,1.7924065866310228,SMPDL3B,1.0
GO_Biological_Process_2021,negative regulation of B cell activation (GO:0050869),1/22,0.40618992424227507,1.9894972562665014,1.7924065866310228,LAPTM5,1.0
GO_Biological_Process_2021,regulation of lipid storage (GO:0010883),1/22,0.40618992424227507,1.9894972562665014,1.7924065866310228,ZC3H12A,1.0
GO_Biological_Process_2021,negative regulation of cyclin-dependent protein kinase activity (GO:1904030),1/22,0.40618992424227507,1.9894972562665014,1.7924065866310228,CAMK2N1,1.0
GO_Biological_Process_2021,regulation of macrophage chemotaxis (GO:0010758),1/22,0.40618992424227507,1.9894972562665014,1.7924065866310228,AKIRIN1,1.0
GO_Biological_Process_2021,tetrapyrrole metabolic process (GO:0033013),1/22,0.40618992424227507,1.9894972562665014,1.7924065866310228,MMACHC,1.0
GO_Biological_Process_2021,cell projection assembly (GO:0030031),1/22,0.40618992424227507,1.9894972562665014,1.7924065866310228,CDC42,1.0
GO_Biological_Process_2021,protein dephosphorylation (GO:0006470),4/139,0.4100055918735738,1.2386334349911376,1.104346347865619,EYA3;PTPRF;PTPRU;SSU72,1.0
GO_Biological_Process_2021,Notch signaling pathway (GO:0007219),2/60,0.4113929345307052,1.441024092948277,1.279926931600249,HEYL;YBX1,1.0
GO_Biological_Process_2021,response to organic cyclic compound (GO:0014070),2/60,0.4113929345307052,1.441024092948277,1.279926931600249,ALPL;PAQR7,1.0
GO_Biological_Process_2021,positive regulation of cellular biosynthetic process (GO:0031328),5/180,0.4131541417036222,1.1945078427597813,1.0558667299903175,FABP3;MFSD2A;MTOR;PARK7;SLC6A9,1.0
GO_Biological_Process_2021,neuron projection morphogenesis (GO:0048812),4/140,0.4152706696019664,1.229462448781869,1.080482035877623,CDC42;DVL1;EPHB2;NBL1,1.0
GO_Biological_Process_2021,positive regulation of translation (GO:0045727),3/100,0.4158084036250449,1.2926504550743614,1.1343404496792098,KHDRBS1;MTOR;YTHDF2,1.0
GO_Biological_Process_2021,protein lipidation (GO:0006497),2/61,0.41953315898937604,1.4165272126372643,1.2304135439661599,PIGV;ZDHHC18,1.0
GO_Biological_Process_2021,positive regulation of cell cycle G2/M phase transition (GO:1902751),1/23,0.4201003815180092,1.8989682297281476,1.646902211300518,RCC2,1.0
GO_Biological_Process_2021,peptidyl-S-diacylglycerol-L-cysteine biosynthetic process from peptidyl-cysteine (GO:0018231),1/23,0.4201003815180092,1.8989682297281476,1.646902211300518,ZDHHC18,1.0
GO_Biological_Process_2021,positive regulation of mRNA processing (GO:0050685),1/23,0.4201003815180092,1.8989682297281476,1.646902211300518,THRAP3,1.0
GO_Biological_Process_2021,positive regulation of morphogenesis of an epithelium (GO:1905332),1/23,0.4201003815180092,1.8989682297281476,1.646902211300518,PIK3CD,1.0
GO_Biological_Process_2021,regulation of protein export from nucleus (GO:0046825),1/23,0.4201003815180092,1.8989682297281476,1.646902211300518,PARK7,1.0
GO_Biological_Process_2021,regulation of supramolecular fiber organization (GO:1902903),1/23,0.4201003815180092,1.8989682297281476,1.646902211300518,PARK7,1.0
GO_Biological_Process_2021,regulation of interleukin-4 production (GO:0032673),1/23,0.4201003815180092,1.8989682297281476,1.646902211300518,PRKCZ,1.0
GO_Biological_Process_2021,negative regulation of GTPase activity (GO:0034260),1/23,0.4201003815180092,1.8989682297281476,1.646902211300518,RCC2,1.0
GO_Biological_Process_2021,ear morphogenesis (GO:0042471),1/23,0.4201003815180092,1.8989682297281476,1.646902211300518,EPHB2,1.0
GO_Biological_Process_2021,mitotic cell cycle checkpoint signaling (GO:0007093),1/23,0.4201003815180092,1.8989682297281476,1.646902211300518,PLK3,1.0
GO_Biological_Process_2021,hyaluronan metabolic process (GO:0030212),1/23,0.4201003815180092,1.8989682297281476,1.646902211300518,SLC9A1,1.0
GO_Biological_Process_2021,positive regulation of transcription by RNA polymerase I (GO:0045943),1/23,0.4201003815180092,1.8989682297281476,1.646902211300518,MTOR,1.0
GO_Biological_Process_2021,regulation of mononuclear cell migration (GO:0071675),1/23,0.4201003815180092,1.8989682297281476,1.646902211300518,AKIRIN1,1.0
GO_Biological_Process_2021,negative regulation of G protein-coupled receptor signaling pathway (GO:0045744),1/23,0.4201003815180092,1.8989682297281476,1.646902211300518,STMN1,1.0
GO_Biological_Process_2021,peptidyl-L-cysteine S-palmitoylation (GO:0018230),1/23,0.4201003815180092,1.8989682297281476,1.646902211300518,ZDHHC18,1.0
GO_Biological_Process_2021,negative regulation of intracellular protein transport (GO:0090317),1/23,0.4201003815180092,1.8989682297281476,1.646902211300518,PARK7,1.0
GO_Biological_Process_2021,triglyceride catabolic process (GO:0019433),1/23,0.4201003815180092,1.8989682297281476,1.646902211300518,FABP3,1.0
GO_Biological_Process_2021,DNA methylation (GO:0006306),1/23,0.4201003815180092,1.8989682297281476,1.646902211300518,DMAP1,1.0
GO_Biological_Process_2021,response to nutrient levels (GO:0031667),1/23,0.4201003815180092,1.8989682297281476,1.646902211300518,MTOR,1.0
GO_Biological_Process_2021,cytoskeleton-dependent intracellular transport (GO:0030705),1/23,0.4201003815180092,1.8989682297281476,1.646902211300518,KIF1B,1.0
GO_Biological_Process_2021,oligosaccharide biosynthetic process (GO:0009312),1/23,0.4201003815180092,1.8989682297281476,1.646902211300518,ST3GAL3,1.0
GO_Biological_Process_2021,negative regulation of smoothened signaling pathway (GO:0045879),1/23,0.4201003815180092,1.8989682297281476,1.646902211300518,PTCH2,1.0
GO_Biological_Process_2021,regulation of small GTPase mediated signal transduction (GO:0051056),4/141,0.42052533645489454,1.2204253455829548,1.0571941246748071,ARHGEF16;CDC42;INPP5B;PLEKHG5,1.0
GO_Biological_Process_2021,regulation of nucleic acid-templated transcription (GO:1903506),11/430,0.4248517958536712,1.0979721202900354,0.9398804799429485,CDK11A;CDK11B;DVL1;HP1BP3;MYCBP;NFYC;PPIE;PRDM2;SFPQ;SRSF10;YBX1,1.0
GO_Biological_Process_2021,regulation of I-kappaB kinase/NF-kappaB signaling (GO:0043122),6/224,0.42706196886136616,1.150601667577032,0.9789619871741303,MIB2;MUL1;PINK1;PLEKHG5;TRIM62;ZC3H12A,1.0
GO_Biological_Process_2021,glucose metabolic process (GO:0006006),2/62,0.42761563557956417,1.3928468950032855,1.1832659673253991,AKR1A1;ENO1,1.0
GO_Biological_Process_2021,positive regulation of vasculature development (GO:1904018),3/102,0.4282801088710501,1.2664059688553948,1.0738841948503581,PIK3CD;TIE1;ZC3H12A,1.0
GO_Biological_Process_2021,regulation of cell death (GO:0010941),3/102,0.4282801088710501,1.2664059688553948,1.0738841948503581,PARK7;TNFRSF1B;ZC3H12A,1.0
GO_Biological_Process_2021,regulation of protein catabolic process (GO:0042176),3/102,0.4282801088710501,1.2664059688553948,1.0738841948503581,ATP13A2;AZIN2;MAD2L2,1.0
GO_Biological_Process_2021,mitotic sister chromatid segregation (GO:0000070),3/102,0.4282801088710501,1.2664059688553948,1.0738841948503581,NUDC;PHF13;WRAP73,1.0
GO_Biological_Process_2021,regulation of protein phosphorylation (GO:0001932),7/266,0.4303282526723185,1.1299173120672215,0.9527541679870206,EPHB2;FGR;PARK7;PINK1;SESN2;TARDBP;ZC3H12A,1.0
GO_Biological_Process_2021,monocarboxylic acid metabolic process (GO:0032787),4/143,0.43100025407484915,1.202741229970691,1.0122830661362452,ACOT7;ALDH4A1;HYI;MECR,1.0
GO_Biological_Process_2021,"wound healing, spreading of cells (GO:0044319)",1/24,0.4336856556557461,1.816311292453999,1.5174105750166365,PDPN,1.0
GO_Biological_Process_2021,amino acid import across plasma membrane (GO:0089718),1/24,0.4336856556557461,1.816311292453999,1.5174105750166365,SLC6A9,1.0
GO_Biological_Process_2021,positive regulation of viral life cycle (GO:1903902),1/24,0.4336856556557461,1.816311292453999,1.5174105750166365,KPNA6,1.0
GO_Biological_Process_2021,ncRNA 3'-end processing (GO:0043628),1/24,0.4336856556557461,1.816311292453999,1.5174105750166365,TOE1,1.0
GO_Biological_Process_2021,carbohydrate biosynthetic process (GO:0016051),1/24,0.4336856556557461,1.816311292453999,1.5174105750166365,ST3GAL3,1.0
GO_Biological_Process_2021,sulfur amino acid metabolic process (GO:0000096),1/24,0.4336856556557461,1.816311292453999,1.5174105750166365,MTHFR,1.0
GO_Biological_Process_2021,negative regulation of NIK/NF-kappaB signaling (GO:1901223),1/24,0.4336856556557461,1.816311292453999,1.5174105750166365,ZC3H12A,1.0
GO_Biological_Process_2021,negative regulation of neuron differentiation (GO:0045665),1/24,0.4336856556557461,1.816311292453999,1.5174105750166365,DISP3,1.0
GO_Biological_Process_2021,canonical glycolysis (GO:0061621),1/24,0.4336856556557461,1.816311292453999,1.5174105750166365,ENO1,1.0
GO_Biological_Process_2021,"protein alpha-1,2-demannosylation (GO:0036508)",1/24,0.4336856556557461,1.816311292453999,1.5174105750166365,MAN1C1,1.0
GO_Biological_Process_2021,glucose catabolic process to pyruvate (GO:0061718),1/24,0.4336856556557461,1.816311292453999,1.5174105750166365,ENO1,1.0
GO_Biological_Process_2021,inner ear morphogenesis (GO:0042472),1/24,0.4336856556557461,1.816311292453999,1.5174105750166365,EPHB2,1.0
GO_Biological_Process_2021,"nucleotide-excision repair, DNA gap filling (GO:0006297)",1/24,0.4336856556557461,1.816311292453999,1.5174105750166365,RPA2,1.0
GO_Biological_Process_2021,negative regulation of protein tyrosine kinase activity (GO:0061099),1/24,0.4336856556557461,1.816311292453999,1.5174105750166365,ERRFI1,1.0
GO_Biological_Process_2021,positive regulation of p38MAPK cascade (GO:1900745),1/24,0.4336856556557461,1.816311292453999,1.5174105750166365,ZC3H12A,1.0
GO_Biological_Process_2021,heterochromatin assembly (GO:0031507),1/24,0.4336856556557461,1.816311292453999,1.5174105750166365,HDAC1,1.0
GO_Biological_Process_2021,positive regulation of cell-substrate junction organization (GO:0150117),1/24,0.4336856556557461,1.816311292453999,1.5174105750166365,COL16A1,1.0
GO_Biological_Process_2021,response to gamma radiation (GO:0010332),1/24,0.4336856556557461,1.816311292453999,1.5174105750166365,KDM1A,1.0
GO_Biological_Process_2021,cholesterol efflux (GO:0033344),1/24,0.4336856556557461,1.816311292453999,1.5174105750166365,STX12,1.0
GO_Biological_Process_2021,regulation of cell size (GO:0008361),1/24,0.4336856556557461,1.816311292453999,1.5174105750166365,MTOR,1.0
GO_Biological_Process_2021,dorsal/ventral pattern formation (GO:0009953),1/24,0.4336856556557461,1.816311292453999,1.5174105750166365,NBL1,1.0
GO_Biological_Process_2021,regulation of cardiac muscle hypertrophy (GO:0010611),1/24,0.4336856556557461,1.816311292453999,1.5174105750166365,SLC9A1,1.0
GO_Biological_Process_2021,protein K48-linked deubiquitination (GO:0071108),1/24,0.4336856556557461,1.816311292453999,1.5174105750166365,OTUD3,1.0
GO_Biological_Process_2021,positive regulation of transcription from RNA polymerase II promoter in response to stress (GO:0036003),1/24,0.4336856556557461,1.816311292453999,1.5174105750166365,SESN2,1.0
GO_Biological_Process_2021,protein targeting to ER (GO:0045047),3/103,0.43448071692614326,1.253677393039196,1.0450701324725473,RPL11;RPL22;RPS8,1.0
GO_Biological_Process_2021,cellular response to organonitrogen compound (GO:0071417),3/103,0.43448071692614326,1.253677393039196,1.0450701324725473,MTOR;RRAGC;SESN2,1.0
GO_Biological_Process_2021,COPII vesicle coating (GO:0048208),2/63,0.43563860762748396,1.3699429812261585,1.1383435181703558,PEF1;TRAPPC3,1.0
GO_Biological_Process_2021,vesicle coating (GO:0006901),2/63,0.43563860762748396,1.3699429812261585,1.1383435181703558,PEF1;TRAPPC3,1.0
GO_Biological_Process_2021,"vesicle targeting, rough ER to cis-Golgi (GO:0048207)",2/63,0.43563860762748396,1.3699429812261585,1.1383435181703558,PEF1;TRAPPC3,1.0
GO_Biological_Process_2021,organonitrogen compound catabolic process (GO:1901565),2/63,0.43563860762748396,1.3699429812261585,1.1383435181703558,MTOR;PPT1,1.0
GO_Biological_Process_2021,translational elongation (GO:0006414),3/104,0.4406563293597985,1.2412008682292586,1.0171517067663145,AURKAIP1;MRPL20;MRPS15,1.0
GO_Biological_Process_2021,regulation of innate immune response (GO:0045088),2/64,0.44360043188270815,1.347777903377326,1.095515728261829,FGR;MUL1,1.0
GO_Biological_Process_2021,tRNA processing (GO:0008033),2/64,0.44360043188270815,1.347777903377326,1.095515728261829,TRIT1;ZBTB8OS,1.0
GO_Biological_Process_2021,protein secretion (GO:0009306),2/64,0.44360043188270815,1.347777903377326,1.095515728261829,PARK7;SVBP,1.0
GO_Biological_Process_2021,negative regulation of cell cycle process (GO:0010948),2/64,0.44360043188270815,1.347777903377326,1.095515728261829,AURKAIP1;RBBP4,1.0
GO_Biological_Process_2021,lipid homeostasis (GO:0055088),2/64,0.44360043188270815,1.347777903377326,1.095515728261829,ATP13A2;FABP3,1.0
GO_Biological_Process_2021,mitochondrial translation (GO:0032543),3/105,0.44680586864083977,1.2289689811606925,0.9900956039486699,AURKAIP1;MRPL20;MRPS15,1.0
GO_Biological_Process_2021,activation of GTPase activity (GO:0090630),3/105,0.44680586864083977,1.2289689811606925,0.9900956039486699,ARHGEF16;EPHA2;RAP1GAP,1.0
GO_Biological_Process_2021,peptide catabolic process (GO:0043171),1/25,0.44695333252564573,1.7405424332860293,1.401660721026897,ECE1,1.0
GO_Biological_Process_2021,regulation of ryanodine-sensitive calcium-release channel activity (GO:0060314),1/25,0.44695333252564573,1.7405424332860293,1.401660721026897,SELENON,1.0
GO_Biological_Process_2021,negative regulation of cellular carbohydrate metabolic process (GO:0010677),1/25,0.44695333252564573,1.7405424332860293,1.401660721026897,C1QTNF12,1.0
GO_Biological_Process_2021,positive regulation of release of cytochrome c from mitochondria (GO:0090200),1/25,0.44695333252564573,1.7405424332860293,1.401660721026897,PINK1,1.0
GO_Biological_Process_2021,cellular response to hexose stimulus (GO:0071331),1/25,0.44695333252564573,1.7405424332860293,1.401660721026897,SLC2A5,1.0
GO_Biological_Process_2021,positive regulation of T cell migration (GO:2000406),1/25,0.44695333252564573,1.7405424332860293,1.401660721026897,TNFRSF14,1.0
GO_Biological_Process_2021,sodium ion homeostasis (GO:0055078),1/25,0.44695333252564573,1.7405424332860293,1.401660721026897,SLC9A1,1.0
GO_Biological_Process_2021,endosome transport via multivesicular body sorting pathway (GO:0032509),1/25,0.44695333252564573,1.7405424332860293,1.401660721026897,TMEM50A,1.0
GO_Biological_Process_2021,phosphatidylinositol dephosphorylation (GO:0046856),1/25,0.44695333252564573,1.7405424332860293,1.401660721026897,INPP5B,1.0
GO_Biological_Process_2021,fat-soluble vitamin metabolic process (GO:0006775),1/25,0.44695333252564573,1.7405424332860293,1.401660721026897,UBIAD1,1.0
GO_Biological_Process_2021,regulation of myotube differentiation (GO:0010830),1/25,0.44695333252564573,1.7405424332860293,1.401660721026897,HDAC1,1.0
GO_Biological_Process_2021,cAMP-mediated signaling (GO:0019933),1/25,0.44695333252564573,1.7405424332860293,1.401660721026897,CAP1,1.0
GO_Biological_Process_2021,negative regulation of cell junction assembly (GO:1901889),1/25,0.44695333252564573,1.7405424332860293,1.401660721026897,RCC2,1.0
GO_Biological_Process_2021,negative regulation of response to endoplasmic reticulum stress (GO:1903573),1/25,0.44695333252564573,1.7405424332860293,1.401660721026897,PARK7,1.0
GO_Biological_Process_2021,negative regulation of antigen receptor-mediated signaling pathway (GO:0050858),1/25,0.44695333252564573,1.7405424332860293,1.401660721026897,LAPTM5,1.0
GO_Biological_Process_2021,glycolytic process through glucose-6-phosphate (GO:0061620),1/25,0.44695333252564573,1.7405424332860293,1.401660721026897,ENO1,1.0
GO_Biological_Process_2021,chemical homeostasis (GO:0048878),2/65,0.45149957419202696,1.3263164787935358,1.0546614639439447,ATP13A2;SLC66A1,1.0
GO_Biological_Process_2021,cellular response to type I interferon (GO:0071357),2/65,0.45149957419202696,1.3263164787935358,1.0546614639439447,IFI6;ISG15,1.0
GO_Biological_Process_2021,regulation of RNA metabolic process (GO:0051252),2/65,0.45149957419202696,1.3263164787935358,1.0546614639439447,TNFRSF1B;YTHDF2,1.0
GO_Biological_Process_2021,mitotic G1 DNA damage checkpoint signaling (GO:0031571),2/65,0.45149957419202696,1.3263164787935358,1.0546614639439447,PLK3;RPA2,1.0
GO_Biological_Process_2021,protein autoubiquitination (GO:0051865),2/65,0.45149957419202696,1.3263164787935358,1.0546614639439447,RNF19B;RNF220,1.0
GO_Biological_Process_2021,regulation of cell-matrix adhesion (GO:0001952),2/65,0.45149957419202696,1.3263164787935358,1.0546614639439447,MACF1;SLC9A1,1.0
GO_Biological_Process_2021,type I interferon signaling pathway (GO:0060337),2/65,0.45149957419202696,1.3263164787935358,1.0546614639439447,IFI6;ISG15,1.0
GO_Biological_Process_2021,tRNA modification (GO:0006400),2/65,0.45149957419202696,1.3263164787935358,1.0546614639439447,PUSL1;TRIT1,1.0
GO_Biological_Process_2021,protein processing (GO:0016485),3/106,0.4529282941730462,1.2169746064623899,0.9638700009875819,DDI2;ECE1;ZMPSTE24,1.0
GO_Biological_Process_2021,protein localization to nucleus (GO:0034504),3/106,0.4529282941730462,1.2169746064623899,0.9638700009875819,DVL1;IPO13;RPL11,1.0
GO_Biological_Process_2021,positive regulation of transferase activity (GO:0051347),4/148,0.45695140836482984,1.1606800522123553,0.9090193386395795,EPHA2;EPHB2;PINK1;TIE1,1.0
GO_Biological_Process_2021,positive regulation of cell death (GO:0010942),2/66,0.4593346053129422,1.305525723727989,1.015668133322175,C1QA;ZC3H12A,1.0
GO_Biological_Process_2021,"negative regulation of transcription, DNA-templated (GO:0045892)",23/948,0.45964537383883824,1.0396865851512884,0.8081483964169632,DMAP1;ENO1;HDAC1;HEYL;ID3;KDM1A;KDM4A;KHDRBS1;MAD2L2;NOC2L;PER3;PEX14;PHC2;PLK3;PRDM2;SAMD11;SCMH1;SFPQ;SKI;SPEN;ZFP69;ZNF436;ZNF684,1.0
GO_Biological_Process_2021,RNA polyadenylation (GO:0043631),1/26,0.4599108214056454,1.6708350828514973,1.2977754947071098,SSU72,1.0
GO_Biological_Process_2021,DNA modification (GO:0006304),1/26,0.4599108214056454,1.6708350828514973,1.2977754947071098,MUTYH,1.0
GO_Biological_Process_2021,proteoglycan metabolic process (GO:0006029),1/26,0.4599108214056454,1.6708350828514973,1.2977754947071098,B3GALT6,1.0
GO_Biological_Process_2021,regulation of monocyte chemotaxis (GO:0090025),1/26,0.4599108214056454,1.6708350828514973,1.2977754947071098,NBL1,1.0
GO_Biological_Process_2021,positive regulation of glucose import (GO:0046326),1/26,0.4599108214056454,1.6708350828514973,1.2977754947071098,C1QTNF12,1.0
GO_Biological_Process_2021,regulation of protein insertion into mitochondrial membrane involved in apoptotic signaling pathway (GO:1900739),1/26,0.4599108214056454,1.6708350828514973,1.2977754947071098,TP73,1.0
GO_Biological_Process_2021,hippo signaling (GO:0035329),1/26,0.4599108214056454,1.6708350828514973,1.2977754947071098,NPHP4,1.0
GO_Biological_Process_2021,negative regulation of telomere maintenance via telomere lengthening (GO:1904357),1/26,0.4599108214056454,1.6708350828514973,1.2977754947071098,EXOSC10,1.0
GO_Biological_Process_2021,glial cell development (GO:0021782),1/26,0.4599108214056454,1.6708350828514973,1.2977754947071098,EIF2B3,1.0
GO_Biological_Process_2021,regulation of regulatory T cell differentiation (GO:0045589),1/26,0.4599108214056454,1.6708350828514973,1.2977754947071098,TNFRSF18,1.0
GO_Biological_Process_2021,meiosis I (GO:0007127),1/26,0.4599108214056454,1.6708350828514973,1.2977754947071098,FOXJ3,1.0
GO_Biological_Process_2021,positive regulation of ion transmembrane transporter activity (GO:0032414),1/26,0.4599108214056454,1.6708350828514973,1.2977754947071098,SLC6A9,1.0
GO_Biological_Process_2021,positive regulation of G1/S transition of mitotic cell cycle (GO:1900087),1/26,0.4599108214056454,1.6708350828514973,1.2977754947071098,LSM10,1.0
GO_Biological_Process_2021,positive regulation of protein insertion into mitochondrial membrane involved in apoptotic signaling pathway (GO:1900740),1/26,0.4599108214056454,1.6708350828514973,1.2977754947071098,TP73,1.0
GO_Biological_Process_2021,mRNA polyadenylation (GO:0006378),1/26,0.4599108214056454,1.6708350828514973,1.2977754947071098,SSU72,1.0
GO_Biological_Process_2021,regulation of myelination (GO:0031641),1/26,0.4599108214056454,1.6708350828514973,1.2977754947071098,TNFRSF1B,1.0
GO_Biological_Process_2021,negative regulation of proteolysis involved in cellular protein catabolic process (GO:1903051),1/26,0.4599108214056454,1.6708350828514973,1.2977754947071098,RPL11,1.0
GO_Biological_Process_2021,negative regulation of intrinsic apoptotic signaling pathway in response to DNA damage (GO:1902230),1/26,0.4599108214056454,1.6708350828514973,1.2977754947071098,KDM1A,1.0
GO_Biological_Process_2021,positive regulation of hydrolase activity (GO:0051345),4/149,0.4620953944196765,1.1526159091662742,0.889800956787827,AGRN;ASAP3;PINK1;RAP1GAP,1.0
GO_Biological_Process_2021,negative regulation of apoptotic process (GO:0043066),12/485,0.4632862803764695,1.0603649489284235,0.8158555012077385,ATAD3A;DFFA;HDAC1;IFI6;PARK7;PDPN;PINK1;PLK3;PPT1;RPS6KA1;SFPQ;ZC3H12A,1.0
GO_Biological_Process_2021,vascular endothelial growth factor receptor signaling pathway (GO:0048010),2/67,0.4671041968626634,1.2853746842029203,0.9784309713676898,CDC42;WASF2,1.0
GO_Biological_Process_2021,regulation of gene silencing by miRNA (GO:0060964),2/67,0.4671041968626634,1.2853746842029203,0.9784309713676898,AGO1;PUM1,1.0
GO_Biological_Process_2021,protein N-linked glycosylation (GO:0006487),2/67,0.4671041968626634,1.2853746842029203,0.9784309713676898,DDOST;MAN1C1,1.0
GO_Biological_Process_2021,response to cytokine (GO:0034097),4/150,0.4672223719740838,1.1446622338331534,0.8710306849362095,DDOST;IFNLR1;ISG15;LDLRAP1,1.0
GO_Biological_Process_2021,brain development (GO:0007420),4/150,0.4672223719740838,1.1446622338331534,0.8710306849362095,HSPG2;KLHL17;MFSD2A;PPT1,1.0
GO_Biological_Process_2021,lipid transport (GO:0006869),3/109,0.47112302569704867,1.1823493361069124,0.8898786962331043,CPTP;FABP3;MFSD2A,1.0
GO_Biological_Process_2021,regulation of apoptotic process (GO:0042981),18/742,0.47189245800900254,1.039115999560467,0.7803804410505806,ARHGEF16;ATAD3A;CASP9;DFFA;HDAC1;IFI6;PARK7;PDPN;PINK1;PLEKHG5;PLK3;PPT1;RPS6KA1;STPG1;TARDBP;TNFRSF25;TP73;UTP11,1.0
GO_Biological_Process_2021,microtubule polymerization or depolymerization (GO:0031109),1/27,0.47256535908373487,1.6064898362965443,1.2041913912181499,STMN1,1.0
GO_Biological_Process_2021,camera-type eye development (GO:0043010),1/27,0.47256535908373487,1.6064898362965443,1.2041913912181499,SKI,1.0
GO_Biological_Process_2021,positive regulation of gene silencing by miRNA (GO:2000637),1/27,0.47256535908373487,1.6064898362965443,1.2041913912181499,PUM1,1.0
GO_Biological_Process_2021,acute inflammatory response (GO:0002526),1/27,0.47256535908373487,1.6064898362965443,1.2041913912181499,CTNNBIP1,1.0
GO_Biological_Process_2021,regulation of epidermal growth factor-activated receptor activity (GO:0007176),1/27,0.47256535908373487,1.6064898362965443,1.2041913912181499,ERRFI1,1.0
GO_Biological_Process_2021,peptide hormone secretion (GO:0030072),1/27,0.47256535908373487,1.6064898362965443,1.2041913912181499,PARK7,1.0
GO_Biological_Process_2021,negative regulation of protein polymerization (GO:0032272),1/27,0.47256535908373487,1.6064898362965443,1.2041913912181499,STMN1,1.0
GO_Biological_Process_2021,positive regulation of muscle cell differentiation (GO:0051149),1/27,0.47256535908373487,1.6064898362965443,1.2041913912181499,CDC42,1.0
GO_Biological_Process_2021,modulation of excitatory postsynaptic potential (GO:0098815),1/27,0.47256535908373487,1.6064898362965443,1.2041913912181499,PRKCZ,1.0
GO_Biological_Process_2021,L-alpha-amino acid transmembrane transport (GO:1902475),1/27,0.47256535908373487,1.6064898362965443,1.2041913912181499,SLC6A9,1.0
GO_Biological_Process_2021,mitotic chromosome condensation (GO:0007076),1/27,0.47256535908373487,1.6064898362965443,1.2041913912181499,PHF13,1.0
GO_Biological_Process_2021,negative regulation of insulin receptor signaling pathway (GO:0046627),1/27,0.47256535908373487,1.6064898362965443,1.2041913912181499,PRKCZ,1.0
GO_Biological_Process_2021,negative regulation of catalytic activity (GO:0043086),1/27,0.47256535908373487,1.6064898362965443,1.2041913912181499,ATP5IF1,1.0
GO_Biological_Process_2021,monovalent inorganic cation homeostasis (GO:0055067),1/27,0.47256535908373487,1.6064898362965443,1.2041913912181499,SLC9A1,1.0
GO_Biological_Process_2021,regulation of toll-like receptor signaling pathway (GO:0034121),1/27,0.47256535908373487,1.6064898362965443,1.2041913912181499,SMPDL3B,1.0
GO_Biological_Process_2021,entrainment of circadian clock by photoperiod (GO:0043153),1/27,0.47256535908373487,1.6064898362965443,1.2041913912181499,PER3,1.0
GO_Biological_Process_2021,regulation of vasculature development (GO:1901342),1/27,0.47256535908373487,1.6064898362965443,1.2041913912181499,EPHA2,1.0
GO_Biological_Process_2021,cellular lipid catabolic process (GO:0044242),1/27,0.47256535908373487,1.6064898362965443,1.2041913912181499,SMPDL3B,1.0
GO_Biological_Process_2021,positive regulation of cellular component movement (GO:0051272),1/27,0.47256535908373487,1.6064898362965443,1.2041913912181499,PDPN,1.0
GO_Biological_Process_2021,regulation of blood coagulation (GO:0030193),1/27,0.47256535908373487,1.6064898362965443,1.2041913912181499,EPHB2,1.0
GO_Biological_Process_2021,regulation of programmed cell death (GO:0043067),5/194,0.47708271299556904,1.1052258443452885,0.8179394072707931,DFFA;PINK1;TARDBP;TNFRSF25;TP73,1.0
GO_Biological_Process_2021,positive regulation of protein transport (GO:0051222),2/69,0.48244222862625963,1.246877175856521,0.9088414153962512,ATP13A2;PLK3,1.0
GO_Biological_Process_2021,RNA 3'-end processing (GO:0031123),2/69,0.48244222862625963,1.246877175856521,0.9088414153962512,SRRM1;SRSF4,1.0
GO_Biological_Process_2021,peptidyl-tyrosine phosphorylation (GO:0018108),2/69,0.48244222862625963,1.246877175856521,0.9088414153962512,EPHB2;FGR,1.0
GO_Biological_Process_2021,positive regulation of Wnt signaling pathway (GO:0030177),4/153,0.48249483744966637,1.1214417722901493,0.8172900068899793,MACF1;PSMB2;RNF220;SKI,1.0
GO_Biological_Process_2021,regulation of Wnt signaling pathway (GO:0030111),3/111,0.4830998158870026,1.1603345037204051,0.8441804688508328,CTNNBIP1;MACF1;SKI,1.0
GO_Biological_Process_2021,ventricular septum morphogenesis (GO:0060412),1/28,0.4849240138651307,1.546910904301218,1.1195969893862339,HEYL,1.0
GO_Biological_Process_2021,positive regulation of defense response to virus by host (GO:0002230),1/28,0.4849240138651307,1.546910904301218,1.1195969893862339,ZC3H12A,1.0
GO_Biological_Process_2021,regulation of muscle contraction (GO:0006937),1/28,0.4849240138651307,1.546910904301218,1.1195969893862339,ENO1,1.0
GO_Biological_Process_2021,negative regulation of cellular response to insulin stimulus (GO:1900077),1/28,0.4849240138651307,1.546910904301218,1.1195969893862339,PRKCZ,1.0
GO_Biological_Process_2021,protein localization to cell surface (GO:0034394),1/28,0.4849240138651307,1.546910904301218,1.1195969893862339,PTPRU,1.0
GO_Biological_Process_2021,protein localization to Golgi apparatus (GO:0034067),1/28,0.4849240138651307,1.546910904301218,1.1195969893862339,VPS13D,1.0
GO_Biological_Process_2021,photoperiodism (GO:0009648),1/28,0.4849240138651307,1.546910904301218,1.1195969893862339,PER3,1.0
GO_Biological_Process_2021,positive regulation of phosphatidylinositol 3-kinase activity (GO:0043552),1/28,0.4849240138651307,1.546910904301218,1.1195969893862339,FGR,1.0
GO_Biological_Process_2021,GPI anchor metabolic process (GO:0006505),1/28,0.4849240138651307,1.546910904301218,1.1195969893862339,PIGV,1.0
GO_Biological_Process_2021,phagosome acidification (GO:0090383),1/28,0.4849240138651307,1.546910904301218,1.1195969893862339,ATP6V0B,1.0
GO_Biological_Process_2021,cristae formation (GO:0042407),1/28,0.4849240138651307,1.546910904301218,1.1195969893862339,DNAJC11,1.0
GO_Biological_Process_2021,mucosal immune response (GO:0002385),1/28,0.4849240138651307,1.546910904301218,1.1195969893862339,IFNLR1,1.0
GO_Biological_Process_2021,positive regulation of monooxygenase activity (GO:0032770),1/28,0.4849240138651307,1.546910904301218,1.1195969893862339,PARK7,1.0
GO_Biological_Process_2021,"regulation of DNA damage response, signal transduction by p53 class mediator (GO:0043516)",1/28,0.4849240138651307,1.546910904301218,1.1195969893862339,KDM1A,1.0
GO_Biological_Process_2021,neutral amino acid transport (GO:0015804),1/28,0.4849240138651307,1.546910904301218,1.1195969893862339,SLC6A9,1.0
GO_Biological_Process_2021,protein depolymerization (GO:0051261),1/28,0.4849240138651307,1.546910904301218,1.1195969893862339,STMN1,1.0
GO_Biological_Process_2021,cellular zinc ion homeostasis (GO:0006882),1/28,0.4849240138651307,1.546910904301218,1.1195969893862339,ATP13A2,1.0
GO_Biological_Process_2021,regulation of microtubule polymerization or depolymerization (GO:0031110),1/28,0.4849240138651307,1.546910904301218,1.1195969893862339,STMN1,1.0
GO_Biological_Process_2021,establishment of protein localization to membrane (GO:0090150),2/70,0.49000848173126027,1.2284776314262564,0.8763131162971766,ICMT;ZDHHC18,1.0
GO_Biological_Process_2021,negative regulation of viral process (GO:0048525),2/70,0.49000848173126027,1.2284776314262564,0.8763131162971766,ISG15;TRIM62,1.0
GO_Biological_Process_2021,defense response to Gram-positive bacterium (GO:0050830),2/70,0.49000848173126027,1.2284776314262564,0.8763131162971766,FGR;TNFRSF14,1.0
GO_Biological_Process_2021,COPII-coated vesicle budding (GO:0090114),2/70,0.49000848173126027,1.2284776314262564,0.8763131162971766,PEF1;TRAPPC3,1.0
GO_Biological_Process_2021,aerobic electron transport chain (GO:0019646),2/70,0.49000848173126027,1.2284776314262564,0.8763131162971766,NDUFS5;UQCRHL,1.0
GO_Biological_Process_2021,axonogenesis (GO:0007409),6/240,0.492700597192858,1.0710400484123865,0.7581395511755228,ARTN;EPHA2;EPHB2;LYPLA2;PIK3CD;RAP1GAP,1.0
GO_Biological_Process_2021,protein phosphorylation (GO:0006468),12/496,0.4944462572065352,1.0356676594324006,0.7294381471909036,ATP13A2;CDK11A;CDK11B;EPHB2;FGR;MAP3K6;MTOR;PIK3CD;PINK1;PRKCZ;RPS6KA1;TESK2,1.0
GO_Biological_Process_2021,positive regulation of metabolic process (GO:0009893),3/113,0.4949461969154551,1.139120210693407,0.801150324292419,DISP3;KDM1A;MFN2,1.0
GO_Biological_Process_2021,sulfur compound biosynthetic process (GO:0044272),3/113,0.4949461969154551,1.139120210693407,0.801150324292419,AKR1A1;B4GALT2;ST3GAL3,1.0
GO_Biological_Process_2021,regulation of calcium ion transmembrane transporter activity (GO:1901019),1/29,0.4969936894865563,1.4915876103055576,1.042885167881753,SELENON,1.0
GO_Biological_Process_2021,negative regulation of epithelial to mesenchymal transition (GO:0010719),1/29,0.4969936894865563,1.4915876103055576,1.042885167881753,MAD2L2,1.0
GO_Biological_Process_2021,dicarboxylic acid transport (GO:0006835),1/29,0.4969936894865563,1.4915876103055576,1.042885167881753,PDPN,1.0
GO_Biological_Process_2021,transition metal ion homeostasis (GO:0055076),1/29,0.4969936894865563,1.4915876103055576,1.042885167881753,ATP13A2,1.0
GO_Biological_Process_2021,beta-catenin-TCF complex assembly (GO:1904837),1/29,0.4969936894865563,1.4915876103055576,1.042885167881753,HDAC1,1.0
GO_Biological_Process_2021,regulation of fatty acid biosynthetic process (GO:0042304),1/29,0.4969936894865563,1.4915876103055576,1.042885167881753,WDTC1,1.0
GO_Biological_Process_2021,regulation of double-strand break repair via nonhomologous end joining (GO:2001032),1/29,0.4969936894865563,1.4915876103055576,1.042885167881753,MAD2L2,1.0
GO_Biological_Process_2021,limb development (GO:0060173),1/29,0.4969936894865563,1.4915876103055576,1.042885167881753,KDF1,1.0
GO_Biological_Process_2021,negative regulation of transferase activity (GO:0051348),1/29,0.4969936894865563,1.4915876103055576,1.042885167881753,PARK7,1.0
GO_Biological_Process_2021,positive regulation of leukocyte migration (GO:0002687),1/29,0.4969936894865563,1.4915876103055576,1.042885167881753,TNFRSF18,1.0
GO_Biological_Process_2021,"nucleotide-excision repair, preincision complex assembly (GO:0006294)",1/29,0.4969936894865563,1.4915876103055576,1.042885167881753,RPA2,1.0
GO_Biological_Process_2021,glycolytic process (GO:0006096),1/29,0.4969936894865563,1.4915876103055576,1.042885167881753,ENO1,1.0
GO_Biological_Process_2021,negative regulation of myeloid leukocyte differentiation (GO:0002762),1/29,0.4969936894865563,1.4915876103055576,1.042885167881753,C1QC,1.0
GO_Biological_Process_2021,regulation of gluconeogenesis (GO:0006111),1/29,0.4969936894865563,1.4915876103055576,1.042885167881753,C1QTNF12,1.0
GO_Biological_Process_2021,positive regulation of dephosphorylation (GO:0035306),1/29,0.4969936894865563,1.4915876103055576,1.042885167881753,CAMTA1,1.0
GO_Biological_Process_2021,lipid catabolic process (GO:0016042),1/29,0.4969936894865563,1.4915876103055576,1.042885167881753,PPT1,1.0
GO_Biological_Process_2021,response to zinc ion (GO:0010043),1/29,0.4969936894865563,1.4915876103055576,1.042885167881753,ATP13A2,1.0
GO_Biological_Process_2021,aggrephagy (GO:0035973),1/29,0.4969936894865563,1.4915876103055576,1.042885167881753,PARK7,1.0
GO_Biological_Process_2021,regulation of endopeptidase activity (GO:0052548),2/71,0.4975049138309289,1.2106114071244054,0.8451881667054293,ATP13A2;HDAC1,1.0
GO_Biological_Process_2021,phosphatidylinositol-mediated signaling (GO:0048015),2/71,0.4975049138309289,1.2106114071244054,0.8451881667054293,PIK3CD;PLCH2,1.0
GO_Biological_Process_2021,fatty acid biosynthetic process (GO:0006633),2/71,0.4975049138309289,1.2106114071244054,0.8451881667054293,ACOT7;ELOVL1,1.0
GO_Biological_Process_2021,mitochondrial ATP synthesis coupled electron transport (GO:0042775),2/71,0.4975049138309289,1.2106114071244054,0.8451881667054293,NDUFS5;UQCRHL,1.0
GO_Biological_Process_2021,response to metal ion (GO:0010038),2/71,0.4975049138309289,1.2106114071244054,0.8451881667054293,MTF1;PEF1,1.0
GO_Biological_Process_2021,peptidyl-serine phosphorylation (GO:0018105),4/156,0.4975918141941648,1.0991379079133163,0.7671709882070893,MTOR;PINK1;PRKCZ;RPS6KA1,1.0
GO_Biological_Process_2021,membrane organization (GO:0061024),6/242,0.5007463963937013,1.0618533784029096,0.7344367303004612,AZIN2;CPTP;LDLRAP1;MFN2;PPT1;VAMP3,1.0
GO_Biological_Process_2021,activation of protein kinase activity (GO:0032147),3/114,0.5008185124542439,1.1287997438154083,0.7805779974037731,MTOR;PARK7;PINK1,1.0
GO_Biological_Process_2021,positive regulation of kinase activity (GO:0033674),3/114,0.5008185124542439,1.1287997438154083,0.7805779974037731,EPHA2;EPHB2;TIE1,1.0
GO_Biological_Process_2021,regulation of macromolecule metabolic process (GO:0060255),5/200,0.5038001763052321,1.0708866141858682,0.7341736956922618,PRDM2;TARDBP;TP73;YBX1;ZC3H12A,1.0
GO_Biological_Process_2021,positive regulation of neurogenesis (GO:0050769),2/72,0.504930644542716,1.1932556463740358,0.8153923885460299,KDM1A;SPEN,1.0
GO_Biological_Process_2021,extrinsic apoptotic signaling pathway (GO:0097191),2/72,0.504930644542716,1.1932556463740358,0.8153923885460299,CASP9;TNFRSF1B,1.0
GO_Biological_Process_2021,skeletal system development (GO:0001501),4/158,0.5075513365106769,1.084751432622632,0.7356322301724735,ALPL;COL9A2;P3H1;PRDX1,1.0
GO_Biological_Process_2021,Golgi to plasma membrane protein transport (GO:0043001),1/30,0.5087811289397773,1.4400797158958047,0.9731156610771803,MACF1,1.0
GO_Biological_Process_2021,positive regulation of lipid kinase activity (GO:0090218),1/30,0.5087811289397773,1.4400797158958047,0.9731156610771803,FGR,1.0
GO_Biological_Process_2021,regulation of striated muscle contraction (GO:0006942),1/30,0.5087811289397773,1.4400797158958047,0.9731156610771803,RNF207,1.0
GO_Biological_Process_2021,ncRNA catabolic process (GO:0034661),1/30,0.5087811289397773,1.4400797158958047,0.9731156610771803,EXOSC10,1.0
GO_Biological_Process_2021,response to alcohol (GO:0097305),1/30,0.5087811289397773,1.4400797158958047,0.9731156610771803,SDF4,1.0
GO_Biological_Process_2021,respiratory tube development (GO:0030323),1/30,0.5087811289397773,1.4400797158958047,0.9731156610771803,PDPN,1.0
GO_Biological_Process_2021,"maturation of SSU-rRNA from tricistronic rRNA transcript (SSU-rRNA, 5.8S rRNA, LSU-rRNA) (GO:0000462)",1/30,0.5087811289397773,1.4400797158958047,0.9731156610771803,RPS8,1.0
GO_Biological_Process_2021,regulation of macrophage activation (GO:0043030),1/30,0.5087811289397773,1.4400797158958047,0.9731156610771803,ZC3H12A,1.0
GO_Biological_Process_2021,alpha-amino acid catabolic process (GO:1901606),1/30,0.5087811289397773,1.4400797158958047,0.9731156610771803,ALDH4A1,1.0
GO_Biological_Process_2021,positive regulation of DNA recombination (GO:0045911),1/30,0.5087811289397773,1.4400797158958047,0.9731156610771803,MAD2L2,1.0
GO_Biological_Process_2021,zinc ion homeostasis (GO:0055069),1/30,0.5087811289397773,1.4400797158958047,0.9731156610771803,ATP13A2,1.0
GO_Biological_Process_2021,maintenance of blood-brain barrier (GO:0035633),1/30,0.5087811289397773,1.4400797158958047,0.9731156610771803,MFSD2A,1.0
GO_Biological_Process_2021,"negative regulation of gene expression, epigenetic (GO:0045814)",1/30,0.5087811289397773,1.4400797158958047,0.9731156610771803,RBBP4,1.0
GO_Biological_Process_2021,morphogenesis of an epithelium (GO:0002009),1/30,0.5087811289397773,1.4400797158958047,0.9731156610771803,KDF1,1.0
GO_Biological_Process_2021,long-chain fatty acid biosynthetic process (GO:0042759),1/30,0.5087811289397773,1.4400797158958047,0.9731156610771803,ACOT7,1.0
GO_Biological_Process_2021,regulation of protein localization to membrane (GO:1905475),1/30,0.5087811289397773,1.4400797158958047,0.9731156610771803,LDLRAP1,1.0
GO_Biological_Process_2021,negative regulation of Notch signaling pathway (GO:0045746),1/30,0.5087811289397773,1.4400797158958047,0.9731156610771803,YTHDF2,1.0
GO_Biological_Process_2021,snRNA 3'-end processing (GO:0034472),1/30,0.5087811289397773,1.4400797158958047,0.9731156610771803,TOE1,1.0
GO_Biological_Process_2021,positive regulation of B cell proliferation (GO:0030890),1/30,0.5087811289397773,1.4400797158958047,0.9731156610771803,EPHB2,1.0
GO_Biological_Process_2021,cell projection organization (GO:0030030),1/30,0.5087811289397773,1.4400797158958047,0.9731156610771803,CDC42,1.0
GO_Biological_Process_2021,protein N-linked glycosylation via asparagine (GO:0018279),1/30,0.5087811289397773,1.4400797158958047,0.9731156610771803,DDOST,1.0
GO_Biological_Process_2021,plasma membrane invagination (GO:0099024),1/30,0.5087811289397773,1.4400797158958047,0.9731156610771803,CDC42,1.0
GO_Biological_Process_2021,regulation of long-term synaptic potentiation (GO:1900271),1/30,0.5087811289397773,1.4400797158958047,0.9731156610771803,EPHB2,1.0
GO_Biological_Process_2021,regulation of cation transmembrane transport (GO:1904062),1/30,0.5087811289397773,1.4400797158958047,0.9731156610771803,KCNAB2,1.0
GO_Biological_Process_2021,regulation of vasoconstriction (GO:0019229),1/30,0.5087811289397773,1.4400797158958047,0.9731156610771803,ECE1,1.0
GO_Biological_Process_2021,regulation of hydrolase activity (GO:0051336),2/73,0.512284872665453,1.176388780292691,0.786856359285413,ATP5IF1;RAP1GAP,1.0
GO_Biological_Process_2021,chromatin assembly (GO:0031497),2/73,0.512284872665453,1.176388780292691,0.786856359285413,NOC2L;RBBP4,1.0
GO_Biological_Process_2021,transcription-coupled nucleotide-excision repair (GO:0006283),2/73,0.512284872665453,1.176388780292691,0.786856359285413,PPIE;RPA2,1.0
GO_Biological_Process_2021,"antigen processing and presentation of exogenous peptide antigen via MHC class I, TAP-dependent (GO:0002479)",2/73,0.512284872665453,1.176388780292691,0.786856359285413,PSMB2;VAMP3,1.0
GO_Biological_Process_2021,sphingolipid metabolic process (GO:0006665),3/116,0.5124577332428146,1.1087067994511624,0.7412115653609516,CPTP;ELOVL1;PPT1,1.0
GO_Biological_Process_2021,positive regulation of angiogenesis (GO:0045766),3/116,0.5124577332428146,1.1087067994511624,0.7412115653609516,PIK3CD;TIE1;ZC3H12A,1.0
GO_Biological_Process_2021,protein autophosphorylation (GO:0046777),4/159,0.5124979485893487,1.077697418931716,0.7203960763385837,ATP13A2;FGR;MTOR;PINK1,1.0
GO_Biological_Process_2021,"DNA damage response, signal transduction by p53 class mediator (GO:0030330)",2/74,0.5195668729702116,1.159990438269161,0.7595150506242321,PLK3;SESN2,1.0
GO_Biological_Process_2021,regulation of cellular pH (GO:0030641),1/31,0.5202929182064874,1.3920056811133688,0.9094854557205996,SLC9A1,1.0
GO_Biological_Process_2021,regulation of potassium ion transport (GO:0043266),1/31,0.5202929182064874,1.3920056811133688,0.9094854557205996,KCNAB2,1.0
GO_Biological_Process_2021,purine nucleoside bisphosphate metabolic process (GO:0034032),1/31,0.5202929182064874,1.3920056811133688,0.9094854557205996,ACOT7,1.0
GO_Biological_Process_2021,vitamin transport (GO:0051180),1/31,0.5202929182064874,1.3920056811133688,0.9094854557205996,PDPN,1.0
GO_Biological_Process_2021,positive regulation of RNA splicing (GO:0033120),1/31,0.5202929182064874,1.3920056811133688,0.9094854557205996,THRAP3,1.0
GO_Biological_Process_2021,negative regulation of osteoblast differentiation (GO:0045668),1/31,0.5202929182064874,1.3920056811133688,0.9094854557205996,SKI,1.0
GO_Biological_Process_2021,regulation of cellular senescence (GO:2000772),1/31,0.5202929182064874,1.3920056811133688,0.9094854557205996,YBX1,1.0
GO_Biological_Process_2021,peptidyl-asparagine modification (GO:0018196),1/31,0.5202929182064874,1.3920056811133688,0.9094854557205996,DDOST,1.0
GO_Biological_Process_2021,prostaglandin metabolic process (GO:0006693),1/31,0.5202929182064874,1.3920056811133688,0.9094854557205996,PRXL2B,1.0
GO_Biological_Process_2021,negative regulation of peptidyl-tyrosine phosphorylation (GO:0050732),1/31,0.5202929182064874,1.3920056811133688,0.9094854557205996,PRKCZ,1.0
GO_Biological_Process_2021,protein palmitoylation (GO:0018345),1/31,0.5202929182064874,1.3920056811133688,0.9094854557205996,ZDHHC18,1.0
GO_Biological_Process_2021,phospholipid translocation (GO:0045332),1/31,0.5202929182064874,1.3920056811133688,0.9094854557205996,MFSD2A,1.0
GO_Biological_Process_2021,ribonucleoside bisphosphate metabolic process (GO:0033875),1/31,0.5202929182064874,1.3920056811133688,0.9094854557205996,ACOT7,1.0
GO_Biological_Process_2021,negative regulation of response to DNA damage stimulus (GO:2001021),1/31,0.5202929182064874,1.3920056811133688,0.9094854557205996,KDM1A,1.0
GO_Biological_Process_2021,proteoglycan biosynthetic process (GO:0030166),1/31,0.5202929182064874,1.3920056811133688,0.9094854557205996,B3GALT6,1.0
GO_Biological_Process_2021,regulation of developmental growth (GO:0048638),1/31,0.5202929182064874,1.3920056811133688,0.9094854557205996,MFSD2A,1.0
GO_Biological_Process_2021,negative regulation of interleukin-6 production (GO:0032715),1/31,0.5202929182064874,1.3920056811133688,0.9094854557205996,ZC3H12A,1.0
GO_Biological_Process_2021,negative regulation of response to biotic stimulus (GO:0002832),1/31,0.5202929182064874,1.3920056811133688,0.9094854557205996,MUL1,1.0
GO_Biological_Process_2021,positive regulation of ubiquitin-protein transferase activity (GO:0051443),1/31,0.5202929182064874,1.3920056811133688,0.9094854557205996,PINK1,1.0
GO_Biological_Process_2021,positive regulation of protein-containing complex assembly (GO:0031334),3/118,0.5239518915861802,1.0893127401082816,0.7040831814719739,ISG15;PARK7;RPA2,1.0
GO_Biological_Process_2021,positive regulation of cysteine-type endopeptidase activity involved in apoptotic process (GO:0043280),3/119,0.5296429929725642,1.0798664956869646,0.6863114164295393,CASP9;LAPTM5;MUL1,1.0
GO_Biological_Process_2021,negative regulation of DNA biosynthetic process (GO:2000279),1/32,0.5315354899065905,1.3470331969620577,0.8513051929960255,EXOSC10,1.0
GO_Biological_Process_2021,negative regulation of double-strand break repair (GO:2000780),1/32,0.5315354899065905,1.3470331969620577,0.8513051929960255,MAD2L2,1.0
GO_Biological_Process_2021,negative regulation of cell-matrix adhesion (GO:0001953),1/32,0.5315354899065905,1.3470331969620577,0.8513051929960255,RCC2,1.0
GO_Biological_Process_2021,negative regulation of microtubule polymerization or depolymerization (GO:0031111),1/32,0.5315354899065905,1.3470331969620577,0.8513051929960255,STMN1,1.0
GO_Biological_Process_2021,RNA biosynthetic process (GO:0032774),1/32,0.5315354899065905,1.3470331969620577,0.8513051929960255,TAF12,1.0
GO_Biological_Process_2021,membrane depolarization (GO:0051899),1/32,0.5315354899065905,1.3470331969620577,0.8513051929960255,ATP5IF1,1.0
GO_Biological_Process_2021,metal ion export (GO:0070839),1/32,0.5315354899065905,1.3470331969620577,0.8513051929960255,SLC9A1,1.0
GO_Biological_Process_2021,superoxide metabolic process (GO:0006801),1/32,0.5315354899065905,1.3470331969620577,0.8513051929960255,PRDX1,1.0
GO_Biological_Process_2021,positive regulation of glucose transmembrane transport (GO:0010828),1/32,0.5315354899065905,1.3470331969620577,0.8513051929960255,C1QTNF12,1.0
GO_Biological_Process_2021,B cell proliferation (GO:0042100),1/32,0.5315354899065905,1.3470331969620577,0.8513051929960255,CTPS1,1.0
GO_Biological_Process_2021,DNA damage checkpoint signaling (GO:0000077),1/32,0.5315354899065905,1.3470331969620577,0.8513051929960255,FBXO6,1.0
GO_Biological_Process_2021,GPI anchor biosynthetic process (GO:0006506),1/32,0.5315354899065905,1.3470331969620577,0.8513051929960255,PIGV,1.0
GO_Biological_Process_2021,establishment or maintenance of epithelial cell apical/basal polarity (GO:0045197),1/32,0.5315354899065905,1.3470331969620577,0.8513051929960255,CDC42,1.0
GO_Biological_Process_2021,regulation of cellular biosynthetic process (GO:0031326),1/32,0.5315354899065905,1.3470331969620577,0.8513051929960255,TNFRSF1B,1.0
GO_Biological_Process_2021,regulation of chemotaxis (GO:0050920),1/32,0.5315354899065905,1.3470331969620577,0.8513051929960255,ZSWIM5,1.0
GO_Biological_Process_2021,intra-Golgi vesicle-mediated transport (GO:0006891),1/32,0.5315354899065905,1.3470331969620577,0.8513051929960255,TRAPPC3,1.0
GO_Biological_Process_2021,regulation of BMP signaling pathway (GO:0030510),2/76,0.533911650557345,1.1285233495213063,0.7081765044310235,NBL1;SKI,1.0
GO_Biological_Process_2021,regulation of RNA splicing (GO:0043484),2/76,0.533911650557345,1.1285233495213063,0.7081765044310235,KHDRBS1;SRSF10,1.0
GO_Biological_Process_2021,establishment of protein localization to organelle (GO:0072594),2/76,0.533911650557345,1.1285233495213063,0.7081765044310235,IPO13;PINK1,1.0
GO_Biological_Process_2021,cell morphogenesis involved in neuron differentiation (GO:0048667),2/76,0.533911650557345,1.1285233495213063,0.7081765044310235,DVL1;MFSD2A,1.0
GO_Biological_Process_2021,protein import into nucleus (GO:0006606),2/76,0.533911650557345,1.1285233495213063,0.7081765044310235,IPO13;KPNA6,1.0
GO_Biological_Process_2021,macroautophagy (GO:0016236),3/120,0.5352959926443923,1.07058172552926,0.6690444486355709,ATP13A2;MFN2;PINK1,1.0
GO_Biological_Process_2021,cytoskeleton organization (GO:0007010),3/120,0.5352959926443923,1.07058172552926,0.6690444486355709,CAPZB;ZMYM4;ZMYM6,1.0
GO_Biological_Process_2021,negative regulation of programmed cell death (GO:0043069),9/381,0.5357479120011551,1.0099093186048291,0.6302758639020648,ATAD3A;HDAC1;IFI6;LAPTM5;PARK7;PDPN;PLK3;PPT1;RPS6KA1,1.0
GO_Biological_Process_2021,positive regulation of nucleic acid-templated transcription (GO:1903508),12/511,0.536231136185628,1.0037443092822307,0.6255234026864116,ARID1A;GPATCH3;HDAC1;HIVEP3;MAD2L2;PITHD1;POU3F1;RLF;RPS6KA1;THRAP3;TP73;ZBTB48,1.0
GO_Biological_Process_2021,negative regulation of transcription by RNA polymerase II (GO:0000122),16/684,0.536713375099799,0.9996290388773715,0.6220602333142448,DMAP1;ENO1;HDAC1;ID3;KDM1A;MAD2L2;NOC2L;PER3;PLK3;PRDM2;SFPQ;SKI;SPEN;ZFP69;ZNF436;ZNF684,1.0
GO_Biological_Process_2021,regulation of cellular macromolecule biosynthetic process (GO:2000112),11/468,0.5369599397090962,1.0046732113567385,0.6247377387962593,CDK11A;CDK11B;DVL1;HP1BP3;MYCBP;NFYC;PPIE;PRDM2;SFPQ;SRSF10;YBX1,1.0
GO_Biological_Process_2021,negative regulation of developmental process (GO:0051093),2/77,0.5409733298298667,1.113419146922336,0.6840683557863182,MUL1;PINK1,1.0
GO_Biological_Process_2021,purine ribonucleotide metabolic process (GO:0009150),2/77,0.5409733298298667,1.113419146922336,0.6840683557863182,ACOT7;EPHA2,1.0
GO_Biological_Process_2021,positive regulation of phosphatidylinositol 3-kinase signaling (GO:0014068),2/77,0.5409733298298667,1.113419146922336,0.6840683557863182,FGR;PIK3CD,1.0
GO_Biological_Process_2021,negative regulation of smooth muscle cell proliferation (GO:0048662),1/33,0.5425151268619051,1.3048714930702037,0.7979802129542782,MFN2,1.0
GO_Biological_Process_2021,regulation of protein localization to cell surface (GO:2000008),1/33,0.5425151268619051,1.3048714930702037,0.7979802129542782,KCNAB2,1.0
GO_Biological_Process_2021,apoptotic mitochondrial changes (GO:0008637),1/33,0.5425151268619051,1.3048714930702037,0.7979802129542782,IFI6,1.0
GO_Biological_Process_2021,muscle cell development (GO:0055001),1/33,0.5425151268619051,1.3048714930702037,0.7979802129542782,KDM1A,1.0
GO_Biological_Process_2021,apoptotic cell clearance (GO:0043277),1/33,0.5425151268619051,1.3048714930702037,0.7979802129542782,XKR8,1.0
GO_Biological_Process_2021,very long-chain fatty acid metabolic process (GO:0000038),1/33,0.5425151268619051,1.3048714930702037,0.7979802129542782,ELOVL1,1.0
GO_Biological_Process_2021,regulation of neurotransmitter secretion (GO:0046928),1/33,0.5425151268619051,1.3048714930702037,0.7979802129542782,RIMS3,1.0
GO_Biological_Process_2021,signal transduction by p53 class mediator (GO:0072331),1/33,0.5425151268619051,1.3048714930702037,0.7979802129542782,SESN2,1.0
GO_Biological_Process_2021,primary alcohol metabolic process (GO:0034308),1/33,0.5425151268619051,1.3048714930702037,0.7979802129542782,DHRS3,1.0
GO_Biological_Process_2021,phosphatidylcholine biosynthetic process (GO:0006656),1/33,0.5425151268619051,1.3048714930702037,0.7979802129542782,MFSD2A,1.0
GO_Biological_Process_2021,lytic vacuole organization (GO:0080171),1/33,0.5425151268619051,1.3048714930702037,0.7979802129542782,MTOR,1.0
GO_Biological_Process_2021,actin filament bundle organization (GO:0061572),1/33,0.5425151268619051,1.3048714930702037,0.7979802129542782,ESPN,1.0
GO_Biological_Process_2021,negative regulation of JNK cascade (GO:0046329),1/33,0.5425151268619051,1.3048714930702037,0.7979802129542782,PINK1,1.0
GO_Biological_Process_2021,positive regulation of histone modification (GO:0031058),1/33,0.5425151268619051,1.3048714930702037,0.7979802129542782,KDM1A,1.0
GO_Biological_Process_2021,actin filament bundle assembly (GO:0051017),1/33,0.5425151268619051,1.3048714930702037,0.7979802129542782,ESPN,1.0
GO_Biological_Process_2021,epithelium development (GO:0060429),3/122,0.546485509158783,1.0524803248856678,0.6359585918895932,DVL1;ERRFI1;MFSD2A,1.0
GO_Biological_Process_2021,negative regulation of blood vessel morphogenesis (GO:2000181),2/78,0.5479605795621381,1.098712423339128,0.660932578474858,AGO1;HSPG2,1.0
GO_Biological_Process_2021,protein modification process (GO:0036211),2/78,0.5479605795621381,1.098712423339128,0.660932578474858,FBXO2;ICMT,1.0
GO_Biological_Process_2021,antigen processing and presentation of exogenous peptide antigen via MHC class I (GO:0042590),2/78,0.5479605795621381,1.098712423339128,0.660932578474858,PSMB2;VAMP3,1.0
GO_Biological_Process_2021,positive regulation of interleukin-12 production (GO:0032735),1/34,0.5532379655772169,1.265265043959674,0.7489952187298203,LAPTM5,1.0
GO_Biological_Process_2021,response to steroid hormone (GO:0048545),1/34,0.5532379655772169,1.265265043959674,0.7489952187298203,PAQR7,1.0
GO_Biological_Process_2021,regulation of transmembrane transport (GO:0034762),1/34,0.5532379655772169,1.265265043959674,0.7489952187298203,SLC2A1,1.0
GO_Biological_Process_2021,organelle disassembly (GO:1903008),1/34,0.5532379655772169,1.265265043959674,0.7489952187298203,PLK3,1.0
GO_Biological_Process_2021,B cell receptor signaling pathway (GO:0050853),1/34,0.5532379655772169,1.265265043959674,0.7489952187298203,PIK3CD,1.0
GO_Biological_Process_2021,negative regulation of extrinsic apoptotic signaling pathway via death domain receptors (GO:1902042),1/34,0.5532379655772169,1.265265043959674,0.7489952187298203,PARK7,1.0
GO_Biological_Process_2021,protein destabilization (GO:0031648),1/34,0.5532379655772169,1.265265043959674,0.7489952187298203,MUL1,1.0
GO_Biological_Process_2021,axoneme assembly (GO:0035082),1/34,0.5532379655772169,1.265265043959674,0.7489952187298203,CFAP74,1.0
GO_Biological_Process_2021,regulation of keratinocyte differentiation (GO:0045616),1/34,0.5532379655772169,1.265265043959674,0.7489952187298203,ERRFI1,1.0
GO_Biological_Process_2021,protein insertion into membrane (GO:0051205),1/34,0.5532379655772169,1.265265043959674,0.7489952187298203,UBE2J2,1.0
GO_Biological_Process_2021,protein localization to chromosome (GO:0034502),1/34,0.5532379655772169,1.265265043959674,0.7489952187298203,RPA2,1.0
GO_Biological_Process_2021,sister chromatid segregation (GO:0000819),1/34,0.5532379655772169,1.265265043959674,0.7489952187298203,WRAP73,1.0
GO_Biological_Process_2021,positive regulation of mitochondrial outer membrane permeabilization involved in apoptotic signaling pathway (GO:1901030),1/34,0.5532379655772169,1.265265043959674,0.7489952187298203,TP73,1.0
GO_Biological_Process_2021,phosphatidylinositol 3-kinase signaling (GO:0014065),1/34,0.5532379655772169,1.265265043959674,0.7489952187298203,PIK3CD,1.0
GO_Biological_Process_2021,regulation of cell adhesion mediated by integrin (GO:0033628),1/34,0.5532379655772169,1.265265043959674,0.7489952187298203,EPHA2,1.0
GO_Biological_Process_2021,axon development (GO:0061564),2/79,0.5548730098595863,1.0843876925762632,0.6387217038205998,EPHB2;SVBP,1.0
GO_Biological_Process_2021,regulation of cellular response to heat (GO:1900034),2/79,0.5548730098595863,1.0843876925762632,0.6387217038205998,MTOR;RPA2,1.0
GO_Biological_Process_2021,regulation of ion transport (GO:0043269),2/79,0.5548730098595863,1.0843876925762632,0.6387217038205998,NKAIN1;VAMP3,1.0
GO_Biological_Process_2021,recombinational repair (GO:0000725),2/79,0.5548730098595863,1.0843876925762632,0.6387217038205998,RPA2;SFPQ,1.0
GO_Biological_Process_2021,defense response to symbiont (GO:0140546),3/124,0.557516363031384,1.034977317651781,0.604699392770418,IFI6;IFNLR1;ISG15,1.0
GO_Biological_Process_2021,positive regulation of multicellular organismal process (GO:0051240),8/345,0.560220381468779,0.9905818393867838,0.5739679162950818,ENO1;FGR;KDM1A;MAD2L2;MFN2;MTOR;PDPN;PIK3CD,1.0
GO_Biological_Process_2021,peptidyl-serine modification (GO:0018209),4/169,0.5606353738724065,1.0118599578164977,0.5855477164798283,MTOR;PINK1;PRKCZ;RPS6KA1,1.0
GO_Biological_Process_2021,negative regulation of cell cycle (GO:0045786),2/80,0.5617102896683638,1.07043026260219,0.6173910572283521,CAMK2N1;ZBTB17,1.0
GO_Biological_Process_2021,regulation of NIK/NF-kappaB signaling (GO:1901222),2/80,0.5617102896683638,1.07043026260219,0.6173910572283521,LAPTM5;ZC3H12A,1.0
GO_Biological_Process_2021,negative regulation of cellular response to growth factor stimulus (GO:0090288),2/80,0.5617102896683638,1.07043026260219,0.6173910572283521,NBL1;SKI,1.0
GO_Biological_Process_2021,negative regulation of cellular component organization (GO:0051129),2/80,0.5617102896683638,1.07043026260219,0.6173910572283521,CDC42;PRKCZ,1.0
GO_Biological_Process_2021,regulation of protein secretion (GO:0050708),3/125,0.5629711353669613,1.0264410149434509,0.5897179964036616,ATP13A2;P3H1;SLC2A1,1.0
GO_Biological_Process_2021,innate immune response (GO:0045087),7/302,0.5632467060062338,0.9901760884516382,0.5683982537824173,ATAD3A;FGR;IFI6;IFNLR1;ISG15;PIK3CD;TRIM62,1.0
GO_Biological_Process_2021,intracellular pH reduction (GO:0051452),1/35,0.563709999640618,1.2279883859732932,0.7039017860231485,ATP6V0B,1.0
GO_Biological_Process_2021,negative regulation of organelle assembly (GO:1902116),1/35,0.563709999640618,1.2279883859732932,0.7039017860231485,PINK1,1.0
GO_Biological_Process_2021,protein localization to cilium (GO:0061512),1/35,0.563709999640618,1.2279883859732932,0.7039017860231485,NPHP4,1.0
GO_Biological_Process_2021,maturation of SSU-rRNA (GO:0030490),1/35,0.563709999640618,1.2279883859732932,0.7039017860231485,RPS8,1.0
GO_Biological_Process_2021,regulation of regulated secretory pathway (GO:1903305),1/35,0.563709999640618,1.2279883859732932,0.7039017860231485,RIMS3,1.0
GO_Biological_Process_2021,peptidyl-tyrosine dephosphorylation (GO:0035335),1/35,0.563709999640618,1.2279883859732932,0.7039017860231485,PTPRF,1.0
GO_Biological_Process_2021,regulation of blood circulation (GO:1903522),1/35,0.563709999640618,1.2279883859732932,0.7039017860231485,ECE1,1.0
GO_Biological_Process_2021,respiratory system development (GO:0060541),1/35,0.563709999640618,1.2279883859732932,0.7039017860231485,PDPN,1.0
GO_Biological_Process_2021,muscle cell differentiation (GO:0042692),1/35,0.563709999640618,1.2279883859732932,0.7039017860231485,KDM1A,1.0
GO_Biological_Process_2021,regulation of autophagosome assembly (GO:2000785),1/35,0.563709999640618,1.2279883859732932,0.7039017860231485,PINK1,1.0
GO_Biological_Process_2021,positive regulation of cell cycle G1/S phase transition (GO:1902808),1/35,0.563709999640618,1.2279883859732932,0.7039017860231485,LSM10,1.0
GO_Biological_Process_2021,negative regulation of epithelial cell migration (GO:0010633),1/35,0.563709999640618,1.2279883859732932,0.7039017860231485,SVBP,1.0
GO_Biological_Process_2021,regulation of T cell receptor signaling pathway (GO:0050856),1/35,0.563709999640618,1.2279883859732932,0.7039017860231485,LAPTM5,1.0
GO_Biological_Process_2021,regulation of lipid biosynthetic process (GO:0046890),1/35,0.563709999640618,1.2279883859732932,0.7039017860231485,MTOR,1.0
GO_Biological_Process_2021,regulation of phosphatidylinositol 3-kinase activity (GO:0043551),1/35,0.563709999640618,1.2279883859732932,0.7039017860231485,FGR,1.0
GO_Biological_Process_2021,negative regulation of T cell proliferation (GO:0042130),1/35,0.563709999640618,1.2279883859732932,0.7039017860231485,TNFRSF14,1.0
GO_Biological_Process_2021,regulation of muscle cell differentiation (GO:0051147),1/35,0.563709999640618,1.2279883859732932,0.7039017860231485,CDC42,1.0
GO_Biological_Process_2021,response to estrogen (GO:0043627),1/35,0.563709999640618,1.2279883859732932,0.7039017860231485,CITED4,1.0
GO_Biological_Process_2021,cellular response to hydrogen peroxide (GO:0070301),1/35,0.563709999640618,1.2279883859732932,0.7039017860231485,PARK7,1.0
GO_Biological_Process_2021,blood vessel diameter maintenance (GO:0097746),1/35,0.563709999640618,1.2279883859732932,0.7039017860231485,ECE1,1.0
GO_Biological_Process_2021,response to exogenous dsRNA (GO:0043330),1/35,0.563709999640618,1.2279883859732932,0.7039017860231485,MUL1,1.0
GO_Biological_Process_2021,positive regulation of GTPase activity (GO:0043547),5/214,0.5638707897281594,0.9984291955241248,0.5720301887133766,AGRN;ARHGEF16;ASAP3;EPHA2;RAP1GAP,1.0
GO_Biological_Process_2021,translation (GO:0006412),5/214,0.5638707897281594,0.9984291955241248,0.5720301887133766,MRPS15;PABPC4;RPL11;RPL22;RPS8,1.0
GO_Biological_Process_2021,circulatory system development (GO:0072359),3/126,0.5683849069594115,1.0180435139051751,0.5751502359874245,C1ORF127;ECE1;HSPG2,1.0
GO_Biological_Process_2021,neutrophil degranulation (GO:0043312),11/481,0.5737237858539886,0.9762186113030055,0.5423940968231223,ATAD3B;CAP1;DDOST;FGR;FUCA1;KCNAB2;PADI2;PPIE;SLC2A5;TNFRSF1B;UBR4,1.0
GO_Biological_Process_2021,positive regulation of myeloid leukocyte differentiation (GO:0002763),1/36,0.5739370830449849,1.1928418227289914,0.6623081259714688,CTNNBIP1,1.0
GO_Biological_Process_2021,membrane fusion (GO:0061025),1/36,0.5739370830449849,1.1928418227289914,0.6623081259714688,VAMP3,1.0
GO_Biological_Process_2021,establishment of protein localization to plasma membrane (GO:0061951),1/36,0.5739370830449849,1.1928418227289914,0.6623081259714688,MACF1,1.0
GO_Biological_Process_2021,intrinsic apoptotic signaling pathway by p53 class mediator (GO:0072332),1/36,0.5739370830449849,1.1928418227289914,0.6623081259714688,TP73,1.0
GO_Biological_Process_2021,telomere maintenance via telomere lengthening (GO:0010833),1/36,0.5739370830449849,1.1928418227289914,0.6623081259714688,ZBTB48,1.0
GO_Biological_Process_2021,regulation of sodium ion transport (GO:0002028),1/36,0.5739370830449849,1.1928418227289914,0.6623081259714688,NKAIN1,1.0
GO_Biological_Process_2021,negative regulation of toll-like receptor signaling pathway (GO:0034122),1/36,0.5739370830449849,1.1928418227289914,0.6623081259714688,SMPDL3B,1.0
GO_Biological_Process_2021,retina homeostasis (GO:0001895),1/36,0.5739370830449849,1.1928418227289914,0.6623081259714688,PRDX1,1.0
GO_Biological_Process_2021,cyclic-nucleotide-mediated signaling (GO:0019935),1/36,0.5739370830449849,1.1928418227289914,0.6623081259714688,CAP1,1.0
GO_Biological_Process_2021,positive regulation of interferon-beta production (GO:0032728),1/36,0.5739370830449849,1.1928418227289914,0.6623081259714688,ISG15,1.0
GO_Biological_Process_2021,positive regulation of bone mineralization (GO:0030501),1/36,0.5739370830449849,1.1928418227289914,0.6623081259714688,ISG15,1.0
GO_Biological_Process_2021,regulation of osteoclast differentiation (GO:0045670),1/36,0.5739370830449849,1.1928418227289914,0.6623081259714688,MTOR,1.0
GO_Biological_Process_2021,positive regulation of innate immune response (GO:0045089),1/36,0.5739370830449849,1.1928418227289914,0.6623081259714688,TRIM62,1.0
GO_Biological_Process_2021,mitochondrion disassembly (GO:0061726),1/36,0.5739370830449849,1.1928418227289914,0.6623081259714688,PINK1,1.0
GO_Biological_Process_2021,macrophage activation (GO:0042116),1/36,0.5739370830449849,1.1928418227289914,0.6623081259714688,C1QA,1.0
GO_Biological_Process_2021,positive regulation of substrate adhesion-dependent cell spreading (GO:1900026),1/36,0.5739370830449849,1.1928418227289914,0.6623081259714688,CDC42,1.0
GO_Biological_Process_2021,activation of adenylate cyclase activity (GO:0007190),1/36,0.5739370830449849,1.1928418227289914,0.6623081259714688,CAP1,1.0
GO_Biological_Process_2021,regulation of microtubule-based process (GO:0032886),1/36,0.5739370830449849,1.1928418227289914,0.6623081259714688,MACF1,1.0
GO_Biological_Process_2021,negative regulation of DNA metabolic process (GO:0051053),1/36,0.5739370830449849,1.1928418227289914,0.6623081259714688,DFFA,1.0
GO_Biological_Process_2021,transferrin transport (GO:0033572),1/36,0.5739370830449849,1.1928418227289914,0.6623081259714688,ATP6V0B,1.0
GO_Biological_Process_2021,positive regulation of cytokine-mediated signaling pathway (GO:0001961),1/36,0.5739370830449849,1.1928418227289914,0.6623081259714688,LAPTM5,1.0
GO_Biological_Process_2021,axonal transport (GO:0098930),1/36,0.5739370830449849,1.1928418227289914,0.6623081259714688,KIF1B,1.0
GO_Biological_Process_2021,regulation of osteoblast differentiation (GO:0045667),2/83,0.5817687457196681,1.0306257400835361,0.5582716742662643,CTNNBIP1;SKI,1.0
GO_Biological_Process_2021,regulation of interleukin-1 beta production (GO:0032651),2/83,0.5817687457196681,1.0306257400835361,0.5582716742662643,CPTP;ZC3H12A,1.0
GO_Biological_Process_2021,regulation of intracellular pH (GO:0051453),1/37,0.5839249334324296,1.1596478463315951,0.6238706453164949,SLC9A1,1.0
GO_Biological_Process_2021,regulation of p38MAPK cascade (GO:1900744),1/37,0.5839249334324296,1.1596478463315951,0.6238706453164949,ZC3H12A,1.0
GO_Biological_Process_2021,regulation of microtubule cytoskeleton organization (GO:0070507),1/37,0.5839249334324296,1.1596478463315951,0.6238706453164949,STMN1,1.0
GO_Biological_Process_2021,regulation of glucose import (GO:0046324),1/37,0.5839249334324296,1.1596478463315951,0.6238706453164949,C1QTNF12,1.0
GO_Biological_Process_2021,negative regulation of stress-activated MAPK cascade (GO:0032873),1/37,0.5839249334324296,1.1596478463315951,0.6238706453164949,PINK1,1.0
GO_Biological_Process_2021,"nucleotide-excision repair, DNA incision, 5'-to lesion (GO:0006296)",1/37,0.5839249334324296,1.1596478463315951,0.6238706453164949,RPA2,1.0
GO_Biological_Process_2021,positive regulation of myeloid cell differentiation (GO:0045639),1/37,0.5839249334324296,1.1596478463315951,0.6238706453164949,PITHD1,1.0
GO_Biological_Process_2021,regulation of protein autophosphorylation (GO:0031952),1/37,0.5839249334324296,1.1596478463315951,0.6238706453164949,ERRFI1,1.0
GO_Biological_Process_2021,regulation of actin cytoskeleton reorganization (GO:2000249),1/37,0.5839249334324296,1.1596478463315951,0.6238706453164949,CDC42,1.0
GO_Biological_Process_2021,proton transmembrane transport (GO:1902600),1/37,0.5839249334324296,1.1596478463315951,0.6238706453164949,SLC9A1,1.0
GO_Biological_Process_2021,anterograde axonal transport (GO:0008089),1/37,0.5839249334324296,1.1596478463315951,0.6238706453164949,KIF1B,1.0
GO_Biological_Process_2021,negative regulation of G1/S transition of mitotic cell cycle (GO:2000134),1/37,0.5839249334324296,1.1596478463315951,0.6238706453164949,PLK3,1.0
GO_Biological_Process_2021,phospholipid biosynthetic process (GO:0008654),1/37,0.5839249334324296,1.1596478463315951,0.6238706453164949,DHDDS,1.0
GO_Biological_Process_2021,phagosome maturation (GO:0090382),1/37,0.5839249334324296,1.1596478463315951,0.6238706453164949,ATP6V0B,1.0
GO_Biological_Process_2021,neural crest cell migration (GO:0001755),1/37,0.5839249334324296,1.1596478463315951,0.6238706453164949,PHACTR4,1.0
GO_Biological_Process_2021,positive regulation of exocytosis (GO:0045921),1/37,0.5839249334324296,1.1596478463315951,0.6238706453164949,ATP13A2,1.0
GO_Biological_Process_2021,negative regulation of endothelial cell proliferation (GO:0001937),1/37,0.5839249334324296,1.1596478463315951,0.6238706453164949,ATP5IF1,1.0
GO_Biological_Process_2021,acyl-CoA metabolic process (GO:0006637),1/37,0.5839249334324296,1.1596478463315951,0.6238706453164949,ACOT7,1.0
GO_Biological_Process_2021,tRNA transport (GO:0051031),1/37,0.5839249334324296,1.1596478463315951,0.6238706453164949,YBX1,1.0
GO_Biological_Process_2021,positive regulation of cytokinesis (GO:0032467),1/37,0.5839249334324296,1.1596478463315951,0.6238706453164949,CDC42,1.0
GO_Biological_Process_2021,neutrophil activation involved in immune response (GO:0002283),11/485,0.5847933512946624,0.9677773570189705,0.5192093968991032,ATAD3B;CAP1;DDOST;FGR;FUCA1;KCNAB2;PADI2;PPIE;SLC2A5;TNFRSF1B;UBR4,1.0
GO_Biological_Process_2021,spindle assembly (GO:0051225),2/84,0.5883032031102906,1.0180047939190848,0.5400645862973488,RCC1;WRAP73,1.0
GO_Biological_Process_2021,nuclear export (GO:0051168),2/84,0.5883032031102906,1.0180047939190848,0.5400645862973488,SRRM1;SRSF4,1.0
GO_Biological_Process_2021,ubiquitin-dependent protein catabolic process (GO:0006511),8/354,0.5894482520205724,0.9643628847908043,0.5097316946585054,HECTD3;PINK1;PSMB2;RNF19B;SPSB1;UBE4B;UBR4;UBXN11,1.0
GO_Biological_Process_2021,Golgi organization (GO:0007030),3/130,0.589622520440924,0.9857759508604613,0.5207585652506526,CDC42;PLEKHM2;PLK3,1.0
GO_Biological_Process_2021,regulation of primary metabolic process (GO:0080090),3/130,0.589622520440924,0.9857759508604613,0.5207585652506526,NFYC;PSMB2;ZFP69,1.0
GO_Biological_Process_2021,neutrophil mediated immunity (GO:0002446),11/488,0.5930131847492195,0.9615393231927182,0.502441456260277,ATAD3B;CAP1;DDOST;FGR;FUCA1;KCNAB2;PADI2;PPIE;SLC2A5;TNFRSF1B;UBR4,1.0
GO_Biological_Process_2021,ventricular septum development (GO:0003281),1/38,0.5936791352634989,1.1282481389286527,0.5882869496510219,HEYL,1.0
GO_Biological_Process_2021,positive regulation of potassium ion transport (GO:0043268),1/38,0.5936791352634989,1.1282481389286527,0.5882869496510219,GNB1,1.0
GO_Biological_Process_2021,regulation of phosphoprotein phosphatase activity (GO:0043666),1/38,0.5936791352634989,1.1282481389286527,0.5882869496510219,MTOR,1.0
GO_Biological_Process_2021,lysosome organization (GO:0007040),1/38,0.5936791352634989,1.1282481389286527,0.5882869496510219,MTOR,1.0
GO_Biological_Process_2021,lymphocyte proliferation (GO:0046651),1/38,0.5936791352634989,1.1282481389286527,0.5882869496510219,CTPS1,1.0
GO_Biological_Process_2021,negative regulation of G0 to G1 transition (GO:0070317),1/38,0.5936791352634989,1.1282481389286527,0.5882869496510219,RBBP4,1.0
GO_Biological_Process_2021,spliceosomal snRNP assembly (GO:0000387),1/38,0.5936791352634989,1.1282481389286527,0.5882869496510219,SRSF10,1.0
GO_Biological_Process_2021,positive regulation of cell development (GO:0010720),1/38,0.5936791352634989,1.1282481389286527,0.5882869496510219,SPEN,1.0
GO_Biological_Process_2021,DNA replication initiation (GO:0006270),1/38,0.5936791352634989,1.1282481389286527,0.5882869496510219,RPA2,1.0
GO_Biological_Process_2021,negative regulation of endothelial cell migration (GO:0010596),1/38,0.5936791352634989,1.1282481389286527,0.5882869496510219,SVBP,1.0
GO_Biological_Process_2021,regulation of axon extension (GO:0030516),1/38,0.5936791352634989,1.1282481389286527,0.5882869496510219,MACF1,1.0
GO_Biological_Process_2021,negative regulation of defense response (GO:0031348),2/85,0.5947616517783095,1.0056879669393193,0.522549975498082,MUL1;SMPDL3B,1.0
GO_Biological_Process_2021,positive regulation of protein catabolic process (GO:0045732),2/85,0.5947616517783095,1.0056879669393193,0.522549975498082,PLK3;TNFRSF1B,1.0
GO_Biological_Process_2021,negative regulation of signal transduction (GO:0009968),6/267,0.5968075564129821,0.9588993179518733,0.49494601720609044,CTNNBIP1;PHACTR4;PRKCZ;PTCH2;SMPDL3B;YTHDF2,1.0
GO_Biological_Process_2021,positive regulation of endothelial cell migration (GO:0010595),2/86,0.6011440635116678,0.9936643977447861,0.5056963479052022,PIK3CD;ZC3H12A,1.0
GO_Biological_Process_2021,positive regulation of proteasomal protein catabolic process (GO:1901800),2/86,0.6011440635116678,0.9936643977447861,0.5056963479052022,DVL1;RNF19B,1.0
GO_Biological_Process_2021,regulation of Ras protein signal transduction (GO:0046578),2/86,0.6011440635116678,0.9936643977447861,0.5056963479052022,EPHB2;MFN2,1.0
GO_Biological_Process_2021,regulation of translation (GO:0006417),4/178,0.6016687335312438,0.9590764760603316,0.48725713645874547,EIF4G3;MTOR;RPS6KA1;YBX1,1.0
GO_Biological_Process_2021,odontogenesis (GO:0042476),1/39,0.6032051429128665,1.0985010477048125,0.5552900126113163,HDAC1,1.0
GO_Biological_Process_2021,"nucleotide-excision repair, DNA incision (GO:0033683)",1/39,0.6032051429128665,1.0985010477048125,0.5552900126113163,RPA2,1.0
GO_Biological_Process_2021,cellular response to ketone (GO:1901655),1/39,0.6032051429128665,1.0985010477048125,0.5552900126113163,GNB1,1.0
GO_Biological_Process_2021,DNA integrity checkpoint signaling (GO:0031570),1/39,0.6032051429128665,1.0985010477048125,0.5552900126113163,FBXO6,1.0
GO_Biological_Process_2021,regulation of viral entry into host cell (GO:0046596),1/39,0.6032051429128665,1.0985010477048125,0.5552900126113163,TRIM62,1.0
GO_Biological_Process_2021,response to peptide (GO:1901652),1/39,0.6032051429128665,1.0985010477048125,0.5552900126113163,EIF2B3,1.0
GO_Biological_Process_2021,regulation of T cell differentiation (GO:0045580),1/39,0.6032051429128665,1.0985010477048125,0.5552900126113163,TNFRSF18,1.0
GO_Biological_Process_2021,negative regulation of cellular metabolic process (GO:0031324),1/39,0.6032051429128665,1.0985010477048125,0.5552900126113163,PINK1,1.0
GO_Biological_Process_2021,protein acylation (GO:0043543),1/39,0.6032051429128665,1.0985010477048125,0.5552900126113163,ZDHHC18,1.0
GO_Biological_Process_2021,positive regulation of intracellular transport (GO:0032388),1/39,0.6032051429128665,1.0985010477048125,0.5552900126113163,PLK3,1.0
GO_Biological_Process_2021,negative regulation of protein secretion (GO:0050709),1/39,0.6032051429128665,1.0985010477048125,0.5552900126113163,BMP8A,1.0
GO_Biological_Process_2021,regulation of dendrite development (GO:0050773),1/39,0.6032051429128665,1.0985010477048125,0.5552900126113163,MFSD2A,1.0
GO_Biological_Process_2021,regulation of intracellular transport (GO:0032386),1/39,0.6032051429128665,1.0985010477048125,0.5552900126113163,ATP13A2,1.0
GO_Biological_Process_2021,"mitochondrial electron transport, NADH to ubiquinone (GO:0006120)",1/39,0.6032051429128665,1.0985010477048125,0.5552900126113163,NDUFS5,1.0
GO_Biological_Process_2021,phospholipid dephosphorylation (GO:0046839),1/39,0.6032051429128665,1.0985010477048125,0.5552900126113163,INPP5B,1.0
GO_Biological_Process_2021,endothelial cell migration (GO:0043542),1/39,0.6032051429128665,1.0985010477048125,0.5552900126113163,PLEKHG5,1.0
GO_Biological_Process_2021,positive regulation of cell migration (GO:0030335),6/269,0.6040659022059833,0.951508547376529,0.47962879497651545,EPHB2;FGR;MTOR;PDPN;PIK3CD;TNFRSF18,1.0
GO_Biological_Process_2021,cellular macromolecule biosynthetic process (GO:0034645),7/314,0.6044404509041283,0.9508786108007847,0.47872185575110204,MRPS15;PABPC4;RPA2;RPL11;RPL22;RPS8;RRAGC,1.0
GO_Biological_Process_2021,transmembrane receptor protein serine/threonine kinase signaling pathway (GO:0007178),3/133,0.6051034294112277,0.9628783916998859,0.48370761973326926,BMP8A;PRKCZ;SKI,1.0
GO_Biological_Process_2021,transmembrane receptor protein tyrosine kinase signaling pathway (GO:0007169),9/404,0.6064138392605236,0.9499627497181388,0.4751643594529163,ATP6V0B;CDC42;CNKSR1;EPHA2;EPHB2;FGR;STMN1;TIE1;WASF2,1.0
GO_Biological_Process_2021,negative regulation of angiogenesis (GO:0016525),2/87,0.6074504529459829,0.9819237360607126,0.48947392563734715,AGO1;HSPG2,1.0
GO_Biological_Process_2021,synaptic vesicle exocytosis (GO:0016079),1/40,0.6125082836932271,1.070279448338605,0.5246432926826154,RIMS3,1.0
GO_Biological_Process_2021,positive regulation of wound healing (GO:0090303),1/40,0.6125082836932271,1.070279448338605,0.5246432926826154,MTOR,1.0
GO_Biological_Process_2021,negative regulation of cell-substrate adhesion (GO:0010812),1/40,0.6125082836932271,1.070279448338605,0.5246432926826154,RCC2,1.0
GO_Biological_Process_2021,autophagy of mitochondrion (GO:0000422),1/40,0.6125082836932271,1.070279448338605,0.5246432926826154,PINK1,1.0
GO_Biological_Process_2021,carboxylic acid metabolic process (GO:0019752),1/40,0.6125082836932271,1.070279448338605,0.5246432926826154,SLC2A1,1.0
GO_Biological_Process_2021,stem cell differentiation (GO:0048863),1/40,0.6125082836932271,1.070279448338605,0.5246432926826154,PUM1,1.0
GO_Biological_Process_2021,negative regulation of I-kappaB kinase/NF-kappaB signaling (GO:0043124),1/40,0.6125082836932271,1.070279448338605,0.5246432926826154,ZC3H12A,1.0
GO_Biological_Process_2021,regulation of nitric oxide biosynthetic process (GO:0045428),1/40,0.6125082836932271,1.070279448338605,0.5246432926826154,ZC3H12A,1.0
GO_Biological_Process_2021,positive regulation of ossification (GO:0045778),1/40,0.6125082836932271,1.070279448338605,0.5246432926826154,ISG15,1.0
GO_Biological_Process_2021,positive regulation of double-strand break repair (GO:2000781),1/40,0.6125082836932271,1.070279448338605,0.5246432926826154,MAD2L2,1.0
GO_Biological_Process_2021,positive regulation of intrinsic apoptotic signaling pathway (GO:2001244),1/40,0.6125082836932271,1.070279448338605,0.5246432926826154,SFPQ,1.0
GO_Biological_Process_2021,glycolipid biosynthetic process (GO:0009247),1/40,0.6125082836932271,1.070279448338605,0.5246432926826154,PIGV,1.0
GO_Biological_Process_2021,positive regulation of cation channel activity (GO:2001259),1/40,0.6125082836932271,1.070279448338605,0.5246432926826154,EPHB2,1.0
GO_Biological_Process_2021,regulation of microtubule polymerization (GO:0031113),1/40,0.6125082836932271,1.070279448338605,0.5246432926826154,STMN1,1.0
GO_Biological_Process_2021,negative regulation of cytokine production (GO:0001818),4/182,0.6191471880847303,0.9373304723405627,0.449367711586543,GPATCH3;ISG15;LAPTM5;ZC3H12A,1.0
GO_Biological_Process_2021,regulation of cysteine-type endopeptidase activity involved in apoptotic process (GO:0043281),2/89,0.6198354258784493,0.9592521134983638,0.45881151210834475,IFI6;RPS6KA1,1.0
GO_Biological_Process_2021,protein import (GO:0017038),2/89,0.6198354258784493,0.9592521134983638,0.45881151210834475,IPO13;PEX14,1.0
GO_Biological_Process_2021,regulation of type I interferon production (GO:0032479),2/89,0.6198354258784493,0.9592521134983638,0.45881151210834475,GPATCH3;ISG15,1.0
GO_Biological_Process_2021,transforming growth factor beta receptor signaling pathway (GO:0007179),2/89,0.6198354258784493,0.9592521134983638,0.45881151210834475,PRKCZ;SKI,1.0
GO_Biological_Process_2021,ribonucleoprotein complex assembly (GO:0022618),3/136,0.620193194842181,0.9410138051330204,0.44954510949525833,MRPL20;RPL11;SRSF10,1.0
GO_Biological_Process_2021,acylglycerol metabolic process (GO:0006639),1/41,0.6215937608090362,1.0434689289407082,0.4961366244790896,LYPLA2,1.0
GO_Biological_Process_2021,protein methylation (GO:0006479),1/41,0.6215937608090362,1.0434689289407082,0.4961366244790896,ICMT,1.0
GO_Biological_Process_2021,carbohydrate catabolic process (GO:0016052),1/41,0.6215937608090362,1.0434689289407082,0.4961366244790896,ENO1,1.0
GO_Biological_Process_2021,regulation of G0 to G1 transition (GO:0070316),1/41,0.6215937608090362,1.0434689289407082,0.4961366244790896,RBBP4,1.0
GO_Biological_Process_2021,response to growth factor (GO:0070848),1/41,0.6215937608090362,1.0434689289407082,0.4961366244790896,EPHA2,1.0
GO_Biological_Process_2021,regulation of release of cytochrome c from mitochondria (GO:0090199),1/41,0.6215937608090362,1.0434689289407082,0.4961366244790896,PINK1,1.0
GO_Biological_Process_2021,positive regulation of biomineral tissue development (GO:0070169),1/41,0.6215937608090362,1.0434689289407082,0.4961366244790896,ISG15,1.0
GO_Biological_Process_2021,visual system development (GO:0150063),1/41,0.6215937608090362,1.0434689289407082,0.4961366244790896,C1QA,1.0
GO_Biological_Process_2021,positive regulation of TOR signaling (GO:0032008),1/41,0.6215937608090362,1.0434689289407082,0.4961366244790896,RRAGC,1.0
GO_Biological_Process_2021,gluconeogenesis (GO:0006094),1/41,0.6215937608090362,1.0434689289407082,0.4961366244790896,ENO1,1.0
GO_Biological_Process_2021,regulation of viral transcription (GO:0046782),1/41,0.6215937608090362,1.0434689289407082,0.4961366244790896,TRIM62,1.0
GO_Biological_Process_2021,negative regulation of cell-cell adhesion (GO:0022408),1/41,0.6215937608090362,1.0434689289407082,0.4961366244790896,MAD2L2,1.0
GO_Biological_Process_2021,T cell differentiation (GO:0030217),1/41,0.6215937608090362,1.0434689289407082,0.4961366244790896,PIK3CD,1.0
GO_Biological_Process_2021,epithelial cell migration (GO:0010631),1/41,0.6215937608090362,1.0434689289407082,0.4961366244790896,PLEKHG5,1.0
GO_Biological_Process_2021,positive regulation of cation transmembrane transport (GO:1904064),1/41,0.6215937608090362,1.0434689289407082,0.4961366244790896,GNB1,1.0
GO_Biological_Process_2021,transcription by RNA polymerase II (GO:0006366),7/320,0.6242589967649095,0.9323598313966286,0.4393185709701836,ELOA;HDAC1;INTS11;LSM10;MED18;SSU72;TAF12,1.0
GO_Biological_Process_2021,cellular amino acid catabolic process (GO:0009063),2/90,0.6259142353955284,0.9483027503290475,0.44431959273506705,ALDH4A1;HMGCL,1.0
GO_Biological_Process_2021,mitochondrial respiratory chain complex assembly (GO:0033108),2/90,0.6259142353955284,0.9483027503290475,0.44431959273506705,NDUFS5;SLC25A33,1.0
GO_Biological_Process_2021,protein complex oligomerization (GO:0051259),2/90,0.6259142353955284,0.9483027503290475,0.44431959273506705,SLC9A1;ZC3H12A,1.0
GO_Biological_Process_2021,sodium ion transport (GO:0006814),2/90,0.6259142353955284,0.9483027503290475,0.44431959273506705,SCNN1D;SLC6A9,1.0
GO_Biological_Process_2021,skeletal system morphogenesis (GO:0048705),1/42,0.6304666562417429,1.017966239757343,0.469582746345496,SKI,1.0
GO_Biological_Process_2021,phosphatidylinositol phosphate biosynthetic process (GO:0046854),1/42,0.6304666562417429,1.017966239757343,0.469582746345496,PIK3CD,1.0
GO_Biological_Process_2021,heterophilic cell-cell adhesion via plasma membrane cell adhesion molecules (GO:0007157),1/42,0.6304666562417429,1.017966239757343,0.469582746345496,IGSF21,1.0
GO_Biological_Process_2021,nucleic acid-templated transcription (GO:0097659),1/42,0.6304666562417429,1.017966239757343,0.469582746345496,RRAGC,1.0
GO_Biological_Process_2021,DNA metabolic process (GO:0006259),6/277,0.6323741670494651,0.9230363537209588,0.4230035837017538,CENPS;DFFB;FBXO6;MUTYH;PARK7;RPA2,1.0
GO_Biological_Process_2021,positive regulation of cellular component biogenesis (GO:0044089),2/92,0.6378453332649479,0.9271339815350361,0.4168945556352769,ATP13A2;PARK7,1.0
GO_Biological_Process_2021,regulation of peptidyl-tyrosine phosphorylation (GO:0050730),2/92,0.6378453332649479,0.9271339815350361,0.4168945556352769,PRKCZ;TNFRSF14,1.0
GO_Biological_Process_2021,regulation of cell-substrate adhesion (GO:0010810),1/43,0.639131933568071,0.9936779643446139,0.44481435339571423,PDPN,1.0
GO_Biological_Process_2021,regulation of cytokine production involved in inflammatory response (GO:1900015),1/43,0.639131933568071,0.9936779643446139,0.44481435339571423,ZC3H12A,1.0
GO_Biological_Process_2021,signal release from synapse (GO:0099643),1/43,0.639131933568071,0.9936779643446139,0.44481435339571423,DVL1,1.0
GO_Biological_Process_2021,positive regulation of axonogenesis (GO:0050772),1/43,0.639131933568071,0.9936779643446139,0.44481435339571423,MACF1,1.0
GO_Biological_Process_2021,negative regulation of proteolysis (GO:0045861),1/43,0.639131933568071,0.9936779643446139,0.44481435339571423,CAMK2N1,1.0
GO_Biological_Process_2021,visual perception (GO:0007601),2/93,0.6436980545665177,0.9168985328873823,0.4039172050004702,DHRS3;EYA3,1.0
GO_Biological_Process_2021,positive regulation of cellular catabolic process (GO:0031331),3/141,0.6444603710406757,0.906685347962821,0.3983449055512569,LAPTM5;TNFRSF1B;ZC3H12A,1.0
GO_Biological_Process_2021,positive regulation of osteoblast differentiation (GO:0045669),1/44,0.6475944407129397,0.970519376160384,0.42168158649259213,CTNNBIP1,1.0
GO_Biological_Process_2021,cardiac ventricle morphogenesis (GO:0003208),1/44,0.6475944407129397,0.970519376160384,0.42168158649259213,HEYL,1.0
GO_Biological_Process_2021,lymphocyte chemotaxis (GO:0048247),1/44,0.6475944407129397,0.970519376160384,0.42168158649259213,PIK3CD,1.0
GO_Biological_Process_2021,neurotransmitter secretion (GO:0007269),1/44,0.6475944407129397,0.970519376160384,0.42168158649259213,DVL1,1.0
GO_Biological_Process_2021,positive regulation of cell division (GO:0051781),1/44,0.6475944407129397,0.970519376160384,0.42168158649259213,CDC42,1.0
GO_Biological_Process_2021,positive regulation of cell-matrix adhesion (GO:0001954),1/44,0.6475944407129397,0.970519376160384,0.42168158649259213,COL16A1,1.0
GO_Biological_Process_2021,metal ion homeostasis (GO:0055065),1/44,0.6475944407129397,0.970519376160384,0.42168158649259213,SELENON,1.0
GO_Biological_Process_2021,hexose biosynthetic process (GO:0019319),1/44,0.6475944407129397,0.970519376160384,0.42168158649259213,ENO1,1.0
GO_Biological_Process_2021,mitotic spindle assembly (GO:0090307),1/44,0.6475944407129397,0.970519376160384,0.42168158649259213,WRAP73,1.0
GO_Biological_Process_2021,positive regulation of biosynthetic process (GO:0009891),1/44,0.6475944407129397,0.970519376160384,0.42168158649259213,MTOR,1.0
GO_Biological_Process_2021,positive regulation of potassium ion transmembrane transport (GO:1901381),1/44,0.6475944407129397,0.970519376160384,0.42168158649259213,GNB1,1.0
GO_Biological_Process_2021,regulation of GTPase activity (GO:0043087),4/189,0.6485555596381531,0.9015377256774838,0.3903726912501672,AGRN;ASAP3;RAP1GAP;RCC2,1.0
GO_Biological_Process_2021,nucleosome organization (GO:0034728),2/94,0.6494758977321373,0.9068855939929384,0.391402347695965,ARID1A;DMAP1,1.0
GO_Biological_Process_2021,negative regulation of cellular protein metabolic process (GO:0032269),2/94,0.6494758977321373,0.9068855939929384,0.391402347695965,CAMK2N1;YBX1,1.0
GO_Biological_Process_2021,negative regulation of MAPK cascade (GO:0043409),2/94,0.6494758977321373,0.9068855939929384,0.391402347695965,CAMK2N1;EPHB2,1.0
GO_Biological_Process_2021,neuron development (GO:0048666),3/143,0.6538556205793747,0.8936405342381454,0.3796799059334843,NCDN;PPT1;STMN1,1.0
GO_Biological_Process_2021,receptor-mediated endocytosis (GO:0006898),3/143,0.6538556205793747,0.8936405342381454,0.3796799059334843,HSPG2;LDLRAP1;PPT1,1.0
GO_Biological_Process_2021,sensory perception of light stimulus (GO:0050953),2/95,0.655179154375526,0.8970879871177297,0.37933057171645634,DHRS3;EYA3,1.0
GO_Biological_Process_2021,protein deacetylation (GO:0006476),1/45,0.6558589126384933,0.9484134510754372,0.4000498845544327,HDAC1,1.0
GO_Biological_Process_2021,regulation of DNA repair (GO:0006282),1/45,0.6558589126384933,0.9484134510754372,0.4000498845544327,EYA3,1.0
GO_Biological_Process_2021,microtubule bundle formation (GO:0001578),1/45,0.6558589126384933,0.9484134510754372,0.4000498845544327,CFAP74,1.0
GO_Biological_Process_2021,negative regulation of T cell activation (GO:0050868),1/45,0.6558589126384933,0.9484134510754372,0.4000498845544327,LAPTM5,1.0
GO_Biological_Process_2021,positive regulation of response to biotic stimulus (GO:0002833),1/45,0.6558589126384933,0.9484134510754372,0.4000498845544327,PUM1,1.0
GO_Biological_Process_2021,negative regulation of cell differentiation (GO:0045596),4/191,0.6566763608443631,0.8918034110769825,0.3750603949009231,DISP3;MAD2L2;SKI;YTHDF2,1.0
GO_Biological_Process_2021,positive regulation of programmed cell death (GO:0043068),6/286,0.6627657206839452,0.8929498883715238,0.36730039374182066,ARHGEF16;CASP9;LAPTM5;PLEKHG5;STPG1;UTP11,1.0
GO_Biological_Process_2021,regulation of B cell proliferation (GO:0030888),1/46,0.6639299739707503,0.9272900115498215,0.3797981409732232,EPHB2,1.0
GO_Biological_Process_2021,regulation of fibroblast proliferation (GO:0048145),1/46,0.6639299739707503,0.9272900115498215,0.3797981409732232,SKI,1.0
GO_Biological_Process_2021,interleukin-12-mediated signaling pathway (GO:0035722),1/46,0.6639299739707503,0.9272900115498215,0.3797981409732232,CDC42,1.0
GO_Biological_Process_2021,negative regulation of tumor necrosis factor production (GO:0032720),1/46,0.6639299739707503,0.9272900115498215,0.3797981409732232,ZC3H12A,1.0
GO_Biological_Process_2021,posttranscriptional regulation of gene expression (GO:0010608),1/46,0.6639299739707503,0.9272900115498215,0.3797981409732232,PUM1,1.0
GO_Biological_Process_2021,positive regulation of organelle assembly (GO:1902117),1/46,0.6639299739707503,0.9272900115498215,0.3797981409732232,CROCC,1.0
GO_Biological_Process_2021,establishment of protein localization to extracellular region (GO:0035592),1/46,0.6639299739707503,0.9272900115498215,0.3797981409732232,SVBP,1.0
GO_Biological_Process_2021,"regulation of synaptic transmission, glutamatergic (GO:0051966)",1/46,0.6639299739707503,0.9272900115498215,0.3797981409732232,TPRG1L,1.0
GO_Biological_Process_2021,erythrocyte differentiation (GO:0030218),1/46,0.6639299739707503,0.9272900115498215,0.3797981409732232,ATP5IF1,1.0
GO_Biological_Process_2021,positive regulation of response to stimulus (GO:0048584),1/46,0.6639299739707503,0.9272900115498215,0.3797981409732232,SELENON,1.0
GO_Biological_Process_2021,protein maturation (GO:0051604),2/97,0.6663632097410015,0.87811156959101,0.3564433970484201,DDI2;ECE1,1.0
GO_Biological_Process_2021,positive regulation of cold-induced thermogenesis (GO:0120162),2/97,0.6663632097410015,0.87811156959101,0.3564433970484201,KDM1A;MFN2,1.0
GO_Biological_Process_2021,double-strand break repair via homologous recombination (GO:0000724),2/97,0.6663632097410015,0.87811156959101,0.3564433970484201,RPA2;SFPQ,1.0
GO_Biological_Process_2021,calcium ion homeostasis (GO:0055074),2/97,0.6663632097410015,0.87811156959101,0.3564433970484201,ATP13A2;SELENON,1.0
GO_Biological_Process_2021,positive regulation of cytokine production (GO:0001819),7/335,0.6713049522327399,0.8890270167847691,0.35430551145383476,FGR;ISG15;LAPTM5;PARK7;PIK3CD;PRKCZ;TNFRSF14,1.0
GO_Biological_Process_2021,regulation of cellular metabolic process (GO:0031323),1/47,0.6718121415653019,0.9070849824383628,0.36081711562536495,PINK1,1.0
GO_Biological_Process_2021,epithelial to mesenchymal transition (GO:0001837),1/47,0.6718121415653019,0.9070849824383628,0.36081711562536495,HEYL,1.0
GO_Biological_Process_2021,regulation of wound healing (GO:0061041),1/47,0.6718121415653019,0.9070849824383628,0.36081711562536495,EPHB2,1.0
GO_Biological_Process_2021,positive regulation of cell-cell adhesion (GO:0022409),1/47,0.6718121415653019,0.9070849824383628,0.36081711562536495,PTPRU,1.0
GO_Biological_Process_2021,telomere organization (GO:0032200),1/47,0.6718121415653019,0.9070849824383628,0.36081711562536495,RPA2,1.0
GO_Biological_Process_2021,positive regulation of neuron death (GO:1901216),1/47,0.6718121415653019,0.9070849824383628,0.36081711562536495,C1QA,1.0
GO_Biological_Process_2021,glycosphingolipid metabolic process (GO:0006687),1/47,0.6718121415653019,0.9070849824383628,0.36081711562536495,CPTP,1.0
GO_Biological_Process_2021,positive regulation of pathway-restricted SMAD protein phosphorylation (GO:0010862),1/47,0.6718121415653019,0.9070849824383628,0.36081711562536495,BMP8A,1.0
GO_Biological_Process_2021,mRNA-containing ribonucleoprotein complex export from nucleus (GO:0071427),2/99,0.6772530746369796,0.8599176847458044,0.33511874290353516,SRRM1;SRSF4,1.0
GO_Biological_Process_2021,negative regulation of mitotic cell cycle (GO:0045930),1/48,0.679509827013477,0.8877397417997323,0.3430080625375959,AURKAIP1,1.0
GO_Biological_Process_2021,myelination (GO:0042552),1/48,0.679509827013477,0.8877397417997323,0.3430080625375959,SKI,1.0
GO_Biological_Process_2021,cellular response to interleukin-12 (GO:0071349),1/48,0.679509827013477,0.8877397417997323,0.3430080625375959,CDC42,1.0
GO_Biological_Process_2021,substrate adhesion-dependent cell spreading (GO:0034446),1/48,0.679509827013477,0.8877397417997323,0.3430080625375959,VAMP3,1.0
GO_Biological_Process_2021,regulation of interleukin-2 production (GO:0032663),1/48,0.679509827013477,0.8877397417997323,0.3430080625375959,LAPTM5,1.0
GO_Biological_Process_2021,cellular response to ionizing radiation (GO:0071479),1/48,0.679509827013477,0.8877397417997323,0.3430080625375959,KDM1A,1.0
GO_Biological_Process_2021,cellular response to alcohol (GO:0097306),1/48,0.679509827013477,0.8877397417997323,0.3430080625375959,GNB1,1.0
GO_Biological_Process_2021,positive regulation of DNA repair (GO:0045739),1/48,0.679509827013477,0.8877397417997323,0.3430080625375959,EYA3,1.0
GO_Biological_Process_2021,Golgi to plasma membrane transport (GO:0006893),1/48,0.679509827013477,0.8877397417997323,0.3430080625375959,MACF1,1.0
GO_Biological_Process_2021,cognition (GO:0050890),1/48,0.679509827013477,0.8877397417997323,0.3430080625375959,MFSD2A,1.0
GO_Biological_Process_2021,negative regulation of tumor necrosis factor superfamily cytokine production (GO:1903556),1/48,0.679509827013477,0.8877397417997323,0.3430080625375959,ZC3H12A,1.0
GO_Biological_Process_2021,cell-matrix adhesion (GO:0007160),2/100,0.6825886801678358,0.851099220152465,0.32500315345799274,RCC2;TESK2,1.0
GO_Biological_Process_2021,organic acid transport (GO:0015849),2/100,0.6825886801678358,0.851099220152465,0.32500315345799274,MFSD2A;PDPN,1.0
GO_Biological_Process_2021,positive regulation of DNA-binding transcription factor activity (GO:0051091),5/246,0.6855919962582864,0.864423773932756,0.32629627720426807,KDM1A;PARK7;PRKCZ;TAF12;TRIM62,1.0
GO_Biological_Process_2021,response to glucose (GO:0009749),1/49,0.687027339090346,0.8692005528543779,0.3262815401914239,EIF2B3,1.0
GO_Biological_Process_2021,oligosaccharide metabolic process (GO:0009311),1/49,0.687027339090346,0.8692005528543779,0.3262815401914239,ST3GAL3,1.0
GO_Biological_Process_2021,response to hydrogen peroxide (GO:0042542),1/49,0.687027339090346,0.8692005528543779,0.3262815401914239,PARK7,1.0
GO_Biological_Process_2021,receptor internalization (GO:0031623),1/49,0.687027339090346,0.8692005528543779,0.3262815401914239,LDLRAP1,1.0
GO_Biological_Process_2021,cellular response to mechanical stimulus (GO:0071260),1/49,0.687027339090346,0.8692005528543779,0.3262815401914239,SLC9A1,1.0
GO_Biological_Process_2021,regulation of interferon-beta production (GO:0032648),1/49,0.687027339090346,0.8692005528543779,0.3262815401914239,ISG15,1.0
GO_Biological_Process_2021,mitotic cytokinesis (GO:0000281),1/49,0.687027339090346,0.8692005528543779,0.3262815401914239,STMN1,1.0
GO_Biological_Process_2021,secondary alcohol metabolic process (GO:1902652),1/49,0.687027339090346,0.8692005528543779,0.3262815401914239,LDLRAP1,1.0
GO_Biological_Process_2021,regulation of smooth muscle cell proliferation (GO:0048660),1/49,0.687027339090346,0.8692005528543779,0.3262815401914239,MFN2,1.0
GO_Biological_Process_2021,positive regulation of reactive oxygen species metabolic process (GO:2000379),1/49,0.687027339090346,0.8692005528543779,0.3262815401914239,ZC3H12A,1.0
GO_Biological_Process_2021,positive regulation of cell cycle process (GO:0090068),2/101,0.6878519743095872,0.8424589063589909,0.31523263652611705,CDC42;RCC2,1.0
GO_Biological_Process_2021,cell junction assembly (GO:0034329),2/102,0.6930434116183578,0.8339913988413864,0.3057934869742138,CDC42;FBLIM1,1.0
GO_Biological_Process_2021,positive regulation of cellular protein metabolic process (GO:0032270),2/102,0.6930434116183578,0.8339913988413864,0.3057934869742138,AURKAIP1;MTOR,1.0
GO_Biological_Process_2021,protein O-linked glycosylation (GO:0006493),2/102,0.6930434116183578,0.8339913988413864,0.3057934869742138,PLOD1;ST3GAL3,1.0
GO_Biological_Process_2021,calcium-mediated signaling (GO:0019722),2/102,0.6930434116183578,0.8339913988413864,0.3057934869742138,RCAN3;SLC9A1,1.0
GO_Biological_Process_2021,actin filament organization (GO:0007015),3/152,0.6939203808690226,0.8392725522044295,0.30666855401864096,CDC42;MAD2L2;MARCKSL1,1.0
GO_Biological_Process_2021,iron ion transport (GO:0006826),1/50,0.6943688861459183,0.85141806549863,0.31055637705697375,ATP6V0B,1.0
GO_Biological_Process_2021,organic hydroxy compound biosynthetic process (GO:1901617),1/50,0.6943688861459183,0.85141806549863,0.31055637705697375,PARK7,1.0
GO_Biological_Process_2021,chloride transmembrane transport (GO:1902476),1/50,0.6943688861459183,0.85141806549863,0.31055637705697375,GABRD,1.0
GO_Biological_Process_2021,amino acid transport (GO:0006865),1/50,0.6943688861459183,0.85141806549863,0.31055637705697375,PDPN,1.0
GO_Biological_Process_2021,positive regulation of cell morphogenesis involved in differentiation (GO:0010770),1/50,0.6943688861459183,0.85141806549863,0.31055637705697375,CDC42,1.0
GO_Biological_Process_2021,cytokine-mediated signaling pathway (GO:0019221),13/621,0.6980986110209614,0.8892856952108985,0.3196047520958299,CDC42;CSF3R;IFI6;IFNLR1;ISG15;PIK3CD;PSMB2;TNFRSF14;TNFRSF18;TNFRSF1B;TNFRSF25;TRIM62;TXLNA,1.0
GO_Biological_Process_2021,dephosphorylation (GO:0016311),3/153,0.6981488917374092,0.8336343911046368,0.2995439161332194,ALPL;PTPRF;PTPRU,1.0
GO_Biological_Process_2021,mesenchymal cell differentiation (GO:0048762),1/51,0.701538578440841,0.8343468776371119,0.29575876951168995,HEYL,1.0
GO_Biological_Process_2021,negative regulation of transport (GO:0051051),1/51,0.701538578440841,0.8343468776371119,0.29575876951168995,YRDC,1.0
GO_Biological_Process_2021,regulation of interleukin-12 production (GO:0032655),1/51,0.701538578440841,0.8343468776371119,0.29575876951168995,LAPTM5,1.0
GO_Biological_Process_2021,mitotic nuclear membrane organization (GO:0101024),1/51,0.701538578440841,0.8343468776371119,0.29575876951168995,RCC1,1.0
GO_Biological_Process_2021,regulation of smoothened signaling pathway (GO:0008589),1/51,0.701538578440841,0.8343468776371119,0.29575876951168995,PTCH2,1.0
GO_Biological_Process_2021,regulation of protein modification process (GO:0031399),1/51,0.701538578440841,0.8343468776371119,0.29575876951168995,SESN2,1.0
GO_Biological_Process_2021,mitotic nuclear membrane reassembly (GO:0007084),1/51,0.701538578440841,0.8343468776371119,0.29575876951168995,RCC1,1.0
GO_Biological_Process_2021,regulation of epithelial cell migration (GO:0010632),1/51,0.701538578440841,0.8343468776371119,0.29575876951168995,MACF1,1.0
GO_Biological_Process_2021,mitotic metaphase plate congression (GO:0007080),1/51,0.701538578440841,0.8343468776371119,0.29575876951168995,NUDC,1.0
GO_Biological_Process_2021,regulation of cellular amine metabolic process (GO:0033238),1/51,0.701538578440841,0.8343468776371119,0.29575876951168995,PSMB2,1.0
GO_Biological_Process_2021,mRNA transport (GO:0051028),2/104,0.703212624500537,0.8175544724836834,0.2878576430634266,SRRM1;SRSF4,1.0
GO_Biological_Process_2021,cellular metal ion homeostasis (GO:0006875),2/104,0.703212624500537,0.8175544724836834,0.2878576430634266,ATP13A2;SLC9A1,1.0
GO_Biological_Process_2021,regulation of insulin secretion (GO:0050796),2/104,0.703212624500537,0.8175544724836834,0.2878576430634266,BMP8A;SLC2A1,1.0
GO_Biological_Process_2021,nucleotide-excision repair (GO:0006289),2/105,0.7081913964589782,0.8095753820187791,0.27933660858553505,PPIE;RPA2,1.0
GO_Biological_Process_2021,ameboidal-type cell migration (GO:0001667),1/52,0.7085404304278924,0.8179451481231043,0.2818214930310526,PHACTR4,1.0
GO_Biological_Process_2021,regulation of release of sequestered calcium ion into cytosol (GO:0051279),1/52,0.7085404304278924,0.8179451481231043,0.2818214930310526,SELENON,1.0
GO_Biological_Process_2021,plasma membrane bounded cell projection morphogenesis (GO:0120039),1/52,0.7085404304278924,0.8179451481231043,0.2818214930310526,NBL1,1.0
GO_Biological_Process_2021,regulation of telomere maintenance via telomerase (GO:0032210),1/52,0.7085404304278924,0.8179451481231043,0.2818214930310526,EXOSC10,1.0
GO_Biological_Process_2021,response to peptide hormone (GO:0043434),1/52,0.7085404304278924,0.8179451481231043,0.2818214930310526,EIF2B3,1.0
GO_Biological_Process_2021,myeloid cell differentiation (GO:0030099),1/52,0.7085404304278924,0.8179451481231043,0.2818214930310526,ATP5IF1,1.0
GO_Biological_Process_2021,fatty acid beta-oxidation (GO:0006635),1/52,0.7085404304278924,0.8179451481231043,0.2818214930310526,MECR,1.0
GO_Biological_Process_2021,regulation of phosphatidylinositol 3-kinase signaling (GO:0014066),2/106,0.7131003022721689,0.8017497356012767,0.2710981973347525,FGR;PIK3CD,1.0
GO_Biological_Process_2021,RNA export from nucleus (GO:0006405),2/106,0.7131003022721689,0.8017497356012767,0.2710981973347525,SRRM1;SRSF4,1.0
GO_Biological_Process_2021,peptidyl-lysine modification (GO:0018205),2/106,0.7131003022721689,0.8017497356012767,0.2710981973347525,PARK7;PLOD1,1.0
GO_Biological_Process_2021,regulation of inflammatory response (GO:0050727),4/206,0.7135077176583942,0.8249402352938368,0.27846849674529456,PARK7;SMPDL3B;TNFRSF1B;VAMP3,1.0
GO_Biological_Process_2021,positive regulation of NIK/NF-kappaB signaling (GO:1901224),1/53,0.7153783629805166,0.8021742543596355,0.2686832106021816,LAPTM5,1.0
GO_Biological_Process_2021,IRE1-mediated unfolded protein response (GO:0036498),1/53,0.7153783629805166,0.8021742543596355,0.2686832106021816,ZBTB17,1.0
GO_Biological_Process_2021,heart morphogenesis (GO:0003007),1/53,0.7153783629805166,0.8021742543596355,0.2686832106021816,HEYL,1.0
GO_Biological_Process_2021,mRNA export from nucleus (GO:0006406),2/107,0.7179398775194078,0.7940731491155364,0.2631315822735238,SRRM1;SRSF4,1.0
GO_Biological_Process_2021,response to calcium ion (GO:0051592),2/107,0.7179398775194078,0.7940731491155364,0.2631315822735238,CLIC4;PEF1,1.0
GO_Biological_Process_2021,organonitrogen compound biosynthetic process (GO:1901566),3/158,0.7186280609515586,0.8065348425927299,0.26648827067305486,AKR1A1;ELOVL1;MFSD2A,1.0
GO_Biological_Process_2021,regulation of cellular amino acid metabolic process (GO:0006521),1/54,0.7220562055696336,0.7869984886627127,0.25628786483653765,PSMB2,1.0
GO_Biological_Process_2021,cytoplasmic microtubule organization (GO:0031122),1/54,0.7220562055696336,0.7869984886627127,0.25628786483653765,PLK3,1.0
GO_Biological_Process_2021,nuclear membrane reassembly (GO:0031468),1/54,0.7220562055696336,0.7869984886627127,0.25628786483653765,RCC1,1.0
GO_Biological_Process_2021,negative regulation of viral genome replication (GO:0045071),1/54,0.7220562055696336,0.7869984886627127,0.25628786483653765,ISG15,1.0
GO_Biological_Process_2021,positive regulation of leukocyte chemotaxis (GO:0002690),1/54,0.7220562055696336,0.7869984886627127,0.25628786483653765,AKIRIN1,1.0
GO_Biological_Process_2021,regulation of proteasomal protein catabolic process (GO:0061136),1/54,0.7220562055696336,0.7869984886627127,0.25628786483653765,PINK1,1.0
GO_Biological_Process_2021,regulation of cyclin-dependent protein kinase activity (GO:1904029),1/54,0.7220562055696336,0.7869984886627127,0.25628786483653765,CAMK2N1,1.0
GO_Biological_Process_2021,unsaturated fatty acid metabolic process (GO:0033559),1/54,0.7220562055696336,0.7869984886627127,0.25628786483653765,ELOVL1,1.0
GO_Biological_Process_2021,negative regulation of transmembrane receptor protein serine/threonine kinase signaling pathway (GO:0090101),2/108,0.7227106709961628,0.786541403884244,0.2554264227774325,NBL1;SKI,1.0
GO_Biological_Process_2021,pyruvate metabolic process (GO:0006090),1/55,0.7285776983899189,0.7723847883619722,0.24458414234758827,ENO1,1.0
GO_Biological_Process_2021,regulation of blood vessel endothelial cell migration (GO:0043535),1/55,0.7285776983899189,0.7723847883619722,0.24458414234758827,EPHA2,1.0
GO_Biological_Process_2021,positive regulation of response to DNA damage stimulus (GO:2001022),1/55,0.7285776983899189,0.7723847883619722,0.24458414234758827,EYA3,1.0
GO_Biological_Process_2021,protein targeting to mitochondrion (GO:0006626),1/55,0.7285776983899189,0.7723847883619722,0.24458414234758827,MFN2,1.0
GO_Biological_Process_2021,triglyceride metabolic process (GO:0006641),1/55,0.7285776983899189,0.7723847883619722,0.24458414234758827,FABP3,1.0
GO_Biological_Process_2021,positive regulation of protein kinase B signaling (GO:0051897),3/161,0.7303895827745255,0.7910983909087321,0.2485450869999501,PARK7;PIK3CD;PINK1,1.0
GO_Biological_Process_2021,negative regulation of inflammatory response (GO:0050728),4/212,0.73421799029231,0.8008952086179746,0.24743601804928778,FGR;GNB1;SMPDL3B;TNFRSF1B,1.0
GO_Biological_Process_2021,mitochondrial transport (GO:0006839),1/56,0.7349464944367234,0.758302495344895,0.23352500069481194,MFN2,1.0
GO_Biological_Process_2021,sensory organ development (GO:0007423),1/56,0.7349464944367234,0.758302495344895,0.23352500069481194,ECE1,1.0
GO_Biological_Process_2021,"DNA damage response, signal transduction by p53 class mediator resulting in cell cycle arrest (GO:0006977)",1/56,0.7349464944367234,0.758302495344895,0.23352500069481194,PLK3,1.0
GO_Biological_Process_2021,protein-containing complex disassembly (GO:0032984),1/56,0.7349464944367234,0.758302495344895,0.23352500069481194,DVL1,1.0
GO_Biological_Process_2021,positive regulation of intracellular signal transduction (GO:1902533),11/546,0.7350612358151378,0.8546882166809876,0.2630742888070532,FGR;LAPTM5;MIB2;MUL1;PARK7;PIK3CD;PINK1;PLEKHG5;PUM1;RRAGC;TRIM62,1.0
GO_Biological_Process_2021,positive regulation of apoptotic process (GO:0043065),6/310,0.7357862778818516,0.8214285540759371,0.25202708295855764,ARHGEF16;CASP9;PLEKHG5;STPG1;UTP11;ZC3H12A,1.0
GO_Biological_Process_2021,regulation of cytoskeleton organization (GO:0051493),2/112,0.7411174157674465,0.7577838311829456,0.22702916413415017,CLIC4;MTOR,1.0
GO_Biological_Process_2021,phosphatidylinositol metabolic process (GO:0046488),2/112,0.7411174157674465,0.7577838311829456,0.22702916413415017,INPP5B;PIK3CD,1.0
GO_Biological_Process_2021,positive regulation of interferon-gamma production (GO:0032729),1/57,0.7411661615347784,0.744723141364142,0.223067249641935,ISG15,1.0
GO_Biological_Process_2021,negative regulation of cell cycle G2/M phase transition (GO:1902750),1/57,0.7411661615347784,0.744723141364142,0.223067249641935,PSMB2,1.0
GO_Biological_Process_2021,regulation of bone mineralization (GO:0030500),1/57,0.7411661615347784,0.744723141364142,0.223067249641935,ISG15,1.0
GO_Biological_Process_2021,negative regulation of DNA recombination (GO:0045910),1/57,0.7411661615347784,0.744723141364142,0.223067249641935,MAD2L2,1.0
GO_Biological_Process_2021,dicarboxylic acid metabolic process (GO:0043648),1/57,0.7411661615347784,0.744723141364142,0.223067249641935,MTHFR,1.0
GO_Biological_Process_2021,regulation of cell migration (GO:0030334),8/408,0.741974080267778,0.831826069308129,0.24825097789640457,CLIC4;EPHB2;FGR;MACF1;PDPN;PIK3CD;PTPRU;RCC2,1.0
GO_Biological_Process_2021,adenylate cyclase-modulating G protein-coupled receptor signaling pathway (GO:0007188),3/165,0.745467097472361,0.771405798225443,0.22659604124827337,ADGRB2;CORT;WASF2,1.0
GO_Biological_Process_2021,nucleosome assembly (GO:0006334),1/58,0.7472401843198022,0.7316202559441172,0.213171179687086,RBBP4,1.0
GO_Biological_Process_2021,receptor metabolic process (GO:0043112),1/58,0.7472401843198022,0.7316202559441172,0.213171179687086,LDLRAP1,1.0
GO_Biological_Process_2021,RNA modification (GO:0009451),1/58,0.7472401843198022,0.7316202559441172,0.213171179687086,TRIT1,1.0
GO_Biological_Process_2021,NADH dehydrogenase complex assembly (GO:0010257),1/58,0.7472401843198022,0.7316202559441172,0.213171179687086,NDUFS5,1.0
GO_Biological_Process_2021,regulation of neurotransmitter receptor activity (GO:0099601),1/58,0.7472401843198022,0.7316202559441172,0.213171179687086,DLGAP3,1.0
GO_Biological_Process_2021,mitochondrial respiratory chain complex I assembly (GO:0032981),1/58,0.7472401843198022,0.7316202559441172,0.213171179687086,NDUFS5,1.0
GO_Biological_Process_2021,regulation of pathway-restricted SMAD protein phosphorylation (GO:0060393),1/58,0.7472401843198022,0.7316202559441172,0.213171179687086,BMP8A,1.0
GO_Biological_Process_2021,membrane lipid biosynthetic process (GO:0046467),1/58,0.7472401843198022,0.7316202559441172,0.213171179687086,ELOVL1,1.0
GO_Biological_Process_2021,regulation of phagocytosis (GO:0050764),1/58,0.7472401843198022,0.7316202559441172,0.213171179687086,FGR,1.0
GO_Biological_Process_2021,chordate embryonic development (GO:0043009),1/58,0.7472401843198022,0.7316202559441172,0.213171179687086,DVL1,1.0
GO_Biological_Process_2021,muscle organ development (GO:0007517),1/58,0.7472401843198022,0.7316202559441172,0.213171179687086,FHL3,1.0
GO_Biological_Process_2021,regulation of tumor necrosis factor-mediated signaling pathway (GO:0010803),1/58,0.7472401843198022,0.7316202559441172,0.213171179687086,LAPTM5,1.0
GO_Biological_Process_2021,eye development (GO:0001654),1/58,0.7472401843198022,0.7316202559441172,0.213171179687086,SKI,1.0
GO_Biological_Process_2021,fat cell differentiation (GO:0045444),1/58,0.7472401843198022,0.7316202559441172,0.213171179687086,SDF4,1.0
GO_Biological_Process_2021,cellular iron ion homeostasis (GO:0006879),1/58,0.7472401843198022,0.7316202559441172,0.213171179687086,ATP13A2,1.0
GO_Biological_Process_2021,regulation of calcium ion transport (GO:0051924),1/58,0.7472401843198022,0.7316202559441172,0.213171179687086,EPB41,1.0
GO_Biological_Process_2021,negative regulation of cell motility (GO:2000146),2/114,0.7499231907379891,0.7441753369582239,0.21416211985105751,CLIC4;PTPRU,1.0
GO_Biological_Process_2021,response to lipid (GO:0033993),2/114,0.7499231907379891,0.7441753369582239,0.21416211985105751,ALPL;PAQR7,1.0
GO_Biological_Process_2021,cellular response to transforming growth factor beta stimulus (GO:0071560),2/114,0.7499231907379891,0.7441753369582239,0.21416211985105751,PRKCZ;SKI,1.0
GO_Biological_Process_2021,positive regulation of cellular component organization (GO:0051130),2/114,0.7499231907379891,0.7441753369582239,0.21416211985105751,PARK7;PLEKHM2,1.0
GO_Biological_Process_2021,response to reactive oxygen species (GO:0000302),1/59,0.7531719661740964,0.7189691941592656,0.20380023183767723,PLK3,1.0
GO_Biological_Process_2021,selective autophagy (GO:0061912),1/59,0.7531719661740964,0.7189691941592656,0.20380023183767723,PARK7,1.0
GO_Biological_Process_2021,fatty acid oxidation (GO:0019395),1/59,0.7531719661740964,0.7189691941592656,0.20380023183767723,MECR,1.0
GO_Biological_Process_2021,positive regulation of tyrosine phosphorylation of STAT protein (GO:0042531),1/59,0.7531719661740964,0.7189691941592656,0.20380023183767723,TNFRSF18,1.0
GO_Biological_Process_2021,mitotic DNA damage checkpoint signaling (GO:0044773),1/59,0.7531719661740964,0.7189691941592656,0.20380023183767723,RPA2,1.0
GO_Biological_Process_2021,cellular amide metabolic process (GO:0043603),2/115,0.7542288060659514,0.73755173357451,0.20803347370274392,ACOT7;MTHFR,1.0
GO_Biological_Process_2021,cellular response to molecule of bacterial origin (GO:0071219),2/115,0.7542288060659514,0.73755173357451,0.20803347370274392,TNFRSF1B;ZC3H12A,1.0
GO_Biological_Process_2021,cytosolic transport (GO:0016482),2/116,0.7584704038347786,0.7310443337589312,0.20209830284566802,LAPTM5;VAMP3,1.0
GO_Biological_Process_2021,homophilic cell adhesion via plasma membrane adhesion molecules (GO:0007156),1/60,0.7589648311172045,0.7067469819264429,0.1949207034573018,IGSF21,1.0
GO_Biological_Process_2021,cellular response to chemokine (GO:1990869),1/60,0.7589648311172045,0.7067469819264429,0.1949207034573018,ZC3H12A,1.0
GO_Biological_Process_2021,adenylate cyclase-inhibiting G protein-coupled receptor signaling pathway (GO:0007193),1/60,0.7589648311172045,0.7067469819264429,0.1949207034573018,CORT,1.0
GO_Biological_Process_2021,positive regulation of cell projection organization (GO:0031346),2/117,0.7626486148828179,0.7246501061140582,0.19634965992035672,DVL1;P3H1,1.0
GO_Biological_Process_2021,cellular protein metabolic process (GO:0044267),8/417,0.7631215496786449,0.8131391344438235,0.21982237108811295,FBXO2;ICMT;MRPS15;PABPC4;RPL11;RPL22;RPS8;VWA1,1.0
GO_Biological_Process_2021,"transcription, DNA-templated (GO:0006351)",4/221,0.7631436008264657,0.7673208165314023,0.20741376853286383,ELOA;RRAGC;SLC25A33;TAF12,1.0
GO_Biological_Process_2021,positive regulation of cell motility (GO:2000147),4/221,0.7631436008264657,0.7673208165314023,0.20741376853286383,EPHB2;FGR;PDPN;PIK3CD,1.0
GO_Biological_Process_2021,O-glycan processing (GO:0016266),1/61,0.7646220256526683,0.6949321767680476,0.18650148573342,ST3GAL3,1.0
GO_Biological_Process_2021,positive regulation of interleukin-8 production (GO:0032757),1/61,0.7646220256526683,0.6949321767680476,0.18650148573342,PARK7,1.0
GO_Biological_Process_2021,response to light stimulus (GO:0009416),1/61,0.7646220256526683,0.6949321767680476,0.18650148573342,UBE4B,1.0
GO_Biological_Process_2021,iron ion homeostasis (GO:0055072),1/61,0.7646220256526683,0.6949321767680476,0.18650148573342,ATP13A2,1.0
GO_Biological_Process_2021,negative regulation of response to stimulus (GO:0048585),1/61,0.7646220256526683,0.6949321767680476,0.18650148573342,YBX1,1.0
GO_Biological_Process_2021,negative regulation of response to external stimulus (GO:0032102),2/118,0.7667640756293115,0.7183661237734071,0.19078088691072753,MUL1;SMPDL3B,1.0
GO_Biological_Process_2021,adenylate cyclase-activating G protein-coupled receptor signaling pathway (GO:0007189),2/118,0.7667640756293115,0.7183661237734071,0.19078088691072753,ADGRB2;GNB1,1.0
GO_Biological_Process_2021,cellular response to oxygen-containing compound (GO:1901701),6/323,0.770337157542767,0.7872096191605932,0.20540423881304684,GNB1;MTOR;RRAGC;SESN2;TNFRSF1B;ZC3H12A,1.0
GO_Biological_Process_2021,cellular response to lipopolysaccharide (GO:0071222),2/120,0.7748093161954487,0.706117683617901,0.18015768200698792,TNFRSF1B;ZC3H12A,1.0
GO_Biological_Process_2021,monocarboxylic acid biosynthetic process (GO:0072330),1/63,0.7755420127161643,0.6724459346923921,0.170931132072607,PARK7,1.0
GO_Biological_Process_2021,negative regulation of peptidase activity (GO:0010466),1/63,0.7755420127161643,0.6724459346923921,0.170931132072607,PARK7,1.0
GO_Biological_Process_2021,cellular response to reactive oxygen species (GO:0034614),1/63,0.7755420127161643,0.6724459346923921,0.170931132072607,PARK7,1.0
GO_Biological_Process_2021,positive regulation of DNA metabolic process (GO:0051054),1/63,0.7755420127161643,0.6724459346923921,0.170931132072607,EYA3,1.0
GO_Biological_Process_2021,amyloid fibril formation (GO:1990000),1/63,0.7755420127161643,0.6724459346923921,0.170931132072607,HSPG2,1.0
GO_Biological_Process_2021,cation transport (GO:0006812),3/174,0.776929865218435,0.7304659344891311,0.1843733975432822,SCNN1D;SLC66A1;SLC6A9,1.0
GO_Biological_Process_2021,antimicrobial humoral immune response mediated by antimicrobial peptide (GO:0061844),1/64,0.7808109266976477,0.6617382003706515,0.16372875427957098,HMGN2,1.0
GO_Biological_Process_2021,regulation of extrinsic apoptotic signaling pathway (GO:2001236),1/64,0.7808109266976477,0.6617382003706515,0.16372875427957098,PARK7,1.0
GO_Biological_Process_2021,pre-replicative complex assembly (GO:0036388),1/64,0.7808109266976477,0.6617382003706515,0.16372875427957098,PSMB2,1.0
GO_Biological_Process_2021,regulation of cellular ketone metabolic process (GO:0010565),1/64,0.7808109266976477,0.6617382003706515,0.16372875427957098,PSMB2,1.0
GO_Biological_Process_2021,regulation of cilium assembly (GO:1902017),1/64,0.7808109266976477,0.6617382003706515,0.16372875427957098,CROCC,1.0
GO_Biological_Process_2021,potassium ion transport (GO:0006813),2/122,0.7826113061443867,0.6942775248009115,0.17018069758791457,KCNAB2;SLC9A1,1.0
GO_Biological_Process_2021,defense response to bacterium (GO:0042742),3/176,0.7834717504129478,0.7219466564861992,0.17616962054455731,FGR;ISG15;TNFRSF14,1.0
GO_Biological_Process_2021,cellular protein localization (GO:0034613),6/329,0.7851064260843245,0.7723452854417108,0.18685812570343702,CROCC;LAPTM5;MFN2;PTPRU;RRAGC;STX12,1.0
GO_Biological_Process_2021,inorganic anion transmembrane transport (GO:0098661),1/65,0.7859564165805482,0.6513650827464651,0.15688384508151895,GABRD,1.0
GO_Biological_Process_2021,BMP signaling pathway (GO:0030509),1/65,0.7859564165805482,0.6513650827464651,0.15688384508151895,BMP8A,1.0
GO_Biological_Process_2021,regulation of cellular catabolic process (GO:0031329),1/65,0.7859564165805482,0.6513650827464651,0.15688384508151895,RRAGC,1.0
GO_Biological_Process_2021,cellular response to organic substance (GO:0071310),2/123,0.7864227160515012,0.6885042242207265,0.16542059254018873,LDLRAP1;PARK7,1.0
GO_Biological_Process_2021,negative regulation of immune response (GO:0050777),3/178,0.7898545816059032,0.71362210483762,0.16834803911172125,FGR;GNB1;MUL1,1.0
GO_Biological_Process_2021,fatty acid metabolic process (GO:0006631),2/124,0.7901752792157655,0.682825567912348,0.16080575289589838,ACOT7;MECR,1.0
GO_Biological_Process_2021,regulation of tumor necrosis factor production (GO:0032680),2/124,0.7901752792157655,0.682825567912348,0.16080575289589838,EPHB2;ZC3H12A,1.0
GO_Biological_Process_2021,negative regulation of G2/M transition of mitotic cell cycle (GO:0010972),1/66,0.7909813675231266,0.6413111379722537,0.1503751917052289,PSMB2,1.0
GO_Biological_Process_2021,embryonic organ development (GO:0048568),1/66,0.7909813675231266,0.6413111379722537,0.1503751917052289,MFSD2A,1.0
GO_Biological_Process_2021,regulation of cell population proliferation (GO:0042127),15/764,0.7919534895467439,0.8303786768832726,0.19368799716882268,AGO3;CAMK2N1;FABP3;HDAC1;HP1BP3;IFNLR1;P3H1;PDPN;PTPRU;RBBP4;SKI;SLC25A33;TFAP2E;TRNP1;ZBTB17,1.0
GO_Biological_Process_2021,transcription elongation from RNA polymerase II promoter (GO:0006368),1/67,0.7958885973816185,0.6315618581912003,0.14418308132630012,ELOA,1.0
GO_Biological_Process_2021,anion transmembrane transport (GO:0098656),1/67,0.7958885973816185,0.6315618581912003,0.14418308132630012,SLC6A9,1.0
GO_Biological_Process_2021,phosphatidylinositol biosynthetic process (GO:0006661),2/126,0.7975065063220443,0.6717430289879317,0.1519921285448305,PIGV;PIK3CD,1.0
GO_Biological_Process_2021,canonical Wnt signaling pathway (GO:0060070),1/68,0.8006808582768878,0.6221036016871933,0.13828917665781834,DVL1,1.0
GO_Biological_Process_2021,regulation of tyrosine phosphorylation of STAT protein (GO:0042509),1/68,0.8006808582768878,0.6221036016871933,0.13828917665781834,TNFRSF18,1.0
GO_Biological_Process_2021,interferon-gamma-mediated signaling pathway (GO:0060333),1/68,0.8006808582768878,0.6221036016871933,0.13828917665781834,TRIM62,1.0
GO_Biological_Process_2021,negative regulation of transforming growth factor beta receptor signaling pathway (GO:0030512),1/68,0.8006808582768878,0.6221036016871933,0.13828917665781834,SKI,1.0
GO_Biological_Process_2021,plasma membrane bounded cell projection organization (GO:0120036),2/128,0.8046102809494149,0.6610123166960366,0.14370225446747512,NCDN;STMN1,1.0
GO_Biological_Process_2021,"DNA-templated transcription, elongation (GO:0006354)",1/69,0.8053608381246912,0.6129235291980099,0.1326764034122193,ELOA,1.0
GO_Biological_Process_2021,synapse assembly (GO:0007416),1/69,0.8053608381246912,0.6129235291980099,0.1326764034122193,DVL1,1.0
GO_Biological_Process_2021,cellular response to calcium ion (GO:0071277),1/69,0.8053608381246912,0.6129235291980099,0.1326764034122193,CLIC4,1.0
GO_Biological_Process_2021,positive regulation of protein polymerization (GO:0032273),1/69,0.8053608381246912,0.6129235291980099,0.1326764034122193,PINK1,1.0
GO_Biological_Process_2021,DNA-dependent DNA replication (GO:0006261),2/129,0.8080785306646082,0.65577370124645,0.13974277478447217,PSMB2;RPA2,1.0
GO_Biological_Process_2021,cellular response to insulin stimulus (GO:0032869),2/129,0.8080785306646082,0.65577370124645,0.13974277478447217,ATP6V0B;SLC25A33,1.0
GO_Biological_Process_2021,positive regulation of macromolecule biosynthetic process (GO:0010557),2/129,0.8080785306646082,0.65577370124645,0.13974277478447217,MTOR;SLC6A9,1.0
GO_Biological_Process_2021,carbohydrate homeostasis (GO:0033500),1/70,0.809931162130393,0.604009545766484,0.12732884835561867,PARK7,1.0
GO_Biological_Process_2021,snRNA transcription by RNA polymerase II (GO:0042795),1/70,0.809931162130393,0.604009545766484,0.12732884835561867,INTS11,1.0
GO_Biological_Process_2021,wound healing (GO:0042060),1/70,0.809931162130393,0.604009545766484,0.12732884835561867,MACF1,1.0
GO_Biological_Process_2021,fatty acid catabolic process (GO:0009062),1/70,0.809931162130393,0.604009545766484,0.12732884835561867,MECR,1.0
GO_Biological_Process_2021,positive regulation of cell-substrate adhesion (GO:0010811),1/70,0.809931162130393,0.604009545766484,0.12732884835561867,CDC42,1.0
GO_Biological_Process_2021,neutrophil chemotaxis (GO:0030593),1/70,0.809931162130393,0.604009545766484,0.12732884835561867,PIK3CD,1.0
GO_Biological_Process_2021,sterol metabolic process (GO:0016125),1/70,0.809931162130393,0.604009545766484,0.12732884835561867,LDLRAP1,1.0
GO_Biological_Process_2021,endoplasmic reticulum to Golgi vesicle-mediated transport (GO:0006888),3/185,0.8109746537368512,0.6859269618529238,0.14371437337795717,CAPZB;PEF1;TRAPPC3,1.0
GO_Biological_Process_2021,regulation of ERK1 and ERK2 cascade (GO:0070372),4/238,0.8110258202684402,0.7109489977193795,0.1489120980265693,CAMK2N1;EPHA2;EPHB2;PRKCZ,1.0
GO_Biological_Process_2021,G2/M transition of mitotic cell cycle (GO:0000086),2/130,0.8114919058243532,0.6506169391632631,0.13590142995713847,KHDRBS1;PLK3,1.0
GO_Biological_Process_2021,positive regulation of canonical Wnt signaling pathway (GO:0090263),2/130,0.8114919058243532,0.6506169391632631,0.13590142995713847,PSMB2;RNF220,1.0
GO_Biological_Process_2021,nucleic acid metabolic process (GO:0090304),1/71,0.8143943942489569,0.595350247575859,0.12223166682770163,HNRNPR,1.0
GO_Biological_Process_2021,regulation of TOR signaling (GO:0032006),1/71,0.8143943942489569,0.595350247575859,0.12223166682770163,RRAGC,1.0
GO_Biological_Process_2021,regulation of G1/S transition of mitotic cell cycle (GO:2000045),1/71,0.8143943942489569,0.595350247575859,0.12223166682770163,LSM10,1.0
GO_Biological_Process_2021,cellular response to BMP stimulus (GO:0071773),1/71,0.8143943942489569,0.595350247575859,0.12223166682770163,BMP8A,1.0
GO_Biological_Process_2021,snRNA transcription (GO:0009301),1/71,0.8143943942489569,0.595350247575859,0.12223166682770163,INTS11,1.0
GO_Biological_Process_2021,cell cycle G2/M phase transition (GO:0044839),2/131,0.8148510687195909,0.6455401268798157,0.13217428946920506,KHDRBS1;PLK3,1.0
GO_Biological_Process_2021,cellular response to metal ion (GO:0071248),2/131,0.8148510687195909,0.6455401268798157,0.13217428946920506,ATP13A2;CLIC4,1.0
GO_Biological_Process_2021,positive regulation of protein secretion (GO:0050714),1/72,0.8187530386110167,0.5869348732779275,0.11737099873377731,ATP13A2,1.0
GO_Biological_Process_2021,negative regulation of epithelial cell proliferation (GO:0050680),1/72,0.8187530386110167,0.5869348732779275,0.11737099873377731,ATP5IF1,1.0
GO_Biological_Process_2021,negative regulation of supramolecular fiber organization (GO:1902904),1/72,0.8187530386110167,0.5869348732779275,0.11737099873377731,STMN1,1.0
GO_Biological_Process_2021,response to ionizing radiation (GO:0010212),1/72,0.8187530386110167,0.5869348732779275,0.11737099873377731,EYA3,1.0
GO_Biological_Process_2021,cytoskeleton-dependent cytokinesis (GO:0061640),1/72,0.8187530386110167,0.5869348732779275,0.11737099873377731,STMN1,1.0
GO_Biological_Process_2021,positive regulation of secretion by cell (GO:1903532),1/72,0.8187530386110167,0.5869348732779275,0.11737099873377731,ATP13A2,1.0
GO_Biological_Process_2021,regulation of cell motility (GO:2000145),2/133,0.8214094021550151,0.6356190280663611,0.12504763934026197,MACF1;RCC2,1.0
GO_Biological_Process_2021,neurotransmitter transport (GO:0006836),1/73,0.8230095409158161,0.5787532593771608,0.11273389213170384,DVL1,1.0
GO_Biological_Process_2021,insulin receptor signaling pathway (GO:0008286),1/73,0.8230095409158161,0.5787532593771608,0.11273389213170384,ATP6V0B,1.0
GO_Biological_Process_2021,regulation of actin filament-based process (GO:0032970),1/73,0.8230095409158161,0.5787532593771608,0.11273389213170384,MTOR,1.0
GO_Biological_Process_2021,defense response to Gram-negative bacterium (GO:0050829),1/73,0.8230095409158161,0.5787532593771608,0.11273389213170384,TNFRSF14,1.0
GO_Biological_Process_2021,granulocyte chemotaxis (GO:0071621),1/73,0.8230095409158161,0.5787532593771608,0.11273389213170384,PIK3CD,1.0
GO_Biological_Process_2021,endoplasmic reticulum organization (GO:0007029),1/73,0.8230095409158161,0.5787532593771608,0.11273389213170384,UBE2J2,1.0
GO_Biological_Process_2021,regulation of Rho protein signal transduction (GO:0035023),1/73,0.8230095409158161,0.5787532593771608,0.11273389213170384,STMN1,1.0
GO_Biological_Process_2021,negative regulation of cell adhesion (GO:0007162),1/73,0.8230095409158161,0.5787532593771608,0.11273389213170384,EPHB2,1.0
GO_Biological_Process_2021,positive regulation of peptidyl-tyrosine phosphorylation (GO:0050731),2/134,0.8246098916047057,0.6307712184188775,0.1216409892894783,TNFRSF14;TNFRSF18,1.0
GO_Biological_Process_2021,NIK/NF-kappaB signaling (GO:0038061),1/74,0.8271662897917833,0.5707957992818946,0.10830823363757487,PSMB2,1.0
GO_Biological_Process_2021,mitotic nuclear division (GO:0140014),1/74,0.8271662897917833,0.5707957992818946,0.10830823363757487,WRAP73,1.0
GO_Biological_Process_2021,sphingolipid biosynthetic process (GO:0030148),1/74,0.8271662897917833,0.5707957992818946,0.10830823363757487,ELOVL1,1.0
GO_Biological_Process_2021,regulation of peptide hormone secretion (GO:0090276),1/74,0.8271662897917833,0.5707957992818946,0.10830823363757487,SLC2A1,1.0
GO_Biological_Process_2021,negative regulation of inflammatory response to antigenic stimulus (GO:0002862),2/136,0.8308568002095553,0.6212926652275291,0.115124177210796,FGR;GNB1,1.0
GO_Biological_Process_2021,organic substance transport (GO:0071702),2/136,0.8308568002095553,0.6212926652275291,0.115124177210796,MFSD2A;PPT1,1.0
GO_Biological_Process_2021,positive regulation of lymphocyte proliferation (GO:0050671),1/75,0.8312256181254903,0.5630534056756896,0.10408268496239238,EPHB2,1.0
GO_Biological_Process_2021,regulation of transcription from RNA polymerase II promoter in response to hypoxia (GO:0061418),1/75,0.8312256181254903,0.5630534056756896,0.10408268496239238,PSMB2,1.0
GO_Biological_Process_2021,regulation of inflammatory response to antigenic stimulus (GO:0002861),2/137,0.8339045266880656,0.6166587058895366,0.11200764243462567,FGR;GNB1,1.0
GO_Biological_Process_2021,regulation of T cell proliferation (GO:0042129),1/76,0.8351898043597322,0.5555174758989834,0.10004662496922706,TNFRSF1B,1.0
GO_Biological_Process_2021,actomyosin structure organization (GO:0031032),1/76,0.8351898043597322,0.5555174758989834,0.10004662496922706,EPB41,1.0
GO_Biological_Process_2021,protein localization to membrane (GO:0072657),3/195,0.8380158148102198,0.6498655777582673,0.11484314441228743,AGRN;DVL1;EPHA2,1.0
GO_Biological_Process_2021,positive regulation of type I interferon production (GO:0032481),1/77,0.839061073761441,0.5481798600637695,0.09619009670808641,ISG15,1.0
GO_Biological_Process_2021,inorganic cation import across plasma membrane (GO:0098659),1/77,0.839061073761441,0.5481798600637695,0.09619009670808641,SLC9A1,1.0
GO_Biological_Process_2021,phosphatidylcholine metabolic process (GO:0046470),1/77,0.839061073761441,0.5481798600637695,0.09619009670808641,MFSD2A,1.0
GO_Biological_Process_2021,neutrophil migration (GO:1990266),1/77,0.839061073761441,0.5481798600637695,0.09619009670808641,PIK3CD,1.0
GO_Biological_Process_2021,positive regulation of tumor necrosis factor production (GO:0032760),1/77,0.839061073761441,0.5481798600637695,0.09619009670808641,EPHB2,1.0
GO_Biological_Process_2021,positive regulation of endothelial cell proliferation (GO:0001938),1/77,0.839061073761441,0.5481798600637695,0.09619009670808641,PIK3CD,1.0
GO_Biological_Process_2021,import into nucleus (GO:0051170),1/77,0.839061073761441,0.5481798600637695,0.09619009670808641,IPO13,1.0
GO_Biological_Process_2021,cholesterol metabolic process (GO:0008203),1/77,0.839061073761441,0.5481798600637695,0.09619009670808641,LDLRAP1,1.0
GO_Biological_Process_2021,potassium ion transmembrane transport (GO:0071805),2/139,0.8398517733040632,0.6075937343378432,0.10604325125498407,KCNAB2;SLC9A1,1.0
GO_Biological_Process_2021,transcription initiation from RNA polymerase II promoter (GO:0006367),2/140,0.842752584571706,0.6031597808614714,0.10318969600587148,HDAC1;TAF12,1.0
GO_Biological_Process_2021,positive regulation of signal transduction (GO:0009967),4/252,0.8442624752878078,0.6703281282813042,0.11348108428898569,C1QTNF12;MACF1;PRKCZ;SKI,1.0
GO_Biological_Process_2021,chemical synaptic transmission (GO:0007268),5/306,0.8463684449005142,0.6899607354406707,0.11508579573317387,CORT;DVL1;GABRD;KIF1B;RPS6KA1,1.0
GO_Biological_Process_2021,positive regulation of phosphorylation (GO:0042327),4/253,0.846436691639142,0.6676014262019843,0.11130242204182697,EPHA2;EPHB2;PINK1;TIE1,1.0
GO_Biological_Process_2021,negative regulation of NF-kappaB transcription factor activity (GO:0032088),1/79,0.8465335046575759,0.5340690603806659,0.08897884175542847,ZC3H12A,1.0
GO_Biological_Process_2021,positive regulation of cell adhesion (GO:0045785),1/80,0.8501388618093381,0.5272815871153754,0.08560710579356244,TNFRSF18,1.0
GO_Biological_Process_2021,glycerophospholipid metabolic process (GO:0006650),1/80,0.8501388618093381,0.5272815871153754,0.08560710579356244,PIGV,1.0
GO_Biological_Process_2021,regulation of fat cell differentiation (GO:0045598),1/80,0.8501388618093381,0.5272815871153754,0.08560710579356244,ZC3H12A,1.0
GO_Biological_Process_2021,nitrogen compound transport (GO:0071705),2/143,0.8511714486889419,0.590235278175026,0.09511151812069452,PDPN;PPT1,1.0
GO_Biological_Process_2021,protein-DNA complex assembly (GO:0065004),2/143,0.8511714486889419,0.590235278175026,0.09511151812069452,PSMB2;RPA2,1.0
GO_Biological_Process_2021,positive regulation of tumor necrosis factor superfamily cytokine production (GO:1903557),1/81,0.8536596957788778,0.5206638006817174,0.08238080489891904,EPHB2,1.0
GO_Biological_Process_2021,regulation of interleukin-8 production (GO:0032677),1/81,0.8536596957788778,0.5206638006817174,0.08238080489891904,PARK7,1.0
GO_Biological_Process_2021,positive regulation of cellular amide metabolic process (GO:0034250),1/81,0.8536596957788778,0.5206638006817174,0.08238080489891904,MTOR,1.0
GO_Biological_Process_2021,negative regulation of cell migration (GO:0030336),2/144,0.8538853256010273,0.5860484674456141,0.0925712626310679,CLIC4;PTPRU,1.0
GO_Biological_Process_2021,generation of neurons (GO:0048699),3/202,0.8549022959450765,0.6267790434182711,0.09825895369151409,ARTN;HEYL;YTHDF2,1.0
GO_Biological_Process_2021,"regulation of gene expression, epigenetic (GO:0040029)",1/82,0.8570979839648052,0.5142094163822236,0.07929265172605789,RBBP4,1.0
GO_Biological_Process_2021,positive regulation of cytoskeleton organization (GO:0051495),1/82,0.8570979839648052,0.5142094163822236,0.07929265172605789,CDC42,1.0
GO_Biological_Process_2021,peptide metabolic process (GO:0006518),1/83,0.8604556576019409,0.5079124560900347,0.07633578612423417,MMACHC,1.0
GO_Biological_Process_2021,long-chain fatty acid metabolic process (GO:0001676),1/83,0.8604556576019409,0.5079124560900347,0.07633578612423417,ELOVL1,1.0
GO_Biological_Process_2021,regulation of Notch signaling pathway (GO:0008593),1/83,0.8604556576019409,0.5079124560900347,0.07633578612423417,YTHDF2,1.0
GO_Biological_Process_2021,response to insulin (GO:0032868),1/84,0.8637346028367802,0.50176722978079,0.07350374601738748,SLC25A33,1.0
GO_Biological_Process_2021,lymphocyte differentiation (GO:0030098),1/84,0.8637346028367802,0.50176722978079,0.07350374601738748,PIK3CD,1.0
GO_Biological_Process_2021,anaphase-promoting complex-dependent catabolic process (GO:0031145),1/84,0.8637346028367802,0.50176722978079,0.07350374601738748,PSMB2,1.0
GO_Biological_Process_2021,protein transport (GO:0015031),6/369,0.8656778674488085,0.6858072911554718,0.0989225013837941,ATP6V0B;LAPTM5;MACF1;PPT1;STX12;SVBP,1.0
GO_Biological_Process_2021,regulation of G2/M transition of mitotic cell cycle (GO:0010389),2/149,0.8667896919331873,0.5659688649678224,0.08091028721013635,PSMB2;RCC2,1.0
GO_Biological_Process_2021,"retrograde vesicle-mediated transport, Golgi to endoplasmic reticulum (GO:0006890)",1/85,0.8669366617779524,0.49576831838367014,0.07079044056120488,RER1,1.0
GO_Biological_Process_2021,cellular response to organic cyclic compound (GO:0071407),2/150,0.869241851688468,0.5621157520599218,0.07877146252258237,GNB1;ZC3H12A,1.0
GO_Biological_Process_2021,negative regulation of cellular amide metabolic process (GO:0034249),1/86,0.8700636335222616,0.4899105578429532,0.06819012537607352,YBX1,1.0
GO_Biological_Process_2021,glucose homeostasis (GO:0042593),1/86,0.8700636335222616,0.4899105578429532,0.06819012537607352,PARK7,1.0
GO_Biological_Process_2021,response to interleukin-1 (GO:0070555),1/86,0.8700636335222616,0.4899105578429532,0.06819012537607352,ZC3H12A,1.0
GO_Biological_Process_2021,mitotic cell cycle phase transition (GO:0044772),3/209,0.8702325307413695,0.6052614968489543,0.08412821663957118,KHDRBS1;PLK3;RCC1,1.0
GO_Biological_Process_2021,regulation of transcription from RNA polymerase II promoter in response to stress (GO:0043618),1/87,0.8731172751568695,0.48418902429155525,0.06569737967455137,PSMB2,1.0
GO_Biological_Process_2021,protein deubiquitination (GO:0016579),4/267,0.8742780362136018,0.6316048116795541,0.08486042326482705,OTUD3;PSMB2;USP48;ZC3H12A,1.0
GO_Biological_Process_2021,"retrograde transport, endosome to Golgi (GO:0042147)",1/88,0.8760993027381775,0.47859902024708595,0.06330708511964049,VAMP3,1.0
GO_Biological_Process_2021,metal ion transport (GO:0030001),1/88,0.8760993027381775,0.47859902024708595,0.06330708511964049,NIPAL3,1.0
GO_Biological_Process_2021,positive regulation of neuron projection development (GO:0010976),1/88,0.8760993027381775,0.47859902024708595,0.06330708511964049,P3H1,1.0
GO_Biological_Process_2021,regulation of cation channel activity (GO:2001257),1/89,0.8790113922479471,0.47313606174908185,0.061014406265912986,SELENON,1.0
GO_Biological_Process_2021,second-messenger-mediated signaling (GO:0019932),1/89,0.8790113922479471,0.47313606174908185,0.061014406265912986,RCAN3,1.0
GO_Biological_Process_2021,post-Golgi vesicle-mediated transport (GO:0006892),1/89,0.8790113922479471,0.47313606174908185,0.061014406265912986,PUM1,1.0
GO_Biological_Process_2021,cellular response to interleukin-1 (GO:0071347),2/155,0.8808920151650304,0.5436056998553015,0.06894020059879877,PSMB2;ZC3H12A,1.0
GO_Biological_Process_2021,positive regulation of NF-kappaB transcription factor activity (GO:0051092),2/155,0.8808920151650304,0.5436056998553015,0.06894020059879877,PRKCZ;TRIM62,1.0
GO_Biological_Process_2021,regulation of actin cytoskeleton organization (GO:0032956),1/91,0.8846322661883269,0.4625743419862739,0.0567038610066489,MTOR,1.0
GO_Biological_Process_2021,inorganic cation transmembrane transport (GO:0098662),4/274,0.8864898653145061,0.615006372760878,0.074099403079643,KCNAB2;SCNN1D;SLC6A9;SLC9A1,1.0
GO_Biological_Process_2021,negative regulation of mitotic cell cycle phase transition (GO:1901991),1/92,0.8873442105061661,0.4574675763866745,0.054677581708071424,PSMB2,1.0
GO_Biological_Process_2021,positive regulation of transmembrane receptor protein serine/threonine kinase signaling pathway (GO:0090100),1/92,0.8873442105061661,0.4574675763866745,0.054677581708071424,BMP8A,1.0
GO_Biological_Process_2021,Wnt signaling pathway (GO:0016055),1/92,0.8873442105061661,0.4574675763866745,0.054677581708071424,DVL1,1.0
GO_Biological_Process_2021,response to lipopolysaccharide (GO:0032496),2/159,0.8895141775790267,0.5296465267277405,0.06201092699619275,TNFRSF1B;ZC3H12A,1.0
GO_Biological_Process_2021,protein modification by small protein removal (GO:0070646),4/276,0.8897838111940524,0.6104208796562437,0.07128296922591855,OTUD3;PSMB2;USP48;ZC3H12A,1.0
GO_Biological_Process_2021,regulation of epithelial cell proliferation (GO:0050678),1/93,0.8899925382881186,0.45247182743054465,0.05273206231402541,TIE1,1.0
GO_Biological_Process_2021,regulation of heart contraction (GO:0008016),1/93,0.8899925382881186,0.45247182743054465,0.05273206231402541,RNF207,1.0
GO_Biological_Process_2021,interleukin-1-mediated signaling pathway (GO:0070498),1/94,0.8925787387242046,0.4475835139358369,0.05086363515471633,PSMB2,1.0
GO_Biological_Process_2021,hemopoiesis (GO:0030097),1/94,0.8925787387242046,0.4475835139358369,0.05086363515471633,YTHDF2,1.0
GO_Biological_Process_2021,ciliary basal body-plasma membrane docking (GO:0097711),1/95,0.8951042662172756,0.44279920711122933,0.04906882465637505,NPHP4,1.0
GO_Biological_Process_2021,regulation of cell cycle phase transition (GO:1901987),1/95,0.8951042662172756,0.44279920711122933,0.04906882465637505,PSMB2,1.0
GO_Biological_Process_2021,regulation of vesicle-mediated transport (GO:0060627),1/96,0.8975705411939304,0.4381156225355609,0.04734433573696026,FGR,1.0
GO_Biological_Process_2021,cellular transition metal ion homeostasis (GO:0046916),1/96,0.8975705411939304,0.4381156225355609,0.04734433573696026,ATP13A2,1.0
GO_Biological_Process_2021,heart development (GO:0007507),2/164,0.8994782052210009,0.5131669473410367,0.05436514028599898,C1ORF127;ECE1,1.0
GO_Biological_Process_2021,regulation of neuron projection development (GO:0010975),2/165,0.9013679120645425,0.5099923535205306,0.05295850727169017,MFSD2A;P3H1,1.0
GO_Biological_Process_2021,antigen processing and presentation of exogenous peptide antigen via MHC class II (GO:0019886),1/98,0.9023308501569985,0.4290381596466365,0.04409398068631861,CAPZB,1.0
GO_Biological_Process_2021,regulation of MAPK cascade (GO:0043408),2/166,0.9032244743607026,0.5068564742588112,0.051589965098549226,EPHA2;LAPTM5,1.0
GO_Biological_Process_2021,organic anion transport (GO:0015711),1/99,0.9046275621521008,0.42463836896067825,0.042562333260035515,CPTP,1.0
GO_Biological_Process_2021,positive regulation of stress-activated MAPK cascade (GO:0032874),1/99,0.9046275621521008,0.42463836896067825,0.042562333260035515,ZC3H12A,1.0
GO_Biological_Process_2021,"DNA-templated transcription, initiation (GO:0006352)",2/168,0.9068402080731206,0.5006980607689283,0.04896277303548475,HDAC1;TAF12,1.0
GO_Biological_Process_2021,regulation of transforming growth factor beta receptor signaling pathway (GO:0017015),1/100,0.9068703791418409,0.42032746293504236,0.0410894266876959,SKI,1.0
GO_Biological_Process_2021,antigen processing and presentation of peptide antigen via MHC class II (GO:0002495),1/100,0.9068703791418409,0.42032746293504236,0.0410894266876959,CAPZB,1.0
GO_Biological_Process_2021,epithelial cell differentiation (GO:0030855),1/101,0.9090605631901634,0.4161027750299192,0.03967272025186977,HDAC1,1.0
GO_Biological_Process_2021,cell-cell adhesion via plasma-membrane adhesion molecules (GO:0098742),2/170,0.9103294342511269,0.49468627617166183,0.04647514705961687,IGSF21;PTPRF,1.0
GO_Biological_Process_2021,antigen processing and presentation of exogenous peptide antigen (GO:0002478),1/103,0.9132879339464499,0.4079019102729154,0.036998366221340236,CAPZB,1.0
GO_Biological_Process_2021,regulation of JNK cascade (GO:0046328),1/105,0.917319193361408,0.400016463391181,0.034521333958842396,PINK1,1.0
GO_Biological_Process_2021,cellular response to peptide hormone stimulus (GO:0071375),1/106,0.9192641351813055,0.3961863891914814,0.03335167626846504,SLC25A33,1.0
GO_Biological_Process_2021,glycerophospholipid biosynthetic process (GO:0046474),2/177,0.9216014637916524,0.47472715130873683,0.038757864322743626,MFSD2A;PIK3CD,1.0
GO_Biological_Process_2021,DNA replication (GO:0006260),1/108,0.9230181192256637,0.3887410113079533,0.031140648341993742,RPA2,1.0
GO_Biological_Process_2021,regulation of immune response (GO:0050776),2/179,0.9245687743633482,0.4693145072781131,0.03680732310875931,FGR;ZMPSTE24,1.0
GO_Biological_Process_2021,regulated exocytosis (GO:0045055),2/180,0.9260124618579467,0.4666537974315986,0.03587055123134627,RIMS3;SDF4,1.0
GO_Biological_Process_2021,response to tumor necrosis factor (GO:0034612),1/110,0.9265979094886824,0.38156885830088494,0.02908911639696698,ZC3H12A,1.0
GO_Biological_Process_2021,regulation of interleukin-6 production (GO:0032675),1/110,0.9265979094886824,0.38156885830088494,0.02908911639696698,ZC3H12A,1.0
GO_Biological_Process_2021,anterograde trans-synaptic signaling (GO:0098916),3/244,0.927300203616181,0.5164234933781233,0.038978571943712535,CORT;GABRD;RPS6KA1,1.0
GO_Biological_Process_2021,Fc-epsilon receptor signaling pathway (GO:0038095),1/111,0.9283250175007133,0.3780805838838108,0.028119128341389212,PSMB2,1.0
GO_Biological_Process_2021,cellular divalent inorganic cation homeostasis (GO:0072503),1/111,0.9283250175007133,0.3780805838838108,0.028119128341389212,ATP13A2,1.0
GO_Biological_Process_2021,Fc receptor signaling pathway (GO:0038093),1/112,0.9300115724712833,0.3746551612580352,0.027184322627589057,PSMB2,1.0
GO_Biological_Process_2021,stimulatory C-type lectin receptor signaling pathway (GO:0002223),1/115,0.9348373106336689,0.3647394641834218,0.024577153293226257,PSMB2,1.0
GO_Biological_Process_2021,positive regulation of protein metabolic process (GO:0051247),1/115,0.9348373106336689,0.3647394641834218,0.024577153293226257,SLC6A9,1.0
GO_Biological_Process_2021,cellular response to lectin (GO:1990858),1/115,0.9348373106336689,0.3647394641834218,0.024577153293226257,PSMB2,1.0
GO_Biological_Process_2021,ion transport (GO:0006811),1/116,0.9363709359101811,0.361549196428981,0.02376953922833817,SLC9A1,1.0
GO_Biological_Process_2021,cellular response to cytokine stimulus (GO:0071345),7/482,0.9366399484614383,0.6091973840681011,0.039875825313464903,CSF3R;IFNLR1;LDLRAP1;PIK3CD;TNFRSF1B;TXLNA;ZC3H12A,1.0
GO_Biological_Process_2021,positive regulation of protein phosphorylation (GO:0001934),5/371,0.9372073803548326,0.565508845733088,0.03667364307749234,BMP8A;MAD2L2;PARK7;PINK1;TNFRSF14,1.0
GO_Biological_Process_2021,cilium assembly (GO:0060271),4/314,0.9382473197305594,0.534538364731167,0.03407238282157842,CCDC28B;CFAP74;NPHP4;UBXN10,1.0
GO_Biological_Process_2021,innate immune response activating cell surface receptor signaling pathway (GO:0002220),1/119,0.9407590543617657,0.3523028271745847,0.021514508294913262,PSMB2,1.0
GO_Biological_Process_2021,cellular response to interferon-gamma (GO:0071346),1/121,0.9435153666310829,0.3463954245953871,0.020140340129134057,TRIM62,1.0
GO_Biological_Process_2021,positive regulation of epithelial cell proliferation (GO:0050679),1/123,0.9461436968139845,0.3406817073466549,0.018860419388123235,PIK3CD,1.0
GO_Biological_Process_2021,regulation of phosphorylation (GO:0042325),1/125,0.9486499752874082,0.3351523035575593,0.01766768228743845,SESN2,1.0
GO_Biological_Process_2021,endomembrane system organization (GO:0010256),2/199,0.9489486506318876,0.4212326440619125,0.02207283939596473,CDC42;PLEKHM2,1.0
GO_Biological_Process_2021,intracellular protein transport (GO:0006886),4/336,0.9565232083285853,0.4985458972841427,0.022160478100855814,IPO13;LAPTM5;RPL11;STX12,1.0
GO_Biological_Process_2021,positive regulation of cellular process (GO:0048522),9/625,0.958714680685927,0.6021135599021746,0.025386170957053766,CDC42;HDAC1;MFSD2A;PDPN;RPS6KA1;SLC25A33;TNFRSF18;TNFRSF1B;ZC3H12A,1.0
GO_Biological_Process_2021,cellular calcium ion homeostasis (GO:0006874),1/136,0.9604928575310343,0.3076691187984248,0.01240175236198864,ATP13A2,1.0
GO_Biological_Process_2021,protein localization to plasma membrane (GO:0072659),1/136,0.9604928575310343,0.3076691187984248,0.01240175236198864,EPHA2,1.0
GO_Biological_Process_2021,positive regulation of protein modification process (GO:0031401),2/214,0.9620936752787681,0.3911247792413907,0.015114413786731552,CAMTA1;PINK1,1.0
GO_Biological_Process_2021,positive regulation of response to external stimulus (GO:0032103),1/139,0.9632201086073823,0.3009341090946052,0.01127700250699319,PUM1,1.0
GO_Biological_Process_2021,protein localization to cell periphery (GO:1990778),1/140,0.9640867814421713,0.2987537102696277,0.01092660809568026,EPHA2,1.0
GO_Biological_Process_2021,cellular response to lipid (GO:0071396),2/219,0.9657038205111345,0.38201379710676275,0.013331554091403108,TNFRSF1B;ZC3H12A,1.0
GO_Biological_Process_2021,cilium organization (GO:0044782),2/228,0.9713862111924166,0.36662994408652366,0.010643686682965472,CCDC28B;UBXN10,1.0
GO_Biological_Process_2021,organelle assembly (GO:0070925),5/425,0.9722388734998533,0.4914121052456503,0.013835093599800596,CCDC28B;RCC1;STX12;UBXN10;YTHDF2,1.0
GO_Biological_Process_2021,inflammatory response (GO:0006954),2/230,0.9725197653399534,0.3633762441787343,0.01012543523505452,HSPG2;PIK3CD,1.0
GO_Biological_Process_2021,MAPK cascade (GO:0000165),3/303,0.9743381969965488,0.4135913891700777,0.010752057078595372,ARTN;ICMT;PSMB2,1.0
GO_Biological_Process_2021,regulation of cell differentiation (GO:0045595),1/156,0.975482019326334,0.2676935773305928,0.006645105263729886,RPS6KA1,1.0
GO_Biological_Process_2021,cellular protein-containing complex assembly (GO:0034622),1/168,0.9815893684937695,0.24830424284619518,0.0046140431827700985,VAMP3,1.0
GO_Biological_Process_2021,positive regulation of ERK1 and ERK2 cascade (GO:0070374),1/172,0.9832667711577413,0.24244586692985673,0.004091228171392105,PRKCZ,1.0
GO_Biological_Process_2021,neuron differentiation (GO:0030182),1/174,0.9840473768315695,0.23961826930549684,0.0038533579152185563,PPT1,1.0
GO_Biological_Process_2021,regulation of mitotic cell cycle phase transition (GO:1901990),1/188,0.988583334842434,0.22151862034101136,0.0025435511365289086,PSMB2,1.0
GO_Biological_Process_2021,positive regulation of MAPK cascade (GO:0043410),2/274,0.9888603406170486,0.30390052380546717,0.0034043453471024267,LAPTM5;PRKCZ,1.0
GO_Biological_Process_2021,plasma membrane bounded cell projection assembly (GO:0120031),2/278,0.9897502469337603,0.29943396773000447,0.003084961422775063,CCDC28B;UBXN10,1.0
GO_Biological_Process_2021,regulation of signal transduction (GO:0009966),1/198,0.9910113383583717,0.21016532349236744,0.0018976464672931196,DHRS3,1.0
GO_Biological_Process_2021,negative regulation of multicellular organismal process (GO:0051241),1/214,0.9938703761809186,0.19421740604112683,0.0011941432128850084,MAD2L2,1.0
GO_Biological_Process_2021,positive regulation of cell population proliferation (GO:0008284),4/474,0.9960435953618656,0.3496331547905547,0.0013860339023055743,DISP3;HDAC1;KDM1A;SLC25A33,1.0
