Gene_set,Term,Overlap,P-value,Odds Ratio,Combined Score,Genes,Adjusted P-value
Reactome_2022,PTEN Regulation R-HSA-6807070,12/139,0.00010651995911477461,4.020928218908364,36.780146870706254,AGO1;AGO3;AGO4;HDAC1;KDM1A;MTOR;OTUD3;PHC2;PSMB2;RBBP4;RRAGC;SCMH1,0.09054196524755842
Reactome_2022,Classical Antibody-Mediated Complement Activation R-HSA-173623,3/6,0.00024157799604407194,41.99784858069143,349.7714455204709,C1QA;C1QB;C1QC,0.20534129663746115
Reactome_2022,Post-transcriptional Silencing By Small RNAs R-HSA-426496,3/7,0.0004154138849536409,31.496773532327452,245.24128744341732,AGO1;AGO3;AGO4,0.3531018022105948
Reactome_2022,Regulation Of PTEN Gene Transcription R-HSA-8943724,7/61,0.0005383263785094793,5.477062630046846,41.226099788309405,HDAC1;KDM1A;MTOR;PHC2;RBBP4;RRAGC;SCMH1,0.4575774217330574
Reactome_2022,Small Interfering RNA (siRNA) Biogenesis R-HSA-426486,3/9,0.0009626983745091606,20.995698483963476,145.83130125987924,AGO1;AGO3;AGO4,0.8182936183327865
Reactome_2022,Defective B3GALT6 Causes EDSP2 And SEMDJL1 R-HSA-4420332,4/20,0.0010647579969984332,10.51508598566625,71.97584494294598,AGRN;B3GALT6;HSPG2;SDC3,0.9050442974486682
Reactome_2022,Competing Endogenous RNAs (ceRNAs) Regulate PTEN Translation R-HSA-8948700,3/10,0.0013514646051150292,17.995391327288054,118.8877473724285,AGO1;AGO3;AGO4,1.0
Reactome_2022,NR1H3 And NR1H2 Regulate Gene Expression Linked To Cholesterol Transport And Efflux R-HSA-9029569,5/36,0.001422800028871843,6.793353162687977,44.53130291097667,AGO1;AGO3;AGO4;KDM1A;KDM4A,1.0
Reactome_2022,Metabolism Of Vitamins And Cofactors R-HSA-196854,12/186,0.001490330988262119,2.927707136340361,19.055734446190908,AGRN;HSPG2;LDLRAP1;MMACHC;MTHFR;NADK;NMNAT1;PANK4;PPCS;SDC3;SLC2A1;UBIAD1,1.0
Reactome_2022,Regulation Of PTEN mRNA Translation R-HSA-8943723,3/11,0.0018261182227100505,15.745160959781487,99.28210051654462,AGO1;AGO3;AGO4,1.0
Reactome_2022,Diseases Associated With Glycosaminoglycan Metabolism R-HSA-3560782,5/40,0.0023004507012256053,6.0157357571423935,36.54349052969279,AGRN;B3GALT6;HSPG2;SDC3;ST3GAL3,1.0
Reactome_2022,TP53 Regulates Metabolic Genes R-HSA-5628897,7/81,0.0028785089084175067,3.9926715458586814,23.359056440824737,AGO1;AGO3;AGO4;MTOR;PRDX1;RRAGC;SESN2,1.0
Reactome_2022,GAG Synthesis Requires Tetrasaccharide Linker Sequence R-HSA-1971475,4/26,0.0029408911694043163,7.644984165174714,44.56293856409326,AGRN;B3GALT6;HSPG2;SDC3,1.0
Reactome_2022,"Defective EXT1 Causes Exostoses 1, TRPS2 And CHDS R-HSA-3656253",3/13,0.0030569003143781966,12.594838445272291,72.92857122597782,AGRN;HSPG2;SDC3,1.0
Reactome_2022,mRNA Splicing - Major Pathway R-HSA-72163,11/181,0.0036635275953236877,2.741433845405618,15.377603745265787,DNAJC8;HNRNPR;PPIE;PPIH;SF3A3;SNRNP40;SRRM1;SRSF10;SRSF4;SYF2;YBX1,1.0
Reactome_2022,Creation Of C4 And C2 Activators R-HSA-166786,3/14,0.003823538636453032,11.449266621814404,63.733246461557464,C1QA;C1QB;C1QC,1.0
Reactome_2022,NR1H2 And NR1H3-mediated Signaling R-HSA-9024446,5/46,0.004274164917228717,5.133803821584599,28.00575481335662,AGO1;AGO3;AGO4;KDM1A;KDM4A,1.0
Reactome_2022,TNFs Bind Their Physiological Receptors R-HSA-5669034,4/29,0.004421303526676105,6.7265515826174225,36.46679340733546,TNFRSF14;TNFRSF18;TNFRSF1B;TNFRSF25,1.0
Reactome_2022,PIP3 Activates AKT Signaling R-HSA-1257604,14/268,0.004449167687220724,2.3404557407059077,12.673657327640534,AGO1;AGO3;AGO4;CASP9;CLSTN1;HDAC1;KDM1A;MTOR;OTUD3;PHC2;PSMB2;RBBP4;RRAGC;SCMH1,1.0
Reactome_2022,mRNA Splicing R-HSA-72172,11/189,0.0050663184825489975,2.617141536787157,13.831961679566112,DNAJC8;HNRNPR;PPIE;PPIH;SF3A3;SNRNP40;SRRM1;SRSF10;SRSF4;SYF2;YBX1,1.0
Reactome_2022,Regulation Of MECP2 Expression And Activity R-HSA-9022692,4/31,0.005646126506019604,6.227649932833215,32.239208139734195,AGO1;AGO3;AGO4;HDAC1,1.0
Reactome_2022,Regulation Of RUNX1 Expression And Activity R-HSA-8934593,3/17,0.006780705098448605,8.994469857261786,44.915451939506276,AGO1;AGO3;AGO4,1.0
Reactome_2022,Metabolism Of Water-Soluble Vitamins And Cofactors R-HSA-196849,8/122,0.008008597330426375,2.962318777707029,14.29982265387878,LDLRAP1;MMACHC;MTHFR;NADK;NMNAT1;PANK4;PPCS;SLC2A1,1.0
Reactome_2022,Amino Acids Regulate mTORC1 R-HSA-9639288,5/55,0.009144069597394715,4.2077752892489135,19.754031172930944,ATP6V0B;MTOR;RRAGC;SESN2;SZT2,1.0
Reactome_2022,Transcriptional Regulation By TP53 R-HSA-3700989,16/354,0.009601813596410989,2.010158620239199,9.338801515364183,AGO1;AGO3;AGO4;ARTN;ELOA;HDAC1;MEAF6;MTOR;NOC2L;PLK3;PRDX1;RBBP4;RRAGC;SESN2;TAF12;TP73,1.0
Reactome_2022,Defective B3GAT3 Causes JDSSDHD R-HSA-3560801,3/20,0.010793351959047546,7.406071950786562,33.540803015505524,AGRN;HSPG2;SDC3,1.0
Reactome_2022,"Defective B4GALT7 Causes EDS, Progeroid Type R-HSA-3560783",3/20,0.010793351959047546,7.406071950786562,33.540803015505524,AGRN;HSPG2;SDC3,1.0
Reactome_2022,Regulation Of TP53 Activity R-HSA-5633007,9/157,0.011765282786286992,2.5680974546489987,11.409035455403684,ARTN;HDAC1;MEAF6;MTOR;NOC2L;PLK3;RBBP4;TAF12;TP73,1.0
Reactome_2022,Initial Triggering Of Complement R-HSA-166663,3/21,0.01237704824841516,6.994265086144837,30.71819305046433,C1QA;C1QB;C1QC,1.0
Reactome_2022,HS-GAG Degradation R-HSA-2024096,3/21,0.01237704824841516,6.994265086144837,30.71819305046433,AGRN;HSPG2;SDC3,1.0
Reactome_2022,Intracellular Signaling By Second Messengers R-HSA-9006925,14/306,0.013463903098172037,2.031862849307227,8.752743005125664,AGO1;AGO3;AGO4;CASP9;CLSTN1;HDAC1;KDM1A;MTOR;OTUD3;PHC2;PSMB2;RBBP4;RRAGC;SCMH1,1.0
Reactome_2022,Coenzyme A Biosynthesis R-HSA-196783,2/8,0.013934272054121332,13.967095558646019,59.68704004653905,PANK4;PPCS,1.0
Reactome_2022,Other Interleukin Signaling R-HSA-449836,3/24,0.0178885302628627,5.994162700586364,24.118086301834182,CSF3R;IFNLR1;TXLNA,1.0
Reactome_2022,MicroRNA (miRNA) Biogenesis R-HSA-203927,3/24,0.0178885302628627,5.994162700586364,24.118086301834182,AGO1;AGO3;AGO4,1.0
Reactome_2022,Collagen Biosynthesis And Modifying Enzymes R-HSA-1650814,5/67,0.020247819915960724,3.3912770134260524,13.22499060713498,COL16A1;COL8A2;COL9A2;P3H1;PLOD1,1.0
Reactome_2022,Ketone Body Metabolism R-HSA-74182,2/10,0.021712678801948687,10.474248707634148,40.11489476437351,HMGCL;OXCT2,1.0
Reactome_2022,Oxidative Stress Induced Senescence R-HSA-2559580,6/93,0.021975962026178655,2.9026719792674376,11.081838667294019,AGO1;AGO3;AGO4;PHC2;RBBP4;SCMH1,1.0
Reactome_2022,Transcriptional Regulation By RUNX1 R-HSA-8878171,10/204,0.022239231093048872,2.176428171315551,8.28326228226268,AGO1;AGO3;AGO4;ARID1A;HDAC1;PHC2;PSMB2;SCMH1;TNFRSF18;TP73,1.0
Reactome_2022,Glycosaminoglycan Metabolism R-HSA-1630316,7/120,0.022824009432596538,2.6094292346638697,9.8634918171767,AGRN;B3GALT6;B4GALT2;HSPG2;SDC3;SLC9A1;ST3GAL3,1.0
Reactome_2022,Metabolism Of Fat-Soluble Vitamins R-HSA-6806667,4/47,0.023915320743392914,3.9071771431392257,14.586414330586846,AGRN;HSPG2;SDC3;UBIAD1,1.0
Reactome_2022,Processing Of Capped Intron-Containing Pre-mRNA R-HSA-72203,11/242,0.02773836935827746,2.0111492745294,7.209846762907634,DNAJC8;HNRNPR;PPIE;PPIH;SF3A3;SNRNP40;SRRM1;SRSF10;SRSF4;SYF2;YBX1,1.0
Reactome_2022,Cellular Response To Starvation R-HSA-9711097,8/153,0.02775561187144112,2.325277311969234,8.334531532967953,ATP6V0B;MTOR;RPL11;RPL22;RPS8;RRAGC;SESN2;SZT2,1.0
Reactome_2022,Chondroitin Sulfate/Dermatan Sulfate Metabolism R-HSA-1793185,4/50,0.029250722102937395,3.651799023621273,12.897610100309832,AGRN;B3GALT6;HSPG2;SDC3,1.0
Reactome_2022,Regulation Of TP53 Activity Thru Acetylation R-HSA-6804758,3/29,0.02964755751757002,4.840198409557354,17.029635664276014,HDAC1;MEAF6;RBBP4,1.0
Reactome_2022,Activation Of TFAP2 (AP-2) Family Of Transcription Factors R-HSA-8866907,2/12,0.030879746398301388,8.378540597027026,29.137671642303758,CITED4;TFAP2E,1.0
Reactome_2022,HS-GAG Biosynthesis R-HSA-2022928,3/30,0.03238521217430214,4.660692853175064,15.98642524968749,AGRN;HSPG2;SDC3,1.0
Reactome_2022,Heparan Sulfate/Heparin (HS-GAG) Metabolism R-HSA-1638091,4/53,0.03523657574319368,3.4276916942483755,11.467927506367785,AGRN;B3GALT6;HSPG2;SDC3,1.0
Reactome_2022,Apoptosis Induced DNA Fragmentation R-HSA-140342,2/13,0.0359384456862874,7.616464920442619,25.331963573154507,DFFA;DFFB,1.0
Reactome_2022,GPVI-mediated Activation Cascade R-HSA-114604,3/32,0.03824128246675688,4.338820821041303,14.161215447535357,CDC42;PDPN;PRKCZ,1.0
Reactome_2022,Cellular Senescence R-HSA-2559583,8/165,0.04063271049984442,2.146219838139502,6.874732451860333,AGO1;AGO3;AGO4;ARTN;PHC2;RBBP4;RPS6KA1;SCMH1,1.0
Reactome_2022,Oncogene Induced Senescence R-HSA-2559585,3/33,0.04135756208790182,4.19397840658111,13.359918189987077,AGO1;AGO3;AGO4,1.0
Reactome_2022,Metabolism Of RNA R-HSA-8953854,23/666,0.04159913122341429,1.5183287275836452,4.8277934091129415,DNAJC8;EBNA1BP2;EXOSC10;HNRNPR;LSM10;NOL9;PNRC2;PPIE;PPIH;PSMB2;RPL11;RPL22;RPS8;SF3A3;SNRNP40;SRRM1;SRSF10;SRSF4;SYF2;TRIT1;UTP11;YBX1;ZBTB8OS,1.0
Reactome_2022,Diseases Associated With Glycosylation Precursor Biosynthesis R-HSA-5609975,2/15,0.04692074401207228,6.444040802620452,19.714224373835403,DHDDS;GALE,1.0
Reactome_2022,RUNX1 Interacts With Co-Factors Whose Precise Effect On RUNX1 Targets Is Not Known R-HSA-8939243,3/35,0.04796003953467398,3.9314515303720103,11.941340258936611,ARID1A;PHC2;SCMH1,1.0
Reactome_2022,Signaling By NOTCH R-HSA-157118,9/203,0.04996328300222878,1.9545178480587047,5.8566480044662015,AGO1;AGO3;AGO4;HDAC1;HEYL;MIB2;PSMB2;ST3GAL3;YBX1,1.0
Reactome_2022,Diseases Of Glycosylation R-HSA-3781865,7/143,0.05128404549363086,2.1655607554682494,6.432528783316714,AGRN;B3GALT6;DHDDS;GALE;HSPG2;SDC3;ST3GAL3,1.0
Reactome_2022,Transcriptional Regulation By MECP2 R-HSA-8986944,4/60,0.051762052948229255,2.9981526462836556,8.877823704896137,AGO1;AGO3;AGO4;HDAC1,1.0
Reactome_2022,FOXO-mediated Transcription Of Cell Death Genes R-HSA-9614657,2/16,0.05281203761995901,5.98344561347603,17.59741005639537,NFYC;PINK1,1.0
Reactome_2022,Transcription Of E2F Targets Under Negative Control By P107 (RBL1) And P130 (RBL2) In Complex With HDAC1 R-HSA-1362300,2/16,0.05281203761995901,5.98344561347603,17.59741005639537,HDAC1;RBBP4,1.0
Reactome_2022,SUMOylation Of DNA Methylation Proteins R-HSA-4655427,2/16,0.05281203761995901,5.98344561347603,17.59741005639537,PHC2;SCMH1,1.0
Reactome_2022,Ca2+ Pathway R-HSA-4086398,4/61,0.054414650550255725,2.9454022368844797,8.574424808222096,AGO1;AGO3;AGO4;GNB1,1.0
Reactome_2022,Early SARS-CoV-2 Infection Events R-HSA-9772572,3/37,0.05504527982663242,3.6998101690110405,10.727966468860929,AGRN;HSPG2;SDC3,1.0
Reactome_2022,NCAM1 Interactions R-HSA-419037,3/37,0.05504527982663242,3.6998101690110405,10.727966468860929,AGRN;ARTN;COL9A2,1.0
Reactome_2022,Antigen Processing: Ubiquitination And Proteasome Degradation R-HSA-983168,12/307,0.05838950295602686,1.7160570551414784,4.874664531967445,FBXO2;FBXO44;FBXO6;HECTD3;KLHL21;MIB2;PSMB2;RNF19B;RNF220;SPSB1;UBE2J2;UBR4,1.0
Reactome_2022,Vitamin B5 (Pantothenate) Metabolism R-HSA-199220,2/17,0.058949548622827024,5.58426311621753,15.809458258631267,PANK4;PPCS,1.0
Reactome_2022,Collagen Formation R-HSA-1474290,5/90,0.060059666465917705,2.470715231861061,6.948680951462573,COL16A1;COL8A2;COL9A2;P3H1;PLOD1,1.0
Reactome_2022,MAPK6/MAPK4 Signaling R-HSA-5687128,5/90,0.060059666465917705,2.470715231861061,6.948680951462573,AGO1;AGO3;AGO4;CDC42;PSMB2,1.0
Reactome_2022,Transcriptional Regulation By VENTX R-HSA-8853884,3/39,0.06259895594730984,3.493906736690178,9.681638903776514,AGO1;AGO3;AGO4,1.0
Reactome_2022,RET Signaling R-HSA-8853659,3/40,0.06654649465310294,3.3993024569751875,9.211614746847934,ARTN;CLSTN1;RAP1GAP,1.0
Reactome_2022,Integrin Cell Surface Interactions R-HSA-216083,4/66,0.06875373628402917,2.707174581533362,7.247713297790431,AGRN;COL16A1;COL9A2;HSPG2,1.0
Reactome_2022,RUNX1 Regulates Genes Involved In Megakaryocyte Differentiation And Platelet Function R-HSA-8936459,4/66,0.06875373628402917,2.707174581533362,7.247713297790431,AGO1;AGO3;AGO4;HDAC1,1.0
Reactome_2022,Non-integrin membrane-ECM Interactions R-HSA-3000171,3/41,0.0706049941293943,3.309677349876775,8.772810825424399,AGRN;HSPG2;SDC3,1.0
Reactome_2022,Transcription Of E2F Targets Under Negative Control By DREAM Complex R-HSA-1362277,2/19,0.07190499718524561,4.9267860619094135,12.969318506701361,HDAC1;RBBP4,1.0
Reactome_2022,Aflatoxin Activation And Detoxification R-HSA-5423646,2/19,0.07190499718524561,4.9267860619094135,12.969318506701361,AKR7A2;AKR7A3,1.0
Reactome_2022,Metabolism Of Carbohydrates R-HSA-71387,11/285,0.0728544868455729,1.691753545613213,4.431195103614836,AGRN;AKR1A1;B3GALT6;B4GALT2;ENO1;GALE;HSPG2;SDC3;SLC2A1;SLC9A1;ST3GAL3,1.0
Reactome_2022,RNA Polymerase II Transcription R-HSA-73857,39/1312,0.07391533601062995,1.3039348414184315,3.3965350457980903,AGO1;AGO3;AGO4;ARID1A;ARTN;CITED4;DMAP1;ELOA;HDAC1;HIVEP3;INTS11;LSM10;MEAF6;MED8;MTOR;NFYC;NOC2L;PHC2;PINK1;PLK3;PRDX1;PSMB2;RBBP4;RRAGC;SCMH1;SESN2;SKI;SRRM1;SRSF4;SSU72;TAF12;TFAP2E;TNFRSF18;TP73;YBX1;ZFP69;ZNF436;ZNF684;ZNF691,1.0
Reactome_2022,RND1 GTPase Cycle R-HSA-9696273,3/42,0.07477221891510724,3.2246484021167428,8.362509296965117,EPHA2;PLEKHG5;UBXN11,1.0
Reactome_2022,RND3 GTPase Cycle R-HSA-9696264,3/42,0.07477221891510724,3.2246484021167428,8.362509296965117,EPHA2;PLEKHG5;UBXN11,1.0
Reactome_2022,G Beta:Gamma Signaling Thru CDC42 R-HSA-8964616,2/20,0.07869517998815657,4.652837289281031,11.828319055568086,CDC42;GNB1,1.0
Reactome_2022,SUMOylation Of Transcription Cofactors R-HSA-3899300,3/43,0.07904585847745309,3.143870901744712,7.978286411020664,PARK7;PHC2;SCMH1,1.0
Reactome_2022,Retinoid Metabolism And Transport R-HSA-975634,3/43,0.07904585847745309,3.143870901744712,7.978286411020664,AGRN;HSPG2;SDC3,1.0
Reactome_2022,RND2 GTPase Cycle R-HSA-9696270,3/43,0.07904585847745309,3.143870901744712,7.978286411020664,EPHA2;NUDC;UBXN11,1.0
Reactome_2022,Visual Phototransduction R-HSA-2187338,5/98,0.08011001140558627,2.257251630338744,5.6981031896464716,AGRN;DHRS3;GNB1;HSPG2;SDC3,1.0
Reactome_2022,Collagen Chain Trimerization R-HSA-8948216,3/44,0.0834235346776464,3.0670337672444883,7.617974591934587,COL16A1;COL8A2;COL9A2,1.0
Reactome_2022,TNFR2 Non-Canonical NF-kB Pathway R-HSA-5668541,5/100,0.08561784195158385,2.2095031931561206,5.430653017167279,PSMB2;TNFRSF14;TNFRSF18;TNFRSF1B;TNFRSF25,1.0
Reactome_2022,"Cobalamin (Cbl, Vitamin B12) Transport And Metabolism R-HSA-196741",2/21,0.08567603596076087,4.4077252295609,10.830583621938379,LDLRAP1;MMACHC,1.0
Reactome_2022,Regulation Of Complement Cascade R-HSA-977606,3/45,0.08790280886656499,2.993855543910941,7.279630169156194,C1QA;C1QB;C1QC,1.0
Reactome_2022,RHOC GTPase Cycle R-HSA-9013106,4/73,0.09174283601679924,2.4316591192577213,5.808664327744031,ARHGEF10L;DHDDS;MACO1;VAMP3,1.0
Reactome_2022,PINK1-PRKN Mediated Mitophagy R-HSA-5205685,2/22,0.09283496857616204,4.1871243758127825,9.952509471398136,MFN2;PINK1,1.0
Reactome_2022,RHOG GTPase Cycle R-HSA-9013408,4/74,0.09529241248232208,2.3967979791330487,5.634404885874408,ARHGEF16;CDC42;EPHA2;VAMP3,1.0
Reactome_2022,Miscellaneous Transport And Binding Events R-HSA-5223345,2/23,0.1001598641761258,3.9875331271835326,9.175264789447668,NIPAL3;SLC66A1,1.0
Reactome_2022,Factors Involved In Megakaryocyte Development And Platelet Production R-HSA-983231,6/136,0.100269173338864,1.938261697307023,4.457802216007206,CAPZB;CDC42;HDAC1;KDM1A;KIF1B;MFN2,1.0
Reactome_2022,Signaling By NOTCH3 R-HSA-9012852,3/49,0.10678536266787451,2.732959269417426,6.113450645975146,HEYL;MIB2;YBX1,1.0
Reactome_2022,mTORC1-mediated Signaling R-HSA-166208,2/24,0.10763907635005869,3.8060865375205775,8.48365854836922,MTOR;RRAGC,1.0
Reactome_2022,Chromatin Modifying Enzymes R-HSA-3247509,9/238,0.1078032224649021,1.6527955809106387,3.6815157614794773,ARID1A;DMAP1;HDAC1;KDM1A;KDM4A;MEAF6;PADI2;RBBP4;TAF12,1.0
Reactome_2022,Class I MHC Mediated Antigen Processing And Presentation R-HSA-983169,13/378,0.10859293804420772,1.5003522182972417,3.331005328286309,FBXO2;FBXO44;FBXO6;HECTD3;KLHL21;MIB2;PSMB2;RNF19B;RNF220;SPSB1;UBE2J2;UBR4;VAMP3,1.0
Reactome_2022,Pre-NOTCH Expression And Processing R-HSA-1912422,4/78,0.11011962369396046,2.266775348397782,5.000932608485307,AGO1;AGO3;AGO4;ST3GAL3,1.0
Reactome_2022,G Alpha (12/13) Signaling Events R-HSA-416482,4/78,0.11011962369396046,2.266775348397782,5.000932608485307,ARHGEF10L;ARHGEF16;GNB1;PLEKHG5,1.0
Reactome_2022,Diseases Of Base Excision Repair R-HSA-9605308,1/5,0.11166168122067735,10.453961237602543,22.9180277318776,MUTYH,1.0
Reactome_2022,N-glycan Trimming And Elongation In cis-Golgi R-HSA-964739,1/5,0.11166168122067735,10.453961237602543,22.9180277318776,MAN1C1,1.0
Reactome_2022,Estrogen-stimulated Signaling Thru PRKCZ R-HSA-9634635,1/5,0.11166168122067735,10.453961237602543,22.9180277318776,PRKCZ,1.0
Reactome_2022,Formation Of Xylulose-5-Phosphate R-HSA-5661270,1/5,0.11166168122067735,10.453961237602543,22.9180277318776,AKR1A1,1.0
Reactome_2022,Intestinal Absorption R-HSA-8963676,1/5,0.11166168122067735,10.453961237602543,22.9180277318776,SLC2A5,1.0
Reactome_2022,Chylomicron Clearance R-HSA-8964026,1/5,0.11166168122067735,10.453961237602543,22.9180277318776,LDLRAP1,1.0
Reactome_2022,NOTCH3 Activation And Transmission Of Signal To Nucleus R-HSA-9013507,2/25,0.11526141077816025,3.640417912176141,7.8653143600663356,MIB2;YBX1,1.0
Reactome_2022,Transcriptional Activity Of SMAD2/SMAD3:SMAD4 Heterotrimer R-HSA-2173793,3/51,0.11676945157200803,2.6188171493265133,5.624050687955386,HDAC1;SKI;YBX1,1.0
Reactome_2022,RHOD GTPase Cycle R-HSA-9013405,3/52,0.12188787886358855,2.565240235814452,5.398942308855889,CAPZB;EFHD2;VAMP3,1.0
Reactome_2022,Constitutive Signaling By AKT1 E17K In Cancer R-HSA-5674400,2/26,0.12301611052564837,3.4885550056104075,7.310057534564434,CASP9;MTOR,1.0
Reactome_2022,HDMs Demethylate Histones R-HSA-3214842,2/26,0.12301611052564837,3.4885550056104075,7.310057534564434,KDM1A;KDM4A,1.0
Reactome_2022,N-glycan Antennae Elongation In medial/trans-Golgi R-HSA-975576,2/26,0.12301611052564837,3.4885550056104075,7.310057534564434,B4GALT2;FUCA1,1.0
Reactome_2022,Synthesis Of IP3 And IP4 In Cytosol R-HSA-1855204,2/26,0.12301611052564837,3.4885550056104075,7.310057534564434,INPP5B;PLCH2,1.0
Reactome_2022,Translation R-HSA-72766,10/281,0.12510965678098113,1.5518296773597833,3.225578344312819,AURKAIP1;DDOST;DLGAP3;EIF2B3;EIF3I;MRPL20;MRPS15;RPL11;RPL22;RPS8,1.0
Reactome_2022,Mitochondrial Translation Termination R-HSA-5419276,4/82,0.12590538442661567,2.150088372096902,4.455465955253143,AURKAIP1;DLGAP3;MRPL20;MRPS15,1.0
Reactome_2022,Mitochondrial Translation Elongation R-HSA-5389840,4/82,0.12590538442661567,2.150088372096902,4.455465955253143,AURKAIP1;DLGAP3;MRPL20;MRPS15,1.0
Reactome_2022,Mitochondrial Translation Initiation R-HSA-5368286,4/82,0.12590538442661567,2.150088372096902,4.455465955253143,AURKAIP1;DLGAP3;MRPL20;MRPS15,1.0
Reactome_2022,Cellular Responses To Stress R-HSA-2262752,22/722,0.12591993821915373,1.327046735844564,2.7497854647905613,AGO1;AGO3;AGO4;ARTN;ATP6V0B;CAPZB;MTOR;MUL1;NFYC;PHC2;PRDX1;PSMB2;RBBP4;RPL11;RPL22;RPS6KA1;RPS8;RRAGC;SCMH1;SESN2;SZT2;ZBTB17,1.0
Reactome_2022,Major Pathway Of rRNA Processing In Nucleolus And Cytosol R-HSA-6791226,7/179,0.12784622690780986,1.7091257268110749,3.5155470069200407,EBNA1BP2;EXOSC10;NOL9;RPL11;RPL22;RPS8;UTP11,1.0
Reactome_2022,Macroautophagy R-HSA-1632852,5/114,0.12941360291536602,1.9243267472305439,3.9347512973692713,MFN2;MTOR;PARK7;PINK1;RRAGC,1.0
Reactome_2022,G0 And Early G1 R-HSA-1538133,2/27,0.13089284177532096,3.348841131569933,6.809454163419337,HDAC1;RBBP4,1.0
Reactome_2022,LDL Remodeling R-HSA-8964041,1/6,0.13245399595879806,8.36274072456658,16.905446744369815,TRNP1,1.0
Reactome_2022,Activation Of Caspases Thru Apoptosome-Mediated Cleavage R-HSA-111459,1/6,0.13245399595879806,8.36274072456658,16.905446744369815,CASP9,1.0
Reactome_2022,Sensory Perception Of Salty Taste R-HSA-9730628,1/6,0.13245399595879806,8.36274072456658,16.905446744369815,SCNN1D,1.0
Reactome_2022,Beta Oxidation Of decanoyl-CoA To octanoyl-CoA-CoA R-HSA-77346,1/6,0.13245399595879806,8.36274072456658,16.905446744369815,MECR,1.0
Reactome_2022,Synthesis Of Dolichyl-phosphate R-HSA-446199,1/6,0.13245399595879806,8.36274072456658,16.905446744369815,DHDDS,1.0
Reactome_2022,Sensing Of DNA Double Strand Breaks R-HSA-5693548,1/6,0.13245399595879806,8.36274072456658,16.905446744369815,ARTN,1.0
Reactome_2022,Cobalamin (Cbl) Metabolism R-HSA-9759218,1/6,0.13245399595879806,8.36274072456658,16.905446744369815,MMACHC,1.0
Reactome_2022,p75NTR Negatively Regulates Cell Cycle Via SC1 R-HSA-193670,1/6,0.13245399595879806,8.36274072456658,16.905446744369815,HDAC1,1.0
Reactome_2022,Cap-dependent Translation Initiation R-HSA-72737,5/116,0.13637337044578374,1.8894596142023201,3.764481459310259,EIF2B3;EIF3I;RPL11;RPL22;RPS8,1.0
Reactome_2022,ECM Proteoglycans R-HSA-3000178,3/55,0.13771618655910647,2.4168733983964366,4.791597324001952,AGRN;COL9A2;HSPG2,1.0
Reactome_2022,Complement Cascade R-HSA-166658,3/55,0.13771618655910647,2.4168733983964366,4.791597324001952,C1QA;C1QB;C1QC,1.0
Reactome_2022,Mitophagy R-HSA-5205647,2/28,0.13888167998605683,3.2198744786094946,6.356460243421053,MFN2;PINK1,1.0
Reactome_2022,Keratan Sulfate Biosynthesis R-HSA-2022854,2/28,0.13888167998605683,3.2198744786094946,6.356460243421053,B4GALT2;ST3GAL3,1.0
Reactome_2022,Interconversion Of Nucleotide Di- And Triphosphates R-HSA-499943,2/28,0.13888167998605683,3.2198744786094946,6.356460243421053,AK2;CTPS1,1.0
Reactome_2022,E3 Ubiquitin Ligases Ubiquitinate Target Proteins R-HSA-8866654,3/56,0.1431408846553335,2.3711502849783064,4.60934051421908,PEX10;PEX14;UBE2J2,1.0
Reactome_2022,Cellular Responses To Stimuli R-HSA-8953897,22/736,0.1444591332150241,1.3000590086092962,2.5153003819312953,AGO1;AGO3;AGO4;ARTN;ATP6V0B;CAPZB;MTOR;MUL1;NFYC;PHC2;PRDX1;PSMB2;RBBP4;RPL11;RPL22;RPS6KA1;RPS8;RRAGC;SCMH1;SESN2;SZT2;ZBTB17,1.0
Reactome_2022,RAC2 GTPase Cycle R-HSA-9013404,4/87,0.14688005884845073,2.020045657544716,3.874728259450748,CDC42;EPHA2;VAMP3;WASF2,1.0
Reactome_2022,Energy Dependent Regulation Of mTOR By LKB1-AMPK R-HSA-380972,2/29,0.14697309646520404,3.100460911053533,5.945151550793887,MTOR;RRAGC,1.0
Reactome_2022,Cristae Formation R-HSA-8949613,2/29,0.14697309646520404,3.100460911053533,5.945151550793887,DNAJC11;MICOS10,1.0
Reactome_2022,G1/S-Specific Transcription R-HSA-69205,2/29,0.14697309646520404,3.100460911053533,5.945151550793887,HDAC1;RBBP4,1.0
Reactome_2022,Estrogen-dependent Gene Expression R-HSA-9018519,5/119,0.14711590296613639,1.8394528049907886,3.5253748489281214,AGO1;AGO3;AGO4;HDAC1;KDM1A,1.0
Reactome_2022,NCAM Signaling For Neurite Out-Growth R-HSA-375165,3/57,0.1486353347416108,2.3271206202052914,4.436095535559808,AGRN;ARTN;COL9A2,1.0
Reactome_2022,NRAGE Signals Death Thru JNK R-HSA-193648,3/57,0.1486353347416108,2.3271206202052914,4.436095535559808,ARHGEF10L;ARHGEF16;PLEKHG5,1.0
Reactome_2022,SUMOylation Of Chromatin Organization Proteins R-HSA-4551638,3/57,0.1486353347416108,2.3271206202052914,4.436095535559808,HDAC1;PHC2;SCMH1,1.0
Reactome_2022,Mitochondrial Translation R-HSA-5368287,4/88,0.15122911428825134,1.99589486769931,3.7701641301623074,AURKAIP1;DLGAP3;MRPL20;MRPS15,1.0
Reactome_2022,Retinoid Cycle In Cones (Daylight Vision) R-HSA-2187335,1/7,0.15276066445391073,6.9685937158759375,13.093171339670779,DHRS3,1.0
Reactome_2022,RHOT2 GTPase Cycle R-HSA-9013419,1/7,0.15276066445391073,6.9685937158759375,13.093171339670779,MFN2,1.0
Reactome_2022,SMAC (DIABLO) Binds To IAPs R-HSA-111463,1/7,0.15276066445391073,6.9685937158759375,13.093171339670779,CASP9,1.0
Reactome_2022,Vitamin C (Ascorbate) Metabolism R-HSA-196836,1/7,0.15276066445391073,6.9685937158759375,13.093171339670779,SLC2A1,1.0
Reactome_2022,MECP2 Regulates Transcription Of Neuronal Ligands R-HSA-9022702,1/7,0.15276066445391073,6.9685937158759375,13.093171339670779,HDAC1,1.0
Reactome_2022,Inactivation Of CDC42 And RAC1 R-HSA-428543,1/7,0.15276066445391073,6.9685937158759375,13.093171339670779,CDC42,1.0
Reactome_2022,Aryl Hydrocarbon Receptor Signaling R-HSA-8937144,1/7,0.15276066445391073,6.9685937158759375,13.093171339670779,AURKAIP1,1.0
Reactome_2022,RSK Activation R-HSA-444257,1/7,0.15276066445391073,6.9685937158759375,13.093171339670779,RPS6KA1,1.0
Reactome_2022,CREB Phosphorylation R-HSA-199920,1/7,0.15276066445391073,6.9685937158759375,13.093171339670779,RPS6KA1,1.0
Reactome_2022,GLI Proteins Bind Promoters Of Hh Responsive Genes To Promote Transcription R-HSA-5635851,1/7,0.15276066445391073,6.9685937158759375,13.093171339670779,PTCH2,1.0
Reactome_2022,ESR-mediated Signaling R-HSA-8939211,7/188,0.15294475766498278,1.623386550157241,3.048197996122349,AGO1;AGO3;AGO4;GNB1;HDAC1;KDM1A;PRKCZ,1.0
Reactome_2022,Constitutive Signaling By NOTCH1 HD+PEST Domain Mutants R-HSA-2894862,3/58,0.15419681334698968,2.2846920341512957,4.271289980434708,HDAC1;HEYL;MIB2,1.0
Reactome_2022,RHO GTPase Cycle R-HSA-9012999,14/441,0.15496708788682453,1.379721209589444,2.572548862161474,ARHGEF10L;ARHGEF16;CAPZB;CDC42;DHDDS;EFHD2;EPHA2;MACO1;NUDC;PLEKHG5;SRRM1;UBXN11;VAMP3;WASF2,1.0
Reactome_2022,rRNA Processing In Nucleus And Cytosol R-HSA-8868773,7/189,0.15586638566236366,1.6143834131703916,3.0007450830048072,EBNA1BP2;EXOSC10;NOL9;RPL11;RPL22;RPS8;UTP11,1.0
Reactome_2022,Signaling By Nuclear Receptors R-HSA-9006931,9/260,0.1577845509443736,1.5062104202745608,2.7812548621051913,AGO1;AGO3;AGO4;DHRS3;GNB1;HDAC1;KDM1A;KDM4A;PRKCZ,1.0
Reactome_2022,Regulation Of TP53 Activity Thru Phosphorylation R-HSA-6804756,4/90,0.16007172535040967,1.949278226834922,3.571337512839733,ARTN;NOC2L;PLK3;TAF12,1.0
Reactome_2022,Downregulation Of SMAD2/3:SMAD4 Transcriptional Activity R-HSA-2173795,2/31,0.1634274509385005,2.8863400312980163,5.228276247972784,HDAC1;SKI,1.0
Reactome_2022,Nicotinate Metabolism R-HSA-196807,2/31,0.1634274509385005,2.8863400312980163,5.228276247972784,NADK;NMNAT1,1.0
Reactome_2022,Signaling By TGF-beta Receptor Complex R-HSA-170834,4/91,0.16456281917392074,1.926773641590045,3.4767915571810097,HDAC1;PRKCZ;SKI;YBX1,1.0
Reactome_2022,HDACs Deacetylate Histones R-HSA-3214815,3/60,0.16551000173190178,2.204301028996356,3.9649283982305485,HDAC1;KDM1A;RBBP4,1.0
Reactome_2022,FCGR3A-mediated Phagocytosis R-HSA-9664422,3/60,0.16551000173190178,2.204301028996356,3.9649283982305485,CDC42;FGR;WASF2,1.0
Reactome_2022,Recruitment And ATM-mediated Phosphorylation Of Repair And Signal Proteins At DNA Double Strand Breaks R-HSA-5693565,3/60,0.16551000173190178,2.204301028996356,3.9649283982305485,ARTN;EYA3;KDM4A,1.0
Reactome_2022,Selective Autophagy R-HSA-9663891,3/61,0.17125631299991792,2.1661846041384107,3.8224362216714627,MFN2;PARK7;PINK1,1.0
Reactome_2022,DNA Double Strand Break Response R-HSA-5693606,3/61,0.17125631299991792,2.1661846041384107,3.8224362216714627,ARTN;EYA3;KDM4A,1.0
Reactome_2022,G-protein Beta:Gamma Signaling R-HSA-397795,2/32,0.17177319550328343,2.7899856354080335,4.9147837413285504,CDC42;GNB1,1.0
Reactome_2022,Synthesis Of Ketone Bodies R-HSA-77111,1/8,0.1725930062253092,5.972774423954051,10.493083717848416,HMGCL,1.0
Reactome_2022,Sodium/Proton Exchangers R-HSA-425986,1/8,0.1725930062253092,5.972774423954051,10.493083717848416,SLC9A1,1.0
Reactome_2022,Role Of ABL In ROBO-SLIT Signaling R-HSA-428890,1/8,0.1725930062253092,5.972774423954051,10.493083717848416,CAP1,1.0
Reactome_2022,Noncanonical Activation Of NOTCH3 R-HSA-9017802,1/8,0.1725930062253092,5.972774423954051,10.493083717848416,YBX1,1.0
Reactome_2022,Recycling Of eIF2:GDP R-HSA-72731,1/8,0.1725930062253092,5.972774423954051,10.493083717848416,EIF2B3,1.0
Reactome_2022,Synthesis Of diphthamide-EEF2 R-HSA-5358493,1/8,0.1725930062253092,5.972774423954051,10.493083717848416,DPH2,1.0
Reactome_2022,Miro GTPase Cycle R-HSA-9715370,1/8,0.1725930062253092,5.972774423954051,10.493083717848416,MFN2,1.0
Reactome_2022,Linoleic Acid (LA) Metabolism R-HSA-2046105,1/8,0.1725930062253092,5.972774423954051,10.493083717848416,ELOVL1,1.0
Reactome_2022,Defective ST3GAL3 Causes MCT12 And EIEE15 R-HSA-3656243,1/8,0.1725930062253092,5.972774423954051,10.493083717848416,ST3GAL3,1.0
Reactome_2022,"SMAC, XIAP-regulated Apoptotic Response R-HSA-111469",1/8,0.1725930062253092,5.972774423954051,10.493083717848416,CASP9,1.0
Reactome_2022,Transport Of RCbl Within Body R-HSA-9758890,1/8,0.1725930062253092,5.972774423954051,10.493083717848416,LDLRAP1,1.0
Reactome_2022,VEGFA-VEGFR2 Pathway R-HSA-4420097,4/93,0.1736783552906933,1.8832816341505072,3.2967790850575924,CDC42;MTOR;PRKCZ;WASF2,1.0
Reactome_2022,RAC3 GTPase Cycle R-HSA-9013423,4/93,0.1736783552906933,1.8832816341505072,3.2967790850575924,CDC42;EPHA2;VAMP3;WASF2,1.0
Reactome_2022,Pre-NOTCH Transcription And Translation R-HSA-1912408,3/62,0.17705886128373804,2.1293602614790395,3.6865040388368167,AGO1;AGO3;AGO4,1.0
Reactome_2022,Signaling By BRAF And RAF1 Fusions R-HSA-6802952,3/62,0.17705886128373804,2.1293602614790395,3.6865040388368167,AGTRAP;CLCN6;CNKSR1,1.0
Reactome_2022,Generic Transcription Pathway R-HSA-212436,33/1190,0.17741328623481928,1.204810273081086,2.083446258117932,AGO1;AGO3;AGO4;ARID1A;ARTN;CITED4;ELOA;HDAC1;HIVEP3;MEAF6;MED8;MTOR;NFYC;NOC2L;PHC2;PINK1;PLK3;PRDX1;PSMB2;RBBP4;RRAGC;SCMH1;SESN2;SKI;TAF12;TFAP2E;TNFRSF18;TP73;YBX1;ZFP69;ZNF436;ZNF684;ZNF691,1.0
Reactome_2022,Keratan Sulfate/Keratin Metabolism R-HSA-1638074,2/33,0.18018710733653384,2.6998476521561146,4.62688951594276,B4GALT2;ST3GAL3,1.0
Reactome_2022,Autophagy R-HSA-9612973,5/128,0.1813583233943542,1.7040685166376184,2.9093229788606148,MFN2;MTOR;PARK7;PINK1;RRAGC,1.0
Reactome_2022,Peroxisomal Protein Import R-HSA-9033241,3/63,0.1829149881180168,2.0937633969083143,3.5567466094017854,HMGCL;PEX10;PEX14,1.0
Reactome_2022,P75 NTR Receptor-Mediated Signaling R-HSA-193704,4/95,0.1829632930407117,1.8417013633017183,3.1280740186258686,ARHGEF10L;ARHGEF16;HDAC1;PLEKHG5,1.0
Reactome_2022,rRNA Processing R-HSA-72312,7/199,0.18643921373061906,1.529510090533946,2.5690416614434506,EBNA1BP2;EXOSC10;NOL9;RPL11;RPL22;RPS8;UTP11,1.0
Reactome_2022,CD28 Co-Stimulation R-HSA-389356,2/34,0.18866144925661946,2.6153432928574403,4.361872535639919,CDC42;MTOR,1.0
Reactome_2022,Chylomicron Assembly R-HSA-8963888,1/9,0.19196207750814998,5.225909955012635,8.625141963099349,TRNP1,1.0
Reactome_2022,Displacement Of DNA Glycosylase By APEX1 R-HSA-110357,1/9,0.19196207750814998,5.225909955012635,8.625141963099349,MUTYH,1.0
Reactome_2022,Activation Of PUMA And Translocation To Mitochondria R-HSA-139915,1/9,0.19196207750814998,5.225909955012635,8.625141963099349,TP73,1.0
Reactome_2022,Serine Biosynthesis R-HSA-977347,1/9,0.19196207750814998,5.225909955012635,8.625141963099349,SERINC2,1.0
Reactome_2022,tRNA Modification In Mitochondrion R-HSA-6787450,1/9,0.19196207750814998,5.225909955012635,8.625141963099349,TRIT1,1.0
Reactome_2022,ATF6 (ATF6-alpha) Activates Chaperone Genes R-HSA-381183,1/9,0.19196207750814998,5.225909955012635,8.625141963099349,NFYC,1.0
Reactome_2022,Maturation Of Protein 3A R-HSA-9683673,1/9,0.19196207750814998,5.225909955012635,8.625141963099349,ST3GAL3,1.0
Reactome_2022,Neddylation R-HSA-8951664,8/237,0.19292663813195068,1.4659578196597363,2.4121533686533367,FBXO2;FBXO44;FBXO6;KLHL21;MUL1;PSMB2;SPSB1;WDTC1,1.0
Reactome_2022,FOXO-mediated Transcription R-HSA-9614085,3/65,0.19477744913917092,2.0260145256285464,3.314352418861605,HDAC1;NFYC;PINK1,1.0
Reactome_2022,Formation Of A Pool Of Free 40S Subunits R-HSA-72689,4/98,0.1971860905107539,1.7826485318303003,2.894321301951773,EIF3I;RPL11;RPL22;RPS8,1.0
Reactome_2022,Gene And Protein Expression By JAK-STAT Signaling After Interleukin-12 Stimulation R-HSA-8950505,2/35,0.1971888074215857,2.535960409879898,4.117369080991197,AURKAIP1;CDC42,1.0
Reactome_2022,Gene Expression (Transcription) R-HSA-74160,39/1449,0.20133834416980362,1.1684074524549175,1.8726866386535193,AGO1;AGO3;AGO4;ARID1A;ARTN;CITED4;DMAP1;ELOA;HDAC1;HIVEP3;INTS11;LSM10;MEAF6;MED8;MTOR;NFYC;NOC2L;PHC2;PINK1;PLK3;PRDX1;PSMB2;RBBP4;RRAGC;SCMH1;SESN2;SKI;SRRM1;SRSF4;SSU72;TAF12;TFAP2E;TNFRSF18;TP73;YBX1;ZFP69;ZNF436;ZNF684;ZNF691,1.0
Reactome_2022,SMAD2/SMAD3:SMAD4 Heterotrimer Regulates Transcription R-HSA-2173796,2/36,0.205762080487766,2.4612471082539753,3.8913171492594527,HDAC1;YBX1,1.0
Reactome_2022,Mitochondrial Fatty Acid Beta-Oxidation R-HSA-77289,2/36,0.205762080487766,2.4612471082539753,3.8913171492594527,ACOT7;MECR,1.0
Reactome_2022,Transcriptional Regulation By AP-2 (TFAP2) Family Of Transcription Factors R-HSA-8864260,2/36,0.205762080487766,2.4612471082539753,3.8913171492594527,CITED4;TFAP2E,1.0
Reactome_2022,RHO GTPases Activate WASPs And WAVEs R-HSA-5663213,2/36,0.205762080487766,2.4612471082539753,3.8913171492594527,CDC42;WASF2,1.0
Reactome_2022,RNA Polymerase II Transcription Termination R-HSA-73856,3/67,0.20682287994698065,1.9624999588037646,3.09268897501578,LSM10;SRRM1;SRSF4,1.0
Reactome_2022,KEAP1-NFE2L2 Pathway R-HSA-9755511,4/100,0.2068499666272544,1.7453304230532234,2.7502245681766864,MUL1;PRDX1;PSMB2;SESN2,1.0
Reactome_2022,Stimuli-sensing Channels R-HSA-2672351,4/100,0.2068499666272544,1.7453304230532234,2.7502245681766864,BEST4;CLCN6;CLCNKA;SCNN1D,1.0
Reactome_2022,Nervous System Development R-HSA-9675108,16/545,0.21000053234442634,1.2715927256021315,1.9845051004709688,AGRN;ARTN;CAP1;CDC42;CLSTN1;COL9A2;EPHA2;EPHB2;LYPLA2;POU3F1;PSMB2;RAP1GAP;RPL11;RPL22;RPS6KA1;RPS8,1.0
Reactome_2022,STAT3 Nuclear Events Downstream Of ALK Signaling R-HSA-9701898,1/10,0.21087867736439467,4.645015368058201,7.229837751923362,HDAC1,1.0
Reactome_2022,Caspase Activation Via Dependence Receptors In Absence Of Ligand R-HSA-418889,1/10,0.21087867736439467,4.645015368058201,7.229837751923362,CASP9,1.0
Reactome_2022,RUNX1 And FOXP3 Control Development Of Regulatory T Lymphocytes (Tregs) R-HSA-8877330,1/10,0.21087867736439467,4.645015368058201,7.229837751923362,TNFRSF18,1.0
Reactome_2022,Negative Regulation Of Activity Of TFAP2 (AP-2) Family Transcription Factors R-HSA-8866904,1/10,0.21087867736439467,4.645015368058201,7.229837751923362,TFAP2E,1.0
Reactome_2022,SLBP Independent Processing Of Histone Pre-mRNAs R-HSA-111367,1/10,0.21087867736439467,4.645015368058201,7.229837751923362,LSM10,1.0
Reactome_2022,Urea Cycle R-HSA-70635,1/10,0.21087867736439467,4.645015368058201,7.229837751923362,TINAGL1,1.0
Reactome_2022,Reactions Specific To Complex N-glycan Synthesis Pathway R-HSA-975578,1/10,0.21087867736439467,4.645015368058201,7.229837751923362,FUCA1,1.0
Reactome_2022,RHO GTPases Activate KTN1 R-HSA-5625970,1/10,0.21087867736439467,4.645015368058201,7.229837751923362,CDC42,1.0
Reactome_2022,Costimulation By CD28 Family R-HSA-388841,3/68,0.21290781917753837,1.932208396164253,2.988925402018553,CDC42;MTOR;TNFRSF14,1.0
Reactome_2022,RHOV GTPase Cycle R-HSA-9013424,2/37,0.21437446909697358,2.3908031381495345,3.6819107984149957,CDC42;EPHA2,1.0
Reactome_2022,Fatty acyl-CoA Biosynthesis R-HSA-75105,2/37,0.21437446909697358,2.3908031381495345,3.6819107984149957,ELOVL1;PPT1,1.0
Reactome_2022,Signaling By VEGF R-HSA-194138,4/102,0.21664749239350214,1.7095355023894971,2.614706694574183,CDC42;MTOR;PRKCZ;WASF2,1.0
Reactome_2022,RHOB GTPase Cycle R-HSA-9013026,3/69,0.21903089127120698,1.9028347596653328,2.889535458890186,ARHGEF10L;DHDDS;VAMP3,1.0
Reactome_2022,Diseases Of Metabolism R-HSA-5668914,8/247,0.2233444390762272,1.4038930027714729,2.1044919483903324,AGRN;B3GALT6;DHDDS;GALE;HSPG2;MMACHC;SDC3;ST3GAL3,1.0
Reactome_2022,Ion Channel Transport R-HSA-983712,6/175,0.22749884385488153,1.4879735334578847,2.203108675740016,ATP13A2;ATP6V0B;BEST4;CLCN6;CLCNKA;SCNN1D,1.0
Reactome_2022,ATF6 (ATF6-alpha) Activates Chaperones R-HSA-381033,1/11,0.22935335365221174,4.180299698494653,6.155455504379367,NFYC,1.0
Reactome_2022,Mitochondrial Fatty Acid Beta-Oxidation Of Saturated Fatty Acids R-HSA-77286,1/11,0.22935335365221174,4.180299698494653,6.155455504379367,MECR,1.0
Reactome_2022,RHO GTPases Activate IQGAPs R-HSA-5626467,1/11,0.22935335365221174,4.180299698494653,6.155455504379367,CDC42,1.0
Reactome_2022,Activation Of Phototransduction Cascade R-HSA-2485179,1/11,0.22935335365221174,4.180299698494653,6.155455504379367,GNB1,1.0
Reactome_2022,Formation Of Apoptosome R-HSA-111458,1/11,0.22935335365221174,4.180299698494653,6.155455504379367,CASP9,1.0
Reactome_2022,SLBP Dependent Processing Of Replication-Dependent Histone Pre-mRNAs R-HSA-77588,1/11,0.22935335365221174,4.180299698494653,6.155455504379367,LSM10,1.0
Reactome_2022,Translesion Synthesis By Y Family DNA Polymerases Bypasses Lesions On DNA Template R-HSA-110313,2/39,0.23169084458751643,2.261338544444075,3.3068715013270515,ISG15;MAD2L2,1.0
Reactome_2022,RHOU GTPase Cycle R-HSA-9013420,2/39,0.23169084458751643,2.261338544444075,3.3068715013270515,CDC42;EPHA2,1.0
Reactome_2022,Axon Guidance R-HSA-422475,15/519,0.23684664941844663,1.2501313721982985,1.8006172161228562,AGRN;ARTN;CAP1;CDC42;CLSTN1;COL9A2;EPHA2;EPHB2;LYPLA2;PSMB2;RAP1GAP;RPL11;RPL22;RPS6KA1;RPS8,1.0
Reactome_2022,Beta-catenin Independent WNT Signaling R-HSA-3858494,5/142,0.2396261072720366,1.5288265667498164,2.1841969935786505,AGO1;AGO3;AGO4;GNB1;PSMB2,1.0
Reactome_2022,Collagen Degradation R-HSA-1442490,2/40,0.2403826524788012,2.2017166920797187,3.138598312443881,COL16A1;COL9A2,1.0
Reactome_2022,SRP-dependent Cotranslational Protein Targeting To Membrane R-HSA-1799339,4/108,0.24673985071830248,1.6104111067053308,2.2536426919489316,DDOST;RPL11;RPL22;RPS8,1.0
Reactome_2022,L13a-mediated Translational Silencing Of Ceruloplasmin Expression R-HSA-156827,4/108,0.24673985071830248,1.6104111067053308,2.2536426919489316,EIF3I;RPL11;RPL22;RPS8,1.0
Reactome_2022,TP53 Regulates Transcription Of Caspase Activators And Caspases R-HSA-6803207,1/12,0.24739640885711267,3.8000777870335694,5.307809321792726,TP73,1.0
Reactome_2022,CD28 Dependent Vav1 Pathway R-HSA-389359,1/12,0.24739640885711267,3.8000777870335694,5.307809321792726,CDC42,1.0
Reactome_2022,Vitamin D (Calciferol) Metabolism R-HSA-196791,1/12,0.24739640885711267,3.8000777870335694,5.307809321792726,LDLRAP1,1.0
Reactome_2022,Hyaluronan Uptake And Degradation R-HSA-2160916,1/12,0.24739640885711267,3.8000777870335694,5.307809321792726,SLC9A1,1.0
Reactome_2022,Erythropoietin Activates Phosphoinositide-3-kinase (PI3K) R-HSA-9027276,1/12,0.24739640885711267,3.8000777870335694,5.307809321792726,CLSTN1,1.0
Reactome_2022,Disorders Of Developmental Biology R-HSA-9675151,1/12,0.24739640885711267,3.8000777870335694,5.307809321792726,HDAC1,1.0
Reactome_2022,HDR Thru MMEJ (alt-NHEJ) R-HSA-5685939,1/12,0.24739640885711267,3.8000777870335694,5.307809321792726,ARTN,1.0
Reactome_2022,TP53 Regulates Transcription Of Death Receptors And Ligands R-HSA-6803211,1/12,0.24739640885711267,3.8000777870335694,5.307809321792726,TP73,1.0
Reactome_2022,MTOR Signaling R-HSA-165159,2/41,0.24908919906082208,2.1451523706058424,2.9816421331934007,MTOR;RRAGC,1.0
Reactome_2022,"Cell Death Signaling Via NRAGE, NRIF And NADE R-HSA-204998",3/74,0.25013286169415294,1.768377972874501,2.450552862989093,ARHGEF10L;ARHGEF16;PLEKHG5,1.0
Reactome_2022,Signaling By NOTCH1 R-HSA-1980143,3/74,0.25013286169415294,1.768377972874501,2.450552862989093,HDAC1;HEYL;MIB2,1.0
Reactome_2022,GTP Hydrolysis And Joining Of 60S Ribosomal Subunit R-HSA-72706,4/109,0.2518440035047437,1.5949917562655715,2.1994065722359126,EIF3I;RPL11;RPL22;RPS8,1.0
Reactome_2022,Deactivation Of Beta-Catenin Transactivating Complex R-HSA-3769402,2/42,0.2578050480681079,2.09141626520566,2.835022679903944,CTNNBIP1;HDAC1,1.0
Reactome_2022,"Gamma Carboxylation, Hypusine Formation And Arylsulfatase Activation R-HSA-163841",2/42,0.2578050480681079,2.09141626520566,2.835022679903944,DPH2;ICMT,1.0
Reactome_2022,RHOF GTPase Cycle R-HSA-9035034,2/42,0.2578050480681079,2.09141626520566,2.835022679903944,CAPZB;VAMP3,1.0
Reactome_2022,RHOA GTPase Cycle R-HSA-8980692,5/147,0.2615735415759125,1.4746143941235599,1.9775165999571018,ARHGEF10L;DHDDS;MACO1;PLEKHG5;VAMP3,1.0
Reactome_2022,Protein Ubiquitination R-HSA-8852135,3/76,0.26275666708194634,1.7197525047748028,2.298495475900564,PEX10;PEX14;UBE2J2,1.0
Reactome_2022,Alpha-Linolenic (Omega3) And Linoleic (Omega6) Acid Metabolism R-HSA-2046104,1/13,0.2650179057880147,3.4832261941493323,4.625577694173153,ELOVL1,1.0
Reactome_2022,Advanced Glycosylation Endproduct Receptor Signaling R-HSA-879415,1/13,0.2650179057880147,3.4832261941493323,4.625577694173153,DDOST,1.0
Reactome_2022,Glutamate And Glutamine Metabolism R-HSA-8964539,1/13,0.2650179057880147,3.4832261941493323,4.625577694173153,RIMKLA,1.0
Reactome_2022,FCGR Activation R-HSA-2029481,1/13,0.2650179057880147,3.4832261941493323,4.625577694173153,FGR,1.0
Reactome_2022,Cytochrome C-Mediated Apoptotic Response R-HSA-111461,1/13,0.2650179057880147,3.4832261941493323,4.625577694173153,CASP9,1.0
Reactome_2022,Defects In Cobalamin (B12) Metabolism R-HSA-3296469,1/13,0.2650179057880147,3.4832261941493323,4.625577694173153,MMACHC,1.0
Reactome_2022,Nonsense Mediated Decay (NMD) Enhanced By Exon Junction Complex (EJC) R-HSA-975957,4/112,0.26728366145553545,1.5504469661062674,2.045729159315705,PNRC2;RPL11;RPL22;RPS8,1.0
Reactome_2022,Interleukin-12 Signaling R-HSA-9020591,2/44,0.27524412633872103,1.9916206408910349,2.5693835012191477,AURKAIP1;CDC42,1.0
Reactome_2022,Oncogenic MAPK Signaling R-HSA-6802957,3/78,0.27545784000354884,1.6737203949737551,2.1579623394348553,AGTRAP;CLCN6;CNKSR1,1.0
Reactome_2022,AKT Phosphorylates Targets In Cytosol R-HSA-198323,1/14,0.2822276731413549,3.2151210001703627,4.067260471009814,CASP9,1.0
Reactome_2022,Repression Of WNT Target Genes R-HSA-4641265,1/14,0.2822276731413549,3.2151210001703627,4.067260471009814,HDAC1,1.0
Reactome_2022,Heme Biosynthesis R-HSA-189451,1/14,0.2822276731413549,3.2151210001703627,4.067260471009814,UROD,1.0
Reactome_2022,DCC Mediated Attractive Signaling R-HSA-418885,1/14,0.2822276731413549,3.2151210001703627,4.067260471009814,CDC42,1.0
Reactome_2022,Regulation Of TP53 Activity Thru Association With Co-factors R-HSA-6804759,1/14,0.2822276731413549,3.2151210001703627,4.067260471009814,TP73,1.0
Reactome_2022,"Synthesis Of IP2, IP, And Ins In Cytosol R-HSA-1855183",1/14,0.2822276731413549,3.2151210001703627,4.067260471009814,INPP5B,1.0
Reactome_2022,TP53 Regulates Transcription Of Additional Cell Death Genes With Uncertain Roles In P53-Dependent Apoptosis R-HSA-6803205,1/14,0.2822276731413549,3.2151210001703627,4.067260471009814,TP73,1.0
Reactome_2022,ERCC6 (CSB) And EHMT2 (G9a) Positively Regulate rRNA Expression R-HSA-427389,2/45,0.2839576759885888,1.9452040714423722,2.4488759175416805,HDAC1;RBBP4,1.0
Reactome_2022,"Signaling By Rho GTPases, Miro GTPases And RHOBTB3 R-HSA-9716542",18/660,0.2857344075360114,1.1769470149671175,1.4743527510375267,ARHGEF10L;ARHGEF16;CAPZB;CDC42;DHDDS;EFHD2;EPHA2;KDM1A;MACO1;MFN2;NUDC;PLEKHG5;PRKCZ;RCC2;SRRM1;UBXN11;VAMP3;WASF2,1.0
Reactome_2022,PPARA Activates Gene Expression R-HSA-1989781,4/116,0.28812113656726585,1.494765978407137,1.860048329476676,MED18;MED8;NFYC;THRAP3,1.0
Reactome_2022,RNA Polymerase II Pre-transcription Events R-HSA-674695,3/80,0.28821909731725404,1.6300795636039307,2.0278749434591257,DMAP1;ELOA;TAF12,1.0
Reactome_2022,RNA Polymerase I Transcription Initiation R-HSA-73762,2/46,0.2926611526869349,1.9008973460595577,2.3357082527040185,HDAC1;RBBP4,1.0
Reactome_2022,Regulation Of Lipid Metabolism By PPARalpha R-HSA-400206,4/118,0.2986260530488925,1.468390773707549,1.774642974522838,MED18;MED8;NFYC;THRAP3,1.0
Reactome_2022,N-Glycan Antennae Elongation R-HSA-975577,1/15,0.2990353109363035,2.9853165481883885,3.6038550780774647,B4GALT2,1.0
Reactome_2022,Constitutive Signaling By NOTCH1 HD Domain Mutants R-HSA-2691232,1/15,0.2990353109363035,2.9853165481883885,3.6038550780774647,MIB2,1.0
Reactome_2022,Synthesis Of Prostaglandins (PG) And Thromboxanes (TX) R-HSA-2162123,1/15,0.2990353109363035,2.9853165481883885,3.6038550780774647,PRXL2B,1.0
Reactome_2022,SUMOylation Of RNA Binding Proteins R-HSA-4570464,2/47,0.30135026462136144,1.8585598084715351,2.229309075091773,PHC2;SCMH1,1.0
Reactome_2022,Sensory Perception Of Taste R-HSA-9717189,2/47,0.30135026462136144,1.8585598084715351,2.229309075091773,GNB1;SCNN1D,1.0
Reactome_2022,Signaling By TGFB Family Members R-HSA-9006936,4/119,0.3038959713126408,1.4555471957668802,1.7336583594161403,HDAC1;PRKCZ;SKI;YBX1,1.0
Reactome_2022,Platelet Homeostasis R-HSA-418346,3/83,0.30743743618237573,1.5687096444901154,1.8502674117940785,FGR;GNB1;PAFAH2,1.0
Reactome_2022,DNA Damage Bypass R-HSA-73893,2/48,0.31002092550106997,1.8180630333873393,2.129161765951265,ISG15;MAD2L2,1.0
Reactome_2022,NOTCH1 Intracellular Domain Regulates Transcription R-HSA-2122947,2/48,0.31002092550106997,1.8180630333873393,2.129161765951265,HDAC1;HEYL,1.0
Reactome_2022,Inositol Phosphate Metabolism R-HSA-1483249,2/48,0.31002092550106997,1.8180630333873393,2.129161765951265,INPP5B;PLCH2,1.0
Reactome_2022,Transcriptional Regulation Of White Adipocyte Differentiation R-HSA-381340,3/84,0.31385599270416004,1.5492632092153673,1.7953187727145286,MED18;MED8;THRAP3,1.0
Reactome_2022,TGF-beta Receptor Signaling In EMT (Epithelial To Mesenchymal Transition) R-HSA-2173791,1/16,0.31545019582405986,2.786152689804011,3.214536112688281,PRKCZ,1.0
Reactome_2022,Translesion Synthesis By REV1 R-HSA-110312,1/16,0.31545019582405986,2.786152689804011,3.214536112688281,MAD2L2,1.0
Reactome_2022,Cell-extracellular Matrix Interactions R-HSA-446353,1/16,0.31545019582405986,2.786152689804011,3.214536112688281,FBLIM1,1.0
Reactome_2022,Gap Junction Assembly R-HSA-190861,1/16,0.31545019582405986,2.786152689804011,3.214536112688281,GJB3,1.0
Reactome_2022,Hyaluronan Metabolism R-HSA-2142845,1/16,0.31545019582405986,2.786152689804011,3.214536112688281,SLC9A1,1.0
Reactome_2022,Rap1 Signaling R-HSA-392517,1/16,0.31545019582405986,2.786152689804011,3.214536112688281,RAP1GAP,1.0
Reactome_2022,Signaling By NTRK3 (TRKC) R-HSA-9034015,1/16,0.31545019582405986,2.786152689804011,3.214536112688281,PTPRU,1.0
Reactome_2022,Polo-like Kinase Mediated Events R-HSA-156711,1/16,0.31545019582405986,2.786152689804011,3.214536112688281,RBBP4,1.0
Reactome_2022,Plasma Lipoprotein Assembly R-HSA-8963898,1/16,0.31545019582405986,2.786152689804011,3.214536112688281,TRNP1,1.0
Reactome_2022,mRNA Splicing - Minor Pathway R-HSA-72165,2/49,0.3186692473237589,1.7792895253280032,2.034798270336235,SNRNP40;YBX1,1.0
Reactome_2022,EPH-ephrin Mediated Repulsion Of Cells R-HSA-3928665,2/49,0.3186692473237589,1.7792895253280032,2.034798270336235,EPHA2;EPHB2,1.0
Reactome_2022,Peptide Chain Elongation R-HSA-156902,3/86,0.3267003589772552,1.5117761050712746,1.691241860793228,RPL11;RPL22;RPS8,1.0
Reactome_2022,"Formation Of Ternary Complex, And Subsequently, 43S Complex R-HSA-72695",2/50,0.32729153336731553,1.7421315801044726,1.9457936709739359,EIF3I;RPS8,1.0
Reactome_2022,Translesion Synthesis By POLK R-HSA-5655862,1/17,0.3314814862741369,2.611884313717681,2.883999091042015,MAD2L2,1.0
Reactome_2022,Gastrin-CREB Signaling Pathway Via PKC And MAPK R-HSA-881907,1/17,0.3314814862741369,2.611884313717681,2.883999091042015,RPS6KA1,1.0
Reactome_2022,Platelet Sensitization By LDL R-HSA-432142,1/17,0.3314814862741369,2.611884313717681,2.883999091042015,FGR,1.0
Reactome_2022,Metabolism Of Folate And Pterines R-HSA-196757,1/17,0.3314814862741369,2.611884313717681,2.883999091042015,MTHFR,1.0
Reactome_2022,Translesion Synthesis By POLI R-HSA-5656121,1/17,0.3314814862741369,2.611884313717681,2.883999091042015,MAD2L2,1.0
Reactome_2022,Fcgamma Receptor (FCGR) Dependent Phagocytosis R-HSA-2029480,3/87,0.33312251255328407,1.4937019655732298,1.6419443440999337,CDC42;FGR;WASF2,1.0
Reactome_2022,Diseases Of DNA Repair R-HSA-9675135,2/51,0.33588427139977683,1.7064902857063924,1.8617614625739682,ARTN;MUTYH,1.0
Reactome_2022,Transport To Golgi And Subsequent Modification R-HSA-948021,5/164,0.33893293564212024,1.3157965953228659,1.4236301015111685,B4GALT2;CAPZB;FUCA1;MAN1C1;TRAPPC3,1.0
Reactome_2022,Protein-protein Interactions At Synapses R-HSA-6794362,3/88,0.3395422795508734,1.476053099945727,1.5943688004146948,DLGAP3;EPB41;PTPRF,1.0
Reactome_2022,Signaling By Rho GTPases R-HSA-194315,17/644,0.33996025810728725,1.1365315886509402,1.2262341128688379,ARHGEF10L;ARHGEF16;CAPZB;CDC42;DHDDS;EFHD2;EPHA2;KDM1A;MACO1;NUDC;PLEKHG5;PRKCZ;RCC2;SRRM1;UBXN11;VAMP3;WASF2,1.0
Reactome_2022,Asparagine N-linked Glycosylation R-HSA-446203,8/282,0.3405777487485502,1.2223420876767905,1.3165991381707054,B4GALT2;CAPZB;DDOST;DHDDS;FUCA1;MAN1C1;ST3GAL3;TRAPPC3,1.0
Reactome_2022,Apoptotic Execution Phase R-HSA-75153,2/52,0.3444441271012242,1.6722746430842352,1.7823494243614566,DFFA;DFFB,1.0
Reactome_2022,G Beta:Gamma Signaling Thru BTK R-HSA-8964315,1/18,0.34713812764048363,2.45811809952386,2.6007688771609705,GNB1,1.0
Reactome_2022,Pre-NOTCH Processing In Golgi R-HSA-1912420,1/18,0.34713812764048363,2.45811809952386,2.6007688771609705,ST3GAL3,1.0
Reactome_2022,Ephrin Signaling R-HSA-3928664,1/18,0.34713812764048363,2.45811809952386,2.6007688771609705,EPHB2,1.0
Reactome_2022,VEGFR2 Mediated Cell Proliferation R-HSA-5218921,1/18,0.34713812764048363,2.45811809952386,2.6007688771609705,PRKCZ,1.0
Reactome_2022,Synthesis Of Glycosylphosphatidylinositol (GPI) R-HSA-162710,1/18,0.34713812764048363,2.45811809952386,2.6007688771609705,PIGV,1.0
Reactome_2022,MECP2 Regulates Neuronal Receptors And Channels R-HSA-9022699,1/18,0.34713812764048363,2.45811809952386,2.6007688771609705,HDAC1,1.0
Reactome_2022,Lewis Blood Group Biosynthesis R-HSA-9037629,1/18,0.34713812764048363,2.45811809952386,2.6007688771609705,ST3GAL3,1.0
Reactome_2022,LDL Clearance R-HSA-8964038,1/18,0.34713812764048363,2.45811809952386,2.6007688771609705,LDLRAP1,1.0
Reactome_2022,Regulation Of Signaling By CBL R-HSA-912631,1/18,0.34713812764048363,2.45811809952386,2.6007688771609705,CLSTN1,1.0
Reactome_2022,Eukaryotic Translation Elongation R-HSA-156842,3/90,0.35236780712698423,1.4419725318374468,1.5040923369245214,RPL11;RPL22;RPS8,1.0
Reactome_2022,Eukaryotic Translation Termination R-HSA-72764,3/90,0.35236780712698423,1.4419725318374468,1.5040923369245214,RPL11;RPL22;RPS8,1.0
Reactome_2022,Selenocysteine Synthesis R-HSA-2408557,3/90,0.35236780712698423,1.4419725318374468,1.5040923369245214,RPL11;RPL22;RPS8,1.0
Reactome_2022,Viral mRNA Translation R-HSA-192823,3/90,0.35236780712698423,1.4419725318374468,1.5040923369245214,RPL11;RPL22;RPS8,1.0
Reactome_2022,Adaptive Immune System R-HSA-1280218,19/733,0.3564788310775177,1.1152763758458784,1.1503857454184598,CAPZB;CDC42;CLSTN1;FBXO2;FBXO44;FBXO6;HECTD3;KLHL21;MIB2;MTOR;PSMB2;RAP1GAP;RNF19B;RNF220;SPSB1;TNFRSF14;UBE2J2;UBR4;VAMP3,1.0
Reactome_2022,EPH-Ephrin Signaling R-HSA-2682334,3/91,0.358770249898111,1.4255131665578793,1.4612551548217758,CDC42;EPHA2;EPHB2,1.0
Reactome_2022,RHOJ GTPase Cycle R-HSA-9013409,2/54,0.3614527057573114,1.607791316604016,1.6361271492984337,CDC42;VAMP3,1.0
Reactome_2022,Interleukin-12 Family Signaling R-HSA-447115,2/54,0.3614527057573114,1.607791316604016,1.6361271492984337,AURKAIP1;CDC42,1.0
Reactome_2022,Prostacyclin Signaling Thru Prostacyclin Receptor R-HSA-392851,1/19,0.36242885711021905,2.3214370202404635,2.356089296811217,GNB1,1.0
Reactome_2022,RAS Processing R-HSA-9648002,1/19,0.36242885711021905,2.3214370202404635,2.356089296811217,ICMT,1.0
Reactome_2022,RHO GTPases Activate CIT R-HSA-5625900,1/19,0.36242885711021905,2.3214370202404635,2.356089296811217,DHDDS,1.0
Reactome_2022,Na+/Cl- Dependent Neurotransmitter Transporters R-HSA-442660,1/19,0.36242885711021905,2.3214370202404635,2.356089296811217,SLC6A9,1.0
Reactome_2022,SARS-CoV Infections R-HSA-9679506,10/369,0.36350943545762077,1.1660848056449595,1.1800195483446678,AGRN;DDOST;HDAC1;HSPG2;ISG15;KDM1A;RBBP4;RPS8;SDC3;ST3GAL3,1.0
Reactome_2022,Signaling By ROBO Receptors R-HSA-376176,6/209,0.3644886609755902,1.2365811267112397,1.2480316657040842,CAP1;CDC42;PSMB2;RPL11;RPL22;RPS8,1.0
Reactome_2022,Nonsense Mediated Decay (NMD) Independent Of Exon Junction Complex (EJC) R-HSA-975956,3/92,0.3651636702127921,1.409423674655381,1.4198669605602916,RPL11;RPL22;RPS8,1.0
Reactome_2022,Intrinsic Pathway For Apoptosis R-HSA-109606,2/55,0.3698955932742246,1.5773746531699506,1.5687535017566785,CASP9;TP73,1.0
Reactome_2022,Extracellular Matrix Organization R-HSA-1474244,8/291,0.37232739466572423,1.182915937412413,1.1686993207762315,AGRN;COL16A1;COL8A2;COL9A2;HSPG2;P3H1;PLOD1;SDC3,1.0
Reactome_2022,Class I Peroxisomal Membrane Protein Import R-HSA-9603798,1/20,0.3773622085376961,2.1991434229868982,2.143174755381866,PEX14,1.0
Reactome_2022,G Beta:Gamma Signaling Thru PLC Beta R-HSA-418217,1/20,0.3773622085376961,2.1991434229868982,2.143174755381866,GNB1,1.0
Reactome_2022,Receptor-type Tyrosine-Protein Phosphatases R-HSA-388844,1/20,0.3773622085376961,2.1991434229868982,2.143174755381866,PTPRF,1.0
Reactome_2022,Apoptotic Factor-Mediated Response R-HSA-111471,1/20,0.3773622085376961,2.1991434229868982,2.143174755381866,CASP9,1.0
Reactome_2022,Chaperone Mediated Autophagy R-HSA-9613829,1/20,0.3773622085376961,2.1991434229868982,2.143174755381866,PARK7,1.0
Reactome_2022,TP53 Regulates Transcription Of Genes Involved In Cytochrome C Release R-HSA-6803204,1/20,0.3773622085376961,2.1991434229868982,2.143174755381866,TP73,1.0
Reactome_2022,Syndecan Interactions R-HSA-3000170,1/20,0.3773622085376961,2.1991434229868982,2.143174755381866,SDC3,1.0
Reactome_2022,Signaling By Hippo R-HSA-2028269,1/20,0.3773622085376961,2.1991434229868982,2.143174755381866,NPHP4,1.0
Reactome_2022,Fatty Acid Metabolism R-HSA-8978868,5/173,0.3807021042213161,1.2447289668679336,1.2020821729970792,ACOT7;ELOVL1;MECR;PPT1;PRXL2B,1.0
Reactome_2022,Neurexins And Neuroligins R-HSA-6794361,2/57,0.38664513694563074,1.5198595077673536,1.4442434049696287,DLGAP3;EPB41,1.0
Reactome_2022,Translation Initiation Complex Formation R-HSA-72649,2/57,0.38664513694563074,1.5198595077673536,1.4442434049696287,EIF3I;RPS8,1.0
Reactome_2022,Assembly Of Collagen Fibrils And Other Multimeric Structures R-HSA-2022090,2/57,0.38664513694563074,1.5198595077673536,1.4442434049696287,COL8A2;COL9A2,1.0
Reactome_2022,Ribosomal Scanning And Start Codon Recognition R-HSA-72702,2/57,0.38664513694563074,1.5198595077673536,1.4442434049696287,EIF3I;RPS8,1.0
Reactome_2022,Cellular Hexose Transport R-HSA-189200,1/21,0.39194651716654283,2.08907918545869,1.9566939957687042,SLC2A1,1.0
Reactome_2022,Citric Acid Cycle (TCA Cycle) R-HSA-71403,1/21,0.39194651716654283,2.08907918545869,1.9566939957687042,SDHB,1.0
Reactome_2022,"Synthesis, Secretion, And Inactivation Of Glucagon-like Peptide-1 (GLP-1) R-HSA-381771",1/21,0.39194651716654283,2.08907918545869,1.9566939957687042,GNB1,1.0
Reactome_2022,RHO GTPases Activate PAKs R-HSA-5627123,1/21,0.39194651716654283,2.08907918545869,1.9566939957687042,CDC42,1.0
Reactome_2022,Deregulated CDK5 Triggers Neurodegenerative Pathways In Alzheimers Disease Models R-HSA-8862803,1/21,0.39194651716654283,2.08907918545869,1.9566939957687042,PRDX1,1.0
Reactome_2022,Synaptic Adhesion-Like Molecules R-HSA-8849932,1/21,0.39194651716654283,2.08907918545869,1.9566939957687042,PTPRF,1.0
Reactome_2022,NOTCH2 Activation And Transmission Of Signal To Nucleus R-HSA-2979096,1/21,0.39194651716654283,2.08907918545869,1.9566939957687042,MIB2,1.0
Reactome_2022,Defects In Vitamin And Cofactor Metabolism R-HSA-3296482,1/21,0.39194651716654283,2.08907918545869,1.9566939957687042,MMACHC,1.0
Reactome_2022,Presynaptic Function Of Kainate Receptors R-HSA-500657,1/21,0.39194651716654283,2.08907918545869,1.9566939957687042,GNB1,1.0
Reactome_2022,TP53 Regulates Transcription Of Additional Cell Cycle Genes With Uncertain Roles In P53 Pathway R-HSA-6804115,1/21,0.39194651716654283,2.08907918545869,1.9566939957687042,PLK3,1.0
Reactome_2022,"mRNA Activation Upon Binding Of Cap-Binding Complex And eIFs, Subsequent Binding To 43S R-HSA-72662",2/58,0.3949468627884394,1.4926425193179105,1.3866709422400718,EIF3I;RPS8,1.0
Reactome_2022,Formation Of RNA Pol II Elongation Complex R-HSA-112382,2/58,0.3949468627884394,1.4926425193179105,1.3866709422400718,DMAP1;ELOA,1.0
Reactome_2022,mRNA 3-End Processing R-HSA-72187,2/58,0.3949468627884394,1.4926425193179105,1.3866709422400718,SRRM1;SRSF4,1.0
Reactome_2022,Late SARS-CoV-2 Infection Events R-HSA-9772573,2/58,0.3949468627884394,1.4926425193179105,1.3866709422400718,DDOST;ST3GAL3,1.0
Reactome_2022,Metabolism Of Polyamines R-HSA-351202,2/58,0.3949468627884394,1.4926425193179105,1.3866709422400718,AZIN2;PSMB2,1.0
Reactome_2022,Potential Therapeutics For SARS R-HSA-9679191,3/97,0.3969424939030069,1.3341111593670902,1.232670497033763,HDAC1;KDM1A;RBBP4,1.0
Reactome_2022,RHOQ GTPase Cycle R-HSA-9013406,2/59,0.4031968367707456,1.4663805129193248,1.3319580089474388,CDC42;VAMP3,1.0
Reactome_2022,Response Of EIF2AK4 (GCN2) To Amino Acid Deficiency R-HSA-9633012,3/98,0.40325059085223575,1.319999972292021,1.1988201425486753,RPL11;RPL22;RPS8,1.0
Reactome_2022,Apoptosis R-HSA-109581,5/178,0.4039000669970538,1.2084420274834304,1.0955587876887771,CASP9;DFFA;DFFB;PSMB2;TP73,1.0
Reactome_2022,RAC1 GTPase Cycle R-HSA-9013149,5/178,0.4039000669970538,1.2084420274834304,1.0955587876887771,CDC42;DHDDS;EPHA2;VAMP3;WASF2,1.0
Reactome_2022,ERK/MAPK Targets R-HSA-198753,1/22,0.40618992424227507,1.9894972562665014,1.7924065866310228,RPS6KA1,1.0
Reactome_2022,Laminin Interactions R-HSA-3000157,1/22,0.40618992424227507,1.9894972562665014,1.7924065866310228,HSPG2,1.0
Reactome_2022,RA Biosynthesis Pathway R-HSA-5365859,1/22,0.40618992424227507,1.9894972562665014,1.7924065866310228,DHRS3,1.0
Reactome_2022,Blood Group Systems Biosynthesis R-HSA-9033658,1/22,0.40618992424227507,1.9894972562665014,1.7924065866310228,ST3GAL3,1.0
Reactome_2022,Response Of Mtb To Phagocytosis R-HSA-9637690,1/22,0.40618992424227507,1.9894972562665014,1.7924065866310228,ENO1,1.0
Reactome_2022,Insertion Of Tail-Anchored Proteins Into Endoplasmic Reticulum Membrane R-HSA-9609523,1/22,0.40618992424227507,1.9894972562665014,1.7924065866310228,UBE2J2,1.0
Reactome_2022,ADP Signaling Thru P2Y Purinoceptor 12 R-HSA-392170,1/22,0.40618992424227507,1.9894972562665014,1.7924065866310228,GNB1,1.0
Reactome_2022,L1CAM Interactions R-HSA-373760,3/99,0.4095396505151114,1.3061827682810159,1.1660575103443134,EPHB2;LYPLA2;RPS6KA1,1.0
Reactome_2022,Death Receptor Signaling R-HSA-73887,4/139,0.4100055918735738,1.2386334349911376,1.104346347865619,ARHGEF10L;ARHGEF16;HDAC1;PLEKHG5,1.0
Reactome_2022,Neutrophil Degranulation R-HSA-6798695,12/468,0.4147235679293029,1.1008771694175137,0.9689294248723928,ATAD3B;CAP1;DDOST;FGR;FUCA1;KCNAB2;PADI2;PPIE;SLC2A5;TINAGL1;TNFRSF1B;UBR4,1.0
Reactome_2022,Nuclear Events (Kinase And Transcription Factor Activation) R-HSA-198725,2/61,0.41953315898937604,1.4165272126372643,1.2304135439661599,ID3;RPS6KA1,1.0
Reactome_2022,Triglyceride Catabolism R-HSA-163560,1/23,0.4201003815180092,1.8989682297281476,1.646902211300518,FABP3,1.0
Reactome_2022,RHOBTB1 GTPase Cycle R-HSA-9013422,1/23,0.4201003815180092,1.8989682297281476,1.646902211300518,SRRM1,1.0
Reactome_2022,RHOBTB2 GTPase Cycle R-HSA-9013418,1/23,0.4201003815180092,1.8989682297281476,1.646902211300518,SRRM1,1.0
Reactome_2022,CD28 Dependent PI3K/Akt Signaling R-HSA-389357,1/23,0.4201003815180092,1.8989682297281476,1.646902211300518,MTOR,1.0
Reactome_2022,Immune System R-HSA-168256,47/1943,0.4274313527180074,1.0384306763850315,0.8826261804319506,ATAD3B;ATP6V0B;AURKAIP1;C1QA;C1QB;C1QC;CAP1;CAPZB;CASP9;CDC42;CLSTN1;CSF3R;DDOST;EIF4G3;FBXO2;FBXO44;FBXO6;FGR;FUCA1;HECTD3;IFI6;IFNLR1;ISG15;KCNAB2;KLHL21;MIB2;MTOR;PADI2;PPIE;PSMB2;RAP1GAP;RNF19B;RNF220;RPS6KA1;SLC2A5;SPSB1;TINAGL1;TNFRSF14;TNFRSF18;TNFRSF1B;TNFRSF25;TRIM62;TXLNA;UBE2J2;UBR4;VAMP3;WASF2,1.0
Reactome_2022,Regulation Of Actin Dynamics For Phagocytic Cup Formation R-HSA-2029482,2/62,0.42761563557956417,1.3928468950032855,1.1832659673253991,CDC42;WASF2,1.0
Reactome_2022,G-protein Activation R-HSA-202040,1/24,0.4336856556557461,1.816311292453999,1.5174105750166365,GNB1,1.0
Reactome_2022,Aggrephagy R-HSA-9646399,1/24,0.4336856556557461,1.816311292453999,1.5174105750166365,PARK7,1.0
Reactome_2022,Signaling By Erythropoietin R-HSA-9006335,1/24,0.4336856556557461,1.816311292453999,1.5174105750166365,CLSTN1,1.0
Reactome_2022,Thromboxane Signaling Thru TP Receptor R-HSA-428930,1/24,0.4336856556557461,1.816311292453999,1.5174105750166365,GNB1,1.0
Reactome_2022,Synthesis Of Very Long-Chain Fatty acyl-CoAs R-HSA-75876,1/24,0.4336856556557461,1.816311292453999,1.5174105750166365,ELOVL1,1.0
Reactome_2022,Defective Intrinsic Pathway For Apoptosis R-HSA-9734009,1/24,0.4336856556557461,1.816311292453999,1.5174105750166365,PRDX1,1.0
Reactome_2022,"Incretin Synthesis, Secretion, And Inactivation R-HSA-400508",1/24,0.4336856556557461,1.816311292453999,1.5174105750166365,GNB1,1.0
Reactome_2022,RHO GTPases Activate NADPH Oxidases R-HSA-5668599,1/24,0.4336856556557461,1.816311292453999,1.5174105750166365,PRKCZ,1.0
Reactome_2022,Impaired BRCA2 Binding To PALB2 R-HSA-9709603,1/24,0.4336856556557461,1.816311292453999,1.5174105750166365,ARTN,1.0
Reactome_2022,Synthesis Of Substrates In N-glycan Biosythesis R-HSA-446219,2/63,0.43563860762748396,1.3699429812261585,1.1383435181703558,DHDDS;ST3GAL3,1.0
Reactome_2022,DNA Repair R-HSA-73894,8/310,0.4397864751278112,1.1073999189148591,0.9096913304727947,ARTN;EYA3;FAAP20;ISG15;KDM4A;MAD2L2;MUTYH;PPIE,1.0
Reactome_2022,Cargo Recognition For Clathrin-Mediated Endocytosis R-HSA-8856825,3/104,0.4406563293597985,1.2412008682292586,1.0171517067663145,LDLRAP1;NECAP2;VAMP3,1.0
Reactome_2022,RHO GTPase Effectors R-HSA-195258,7/269,0.44175330267324375,1.1168054606147413,0.9124341839762832,CDC42;DHDDS;KDM1A;NUDC;PRKCZ;RCC2;WASF2,1.0
Reactome_2022,PI3K/AKT Signaling In Cancer R-HSA-2219528,3/105,0.44680586864083977,1.2289689811606925,0.9900956039486699,CASP9;CLSTN1;MTOR,1.0
Reactome_2022,ADP Signaling Thru P2Y Purinoceptor 1 R-HSA-418592,1/25,0.44695333252564573,1.7405424332860293,1.401660721026897,GNB1,1.0
Reactome_2022,Gap Junction Trafficking R-HSA-190828,1/25,0.44695333252564573,1.7405424332860293,1.401660721026897,GJB3,1.0
Reactome_2022,G Beta:Gamma Signaling Thru PI3Kgamma R-HSA-392451,1/25,0.44695333252564573,1.7405424332860293,1.401660721026897,GNB1,1.0
Reactome_2022,Inactivation Of CSF3 (G-CSF) Signaling R-HSA-9705462,1/25,0.44695333252564573,1.7405424332860293,1.401660721026897,CSF3R,1.0
Reactome_2022,NOTCH3 Intracellular Domain Regulates Transcription R-HSA-9013508,1/25,0.44695333252564573,1.7405424332860293,1.401660721026897,HEYL,1.0
Reactome_2022,Defective HDR Thru Homologous Recombination (HRR) Due To BRCA1 Loss-Of-Function R-HSA-9701192,1/25,0.44695333252564573,1.7405424332860293,1.401660721026897,ARTN,1.0
Reactome_2022,Termination Of O-glycan Biosynthesis R-HSA-977068,1/25,0.44695333252564573,1.7405424332860293,1.401660721026897,ST3GAL3,1.0
Reactome_2022,HATs Acetylate Histones R-HSA-3214847,3/106,0.4529282941730462,1.2169746064623899,0.9638700009875819,DMAP1;MEAF6;TAF12,1.0
Reactome_2022,Signaling By ALK R-HSA-201556,1/26,0.4599108214056454,1.6708350828514973,1.2977754947071098,HDAC1,1.0
Reactome_2022,Interleukin-20 Family Signaling R-HSA-8854691,1/26,0.4599108214056454,1.6708350828514973,1.2977754947071098,IFNLR1,1.0
Reactome_2022,Insulin Receptor Recycling R-HSA-77387,1/26,0.4599108214056454,1.6708350828514973,1.2977754947071098,ATP6V0B,1.0
Reactome_2022,Infection With Mycobacterium Tuberculosis R-HSA-9635486,1/26,0.4599108214056454,1.6708350828514973,1.2977754947071098,ENO1,1.0
Reactome_2022,Caspase Activation Via Extrinsic Apoptotic Signaling Pathway R-HSA-5357769,1/26,0.4599108214056454,1.6708350828514973,1.2977754947071098,CASP9,1.0
Reactome_2022,Gene Silencing By RNA R-HSA-211000,3/108,0.46508782325138914,1.1936712499056874,0.9137899869418171,AGO1;AGO3;AGO4,1.0
Reactome_2022,Regulation Of PTEN Stability And Activity R-HSA-8948751,2/67,0.4671041968626634,1.2853746842029203,0.9784309713676898,OTUD3;PSMB2,1.0
Reactome_2022,Sensory Processing Of Sound By Inner Hair Cells Of Cochlea R-HSA-9662360,2/67,0.4671041968626634,1.2853746842029203,0.9784309713676898,CAPZB;ESPN,1.0
Reactome_2022,MAPK Family Signaling Cascades R-HSA-5683057,8/318,0.46799520548024487,1.0783730486468692,0.8188056663904548,AGO1;AGO3;AGO4;ARTN;CDC42;CNKSR1;ICMT;PSMB2,1.0
Reactome_2022,Degradation Of Extracellular Matrix R-HSA-1474228,3/109,0.47112302569704867,1.1823493361069124,0.8898786962331043,COL16A1;COL9A2;HSPG2,1.0
Reactome_2022,CREB1 Phosphorylation Thru NMDA Receptor-Mediated Activation Of RAS Signaling R-HSA-442742,1/27,0.47256535908373487,1.6064898362965443,1.2041913912181499,RPS6KA1,1.0
Reactome_2022,Postmitotic Nuclear Pore Complex (NPC) Reformation R-HSA-9615933,1/27,0.47256535908373487,1.6064898362965443,1.2041913912181499,RCC1,1.0
Reactome_2022,Gap Junction Trafficking And Regulation R-HSA-157858,1/27,0.47256535908373487,1.6064898362965443,1.2041913912181499,GJB3,1.0
Reactome_2022,Interleukin Receptor SHC Signaling R-HSA-912526,1/27,0.47256535908373487,1.6064898362965443,1.2041913912181499,CLSTN1,1.0
Reactome_2022,Synthesis Of PC R-HSA-1483191,1/27,0.47256535908373487,1.6064898362965443,1.2041913912181499,MFSD2A,1.0
Reactome_2022,Signaling By BMP R-HSA-201451,1/27,0.47256535908373487,1.6064898362965443,1.2041913912181499,SKI,1.0
Reactome_2022,Resolution Of D-loop Structures Thru Synthesis-Dependent Strand Annealing (SDSA) R-HSA-5693554,1/27,0.47256535908373487,1.6064898362965443,1.2041913912181499,ARTN,1.0
Reactome_2022,VEGFR2 Mediated Vascular Permeability R-HSA-5218920,1/27,0.47256535908373487,1.6064898362965443,1.2041913912181499,MTOR,1.0
Reactome_2022,ATF4 Activates Genes In Response To Endoplasmic Reticulum Stress R-HSA-380994,1/27,0.47256535908373487,1.6064898362965443,1.2041913912181499,NFYC,1.0
Reactome_2022,Metabolism Of Amino Acids And Derivatives R-HSA-71291,9/364,0.48078463760500545,1.0592101404142749,0.7756975563992597,ALDH4A1;AZIN2;PSMB2;RIMKLA;RPL11;RPL22;RPS8;SERINC2;TINAGL1,1.0
Reactome_2022,Transcription Of HIV Genome R-HSA-167172,2/69,0.48244222862625963,1.246877175856521,0.9088414153962512,ELOA;TAF12,1.0
Reactome_2022,Notch-HLH Transcription Pathway R-HSA-350054,1/28,0.4849240138651307,1.546910904301218,1.1195969893862339,HDAC1,1.0
Reactome_2022,Metabolism Of Porphyrins R-HSA-189445,1/28,0.4849240138651307,1.546910904301218,1.1195969893862339,UROD,1.0
Reactome_2022,Recycling Pathway Of L1 R-HSA-437239,1/28,0.4849240138651307,1.546910904301218,1.1195969893862339,RPS6KA1,1.0
Reactome_2022,Digestion And Absorption R-HSA-8963743,1/28,0.4849240138651307,1.546910904301218,1.1195969893862339,SLC2A5,1.0
Reactome_2022,"Adrenaline,noradrenaline Inhibits Insulin Secretion R-HSA-400042",1/28,0.4849240138651307,1.546910904301218,1.1195969893862339,GNB1,1.0
Reactome_2022,SARS-CoV-2 Infection R-HSA-9694516,7/283,0.49444460010217556,1.0593856860172868,0.7461467025989206,AGRN;DDOST;HSPG2;ISG15;RPS8;SDC3;ST3GAL3,1.0
Reactome_2022,Myogenesis R-HSA-525793,1/29,0.4969936894865563,1.4915876103055576,1.042885167881753,CDC42,1.0
Reactome_2022,Processing Of Capped Intronless Pre-mRNA R-HSA-75067,1/29,0.4969936894865563,1.4915876103055576,1.042885167881753,LSM10,1.0
Reactome_2022,"FOXO-mediated Transcription Of Oxidative Stress, Metabolic And Neuronal Genes R-HSA-9615017",1/29,0.4969936894865563,1.4915876103055576,1.042885167881753,HDAC1,1.0
Reactome_2022,EGR2 And SOX10-mediated Initiation Of Schwann Cell Myelination R-HSA-9619665,1/29,0.4969936894865563,1.4915876103055576,1.042885167881753,POU3F1,1.0
Reactome_2022,Activation Of Kainate Receptors Upon Glutamate Binding R-HSA-451326,1/29,0.4969936894865563,1.4915876103055576,1.042885167881753,GNB1,1.0
Reactome_2022,Activation Of G Protein Gated Potassium Channels R-HSA-1296041,1/29,0.4969936894865563,1.4915876103055576,1.042885167881753,GNB1,1.0
Reactome_2022,"Plasma Lipoprotein Assembly, Remodeling, And Clearance R-HSA-174824",2/71,0.4975049138309289,1.2106114071244054,0.8451881667054293,LDLRAP1;TRNP1,1.0
Reactome_2022,Diseases Of Programmed Cell Death R-HSA-9645723,2/71,0.4975049138309289,1.2106114071244054,0.8451881667054293,PRDX1;RBBP4,1.0
Reactome_2022,Selenoamino Acid Metabolism R-HSA-2408522,3/114,0.5008185124542439,1.1287997438154083,0.7805779974037731,RPL11;RPL22;RPS8,1.0
Reactome_2022,Influenza Infection R-HSA-168255,4/157,0.502582451361631,1.0918976556428412,0.7512207501910161,ISG15;RPL11;RPL22;RPS8,1.0
Reactome_2022,Regulation Of RUNX2 Expression And Activity R-HSA-8939902,2/72,0.504930644542716,1.1932556463740358,0.8153923885460299,HIVEP3;PSMB2,1.0
Reactome_2022,Interferon Alpha/Beta Signaling R-HSA-909733,2/72,0.504930644542716,1.1932556463740358,0.8153923885460299,IFI6;ISG15,1.0
Reactome_2022,Translation Of Structural Proteins R-HSA-9683701,1/30,0.5087811289397773,1.4400797158958047,0.9731156610771803,ST3GAL3,1.0
Reactome_2022,Signaling By CSF3 (G-CSF) R-HSA-9674555,1/30,0.5087811289397773,1.4400797158958047,0.9731156610771803,CSF3R,1.0
Reactome_2022,Activation Of BH3-only Proteins R-HSA-114452,1/30,0.5087811289397773,1.4400797158958047,0.9731156610771803,TP73,1.0
Reactome_2022,MAPK Targets/ Nuclear Events Mediated By MAP Kinases R-HSA-450282,1/30,0.5087811289397773,1.4400797158958047,0.9731156610771803,RPS6KA1,1.0
Reactome_2022,Extra-nuclear Estrogen Signaling R-HSA-9009391,2/73,0.512284872665453,1.176388780292691,0.786856359285413,GNB1;PRKCZ,1.0
Reactome_2022,Positive Epigenetic Regulation Of rRNA Expression R-HSA-5250913,2/74,0.5195668729702116,1.159990438269161,0.7595150506242321,HDAC1;RBBP4,1.0
Reactome_2022,RNA Polymerase II Transcribes snRNA Genes R-HSA-6807505,2/74,0.5195668729702116,1.159990438269161,0.7595150506242321,INTS11;SSU72,1.0
Reactome_2022,Transport Of Mature mRNA Derived From An Intron-Containing Transcript R-HSA-159236,2/74,0.5195668729702116,1.159990438269161,0.7595150506242321,SRRM1;SRSF4,1.0
Reactome_2022,Glyoxylate Metabolism And Glycine Degradation R-HSA-389661,1/31,0.5202929182064874,1.3920056811133688,0.9094854557205996,ALDH4A1,1.0
Reactome_2022,Pausing And Recovery Of Tat-mediated HIV Elongation R-HSA-167238,1/31,0.5202929182064874,1.3920056811133688,0.9094854557205996,ELOA,1.0
Reactome_2022,Transferrin Endocytosis And Recycling R-HSA-917977,1/31,0.5202929182064874,1.3920056811133688,0.9094854557205996,ATP6V0B,1.0
Reactome_2022,Activated NOTCH1 Transmits Signal To Nucleus R-HSA-2122948,1/31,0.5202929182064874,1.3920056811133688,0.9094854557205996,MIB2,1.0
Reactome_2022,EGFR Downregulation R-HSA-182971,1/31,0.5202929182064874,1.3920056811133688,0.9094854557205996,CDC42,1.0
Reactome_2022,Antigen Activates B Cell Receptor Leading To Second Messenger Generation R-HSA-983695,1/31,0.5202929182064874,1.3920056811133688,0.9094854557205996,CLSTN1,1.0
Reactome_2022,Late Endosomal Microautophagy R-HSA-9615710,1/31,0.5202929182064874,1.3920056811133688,0.9094854557205996,PARK7,1.0
Reactome_2022,ISG15 Antiviral Mechanism R-HSA-1169408,2/75,0.5267759930974655,1.1440413658901114,0.7333074989571289,EIF4G3;ISG15,1.0
Reactome_2022,Sensory Processing Of Sound R-HSA-9659379,2/75,0.5267759930974655,1.1440413658901114,0.7333074989571289,CAPZB;ESPN,1.0
Reactome_2022,RHO GTPases Activate Formins R-HSA-5663220,3/119,0.5296429929725642,1.0798664956869646,0.6863114164295393,CDC42;NUDC;RCC2,1.0
Reactome_2022,Termination Of Translesion DNA Synthesis R-HSA-5656169,1/32,0.5315354899065905,1.3470331969620577,0.8513051929960255,ISG15,1.0
Reactome_2022,Thrombin Signaling Thru Proteinase Activated Receptors (PARs) R-HSA-456926,1/32,0.5315354899065905,1.3470331969620577,0.8513051929960255,GNB1,1.0
Reactome_2022,Gluconeogenesis R-HSA-70263,1/32,0.5315354899065905,1.3470331969620577,0.8513051929960255,ENO1,1.0
Reactome_2022,Glucagon Signaling In Metabolic Regulation R-HSA-163359,1/32,0.5315354899065905,1.3470331969620577,0.8513051929960255,GNB1,1.0
Reactome_2022,PERK Regulates Gene Expression R-HSA-381042,1/32,0.5315354899065905,1.3470331969620577,0.8513051929960255,NFYC,1.0
Reactome_2022,Nuclear Signaling By ERBB4 R-HSA-1251985,1/32,0.5315354899065905,1.3470331969620577,0.8513051929960255,STMN1,1.0
Reactome_2022,Signaling By NOTCH2 R-HSA-1980145,1/32,0.5315354899065905,1.3470331969620577,0.8513051929960255,MIB2,1.0
Reactome_2022,"Inactivation, Recovery And Regulation Of Phototransduction Cascade R-HSA-2514859",1/32,0.5315354899065905,1.3470331969620577,0.8513051929960255,GNB1,1.0
Reactome_2022,SUMOylation Of DNA Damage Response And Repair Proteins R-HSA-3108214,2/76,0.533911650557345,1.1285233495213063,0.7081765044310235,PHC2;SCMH1,1.0
Reactome_2022,Signaling By WNT R-HSA-195721,7/294,0.5347506674687766,1.0182000736753594,0.6373471041769211,AGO1;AGO3;AGO4;CTNNBIP1;GNB1;HDAC1;PSMB2,1.0
Reactome_2022,Diseases Of Signal Transduction By Growth Factor Receptors And Second Messengers R-HSA-5663202,10/424,0.5348305884356493,1.0082694973196014,0.6309803341117096,AGTRAP;CASP9;CLCN6;CLSTN1;CNKSR1;HDAC1;HEYL;MIB2;MTOR;PSMB2,1.0
Reactome_2022,Protein Localization R-HSA-9609507,4/164,0.5368797587740864,1.0437499780441817,0.6491927828936976,HMGCL;PEX10;PEX14;UBE2J2,1.0
Reactome_2022,Programmed Cell Death R-HSA-5357801,5/208,0.5385564685499659,1.0282586043327946,0.6363511277490939,CASP9;DFFA;DFFB;PSMB2;TP73,1.0
Reactome_2022,Regulation Of Insulin Secretion R-HSA-422356,2/77,0.5409733298298667,1.113419146922336,0.6840683557863182,GNB1;SLC2A1,1.0
Reactome_2022,Biosynthesis Of N-glycan Precursor (Dolichol LLO) And Transfer To Protein R-HSA-446193,2/77,0.5409733298298667,1.113419146922336,0.6840683557863182,DHDDS;ST3GAL3,1.0
Reactome_2022,Signaling By High-Kinase Activity BRAF Mutants R-HSA-6802948,1/33,0.5425151268619051,1.3048714930702037,0.7979802129542782,CNKSR1,1.0
Reactome_2022,Phototransduction Cascade R-HSA-2514856,1/33,0.5425151268619051,1.3048714930702037,0.7979802129542782,GNB1,1.0
Reactome_2022,Signal Amplification R-HSA-392518,1/33,0.5425151268619051,1.3048714930702037,0.7979802129542782,GNB1,1.0
Reactome_2022,Sialic Acid Metabolism R-HSA-4085001,1/33,0.5425151268619051,1.3048714930702037,0.7979802129542782,ST3GAL3,1.0
Reactome_2022,Plasma Lipoprotein Remodeling R-HSA-8963899,1/33,0.5425151268619051,1.3048714930702037,0.7979802129542782,TRNP1,1.0
Reactome_2022,Resolution Of D-loop Structures Thru Holliday Junction Intermediates R-HSA-5693568,1/33,0.5425151268619051,1.3048714930702037,0.7979802129542782,ARTN,1.0
Reactome_2022,HIV Elongation Arrest And Recovery R-HSA-167287,1/33,0.5425151268619051,1.3048714930702037,0.7979802129542782,ELOA,1.0
Reactome_2022,NOD1/2 Signaling Pathway R-HSA-168638,1/33,0.5425151268619051,1.3048714930702037,0.7979802129542782,CASP9,1.0
Reactome_2022,Glucagon-type Ligand Receptors R-HSA-420092,1/33,0.5425151268619051,1.3048714930702037,0.7979802129542782,GNB1,1.0
Reactome_2022,Nuclear Events Mediated By NFE2L2 R-HSA-9759194,2/78,0.5479605795621381,1.098712423339128,0.660932578474858,PRDX1;PSMB2,1.0
Reactome_2022,RNA Polymerase I Promoter Clearance R-HSA-73854,2/78,0.5479605795621381,1.098712423339128,0.660932578474858,HDAC1;RBBP4,1.0
Reactome_2022,Regulation Of Expression Of SLITs And ROBOs R-HSA-9010553,4/167,0.5512115639806261,1.0243811927525208,0.610158910121159,PSMB2;RPL11;RPL22;RPS8,1.0
Reactome_2022,Nuclear Import Of Rev Protein R-HSA-180746,1/34,0.5532379655772169,1.265265043959674,0.7489952187298203,RCC1,1.0
Reactome_2022,Transcriptional Regulation By E2F6 R-HSA-8953750,1/34,0.5532379655772169,1.265265043959674,0.7489952187298203,RBBP4,1.0
Reactome_2022,Detoxification Of Reactive Oxygen Species R-HSA-3299685,1/34,0.5532379655772169,1.265265043959674,0.7489952187298203,PRDX1,1.0
Reactome_2022,EPHB-mediated Forward Signaling R-HSA-3928662,1/34,0.5532379655772169,1.265265043959674,0.7489952187298203,CDC42,1.0
Reactome_2022,COPI-independent Golgi-to-ER Retrograde Traffic R-HSA-6811436,1/34,0.5532379655772169,1.265265043959674,0.7489952187298203,CAPZB,1.0
Reactome_2022,Resolution Of D-Loop Structures R-HSA-5693537,1/34,0.5532379655772169,1.265265043959674,0.7489952187298203,ARTN,1.0
Reactome_2022,Post-translational Protein Modification R-HSA-597592,32/1383,0.5533488933250874,0.9877019180086567,0.5844889724767959,ALPL;B4GALT2;CAPZB;DDOST;DHDDS;DPH2;FBXO2;FBXO44;FBXO6;FUCA1;HDAC1;ICMT;KLHL21;MAN1C1;MUL1;OTUD3;PARK7;PEX10;PEX14;PHC2;PIGV;PSMB2;PTP4A2;SCMH1;SPSB1;ST3GAL3;SVBP;TRAPPC3;UBE2J2;USP48;VWA1;WDTC1,1.0
Reactome_2022,RNA Polymerase I Transcription R-HSA-73864,2/79,0.5548730098595863,1.0843876925762632,0.6387217038205998,HDAC1;RBBP4,1.0
Reactome_2022,SUMO E3 Ligases SUMOylate Target Proteins R-HSA-3108232,4/168,0.5559367943221394,1.0180824007877531,0.5977168600964611,HDAC1;PARK7;PHC2;SCMH1,1.0
Reactome_2022,Inwardly Rectifying K+ Channels R-HSA-1296065,1/35,0.563709999640618,1.2279883859732932,0.7039017860231485,GNB1,1.0
Reactome_2022,Impaired BRCA2 Binding To RAD51 R-HSA-9709570,1/35,0.563709999640618,1.2279883859732932,0.7039017860231485,ARTN,1.0
Reactome_2022,RHOBTB GTPase Cycle R-HSA-9706574,1/35,0.563709999640618,1.2279883859732932,0.7039017860231485,SRRM1,1.0
Reactome_2022,Rev-mediated Nuclear Export Of HIV RNA R-HSA-165054,1/35,0.563709999640618,1.2279883859732932,0.7039017860231485,RCC1,1.0
Reactome_2022,Negative Regulators Of DDX58/IFIH1 Signaling R-HSA-936440,1/35,0.563709999640618,1.2279883859732932,0.7039017860231485,ISG15,1.0
Reactome_2022,Plasma Lipoprotein Clearance R-HSA-8964043,1/35,0.563709999640618,1.2279883859732932,0.7039017860231485,LDLRAP1,1.0
Reactome_2022,Centrosome Maturation R-HSA-380287,2/81,0.5684721442461663,1.056826185285688,0.5968985636571111,CDK11A;CDK11B,1.0
Reactome_2022,Glutathione Conjugation R-HSA-156590,1/36,0.5739370830449849,1.1928418227289914,0.6623081259714688,AKR1A1,1.0
Reactome_2022,HSF1-dependent Transactivation R-HSA-3371571,1/36,0.5739370830449849,1.1928418227289914,0.6623081259714688,MTOR,1.0
Reactome_2022,ROS And RNS Production In Phagocytes R-HSA-1222556,1/36,0.5739370830449849,1.1928418227289914,0.6623081259714688,ATP6V0B,1.0
Reactome_2022,Activated PKN1 Stimulates Transcription Of Androgen Receptor Regulated KLK2 And KLK3 R-HSA-5625886,1/36,0.5739370830449849,1.1928418227289914,0.6623081259714688,KDM1A,1.0
Reactome_2022,Regulation Of TP53 Degradation R-HSA-6804757,1/36,0.5739370830449849,1.1928418227289914,0.6623081259714688,MTOR,1.0
Reactome_2022,RHOH GTPase Cycle R-HSA-9013407,1/36,0.5739370830449849,1.1928418227289914,0.6623081259714688,VAMP3,1.0
Reactome_2022,Cyclin E Associated Events During G1/S Transition R-HSA-69202,2/82,0.57515835271877,1.0435622099020985,0.5772045687610566,PSMB2;RBBP4,1.0
Reactome_2022,Cytokine Signaling In Immune System R-HSA-1280215,16/702,0.5790425826166659,0.9724708889833641,0.5313379237285553,AURKAIP1;CDC42;CLSTN1;CSF3R;EIF4G3;IFI6;IFNLR1;ISG15;PSMB2;RPS6KA1;TNFRSF14;TNFRSF18;TNFRSF1B;TNFRSF25;TRIM62;TXLNA,1.0
Reactome_2022,Antiviral Mechanism By IFN-stimulated Genes R-HSA-1169410,2/83,0.5817687457196681,1.0306257400835361,0.5582716742662643,EIF4G3;ISG15,1.0
Reactome_2022,Transport Of Mature Transcript To Cytoplasm R-HSA-72202,2/83,0.5817687457196681,1.0306257400835361,0.5582716742662643,SRRM1;SRSF4,1.0
Reactome_2022,SUMOylation R-HSA-2990846,4/174,0.5837164634188557,0.9818458211316189,0.5285668026613484,HDAC1;PARK7;PHC2;SCMH1,1.0
Reactome_2022,Triglyceride Metabolism R-HSA-8979227,1/37,0.5839249334324296,1.1596478463315951,0.6238706453164949,FABP3,1.0
Reactome_2022,Cleavage Of Damaged Purine R-HSA-110331,1/37,0.5839249334324296,1.1596478463315951,0.6238706453164949,MUTYH,1.0
Reactome_2022,MAP2K And MAPK Activation R-HSA-5674135,1/37,0.5839249334324296,1.1596478463315951,0.6238706453164949,CNKSR1,1.0
Reactome_2022,Interactions Of Rev With Host Cellular Proteins R-HSA-177243,1/37,0.5839249334324296,1.1596478463315951,0.6238706453164949,RCC1,1.0
Reactome_2022,Regulation Of TP53 Expression And Degradation R-HSA-6806003,1/37,0.5839249334324296,1.1596478463315951,0.6238706453164949,MTOR,1.0
Reactome_2022,Cooperation Of PDCL (PhLP1) And TRiC/CCT In G-protein Beta Folding R-HSA-6814122,1/37,0.5839249334324296,1.1596478463315951,0.6238706453164949,GNB1,1.0
Reactome_2022,HDR Thru Single Strand Annealing (SSA) R-HSA-5685938,1/37,0.5839249334324296,1.1596478463315951,0.6238706453164949,ARTN,1.0
Reactome_2022,G1/S Transition R-HSA-69206,3/129,0.5843764240346232,0.9936507727939927,0.5337990741117962,HDAC1;PSMB2;RBBP4,1.0
Reactome_2022,Cyclin A:Cdk2-associated Events At S Phase Entry R-HSA-69656,2/84,0.5883032031102906,1.0180047939190848,0.5400645862973488,PSMB2;RBBP4,1.0
Reactome_2022,Degradation Of Beta-Catenin By Destruction Complex R-HSA-195253,2/84,0.5883032031102906,1.0180047939190848,0.5400645862973488,HDAC1;PSMB2,1.0
Reactome_2022,Hemostasis R-HSA-109582,13/576,0.5925102416977105,0.9626490531894905,0.5038381160552756,CAP1;CAPZB;CDC42;FGR;GNB1;HDAC1;KDM1A;KIF1B;MFN2;PAFAH2;PDPN;PRKCZ;SDC3,1.0
Reactome_2022,Association Of TriC/CCT With Target Proteins During Biosynthesis R-HSA-390471,1/38,0.5936791352634989,1.1282481389286527,0.5882869496510219,FBXO6,1.0
Reactome_2022,Assembly Of ORC Complex At Origin Of Replication R-HSA-68616,1/38,0.5936791352634989,1.1282481389286527,0.5882869496510219,KPNA6,1.0
Reactome_2022,Resolution Of Abasic Sites (AP Sites) R-HSA-73933,1/38,0.5936791352634989,1.1282481389286527,0.5882869496510219,MUTYH,1.0
Reactome_2022,HSP90 Chaperone Cycle For Steroid Hormone Receptors (SHR) In Presence Of Ligand R-HSA-3371497,1/38,0.5936791352634989,1.1282481389286527,0.5882869496510219,CAPZB,1.0
Reactome_2022,Fanconi Anemia Pathway R-HSA-6783310,1/38,0.5936791352634989,1.1282481389286527,0.5882869496510219,FAAP20,1.0
Reactome_2022,FCGR3A-mediated IL10 Synthesis R-HSA-9664323,1/38,0.5936791352634989,1.1282481389286527,0.5882869496510219,FGR,1.0
Reactome_2022,Signaling By RAF1 Mutants R-HSA-9656223,1/38,0.5936791352634989,1.1282481389286527,0.5882869496510219,CNKSR1,1.0
Reactome_2022,Hedgehog On State R-HSA-5632684,2/85,0.5947616517783095,1.0056879669393193,0.522549975498082,PSMB2;PTCH2,1.0
Reactome_2022,Signaling By NTRKs R-HSA-166520,3/132,0.5999862860688558,0.970392577781005,0.4957235739246731,ID3;PTPRU;RPS6KA1,1.0
Reactome_2022,Metabolism Of Proteins R-HSA-392499,43/1890,0.6013134733583866,0.9687633141653449,0.49275070079943667,ALPL;AURKAIP1;B4GALT2;CAPZB;DDOST;DHDDS;DLGAP3;DPH2;EIF2B3;EIF3I;FBXO2;FBXO44;FBXO6;FUCA1;GNB1;HDAC1;HSPG2;ICMT;KLHL21;MAN1C1;MRPL20;MRPS15;MUL1;OTUD3;PARK7;PEX10;PEX14;PHC2;PIGV;PSMB2;PTP4A2;RPL11;RPL22;RPS8;SCMH1;SPSB1;ST3GAL3;SVBP;TRAPPC3;UBE2J2;USP48;VWA1;WDTC1,1.0
Reactome_2022,NGF-stimulated Transcription R-HSA-9031628,1/39,0.6032051429128665,1.0985010477048125,0.5552900126113163,ID3,1.0
Reactome_2022,Ovarian Tumor Domain Proteases R-HSA-5689896,1/39,0.6032051429128665,1.0985010477048125,0.5552900126113163,OTUD3,1.0
Reactome_2022,Presynaptic Phase Of Homologous DNA Pairing And Strand Exchange R-HSA-5693616,1/40,0.6125082836932271,1.070279448338605,0.5246432926826154,ARTN,1.0
Reactome_2022,Signaling By Receptor Tyrosine Kinases R-HSA-9006934,11/496,0.6145664507216018,0.9452818494682175,0.46019933105722427,ATP6V0B;CDC42;COL9A2;HDAC1;ID3;MTOR;PRKCZ;PTPRU;RPS6KA1;STMN1;WASF2,1.0
Reactome_2022,Intra-Golgi And Retrograde Golgi-to-ER Traffic R-HSA-6811442,4/181,0.6148227816398025,0.9426748291869466,0.458537033535444,CAPZB;KIF1B;MAN1C1;VAMP3,1.0
Reactome_2022,Cellular Response To Chemical Stress R-HSA-9711123,4/182,0.6191471880847303,0.9373304723405627,0.449367711586543,MUL1;PRDX1;PSMB2;SESN2,1.0
Reactome_2022,G2/M Transition R-HSA-69275,4/182,0.6191471880847303,0.9373304723405627,0.449367711586543,CDK11A;CDK11B;PSMB2;RBBP4,1.0
Reactome_2022,ER-Phagosome Pathway R-HSA-1236974,2/89,0.6198354258784493,0.9592521134983638,0.45881151210834475,PSMB2;VAMP3,1.0
Reactome_2022,Unfolded Protein Response (UPR) R-HSA-381119,2/89,0.6198354258784493,0.9592521134983638,0.45881151210834475,NFYC;ZBTB17,1.0
Reactome_2022,Mitochondrial Biogenesis R-HSA-1592230,2/89,0.6198354258784493,0.9592521134983638,0.45881151210834475,DNAJC11;MICOS10,1.0
Reactome_2022,Late Phase Of HIV Life Cycle R-HSA-162599,3/136,0.620193194842181,0.9410138051330204,0.44954510949525833,ELOA;RCC1;TAF12,1.0
Reactome_2022,Defective Homologous Recombination Repair (HRR) Due To BRCA2 Loss Of Function R-HSA-9701190,1/41,0.6215937608090362,1.0434689289407082,0.4961366244790896,ARTN,1.0
Reactome_2022,Signaling By Retinoic Acid R-HSA-5362517,1/41,0.6215937608090362,1.0434689289407082,0.4961366244790896,DHRS3,1.0
Reactome_2022,"Sensory Perception Of Sweet, Bitter, And Umami (Glutamate) Taste R-HSA-9717207",1/41,0.6215937608090362,1.0434689289407082,0.4961366244790896,GNB1,1.0
Reactome_2022,Paradoxical Activation Of RAF Signaling By Kinase Inactive BRAF R-HSA-6802955,1/41,0.6215937608090362,1.0434689289407082,0.4961366244790896,CNKSR1,1.0
Reactome_2022,Carboxyterminal Post-Translational Modifications Of Tubulin R-HSA-8955332,1/41,0.6215937608090362,1.0434689289407082,0.4961366244790896,SVBP,1.0
Reactome_2022,Influenza Viral RNA Transcription And Replication R-HSA-168273,3/137,0.6251352629101021,0.933943167686024,0.4387545755973318,RPL11;RPL22;RPS8,1.0
Reactome_2022,Chaperonin-mediated Protein Folding R-HSA-390466,2/90,0.6259142353955284,0.9483027503290475,0.44431959273506705,FBXO6;GNB1,1.0
Reactome_2022,Respiratory Electron Transport R-HSA-611105,2/90,0.6259142353955284,0.9483027503290475,0.44431959273506705,NDUFS5;SDHB,1.0
Reactome_2022,Mitotic G2-G2/M Phases R-HSA-453274,4/184,0.6277044148889626,0.9268199038760079,0.4316069613019423,CDK11A;CDK11B;PSMB2;RBBP4,1.0
Reactome_2022,Intra-Golgi Traffic R-HSA-6811438,1/42,0.6304666562417429,1.017966239757343,0.469582746345496,MAN1C1,1.0
Reactome_2022,tRNA Modification In Nucleus And Cytosol R-HSA-6782315,1/42,0.6304666562417429,1.017966239757343,0.469582746345496,TRIT1,1.0
Reactome_2022,Defective Pyroptosis R-HSA-9710421,1/42,0.6304666562417429,1.017966239757343,0.469582746345496,RBBP4,1.0
Reactome_2022,Vasopressin Regulates Renal Water Homeostasis Via Aquaporins R-HSA-432040,1/42,0.6304666562417429,1.017966239757343,0.469582746345496,GNB1,1.0
Reactome_2022,Activation Of GABAB Receptors R-HSA-991365,1/42,0.6304666562417429,1.017966239757343,0.469582746345496,GNB1,1.0
Reactome_2022,Glucagon-like Peptide-1 (GLP1) Regulates Insulin Secretion R-HSA-381676,1/42,0.6304666562417429,1.017966239757343,0.469582746345496,GNB1,1.0
Reactome_2022,Signaling By SCF-KIT R-HSA-1433557,1/42,0.6304666562417429,1.017966239757343,0.469582746345496,PTPRU,1.0
Reactome_2022,Kinesins R-HSA-983189,1/42,0.6304666562417429,1.017966239757343,0.469582746345496,KIF1B,1.0
Reactome_2022,PRC2 Methylates Histones And DNA R-HSA-212300,1/42,0.6304666562417429,1.017966239757343,0.469582746345496,RBBP4,1.0
Reactome_2022,NS1 Mediated Effects On Host Pathways R-HSA-168276,1/42,0.6304666562417429,1.017966239757343,0.469582746345496,ISG15,1.0
Reactome_2022,Activation Of Gene Expression By SREBF (SREBP) R-HSA-2426168,1/42,0.6304666562417429,1.017966239757343,0.469582746345496,NFYC,1.0
Reactome_2022,Class B/2 (Secretin Family Receptors) R-HSA-373080,2/92,0.6378453332649479,0.9271339815350361,0.4168945556352769,GNB1;PTCH2,1.0
Reactome_2022,Post-translational Modification: Synthesis Of GPI-anchored Proteins R-HSA-163125,2/92,0.6378453332649479,0.9271339815350361,0.4168945556352769,ALPL;PIGV,1.0
Reactome_2022,Homologous DNA Pairing And Strand Exchange R-HSA-5693579,1/43,0.639131933568071,0.9936779643446139,0.44481435339571423,ARTN,1.0
Reactome_2022,GPER1 Signaling R-HSA-9634597,1/43,0.639131933568071,0.9936779643446139,0.44481435339571423,GNB1,1.0
Reactome_2022,Voltage Gated Potassium Channels R-HSA-1296072,1/43,0.639131933568071,0.9936779643446139,0.44481435339571423,KCNAB2,1.0
Reactome_2022,Formation Of HIV-1 Elongation Complex Containing HIV-1 Tat R-HSA-167200,1/43,0.639131933568071,0.9936779643446139,0.44481435339571423,ELOA,1.0
Reactome_2022,Unattached Kinetochores Signal Amplification Via A MAD2 Inhibitory Signal R-HSA-141444,2/93,0.6436980545665177,0.9168985328873823,0.4039172050004702,NUDC;RCC2,1.0
Reactome_2022,Metabolism Of Lipids R-HSA-556833,16/732,0.6459347996631952,0.9302417359824405,0.4065683922677555,ACOT7;CLSTN1;CPTP;ELOVL1;FABP3;HMGCL;LDLRAP1;MECR;MED18;MED8;MFSD2A;NFYC;OXCT2;PPT1;PRXL2B;THRAP3,1.0
Reactome_2022,TP53 Regulates Transcription Of Cell Death Genes R-HSA-5633008,1/44,0.6475944407129397,0.970519376160384,0.42168158649259213,TP73,1.0
Reactome_2022,"Base-Excision Repair, AP Site Formation R-HSA-73929",1/44,0.6475944407129397,0.970519376160384,0.42168158649259213,MUTYH,1.0
Reactome_2022,Interleukin-2 Family Signaling R-HSA-451927,1/44,0.6475944407129397,0.970519376160384,0.42168158649259213,CLSTN1,1.0
Reactome_2022,"Interleukin-3, Interleukin-5 And GM-CSF Signaling R-HSA-512988",1/44,0.6475944407129397,0.970519376160384,0.42168158649259213,CLSTN1,1.0
Reactome_2022,Clathrin-mediated Endocytosis R-HSA-8856828,3/142,0.6491803331701883,0.9001160173101067,0.38889038864032727,LDLRAP1;NECAP2;VAMP3,1.0
Reactome_2022,Metabolism Of Nucleotides R-HSA-15869,2/95,0.655179154375526,0.8970879871177297,0.37933057171645634,AK2;CTPS1,1.0
Reactome_2022,Interleukin-10 Signaling R-HSA-6783783,1/45,0.6558589126384933,0.9484134510754372,0.4000498845544327,TNFRSF1B,1.0
Reactome_2022,Glycosphingolipid Metabolism R-HSA-1660662,1/45,0.6558589126384933,0.9484134510754372,0.4000498845544327,CPTP,1.0
Reactome_2022,Formation Of HIV Elongation Complex In Absence Of HIV Tat R-HSA-167152,1/45,0.6558589126384933,0.9484134510754372,0.4000498845544327,ELOA,1.0
Reactome_2022,TBC/RABGAPs R-HSA-8854214,1/45,0.6558589126384933,0.9484134510754372,0.4000498845544327,SYTL1,1.0
Reactome_2022,Infectious Disease R-HSA-5663205,21/961,0.6586088598538931,0.9292017503819875,0.3880583052522471,AGRN;CDC42;DDOST;ELOA;ENO1;FGR;GNB1;HDAC1;HSPG2;ISG15;KDM1A;PSMB2;RBBP4;RCC1;RPL11;RPL22;RPS8;SDC3;ST3GAL3;TAF12;WASF2,1.0
Reactome_2022,Protein Folding R-HSA-391251,2/96,0.6608081434350638,0.8874988399632703,0.36768343266665643,FBXO6;GNB1,1.0
Reactome_2022,XBP1(S) Activates Chaperone Genes R-HSA-381038,1/46,0.6639299739707503,0.9272900115498215,0.3797981409732232,ZBTB17,1.0
Reactome_2022,HIV Transcription Initiation R-HSA-167161,1/46,0.6639299739707503,0.9272900115498215,0.3797981409732232,TAF12,1.0
Reactome_2022,EML4 And NUDC In Mitotic Spindle Formation R-HSA-9648025,2/97,0.6663632097410015,0.87811156959101,0.3564433970484201,NUDC;RCC2,1.0
Reactome_2022,SARS-CoV-2 Modulates Host Translation Machinery R-HSA-9754678,1/47,0.6718121415653019,0.9070849824383628,0.36081711562536495,RPS8,1.0
Reactome_2022,PKMTs Methylate Histone Lysines R-HSA-3214841,1/47,0.6718121415653019,0.9070849824383628,0.36081711562536495,RBBP4,1.0
Reactome_2022,G Alpha (Z) Signaling Events R-HSA-418597,1/47,0.6718121415653019,0.9070849824383628,0.36081711562536495,GNB1,1.0
Reactome_2022,RUNX1 Regulates Transcription Of Genes Involved In Differentiation Of HSCs R-HSA-8939236,2/98,0.6718447226345174,0.868919867351505,0.34559378938729257,PSMB2;TP73,1.0
Reactome_2022,Mitotic G1 Phase And G1/S Transition R-HSA-453279,3/147,0.6721093510895895,0.8686379745991835,0.34513959805993827,HDAC1;PSMB2;RBBP4,1.0
Reactome_2022,IRE1alpha Activates Chaperones R-HSA-381070,1/48,0.679509827013477,0.8877397417997323,0.3430080625375959,ZBTB17,1.0
Reactome_2022,Retrograde Transport At Trans-Golgi-Network R-HSA-6811440,1/48,0.679509827013477,0.8877397417997323,0.3430080625375959,VAMP3,1.0
Reactome_2022,Cross-presentation Of Soluble Exogenous Antigens (Endosomes) R-HSA-1236978,1/48,0.679509827013477,0.8877397417997323,0.3430080625375959,PSMB2,1.0
Reactome_2022,CDC42 GTPase Cycle R-HSA-9013148,3/149,0.6809677200810578,0.8566504460051606,0.32915968837545434,ARHGEF16;CDC42;VAMP3,1.0
Reactome_2022,HIV Life Cycle R-HSA-162587,3/149,0.6809677200810578,0.8566504460051606,0.32915968837545434,ELOA;RCC1;TAF12,1.0
Reactome_2022,DNA Double-Strand Break Repair R-HSA-5693532,3/149,0.6809677200810578,0.8566504460051606,0.32915968837545434,ARTN;EYA3;KDM4A,1.0
Reactome_2022,Transport Of Small Molecules R-HSA-382551,15/706,0.6857428959988838,0.9028569591092617,0.3406050528033051,ATP13A2;ATP6V0B;BEST4;CLCN6;CLCNKA;GNB1;LDLRAP1;NIPAL3;PSMB2;SCNN1D;SLC2A1;SLC66A1;SLC6A9;SLC9A1;TRNP1,1.0
Reactome_2022,RMTs Methylate Histone Arginines R-HSA-3214858,1/49,0.687027339090346,0.8692005528543779,0.3262815401914239,ARID1A,1.0
Reactome_2022,Signaling By EGFR R-HSA-177929,1/49,0.687027339090346,0.8692005528543779,0.3262815401914239,CDC42,1.0
Reactome_2022,Regulation Of Activated PAK-2p34 By Proteasome Mediated Degradation R-HSA-211733,1/49,0.687027339090346,0.8692005528543779,0.3262815401914239,PSMB2,1.0
Reactome_2022,TP53 Regulates Transcription Of Cell Cycle Genes R-HSA-6791312,1/49,0.687027339090346,0.8692005528543779,0.3262815401914239,PLK3,1.0
Reactome_2022,Netrin-1 Signaling R-HSA-373752,1/49,0.687027339090346,0.8692005528543779,0.3262815401914239,CDC42,1.0
Reactome_2022,Interferon Signaling R-HSA-913531,4/200,0.691642256448267,0.8504574064600577,0.31355210292037644,EIF4G3;IFI6;ISG15;TRIM62,1.0
Reactome_2022,Potassium Channels R-HSA-1296071,2/102,0.6930434116183578,0.8339913988413864,0.3057934869742138,GNB1;KCNAB2,1.0
Reactome_2022,Aquaporin-mediated Transport R-HSA-445717,1/50,0.6943688861459183,0.85141806549863,0.31055637705697375,GNB1,1.0
Reactome_2022,Regulation Of Ornithine Decarboxylase (ODC) R-HSA-350562,1/50,0.6943688861459183,0.85141806549863,0.31055637705697375,PSMB2,1.0
Reactome_2022,Nonhomologous End-Joining (NHEJ) R-HSA-5693571,1/51,0.701538578440841,0.8343468776371119,0.29575876951168995,ARTN,1.0
Reactome_2022,Ubiquitin Mediated Degradation Of Phosphorylated Cdc25A R-HSA-69601,1/51,0.701538578440841,0.8343468776371119,0.29575876951168995,PSMB2,1.0
Reactome_2022,Autodegradation Of E3 Ubiquitin Ligase COP1 R-HSA-349425,1/51,0.701538578440841,0.8343468776371119,0.29575876951168995,PSMB2,1.0
Reactome_2022,Complex I Biogenesis R-HSA-6799198,1/51,0.701538578440841,0.8343468776371119,0.29575876951168995,NDUFS5,1.0
Reactome_2022,Ubiquitin-dependent Degradation Of Cyclin D R-HSA-75815,1/51,0.701538578440841,0.8343468776371119,0.29575876951168995,PSMB2,1.0
Reactome_2022,Vpu Mediated Degradation Of CD4 R-HSA-180534,1/51,0.701538578440841,0.8343468776371119,0.29575876951168995,PSMB2,1.0
Reactome_2022,Synthesis Of PIPs At Plasma Membrane R-HSA-1660499,1/51,0.701538578440841,0.8343468776371119,0.29575876951168995,CLSTN1,1.0
Reactome_2022,GSK3B And BTRC:CUL1-mediated-degradation Of NFE2L2 R-HSA-9762114,1/51,0.701538578440841,0.8343468776371119,0.29575876951168995,PSMB2,1.0
Reactome_2022,Antigen processing-Cross Presentation R-HSA-1236975,2/104,0.703212624500537,0.8175544724836834,0.2878576430634266,PSMB2;VAMP3,1.0
Reactome_2022,Integration Of Energy Metabolism R-HSA-163685,2/105,0.7081913964589782,0.8095753820187791,0.27933660858553505,GNB1;SLC2A1,1.0
Reactome_2022,tRNA Processing R-HSA-72306,2/105,0.7081913964589782,0.8095753820187791,0.27933660858553505,TRIT1;ZBTB8OS,1.0
Reactome_2022,Signaling By Non-Receptor Tyrosine Kinases R-HSA-9006927,1/52,0.7085404304278924,0.8179451481231043,0.2818214930310526,KHDRBS1,1.0
Reactome_2022,SARS-CoV-1 Infection R-HSA-9678108,1/52,0.7085404304278924,0.8179451481231043,0.2818214930310526,ST3GAL3,1.0
Reactome_2022,Signaling By PDGF R-HSA-186797,1/52,0.7085404304278924,0.8179451481231043,0.2818214930310526,COL9A2,1.0
Reactome_2022,Formation Of TC-NER Pre-Incision Complex R-HSA-6781823,1/52,0.7085404304278924,0.8179451481231043,0.2818214930310526,PPIE,1.0
Reactome_2022,Regulation Of Apoptosis R-HSA-169911,1/52,0.7085404304278924,0.8179451481231043,0.2818214930310526,PSMB2,1.0
Reactome_2022,Innate Immune System R-HSA-168249,22/1035,0.7100753145711056,0.9017702404283938,0.30875191636027555,ATAD3B;ATP6V0B;C1QA;C1QB;C1QC;CAP1;CASP9;CDC42;DDOST;FGR;FUCA1;ISG15;KCNAB2;PADI2;PPIE;PSMB2;RPS6KA1;SLC2A5;TINAGL1;TNFRSF1B;UBR4;WASF2,1.0
Reactome_2022,"Platelet Activation, Signaling And Aggregation R-HSA-76002",5/254,0.7121488287054918,0.8363041623739246,0.2838988027406951,CAP1;CDC42;GNB1;PDPN;PRKCZ,1.0
Reactome_2022,Resolution Of Sister Chromatid Cohesion R-HSA-2500257,2/106,0.7131003022721689,0.8017497356012767,0.2710981973347525,NUDC;RCC2,1.0
Reactome_2022,Vif-mediated Degradation Of APOBEC3G R-HSA-180585,1/53,0.7153783629805166,0.8021742543596355,0.2686832106021816,PSMB2,1.0
Reactome_2022,"Nucleotide-binding Domain, Leucine Rich Repeat Containing NLR Signaling Pathways R-HSA-168643",1/53,0.7153783629805166,0.8021742543596355,0.2686832106021816,CASP9,1.0
Reactome_2022,Negative Regulation Of NOTCH4 Signaling R-HSA-9604323,1/53,0.7153783629805166,0.8021742543596355,0.2686832106021816,PSMB2,1.0
Reactome_2022,Ion Transport By P-type ATPases R-HSA-936837,1/53,0.7153783629805166,0.8021742543596355,0.2686832106021816,ATP13A2,1.0
Reactome_2022,Deposition Of New CENPA-containing Nucleosomes At Centromere R-HSA-606279,1/53,0.7153783629805166,0.8021742543596355,0.2686832106021816,RBBP4,1.0
Reactome_2022,Sensory Processing Of Sound By Outer Hair Cells Of Cochlea R-HSA-9662361,1/53,0.7153783629805166,0.8021742543596355,0.2686832106021816,ESPN,1.0
Reactome_2022,Regulation Of RUNX3 Expression And Activity R-HSA-8941858,1/54,0.7220562055696336,0.7869984886627127,0.25628786483653765,PSMB2,1.0
Reactome_2022,AUF1 (hnRNP D0) Binds And Destabilizes mRNA R-HSA-450408,1/54,0.7220562055696336,0.7869984886627127,0.25628786483653765,PSMB2,1.0
Reactome_2022,SCF-beta-TrCP Mediated Degradation Of Emi1 R-HSA-174113,1/54,0.7220562055696336,0.7869984886627127,0.25628786483653765,PSMB2,1.0
Reactome_2022,Degradation Of AXIN R-HSA-4641257,1/54,0.7220562055696336,0.7869984886627127,0.25628786483653765,PSMB2,1.0
Reactome_2022,Pyruvate Metabolism And Citric Acid (TCA) Cycle R-HSA-71406,1/54,0.7220562055696336,0.7869984886627127,0.25628786483653765,SDHB,1.0
Reactome_2022,FBXL7 Down-Regulates AURKA During Mitotic Entry And In Early Mitosis R-HSA-8854050,1/54,0.7220562055696336,0.7869984886627127,0.25628786483653765,PSMB2,1.0
Reactome_2022,Signaling By B Cell Receptor (BCR) R-HSA-983705,2/109,0.7274132438054921,0.7791504389376486,0.24797283908588277,CLSTN1;PSMB2,1.0
Reactome_2022,Degradation Of DVL R-HSA-4641258,1/55,0.7285776983899189,0.7723847883619722,0.24458414234758827,PSMB2,1.0
Reactome_2022,Golgi Associated Vesicle Biogenesis R-HSA-432722,1/55,0.7285776983899189,0.7723847883619722,0.24458414234758827,PUM1,1.0
Reactome_2022,Regulation Of Cholesterol Biosynthesis By SREBP (SREBF) R-HSA-1655829,1/55,0.7285776983899189,0.7723847883619722,0.24458414234758827,NFYC,1.0
Reactome_2022,Hh Mutants Are Degraded By ERAD R-HSA-5362768,1/55,0.7285776983899189,0.7723847883619722,0.24458414234758827,PSMB2,1.0
Reactome_2022,Assembly Of Pre-Replicative Complex R-HSA-68867,2/110,0.7320481684845821,0.7718963437122864,0.24076138830000002,KPNA6;PSMB2,1.0
Reactome_2022,Mitotic Spindle Checkpoint R-HSA-69618,2/110,0.7320481684845821,0.7718963437122864,0.24076138830000002,NUDC;RCC2,1.0
Reactome_2022,Meiotic Recombination R-HSA-912446,1/56,0.7349464944367234,0.758302495344895,0.23352500069481194,ARTN,1.0
Reactome_2022,Stabilization Of P53 R-HSA-69541,1/56,0.7349464944367234,0.758302495344895,0.23352500069481194,PSMB2,1.0
Reactome_2022,Signaling By Interleukins R-HSA-449147,9/453,0.7365393251292646,0.8429605897429537,0.2577711524956039,AURKAIP1;CDC42;CLSTN1;CSF3R;IFNLR1;PSMB2;RPS6KA1;TNFRSF1B;TXLNA,1.0
Reactome_2022,Golgi-to-ER Retrograde Transport R-HSA-8856688,2/112,0.7411174157674465,0.7577838311829456,0.22702916413415017,CAPZB;KIF1B,1.0
Reactome_2022,"Respiratory Electron Transport, ATP Synthesis By Chemiosmotic Coupling, Heat Production By Uncoupling Proteins R-HSA-163200",2/112,0.7411174157674465,0.7577838311829456,0.22702916413415017,NDUFS5;SDHB,1.0
Reactome_2022,Signaling By ERBB4 R-HSA-1236394,1/57,0.7411661615347784,0.744723141364142,0.223067249641935,STMN1,1.0
Reactome_2022,tRNA Processing In Nucleus R-HSA-6784531,1/57,0.7411661615347784,0.744723141364142,0.223067249641935,ZBTB8OS,1.0
Reactome_2022,Hh Mutants Abrogate Ligand Secretion R-HSA-5387390,1/58,0.7472401843198022,0.7316202559441172,0.213171179687086,PSMB2,1.0
Reactome_2022,NIK To Noncanonical NF-kB Signaling R-HSA-5676590,1/58,0.7472401843198022,0.7316202559441172,0.213171179687086,PSMB2,1.0
Reactome_2022,Disease R-HSA-1643685,37/1736,0.7495979452319307,0.9010636597492567,0.2597030264861857,AGRN;AGTRAP;ARTN;B3GALT6;CASP9;CDC42;CLCN6;CLSTN1;CNKSR1;DDOST;DHDDS;ELOA;ENO1;FGR;GALE;GNB1;HDAC1;HEYL;HSPG2;ISG15;KDM1A;MIB2;MMACHC;MTOR;MUTYH;PRDX1;PSMB2;RBBP4;RCC1;RPL11;RPL22;RPS8;SDC3;SLC2A1;ST3GAL3;TAF12;WASF2,1.0
Reactome_2022,Signaling By NTRK1 (TRKA) R-HSA-187037,2/114,0.7499231907379891,0.7441753369582239,0.21416211985105751,ID3;RPS6KA1,1.0
Reactome_2022,GABA Receptor Activation R-HSA-977443,1/59,0.7531719661740964,0.7189691941592656,0.20380023183767723,GNB1,1.0
Reactome_2022,GLI3 Is Processed To GLI3R By Proteasome R-HSA-5610785,1/59,0.7531719661740964,0.7189691941592656,0.20380023183767723,PSMB2,1.0
Reactome_2022,Degradation Of GLI2 By Proteasome R-HSA-5610783,1/59,0.7531719661740964,0.7189691941592656,0.20380023183767723,PSMB2,1.0
Reactome_2022,SCF(Skp2)-mediated Degradation Of P27/P21 R-HSA-187577,1/59,0.7531719661740964,0.7189691941592656,0.20380023183767723,PSMB2,1.0
Reactome_2022,Iron Uptake And Transport R-HSA-917937,1/59,0.7531719661740964,0.7189691941592656,0.20380023183767723,ATP6V0B,1.0
Reactome_2022,O-linked Glycosylation Of Mucins R-HSA-913709,1/59,0.7531719661740964,0.7189691941592656,0.20380023183767723,ST3GAL3,1.0
Reactome_2022,Arachidonic Acid Metabolism R-HSA-2142753,1/59,0.7531719661740964,0.7189691941592656,0.20380023183767723,PRXL2B,1.0
Reactome_2022,Role Of GTSE1 In G2/M Progression After G2 Checkpoint R-HSA-8852276,1/59,0.7531719661740964,0.7189691941592656,0.20380023183767723,PSMB2,1.0
Reactome_2022,Transcriptional Regulation Of Granulopoiesis R-HSA-9616222,1/59,0.7531719661740964,0.7189691941592656,0.20380023183767723,CSF3R,1.0
Reactome_2022,Degradation Of GLI1 By Proteasome R-HSA-5610780,1/59,0.7531719661740964,0.7189691941592656,0.20380023183767723,PSMB2,1.0
Reactome_2022,Biological Oxidations R-HSA-211859,4/218,0.7537840727952809,0.7781985011949646,0.2199572830947529,AKR1A1;AKR7A2;AKR7A3;AURKAIP1,1.0
Reactome_2022,Epigenetic Regulation Of Gene Expression R-HSA-212165,2/116,0.7584704038347786,0.7310443337589312,0.20209830284566802,HDAC1;RBBP4,1.0
Reactome_2022,rRNA Modification In Nucleus And Cytosol R-HSA-6790901,1/60,0.7589648311172045,0.7067469819264429,0.1949207034573018,UTP11,1.0
Reactome_2022,Defective CFTR Causes Cystic Fibrosis R-HSA-5678895,1/60,0.7589648311172045,0.7067469819264429,0.1949207034573018,PSMB2,1.0
Reactome_2022,Formation Of beta-catenin:TCF Transactivating Complex R-HSA-201722,1/60,0.7589648311172045,0.7067469819264429,0.1949207034573018,HDAC1,1.0
Reactome_2022,Separation Of Sister Chromatids R-HSA-2467813,3/170,0.7633603726390349,0.7481166541838284,0.20201023624717243,NUDC;PSMB2;RCC2,1.0
Reactome_2022,DNA Damage/Telomere Stress Induced Senescence R-HSA-2559586,1/61,0.7646220256526683,0.6949321767680476,0.18650148573342,ARTN,1.0
Reactome_2022,Dectin-1 Mediated Noncanonical NF-kB Signaling R-HSA-5607761,1/61,0.7646220256526683,0.6949321767680476,0.18650148573342,PSMB2,1.0
Reactome_2022,Post NMDA Receptor Activation Events R-HSA-438064,1/61,0.7646220256526683,0.6949321767680476,0.18650148573342,RPS6KA1,1.0
Reactome_2022,Developmental Biology R-HSA-1266738,22/1073,0.7691783506076476,0.8673823160172286,0.22762923245070552,AGRN;ARTN;CAP1;CDC42;CLSTN1;COL9A2;CSF3R;EPHA2;EPHB2;KAZN;LYPLA2;MED18;MED8;POU3F1;PSMB2;RAP1GAP;RBBP4;RPL11;RPL22;RPS6KA1;RPS8;THRAP3,1.0
Reactome_2022,TP53 Regulates Transcription Of DNA Repair Genes R-HSA-6796648,1/62,0.7701467205718997,0.6835047422705834,0.1785138289255608,ELOA,1.0
Reactome_2022,RAB Geranylgeranylation R-HSA-8873719,1/62,0.7701467205718997,0.6835047422705834,0.1785138289255608,PTP4A2,1.0
Reactome_2022,Asymmetric Localization Of PCP Proteins R-HSA-4608870,1/62,0.7701467205718997,0.6835047422705834,0.1785138289255608,PSMB2,1.0
Reactome_2022,MAP Kinase Activation R-HSA-450294,1/62,0.7701467205718997,0.6835047422705834,0.1785138289255608,RPS6KA1,1.0
Reactome_2022,RHO GTPases Activate PKNs R-HSA-5625740,1/62,0.7701467205718997,0.6835047422705834,0.1785138289255608,KDM1A,1.0
Reactome_2022,Transcriptional Regulation By RUNX2 R-HSA-8878166,2/119,0.7708174274695977,0.7121895599343058,0.1853856011332935,HIVEP3;PSMB2,1.0
Reactome_2022,Autodegradation Of Cdh1 By Cdh1:APC/C R-HSA-174084,1/63,0.7755420127161643,0.6724459346923921,0.170931132072607,PSMB2,1.0
Reactome_2022,Oxygen-dependent Proline Hydroxylation Of Hypoxia-inducible Factor Alpha R-HSA-1234176,1/64,0.7808109266976477,0.6617382003706515,0.16372875427957098,PSMB2,1.0
Reactome_2022,Gap-filling DNA Repair Synthesis And Ligation In TC-NER R-HSA-6782210,1/64,0.7808109266976477,0.6617382003706515,0.16372875427957098,PPIE,1.0
Reactome_2022,Hedgehog Ligand Biogenesis R-HSA-5358346,1/64,0.7808109266976477,0.6617382003706515,0.16372875427957098,PSMB2,1.0
Reactome_2022,Rab Regulation Of Trafficking R-HSA-9007101,2/122,0.7826113061443867,0.6942775248009115,0.17018069758791457,SYTL1;TRAPPC3,1.0
Reactome_2022,p53-Dependent G1 DNA Damage Response R-HSA-69563,1/65,0.7859564165805482,0.6513650827464651,0.15688384508151895,PSMB2,1.0
Reactome_2022,Regulation Of RAS By GAPs R-HSA-5658442,1/65,0.7859564165805482,0.6513650827464651,0.15688384508151895,PSMB2,1.0
Reactome_2022,Dual Incision In TC-NER R-HSA-6782135,1/65,0.7859564165805482,0.6513650827464651,0.15688384508151895,PPIE,1.0
Reactome_2022,HIV Infection R-HSA-162906,4/229,0.7867498041619291,0.7397317852069298,0.1774209640740199,ELOA;PSMB2;RCC1;TAF12,1.0
Reactome_2022,Activation Of NF-kappaB In B Cells R-HSA-1169091,1/66,0.7909813675231266,0.6413111379722537,0.1503751917052289,PSMB2,1.0
Reactome_2022,COPII-mediated Vesicle Transport R-HSA-204005,1/66,0.7909813675231266,0.6413111379722537,0.1503751917052289,TRAPPC3,1.0
Reactome_2022,Mitotic Anaphase R-HSA-68882,4/232,0.7951051730418282,0.7298850421190837,0.16734868471458458,NUDC;PSMB2;RCC1;RCC2,1.0
Reactome_2022,HDR Thru Homologous Recombination (HRR) R-HSA-5685942,1/67,0.7958885973816185,0.6315618581912003,0.14418308132630012,ARTN,1.0
Reactome_2022,G1/S DNA Damage Checkpoints R-HSA-69615,1/67,0.7958885973816185,0.6315618581912003,0.14418308132630012,PSMB2,1.0
Reactome_2022,APC/C:Cdc20 Mediated Degradation Of Securin R-HSA-174154,1/67,0.7958885973816185,0.6315618581912003,0.14418308132630012,PSMB2,1.0
Reactome_2022,Mitotic Metaphase And Anaphase R-HSA-2555396,4/233,0.7978312350473287,0.7266601262606188,0.16412213999149958,NUDC;PSMB2;RCC1;RCC2,1.0
Reactome_2022,DNA Replication Pre-Initiation R-HSA-69002,2/127,0.801086493843775,0.6663347499928165,0.14778395568836356,KPNA6;PSMB2,1.0
Reactome_2022,Interleukin-17 Signaling R-HSA-448424,1/69,0.8053608381246912,0.6129235291980099,0.1326764034122193,RPS6KA1,1.0
Reactome_2022,Orc1 Removal From Chromatin R-HSA-68949,1/69,0.8053608381246912,0.6129235291980099,0.1326764034122193,PSMB2,1.0
Reactome_2022,Glycolysis R-HSA-70171,1/69,0.8053608381246912,0.6129235291980099,0.1326764034122193,ENO1,1.0
Reactome_2022,Host Interactions Of HIV Factors R-HSA-162909,2/130,0.8114919058243532,0.6506169391632631,0.13590142995713847,PSMB2;RCC1,1.0
Reactome_2022,trans-Golgi Network Vesicle Budding R-HSA-199992,1/71,0.8143943942489569,0.595350247575859,0.12223166682770163,PUM1,1.0
Reactome_2022,Base Excision Repair R-HSA-73884,1/72,0.8187530386110167,0.5869348732779275,0.11737099873377731,MUTYH,1.0
Reactome_2022,Cdc20:Phospho-APC/C Mediated Degradation Of Cyclin A R-HSA-174184,1/72,0.8187530386110167,0.5869348732779275,0.11737099873377731,PSMB2,1.0
Reactome_2022,CDK-mediated Phosphorylation And Removal Of Cdc6 R-HSA-69017,1/72,0.8187530386110167,0.5869348732779275,0.11737099873377731,PSMB2,1.0
Reactome_2022,ER To Golgi Anterograde Transport R-HSA-199977,2/133,0.8214094021550151,0.6356190280663611,0.12504763934026197,CAPZB;TRAPPC3,1.0
Reactome_2022,APC:Cdc20 Mediated Degradation Of Cell Cycle Proteins Before Cycle Checkpoint Satisfied R-HSA-179419,1/73,0.8230095409158161,0.5787532593771608,0.11273389213170384,PSMB2,1.0
Reactome_2022,APC/C:Cdh1 Mediated Degradation Of Cdc20 And APC/C:Cdh1 Targets In Late Mitosis/Early G1 R-HSA-174178,1/73,0.8230095409158161,0.5787532593771608,0.11273389213170384,PSMB2,1.0
Reactome_2022,Cellular Response To Hypoxia R-HSA-1234174,1/73,0.8230095409158161,0.5787532593771608,0.11273389213170384,PSMB2,1.0
Reactome_2022,NoRC Negatively Regulates rRNA Expression R-HSA-427413,1/74,0.8271662897917833,0.5707957992818946,0.10830823363757487,HDAC1,1.0
Reactome_2022,Formation Of Cornified Envelope R-HSA-6809371,1/74,0.8271662897917833,0.5707957992818946,0.10830823363757487,KAZN,1.0
Reactome_2022,Activation Of NMDA Receptors And Postsynaptic Events R-HSA-442755,1/74,0.8271662897917833,0.5707957992818946,0.10830823363757487,RPS6KA1,1.0
Reactome_2022,Signaling By Hedgehog R-HSA-5358351,2/135,0.8277588060129764,0.6259963081645892,0.11833425065736287,PSMB2;PTCH2,1.0
Reactome_2022,Nuclear Envelope (NE) Reassembly R-HSA-2995410,1/75,0.8312256181254903,0.5630534056756896,0.10408268496239238,RCC1,1.0
Reactome_2022,APC/C:Cdc20 Mediated Degradation Of Mitotic Proteins R-HSA-176409,1/75,0.8312256181254903,0.5630534056756896,0.10408268496239238,PSMB2,1.0
Reactome_2022,Leishmania Infection R-HSA-9658195,4/247,0.8330003497352632,0.6842982685642401,0.12503581239918618,CDC42;FGR;GNB1;WASF2,1.0
Reactome_2022,Transcriptional Regulation By Small RNAs R-HSA-5578749,1/76,0.8351898043597322,0.5555174758989834,0.10004662496922706,AGO1,1.0
Reactome_2022,Activation Of APC/C And APC/C:Cdc20 Mediated Degradation Of Mitotic Proteins R-HSA-176814,1/76,0.8351898043597322,0.5555174758989834,0.10004662496922706,PSMB2,1.0
Reactome_2022,Transcription-Coupled Nucleotide Excision Repair (TC-NER) R-HSA-6781827,1/77,0.839061073761441,0.5481798600637695,0.09619009670808641,PPIE,1.0
Reactome_2022,ABC Transporter Disorders R-HSA-5619084,1/77,0.839061073761441,0.5481798600637695,0.09619009670808641,PSMB2,1.0
Reactome_2022,G2/M DNA Damage Checkpoint R-HSA-69473,1/77,0.839061073761441,0.5481798600637695,0.09619009670808641,ARTN,1.0
Reactome_2022,Negative Epigenetic Regulation Of rRNA Expression R-HSA-5250941,1/77,0.839061073761441,0.5481798600637695,0.09619009670808641,HDAC1,1.0
Reactome_2022,Signaling By Insulin Receptor R-HSA-74752,1/77,0.839061073761441,0.5481798600637695,0.09619009670808641,ATP6V0B,1.0
Reactome_2022,FCERI Mediated NF-kB Activation R-HSA-2871837,1/78,0.8428415996601333,0.5410328316528469,0.09250375894516424,PSMB2,1.0
Reactome_2022,COPI-dependent Golgi-to-ER Retrograde Traffic R-HSA-6811434,1/78,0.8428415996601333,0.5410328316528469,0.09250375894516424,KIF1B,1.0
Reactome_2022,Constitutive Signaling By Aberrant PI3K In Cancer R-HSA-2219530,1/78,0.8428415996601333,0.5410328316528469,0.09250375894516424,CLSTN1,1.0
Reactome_2022,TCF Dependent Signaling In Response To WNT R-HSA-201681,3/198,0.8454505224623722,0.6397683902117633,0.10740791990267408,CTNNBIP1;HDAC1;PSMB2,1.0
Reactome_2022,Downstream Signaling Events Of B Cell Receptor (BCR) R-HSA-1168372,1/79,0.8465335046575759,0.5340690603806659,0.08897884175542847,PSMB2,1.0
Reactome_2022,Amyloid Fiber Formation R-HSA-977225,1/79,0.8465335046575759,0.5340690603806659,0.08897884175542847,HSPG2,1.0
Reactome_2022,Processing Of DNA Double-Strand Break Ends R-HSA-5693607,1/80,0.8501388618093381,0.5272815871153754,0.08560710579356244,ARTN,1.0
Reactome_2022,COPI-mediated Anterograde Transport R-HSA-6807878,1/80,0.8501388618093381,0.5272815871153754,0.08560710579356244,CAPZB,1.0
Reactome_2022,Regulation Of APC/C Activators Between G1/S And Early Anaphase R-HSA-176408,1/80,0.8501388618093381,0.5272815871153754,0.08560710579356244,PSMB2,1.0
Reactome_2022,Ub-specific Processing Proteases R-HSA-5689880,3/201,0.8525877978438515,0.6299771780454566,0.10046818484174336,MUL1;PSMB2;USP48,1.0
Reactome_2022,Signaling By NOTCH4 R-HSA-9013694,1/81,0.8536596957788778,0.5206638006817174,0.08238080489891904,PSMB2,1.0
Reactome_2022,DDX58/IFIH1-mediated Induction Of Interferon-Alpha/Beta R-HSA-168928,1/81,0.8536596957788778,0.5206638006817174,0.08238080489891904,ISG15,1.0
Reactome_2022,Senescence-Associated Secretory Phenotype (SASP) R-HSA-2559582,1/81,0.8536596957788778,0.5206638006817174,0.08238080489891904,RPS6KA1,1.0
Reactome_2022,PI Metabolism R-HSA-1483255,1/82,0.8570979839648052,0.5142094163822236,0.07929265172605789,CLSTN1,1.0
Reactome_2022,G2/M Checkpoints R-HSA-69481,2/148,0.8642954372774543,0.5698747602443244,0.08311089253546378,ARTN;PSMB2,1.0
Reactome_2022,Cell Junction Organization R-HSA-446728,1/86,0.8700636335222616,0.4899105578429532,0.06819012537607352,FBLIM1,1.0
Reactome_2022,"Transport Of Bile Salts And Organic Acids, Metal Ions And Amine Compounds R-HSA-425366",1/86,0.8700636335222616,0.4899105578429532,0.06819012537607352,SLC6A9,1.0
Reactome_2022,APC/C-mediated Degradation Of Cell Cycle Proteins R-HSA-174143,1/87,0.8731172751568695,0.48418902429155525,0.06569737967455137,PSMB2,1.0
Reactome_2022,Meiosis R-HSA-1500620,1/88,0.8760993027381775,0.47859902024708595,0.06330708511964049,ARTN,1.0
Reactome_2022,Regulation Of mRNA Stability By Proteins That Bind AU-rich Elements R-HSA-450531,1/88,0.8760993027381775,0.47859902024708595,0.06330708511964049,PSMB2,1.0
Reactome_2022,PCP/CE Pathway R-HSA-4086400,1/88,0.8760993027381775,0.47859902024708595,0.06330708511964049,PSMB2,1.0
Reactome_2022,Opioid Signaling R-HSA-111885,1/88,0.8760993027381775,0.47859902024708595,0.06330708511964049,GNB1,1.0
Reactome_2022,Metabolism Of Steroids R-HSA-8957322,2/153,0.876351726069545,0.5508626209845301,0.07270712057608367,LDLRAP1;NFYC,1.0
Reactome_2022,Interferon Gamma Signaling R-HSA-877300,1/89,0.8790113922479471,0.47313606174908185,0.061014406265912986,TRIM62,1.0
Reactome_2022,Sphingolipid Metabolism R-HSA-428157,1/89,0.8790113922479471,0.47313606174908185,0.061014406265912986,CPTP,1.0
Reactome_2022,Glucose Metabolism R-HSA-70326,1/89,0.8790113922479471,0.47313606174908185,0.061014406265912986,ENO1,1.0
Reactome_2022,Peptide Hormone Metabolism R-HSA-2980736,1/89,0.8790113922479471,0.47313606174908185,0.061014406265912986,GNB1,1.0
Reactome_2022,RAB GEFs Exchange GTP For GDP On RABs R-HSA-8876198,1/89,0.8790113922479471,0.47313606174908185,0.061014406265912986,TRAPPC3,1.0
Reactome_2022,DNA Replication R-HSA-69306,2/155,0.8808920151650304,0.5436056998553015,0.06894020059879877,KPNA6;PSMB2,1.0
Reactome_2022,Cell Cycle Checkpoints R-HSA-69620,4/271,0.8813883645202049,0.6220134184039146,0.07853350325538658,ARTN;NUDC;PSMB2;RCC2,1.0
Reactome_2022,RAF/MAP Kinase Cascade R-HSA-5673001,4/271,0.8813883645202049,0.6220134184039146,0.07853350325538658,ARTN;CNKSR1;ICMT;PSMB2,1.0
Reactome_2022,Switching Of Origins To A Post-Replicative State R-HSA-69052,1/90,0.8818551805271877,0.4677958663633925,0.05881477244963539,PSMB2,1.0
Reactome_2022,Activation Of HOX Genes During Differentiation R-HSA-5619507,1/91,0.8846322661883269,0.4625743419862739,0.0567038610066489,RBBP4,1.0
Reactome_2022,MAPK1/MAPK3 Signaling R-HSA-5684996,4/277,0.8913992780363077,0.608153328120985,0.06991502669627049,ARTN;CNKSR1;ICMT;PSMB2,1.0
Reactome_2022,Neuronal System R-HSA-112316,6/386,0.8914189004705106,0.6545454407195679,0.0752339867799937,DLGAP3;EPB41;GNB1;KCNAB2;PTPRF;RPS6KA1,1.0
Reactome_2022,Downstream TCR Signaling R-HSA-202424,1/94,0.8925787387242046,0.4475835139358369,0.05086363515471633,PSMB2,1.0
Reactome_2022,S Phase R-HSA-69242,2/161,0.8936050101122427,0.5229303207890085,0.05882517674262153,PSMB2;RBBP4,1.0
Reactome_2022,Deubiquitination R-HSA-5688426,4/279,0.8945682127306669,0.603667698902146,0.06725710604753718,MUL1;OTUD3;PSMB2;USP48,1.0
Reactome_2022,Transcriptional Regulation By RUNX3 R-HSA-8878159,1/95,0.8951042662172756,0.44279920711122933,0.04906882465637505,PSMB2,1.0
Reactome_2022,UCH Proteinases R-HSA-5689603,1/95,0.8951042662172756,0.44279920711122933,0.04906882465637505,PSMB2,1.0
Reactome_2022,Citric Acid (TCA) Cycle And Respiratory Electron Transport R-HSA-1428517,2/163,0.8975548359591915,0.5163809771096237,0.055811004363551846,NDUFS5;SDHB,1.0
Reactome_2022,HCMV Early Events R-HSA-9609690,1/96,0.8975705411939304,0.4381156225355609,0.04734433573696026,RBBP4,1.0
Reactome_2022,MyD88 Cascade Initiated On Plasma Membrane R-HSA-975871,1/96,0.8975705411939304,0.4381156225355609,0.04734433573696026,RPS6KA1,1.0
Reactome_2022,Membrane Trafficking R-HSA-199991,10/599,0.897688803677527,0.7022115641342142,0.07579096830029276,CAPZB;GJB3;KIF1B;LDLRAP1;MAN1C1;NECAP2;PUM1;SYTL1;TRAPPC3;VAMP3,1.0
Reactome_2022,Anchoring Of Basal Body To Plasma Membrane R-HSA-5620912,1/97,0.8999789508965652,0.43352961263855216,0.04568704300317083,NPHP4,1.0
Reactome_2022,Anti-inflammatory Response Favoring Leishmania Infection R-HSA-9662851,2/165,0.9013679120645425,0.5099923535205306,0.05295850727169017,FGR;GNB1,1.0
Reactome_2022,Hedgehog Off State R-HSA-5610787,1/98,0.9023308501569985,0.4290381596466365,0.04409398068631861,PSMB2,1.0
Reactome_2022,Cellular Response To Heat Stress R-HSA-3371556,1/99,0.9046275621521008,0.42463836896067825,0.042562333260035515,MTOR,1.0
Reactome_2022,CLEC7A (Dectin-1) Signaling R-HSA-5607764,1/99,0.9046275621521008,0.42463836896067825,0.042562333260035515,PSMB2,1.0
Reactome_2022,SLC Transporter Disorders R-HSA-5619102,1/99,0.9046275621521008,0.42463836896067825,0.042562333260035515,SLC2A1,1.0
Reactome_2022,TRAF6 Mediated Induction Of NFkB And MAP Kinases Upon TLR7/8 Or 9 Activation R-HSA-975138,1/101,0.9090605631901634,0.4161027750299192,0.03967272025186977,RPS6KA1,1.0
Reactome_2022,MyD88 Dependent Cascade Initiated On Endosome R-HSA-975155,1/102,0.9111993468690921,0.41196174431103605,0.03830979892214967,RPS6KA1,1.0
Reactome_2022,ABC-family Proteins Mediated Transport R-HSA-382556,1/102,0.9111993468690921,0.41196174431103605,0.03830979892214967,PSMB2,1.0
Reactome_2022,Toll Like Receptor 3 (TLR3) Cascade R-HSA-168164,1/103,0.9132879339464499,0.4079019102729154,0.036998366221340236,RPS6KA1,1.0
Reactome_2022,Toll Like Receptor 7/8 (TLR7/8) Cascade R-HSA-168181,1/103,0.9132879339464499,0.4079019102729154,0.036998366221340236,RPS6KA1,1.0
Reactome_2022,Transport Of Inorganic Cations/Anions And Amino Acids/Oligopeptides R-HSA-425393,1/104,0.9153275000575753,0.4039209079636903,0.03573623755331347,SLC9A1,1.0
Reactome_2022,Phase I - Functionalization Of Compounds R-HSA-211945,1/104,0.9153275000575753,0.4039209079636903,0.03573623755331347,AURKAIP1,1.0
Reactome_2022,MHC Class II Antigen Presentation R-HSA-2132295,1/104,0.9153275000575753,0.4039209079636903,0.03573623755331347,CAPZB,1.0
Reactome_2022,Post-translational Protein Phosphorylation R-HSA-8957275,1/106,0.9192641351813055,0.3961863891914814,0.03335167626846504,VWA1,1.0
Reactome_2022,Toll Like Receptor 9 (TLR9) Cascade R-HSA-168138,1/106,0.9192641351813055,0.3961863891914814,0.03335167626846504,RPS6KA1,1.0
Reactome_2022,"PI5P, PP2A And IER3 Regulate PI3K/AKT Signaling R-HSA-6811558",1/106,0.9192641351813055,0.3961863891914814,0.03335167626846504,CLSTN1,1.0
Reactome_2022,Disorders Of Transmembrane Transporters R-HSA-5619115,2/176,0.9200769603590816,0.47748013404845063,0.039773121046366725,PSMB2;SLC2A1,1.0
Reactome_2022,MyD88-independent TLR4 Cascade R-HSA-166166,1/107,0.9211634206309461,0.3924285805427196,0.03222537962392334,RPS6KA1,1.0
Reactome_2022,Interleukin-4 And Interleukin-13 Signaling R-HSA-6785807,1/107,0.9211634206309461,0.3924285805427196,0.03222537962392334,TNFRSF1B,1.0
Reactome_2022,Phase II - Conjugation Of Compounds R-HSA-156580,1/107,0.9211634206309461,0.3924285805427196,0.03222537962392334,AKR1A1,1.0
Reactome_2022,O-linked Glycosylation R-HSA-5173105,1/107,0.9211634206309461,0.3924285805427196,0.03222537962392334,ST3GAL3,1.0
Reactome_2022,Nucleotide Excision Repair R-HSA-5696398,1/108,0.9230181192256637,0.3887410113079533,0.031140648341993742,PPIE,1.0
Reactome_2022,"Cell Cycle, Mitotic R-HSA-69278",8/523,0.9255007664168959,0.642195005372291,0.0497189420847759,CDK11A;CDK11B;HDAC1;NUDC;PSMB2;RBBP4;RCC1;RCC2,1.0
Reactome_2022,Neurotransmitter Receptors And Postsynaptic Signal Transmission R-HSA-112314,2/182,0.9288220596489337,0.46142106806678684,0.034070454127074684,GNB1;RPS6KA1,1.0
Reactome_2022,MyD88:MAL(TIRAP) Cascade Initiated On Plasma Membrane R-HSA-166058,1/112,0.9300115724712833,0.3746551612580352,0.027184322627589057,RPS6KA1,1.0
Reactome_2022,SLC-mediated Transmembrane Transport R-HSA-425407,3/247,0.9309248649379718,0.5099947010894847,0.03650374209364694,SLC2A1;SLC6A9;SLC9A1,1.0
Reactome_2022,Reproduction R-HSA-1474165,1/113,0.9316585246074176,0.37129090689343425,0.02628328280231066,ARTN,1.0
Reactome_2022,Negative Regulation Of PI3K/AKT Network R-HSA-199418,1/113,0.9316585246074176,0.37129090689343425,0.02628328280231066,CLSTN1,1.0
Reactome_2022,Vesicle-mediated Transport R-HSA-5653656,10/637,0.9324928811815376,0.6583300111164652,0.04601316086096195,CAPZB;GJB3;KIF1B;LDLRAP1;MAN1C1;NECAP2;PUM1;SYTL1;TRAPPC3;VAMP3,1.0
Reactome_2022,HDR Thru Homologous Recombination (HRR) Or Single Strand Annealing (SSA) R-HSA-5693567,1/114,0.9332668018982975,0.3679861968538705,0.025414656733937394,ARTN,1.0
Reactome_2022,Interleukin-1 Signaling R-HSA-9020702,1/114,0.9332668018982975,0.3679861968538705,0.025414656733937394,PSMB2,1.0
Reactome_2022,Mitotic Prometaphase R-HSA-68877,2/186,0.9341418796120562,0.45129687429573795,0.03074547820189533,NUDC;RCC2,1.0
Reactome_2022,TCR Signaling R-HSA-202403,1/116,0.9363709359101811,0.361549196428981,0.02376953922833817,PSMB2,1.0
Reactome_2022,Chromosome Maintenance R-HSA-73886,1/118,0.9393309734635121,0.35533226439468607,0.022239318114517535,RBBP4,1.0
Reactome_2022,Synthesis Of DNA R-HSA-69239,1/119,0.9407590543617657,0.3523028271745847,0.021514508294913262,PSMB2,1.0
Reactome_2022,Homology Directed Repair R-HSA-5693538,1/119,0.9407590543617657,0.3523028271745847,0.021514508294913262,ARTN,1.0
Reactome_2022,Cell-Cell Communication R-HSA-1500931,1/120,0.9421535899766087,0.34932430486574556,0.020815177227871465,FBLIM1,1.0
Reactome_2022,HCMV Infection R-HSA-9609646,1/121,0.9435153666310829,0.3463954245953871,0.020140340129134057,RBBP4,1.0
Reactome_2022,SARS-CoV-2 Activates/Modulates Innate And Adaptive Immune Responses R-HSA-9705671,1/121,0.9435153666310829,0.3463954245953871,0.020140340129134057,ISG15,1.0
Reactome_2022,Peptide Ligand-Binding Receptors R-HSA-375276,2/196,0.9458427943806675,0.42781291967217094,0.023820154074194227,CORT;ECE1,1.0
Reactome_2022,SARS-CoV-2-host Interactions R-HSA-9705683,2/196,0.9458427943806675,0.42781291967217094,0.023820154074194227,ISG15;RPS8,1.0
Reactome_2022,Regulation Of IGF Transport And Uptake By IGFBPs R-HSA-381426,1/123,0.9461436968139845,0.3406817073466549,0.018860419388123235,VWA1,1.0
Reactome_2022,Platelet Degranulation R-HSA-114608,1/125,0.9486499752874082,0.3351523035575593,0.01766768228743845,CAP1,1.0
Reactome_2022,Glycerophospholipid Biosynthesis R-HSA-1483206,1/127,0.9510398581914753,0.32979843639668893,0.016555652442891724,MFSD2A,1.0
Reactome_2022,Fc Epsilon Receptor (FCERI) Signaling R-HSA-2454202,1/130,0.954418172908664,0.32207890700194564,0.015026065513459155,PSMB2,1.0
Reactome_2022,Response To Elevated Platelet Cytosolic Ca2+ R-HSA-76005,1/130,0.954418172908664,0.32207890700194564,0.015026065513459155,CAP1,1.0
Reactome_2022,ADORA2B Mediated Anti-Inflammatory Cytokine Production R-HSA-9660821,1/131,0.9554917660178107,0.3195849051974901,0.014550423588991597,GNB1,1.0
Reactome_2022,Phospholipid Metabolism R-HSA-1483257,2/208,0.9572797595122329,0.4026417683086583,0.017579178773259475,CLSTN1;MFSD2A,1.0
Reactome_2022,Organelle Biogenesis And Maintenance R-HSA-1852241,3/275,0.9575625766848141,0.4568311099574588,0.019810118278460492,DNAJC11;MICOS10;NPHP4,1.0
Reactome_2022,Cell Surface Interactions At Vascular Wall R-HSA-202733,1/134,0.9585634968182056,0.3123279225033225,0.013217552978028733,SDC3,1.0
Reactome_2022,G Alpha (Q) Signaling Events R-HSA-416476,2/212,0.9605498876539617,0.3948906518570369,0.015894095560135744,GNB1;RPS6KA1,1.0
Reactome_2022,Toll Like Receptor 4 (TLR4) Cascade R-HSA-166016,1/140,0.9640867814421713,0.2987537102696277,0.01092660809568026,RPS6KA1,1.0
Reactome_2022,C-type Lectin Receptors (CLRs) R-HSA-5621481,1/141,0.9649330748099992,0.29660445999929275,0.010587750768743276,PSMB2,1.0
Reactome_2022,Cell Cycle R-HSA-1640170,9/654,0.9714337746190456,0.5741601945134072,0.016640414486378468,ARTN;CDK11A;CDK11B;HDAC1;NUDC;PSMB2;RBBP4;RCC1;RCC2,1.0
Reactome_2022,Interleukin-1 Family Signaling R-HSA-446652,1/152,0.9730263459402568,0.2748415218314634,0.007515299593221309,PSMB2,1.0
Reactome_2022,G Alpha (S) Signaling Events R-HSA-418555,1/153,0.9736623631762483,0.273019266243248,0.0072870712759688875,GNB1,1.0
Reactome_2022,Sensory Perception R-HSA-9709957,8/616,0.9776459243355763,0.5413043363446426,0.012237654194924131,AGRN;CAPZB;DHRS3;ESPN;GNB1;HSPG2;SCNN1D;SDC3,1.0
Reactome_2022,Toll-like Receptor Cascades R-HSA-168898,1/162,0.9787535579877312,0.25763761814147973,0.005532869989306692,RPS6KA1,1.0
Reactome_2022,M Phase R-HSA-68886,4/380,0.9790666691547697,0.43919661585553876,0.009291441368828207,NUDC;PSMB2;RCC1;RCC2,1.0
Reactome_2022,Transmission Across Chemical Synapses R-HSA-112315,2/246,0.980153411337596,0.33926686125544275,0.006801003682510644,GNB1;RPS6KA1,1.0
Reactome_2022,Signaling By GPCR R-HSA-372790,9/689,0.9820071449311374,0.5435986043621989,0.009869953929654536,ARHGEF10L;ARHGEF16;CDC42;CORT;ECE1;GNB1;PLEKHG5;PTCH2;RPS6KA1,1.0
Reactome_2022,Cilium Assembly R-HSA-5617833,1/186,0.9880242769383378,0.22393656572391174,0.0026979899241357645,NPHP4,1.0
Reactome_2022,GPCR Downstream Signaling R-HSA-388396,7/619,0.9909038725116595,0.4694256489767734,0.004289494153418338,ARHGEF10L;ARHGEF16;CDC42;CORT;GNB1;PLEKHG5;RPS6KA1,1.0
Reactome_2022,Keratinization R-HSA-6805567,1/208,0.9929238388309997,0.19990896353731233,0.0014196167080765118,KAZN,1.0
Reactome_2022,GPCR Ligand Binding R-HSA-500792,4/458,0.9947010994975929,0.36225884093187405,0.0019246774067055166,CORT;ECE1;GNB1;PTCH2,1.0
Reactome_2022,G Alpha (I) Signaling Events R-HSA-418594,2/312,0.9949830858127641,0.2661221043542951,0.0013384720750892695,CORT;GNB1,1.0
Reactome_2022,Class A/1 (Rhodopsin-like Receptors) R-HSA-373076,2/327,0.9963522270503042,0.25364146051941405,0.0009269180816519532,CORT;ECE1,1.0
Reactome_2022,Olfactory Signaling Pathway R-HSA-381753,1/401,0.9999317497538301,0.10241969807452467,6.9904081573784855e-06,GNB1,1.0
