cell_type,rank,gene_symbol,log2FC,p_val_adj
Age-associated B cells,1,MIR155HG,4.326241493225098,0.06336008053600199
Age-associated B cells,2,RPS17,1.9078840017318726,1.0
Age-associated B cells,3,HSP90AB1,1.426239252090454,1.0
Age-associated B cells,4,PABPC1,1.3183445930480957,1.0
Age-associated B cells,5,NME2,2.0320839881896973,1.0
Age-associated B cells,6,WARS,3.2315475940704346,1.0
Age-associated B cells,7,HLA-DPA1,2.3844168186187744,1.0
Age-associated B cells,8,HLA-DRA,7.692772388458252,1.0
Age-associated B cells,9,PPIA,1.0720863342285156,1.0
Age-associated B cells,10,SNHG15,2.636167287826538,1.0
Age-associated B cells,11,FTL,1.7681124210357666,1.0
Age-associated B cells,12,UQCRQ,1.7475157976150513,1.0
Age-associated B cells,13,HNRNPAB,1.8935178518295288,1.0
Age-associated B cells,14,RPL23,0.9108597040176392,1.0
Age-associated B cells,15,RPLP0,0.9080608487129211,1.0
Age-associated B cells,16,RPL4,1.1038248538970947,1.0
Age-associated B cells,17,GSPT1,2.013023853302002,1.0
Age-associated B cells,18,REL,2.0271668434143066,1.0
Age-associated B cells,19,PSMA2,1.775701880455017,1.0
Age-associated B cells,20,ZFP36L1,1.3492251634597778,1.0
Age-associated B cells,21,MEF2C,6.35835599899292,1.0
Age-associated B cells,22,TDG,2.5176804065704346,1.0
Age-associated B cells,23,DBI,1.258022665977478,1.0
Age-associated B cells,24,POLR2L,1.3810558319091797,1.0
Age-associated B cells,25,HINT1,0.9312523603439331,1.0
Age-associated B cells,26,RPL22L1,1.801241159439087,1.0
Age-associated B cells,27,RBM8A,1.4172468185424805,1.0
Age-associated B cells,28,CCDC50,2.882131814956665,1.0
Age-associated B cells,29,ITPA,2.323448419570923,1.0
Age-associated B cells,30,CD74,1.7111698389053345,1.0
Age-associated B cells,31,SRSF10,1.55276620388031,1.0
Age-associated B cells,32,LSM7,1.3720017671585083,1.0
Age-associated B cells,33,XRCC5,1.293365716934204,1.0
Age-associated B cells,34,RTF2,1.8278249502182007,1.0
Age-associated B cells,35,PPP6C,2.590163469314575,1.0
Age-associated B cells,36,FOXP1,1.471864938735962,1.0
Age-associated B cells,37,CCT3,1.6269294023513794,1.0
Age-associated B cells,38,ENO1,1.0502541065216064,1.0
Age-associated B cells,39,ZEB2,2.1399800777435303,1.0
Age-associated B cells,40,LARP1,1.807913064956665,1.0
Age-associated B cells,41,SERPINB1,1.5315132141113281,1.0
Age-associated B cells,42,EIF4A1,1.2577834129333496,1.0
Age-associated B cells,43,TUBA1B,1.267156720161438,1.0
Age-associated B cells,44,ARPC5L,1.3949229717254639,1.0
Age-associated B cells,45,DEK,1.0485420227050781,1.0
Age-associated B cells,46,MARCKS,8.332083702087402,1.0
Age-associated B cells,47,MRPL4,2.3658130168914795,1.0
Age-associated B cells,48,C19orf53,1.2002464532852173,1.0
Age-associated B cells,49,HLA-DRB5,6.392598628997803,1.0
Age-associated B cells,50,METAP2,1.7071775197982788,1.0
Alveolar macrophages,1,MALAT1,0.3045901954174042,0.020891743751912408
Alveolar macrophages,2,MT-CO2,0.19983232021331787,0.14907930105944536
Alveolar macrophages,3,CD44,0.8118751645088196,0.1854542472970316
Alveolar macrophages,4,MT-ND3,0.1839023381471634,0.346999140380601
Alveolar macrophages,5,MT-ATP6,0.1711779236793518,0.346999140380601
Alveolar macrophages,6,FTH1,0.28423935174942017,0.7484080254384401
Alveolar macrophages,7,RPS6,0.02857169508934021,1.0
Alveolar macrophages,8,MT-CO3,0.15605610609054565,1.0
Alveolar macrophages,9,TPT1,-0.018014291301369667,1.0
Alveolar macrophages,10,B2M,-0.019247040152549744,1.0
Alveolar macrophages,11,MT-CO1,0.07626541703939438,1.0
Alveolar macrophages,12,RPS20,0.17355898022651672,1.0
Alveolar macrophages,13,RPL38,0.10809696465730667,1.0
Alveolar macrophages,14,MYL6,0.16997821629047394,1.0
Alveolar macrophages,15,RPLP1,-0.03948922082781792,1.0
Alveolar macrophages,16,CRIP1,0.4572886526584625,1.0
Alveolar macrophages,17,FNBP1,0.8014892339706421,1.0
Alveolar macrophages,18,MT-CYB,0.02197457291185856,1.0
Alveolar macrophages,19,DDX5,0.12278631329536438,1.0
Alveolar macrophages,20,RPL13,-0.1360335797071457,1.0
Alveolar macrophages,21,RPS29,-0.050632819533348083,1.0
Alveolar macrophages,22,S100A6,0.1797742247581482,1.0
Alveolar macrophages,23,EZR,0.6672021150588989,1.0
Alveolar macrophages,24,ANKRD12,0.4882616400718689,1.0
Alveolar macrophages,25,RPS18,-0.10970896482467651,1.0
Alveolar macrophages,26,TMSB4X,-0.06163520738482475,1.0
Alveolar macrophages,27,RPS15,-0.021169912070035934,1.0
Alveolar macrophages,28,LRRFIP1,0.47286707162857056,1.0
Alveolar macrophages,29,RPL28,-0.05917849391698837,1.0
Alveolar macrophages,30,RPL13A,-0.05481394752860069,1.0
Alveolar macrophages,31,TXNIP,0.12987534701824188,1.0
Alveolar macrophages,32,WNK1,0.8458232879638672,1.0
Alveolar macrophages,33,RPS27,-0.11373268812894821,1.0
Alveolar macrophages,34,MT-ND4,-0.020003313198685646,1.0
Alveolar macrophages,35,HNRNPH1,0.4810839891433716,1.0
Alveolar macrophages,36,RESF1,0.867211639881134,1.0
Alveolar macrophages,37,CASC3,1.7032148838043213,1.0
Alveolar macrophages,38,CALM1,0.009973178617656231,1.0
Alveolar macrophages,39,RPS5,-0.03291461989283562,1.0
Alveolar macrophages,40,FAM133B,0.9035133123397827,1.0
Alveolar macrophages,41,MT-ND2,-0.03796523064374924,1.0
Alveolar macrophages,42,S100A4,0.1026616021990776,1.0
Alveolar macrophages,43,RPL34,-0.18809914588928223,1.0
Alveolar macrophages,44,NEAT1,0.10648984462022781,1.0
Alveolar macrophages,45,ACTB,-0.10564443469047546,1.0
Alveolar macrophages,46,RPL32,-0.158101886510849,1.0
Alveolar macrophages,47,CMTM6,0.7534242868423462,1.0
Alveolar macrophages,48,MT-ND5,-0.04518492519855499,1.0
Alveolar macrophages,49,CAST,0.42251938581466675,1.0
Alveolar macrophages,50,RPS26,0.06973453611135483,1.0
B cells,1,RPS26,1.8579155206680298,0.2985914339487273
B cells,2,RPS8,0.8074028491973877,0.8657380834678874
B cells,3,RPL35,0.8820422887802124,1.0
B cells,4,RPL34,0.7077131271362305,1.0
B cells,5,RPS28,0.756596028804779,1.0
B cells,6,RPS18,0.6198343634605408,1.0
B cells,7,RPL12,0.8551574945449829,1.0
B cells,8,ATP5F1E,0.9590744376182556,1.0
B cells,9,B2M,0.4010770916938782,1.0
B cells,10,RPS29,0.663804829120636,1.0
B cells,11,RPS19,0.6577160358428955,1.0
B cells,12,RPS27,0.5518243908882141,1.0
B cells,13,TMSB4X,0.37901079654693604,1.0
B cells,14,RPL18,0.5965471267700195,1.0
B cells,15,RPL3,1.0011588335037231,1.0
B cells,16,RPS12,0.5369198322296143,1.0
B cells,17,RPL6,0.5027681589126587,1.0
B cells,18,RPS6,0.49226710200309753,1.0
B cells,19,UBA52,0.5018970966339111,1.0
B cells,20,RPL39,0.3107047975063324,1.0
B cells,21,RPL13,0.45521655678749084,1.0
B cells,22,RPS9,0.5192331671714783,1.0
B cells,23,MALAT1,0.44569382071495056,1.0
B cells,24,RPL35A,0.5240033268928528,1.0
B cells,25,RPL15,0.3727053701877594,1.0
B cells,26,RPL37A,0.5471805930137634,1.0
B cells,27,RPS27A,0.5238093733787537,1.0
B cells,28,MIF,1.8126256465911865,1.0
B cells,29,TPT1,0.36405062675476074,1.0
B cells,30,RPS4X,0.3223187327384949,1.0
B cells,31,RPL36,0.5509995222091675,1.0
B cells,32,EIF1,0.2101391851902008,1.0
B cells,33,MT-ND4,0.5358087420463562,1.0
B cells,34,RPL26,0.3044082224369049,1.0
B cells,35,MT-CO2,0.36203733086586,1.0
B cells,36,RPL10A,0.4590165913105011,1.0
B cells,37,RPS13,0.330460786819458,1.0
B cells,38,MT-CO3,0.547570526599884,1.0
B cells,39,RPLP1,0.06563419848680496,1.0
B cells,40,MYL6,0.5693758130073547,1.0
B cells,41,LINC01871,2.369741678237915,1.0
B cells,42,PTMA,-0.04688536748290062,1.0
B cells,43,RPS15A,0.1780635416507721,1.0
B cells,44,HLA-C,0.28047797083854675,1.0
B cells,45,RPL18A,0.3266042172908783,1.0
B cells,46,RPS3A,0.37789684534072876,1.0
B cells,47,RPS7,0.12654496729373932,1.0
B cells,48,RPS14,0.25265389680862427,1.0
B cells,49,RPL29,0.4983040392398834,1.0
B cells,50,RPL37,0.048529595136642456,1.0
CD8a a,1,TRGC2,2.802513599395752,3.0637981889182274e-38
CD8a a,2,ZNF683,2.8188583850860596,2.1774290662935295e-33
CD8a a,3,CD7,2.1169774532318115,1.758596234406749e-29
CD8a a,4,NUCB2,2.7506206035614014,2.865578168669322e-25
CD8a a,5,CTSW,2.1196043491363525,9.283231633900568e-21
CD8a a,6,TCF7,2.5022213459014893,1.8746164548190803e-19
CD8a a,7,LEF1,2.920764684677124,4.8916121951472697e-14
CD8a a,8,IKZF2,2.5670299530029297,3.447061381055691e-12
CD8a a,9,TRDC,2.3605427742004395,3.447061381055691e-12
CD8a a,10,CD27,2.0459086894989014,3.447061381055691e-12
CD8a a,11,RTKN2,3.5019264221191406,5.809985923371022e-12
CD8a a,12,PPP2R5C,1.3491909503936768,2.2782420737654818e-10
CD8a a,13,IFITM2,1.3180898427963257,7.45478564672433e-10
CD8a a,14,GYPC,1.4135187864303589,7.45478564672433e-10
CD8a a,15,TRG-AS1,1.802950382232666,7.45478564672433e-10
CD8a a,16,PRKCH,1.6691126823425293,8.98786312193944e-10
CD8a a,17,HCST,1.2036057710647583,6.953673274415119e-09
CD8a a,18,SPINT2,2.975187301635742,6.953673274415119e-09
CD8a a,19,XCL1,2.049050807952881,1.247081818665395e-08
CD8a a,20,PABPC1,1.0757811069488525,5.735587793853894e-08
CD8a a,21,KLF2,1.6340757608413696,1.0067356302650524e-07
CD8a a,22,MAL,2.8817331790924072,1.452429282833078e-07
CD8a a,23,RAC2,1.0669562816619873,2.3739775124141108e-07
CD8a a,24,DDIT4,1.6225870847702026,2.48668632241448e-07
CD8a a,25,NCR3,2.379415273666382,4.957561687266244e-06
CD8a a,26,JUNB,0.9642614126205444,2.0829279711769297e-05
CD8a a,27,MBP,1.1313709020614624,2.469126605608007e-05
CD8a a,28,STK17A,1.008283019065857,2.9309898732360126e-05
CD8a a,29,ID3,2.7657761573791504,5.743396562725978e-05
CD8a a,30,LIMD2,1.0311399698257446,6.0688235034972413e-05
CD8a a,31,ZFP36L2,0.879452109336853,6.869626765992327e-05
CD8a a,32,PITPNC1,1.6116973161697388,8.646718549209396e-05
CD8a a,33,IER2,1.0019341707229614,0.0001037359686251075
CD8a a,34,MATK,1.3398582935333252,0.0001539451166683204
CD8a a,35,CXCR3,1.3867524862289429,0.000178345064620904
CD8a a,36,DUSP2,1.5691401958465576,0.00024907371936169753
CD8a a,37,LTB,1.0420329570770264,0.00028449538117667644
CD8a a,38,CXXC5,2.5490493774414062,0.0002895214875316763
CD8a a,39,SEMA4D,1.2986980676651,0.00031653585315976186
CD8a a,40,REL,1.317124843597412,0.00041441708997757247
CD8a a,41,RUNX3,1.0610750913619995,0.0006942249948737179
CD8a a,42,RPS4Y1,0.9600388407707214,0.0008876065227762078
CD8a a,43,PGK1,0.9478424191474915,0.0009773748916368694
CD8a a,44,NLRC5,1.4938843250274658,0.0010436570603483226
CD8a a,45,SLC25A5,0.9952565431594849,0.0012373062867004061
CD8a a,46,ITM2C,1.3582227230072021,0.0012373062867004061
CD8a a,47,SOX4,3.0511317253112793,0.002224604264312861
CD8a a,48,ZFP36,0.9608190655708313,0.0024129756936002137
CD8a a,49,TLE4,1.2483214139938354,0.002625456434386165
CD8a a,50,RAB37,2.1072745323181152,0.003480495283105467
CD8a b(entry),1,PAG1,2.9670326709747314,1.0
CD8a b(entry),2,CHD2,3.0695996284484863,1.0
CD8a b(entry),3,ZFP36,2.4909770488739014,1.0
CD8a b(entry),4,MT-ND4,0.8244091868400574,1.0
CD8a b(entry),5,MT-ND2,0.8920341730117798,1.0
CD8a b(entry),6,TRAC,1.608955979347229,1.0
CD8a b(entry),7,SUN2,2.37310528755188,1.0
CD8a b(entry),8,PTGES3,1.8808538913726807,1.0
CD8a b(entry),9,RPS4Y1,2.0596439838409424,1.0
CD8a b(entry),10,VCP,2.798893451690674,1.0
CD8a b(entry),11,MBNL1,1.699310064315796,1.0
CD8a b(entry),12,GPRIN3,2.4800829887390137,1.0
CD8a b(entry),13,HERPUD1,2.465156078338623,1.0
CD8a b(entry),14,IDI1,2.461872100830078,1.0
CD8a b(entry),15,CD96,2.009052038192749,1.0
CD8a b(entry),16,H3F3A,1.0462993383407593,1.0
CD8a b(entry),17,PFDN2,2.140448808670044,1.0
CD8a b(entry),18,CORO1A,1.309821367263794,1.0
CD8a b(entry),19,MT-CO1,0.3507101237773895,1.0
CD8a b(entry),20,COX4I1,1.1285719871520996,1.0
CD8a b(entry),21,EXOSC6,2.7173163890838623,1.0
CD8a b(entry),22,ATM,2.0449130535125732,1.0
CD8a b(entry),23,SLC38A2,1.9361060857772827,1.0
CD8a b(entry),24,MT-ATP6,0.3627314865589142,1.0
CD8a b(entry),25,SARAF,1.1289550065994263,1.0
CD8a b(entry),26,PPP1R10,2.4990901947021484,1.0
CD8a b(entry),27,ANAPC5,2.368140935897827,1.0
CD8a b(entry),28,FBXO33,3.747140645980835,1.0
CD8a b(entry),29,WIPF1,1.610497236251831,1.0
CD8a b(entry),30,GNPTAB,2.0659942626953125,1.0
CD8a b(entry),31,ATP13A3,3.130369186401367,1.0
CD8a b(entry),32,RBM25,1.4852155447006226,1.0
CD8a b(entry),33,RPL35A,0.6128684878349304,1.0
CD8a b(entry),34,FYN,1.5921218395233154,1.0
CD8a b(entry),35,MT-CO2,0.31994935870170593,1.0
CD8a b(entry),36,GCC2,1.5229636430740356,1.0
CD8a b(entry),37,MYADM,1.8129726648330688,1.0
CD8a b(entry),38,HNRNPH1,1.2024263143539429,1.0
CD8a b(entry),39,TTC17,2.7875282764434814,1.0
CD8a b(entry),40,SRSF2,1.4464303255081177,1.0
CD8a b(entry),41,AMD1,1.8417984247207642,1.0
CD8a b(entry),42,PCBP2,1.3079286813735962,1.0
CD8a b(entry),43,TSPO,1.4142286777496338,1.0
CD8a b(entry),44,LRBA,2.6013150215148926,1.0
CD8a b(entry),45,RPS2,0.5154340267181396,1.0
CD8a b(entry),46,RPS4X,0.6413652300834656,1.0
CD8a b(entry),47,KMT2A,1.3456146717071533,1.0
CD8a b(entry),48,TMEM59,1.3169249296188354,1.0
CD8a b(entry),49,ZRANB2,1.738193154335022,1.0
CD8a b(entry),50,LPIN2,1.6562434434890747,1.0
CD16+ NK cells,1,GNLY,3.8090829849243164,1.2100452313263597e-14
CD16+ NK cells,2,GZMB,3.5233190059661865,8.09701351585127e-10
CD16+ NK cells,3,NKG7,2.165355920791626,5.564366223774976e-08
CD16+ NK cells,4,TRDC,3.0641372203826904,1.3832013977678743e-07
CD16+ NK cells,5,PRF1,2.7670342922210693,7.337287153926982e-07
CD16+ NK cells,6,KLRD1,2.2199811935424805,2.5392376582127656e-06
CD16+ NK cells,7,KLRF1,5.965373516082764,3.7139542855851245e-05
CD16+ NK cells,8,EFHD2,2.1063239574432373,0.0003177189720820722
CD16+ NK cells,9,CTSW,1.9767919778823853,0.00038516744290134365
CD16+ NK cells,10,CST7,1.7217293977737427,0.0004521684641582986
CD16+ NK cells,11,CD247,1.6387590169906616,0.001048662269796834
CD16+ NK cells,12,NEAT1,1.0844818353652954,0.06688906493761682
CD16+ NK cells,13,FCER1G,4.22160530090332,0.06688906493761682
CD16+ NK cells,14,ITGB2,1.3846874237060547,0.06688906493761682
CD16+ NK cells,15,JAK1,1.1352297067642212,0.1871535154629651
CD16+ NK cells,16,HOPX,1.49431312084198,0.1871535154629651
CD16+ NK cells,17,FGFBP2,6.819525718688965,0.1871535154629651
CD16+ NK cells,18,TLE4,1.7530144453048706,0.1871535154629651
CD16+ NK cells,19,PLAC8,2.547356367111206,0.19267575730560615
CD16+ NK cells,20,TYROBP,5.1001877784729,0.2229266534621727
CD16+ NK cells,21,ZEB2,2.0031869411468506,0.2229266534621727
CD16+ NK cells,22,KLF2,1.6329655647277832,0.2229266534621727
CD16+ NK cells,23,PTGDR,2.7373530864715576,0.2720017818670786
CD16+ NK cells,24,MCTP2,3.4870405197143555,0.3096638295099163
CD16+ NK cells,25,SAMD3,1.8691266775131226,0.32863329347552783
CD16+ NK cells,26,GZMA,1.2726880311965942,0.34428132594539984
CD16+ NK cells,27,CMC1,2.0676562786102295,0.39551979639489815
CD16+ NK cells,28,GNPTAB,1.5871914625167847,0.4778761909466766
CD16+ NK cells,29,GLIPR2,1.4383577108383179,0.4778761909466766
CD16+ NK cells,30,IFITM2,0.9927937984466553,0.5404299765386049
CD16+ NK cells,31,CD63,1.0428190231323242,0.5960982173298418
CD16+ NK cells,32,CD7,1.1418325901031494,0.5960982173298418
CD16+ NK cells,33,SEC11A,1.1875709295272827,0.6069133217331053
CD16+ NK cells,34,SUN2,1.251247525215149,0.6069133217331053
CD16+ NK cells,35,LIMD2,1.1119827032089233,0.6281866385087099
CD16+ NK cells,36,PLEK,3.642245054244995,0.6281866385087099
CD16+ NK cells,37,HAVCR2,3.0860652923583984,0.6497497640779731
CD16+ NK cells,38,MATK,1.492756724357605,0.7361157414281703
CD16+ NK cells,39,SYNE1,1.5287836790084839,0.7886753764789312
CD16+ NK cells,40,UPP1,1.5523496866226196,0.8195394150563031
CD16+ NK cells,41,CAST,1.0189684629440308,0.8229582379607794
CD16+ NK cells,42,PDIA3,1.13759446144104,0.9826269838043714
CD16+ NK cells,43,KLRB1,1.2080720663070679,1.0
CD16+ NK cells,44,PRPF38B,1.07500159740448,1.0
CD16+ NK cells,45,ATM,1.1783881187438965,1.0
CD16+ NK cells,46,IL2RB,1.197547197341919,1.0
CD16+ NK cells,47,GK5,3.283951759338379,1.0
CD16+ NK cells,48,SLC20A1,1.8657349348068237,1.0
CD16+ NK cells,49,CEBPD,2.1826884746551514,1.0
CD16+ NK cells,50,CXXC5,2.5974063873291016,1.0
CD16- NK cells,1,NKG7,2.40370774269104,1.0123295946983272e-44
CD16- NK cells,2,TRDC,3.1888840198516846,2.191159247924906e-35
CD16- NK cells,3,KLRC1,3.085876703262329,2.2663415218334323e-33
CD16- NK cells,4,KLRD1,2.2955849170684814,3.7680998140806646e-31
CD16- NK cells,5,IL2RB,2.2366859912872314,2.3504368294348951e-26
CD16- NK cells,6,XCL2,2.727241277694702,1.897329661722789e-25
CD16- NK cells,7,CCL3,3.5254809856414795,9.787098715292635e-23
CD16- NK cells,8,XCL1,2.682659864425659,6.233464868199997e-20
CD16- NK cells,9,FOS,1.3147921562194824,2.1518863659168008e-17
CD16- NK cells,10,KLRB1,1.789688229560852,2.5987092618365942e-17
CD16- NK cells,11,CCL4,1.8602832555770874,1.3804274510853066e-16
CD16- NK cells,12,CMC1,2.4765944480895996,4.111457193485846e-13
CD16- NK cells,13,CLIC3,2.8892135620117188,1.0442356146413764e-12
CD16- NK cells,14,CD7,1.3680323362350464,1.0638501541143736e-12
CD16- NK cells,15,GZMK,2.179661273956299,2.426772701743842e-12
CD16- NK cells,16,IFITM2,1.2174104452133179,2.6994069027281337e-12
CD16- NK cells,17,CTSW,1.6168200969696045,3.078002148175834e-12
CD16- NK cells,18,KLRF1,5.739840984344482,5.097079927617196e-12
CD16- NK cells,19,CEBPD,2.963491916656494,1.4036532074228004e-11
CD16- NK cells,20,MATK,1.8309375047683716,4.8437344925770035e-11
CD16- NK cells,21,CST7,1.3538081645965576,8.85744990294902e-11
CD16- NK cells,22,APOBEC3G,1.3386015892028809,2.642471410691453e-10
CD16- NK cells,23,GNLY,1.9143452644348145,5.293845775823719e-10
CD16- NK cells,24,CD247,1.2910404205322266,7.89315705896195e-10
CD16- NK cells,25,SRGN,0.9336665272712708,8.837715877099366e-10
CD16- NK cells,26,CD63,1.0807139873504639,6.1518273242158165e-09
CD16- NK cells,27,TXK,2.972027540206909,6.536642158161344e-09
CD16- NK cells,28,GZMA,1.1940982341766357,2.1719541655322344e-08
CD16- NK cells,29,FCER1G,3.971555471420288,1.0518792037541978e-06
CD16- NK cells,30,FOSB,1.0492841005325317,8.12366696778838e-06
CD16- NK cells,31,GSTP1,1.0532841682434082,6.897414767903069e-05
CD16- NK cells,32,PRF1,1.443939447402954,9.027421994518112e-05
CD16- NK cells,33,AC044849.1,1.3132104873657227,0.00015466421614949278
CD16- NK cells,34,TNFRSF18,1.4213725328445435,0.0001984325575997621
CD16- NK cells,35,DUSP1,0.8096191883087158,0.0002191179925144239
CD16- NK cells,36,ITM2C,1.4802958965301514,0.000226240652320573
CD16- NK cells,37,HOPX,1.127393126487732,0.000226240652320573
CD16- NK cells,38,CLDND1,1.4368271827697754,0.000226240652320573
CD16- NK cells,39,METRNL,1.8067104816436768,0.0006031190250646324
CD16- NK cells,40,CCL5,0.7409498691558838,0.0011234099760685189
CD16- NK cells,41,LAT2,2.3806097507476807,0.0019308841992526859
CD16- NK cells,42,SAMD3,1.481744647026062,0.002008363480401485
CD16- NK cells,43,ZBTB16,3.4669415950775146,0.003050794695477282
CD16- NK cells,44,PIK3R1,1.0885876417160034,0.007264259041347304
CD16- NK cells,45,SH2D1B,4.834425926208496,0.008142774841992393
CD16- NK cells,46,NFKBIA,0.8711070418357849,0.011910876632994371
CD16- NK cells,47,HCST,0.5430076718330383,0.017927305937059962
CD16- NK cells,48,CLEC2B,0.7901992797851562,0.02055746270787831
CD16- NK cells,49,APMAP,1.3655743598937988,0.027149758987165176
CD16- NK cells,50,BST2,0.8260905742645264,0.028601770023917013
CRTAM+ gamma-delta T cells,1,ZNF683,2.6122219562530518,1.191922221636374e-78
CRTAM+ gamma-delta T cells,2,KLRC2,2.9212703704833984,1.1743770179187705e-69
CRTAM+ gamma-delta T cells,3,CD7,1.8333485126495361,3.627869370148292e-63
CRTAM+ gamma-delta T cells,4,TRGC2,2.213170289993286,1.0262342204512465e-62
CRTAM+ gamma-delta T cells,5,KLRD1,2.0402960777282715,1.9334331493192453e-58
CRTAM+ gamma-delta T cells,6,CTSW,2.055880069732666,5.26823672080342e-58
CRTAM+ gamma-delta T cells,7,LINC02446,2.169797420501709,7.406430042722533e-38
CRTAM+ gamma-delta T cells,8,HOPX,1.685233235359192,9.47804110905602e-34
CRTAM+ gamma-delta T cells,9,CD63,1.2388498783111572,2.1046138930484605e-30
CRTAM+ gamma-delta T cells,10,IKZF2,2.4027225971221924,1.4961566188119735e-28
CRTAM+ gamma-delta T cells,11,TRDC,2.1615817546844482,1.7991405915619715e-28
CRTAM+ gamma-delta T cells,12,XCL1,2.1643621921539307,7.373482061051624e-28
CRTAM+ gamma-delta T cells,13,HCST,1.085630178451538,4.892398880483042e-26
CRTAM+ gamma-delta T cells,14,XCL2,1.8728514909744263,1.0242377707792686e-24
CRTAM+ gamma-delta T cells,15,KLRC3,2.8903021812438965,1.7181829159878892e-20
CRTAM+ gamma-delta T cells,16,TRG-AS1,1.4758964776992798,2.5650274724536985e-18
CRTAM+ gamma-delta T cells,17,MATK,1.439361810684204,2.435708870394992e-16
CRTAM+ gamma-delta T cells,18,NKG7,1.1081827878952026,3.806290106052762e-15
CRTAM+ gamma-delta T cells,19,CCL5,1.0994797945022583,1.1316073896619574e-14
CRTAM+ gamma-delta T cells,20,GNLY,1.4302291870117188,4.779672041155491e-13
CRTAM+ gamma-delta T cells,21,RUNX3,1.0295058488845825,5.960595463331173e-12
CRTAM+ gamma-delta T cells,22,ZFP36,0.9593787789344788,3.423995034598031e-11
CRTAM+ gamma-delta T cells,23,IFITM2,0.8138635158538818,3.423995034598031e-11
CRTAM+ gamma-delta T cells,24,JUNB,0.7744135856628418,8.12496370874518e-10
CRTAM+ gamma-delta T cells,25,IER2,0.8021216988563538,2.3646376926183894e-09
CRTAM+ gamma-delta T cells,26,ARHGAP9,1.1105690002441406,1.9429281068360113e-08
CRTAM+ gamma-delta T cells,27,SPRY2,3.0855491161346436,5.7122842009153816e-08
CRTAM+ gamma-delta T cells,28,EVL,0.6648633480072021,6.076698768437784e-08
CRTAM+ gamma-delta T cells,29,KLRC4,2.0049619674682617,8.091640498650055e-08
CRTAM+ gamma-delta T cells,30,ID2,0.7494440674781799,8.388993780238261e-08
CRTAM+ gamma-delta T cells,31,MBP,0.804478645324707,9.685883101611353e-08
CRTAM+ gamma-delta T cells,32,DUSP2,1.2634299993515015,1.2132602931378604e-07
CRTAM+ gamma-delta T cells,33,GSTP1,0.8065899610519409,1.310765824557435e-07
CRTAM+ gamma-delta T cells,34,PABPC1,0.6209839582443237,2.0924327368982549e-07
CRTAM+ gamma-delta T cells,35,RPS4Y1,0.7291011810302734,2.1117854352709322e-07
CRTAM+ gamma-delta T cells,36,NUCB2,1.1454424858093262,2.2793176006389202e-07
CRTAM+ gamma-delta T cells,37,TCF7,1.166837215423584,2.782845159876713e-07
CRTAM+ gamma-delta T cells,38,TRGC1,1.6066921949386597,3.586422073970831e-07
CRTAM+ gamma-delta T cells,39,IL2RB,0.8350915312767029,9.021822416471174e-07
CRTAM+ gamma-delta T cells,40,PIK3R1,0.9375783205032349,9.021822416471174e-07
CRTAM+ gamma-delta T cells,41,FOSB,0.7303658723831177,1.2268023110654967e-06
CRTAM+ gamma-delta T cells,42,TSPO,0.7123170495033264,1.7985784626635421e-06
CRTAM+ gamma-delta T cells,43,PDCD4,0.7353284955024719,2.122201696173237e-06
CRTAM+ gamma-delta T cells,44,KLRK1,1.0625334978103638,3.127318457797051e-06
CRTAM+ gamma-delta T cells,45,METRNL,1.406652808189392,4.844770934568246e-06
CRTAM+ gamma-delta T cells,46,LCK,0.6457219123840332,9.192382930422842e-06
CRTAM+ gamma-delta T cells,47,CRTAM,2.082047462463379,9.319278916754235e-06
CRTAM+ gamma-delta T cells,48,LYAR,0.980967104434967,1.0021189798700407e-05
CRTAM+ gamma-delta T cells,49,STOM,0.8921830654144287,1.3985013143621156e-05
CRTAM+ gamma-delta T cells,50,FOS,0.6383835673332214,2.6780465557053816e-05
Classical monocytes,1,MALAT1,0.3882533013820648,1.4881683082783778e-08
Classical monocytes,2,MT-CO1,0.3655227720737457,6.859994152511573e-07
Classical monocytes,3,PTMA,0.29079383611679077,2.9264491807854292e-06
Classical monocytes,4,B2M,0.1764581948518753,4.591819717202739e-06
Classical monocytes,5,MT-CO2,0.18043635785579681,3.09082661690145e-05
Classical monocytes,6,RPL30,0.2359524518251419,3.957635491359649e-05
Classical monocytes,7,RPS8,0.25284144282341003,6.591255386074723e-05
Classical monocytes,8,MT-ATP6,0.16651897132396698,9.69713572940021e-05
Classical monocytes,9,RPS27A,0.1913989931344986,0.00011937907995331609
Classical monocytes,10,RPL13,0.17113828659057617,0.00014229148185877804
Classical monocytes,11,RPS21,0.3143656253814697,0.00016766483347052658
Classical monocytes,12,RPL6,0.2908859848976135,0.00016766483347052658
Classical monocytes,13,MT-CO3,0.1257706731557846,0.0007042956204876172
Classical monocytes,14,RPL34,0.06544317305088043,0.000972773080307612
Classical monocytes,15,RPL41,0.0536029152572155,0.0010456490980131504
Classical monocytes,16,RPS15A,0.08598720282316208,0.0012282689089017232
Classical monocytes,17,RPLP1,-0.02265801653265953,0.0015196635118229038
Classical monocytes,18,RPL11,0.10242611169815063,0.0016598103837268793
Classical monocytes,19,RPS12,-0.02051781676709652,0.0017780560730663202
Classical monocytes,20,HLA-B,0.10648886859416962,0.0030260933856728067
Classical monocytes,21,RPL39,0.03406659513711929,0.0030260933856728067
Classical monocytes,22,TPT1,0.11587202548980713,0.0031262415953018903
Classical monocytes,23,RPS18,-0.04025648906826973,0.0031262415953018903
Classical monocytes,24,RPS24,0.06384789198637009,0.0034310062400991367
Classical monocytes,25,RPL28,0.06288912147283554,0.004563055332374403
Classical monocytes,26,MT-ND3,0.06463735550642014,0.004563055332374403
Classical monocytes,27,RPL26,0.0056504374369978905,0.004563055332374403
Classical monocytes,28,RPS27,-0.027922140434384346,0.0047728183498857695
Classical monocytes,29,RPL12,0.07395756989717484,0.00513610413833126
Classical monocytes,30,RPS28,0.05239127576351166,0.00513610413833126
Classical monocytes,31,ACTB,0.2349632978439331,0.0056420745801822915
Classical monocytes,32,TMSB4X,-0.024455063045024872,0.0056420745801822915
Classical monocytes,33,RPL37A,0.08915628492832184,0.014406176223499398
Classical monocytes,34,RPL32,-0.1624045968055725,0.01633467058403371
Classical monocytes,35,RPL27A,0.10978642106056213,0.016453907422090925
Classical monocytes,36,MT-CYB,-0.016840508207678795,0.022113660701798418
Classical monocytes,37,RPS15,-0.026370758190751076,0.03509803805187219
Classical monocytes,38,RPS4X,0.04253654554486275,0.04223111966078587
Classical monocytes,39,RPS26,0.400269091129303,0.04334250308736654
Classical monocytes,40,MT-ND2,0.07529859244823456,0.051764777986289444
Classical monocytes,41,CRIP1,0.7265297770500183,0.05195091175793385
Classical monocytes,42,RPL18A,-0.055884141474962234,0.053861317600291
Classical monocytes,43,RPL14,-0.02429897151887417,0.06645845269089125
Classical monocytes,44,RPS29,-0.1850457787513733,0.07280397517562383
Classical monocytes,45,RPS23,-0.11318778246641159,0.08189962907238243
Classical monocytes,46,RPS6,-0.08934041112661362,0.08925283469615251
Classical monocytes,47,MT-ND1,0.15114741027355194,0.09069654597373825
Classical monocytes,48,EIF1,-0.1189502403140068,0.1081135386766611
Classical monocytes,49,RPL35,0.04780319333076477,0.11698019834791706
Classical monocytes,50,RPS7,-0.09952747076749802,0.13789312452629746
Cycling NK cells,1,PCLAF,7.84194278717041,1.0
Cycling NK cells,2,SAC3D1,6.852896690368652,1.0
Cycling NK cells,3,FAM111A,4.902840614318848,1.0
Cycling NK cells,4,CLTA,4.136259078979492,1.0
Cycling NK cells,5,UCP2,3.943819046020508,1.0
Cycling NK cells,6,CIR1,4.275540351867676,1.0
Cycling NK cells,7,HMGB2,3.9945731163024902,1.0
Cycling NK cells,8,PPA1,3.608522891998291,1.0
Cycling NK cells,9,PKM,3.4089858531951904,1.0
Cycling NK cells,10,H2AFV,3.3805034160614014,1.0
Cycling NK cells,11,H2AFZ,3.0447356700897217,1.0
Cycling NK cells,12,CDCA5,8.658133506774902,1.0
Cycling NK cells,13,TK1,7.885304927825928,1.0
Cycling NK cells,14,RRM2,7.792515277862549,1.0
Cycling NK cells,15,KNL1,7.383204936981201,1.0
Cycling NK cells,16,CENPU,7.25386381149292,1.0
Cycling NK cells,17,BLOC1S1,3.165215492248535,1.0
Cycling NK cells,18,MKI67,6.59568452835083,1.0
Cycling NK cells,19,NUSAP1,5.6330060958862305,1.0
Cycling NK cells,20,TRAPPC2B,4.902973651885986,1.0
Cycling NK cells,21,MCM3,4.877823352813721,1.0
Cycling NK cells,22,ACOT7,4.896287441253662,1.0
Cycling NK cells,23,STMN1,4.691007614135742,1.0
Cycling NK cells,24,EZH2,4.800426006317139,1.0
Cycling NK cells,25,ZDHHC12,4.424900054931641,1.0
Cycling NK cells,26,TRNAU1AP,4.358512878417969,1.0
Cycling NK cells,27,FLII,4.090058326721191,1.0
Cycling NK cells,28,COX19,4.111844539642334,1.0
Cycling NK cells,29,SLC5A3,4.111137390136719,1.0
Cycling NK cells,30,COMMD2,3.922086238861084,1.0
Cycling NK cells,31,MTHFD2,3.842043399810791,1.0
Cycling NK cells,32,CCDC82,3.906643867492676,1.0
Cycling NK cells,33,NUTF2,3.8354268074035645,1.0
Cycling NK cells,34,CENPX,3.7145235538482666,1.0
Cycling NK cells,35,TBCC,3.530153512954712,1.0
Cycling NK cells,36,DNAJC15,3.6412105560302734,1.0
Cycling NK cells,37,CDC5L,3.5745697021484375,1.0
Cycling NK cells,38,TEX264,3.3620569705963135,1.0
Cycling NK cells,39,NDUFB6,3.4682259559631348,1.0
Cycling NK cells,40,LSP1,2.5415170192718506,1.0
Cycling NK cells,41,SERBP1,2.5281808376312256,1.0
Cycling NK cells,42,ATP5IF1,2.509834051132202,1.0
Cycling NK cells,43,DNMT1,3.3459863662719727,1.0
Cycling NK cells,44,PABPN1,3.2616119384765625,1.0
Cycling NK cells,45,RAP1B,2.4910619258880615,1.0
Cycling NK cells,46,RBPJ,2.5620980262756348,1.0
Cycling NK cells,47,COTL1,2.115703582763672,1.0
Cycling NK cells,48,USF2,3.0399250984191895,1.0
Cycling NK cells,49,DRAP1,2.2548277378082275,1.0
Cycling NK cells,50,LSM5,3.063605546951294,1.0
Cycling T cells,1,PCLAF,6.235078811645508,0.000844662654171007
Cycling T cells,2,NUSAP1,5.321526527404785,0.0009003078029018925
Cycling T cells,3,STMN1,4.1658735275268555,0.0010131436507650167
Cycling T cells,4,MKI67,5.718398571014404,0.0020019201808671554
Cycling T cells,5,SMC2,4.288523197174072,0.006609962968965218
Cycling T cells,6,TUBA1B,2.60089111328125,0.009397828550872527
Cycling T cells,7,HMGB2,2.887829303741455,0.014625698426030787
Cycling T cells,8,RPL39L,4.017595291137695,0.014625698426030787
Cycling T cells,9,TUBB,2.8846755027770996,0.014625698426030787
Cycling T cells,10,CDK1,5.977722644805908,0.014625698426030787
Cycling T cells,11,TYMS,6.048694133758545,0.014625698426030787
Cycling T cells,12,TOP2A,5.519669532775879,0.014932062273049726
Cycling T cells,13,ATAD2,3.859478712081909,0.017793820817381508
Cycling T cells,14,MAD2L1,4.500023365020752,0.024540595264191518
Cycling T cells,15,RRM1,4.065605163574219,0.0328858351750121
Cycling T cells,16,TMPO,2.7573812007904053,0.0328858351750121
Cycling T cells,17,BIRC5,6.267624378204346,0.0328858351750121
Cycling T cells,18,ZWINT,6.267570972442627,0.03295268319585206
Cycling T cells,19,NUDT1,3.188459873199463,0.038891436988458816
Cycling T cells,20,FEN1,4.8627824783325195,0.04220082476745938
Cycling T cells,21,PCNA,3.7610652446746826,0.04220082476745938
Cycling T cells,22,RFC1,2.3908305168151855,0.04324810839440132
Cycling T cells,23,FBXO5,4.6279802322387695,0.04324810839440132
Cycling T cells,24,HPRT1,2.9281089305877686,0.049794860300110835
Cycling T cells,25,CENPF,4.269603252410889,0.057192648027373096
Cycling T cells,26,CENPK,4.006191253662109,0.05795701474272092
Cycling T cells,27,CENPM,4.108861446380615,0.05831185603131193
Cycling T cells,28,SMC4,2.966487407684326,0.06660920375953495
Cycling T cells,29,KIFC1,6.192052364349365,0.07364602882198552
Cycling T cells,30,PHF19,2.9893057346343994,0.07364602882198552
Cycling T cells,31,LMAN1,2.4059462547302246,0.07475158848885076
Cycling T cells,32,RRM2,5.922670841217041,0.07871064289593899
Cycling T cells,33,MCM7,3.7546794414520264,0.08179159846900742
Cycling T cells,34,CHEK1,5.269986152648926,0.08380627897414578
Cycling T cells,35,TPX2,5.405325889587402,0.08456934317944291
Cycling T cells,36,TUBA1C,2.939680814743042,0.08456934317944291
Cycling T cells,37,ASPM,5.1250410079956055,0.08456934317944291
Cycling T cells,38,CENPX,2.641359567642212,0.08867680118295955
Cycling T cells,39,CLSPN,4.887569904327393,0.08867680118295955
Cycling T cells,40,DTYMK,3.5218405723571777,0.08867680118295955
Cycling T cells,41,LMNB1,3.4183952808380127,0.10053633765615838
Cycling T cells,42,DUT,2.6654012203216553,0.10053633765615838
Cycling T cells,43,EZH2,3.2294809818267822,0.10319542699563153
Cycling T cells,44,H2AFX,3.4068853855133057,0.10319542699563153
Cycling T cells,45,ATAD5,4.277733325958252,0.1073970915198202
Cycling T cells,46,CKS1B,3.3409347534179688,0.10832684100070834
Cycling T cells,47,SRP9,2.205761671066284,0.10832684100070834
Cycling T cells,48,RBBP7,2.4058990478515625,0.1109028615165882
Cycling T cells,49,UBE2S,2.5408246517181396,0.12282814357358209
Cycling T cells,50,ILF2,2.492027521133423,0.13343155506570265
DC,1,YBX1,1.7354623079299927,1.0
DC,2,IFNG,2.6391634941101074,1.0
DC,3,KPNB1,2.3592588901519775,1.0
DC,4,ANKRD28,2.3392014503479004,1.0
DC,5,N4BP2L2,1.4057403802871704,1.0
DC,6,PTPN1,2.321455717086792,1.0
DC,7,ID2,1.4889498949050903,1.0
DC,8,SLC38A2,1.858802318572998,1.0
DC,9,STAT4,2.5747287273406982,1.0
DC,10,SOD1,1.3646997213363647,1.0
DC,11,FAM49B,1.6926374435424805,1.0
DC,12,DNAJB14,2.0016868114471436,1.0
DC,13,CDK13,1.9052587747573853,1.0
DC,14,HNRNPM,1.5065438747406006,1.0
DC,15,CD3G,1.1026405096054077,1.0
DC,16,COA3,2.892112970352173,1.0
DC,17,HLA-E,0.7753976583480835,1.0
DC,18,RSBN1,2.119133710861206,1.0
DC,19,PTPRE,2.8171966075897217,1.0
DC,20,UBE2D3,1.257698655128479,1.0
DC,21,GNAS,0.864267110824585,1.0
DC,22,CCL5,1.0366661548614502,1.0
DC,23,DNAJC1,2.080143928527832,1.0
DC,24,LGALS1,1.3999239206314087,1.0
DC,25,KRTCAP2,1.456459641456604,1.0
DC,26,MYO1F,1.6356737613677979,1.0
DC,27,CCNI,0.9718000888824463,1.0
DC,28,DAXX,2.3546817302703857,1.0
DC,29,ATP5F1A,1.5810215473175049,1.0
DC,30,ATF4,1.4624186754226685,1.0
DC,31,SEC61G,1.2384934425354004,1.0
DC,32,APRT,1.0868557691574097,1.0
DC,33,TAF7,1.451961636543274,1.0
DC,34,GZMA,1.2961442470550537,1.0
DC,35,H3F3B,0.6492370963096619,1.0
DC,36,TRA2B,1.390256404876709,1.0
DC,37,ZC3H4,2.93620228767395,1.0
DC,38,PTP4A2,1.0749789476394653,1.0
DC,39,CD63,1.1190476417541504,1.0
DC,40,GABARAPL1,1.9980429410934448,1.0
DC,41,BTG1,0.6171057820320129,1.0
DC,42,RGS1,1.6414943933486938,1.0
DC,43,PSMA3-AS1,1.3623334169387817,1.0
DC,44,PRDM1,1.9855523109436035,1.0
DC,45,KLRC2,1.9687438011169434,1.0
DC,46,ATP5MF,1.1987971067428589,1.0
DC,47,DYNC1H1,1.4461251497268677,1.0
DC,48,ALG13,2.4902682304382324,1.0
DC,49,GCNA,4.322973251342773,1.0
DC,50,ARPC1B,0.9807726144790649,1.0
DC2,1,HLA-DRA,8.710851669311523,1.0
DC2,2,MEF2C,7.965034484863281,1.0
DC2,3,HLA-DMA,5.476734161376953,1.0
DC2,4,LSM4,2.927675247192383,1.0
DC2,5,GSN,9.817975997924805,1.0
DC2,6,IFI30,9.42720890045166,1.0
DC2,7,SAMHD1,2.4211275577545166,1.0
DC2,8,DYNC1I2,2.84450364112854,1.0
DC2,9,NFKB1,3.4324066638946533,1.0
DC2,10,SNHG5,2.6298916339874268,1.0
DC2,11,RBM27,3.1630468368530273,1.0
DC2,12,CD74,2.6272168159484863,1.0
DC2,13,PPA1,2.367201566696167,1.0
DC2,14,PTPN1,2.644859790802002,1.0
DC2,15,CALM2,1.5863288640975952,1.0
DC2,16,WAC,2.2488784790039062,1.0
DC2,17,MEF2A,3.4304866790771484,1.0
DC2,18,IQGAP2,2.514342784881592,1.0
DC2,19,YWHAE,2.2188212871551514,1.0
DC2,20,SLC38A2,2.165674924850464,1.0
DC2,21,AIF1,11.470837593078613,1.0
DC2,22,DDX17,1.669654130935669,1.0
DC2,23,HMGN1,1.6775215864181519,1.0
DC2,24,EIF2AK1,2.9476757049560547,1.0
DC2,25,FAM49B,2.0032846927642822,1.0
DC2,26,HLA-DQB1,4.911899089813232,1.0
DC2,27,RBM39,1.7268353700637817,1.0
DC2,28,AREG,4.830915927886963,1.0
DC2,29,ITGAX,4.676591873168945,1.0
DC2,30,SELENOH,1.9351862668991089,1.0
DC2,31,PAK1,4.446073532104492,1.0
DC2,32,TCEA1,1.9643625020980835,1.0
DC2,33,ARF4,2.7282090187072754,1.0
DC2,34,METAP2,2.264880657196045,1.0
DC2,35,HLA-DPA1,2.508535861968994,1.0
DC2,36,IRF2BP2,2.2144205570220947,1.0
DC2,37,ATF4,1.9761837720870972,1.0
DC2,38,LST1,4.140777587890625,1.0
DC2,39,SET,1.621382713317871,1.0
DC2,40,TMEM123,2.0279273986816406,1.0
DC2,41,CHMP3,2.682572603225708,1.0
DC2,42,DAPP1,4.043379306793213,1.0
DC2,43,XIST,2.427319288253784,1.0
DC2,44,ERCC6L2,3.9922077655792236,1.0
DC2,45,HLA-DPB1,2.216888666152954,1.0
DC2,46,NRIP1,3.713801622390747,1.0
DC2,47,GABARAP,2.0559849739074707,1.0
DC2,48,SCAF11,1.7873021364212036,1.0
DC2,49,RNF7,2.132000207901001,1.0
DC2,50,LGALS1,1.808164358139038,1.0
Double-negative thymocytes,1,CDK6,2.418179512023926,1.0
Double-negative thymocytes,2,RPL4,1.0964720249176025,1.0
Double-negative thymocytes,3,CD7,1.5849498510360718,1.0
Double-negative thymocytes,4,VAMP8,1.673898458480835,1.0
Double-negative thymocytes,5,SEC61B,1.4593323469161987,1.0
Double-negative thymocytes,6,GNAS,1.2771337032318115,1.0
Double-negative thymocytes,7,SRSF5,1.1492589712142944,1.0
Double-negative thymocytes,8,SAP18,1.5407367944717407,1.0
Double-negative thymocytes,9,SNHG7,2.204868793487549,1.0
Double-negative thymocytes,10,DRAP1,1.4278818368911743,1.0
Double-negative thymocytes,11,CTSW,1.762757420539856,1.0
Double-negative thymocytes,12,RPL10A,0.7981472015380859,1.0
Double-negative thymocytes,13,CKLF,1.2044517993927002,1.0
Double-negative thymocytes,14,GNPTAB,2.153144598007202,1.0
Double-negative thymocytes,15,ATP5IF1,1.3310058116912842,1.0
Double-negative thymocytes,16,MYL12A,0.7435120344161987,1.0
Double-negative thymocytes,17,RPS9,0.493062287569046,1.0
Double-negative thymocytes,18,CACYBP,1.7970082759857178,1.0
Double-negative thymocytes,19,CD99,1.0258769989013672,1.0
Double-negative thymocytes,20,RPL8,0.46391022205352783,1.0
Double-negative thymocytes,21,RPL24,0.7110243439674377,1.0
Double-negative thymocytes,22,EEF1B2,0.6335955262184143,1.0
Double-negative thymocytes,23,RPA2,2.2372488975524902,1.0
Double-negative thymocytes,24,GNB1,1.5153045654296875,1.0
Double-negative thymocytes,25,CALR,1.2701810598373413,1.0
Double-negative thymocytes,26,EIF3H,1.1460773944854736,1.0
Double-negative thymocytes,27,NACA,0.7533226609230042,1.0
Double-negative thymocytes,28,ATP5F1A,1.4848191738128662,1.0
Double-negative thymocytes,29,PPP4C,1.5751909017562866,1.0
Double-negative thymocytes,30,GMFG,0.9698428511619568,1.0
Double-negative thymocytes,31,RPL11,0.35157230496406555,1.0
Double-negative thymocytes,32,CSNK1A1,1.3192795515060425,1.0
Double-negative thymocytes,33,RPL19,0.4896140694618225,1.0
Double-negative thymocytes,34,ZFAS1,0.8697161078453064,1.0
Double-negative thymocytes,35,TALDO1,1.5461878776550293,1.0
Double-negative thymocytes,36,SF3B1,1.1736619472503662,1.0
Double-negative thymocytes,37,H2AFZ,0.9944048523902893,1.0
Double-negative thymocytes,38,RPL36,0.41243475675582886,1.0
Double-negative thymocytes,39,KLRD1,1.2432583570480347,1.0
Double-negative thymocytes,40,RPS6,0.49098172783851624,1.0
Double-negative thymocytes,41,EEF1D,0.7165970206260681,1.0
Double-negative thymocytes,42,RPL9,0.29988670349121094,1.0
Double-negative thymocytes,43,PGK1,1.0584664344787598,1.0
Double-negative thymocytes,44,EIF4E,2.078906297683716,1.0
Double-negative thymocytes,45,UGP2,1.4218677282333374,1.0
Double-negative thymocytes,46,RPS5,0.42867451906204224,1.0
Double-negative thymocytes,47,USP16,1.3733643293380737,1.0
Double-negative thymocytes,48,NKG7,1.0371109247207642,1.0
Double-negative thymocytes,49,ARHGDIB,0.8393689393997192,1.0
Double-negative thymocytes,50,RPS25,0.5371298789978027,1.0
Double-positive thymocytes,1,PTMA,0.3371603190898895,1.0045064935772771e-08
Double-positive thymocytes,2,TMSB4X,0.2701612710952759,1.0045064935772771e-08
Double-positive thymocytes,3,B2M,0.24224697053432465,9.499201750624352e-08
Double-positive thymocytes,4,RPS27,0.2925424575805664,4.54241673408164e-07
Double-positive thymocytes,5,RPLP1,0.22647011280059814,4.97493836896716e-07
Double-positive thymocytes,6,RPL37,0.30293694138526917,6.099810205888927e-07
Double-positive thymocytes,7,RPL11,0.30669105052948,6.099810205888927e-07
Double-positive thymocytes,8,RPL41,0.1935759037733078,2.294055616767363e-06
Double-positive thymocytes,9,MALAT1,0.2750298082828522,9.411450874312297e-06
Double-positive thymocytes,10,RPS27A,0.1908751279115677,9.68101844799131e-06
Double-positive thymocytes,11,RPS29,0.21891853213310242,1.070519279048007e-05
Double-positive thymocytes,12,TPT1,0.16371643543243408,1.070519279048007e-05
Double-positive thymocytes,13,RPS28,0.16746090352535248,1.3981554311835472e-05
Double-positive thymocytes,14,MT-CO2,0.13359086215496063,1.5258598122542946e-05
Double-positive thymocytes,15,RPL34,0.12758119404315948,9.0030509584919e-05
Double-positive thymocytes,16,RPS13,0.2854597866535187,9.0030509584919e-05
Double-positive thymocytes,17,RPS15A,0.13246023654937744,9.0030509584919e-05
Double-positive thymocytes,18,RPL32,0.1366451531648636,9.0030509584919e-05
Double-positive thymocytes,19,RPS21,0.19361566007137299,9.0030509584919e-05
Double-positive thymocytes,20,CD52,0.36200079321861267,9.452369425405934e-05
Double-positive thymocytes,21,MT-ND3,0.1956450343132019,0.00013248511385976767
Double-positive thymocytes,22,RPL37A,0.16553574800491333,0.0001421096790285994
Double-positive thymocytes,23,RPL39,0.05453997850418091,0.00016473252752700882
Double-positive thymocytes,24,RPL28,0.10583564639091492,0.00022738185727907696
Double-positive thymocytes,25,RPL14,0.0748046413064003,0.0005049801058416744
Double-positive thymocytes,26,NACA,0.18936051428318024,0.0005194528181863807
Double-positive thymocytes,27,FAU,0.09329503774642944,0.0010301809130985652
Double-positive thymocytes,28,RPS15,0.07290307432413101,0.0010603256593731813
Double-positive thymocytes,29,RPS3A,0.07292480766773224,0.0010603256593731813
Double-positive thymocytes,30,RPL26,0.0685439184308052,0.0011714326510789024
Double-positive thymocytes,31,RPL10,0.03854744881391525,0.0021654643916569714
Double-positive thymocytes,32,ACTB,0.04249173402786255,0.0022992195070403354
Double-positive thymocytes,33,RPL35A,0.0457862950861454,0.002539601009767904
Double-positive thymocytes,34,RPL38,0.1947077214717865,0.003965262718865878
Double-positive thymocytes,35,CCL5,0.5978163480758667,0.004048465261125227
Double-positive thymocytes,36,RPL17,0.5200897455215454,0.0048095447875788734
Double-positive thymocytes,37,MT-CO1,0.058264877647161484,0.004935194504824608
Double-positive thymocytes,38,RPLP2,0.054037000983953476,0.0050080531210640045
Double-positive thymocytes,39,RPS12,0.018503528088331223,0.006466078064917593
Double-positive thymocytes,40,RPL23A,0.015059790574014187,0.0065178576116117085
Double-positive thymocytes,41,RPL13,-0.0722791776061058,0.006613654902269916
Double-positive thymocytes,42,MT-CO3,0.05081828683614731,0.007176708960113361
Double-positive thymocytes,43,RPL30,-0.02197883650660515,0.007670753221149088
Double-positive thymocytes,44,RPL13A,-0.05600585415959358,0.007670753221149088
Double-positive thymocytes,45,EIF1,0.0004860613844357431,0.008927185159670342
Double-positive thymocytes,46,RPS8,0.014046008698642254,0.009417805263193421
Double-positive thymocytes,47,UBA52,0.06934020668268204,0.010302436033842774
Double-positive thymocytes,48,RPS23,-0.002182495081797242,0.01854930493510831
Double-positive thymocytes,49,RPL6,-0.1036069318652153,0.02718743797013293
Double-positive thymocytes,50,RPS14,-0.06025360897183418,0.03136437853742425
Early lymphoid T lymphoid,1,LEF1,3.010464668273926,0.02242385441277474
Early lymphoid T lymphoid,2,PPP2R5C,1.4193834066390991,0.07651556583189068
Early lymphoid T lymphoid,3,TRGC1,2.7493178844451904,0.07651556583189068
Early lymphoid T lymphoid,4,RTKN2,3.449337959289551,0.1743526403352487
Early lymphoid T lymphoid,5,TCF7,1.8555171489715576,0.6678580656706141
Early lymphoid T lymphoid,6,TRDC,2.0791919231414795,0.7282010962372376
Early lymphoid T lymphoid,7,RIPOR2,1.7477045059204102,0.8763216022236986
Early lymphoid T lymphoid,8,CD7,1.2625794410705566,0.8763216022236986
Early lymphoid T lymphoid,9,LTB,1.2523127794265747,0.8763216022236986
Early lymphoid T lymphoid,10,PABPC1,0.9265461564064026,1.0
Early lymphoid T lymphoid,11,TLE4,1.7191846370697021,1.0
Early lymphoid T lymphoid,12,KLF2,1.5788413286209106,1.0
Early lymphoid T lymphoid,13,FOSB,1.1733094453811646,1.0
Early lymphoid T lymphoid,14,HNRNPU,1.0273890495300293,1.0
Early lymphoid T lymphoid,15,GADD45B,1.559790015220642,1.0
Early lymphoid T lymphoid,16,CCNL1,1.0822628736495972,1.0
Early lymphoid T lymphoid,17,PNN,1.1016511917114258,1.0
Early lymphoid T lymphoid,18,CLEC2D,1.0136783123016357,1.0
Early lymphoid T lymphoid,19,JUNB,0.897582471370697,1.0
Early lymphoid T lymphoid,20,TMEM123,1.148234248161316,1.0
Early lymphoid T lymphoid,21,PDCD4,1.039624571800232,1.0
Early lymphoid T lymphoid,22,ETS1,0.9082412123680115,1.0
Early lymphoid T lymphoid,23,KMT2E,0.9800281524658203,1.0
Early lymphoid T lymphoid,24,FYB1,0.7963597774505615,1.0
Early lymphoid T lymphoid,25,PRKACB,1.3956156969070435,1.0
Early lymphoid T lymphoid,26,IRF1,1.0163358449935913,1.0
Early lymphoid T lymphoid,27,STK17B,0.7531904578208923,1.0
Early lymphoid T lymphoid,28,SOCS3,1.9931068420410156,1.0
Early lymphoid T lymphoid,29,TAGLN2,0.8157995939254761,1.0
Early lymphoid T lymphoid,30,CD27,1.3917983770370483,1.0
Early lymphoid T lymphoid,31,ARL4C,0.8608428239822388,1.0
Early lymphoid T lymphoid,32,MBP,1.000823736190796,1.0
Early lymphoid T lymphoid,33,PCM1,1.0182783603668213,1.0
Early lymphoid T lymphoid,34,PRKCH,1.1264287233352661,1.0
Early lymphoid T lymphoid,35,BIRC2,1.581545114517212,1.0
Early lymphoid T lymphoid,36,NUCB2,1.3373829126358032,1.0
Early lymphoid T lymphoid,37,RBM39,0.732268750667572,1.0
Early lymphoid T lymphoid,38,MAP3K1,1.688202977180481,1.0
Early lymphoid T lymphoid,39,VPS51,1.6317265033721924,1.0
Early lymphoid T lymphoid,40,GIMAP4,0.989957332611084,1.0
Early lymphoid T lymphoid,41,ZNF683,1.2137644290924072,1.0
Early lymphoid T lymphoid,42,IL7R,0.9540565609931946,1.0
Early lymphoid T lymphoid,43,MAL,2.301851272583008,1.0
Early lymphoid T lymphoid,44,PTP4A2,0.787329375743866,1.0
Early lymphoid T lymphoid,45,CHD2,1.0812456607818604,1.0
Early lymphoid T lymphoid,46,FUS,0.7319285273551941,1.0
Early lymphoid T lymphoid,47,NSD3,0.9267190098762512,1.0
Early lymphoid T lymphoid,48,JUN,0.7354438900947571,1.0
Early lymphoid T lymphoid,49,SET,0.7174100279808044,1.0
Early lymphoid T lymphoid,50,GPR171,1.026945948600769,1.0
Epithelial cells,1,MALAT1,0.4058542251586914,1.0
Epithelial cells,2,PTMA,0.5108611583709717,1.0
Epithelial cells,3,MT-ND3,0.4943183660507202,1.0
Epithelial cells,4,MT-CO1,0.34660694003105164,1.0
Epithelial cells,5,RPS29,0.25811198353767395,1.0
Epithelial cells,6,MT-CYB,0.2975976765155792,1.0
Epithelial cells,7,MT-CO2,0.34370771050453186,1.0
Epithelial cells,8,MIF,1.3955775499343872,1.0
Epithelial cells,9,WFDC2,10.109295845031738,1.0
Epithelial cells,10,MT-CO3,0.4500069320201874,1.0
Epithelial cells,11,RPL17,1.1470893621444702,1.0
Epithelial cells,12,SLA,2.082216501235962,1.0
Epithelial cells,13,MT-ATP6,0.3446415066719055,1.0
Epithelial cells,14,RBM39,0.9928619861602783,1.0
Epithelial cells,15,ATP6V0C,2.0417840480804443,1.0
Epithelial cells,16,EIF3A,1.5671509504318237,1.0
Epithelial cells,17,ZC3H13,1.9323920011520386,1.0
Epithelial cells,18,ANKRD12,1.0003468990325928,1.0
Epithelial cells,19,PRRC2C,0.9405267238616943,1.0
Epithelial cells,20,ATP5F1E,0.4542922377586365,1.0
Epithelial cells,21,CFL1,0.46558088064193726,1.0
Epithelial cells,22,PA2G4,1.4317084550857544,1.0
Epithelial cells,23,ATP5MG,0.6991791725158691,1.0
Epithelial cells,24,FBXW11,2.920388698577881,1.0
Epithelial cells,25,MT-ND5,0.5474164485931396,1.0
Epithelial cells,26,SUMO2,0.8485056757926941,1.0
Epithelial cells,27,GABARAP,1.5627753734588623,1.0
Epithelial cells,28,KLF6,0.5458232760429382,1.0
Epithelial cells,29,SPCS2,1.1175036430358887,1.0
Epithelial cells,30,UBE2V1,1.9394464492797852,1.0
Epithelial cells,31,TNFAIP3,1.270615577697754,1.0
Epithelial cells,32,RBPJ,1.147953748703003,1.0
Epithelial cells,33,RPL38,0.18856780230998993,1.0
Epithelial cells,34,B2M,0.16598063707351685,1.0
Epithelial cells,35,MT2A,1.7910985946655273,1.0
Epithelial cells,36,TPT1,0.25797411799430847,1.0
Epithelial cells,37,YTHDC1,1.7907373905181885,1.0
Epithelial cells,38,COX6B1,0.8780595660209656,1.0
Epithelial cells,39,KLRK1,1.8073307275772095,1.0
Epithelial cells,40,H3F3A,0.2200244516134262,1.0
Epithelial cells,41,MBD4,2.265751361846924,1.0
Epithelial cells,42,RPS28,0.17037691175937653,1.0
Epithelial cells,43,FAU,-0.3277464210987091,1.0
Epithelial cells,44,RCOR1,3.509082555770874,1.0
Epithelial cells,45,PRPF4B,1.3518550395965576,1.0
Epithelial cells,46,ARIH2,2.218635320663452,1.0
Epithelial cells,47,CLIP4,3.3101143836975098,1.0
Epithelial cells,48,RPL41,0.2402966320514679,1.0
Epithelial cells,49,DCTN6,3.107248306274414,1.0
Epithelial cells,50,RPL39,0.3169413208961487,1.0
Erythrophagocytic macrophages,1,CALM2,3.1018600463867188,1.0
Erythrophagocytic macrophages,2,RPL14,1.3363144397735596,1.0
Erythrophagocytic macrophages,3,RPS24,0.9558865427970886,1.0
Erythrophagocytic macrophages,4,HLA-C,1.3867157697677612,1.0
Erythrophagocytic macrophages,5,RPL13,0.790706992149353,1.0
Erythrophagocytic macrophages,6,RPS16,1.2393180131912231,1.0
Erythrophagocytic macrophages,7,RPS9,1.389893651008606,1.0
Erythrophagocytic macrophages,8,RPL17,2.00516676902771,1.0
Erythrophagocytic macrophages,9,CALM1,1.7814323902130127,1.0
Erythrophagocytic macrophages,10,HMGB1,1.884136438369751,1.0
Erythrophagocytic macrophages,11,RPL37A,1.2097282409667969,1.0
Erythrophagocytic macrophages,12,TMSB10,1.0289978981018066,1.0
Erythrophagocytic macrophages,13,RPL18,1.1531755924224854,1.0
Erythrophagocytic macrophages,14,RPS18,0.8393317461013794,1.0
Erythrophagocytic macrophages,15,RPL18A,0.9154408574104309,1.0
Erythrophagocytic macrophages,16,RPL8,1.276302456855774,1.0
Erythrophagocytic macrophages,17,RPS23,0.8987802863121033,1.0
Erythrophagocytic macrophages,18,B2M,0.564083993434906,1.0
Erythrophagocytic macrophages,19,RPS27,0.7438233494758606,1.0
Erythrophagocytic macrophages,20,TM2D3,5.581876754760742,1.0
Erythrophagocytic macrophages,21,EEF1A1,0.6605640649795532,1.0
Erythrophagocytic macrophages,22,TMSB4X,0.5492109656333923,1.0
Erythrophagocytic macrophages,23,RPS6,1.029408574104309,1.0
Erythrophagocytic macrophages,24,RPS25,1.0026984214782715,1.0
Erythrophagocytic macrophages,25,RPL37,0.9390172958374023,1.0
Erythrophagocytic macrophages,26,PTMA,0.927019476890564,1.0
Erythrophagocytic macrophages,27,RPS4X,1.10586416721344,1.0
Erythrophagocytic macrophages,28,MT-CO1,0.549751341342926,1.0
Erythrophagocytic macrophages,29,RPL30,0.8137748837471008,1.0
Erythrophagocytic macrophages,30,S100A4,1.6498219966888428,1.0
Erythrophagocytic macrophages,31,RPL21,0.9573104977607727,1.0
Erythrophagocytic macrophages,32,RPS12,0.6937863826751709,1.0
Erythrophagocytic macrophages,33,RPL27A,1.27181077003479,1.0
Erythrophagocytic macrophages,34,STAG2,4.12424373626709,1.0
Erythrophagocytic macrophages,35,RPL28,0.7046776413917542,1.0
Erythrophagocytic macrophages,36,RPL41,0.6060788035392761,1.0
Erythrophagocytic macrophages,37,RPS15A,0.7332737445831299,1.0
Erythrophagocytic macrophages,38,RPL12,1.007336139678955,1.0
Erythrophagocytic macrophages,39,IL32,1.5598900318145752,1.0
Erythrophagocytic macrophages,40,TPT1,0.5794234275817871,1.0
Erythrophagocytic macrophages,41,GABARAP,3.5164740085601807,1.0
Erythrophagocytic macrophages,42,ATP5F1E,1.3181997537612915,1.0
Erythrophagocytic macrophages,43,EIF1,1.1970082521438599,1.0
Erythrophagocytic macrophages,44,FNBP1,2.960658311843872,1.0
Erythrophagocytic macrophages,45,MORF4L1,2.985931158065796,1.0
Erythrophagocytic macrophages,46,RPL32,0.7265943288803101,1.0
Erythrophagocytic macrophages,47,MT-ND4L,3.425565242767334,1.0
Erythrophagocytic macrophages,48,CST7,2.974860429763794,1.0
Erythrophagocytic macrophages,49,RPLP1,0.5565153360366821,1.0
Erythrophagocytic macrophages,50,CDV3,3.1501481533050537,1.0
Follicular helper T cells,1,MAF,2.2634224891662598,1.984675574242166e-09
Follicular helper T cells,2,CD40LG,2.2975516319274902,0.00017767473662861337
Follicular helper T cells,3,FYB1,1.1758108139038086,0.00017767473662861337
Follicular helper T cells,4,KLRB1,1.5409064292907715,0.0003694383282359982
Follicular helper T cells,5,ST8SIA1,3.2639262676239014,0.0014781420283436477
Follicular helper T cells,6,JUNB,1.0047086477279663,0.018099759744398158
Follicular helper T cells,7,EML4,1.2175304889678955,0.029018047415036264
Follicular helper T cells,8,PPP2R5C,1.0787744522094727,0.033669903119865875
Follicular helper T cells,9,TLK1,1.577326774597168,0.05574618692978626
Follicular helper T cells,10,PASK,2.5954644680023193,0.10825315911467366
Follicular helper T cells,11,IL7R,1.1722049713134766,0.10825315911467366
Follicular helper T cells,12,NR3C1,1.263987421989441,0.10825315911467366
Follicular helper T cells,13,ITM2A,1.1455971002578735,0.14969770053391487
Follicular helper T cells,14,ZFP36L1,0.983527421951294,0.21220749874286152
Follicular helper T cells,15,ITM2B,0.742676854133606,0.21220749874286152
Follicular helper T cells,16,SPOCK2,1.0903847217559814,0.21630863774763584
Follicular helper T cells,17,ZNRF1,1.8794245719909668,0.22678452798367513
Follicular helper T cells,18,PNRC1,0.8711779117584229,0.26503736999979527
Follicular helper T cells,19,TCF7,1.434438943862915,0.32630824568724104
Follicular helper T cells,20,CD84,1.5229188203811646,0.3420338668298297
Follicular helper T cells,21,ICOS,1.7936780452728271,0.4065227241986685
Follicular helper T cells,22,RPL23,0.6269680261611938,0.468622526468669
Follicular helper T cells,23,RNASET2,1.1453028917312622,0.6337929700166682
Follicular helper T cells,24,SFXN1,1.4812198877334595,0.7064346041249153
Follicular helper T cells,25,COTL1,0.823462724685669,0.8681241982569792
Follicular helper T cells,26,STAT3,1.025476098060608,0.96871012535838
Follicular helper T cells,27,IKZF3,0.8871909976005554,0.96871012535838
Follicular helper T cells,28,SOCS3,1.7784552574157715,0.989016232238205
Follicular helper T cells,29,VMP1,1.0384188890457153,0.9995394806862966
Follicular helper T cells,30,PPIG,0.9587579965591431,1.0
Follicular helper T cells,31,ALOX5AP,0.779983639717102,1.0
Follicular helper T cells,32,CXCR4,0.7533266544342041,1.0
Follicular helper T cells,33,H1FX,0.7854815125465393,1.0
Follicular helper T cells,34,PABPC1,0.6121125817298889,1.0
Follicular helper T cells,35,ATP5IF1,0.7672322988510132,1.0
Follicular helper T cells,36,TNFAIP8,0.8572219610214233,1.0
Follicular helper T cells,37,RBBP4,1.0758248567581177,1.0
Follicular helper T cells,38,PBXIP1,0.9186989665031433,1.0
Follicular helper T cells,39,PEBP1,0.820237934589386,1.0
Follicular helper T cells,40,HINT1,0.6077516674995422,1.0
Follicular helper T cells,41,TOX2,2.4729747772216797,1.0
Follicular helper T cells,42,M6PR,1.0120022296905518,1.0
Follicular helper T cells,43,SMIM26,0.9939157962799072,1.0
Follicular helper T cells,44,SENP7,1.2311214208602905,1.0
Follicular helper T cells,45,SERINC5,1.594002366065979,1.0
Follicular helper T cells,46,STOM,1.0025821924209595,1.0
Follicular helper T cells,47,CD46,0.9546561241149902,1.0
Follicular helper T cells,48,ARHGEF6,1.3904790878295898,1.0
Follicular helper T cells,49,POLR2J3,0.8587116003036499,1.0
Follicular helper T cells,50,RNF19A,0.9187308549880981,1.0
ILC,1,TUFM,3.5381393432617188,1.0
ILC,2,SPN,3.0820109844207764,1.0
ILC,3,BRD2,3.0279088020324707,1.0
ILC,4,KLRB1,2.551485538482666,1.0
ILC,5,TGOLN2,2.677715539932251,1.0
ILC,6,ANKRD49,3.5725481510162354,1.0
ILC,7,MT-ND4L,2.430210828781128,1.0
ILC,8,RNASEK,2.278982400894165,1.0
ILC,9,DDX5,1.046051263809204,1.0
ILC,10,TCF7,3.1297707557678223,1.0
ILC,11,TNFRSF18,3.1682913303375244,1.0
ILC,12,VAMP2,2.0881383419036865,1.0
ILC,13,SBDS,2.801492929458618,1.0
ILC,14,KMT2A,2.0555262565612793,1.0
ILC,15,EFHD2,2.6119885444641113,1.0
ILC,16,TMEM167A,2.7276477813720703,1.0
ILC,17,SPECC1,4.919557571411133,1.0
ILC,18,PNRC2,2.4697978496551514,1.0
ILC,19,PIGK,4.567972660064697,1.0
ILC,20,NRIP1,4.743844985961914,1.0
ILC,21,HSP90AB1,1.4411063194274902,1.0
ILC,22,REEP5,2.0830864906311035,1.0
ILC,23,IRF1,2.066560983657837,1.0
ILC,24,MT-ND3,0.46410343050956726,1.0
ILC,25,TNFSF13B,3.857288122177124,1.0
ILC,26,BTG1,0.994492769241333,1.0
ILC,27,KDM4C,3.830641508102417,1.0
ILC,28,BMI1,3.686135768890381,1.0
ILC,29,CIRBP,1.4185454845428467,1.0
ILC,30,SECISBP2L,3.682210683822632,1.0
ILC,31,EXOC5,3.636347770690918,1.0
ILC,32,CD44,1.2772082090377808,1.0
ILC,33,DBF4,3.5682289600372314,1.0
ILC,34,RAB35,3.4002773761749268,1.0
ILC,35,VEZT,3.3239357471466064,1.0
ILC,36,GOLGA8A,3.475329637527466,1.0
ILC,37,INSIG1,3.4272491931915283,1.0
ILC,38,HNRNPU,1.4795715808868408,1.0
ILC,39,ADAM17,3.374905586242676,1.0
ILC,40,FAM133B,2.1094300746917725,1.0
ILC,41,MLXIP,3.215285062789917,1.0
ILC,42,MRPS7,3.4498512744903564,1.0
ILC,43,CAMK2D,3.1987485885620117,1.0
ILC,44,ZNF511,3.161379814147949,1.0
ILC,45,RAB3GAP1,3.319749593734741,1.0
ILC,46,GBP4,3.23163104057312,1.0
ILC,47,HCG18,3.1293561458587646,1.0
ILC,48,WWP1,3.0829856395721436,1.0
ILC,49,ATL3,3.075042247772217,1.0
ILC,50,RPS13,0.7746025323867798,1.0
ILC3,1,TNFRSF18,2.8862080574035645,4.139401119524983e-22
ILC3,2,KLRB1,2.168362617492676,1.0691790335085443e-18
ILC3,3,TRDC,2.8280560970306396,3.401235497961313e-18
ILC3,4,XCL1,2.835293769836426,1.8462744239431408e-16
ILC3,5,IL7R,2.0059573650360107,2.548562794786369e-15
ILC3,6,TNFRSF4,2.856247901916504,5.040284112429768e-15
ILC3,7,FXYD5,1.471742868423462,3.8428090514833805e-12
ILC3,8,BST2,1.7132676839828491,9.161739757725733e-11
ILC3,9,CTSW,1.781003713607788,2.379713917611842e-10
ILC3,10,CD7,1.4489023685455322,2.884182619898699e-09
ILC3,11,NFKBIA,1.5564007759094238,1.8240254684267726e-08
ILC3,12,LST1,3.358427047729492,6.144461345404742e-08
ILC3,13,FOSB,1.3608944416046143,2.986618126700477e-07
ILC3,14,TIMP1,2.240334987640381,2.986618126700477e-07
ILC3,15,KIT,7.583916664123535,3.2867691667979305e-07
ILC3,16,XCL2,1.8782830238342285,5.23335653114847e-07
ILC3,17,H2AFY,1.6759600639343262,5.27191943691953e-07
ILC3,18,CXXC5,3.1231372356414795,7.463259567788585e-07
ILC3,19,SPINK2,5.190723896026611,8.906068554410523e-07
ILC3,20,FOS,1.016937017440796,2.924680310752758e-06
ILC3,21,IL4I1,3.654217004776001,1.7271737218751545e-05
ILC3,22,CD63,1.090582251548767,4.148501105751053e-05
ILC3,23,CD81,1.052151083946228,0.00015385019917579283
ILC3,24,TRGC1,2.0518994331359863,0.00019877121611532367
ILC3,25,KRT86,4.515183925628662,0.00024466933705790387
ILC3,26,AREG,3.9472439289093018,0.0002875339007848096
ILC3,27,LINC00299,4.302230358123779,0.0002875339007848096
ILC3,28,DUSP1,0.9588422775268555,0.0004159866768154796
ILC3,29,ZFP36L1,1.0350602865219116,0.0005055127629168774
ILC3,30,RAB11FIP1,1.3029597997665405,0.0005875064781202982
ILC3,31,LTB,1.019289255142212,0.0006006675852771053
ILC3,32,LIF,5.447286128997803,0.0006171034392450164
ILC3,33,LTC4S,3.980634927749634,0.0006460025112888651
ILC3,34,AHR,1.7321279048919678,0.000981743235614808
ILC3,35,LAT2,2.444354295730591,0.0011493493910356351
ILC3,36,KRT81,4.730660438537598,0.0014855038453777825
ILC3,37,HNRNPA1,0.8724319338798523,0.0015228515521135237
ILC3,38,SEC11A,1.032523512840271,0.001749892509370843
ILC3,39,FLOT1,1.8774135112762451,0.0019136059541569935
ILC3,40,TCF7,1.4428815841674805,0.002086653616163383
ILC3,41,TOX2,2.745755434036255,0.004147189079735764
ILC3,42,MFGE8,3.30118465423584,0.004147189079735764
ILC3,43,SLC16A3,2.3355836868286133,0.004196378614179453
ILC3,44,AC020916.1,1.654353380203247,0.004207387500483096
ILC3,45,PCDH9,6.883092880249023,0.0056811894547574154
ILC3,46,PRPF6,1.4026566743850708,0.005781767358300942
ILC3,47,PRKAR1A,1.2892301082611084,0.005990989666520461
ILC3,48,NFKB1,1.5589103698730469,0.006096850171073578
ILC3,49,ID2,0.8984990119934082,0.006353097283320905
ILC3,50,AHI1,2.0805084705352783,0.007483271762485648
Intermediate macrophages,1,ANKRD13D,3.6554086208343506,1.0
Intermediate macrophages,2,COMMD7,3.254065752029419,1.0
Intermediate macrophages,3,KLRC1,3.8080015182495117,1.0
Intermediate macrophages,4,TUT4,3.1817026138305664,1.0
Intermediate macrophages,5,SUMO1,2.985988140106201,1.0
Intermediate macrophages,6,P4HB,3.036686420440674,1.0
Intermediate macrophages,7,CAPG,3.0611302852630615,1.0
Intermediate macrophages,8,CCL4,3.110145330429077,1.0
Intermediate macrophages,9,FBXO22,4.210702419281006,1.0
Intermediate macrophages,10,NPTN,3.873795509338379,1.0
Intermediate macrophages,11,CD8B,3.059237241744995,1.0
Intermediate macrophages,12,PSMA5,2.6602141857147217,1.0
Intermediate macrophages,13,DHPS,3.5386605262756348,1.0
Intermediate macrophages,14,CELF2,2.41141676902771,1.0
Intermediate macrophages,15,SF3B6,2.5596864223480225,1.0
Intermediate macrophages,16,EIF4B,2.452584743499756,1.0
Intermediate macrophages,17,TBC1D10C,2.4044814109802246,1.0
Intermediate macrophages,18,DHX9,3.1779301166534424,1.0
Intermediate macrophages,19,MFSD10,2.9949710369110107,1.0
Intermediate macrophages,20,ANKRD44,2.435871124267578,1.0
Intermediate macrophages,21,PTBP1,3.0584070682525635,1.0
Intermediate macrophages,22,ARHGDIA,2.4337456226348877,1.0
Intermediate macrophages,23,DDHD1,3.0111992359161377,1.0
Intermediate macrophages,24,SPSB3,2.9976863861083984,1.0
Intermediate macrophages,25,RAB11A,2.8207485675811768,1.0
Intermediate macrophages,26,FABP5,2.7992911338806152,1.0
Intermediate macrophages,27,SNX6,2.3582582473754883,1.0
Intermediate macrophages,28,NDUFB2,2.021287679672241,1.0
Intermediate macrophages,29,MRPL52,2.760366916656494,1.0
Intermediate macrophages,30,ZNF571,6.346369743347168,1.0
Intermediate macrophages,31,ITGAE,2.71138334274292,1.0
Intermediate macrophages,32,G3BP1,2.6700479984283447,1.0
Intermediate macrophages,33,RBM34,5.028481960296631,1.0
Intermediate macrophages,34,PIN1,2.550274610519409,1.0
Intermediate macrophages,35,PTGES3,1.9723293781280518,1.0
Intermediate macrophages,36,ERV3-1,4.470407009124756,1.0
Intermediate macrophages,37,RNPS1,2.474140167236328,1.0
Intermediate macrophages,38,CLASRP,4.2482757568359375,1.0
Intermediate macrophages,39,PARP1,2.458937168121338,1.0
Intermediate macrophages,40,ATP2B1,2.451404571533203,1.0
Intermediate macrophages,41,TCF3,4.113978862762451,1.0
Intermediate macrophages,42,HENMT1,4.060227394104004,1.0
Intermediate macrophages,43,SNAP29,3.937635898590088,1.0
Intermediate macrophages,44,RPP30,3.984952926635742,1.0
Intermediate macrophages,45,SLC35B1,3.9078660011291504,1.0
Intermediate macrophages,46,WIPF1,2.0792901515960693,1.0
Intermediate macrophages,47,SLC39A1,3.9792215824127197,1.0
Intermediate macrophages,48,TNIP3,4.017601013183594,1.0
Intermediate macrophages,49,ADGRE5,2.091595411300659,1.0
Intermediate macrophages,50,HNRNPA1,2.0580506324768066,1.0
Kupffer cells,1,RPSA,1.325934648513794,1.0
Kupffer cells,2,LCP1,2.076547384262085,1.0
Kupffer cells,3,RPL36,1.0089854001998901,1.0
Kupffer cells,4,PTMA,0.70904541015625,1.0
Kupffer cells,5,NDUFA1,2.756716728210449,1.0
Kupffer cells,6,DDX5,1.2027509212493896,1.0
Kupffer cells,7,RPL18,0.9043392539024353,1.0
Kupffer cells,8,RPS15A,0.6250640153884888,1.0
Kupffer cells,9,RPL6,0.8323611617088318,1.0
Kupffer cells,10,RPS27,0.542109489440918,1.0
Kupffer cells,11,ACTG1,1.0758719444274902,1.0
Kupffer cells,12,GUK1,2.152859926223755,1.0
Kupffer cells,13,RPS6,0.35139843821525574,1.0
Kupffer cells,14,RPL24,0.6095306277275085,1.0
Kupffer cells,15,PTPRC,0.8089112043380737,1.0
Kupffer cells,16,RPS4X,0.46109476685523987,1.0
Kupffer cells,17,RPL37,0.6917211413383484,1.0
Kupffer cells,18,MT-CO2,0.4714312255382538,1.0
Kupffer cells,19,B2M,0.3463970422744751,1.0
Kupffer cells,20,EDC4,6.4844770431518555,1.0
Kupffer cells,21,RPL9,0.42999812960624695,1.0
Kupffer cells,22,HLA-B,0.6013773679733276,1.0
Kupffer cells,23,RPL37A,0.8394444584846497,1.0
Kupffer cells,24,RPLP1,0.4359095096588135,1.0
Kupffer cells,25,RPL27A,0.5448134541511536,1.0
Kupffer cells,26,ANKRD11,2.096214771270752,1.0
Kupffer cells,27,RACK1,0.8591052889823914,1.0
Kupffer cells,28,RPL10A,0.518805205821991,1.0
Kupffer cells,29,RPL15,0.36663851141929626,1.0
Kupffer cells,30,TMSB4X,0.31460636854171753,1.0
Kupffer cells,31,ACTB,0.629212498664856,1.0
Kupffer cells,32,RPL10,0.398233026266098,1.0
Kupffer cells,33,RPL38,0.6250741481781006,1.0
Kupffer cells,34,MALAT1,0.4369990825653076,1.0
Kupffer cells,35,MYL6,0.8861610889434814,1.0
Kupffer cells,36,GTF2H5,3.234807014465332,1.0
Kupffer cells,37,MT-ND3,0.5316848754882812,1.0
Kupffer cells,38,BTG1,1.0700860023498535,1.0
Kupffer cells,39,KLF6,1.215646505355835,1.0
Kupffer cells,40,DDX46,2.1081252098083496,1.0
Kupffer cells,41,RPS25,0.3231907784938812,1.0
Kupffer cells,42,JUND,0.5329858660697937,1.0
Kupffer cells,43,UBB,1.2665984630584717,1.0
Kupffer cells,44,MT-CO1,0.3519282937049866,1.0
Kupffer cells,45,IL7R,2.105546474456787,1.0
Kupffer cells,46,RPS27A,-0.012054748833179474,1.0
Kupffer cells,47,RPS24,0.04989076778292656,1.0
Kupffer cells,48,RPS21,0.3272106647491455,1.0
Kupffer cells,49,S100A10,1.1160427331924438,1.0
Kupffer cells,50,FTH1,0.7042469382286072,1.0
Late erythroid,1,SH3BGRL3,1.5676673650741577,1.0
Late erythroid,2,TPM3,2.3965227603912354,1.0
Late erythroid,3,SERF2,1.7203154563903809,1.0
Late erythroid,4,TMSB4X,0.5423563718795776,1.0
Late erythroid,5,PTPRC,1.3926379680633545,1.0
Late erythroid,6,TMSB10,0.8989592790603638,1.0
Late erythroid,7,RPL27A,1.145632028579712,1.0
Late erythroid,8,HCST,1.8902846574783325,1.0
Late erythroid,9,CD3G,2.035975694656372,1.0
Late erythroid,10,CALM2,2.021582841873169,1.0
Late erythroid,11,CYBA,1.4140362739562988,1.0
Late erythroid,12,DDX5,1.1765254735946655,1.0
Late erythroid,13,LINC01871,3.2448577880859375,1.0
Late erythroid,14,RPLP1,0.5068433880805969,1.0
Late erythroid,15,HLA-A,0.7964300513267517,1.0
Late erythroid,16,RPL14,0.8267660140991211,1.0
Late erythroid,17,SEC62,2.8583106994628906,1.0
Late erythroid,18,RPL6,0.8149020671844482,1.0
Late erythroid,19,CD52,0.959193229675293,1.0
Late erythroid,20,RPL7A,0.9705238938331604,1.0
Late erythroid,21,RPL38,1.059570074081421,1.0
Late erythroid,22,SLFN5,2.257736921310425,1.0
Late erythroid,23,RAB1B,3.9903693199157715,1.0
Late erythroid,24,FAU,0.822105348110199,1.0
Late erythroid,25,RPS19,0.5552905201911926,1.0
Late erythroid,26,HLA-C,0.4057638943195343,1.0
Late erythroid,27,RPL26,0.6592530608177185,1.0
Late erythroid,28,ATP5F1E,0.7034825086593628,1.0
Late erythroid,29,MYL6,0.9157994985580444,1.0
Late erythroid,30,LINC01943,3.571510076522827,1.0
Late erythroid,31,RPS29,0.590924084186554,1.0
Late erythroid,32,FABP5,3.2287256717681885,1.0
Late erythroid,33,B2M,0.32399991154670715,1.0
Late erythroid,34,RPL36A,1.2872865200042725,1.0
Late erythroid,35,FTH1,0.714464545249939,1.0
Late erythroid,36,RPS27,0.4610174000263214,1.0
Late erythroid,37,CALM1,0.7793700098991394,1.0
Late erythroid,38,UBB,1.3207134008407593,1.0
Late erythroid,39,GPR171,2.8739633560180664,1.0
Late erythroid,40,MALAT1,0.41588833928108215,1.0
Late erythroid,41,PSME1,1.4158660173416138,1.0
Late erythroid,42,RPS2,0.6306876540184021,1.0
Late erythroid,43,ARPC3,1.2262637615203857,1.0
Late erythroid,44,RPS28,0.5810111165046692,1.0
Late erythroid,45,SRP19,2.7484824657440186,1.0
Late erythroid,46,CCDC107,2.6288836002349854,1.0
Late erythroid,47,MIF,1.8361220359802246,1.0
Late erythroid,48,RPS24,-0.02491156756877899,1.0
Late erythroid,49,ACTB,0.07687440514564514,1.0
Late erythroid,50,NME2,2.4526712894439697,1.0
MAIT cells,1,KLRB1,2.9528255462646484,2.590907972869823e-56
MAIT cells,2,GZMK,3.2194647789001465,7.79585530150901e-37
MAIT cells,3,KLRG1,3.6854560375213623,6.583406638295813e-25
MAIT cells,4,NKG7,1.912110447883606,1.6273544555580669e-22
MAIT cells,5,TRGC1,3.001209020614624,1.5709033691852993e-20
MAIT cells,6,PRF1,2.2543110847473145,2.6458508099885086e-19
MAIT cells,7,GZMA,1.826978325843811,1.04625842959263e-17
MAIT cells,8,CEBPD,3.2003421783447266,2.8087431768881264e-17
MAIT cells,9,SLC4A10,5.812801837921143,2.032294006936426e-14
MAIT cells,10,SPOCK2,1.5633585453033447,1.9802014331505923e-12
MAIT cells,11,TRDC,2.215871572494507,2.126882261966194e-12
MAIT cells,12,RORA,1.5545579195022583,4.058117856847517e-12
MAIT cells,13,CST7,1.440636396408081,8.288131588847152e-12
MAIT cells,14,NCR3,2.7412776947021484,8.758840033273296e-11
MAIT cells,15,ZBTB16,4.279837608337402,3.73623644518762e-10
MAIT cells,16,LTB,1.238668441772461,1.226542130845538e-08
MAIT cells,17,GZMM,1.4770745038986206,1.7290641189590128e-08
MAIT cells,18,DUSP1,1.0907098054885864,7.674642951178803e-08
MAIT cells,19,PPP1R14B,1.580151915550232,7.841824944258612e-08
MAIT cells,20,IL7R,1.2722166776657104,6.595706945517361e-07
MAIT cells,21,TTC39C,1.4607709646224976,7.834187405324031e-07
MAIT cells,22,FKBP11,1.5494656562805176,1.1556342977700478e-06
MAIT cells,23,CXCR4,1.0665010213851929,4.2752844285240316e-06
MAIT cells,24,DPP4,2.1878273487091064,4.9863881233411786e-06
MAIT cells,25,JAML,1.3543858528137207,1.0192664850248968e-05
MAIT cells,26,ERN1,1.7412599325180054,1.3240529516452967e-05
MAIT cells,27,CTSW,1.1948684453964233,2.2399924425616883e-05
MAIT cells,28,APOBEC3G,1.0521478652954102,2.2399924425616883e-05
MAIT cells,29,PHACTR2,1.6537259817123413,3.930636205259737e-05
MAIT cells,30,HCST,0.8735426664352417,3.952714161905897e-05
MAIT cells,31,IFNGR1,2.1635587215423584,4.057096890580491e-05
MAIT cells,32,HNRNPA1,0.8959490656852722,6.342745186449431e-05
MAIT cells,33,SYNE2,0.9760158658027649,7.373670409873372e-05
MAIT cells,34,LAPTM5,0.9067495465278625,8.204236267194151e-05
MAIT cells,35,TRGC2,1.1755125522613525,9.722747074143215e-05
MAIT cells,36,AQP3,1.715900182723999,9.973244219756027e-05
MAIT cells,37,CLEC2B,0.9902284145355225,0.00013988630368579324
MAIT cells,38,LINC01871,1.1611955165863037,0.00020582787532557738
MAIT cells,39,LBH,1.1618596315383911,0.00023768052425083007
MAIT cells,40,ITM2C,1.3869247436523438,0.0002731317665600456
MAIT cells,41,IL18RAP,2.859419345855713,0.0003289078788720959
MAIT cells,42,LYAR,1.3041526079177856,0.00034895348803442336
MAIT cells,43,CCL4,1.0561869144439697,0.000601483045885394
MAIT cells,44,GLRX,1.2463247776031494,0.0007632165352158035
MAIT cells,45,HLA-F,0.8725895881652832,0.0016503070264139695
MAIT cells,46,PAXX,0.948306679725647,0.0016716042174917535
MAIT cells,47,C1QBP,1.1579651832580566,0.0021486074922560014
MAIT cells,48,PTMS,1.018886685371399,0.004975284129204678
MAIT cells,49,RTRAF,0.9450303912162781,0.0052863539357614195
MAIT cells,50,MATK,1.0990121364593506,0.005402736792180591
Macrophages,1,MAP2K2,3.297861099243164,1.0
Macrophages,2,CEBPB,2.968045473098755,1.0
Macrophages,3,XBP1,3.257559299468994,1.0
Macrophages,4,ZFP36L2,2.0341949462890625,1.0
Macrophages,5,CTSC,2.344933271408081,1.0
Macrophages,6,SP100,2.4455809593200684,1.0
Macrophages,7,STN1,3.7420482635498047,1.0
Macrophages,8,HM13,3.111109733581543,1.0
Macrophages,9,HERPUD1,2.823660373687744,1.0
Macrophages,10,TSC22D3,1.7522929906845093,1.0
Macrophages,11,PDAP1,2.86592173576355,1.0
Macrophages,12,RBBP6,2.781609058380127,1.0
Macrophages,13,SBDS,2.660673141479492,1.0
Macrophages,14,TMEM165,2.641718864440918,1.0
Macrophages,15,BPTF,2.1494672298431396,1.0
Macrophages,16,CELF1,2.731933832168579,1.0
Macrophages,17,HAUS1,4.139621257781982,1.0
Macrophages,18,CAP1,1.9897096157073975,1.0
Macrophages,19,XCL2,2.8404767513275146,1.0
Macrophages,20,HEXB,4.084216117858887,1.0
Macrophages,21,PSME2,1.9910372495651245,1.0
Macrophages,22,SEC11A,2.0388972759246826,1.0
Macrophages,23,PIM1,2.1895411014556885,1.0
Macrophages,24,PLEKHO1,2.472306251525879,1.0
Macrophages,25,UBE2D2,1.9904307126998901,1.0
Macrophages,26,NUDT14,3.60467791557312,1.0
Macrophages,27,H1FX,1.9853825569152832,1.0
Macrophages,28,IER2,1.878687858581543,1.0
Macrophages,29,SOD2,3.48858904838562,1.0
Macrophages,30,EEA1,3.2680704593658447,1.0
Macrophages,31,TMEM43,3.333638906478882,1.0
Macrophages,32,MDFIC,2.3626058101654053,1.0
Macrophages,33,PARP14,2.260693073272705,1.0
Macrophages,34,RAC2,1.72107994556427,1.0
Macrophages,35,ECI1,3.1209969520568848,1.0
Macrophages,36,ACTN4,1.9544451236724854,1.0
Macrophages,37,ODF2L,2.2944860458374023,1.0
Macrophages,38,TUBA1A,2.094874143600464,1.0
Macrophages,39,UFC1,2.167975664138794,1.0
Macrophages,40,AP2M1,2.0708091259002686,1.0
Macrophages,41,TSPO,1.7668248414993286,1.0
Macrophages,42,PLP2,1.7743189334869385,1.0
Macrophages,43,ANKRD28,2.1944782733917236,1.0
Macrophages,44,CKLF,1.6537768840789795,1.0
Macrophages,45,ARID1B,2.059243679046631,1.0
Macrophages,46,TSTA3,2.6553022861480713,1.0
Macrophages,47,TSTD1,1.9801937341690063,1.0
Macrophages,48,DGKZ,2.674600124359131,1.0
Macrophages,49,ATP5F1D,1.6410218477249146,1.0
Macrophages,50,SRRM2,1.7082489728927612,1.0
Mast cells,1,SUDS3,5.72615909576416,1.0
Mast cells,2,UBE2M,4.780460357666016,1.0
Mast cells,3,DPP7,4.340071201324463,1.0
Mast cells,4,UBXN1,3.6457605361938477,1.0
Mast cells,5,TOP1,4.207006454467773,1.0
Mast cells,6,RAC2,2.8703267574310303,1.0
Mast cells,7,NUCKS1,3.6613662242889404,1.0
Mast cells,8,PRPF4B,3.7575695514678955,1.0
Mast cells,9,ARF6,3.405496597290039,1.0
Mast cells,10,LSM7,3.5832459926605225,1.0
Mast cells,11,PTP4A2,3.1478376388549805,1.0
Mast cells,12,DRAP1,3.217667818069458,1.0
Mast cells,13,HMGN2,3.141805410385132,1.0
Mast cells,14,MSN,2.937183141708374,1.0
Mast cells,15,AL049840.4,8.893088340759277,1.0
Mast cells,16,AC010186.3,8.125819206237793,1.0
Mast cells,17,AKAP13,3.0228192806243896,1.0
Mast cells,18,AHNAK,2.6809539794921875,1.0
Mast cells,19,PUSL1,5.987260818481445,1.0
Mast cells,20,JHY,6.311159610748291,1.0
Mast cells,21,TTC21B,6.140828609466553,1.0
Mast cells,22,ACYP2,5.717601776123047,1.0
Mast cells,23,STXBP5,6.098306655883789,1.0
Mast cells,24,ULK3,6.035092830657959,1.0
Mast cells,25,NPM1,2.2347984313964844,1.0
Mast cells,26,AC087239.1,5.844935894012451,1.0
Mast cells,27,JUND,1.5247117280960083,1.0
Mast cells,28,CLK3,5.363222599029541,1.0
Mast cells,29,PCNX3,5.457923889160156,1.0
Mast cells,30,ARGLU1,2.658243179321289,1.0
Mast cells,31,SKP1,2.5887246131896973,1.0
Mast cells,32,ABCB8,5.129979133605957,1.0
Mast cells,33,EPG5,5.029932498931885,1.0
Mast cells,34,GET3,4.925455570220947,1.0
Mast cells,35,RARS2,5.15328311920166,1.0
Mast cells,36,ZNF37A,5.112971305847168,1.0
Mast cells,37,NGRN,4.952502250671387,1.0
Mast cells,38,ACSF3,4.648135185241699,1.0
Mast cells,39,ACO2,4.414917945861816,1.0
Mast cells,40,BTN2A1,4.487797260284424,1.0
Mast cells,41,CHCHD2,2.287307024002075,1.0
Mast cells,42,IL4R,4.690462112426758,1.0
Mast cells,43,MAP3K4,4.4536309242248535,1.0
Mast cells,44,TMEM18,4.357382297515869,1.0
Mast cells,45,KPNA1,4.376889228820801,1.0
Mast cells,46,R3HDM1,4.330881118774414,1.0
Mast cells,47,HMGCS1,4.317775726318359,1.0
Mast cells,48,SSR4,2.437128782272339,1.0
Mast cells,49,CDIPT,4.253836631774902,1.0
Mast cells,50,EXOSC9,4.576014995574951,1.0
Memory B cells,1,MALAT1,0.46758371591567993,2.856940123124791e-39
Memory B cells,2,RPL41,0.4700770974159241,9.628079458693371e-37
Memory B cells,3,MT-CO2,0.4006269872188568,5.500522125561286e-36
Memory B cells,4,B2M,0.31361642479896545,2.2915151191977614e-34
Memory B cells,5,EEF1A1,0.32252389192581177,1.9322787229735381e-31
Memory B cells,6,MT-ND3,0.40627941489219666,9.17236030845646e-31
Memory B cells,7,RPL28,0.2762979567050934,2.81952606787764e-30
Memory B cells,8,RPS27,0.3605383634567261,1.2860564890070062e-29
Memory B cells,9,MT-CO1,0.23894411325454712,1.2860564890070062e-29
Memory B cells,10,RPS24,0.33225467801094055,1.5999064423757722e-29
Memory B cells,11,RPS15A,0.346002995967865,1.494756451562323e-28
Memory B cells,12,RPL11,0.32307127118110657,3.7716571132321146e-28
Memory B cells,13,RPL39,0.36276209354400635,3.7716571132321146e-28
Memory B cells,14,RPLP1,0.2801053524017334,1.6682622759071776e-27
Memory B cells,15,RPL26,0.38122981786727905,1.6813873236919476e-27
Memory B cells,16,RPL34,0.3912768065929413,3.275319353683943e-27
Memory B cells,17,MT-ATP6,0.2017807513475418,8.91821003814204e-26
Memory B cells,18,RPL10,0.17479383945465088,1.2991769435241354e-25
Memory B cells,19,TPT1,0.19217489659786224,4.977505428370142e-25
Memory B cells,20,RPS29,0.32726171612739563,2.2867377339411434e-24
Memory B cells,21,TMSB4X,0.1753779649734497,2.639046198321493e-24
Memory B cells,22,RPL13,0.15014326572418213,4.337293221781445e-24
Memory B cells,23,RPS28,0.2565767168998718,1.053900220331765e-23
Memory B cells,24,RPS18,0.15604090690612793,3.0423963267324755e-23
Memory B cells,25,RPS27A,0.14728441834449768,4.163577148572651e-22
Memory B cells,26,RPS12,0.21467101573944092,3.2921210248192252e-21
Memory B cells,27,RPL32,0.12002252042293549,7.752008311173243e-21
Memory B cells,28,PTMA,0.17041578888893127,4.2437684224713365e-20
Memory B cells,29,RPL37,0.20621468126773834,6.578118205176807e-20
Memory B cells,30,RPL30,0.09531241655349731,1.102767935540679e-19
Memory B cells,31,RPL12,0.19934587180614471,8.042310869660896e-19
Memory B cells,32,RPS15,0.07895271480083466,1.3041011615564404e-18
Memory B cells,33,MT-CYB,0.09211249649524689,2.4121840005234715e-18
Memory B cells,34,RPS8,0.17505161464214325,2.9117019559201196e-18
Memory B cells,35,MT-ND2,0.20649001002311707,3.793819681442857e-18
Memory B cells,36,RPS21,0.20225559175014496,1.3237428832705433e-16
Memory B cells,37,RPL6,0.11480586230754852,1.043802738845059e-15
Memory B cells,38,RPL21,0.0582636222243309,1.5375567089072094e-15
Memory B cells,39,RPS2,0.049181874841451645,1.6124939202375716e-15
Memory B cells,40,RPLP2,0.08925279974937439,4.989053945408888e-15
Memory B cells,41,RPL35A,0.07608569413423538,5.99841699625145e-15
Memory B cells,42,MT-CO3,-0.006584044545888901,9.13658312886973e-15
Memory B cells,43,RPS23,-0.00794690940529108,1.7852208603087533e-14
Memory B cells,44,ACTB,-0.008767366409301758,3.577769394332414e-14
Memory B cells,45,RPL13A,-0.04381182789802551,4.6705754831859805e-14
Memory B cells,46,RPL17,0.6715189814567566,9.5907201445268e-14
Memory B cells,47,RPL19,-0.013268359005451202,3.0132984373974733e-13
Memory B cells,48,TXNIP,0.5251659750938416,8.645678233821549e-13
Memory B cells,49,RPL37A,0.04394356533885002,2.969141438990021e-12
Memory B cells,50,RPL38,0.14737947285175323,9.719598301278903e-12
Memory CD4+ cytotoxic T cells,1,GZMK,3.1128149032592773,1.0
Memory CD4+ cytotoxic T cells,2,MALAT1,0.3770180940628052,1.0
Memory CD4+ cytotoxic T cells,3,FAU,0.5512318015098572,1.0
Memory CD4+ cytotoxic T cells,4,RPL38,0.8019013404846191,1.0
Memory CD4+ cytotoxic T cells,5,RPL9,0.5973511338233948,1.0
Memory CD4+ cytotoxic T cells,6,RPS27A,0.3945711553096771,1.0
Memory CD4+ cytotoxic T cells,7,CCL5,1.0564467906951904,1.0
Memory CD4+ cytotoxic T cells,8,RPS27,0.34266534447669983,1.0
Memory CD4+ cytotoxic T cells,9,RPL13,0.3173966705799103,1.0
Memory CD4+ cytotoxic T cells,10,EIF1,0.3953431248664856,1.0
Memory CD4+ cytotoxic T cells,11,TPT1,0.2718847095966339,1.0
Memory CD4+ cytotoxic T cells,12,RPLP1,0.28109821677207947,1.0
Memory CD4+ cytotoxic T cells,13,UBC,0.4896133840084076,1.0
Memory CD4+ cytotoxic T cells,14,RPL39,0.3912486732006073,1.0
Memory CD4+ cytotoxic T cells,15,CALM1,0.4220047891139984,1.0
Memory CD4+ cytotoxic T cells,16,RPL36,0.28448477387428284,1.0
Memory CD4+ cytotoxic T cells,17,GCC2,1.5761669874191284,1.0
Memory CD4+ cytotoxic T cells,18,RPS29,0.255132794380188,1.0
Memory CD4+ cytotoxic T cells,19,B2M,0.20071622729301453,1.0
Memory CD4+ cytotoxic T cells,20,SMG1,1.931502103805542,1.0
Memory CD4+ cytotoxic T cells,21,KLF6,0.6541388034820557,1.0
Memory CD4+ cytotoxic T cells,22,RPL13A,0.3515271842479706,1.0
Memory CD4+ cytotoxic T cells,23,BTG1,0.5841711163520813,1.0
Memory CD4+ cytotoxic T cells,24,RPLP2,0.20617857575416565,1.0
Memory CD4+ cytotoxic T cells,25,TMSB4X,0.20907902717590332,1.0
Memory CD4+ cytotoxic T cells,26,CRIP1,0.9159723520278931,1.0
Memory CD4+ cytotoxic T cells,27,RPS15,0.3279653787612915,1.0
Memory CD4+ cytotoxic T cells,28,RPL17,0.5577092170715332,1.0
Memory CD4+ cytotoxic T cells,29,RPL7A,0.29985061287879944,1.0
Memory CD4+ cytotoxic T cells,30,RPL28,0.14238376915454865,1.0
Memory CD4+ cytotoxic T cells,31,RPS7,0.16400495171546936,1.0
Memory CD4+ cytotoxic T cells,32,RPS6,0.25698211789131165,1.0
Memory CD4+ cytotoxic T cells,33,RPL27A,0.32298749685287476,1.0
Memory CD4+ cytotoxic T cells,34,GZMA,1.1938005685806274,1.0
Memory CD4+ cytotoxic T cells,35,RPS15A,0.1759434938430786,1.0
Memory CD4+ cytotoxic T cells,36,RPL41,0.08557877689599991,1.0
Memory CD4+ cytotoxic T cells,37,RPS25,0.17611894011497498,1.0
Memory CD4+ cytotoxic T cells,38,MT-ND3,-0.08094280958175659,1.0
Memory CD4+ cytotoxic T cells,39,RPL10,0.11145218461751938,1.0
Memory CD4+ cytotoxic T cells,40,RPL26,0.12065021693706512,1.0
Memory CD4+ cytotoxic T cells,41,MT-CO2,0.08038444817066193,1.0
Memory CD4+ cytotoxic T cells,42,CXCR4,1.0719470977783203,1.0
Memory CD4+ cytotoxic T cells,43,SRP14,0.5864093899726868,1.0
Memory CD4+ cytotoxic T cells,44,GPR183,1.7690939903259277,1.0
Memory CD4+ cytotoxic T cells,45,MT-CYB,-0.16208505630493164,1.0
Memory CD4+ cytotoxic T cells,46,NDUFA4,0.868948757648468,1.0
Memory CD4+ cytotoxic T cells,47,RPL35A,0.1053372472524643,1.0
Memory CD4+ cytotoxic T cells,48,HLA-B,0.07616066187620163,1.0
Memory CD4+ cytotoxic T cells,49,ENY2,1.5883698463439941,1.0
Memory CD4+ cytotoxic T cells,50,TLK1,1.8266459703445435,1.0
Mid erythroid,1,CHCHD2,3.022477626800537,1.0
Mid erythroid,2,JUN,2.7712554931640625,1.0
Mid erythroid,3,UBC,2.173430919647217,1.0
Mid erythroid,4,RPS12,0.9047645330429077,1.0
Mid erythroid,5,RPL9,1.264914631843567,1.0
Mid erythroid,6,NACA,1.4636332988739014,1.0
Mid erythroid,7,MT-CO3,0.8931906223297119,1.0
Mid erythroid,8,RPL8,1.3374348878860474,1.0
Mid erythroid,9,MT-CO2,0.7012328505516052,1.0
Mid erythroid,10,RPL37,1.0040096044540405,1.0
Mid erythroid,11,RPL21,1.059146761894226,1.0
Mid erythroid,12,RPL3,1.2964884042739868,1.0
Mid erythroid,13,RPL35,1.3158904314041138,1.0
Mid erythroid,14,RPL13,0.6791334748268127,1.0
Mid erythroid,15,RPS3A,0.9895610809326172,1.0
Mid erythroid,16,RPL6,1.0409573316574097,1.0
Mid erythroid,17,RPS9,1.2633693218231201,1.0
Mid erythroid,18,MALAT1,0.6756179332733154,1.0
Mid erythroid,19,RPS19,0.7819045186042786,1.0
Mid erythroid,20,RPL18A,0.9510495662689209,1.0
Mid erythroid,21,RPS11,1.3283551931381226,1.0
Mid erythroid,22,RPS24,0.7396968603134155,1.0
Mid erythroid,23,RPS4X,1.0260062217712402,1.0
Mid erythroid,24,RPS23,0.9299735426902771,1.0
Mid erythroid,25,MT-CYB,0.8031965494155884,1.0
Mid erythroid,26,RPS18,0.7391016483306885,1.0
Mid erythroid,27,RPLP1,0.6308161616325378,1.0
Mid erythroid,28,MT-CO1,0.5771970748901367,1.0
Mid erythroid,29,RPS8,0.8202068209648132,1.0
Mid erythroid,30,RPL26,0.8178563117980957,1.0
Mid erythroid,31,PTMA,0.8171579241752625,1.0
Mid erythroid,32,RPL34,0.7502522468566895,1.0
Mid erythroid,33,TPT1,0.5483529567718506,1.0
Mid erythroid,34,C9orf16,3.1662676334381104,1.0
Mid erythroid,35,TPI1,3.1039326190948486,1.0
Mid erythroid,36,VAMP8,2.8924014568328857,1.0
Mid erythroid,37,APRT,2.5495200157165527,1.0
Mid erythroid,38,RPS27,0.5804718136787415,1.0
Mid erythroid,39,GNAS,1.6355003118515015,1.0
Mid erythroid,40,RPL10,0.5728994607925415,1.0
Mid erythroid,41,EEF1A1,0.5851321220397949,1.0
Mid erythroid,42,EEF1B2,1.2018311023712158,1.0
Mid erythroid,43,RPS27A,0.552115797996521,1.0
Mid erythroid,44,PSME1,1.690492033958435,1.0
Mid erythroid,45,RPL11,0.6343344449996948,1.0
Mid erythroid,46,BTF3,1.2710578441619873,1.0
Mid erythroid,47,ELOVL6,6.314772129058838,1.0
Mid erythroid,48,CENPM,5.849052429199219,1.0
Mid erythroid,49,CYBA,1.1125448942184448,1.0
Mid erythroid,50,LINC01089,5.026208877563477,1.0
Mono-mac,1,SH2D1A,4.951241970062256,1.0
Mono-mac,2,CD6,4.267454147338867,1.0
Mono-mac,3,RAN,3.2733569145202637,1.0
Mono-mac,4,CLEC2B,3.25854754447937,1.0
Mono-mac,5,C9orf78,3.504879951477051,1.0
Mono-mac,6,H2AFZ,2.8864364624023438,1.0
Mono-mac,7,CRCP,5.291882514953613,1.0
Mono-mac,8,MAN1A1,5.246137619018555,1.0
Mono-mac,9,TRAF3,5.18936824798584,1.0
Mono-mac,10,TPGS2,4.908092498779297,1.0
Mono-mac,11,AKAP17A,4.3085174560546875,1.0
Mono-mac,12,CISD2,4.221599578857422,1.0
Mono-mac,13,ARPC1B,2.5187957286834717,1.0
Mono-mac,14,PHF14,3.6322739124298096,1.0
Mono-mac,15,RSBN1,3.772200107574463,1.0
Mono-mac,16,EAPP,3.5986509323120117,1.0
Mono-mac,17,TAF15,3.5889499187469482,1.0
Mono-mac,18,GPR174,3.632301092147827,1.0
Mono-mac,19,SYNCRIP,3.451242208480835,1.0
Mono-mac,20,PPP1R7,3.2652411460876465,1.0
Mono-mac,21,LNPEP,3.1562459468841553,1.0
Mono-mac,22,CIRBP,2.2854208946228027,1.0
Mono-mac,23,BANF1,3.0579984188079834,1.0
Mono-mac,24,GLS,2.9299309253692627,1.0
Mono-mac,25,VAPA,2.7945432662963867,1.0
Mono-mac,26,PIP4K2A,2.962855339050293,1.0
Mono-mac,27,SERPINB1,2.897641658782959,1.0
Mono-mac,28,TNFAIP8,2.6854140758514404,1.0
Mono-mac,29,EIF4B,2.6338038444519043,1.0
Mono-mac,30,CD46,2.898789167404175,1.0
Mono-mac,31,UBB,1.9411585330963135,1.0
Mono-mac,32,CCDC107,2.85567307472229,1.0
Mono-mac,33,EIF1B,2.832148551940918,1.0
Mono-mac,34,REX1BD,2.80102801322937,1.0
Mono-mac,35,YWHAQ,2.639165163040161,1.0
Mono-mac,36,CNBP,2.4001426696777344,1.0
Mono-mac,37,DDX18,2.7401695251464844,1.0
Mono-mac,38,FAM133B,2.806527853012085,1.0
Mono-mac,39,HNRNPF,2.4066343307495117,1.0
Mono-mac,40,UBE2I,2.517759323120117,1.0
Mono-mac,41,PAG1,2.7415592670440674,1.0
Mono-mac,42,DIAPH1,2.506070852279663,1.0
Mono-mac,43,SSBP1,2.56380033493042,1.0
Mono-mac,44,SF3B5,2.457223415374756,1.0
Mono-mac,45,MYCBP2,2.3502111434936523,1.0
Mono-mac,46,MIER1,2.5371432304382324,1.0
Mono-mac,47,TSPO,2.2133138179779053,1.0
Mono-mac,48,TRMT112,2.1654393672943115,1.0
Mono-mac,49,PCBP1,2.0720157623291016,1.0
Mono-mac,50,MPHOSPH8,2.2465808391571045,1.0
Monocytes,1,IER2,2.9612693786621094,1.0
Monocytes,2,SUGT1,3.5506463050842285,1.0
Monocytes,3,HLA-DPB1,2.884636640548706,1.0
Monocytes,4,AP2B1,3.420279026031494,1.0
Monocytes,5,CLK1,2.87835693359375,1.0
Monocytes,6,ANP32B,2.0542891025543213,1.0
Monocytes,7,SLC9A3R1,2.701997995376587,1.0
Monocytes,8,VDAC1,2.62322735786438,1.0
Monocytes,9,PNISR,1.767563819885254,1.0
Monocytes,10,RPS5,1.1155996322631836,1.0
Monocytes,11,ATP6V0E1,1.8894380331039429,1.0
Monocytes,12,COMMD6,1.6855367422103882,1.0
Monocytes,13,RPSA,1.0300805568695068,1.0
Monocytes,14,EEF2,1.5735775232315063,1.0
Monocytes,15,MT-ND5,1.3210275173187256,1.0
Monocytes,16,SMDT1,2.2515692710876465,1.0
Monocytes,17,FOS,1.9825454950332642,1.0
Monocytes,18,CNBP,2.0984909534454346,1.0
Monocytes,19,CCNT1,4.156669616699219,1.0
Monocytes,20,MBNL2,4.182909965515137,1.0
Monocytes,21,DDX17,1.7016122341156006,1.0
Monocytes,22,IMP4,3.768580198287964,1.0
Monocytes,23,VAMP4,3.8112642765045166,1.0
Monocytes,24,RO60,3.939304828643799,1.0
Monocytes,25,XRCC5,2.054927349090576,1.0
Monocytes,26,NEAT1,1.6743005514144897,1.0
Monocytes,27,ACTN4,2.0111355781555176,1.0
Monocytes,28,APBB1IP,2.1621410846710205,1.0
Monocytes,29,RPL22,1.016352653503418,1.0
Monocytes,30,TIMMDC1,3.5937681198120117,1.0
Monocytes,31,TMEM106B,3.6241695880889893,1.0
Monocytes,32,CD247,1.9843065738677979,1.0
Monocytes,33,FTL,2.340761184692383,1.0
Monocytes,34,ITPKB,3.4856622219085693,1.0
Monocytes,35,NDUFB11,1.975964069366455,1.0
Monocytes,36,TRIM44,3.469085454940796,1.0
Monocytes,37,NDUFC2,1.9793345928192139,1.0
Monocytes,38,BLOC1S4,3.18416166305542,1.0
Monocytes,39,MRPS33,3.307040214538574,1.0
Monocytes,40,RAB22A,3.244884729385376,1.0
Monocytes,41,PFDN6,3.2967121601104736,1.0
Monocytes,42,JAK1,1.7150349617004395,1.0
Monocytes,43,ZNF24,3.177780866622925,1.0
Monocytes,44,ABRACL,1.9494967460632324,1.0
Monocytes,45,IMMT,3.167431354522705,1.0
Monocytes,46,TIMP1,3.178473711013794,1.0
Monocytes,47,SF1,1.692339539527893,1.0
Monocytes,48,C1D,3.0606844425201416,1.0
Monocytes,49,RPL37A,0.6934952139854431,1.0
Monocytes,50,PPP2CA,2.990312099456787,1.0
Myelocytes,1,TMSB10,0.8233376145362854,4.851766874945636e-07
Myelocytes,2,MALAT1,0.577357828617096,1.1955378137432372e-05
Myelocytes,3,PTPRC,1.0319390296936035,3.276148018219355e-05
Myelocytes,4,RPLP1,0.4080283045768738,3.98612715605168e-05
Myelocytes,5,B2M,0.4022960960865021,3.98612715605168e-05
Myelocytes,6,DDX5,0.8715817928314209,3.989505893902213e-05
Myelocytes,7,TMSB4X,0.4145364761352539,3.989505893902213e-05
Myelocytes,8,S100A6,0.9337636232376099,0.00011184046488787697
Myelocytes,9,RPL34,0.6568791270256042,0.00014473030880312682
Myelocytes,10,RPL36,0.8339853882789612,0.00014768612014123876
Myelocytes,11,RPS24,0.5128631591796875,0.00014768612014123876
Myelocytes,12,RPS29,0.45036065578460693,0.00020695615258395234
Myelocytes,13,RPL12,0.6461519598960876,0.00022183193453826142
Myelocytes,14,RPS27,0.4159640669822693,0.0003296732542574236
Myelocytes,15,RPL41,0.36480334401130676,0.0003296732542574236
Myelocytes,16,RPL35A,0.6093219518661499,0.0004285946320095957
Myelocytes,17,RPL18A,0.4643397033214569,0.00059170085454301
Myelocytes,18,RPL39,0.4002954065799713,0.0006789051171653157
Myelocytes,19,RPS8,0.44673842191696167,0.0008294055218268919
Myelocytes,20,PTMA,0.30951976776123047,0.0008555433291087038
Myelocytes,21,RPS28,0.4518575668334961,0.0008555433291087038
Myelocytes,22,RPL28,0.36400923132896423,0.0009655447415180475
Myelocytes,23,RPL37A,0.5277739763259888,0.0010681780831292194
Myelocytes,24,TPT1,0.31742897629737854,0.0017554453894979495
Myelocytes,25,RPLP2,0.4873470664024353,0.0024109478482235236
Myelocytes,26,HLA-A,0.4874298572540283,0.002579806062452838
Myelocytes,27,RPL13,0.31032153964042664,0.005256448488662443
Myelocytes,28,ACTB,0.24504081904888153,0.005993508984217559
Myelocytes,29,MT-ATP6,0.34150955080986023,0.00703151364696299
Myelocytes,30,RPL36A,1.1379364728927612,0.011641326976530801
Myelocytes,31,RPL37,0.23210933804512024,0.011930123161967598
Myelocytes,32,RPS15A,0.30145010352134705,0.017877455510903452
Myelocytes,33,RPL21,0.37716415524482727,0.030115794387704856
Myelocytes,34,RPL10,0.2816937267780304,0.04603447725677503
Myelocytes,35,CRIP1,1.1580969095230103,0.054624713898659596
Myelocytes,36,RPL14,0.190323606133461,0.06107714225598038
Myelocytes,37,RPL9,0.27509191632270813,0.07940433996312514
Myelocytes,38,MT-ND3,0.15019650757312775,0.10837092605328137
Myelocytes,39,RPS27A,0.23054559528827667,0.12756451268419167
Myelocytes,40,RPS7,0.1464342623949051,0.1335312194161105
Myelocytes,41,MT-CO1,0.2453148365020752,0.14252552001057034
Myelocytes,42,RPL17,0.7817255854606628,0.24757945471115644
Myelocytes,43,RPS12,0.06783245503902435,0.26703590650980835
Myelocytes,44,RPL30,0.0246269591152668,0.34883643674561887
Myelocytes,45,RPS25,0.06646058708429337,0.3616037138744337
Myelocytes,46,FTH1,0.23417246341705322,0.3616037138744337
Myelocytes,47,HMGB1,0.49606773257255554,0.36535498581189474
Myelocytes,48,RPS18,0.07870907336473465,0.382344923162158
Myelocytes,49,RPL6,0.0017403943929821253,0.42667501568882055
Myelocytes,50,SRGN,0.8938531279563904,0.5192153141847902
NK cells,1,NKG7,2.4134023189544678,3.607934806626782e-129
NK cells,2,GNLY,3.100130558013916,4.5480100143397904e-104
NK cells,3,KLRD1,2.1858623027801514,1.558648012699084e-83
NK cells,4,CTSW,2.1379551887512207,3.5799246526355163e-75
NK cells,5,TRDC,2.5061399936676025,6.123126296442393e-51
NK cells,6,XCL1,2.4525976181030273,1.879983028453085e-45
NK cells,7,KLRC2,2.2531073093414307,6.840070582072125e-40
NK cells,8,XCL2,2.108961343765259,1.4397783175252094e-38
NK cells,9,CD7,1.2933930158615112,3.342107829404657e-36
NK cells,10,HOPX,1.519964337348938,4.2502500866382336e-32
NK cells,11,TNFRSF18,1.8874812126159668,1.8839792032489712e-29
NK cells,12,IFITM2,1.0354764461517334,6.481026379035329e-28
NK cells,13,ZNF683,1.6174633502960205,1.1762561036672086e-27
NK cells,14,CD63,1.0504263639450073,5.272990490552014e-26
NK cells,15,MATK,1.5514321327209473,7.34222982519574e-24
NK cells,16,KLRC1,1.6521275043487549,1.1986546610335565e-18
NK cells,17,IL2RB,1.1532901525497437,2.893888059539469e-17
NK cells,18,RUNX3,0.9291602373123169,3.3978036472426467e-11
NK cells,19,FOS,0.5779367089271545,5.649848348605878e-09
NK cells,20,TCF7,1.1587245464324951,8.613469029078265e-09
NK cells,21,SRGAP3,1.8503237962722778,1.870054575110854e-08
NK cells,22,GZMB,1.3086256980895996,2.134290929199292e-07
NK cells,23,TRGC1,1.4890356063842773,5.770542118038509e-07
NK cells,24,TXK,1.9592642784118652,8.680132366346889e-07
NK cells,25,PRF1,1.0146716833114624,1.670952372011066e-06
NK cells,26,ITGAX,3.0760722160339355,1.7477338197524935e-06
NK cells,27,TPST2,1.1730586290359497,2.248466572305647e-06
NK cells,28,NUCB2,1.011607050895691,2.8462914377121268e-06
NK cells,29,ITM2C,1.0002772808074951,5.48930059910976e-06
NK cells,30,IFITM3,2.0560827255249023,6.038697510108297e-06
NK cells,31,TUBA1B,0.6520289182662964,1.0243359926549546e-05
NK cells,32,ID2,0.5592508316040039,2.7095228345202675e-05
NK cells,33,PLAC8,1.4245178699493408,3.978845715969008e-05
NK cells,34,CXXC5,1.9437150955200195,4.319360021244775e-05
NK cells,35,MBP,0.6075747609138489,8.71772711034769e-05
NK cells,36,APOBEC3G,0.5986396670341492,0.00013164137499012274
NK cells,37,HMGN3,0.8304514288902283,0.0001853045493371739
NK cells,38,DUSP2,0.9492989182472229,0.0001853045493371739
NK cells,39,CARD19,1.2294485569000244,0.00021526334421610632
NK cells,40,SERPINB6,1.3111073970794678,0.000417548964640833
NK cells,41,KIR2DL4,3.0010035037994385,0.00044662464378225647
NK cells,42,AHI1,1.4822030067443848,0.0004799594060412014
NK cells,43,TRGC2,0.6518765687942505,0.0004949882220297633
NK cells,44,HCST,0.40159404277801514,0.0009042438666595459
NK cells,45,LAT2,1.6141773462295532,0.0010999488223456665
NK cells,46,TUBB,0.692436933517456,0.0011531262086937153
NK cells,47,ATM,0.5894692540168762,0.001283658678224859
NK cells,48,REL,0.7446850538253784,0.001455968585568101
NK cells,49,SEC11A,0.5271733403205872,0.00157212021990279
NK cells,50,CTSA,0.9623626470565796,0.0016600481824411509
NKT cells,1,TMSB4X,0.37471872568130493,0.05120976915289109
NKT cells,2,MALAT1,0.46415576338768005,0.05120976915289109
NKT cells,3,HLA-B,0.4388209581375122,0.1210068625382861
NKT cells,4,B2M,0.3275996744632721,0.14995864606356868
NKT cells,5,MT-CO2,0.3953162431716919,0.1680740866335759
NKT cells,6,RPS27,0.3235519826412201,0.2561208102752116
NKT cells,7,HLA-E,0.7384860515594482,0.5737243695815715
NKT cells,8,RPL24,0.6238786578178406,0.6484261053671031
NKT cells,9,RPL10,0.38481026887893677,0.6484261053671031
NKT cells,10,PTPRC,0.4932307004928589,0.8809993929646975
NKT cells,11,MT-CO1,0.18875673413276672,0.8968847599536601
NKT cells,12,MT-ND3,0.1957237869501114,0.8968847599536601
NKT cells,13,HLA-C,0.33742690086364746,0.8968847599536601
NKT cells,14,RPS27A,0.3331185281276703,0.9145859138177925
NKT cells,15,RPL26,0.2785736620426178,1.0
NKT cells,16,RPLP1,0.32676345109939575,1.0
NKT cells,17,ACTB,0.20106416940689087,1.0
NKT cells,18,RPL17,0.9538052678108215,1.0
NKT cells,19,IFITM2,1.3041636943817139,1.0
NKT cells,20,CD52,0.5212518572807312,1.0
NKT cells,21,RPS28,0.15721535682678223,1.0
NKT cells,22,RPL30,0.32162460684776306,1.0
NKT cells,23,RPS24,0.06905312836170197,1.0
NKT cells,24,RPS29,0.20343898236751556,1.0
NKT cells,25,RPL6,0.2609080672264099,1.0
NKT cells,26,KLRC3,3.6550004482269287,1.0
NKT cells,27,PTMA,0.10197670757770538,1.0
NKT cells,28,RPL34,0.19208398461341858,1.0
NKT cells,29,IL32,0.45948755741119385,1.0
NKT cells,30,NKG7,1.4495015144348145,1.0
NKT cells,31,RPL13,0.1902393102645874,1.0
NKT cells,32,RPL23A,0.2307245135307312,1.0
NKT cells,33,RPS2,0.3233373761177063,1.0
NKT cells,34,MT-ATP6,0.34232401847839355,1.0
NKT cells,35,AKAP13,1.4270964860916138,1.0
NKT cells,36,RPS15,0.13232780992984772,1.0
NKT cells,37,RPS11,0.25521761178970337,1.0
NKT cells,38,RPL13A,0.289960116147995,1.0
NKT cells,39,RPL28,-0.062481850385665894,1.0
NKT cells,40,RPS26,0.5894853472709656,1.0
NKT cells,41,RPS12,0.10284652560949326,1.0
NKT cells,42,RPL39,0.026909125968813896,1.0
NKT cells,43,EIF1,0.12979592382907867,1.0
NKT cells,44,RPL5,0.38987940549850464,1.0
NKT cells,45,RPL41,-0.11647647619247437,1.0
NKT cells,46,TSC22D3,0.8188136219978333,1.0
NKT cells,47,RPL36,0.049845729023218155,1.0
NKT cells,48,RPS15A,-0.008180385455489159,1.0
NKT cells,49,CCL5,0.7108283042907715,1.0
NKT cells,50,RPS19,-0.11427326500415802,1.0
Naive B cells,1,STK17B,0.7325136065483093,0.6997979898731089
Naive B cells,2,IFITM2,0.6194633841514587,1.0
Naive B cells,3,IL4R,1.9182391166687012,1.0
Naive B cells,4,ARPC5,0.6888680458068848,1.0
Naive B cells,5,IKZF3,0.7779277563095093,1.0
Naive B cells,6,PTPRC,0.3263334035873413,1.0
Naive B cells,7,CD74,0.8460386991500854,1.0
Naive B cells,8,STK17A,0.5159323811531067,1.0
Naive B cells,9,RPS26,0.3210495412349701,1.0
Naive B cells,10,ARHGEF1,0.67110675573349,1.0
Naive B cells,11,C12orf75,0.6949471235275269,1.0
Naive B cells,12,ZFP36L1,0.5306247472763062,1.0
Naive B cells,13,FOS,0.4239976704120636,1.0
Naive B cells,14,MYL12A,0.19754543900489807,1.0
Naive B cells,15,ITGB2,0.5418453812599182,1.0
Naive B cells,16,CD37,0.4253239929676056,1.0
Naive B cells,17,HLA-DPB1,0.7391442060470581,1.0
Naive B cells,18,ANKRD12,0.4275292456150055,1.0
Naive B cells,19,SMAP2,0.7289217114448547,1.0
Naive B cells,20,NACA,0.18138504028320312,1.0
Naive B cells,21,PARP8,0.8156571388244629,1.0
Naive B cells,22,DUSP1,0.42731955647468567,1.0
Naive B cells,23,LCP1,0.3420408368110657,1.0
Naive B cells,24,MACF1,0.5045675039291382,1.0
Naive B cells,25,CITED2,0.7765416502952576,1.0
Naive B cells,26,CTSS,0.8741326928138733,1.0
Naive B cells,27,DUSP4,1.094114065170288,1.0
Naive B cells,28,RHOA,0.37390515208244324,1.0
Naive B cells,29,YBX3,1.373737096786499,1.0
Naive B cells,30,PHF1,1.0249642133712769,1.0
Naive B cells,31,ANKRD28,0.5862487554550171,1.0
Naive B cells,32,STT3B,0.8522667288780212,1.0
Naive B cells,33,HSP90AA1,0.22814568877220154,1.0
Naive B cells,34,PDE4B,0.7776254415512085,1.0
Naive B cells,35,FAM133B,0.5427090525627136,1.0
Naive B cells,36,ESD,0.7321399450302124,1.0
Naive B cells,37,DDX5,0.16328366100788116,1.0
Naive B cells,38,MX1,0.6803101301193237,1.0
Naive B cells,39,APOBEC3G,0.4224325120449066,1.0
Naive B cells,40,XRN2,0.6102829575538635,1.0
Naive B cells,41,PDIA3,0.4615425765514374,1.0
Naive B cells,42,HSP90AB1,0.31205904483795166,1.0
Naive B cells,43,CHD4,0.5979809761047363,1.0
Naive B cells,44,TMEM123,0.4875009059906006,1.0
Naive B cells,45,TPM3,0.26587602496147156,1.0
Naive B cells,46,XAF1,0.5240480303764343,1.0
Naive B cells,47,DYNLL1,0.33384791016578674,1.0
Naive B cells,48,LINC01871,0.5092923045158386,1.0
Naive B cells,49,IFI16,0.39531010389328003,1.0
Naive B cells,50,TRGC2,0.49562397599220276,1.0
Neutrophil-myeloid progenitor,1,FUS,3.207625150680542,1.0
Neutrophil-myeloid progenitor,2,PPIA,2.3944973945617676,1.0
Neutrophil-myeloid progenitor,3,OAZ1,2.2790205478668213,1.0
Neutrophil-myeloid progenitor,4,CCNI,2.7313501834869385,1.0
Neutrophil-myeloid progenitor,5,CD3E,2.5282037258148193,1.0
Neutrophil-myeloid progenitor,6,COX4I1,2.228879928588867,1.0
Neutrophil-myeloid progenitor,7,S100A4,1.6433746814727783,1.0
Neutrophil-myeloid progenitor,8,SRM,4.83255672454834,1.0
Neutrophil-myeloid progenitor,9,GLCCI1,4.928302764892578,1.0
Neutrophil-myeloid progenitor,10,CKLF,2.582491397857666,1.0
Neutrophil-myeloid progenitor,11,CHD2,3.8000762462615967,1.0
Neutrophil-myeloid progenitor,12,TALDO1,3.7603888511657715,1.0
Neutrophil-myeloid progenitor,13,USP15,3.5270943641662598,1.0
Neutrophil-myeloid progenitor,14,CD74,3.2432494163513184,1.0
Neutrophil-myeloid progenitor,15,ORMDL1,3.285087823867798,1.0
Neutrophil-myeloid progenitor,16,BST2,3.1432852745056152,1.0
Neutrophil-myeloid progenitor,17,SEPTIN6,3.5776028633117676,1.0
Neutrophil-myeloid progenitor,18,ARPC5,2.653038740158081,1.0
Neutrophil-myeloid progenitor,19,LSM8,3.037292242050171,1.0
Neutrophil-myeloid progenitor,20,PTMA,0.6895934343338013,1.0
Neutrophil-myeloid progenitor,21,LINC01871,3.159517288208008,1.0
Neutrophil-myeloid progenitor,22,PRR13,2.8706107139587402,1.0
Neutrophil-myeloid progenitor,23,SRSF2,2.6886208057403564,1.0
Neutrophil-myeloid progenitor,24,EMB,2.8006982803344727,1.0
Neutrophil-myeloid progenitor,25,APBB1IP,2.7412352561950684,1.0
Neutrophil-myeloid progenitor,26,LSP1,2.3501572608947754,1.0
Neutrophil-myeloid progenitor,27,HIGD2A,2.5524983406066895,1.0
Neutrophil-myeloid progenitor,28,RPS11,1.0912768840789795,1.0
Neutrophil-myeloid progenitor,29,RPS8,0.6970879435539246,1.0
Neutrophil-myeloid progenitor,30,RPS7,0.7769758105278015,1.0
Neutrophil-myeloid progenitor,31,NDUFS5,2.3199963569641113,1.0
Neutrophil-myeloid progenitor,32,RHOA,2.0405969619750977,1.0
Neutrophil-myeloid progenitor,33,HLA-A,0.8333889842033386,1.0
Neutrophil-myeloid progenitor,34,POLR2L,2.4872517585754395,1.0
Neutrophil-myeloid progenitor,35,RPL19,0.7690803408622742,1.0
Neutrophil-myeloid progenitor,36,MT-CO1,0.46108478307724,1.0
Neutrophil-myeloid progenitor,37,NDUFA1,2.3961100578308105,1.0
Neutrophil-myeloid progenitor,38,MT-ND5,1.5038824081420898,1.0
Neutrophil-myeloid progenitor,39,ATP5IF1,2.2720415592193604,1.0
Neutrophil-myeloid progenitor,40,PPIB,1.8722361326217651,1.0
Neutrophil-myeloid progenitor,41,RBPJ,2.260908842086792,1.0
Neutrophil-myeloid progenitor,42,EMP3,1.5241070985794067,1.0
Neutrophil-myeloid progenitor,43,RPL17,1.6378117799758911,1.0
Neutrophil-myeloid progenitor,44,RPL10A,1.0606482028961182,1.0
Neutrophil-myeloid progenitor,45,LGALS1,2.332155227661133,1.0
Neutrophil-myeloid progenitor,46,ASPM,6.412307262420654,1.0
Neutrophil-myeloid progenitor,47,TMSB10,0.7891233563423157,1.0
Neutrophil-myeloid progenitor,48,COX5B,1.934814453125,1.0
Neutrophil-myeloid progenitor,49,SMAD3,5.4505462646484375,1.0
Neutrophil-myeloid progenitor,50,GIMAP7,2.023477077484131,1.0
Plasma cells,1,MALAT1,0.43608716130256653,8.652718762418087e-05
Plasma cells,2,B2M,0.3560754954814911,0.00035164962503665334
Plasma cells,3,MT-CO1,0.2836373448371887,0.00035164962503665334
Plasma cells,4,MT-CYB,0.293038934469223,0.002445238691149679
Plasma cells,5,RPLP1,0.29415085911750793,0.011878682097835103
Plasma cells,6,EEF1A1,0.06712469458580017,0.016300816453353482
Plasma cells,7,TMSB4X,0.21755050122737885,0.016300816453353482
Plasma cells,8,MT-ATP6,0.08658047765493393,0.02744880372383517
Plasma cells,9,FAU,0.23769371211528778,0.03807607343489385
Plasma cells,10,MT-ND3,0.08402032405138016,0.04679586608369007
Plasma cells,11,RPL18A,0.275613933801651,0.0531004845284085
Plasma cells,12,RPL10,0.035723645240068436,0.06190650647385398
Plasma cells,13,RPS29,0.226583793759346,0.160547534630548
Plasma cells,14,MT-ND4,-0.019212285056710243,0.42669791286230846
Plasma cells,15,RPL41,-0.020024733617901802,0.5010356118229146
Plasma cells,16,RPS27,-0.0021647727116942406,0.5280933486848918
Plasma cells,17,RPS8,0.0053253755904734135,0.5280933486848918
Plasma cells,18,TPT1,0.038593828678131104,0.5377461062673778
Plasma cells,19,RPS3A,0.003664168529212475,0.5377461062673778
Plasma cells,20,MT-ND1,0.12022561579942703,0.5377461062673778
Plasma cells,21,RPL35,0.07933471351861954,0.7347717834182415
Plasma cells,22,ANKRD28,1.955488920211792,0.7947292588305861
Plasma cells,23,RPL26,-0.07958875596523285,0.8054174899890645
Plasma cells,24,RPL39,-0.07873018831014633,0.8818507044247716
Plasma cells,25,RPS18,-0.12542949616909027,0.9387233690540158
Plasma cells,26,RPL13,-0.22268766164779663,0.9926080530397002
Plasma cells,27,DDX5,0.15653738379478455,1.0
Plasma cells,28,RPL19,-0.0902785137295723,1.0
Plasma cells,29,MT-CO2,-0.2130761295557022,1.0
Plasma cells,30,RPS12,-0.07578977942466736,1.0
Plasma cells,31,RPL6,-0.04160567745566368,1.0
Plasma cells,32,RPS28,0.02921808324754238,1.0
Plasma cells,33,MT-ND2,-0.16726845502853394,1.0
Plasma cells,34,RPL36,-0.03822055831551552,1.0
Plasma cells,35,HLA-B,-0.219466432929039,1.0
Plasma cells,36,RPL32,-0.1284427046775818,1.0
Plasma cells,37,RPL30,-0.36522066593170166,1.0
Plasma cells,38,RPS11,-0.1203005388379097,1.0
Plasma cells,39,EIF1,-0.20470581948757172,1.0
Plasma cells,40,JUND,0.12349062412977219,1.0
Plasma cells,41,PTMA,-0.17185966670513153,1.0
Plasma cells,42,CCL5,0.45516785979270935,1.0
Plasma cells,43,RPL34,-0.280843049287796,1.0
Plasma cells,44,MT-CO3,-0.45562493801116943,1.0
Plasma cells,45,RPS14,-0.3254755735397339,1.0
Plasma cells,46,TMSB10,-0.21895359456539154,1.0
Plasma cells,47,RPL13A,-0.1575891226530075,1.0
Plasma cells,48,RPS27A,-0.3252151608467102,1.0
Plasma cells,49,RPL28,-0.3274354934692383,1.0
Plasma cells,50,CALM1,0.05652717128396034,1.0
Plasmablasts,1,STMN1,4.5458173751831055,0.00048185506069722746
Plasmablasts,2,HIST1H4C,3.9552249908447266,0.00048185506069722746
Plasmablasts,3,ASPM,6.666184425354004,0.0013010164169415634
Plasmablasts,4,NUSAP1,5.586918354034424,0.0013342874166173003
Plasmablasts,5,CENPF,5.457326412200928,0.0013581952717926053
Plasmablasts,6,MKI67,5.961910724639893,0.00481566391805634
Plasmablasts,7,HMGN2,2.431187629699707,0.015149202657998254
Plasmablasts,8,HMGB2,2.9249892234802246,0.01582442325872218
Plasmablasts,9,TUBB,2.9849162101745605,0.01582442325872218
Plasmablasts,10,TYMS,6.005796909332275,0.01638976482642101
Plasmablasts,11,PCLAF,5.7629804611206055,0.016763078077229557
Plasmablasts,12,HIST1H1B,6.795212745666504,0.045666668465413486
Plasmablasts,13,RRM2,6.416868209838867,0.045666668465413486
Plasmablasts,14,NSD2,4.073669910430908,0.045666668465413486
Plasmablasts,15,EZH2,4.039762496948242,0.045666668465413486
Plasmablasts,16,TPX2,5.866063594818115,0.045666668465413486
Plasmablasts,17,TOP2A,5.807756423950195,0.045666668465413486
Plasmablasts,18,TUBA1B,2.3423781394958496,0.045666668465413486
Plasmablasts,19,CLSPN,5.624057292938232,0.04587594511323766
Plasmablasts,20,ATAD2,3.863985538482666,0.049136961449748544
Plasmablasts,21,NASP,2.5533065795898438,0.08134942142035916
Plasmablasts,22,HIST1H3B,7.527435779571533,0.1022948506396549
Plasmablasts,23,SHCBP1,7.0529913902282715,0.10382769712918642
Plasmablasts,24,H2AFV,2.2209837436676025,0.1041652477945863
Plasmablasts,25,GTSE1,6.407763481140137,0.10902811625828558
Plasmablasts,26,SMC2,3.893860340118408,0.11009634319782949
Plasmablasts,27,CDK1,5.699678421020508,0.1213300607317267
Plasmablasts,28,FANCI,5.543710708618164,0.12527939713419836
Plasmablasts,29,CKS1B,3.6097605228424072,0.15147709562155565
Plasmablasts,30,TMPO,2.627007007598877,0.18109344753905599
Plasmablasts,31,SMC4,2.892855167388916,0.20757409667108465
Plasmablasts,32,UBE2S,2.7742929458618164,0.2494450143842467
Plasmablasts,33,CDCA5,6.638455867767334,0.27842502072683184
Plasmablasts,34,CYTOR,2.157329797744751,0.27842502072683184
Plasmablasts,35,KIFC1,6.352572917938232,0.27842502072683184
Plasmablasts,36,BIRC5,6.233188152313232,0.27842502072683184
Plasmablasts,37,KNL1,5.618068218231201,0.2972019377942379
Plasmablasts,38,CKS2,3.618314743041992,0.2972019377942379
Plasmablasts,39,HMGB3,5.14561653137207,0.32839602392750683
Plasmablasts,40,CDKN3,5.014657020568848,0.32839602392750683
Plasmablasts,41,KIF11,5.013150691986084,0.3458139030722144
Plasmablasts,42,CBX5,2.7824418544769287,0.3500174150307952
Plasmablasts,43,PCNA,3.4012928009033203,0.3504364423298596
Plasmablasts,44,HIST1H1C,2.89469575881958,0.3508527100778904
Plasmablasts,45,TUBB4B,2.4680895805358887,0.3537887409475202
Plasmablasts,46,BRCA2,4.656179428100586,0.3554704230180705
Plasmablasts,47,HIST1H1D,2.62483811378479,0.4069843497690519
Plasmablasts,48,CACYBP,2.257782220840454,0.42035265404599487
Plasmablasts,49,NDUFB1,2.057036876678467,0.42035265404599487
Plasmablasts,50,CENPM,4.0752177238464355,0.4688108089025172
Proliferative germinal center B cells,1,STMN1,3.6357192993164062,0.04839181511278968
Proliferative germinal center B cells,2,PCLAF,5.686783790588379,0.04839181511278968
Proliferative germinal center B cells,3,TMPO,2.794816017150879,0.08032491103534305
Proliferative germinal center B cells,4,MKI67,5.306785583496094,0.08032491103534305
Proliferative germinal center B cells,5,TUBB,2.4866838455200195,0.09109915219204748
Proliferative germinal center B cells,6,TYMS,5.470049858093262,0.1636951347594506
Proliferative germinal center B cells,7,CLSPN,5.355964183807373,0.1636951347594506
Proliferative germinal center B cells,8,HIST1H4C,2.780008316040039,0.16856310805205665
Proliferative germinal center B cells,9,HMGB2,2.2685329914093018,0.16856310805205665
Proliferative germinal center B cells,10,RRM2,6.0184502601623535,0.3188280951564031
Proliferative germinal center B cells,11,DEK,1.6556121110916138,0.34119628297465276
Proliferative germinal center B cells,12,TOP2A,5.217276573181152,0.3700814347416443
Proliferative germinal center B cells,13,EZH2,3.4876363277435303,0.4133539559865331
Proliferative germinal center B cells,14,SMC4,2.5901811122894287,0.4133539559865331
Proliferative germinal center B cells,15,PCNA,3.407257080078125,0.4133539559865331
Proliferative germinal center B cells,16,NUSAP1,4.347978591918945,0.44321426509717476
Proliferative germinal center B cells,17,HMGB1,0.9512453675270081,0.44321426509717476
Proliferative germinal center B cells,18,MICOS10,2.3857839107513428,0.46460222448126065
Proliferative germinal center B cells,19,TUBA1B,1.7029350996017456,0.5603930332036579
Proliferative germinal center B cells,20,BLOC1S1,1.8258548974990845,0.6348409784336001
Proliferative germinal center B cells,21,ANP32E,1.9413707256317139,0.9219034908885737
Proliferative germinal center B cells,22,CKS1B,3.209576368331909,1.0
Proliferative germinal center B cells,23,HMGN2,1.4874380826950073,1.0
Proliferative germinal center B cells,24,TK1,5.915265083312988,1.0
Proliferative germinal center B cells,25,UBE2C,5.775851726531982,1.0
Proliferative germinal center B cells,26,SRRM1,1.495004415512085,1.0
Proliferative germinal center B cells,27,PFN1,0.9203067421913147,1.0
Proliferative germinal center B cells,28,HIST1H1C,2.447291374206543,1.0
Proliferative germinal center B cells,29,SNRPF,1.8143624067306519,1.0
Proliferative germinal center B cells,30,BCL11B,1.546546459197998,1.0
Proliferative germinal center B cells,31,H1FX,1.4841636419296265,1.0
Proliferative germinal center B cells,32,CDT1,5.347975254058838,1.0
Proliferative germinal center B cells,33,CEP55,5.255581378936768,1.0
Proliferative germinal center B cells,34,KNL1,5.294810771942139,1.0
Proliferative germinal center B cells,35,ENO1,1.3745399713516235,1.0
Proliferative germinal center B cells,36,COX6B1,1.232124924659729,1.0
Proliferative germinal center B cells,37,PPIA,0.871681809425354,1.0
Proliferative germinal center B cells,38,YEATS4,3.1513328552246094,1.0
Proliferative germinal center B cells,39,MCM6,3.0975937843322754,1.0
Proliferative germinal center B cells,40,CBX3,1.4666643142700195,1.0
Proliferative germinal center B cells,41,CKS2,2.9619743824005127,1.0
Proliferative germinal center B cells,42,H2AFX,2.976902484893799,1.0
Proliferative germinal center B cells,43,MZT2B,1.2890855073928833,1.0
Proliferative germinal center B cells,44,ERH,1.5689212083816528,1.0
Proliferative germinal center B cells,45,ATAD2,2.739227294921875,1.0
Proliferative germinal center B cells,46,MAD2L1,3.6011486053466797,1.0
Proliferative germinal center B cells,47,COX8A,1.2269988059997559,1.0
Proliferative germinal center B cells,48,CENPF,3.45805287361145,1.0
Proliferative germinal center B cells,49,YWHAE,1.5575188398361206,1.0
Proliferative germinal center B cells,50,PRKCQ-AS1,2.3153581619262695,1.0
Regulatory T cells,1,MAF,2.8169403076171875,1.8545535291625473e-236
Regulatory T cells,2,CTLA4,3.834994077682495,3.875629012131305e-155
Regulatory T cells,3,TNFRSF1B,2.1927223205566406,8.986496940604899e-121
Regulatory T cells,4,LINC01943,2.745469570159912,3.0178647372080707e-110
Regulatory T cells,5,TNFRSF4,2.8375377655029297,2.4466867493892293e-94
Regulatory T cells,6,CD4,2.5197339057922363,1.9425225100611385e-82
Regulatory T cells,7,TBC1D4,3.263603687286377,2.551206522311964e-78
Regulatory T cells,8,LTB,1.2804317474365234,9.093635632884134e-72
Regulatory T cells,9,TNFRSF18,1.98033607006073,2.6305007473704856e-70
Regulatory T cells,10,SPOCK2,1.3131749629974365,2.800551881700557e-61
Regulatory T cells,11,LIMS1,1.7269351482391357,5.166176306887252e-61
Regulatory T cells,12,BATF,1.8911409378051758,6.563169722833083e-61
Regulatory T cells,13,RGS1,1.5384994745254517,8.091771960869637e-61
Regulatory T cells,14,IL2RA,4.008935451507568,2.1680354902618184e-54
Regulatory T cells,15,UCP2,1.4004265069961548,4.600917501748632e-54
Regulatory T cells,16,CMTM6,1.3515182733535767,6.234759966060958e-52
Regulatory T cells,17,ARID5B,1.5228116512298584,1.6277146493828384e-50
Regulatory T cells,18,PBXIP1,1.2828269004821777,2.1621618924134145e-47
Regulatory T cells,19,TIGIT,2.0278823375701904,9.111683215271648e-46
Regulatory T cells,20,ICOS,2.0723462104797363,3.7448555186294344e-45
Regulatory T cells,21,DNPH1,1.8124252557754517,1.0851721510500662e-44
Regulatory T cells,22,PIM2,1.7955431938171387,9.68732665188955e-44
Regulatory T cells,23,NDUFV2,1.1608320474624634,2.7390214878100276e-43
Regulatory T cells,24,PRDM1,1.6185340881347656,1.4341995145342726e-41
Regulatory T cells,25,GBP2,1.2914047241210938,3.2419188026003377e-40
Regulatory T cells,26,PHACTR2,1.7322087287902832,9.78156806912594e-40
Regulatory T cells,27,RNF19A,1.1916829347610474,3.930400078573528e-39
Regulatory T cells,28,SRGN,0.8006618022918701,1.1344312611131491e-35
Regulatory T cells,29,RAB11FIP1,1.1257795095443726,3.6875523473300716e-35
Regulatory T cells,30,SOD1,0.8705604672431946,4.1849229490837755e-34
Regulatory T cells,31,FOXP3,7.037927627563477,4.9379164590910806e-34
Regulatory T cells,32,VMP1,1.1064038276672363,6.734257580228428e-34
Regulatory T cells,33,CD27,1.353667974472046,3.2042442124242256e-32
Regulatory T cells,34,CD28,2.3453526496887207,3.903982327392989e-32
Regulatory T cells,35,PRDX1,0.9079324007034302,5.920994778514676e-32
Regulatory T cells,36,RORA,0.9710846543312073,2.612658228129597e-31
Regulatory T cells,37,CORO1B,1.3949342966079712,3.1183092287263132e-31
Regulatory T cells,38,TMEM173,1.40554678440094,3.2381452007297536e-31
Regulatory T cells,39,MIR4435-2HG,2.0656168460845947,3.673924749366768e-31
Regulatory T cells,40,ENO1,0.8236368298530579,1.7701941019953487e-30
Regulatory T cells,41,SLAMF1,1.4691163301467896,2.590232316930179e-30
Regulatory T cells,42,TNFRSF25,1.356398344039917,4.1834058406597636e-30
Regulatory T cells,43,SAT1,0.8650956153869629,1.5977714663835436e-29
Regulatory T cells,44,PHTF2,1.6229971647262573,8.060952459664776e-29
Regulatory T cells,45,ARPC1B,0.7956938743591309,9.412090470345921e-28
Regulatory T cells,46,UGP2,1.0947144031524658,8.075531250113878e-27
Regulatory T cells,47,CYTOR,0.9154236316680908,1.879616471225746e-26
Regulatory T cells,48,BIRC3,1.1916998624801636,2.7250341118153036e-26
Regulatory T cells,49,C9orf16,0.8384072184562683,2.9467002998310055e-26
Regulatory T cells,50,TYMP,0.9221577644348145,1.142856896713356e-25
T(agonist),1,TMA7,1.011806845664978,1.0
T(agonist),2,NFKB1,2.4660608768463135,1.0
T(agonist),3,HSP90AB1,0.9635881185531616,1.0
T(agonist),4,BIRC3,2.031674385070801,1.0
T(agonist),5,LSM7,1.486039638519287,1.0
T(agonist),6,ANXA5,1.248549222946167,1.0
T(agonist),7,MIR155HG,2.7459449768066406,1.0
T(agonist),8,PTPRC,0.6373786330223083,1.0
T(agonist),9,NDUFA13,1.183683156967163,1.0
T(agonist),10,XRCC5,1.3021109104156494,1.0
T(agonist),11,MIF,1.0115846395492554,1.0
T(agonist),12,YARS,1.7122490406036377,1.0
T(agonist),13,RBMX,1.5364227294921875,1.0
T(agonist),14,PA2G4,1.15060293674469,1.0
T(agonist),15,M6PR,1.4455649852752686,1.0
T(agonist),16,HMGB1,0.4040219187736511,1.0
T(agonist),17,ZC3H8,2.1437764167785645,1.0
T(agonist),18,SNRPB2,1.3393993377685547,1.0
T(agonist),19,DHX9,1.8726739883422852,1.0
T(agonist),20,CHMP2A,1.4629645347595215,1.0
T(agonist),21,GRK2,1.2328612804412842,1.0
T(agonist),22,SRGN,0.6359218955039978,1.0
T(agonist),23,PGK1,1.0018551349639893,1.0
T(agonist),24,RPS26,0.6321157813072205,1.0
T(agonist),25,SNRPB,0.9266289472579956,1.0
T(agonist),26,NINJ1,2.3975019454956055,1.0
T(agonist),27,FABP5,1.3996044397354126,1.0
T(agonist),28,MALAT1,0.1774575561285019,1.0
T(agonist),29,PRPF4B,1.1179490089416504,1.0
T(agonist),30,PTMA,0.22787216305732727,1.0
T(agonist),31,ROMO1,1.2640248537063599,1.0
T(agonist),32,TPM3,0.5855066776275635,1.0
T(agonist),33,EIF3B,1.566691279411316,1.0
T(agonist),34,BOLA3,1.8319525718688965,1.0
T(agonist),35,MT-ND4L,1.066225290298462,1.0
T(agonist),36,BCL2L1,2.0750904083251953,1.0
T(agonist),37,TOX4,1.4989385604858398,1.0
T(agonist),38,KLRK1,1.4107314348220825,1.0
T(agonist),39,ATP5F1E,0.3596225380897522,1.0
T(agonist),40,ATP5MC2,0.6504902243614197,1.0
T(agonist),41,SMARCA5,1.1999262571334839,1.0
T(agonist),42,TRA2B,1.0211691856384277,1.0
T(agonist),43,RPSA,0.23961880803108215,1.0
T(agonist),44,SRP72,1.3531827926635742,1.0
T(agonist),45,SERBP1,0.7719618082046509,1.0
T(agonist),46,GPX4,0.7549381256103516,1.0
T(agonist),47,TPI1,0.9027045369148254,1.0
T(agonist),48,IL32,0.314673513174057,1.0
T(agonist),49,TNFRSF9,2.971555233001709,1.0
T(agonist),50,EIF3J,1.317475438117981,1.0
Tcm Naive cytotoxic T cells,1,LINC02446,4.055650234222412,6.743839664343147e-60
Tcm Naive cytotoxic T cells,2,RPS12,0.434957891702652,1.5706352381244247e-22
Tcm Naive cytotoxic T cells,3,RPL32,0.4409787952899933,8.145421237126501e-20
Tcm Naive cytotoxic T cells,4,RPS14,0.44383686780929565,1.03571527178481e-19
Tcm Naive cytotoxic T cells,5,KLRK1,2.6609365940093994,8.384743607522114e-19
Tcm Naive cytotoxic T cells,6,RPL21,0.5044616460800171,2.1765630130329112e-18
Tcm Naive cytotoxic T cells,7,RPS18,0.37530797719955444,2.9156484424650334e-18
Tcm Naive cytotoxic T cells,8,NACA,0.6727482080459595,5.1124910500518695e-18
Tcm Naive cytotoxic T cells,9,RPL6,0.5889151692390442,8.697661826681546e-18
Tcm Naive cytotoxic T cells,10,RPLP2,0.4575456380844116,1.3190993682412018e-17
Tcm Naive cytotoxic T cells,11,RPL19,0.4905673861503601,1.3190993682412018e-17
Tcm Naive cytotoxic T cells,12,RPS28,0.45797231793403625,5.118508850075466e-17
Tcm Naive cytotoxic T cells,13,RPS6,0.45324385166168213,5.2084666735864755e-17
Tcm Naive cytotoxic T cells,14,CD8B,2.277338743209839,2.979166011895619e-16
Tcm Naive cytotoxic T cells,15,RPL27A,0.5851561427116394,6.882976059207092e-16
Tcm Naive cytotoxic T cells,16,RPL34,0.418882817029953,1.0452681062527435e-15
Tcm Naive cytotoxic T cells,17,RPS2,0.4361230432987213,1.1080218346666403e-15
Tcm Naive cytotoxic T cells,18,RPS3A,0.2964399755001068,1.3579208470664028e-15
Tcm Naive cytotoxic T cells,19,RPS23,0.3600689470767975,1.5834471441717777e-15
Tcm Naive cytotoxic T cells,20,RPS8,0.39659032225608826,3.0363570532425765e-15
Tcm Naive cytotoxic T cells,21,RPL18A,0.3616890609264374,6.13224418387165e-15
Tcm Naive cytotoxic T cells,22,RPS21,0.4799204170703888,7.020969077013138e-15
Tcm Naive cytotoxic T cells,23,RPL30,0.3908599317073822,7.723287037166753e-15
Tcm Naive cytotoxic T cells,24,RPL13,0.28487300872802734,1.0437879633670468e-14
Tcm Naive cytotoxic T cells,25,RPS24,0.3797776401042938,1.3936371424485298e-14
Tcm Naive cytotoxic T cells,26,RPS27A,0.3437367379665375,2.4736890346916914e-14
Tcm Naive cytotoxic T cells,27,RPS27,0.3411303460597992,4.49053701214982e-14
Tcm Naive cytotoxic T cells,28,RPSA,0.5212005376815796,8.601899220654648e-14
Tcm Naive cytotoxic T cells,29,RPS19,0.3232578635215759,1.3985440029562732e-13
Tcm Naive cytotoxic T cells,30,RPS11,0.5238615870475769,1.436687992648673e-13
Tcm Naive cytotoxic T cells,31,EEF1A1,0.25832775235176086,2.912676682950383e-13
Tcm Naive cytotoxic T cells,32,RPS29,0.4100688695907593,2.912676682950383e-13
Tcm Naive cytotoxic T cells,33,RPL22,0.559158980846405,3.433629425644199e-13
Tcm Naive cytotoxic T cells,34,RPS13,0.372697651386261,4.757574443933279e-13
Tcm Naive cytotoxic T cells,35,RPL9,0.41356560587882996,4.946102439172109e-13
Tcm Naive cytotoxic T cells,36,RPL12,0.41650626063346863,6.340728486343408e-13
Tcm Naive cytotoxic T cells,37,RPL37,0.30693548917770386,6.883625702204202e-13
Tcm Naive cytotoxic T cells,38,RPS3,0.34594056010246277,7.441526161897157e-13
Tcm Naive cytotoxic T cells,39,CD8A,1.7928956747055054,1.0450468594531455e-12
Tcm Naive cytotoxic T cells,40,RPS5,0.5436320304870605,1.1020570200659532e-12
Tcm Naive cytotoxic T cells,41,RPS16,0.3696492314338684,1.1510541052862837e-12
Tcm Naive cytotoxic T cells,42,RPL36,0.49084797501564026,1.4160814363263634e-12
Tcm Naive cytotoxic T cells,43,RPL38,0.5622921586036682,1.4718931965434426e-12
Tcm Naive cytotoxic T cells,44,RPS15A,0.2729446589946747,2.073846812333007e-12
Tcm Naive cytotoxic T cells,45,RPL15,0.3572404980659485,2.160263953594716e-12
Tcm Naive cytotoxic T cells,46,RPL26,0.3450355529785156,2.413250882106305e-12
Tcm Naive cytotoxic T cells,47,RPL18,0.3981046974658966,2.8443325040924043e-12
Tcm Naive cytotoxic T cells,48,RPL23A,0.3576491177082062,3.1660107856805058e-12
Tcm Naive cytotoxic T cells,49,RPL39,0.332739919424057,3.3617055122026145e-12
Tcm Naive cytotoxic T cells,50,RPL11,0.2750384211540222,3.399440737283109e-12
Tcm Naive helper T cells,1,TPT1,0.3340230882167816,2.5928558835128983e-208
Tcm Naive helper T cells,2,EEF1A1,0.3147931694984436,1.864964658386195e-206
Tcm Naive helper T cells,3,RPL13,0.29739248752593994,9.946341568222783e-189
Tcm Naive helper T cells,4,RPL34,0.37998729944229126,2.81209265219754e-182
Tcm Naive helper T cells,5,MALAT1,0.41681841015815735,1.3605237503675142e-180
Tcm Naive helper T cells,6,RPS18,0.3025365173816681,3.491946954339387e-178
Tcm Naive helper T cells,7,RPL39,0.3509847819805145,1.5281040626126665e-174
Tcm Naive helper T cells,8,RPS12,0.2761358320713043,2.898154839500993e-173
Tcm Naive helper T cells,9,RPS29,0.4103916883468628,6.528876374264298e-172
Tcm Naive helper T cells,10,RPL28,0.2819035053253174,2.9284541458221986e-168
Tcm Naive helper T cells,11,RPL11,0.312953919172287,2.7284096077469947e-167
Tcm Naive helper T cells,12,RPLP1,0.2957471013069153,2.8149899469555174e-164
Tcm Naive helper T cells,13,RPL10,0.23980712890625,6.890614633760427e-163
Tcm Naive helper T cells,14,RPS27,0.26582351326942444,7.037466169169621e-160
Tcm Naive helper T cells,15,RPL32,0.23806272447109222,2.3356148972696237e-156
Tcm Naive helper T cells,16,RPL41,0.22537708282470703,2.895579323108165e-150
Tcm Naive helper T cells,17,RPS27A,0.18085919320583344,3.102578058068178e-147
Tcm Naive helper T cells,18,RPS8,0.2644599378108978,1.6083077335036297e-145
Tcm Naive helper T cells,19,RPL30,0.1902208924293518,4.142848866891784e-144
Tcm Naive helper T cells,20,RPS28,0.28477320075035095,7.398902859684054e-142
Tcm Naive helper T cells,21,RPL37,0.2949860990047455,1.162591265453121e-141
Tcm Naive helper T cells,22,RPS14,0.22066941857337952,3.17103971994795e-141
Tcm Naive helper T cells,23,RPS24,0.24354864656925201,1.2245569310890765e-138
Tcm Naive helper T cells,24,RPS15A,0.1944887638092041,3.2338590987978993e-137
Tcm Naive helper T cells,25,RPS21,0.39429476857185364,6.596180699691719e-136
Tcm Naive helper T cells,26,B2M,0.2630595266819,1.1505809034989274e-135
Tcm Naive helper T cells,27,MT-CO2,0.24270184338092804,1.773930826369391e-133
Tcm Naive helper T cells,28,RPS23,0.20307298004627228,3.1848377523947292e-133
Tcm Naive helper T cells,29,RPLP2,0.2208104133605957,5.2172040415408e-132
Tcm Naive helper T cells,30,RPL26,0.175155371427536,9.3134562199254e-124
Tcm Naive helper T cells,31,MT-ND3,0.28982383012771606,2.6319125680862874e-122
Tcm Naive helper T cells,32,RPS19,0.1717112511396408,3.404553043375935e-118
Tcm Naive helper T cells,33,RPL13A,0.15322929620742798,4.546653679412268e-118
Tcm Naive helper T cells,34,RPL12,0.23502393066883087,4.109683469381769e-116
Tcm Naive helper T cells,35,RPS6,0.14680029451847076,6.116952438600388e-116
Tcm Naive helper T cells,36,TMSB10,0.3019590973854065,3.561480653740565e-115
Tcm Naive helper T cells,37,TMSB4X,0.20173539221286774,1.3733509602245443e-114
Tcm Naive helper T cells,38,RPL18A,0.1437874585390091,2.0238267456309013e-112
Tcm Naive helper T cells,39,RPS3A,0.09957540780305862,2.8323550666623035e-111
Tcm Naive helper T cells,40,MT-CO1,0.1787865161895752,4.7455835686136406e-105
Tcm Naive helper T cells,41,RPL36,0.2230978161096573,5.675867327157645e-105
Tcm Naive helper T cells,42,RPL37A,0.21218249201774597,4.0630513169438415e-104
Tcm Naive helper T cells,43,RPL9,0.16836310923099518,4.4109163938405415e-103
Tcm Naive helper T cells,44,RPL38,0.3790159821510315,7.817851789095373e-102
Tcm Naive helper T cells,45,RPS16,0.17084118723869324,3.1774265916473633e-100
Tcm Naive helper T cells,46,MT-CO3,0.12422509491443634,7.672372023670472e-100
Tcm Naive helper T cells,47,RPS25,0.15316317975521088,2.8477969281845353e-99
Tcm Naive helper T cells,48,MT-ATP6,0.150758758187294,5.432958465743741e-99
Tcm Naive helper T cells,49,RPS15,0.10679018497467041,9.07829333762545e-97
Tcm Naive helper T cells,50,RPL19,0.047584954649209976,5.48286252259895e-94
Tem Effector helper T cells,1,LTB,1.3609215021133423,3.0741052320224577e-72
Tem Effector helper T cells,2,IL7R,1.657774567604065,1.370252422591785e-65
Tem Effector helper T cells,3,ITGB1,1.3265595436096191,4.0095539389331286e-58
Tem Effector helper T cells,4,KLRB1,1.5039440393447876,1.2747648122646977e-55
Tem Effector helper T cells,5,S100A4,0.7197676301002502,2.7936087847464944e-54
Tem Effector helper T cells,6,S100A11,0.8203396201133728,7.977058764104614e-53
Tem Effector helper T cells,7,ANXA1,0.8668997287750244,2.9691499453756578e-36
Tem Effector helper T cells,8,MAF,1.4469441175460815,2.789374534244309e-32
Tem Effector helper T cells,9,S100A6,0.5086854100227356,5.940648276637284e-32
Tem Effector helper T cells,10,S100A10,0.6336618661880493,3.5434164641210554e-30
Tem Effector helper T cells,11,RPLP0,0.4879739284515381,3.64059780649556e-30
Tem Effector helper T cells,12,CRIP1,0.8424240946769714,3.0113910827944794e-28
Tem Effector helper T cells,13,PCED1B-AS1,1.2099148035049438,6.20471868866568e-28
Tem Effector helper T cells,14,RPS17,0.9285654425621033,2.3633485379168306e-27
Tem Effector helper T cells,15,RPL36A,0.6789902448654175,2.0508136042643906e-26
Tem Effector helper T cells,16,TMSB10,0.2764606177806854,4.646828027080505e-26
Tem Effector helper T cells,17,RPS4X,0.2773113548755646,8.891542380322563e-26
Tem Effector helper T cells,18,RPL11,0.2412947118282318,2.77096122773748e-24
Tem Effector helper T cells,19,RPLP1,0.18130315840244293,1.159187357887913e-22
Tem Effector helper T cells,20,UBA52,0.34403547644615173,2.1257546963886617e-22
Tem Effector helper T cells,21,RPS8,0.24687878787517548,3.6120677265551734e-22
Tem Effector helper T cells,22,TPT1,0.17556333541870117,4.8090773908029855e-22
Tem Effector helper T cells,23,RPL10,0.19487600028514862,4.8309558355914845e-22
Tem Effector helper T cells,24,RPL17,0.6637545228004456,1.030159688207857e-21
Tem Effector helper T cells,25,RPL26,0.23335207998752594,1.1224014763454512e-21
Tem Effector helper T cells,26,RPS14,0.24150493741035461,4.847285703049735e-21
Tem Effector helper T cells,27,FAU,0.30873972177505493,1.3540336615150385e-20
Tem Effector helper T cells,28,RPL36AL,0.4814110994338989,1.4212915085309684e-20
Tem Effector helper T cells,29,RPL34,0.22974154353141785,2.4665910042547155e-20
Tem Effector helper T cells,30,CD52,0.4118344783782959,2.4665910042547155e-20
Tem Effector helper T cells,31,HINT1,0.52280193567276,6.218917003475984e-20
Tem Effector helper T cells,32,RPS23,0.27734094858169556,7.916585978647883e-20
Tem Effector helper T cells,33,SH3BGRL3,0.35958799719810486,1.0601916950648928e-19
Tem Effector helper T cells,34,RPL29,0.2883656322956085,1.0652345477783958e-19
Tem Effector helper T cells,35,FXYD5,0.7225905656814575,1.9155947040882053e-19
Tem Effector helper T cells,36,RPS18,0.17221932113170624,1.9950306560419342e-19
Tem Effector helper T cells,37,AHNAK,0.7150110602378845,4.639904980134834e-19
Tem Effector helper T cells,38,RPL18A,0.2333197444677353,5.4057078550818055e-19
Tem Effector helper T cells,39,RPL13A,0.21450577676296234,5.566598813317814e-19
Tem Effector helper T cells,40,RPS27A,0.20698341727256775,6.814559078331875e-19
Tem Effector helper T cells,41,CD40LG,1.645649790763855,8.352005120281643e-19
Tem Effector helper T cells,42,RPL23A,0.31460630893707275,8.390379009833097e-19
Tem Effector helper T cells,43,RPL13,0.16899986565113068,8.48693313559428e-19
Tem Effector helper T cells,44,RPL30,0.23413458466529846,2.3855002494905653e-18
Tem Effector helper T cells,45,RPS28,0.24784360826015472,2.9588005714138507e-18
Tem Effector helper T cells,46,EEF1A1,0.15282832086086273,4.019812576552269e-18
Tem Effector helper T cells,47,RPL14,0.2518516182899475,7.282567809552885e-18
Tem Effector helper T cells,48,RPS25,0.2762778401374817,8.49147518890028e-18
Tem Effector helper T cells,49,RPS3A,0.20713628828525543,1.2470515411825922e-17
Tem Effector helper T cells,50,RPS12,0.19240710139274597,1.9054797199955767e-17
Tem Temra cytotoxic T cells,1,CD8A,1.7508316040039062,1.7801664344128848e-93
Tem Temra cytotoxic T cells,2,CCL5,1.4594287872314453,4.047950876422474e-92
Tem Temra cytotoxic T cells,3,GZMH,2.213308572769165,5.092708361214517e-63
Tem Temra cytotoxic T cells,4,LINC02446,1.9238206148147583,9.764803685521683e-63
Tem Temra cytotoxic T cells,5,TRGC2,1.5113472938537598,3.517478290558854e-60
Tem Temra cytotoxic T cells,6,CD8B,1.631898283958435,1.3962795120059454e-57
Tem Temra cytotoxic T cells,7,HOPX,1.3764556646347046,6.040820084087543e-52
Tem Temra cytotoxic T cells,8,KLRD1,1.2967256307601929,1.1079996913756768e-50
Tem Temra cytotoxic T cells,9,NKG7,1.1337547302246094,3.287265154732149e-42
Tem Temra cytotoxic T cells,10,ZNF683,1.3028312921524048,2.2493344153471263e-34
Tem Temra cytotoxic T cells,11,HLA-DPB1,1.1997904777526855,1.2903065996211797e-30
Tem Temra cytotoxic T cells,12,CCL4,1.0471419095993042,3.252662260247789e-29
Tem Temra cytotoxic T cells,13,CTSW,0.9928296208381653,1.0999220288831914e-26
Tem Temra cytotoxic T cells,14,TRAC,0.7353436350822449,1.2039937200363929e-26
Tem Temra cytotoxic T cells,15,GZMB,1.4892833232879639,1.5505811838033412e-26
Tem Temra cytotoxic T cells,16,CD63,0.7668930292129517,2.4601030007204196e-26
Tem Temra cytotoxic T cells,17,C12orf75,1.0009030103683472,1.7308824438992846e-25
Tem Temra cytotoxic T cells,18,CD99,0.684689462184906,1.3284053197972695e-24
Tem Temra cytotoxic T cells,19,LINC01871,0.9971450567245483,5.9843526377545464e-24
Tem Temra cytotoxic T cells,20,GZMA,0.8693119287490845,9.077702586040578e-24
Tem Temra cytotoxic T cells,21,ANXA1,0.7491551041603088,1.9124532154621387e-21
Tem Temra cytotoxic T cells,22,GNLY,1.1755939722061157,3.5563958971542865e-21
Tem Temra cytotoxic T cells,23,PRF1,1.1113967895507812,1.7748082314290226e-20
Tem Temra cytotoxic T cells,24,APOBEC3G,0.7696231007575989,2.5010053999639494e-20
Tem Temra cytotoxic T cells,25,HCST,0.6422237753868103,2.7995217177056147e-20
Tem Temra cytotoxic T cells,26,KLRC1,1.2773524522781372,2.99124391655744e-20
Tem Temra cytotoxic T cells,27,TRG-AS1,0.9974912405014038,7.668418047469933e-18
Tem Temra cytotoxic T cells,28,CST7,0.7318720817565918,1.4186133333899864e-17
Tem Temra cytotoxic T cells,29,KLRC2,1.1983548402786255,1.4636750120641243e-17
Tem Temra cytotoxic T cells,30,LAG3,1.1833525896072388,1.5518384652892434e-17
Tem Temra cytotoxic T cells,31,LGALS1,0.7169734835624695,1.037020755625639e-16
Tem Temra cytotoxic T cells,32,ID2,0.6618754863739014,1.0553556522105699e-16
Tem Temra cytotoxic T cells,33,CORO1A,0.561991274356842,3.871245323445135e-16
Tem Temra cytotoxic T cells,34,MATK,0.9464446306228638,1.1687760379594274e-15
Tem Temra cytotoxic T cells,35,PTMS,0.8447248339653015,1.429001567160725e-15
Tem Temra cytotoxic T cells,36,CLEC2B,0.6667481660842896,1.872904737714553e-15
Tem Temra cytotoxic T cells,37,ITGA1,1.055250883102417,4.403085064309479e-15
Tem Temra cytotoxic T cells,38,RPS4Y1,0.6430612802505493,1.9262030265086224e-14
Tem Temra cytotoxic T cells,39,PTPN22,0.7252477407455444,3.788898592143828e-14
Tem Temra cytotoxic T cells,40,IFNG,0.8994609117507935,6.728151445304817e-13
Tem Temra cytotoxic T cells,41,PSMB9,0.5502170324325562,8.417929731168549e-13
Tem Temra cytotoxic T cells,42,COTL1,0.5472212433815002,8.705375828178419e-13
Tem Temra cytotoxic T cells,43,CD48,0.5088635087013245,1.7692306596644001e-12
Tem Temra cytotoxic T cells,44,CD3G,0.5460875630378723,4.710052129640051e-12
Tem Temra cytotoxic T cells,45,CISH,0.8620255589485168,5.061082954947817e-12
Tem Temra cytotoxic T cells,46,CD3E,0.5174081921577454,5.245723469239925e-12
Tem Temra cytotoxic T cells,47,RAN,0.565906822681427,7.88010339428721e-12
Tem Temra cytotoxic T cells,48,ABHD17A,0.6287288069725037,8.113323642336841e-12
Tem Temra cytotoxic T cells,49,ANXA5,0.5773441195487976,1.0900773716685766e-11
Tem Temra cytotoxic T cells,50,GSTP1,0.6153664588928223,1.2987954721696509e-11
Tem Trm cytotoxic T cells,1,GZMK,3.8937160968780518,9.692004313702454e-243
Tem Trm cytotoxic T cells,2,CCL5,1.7846757173538208,9.893627547245493e-157
Tem Trm cytotoxic T cells,3,GZMA,2.021273612976074,3.207393957208979e-154
Tem Trm cytotoxic T cells,4,NKG7,1.9968663454055786,1.3193636611632712e-150
Tem Trm cytotoxic T cells,5,CD8A,2.1670937538146973,1.2971277988906844e-136
Tem Trm cytotoxic T cells,6,CST7,1.8880995512008667,3.669127852807518e-134
Tem Trm cytotoxic T cells,7,CCL4,2.1523544788360596,9.820669394618213e-130
Tem Trm cytotoxic T cells,8,CD8B,2.1910958290100098,1.2384088195524073e-98
Tem Trm cytotoxic T cells,9,GZMH,2.0832130908966064,2.1655503947198258e-47
Tem Trm cytotoxic T cells,10,APOBEC3G,1.120226502418518,1.3721623458275827e-40
Tem Trm cytotoxic T cells,11,GZMM,1.1056430339813232,1.674422642956337e-23
Tem Trm cytotoxic T cells,12,GIMAP7,0.7503480911254883,1.5358569789810428e-20
Tem Trm cytotoxic T cells,13,CXCR4,0.7631745934486389,6.58439548062624e-20
Tem Trm cytotoxic T cells,14,COTL1,0.668236494064331,6.415852502412816e-19
Tem Trm cytotoxic T cells,15,TRAC,0.6240137815475464,8.60345112859607e-19
Tem Trm cytotoxic T cells,16,CD81,0.7167107462882996,1.714874626200717e-18
Tem Trm cytotoxic T cells,17,CD27,1.2031208276748657,6.152710809205567e-18
Tem Trm cytotoxic T cells,18,HLA-DPB1,1.0019962787628174,5.780228005430777e-17
Tem Trm cytotoxic T cells,19,LYAR,1.0573078393936157,1.0587456032520315e-14
Tem Trm cytotoxic T cells,20,CYTOR,0.8224238157272339,2.096642112137249e-14
Tem Trm cytotoxic T cells,21,GIMAP4,0.7527272701263428,4.398090590423605e-12
Tem Trm cytotoxic T cells,22,CLEC2B,0.6260508894920349,4.5428777376923125e-11
Tem Trm cytotoxic T cells,23,SAMD3,1.1094715595245361,6.64316095793025e-11
Tem Trm cytotoxic T cells,24,IKZF3,0.6502913236618042,7.313700978375296e-11
Tem Trm cytotoxic T cells,25,AKNA,0.7606605887413025,1.95199233392191e-10
Tem Trm cytotoxic T cells,26,ARAP2,0.916009783744812,2.429610844309118e-09
Tem Trm cytotoxic T cells,27,ITM2C,0.9461097121238708,2.429610844309118e-09
Tem Trm cytotoxic T cells,28,TIGIT,1.097821593284607,5.221228595491148e-09
Tem Trm cytotoxic T cells,29,SH2D1A,1.0716701745986938,8.126619360080105e-09
Tem Trm cytotoxic T cells,30,HCST,0.44439244270324707,8.233203742495528e-09
Tem Trm cytotoxic T cells,31,CD2,0.4571530818939209,8.671778574916309e-09
Tem Trm cytotoxic T cells,32,PRF1,0.8421194553375244,9.527881770799695e-09
Tem Trm cytotoxic T cells,33,ARL4C,0.4944086968898773,1.515332894901545e-08
Tem Trm cytotoxic T cells,34,LAG3,0.9350374937057495,3.1988591207889276e-08
Tem Trm cytotoxic T cells,35,UBALD2,0.584513783454895,7.469260262512537e-08
Tem Trm cytotoxic T cells,36,CD74,0.6386013627052307,9.842156499320954e-08
Tem Trm cytotoxic T cells,37,FYN,0.5524762868881226,9.903152073623818e-08
Tem Trm cytotoxic T cells,38,APOBEC3C,0.7215943932533264,1.143541495085984e-07
Tem Trm cytotoxic T cells,39,CD48,0.4019421339035034,1.2932745402851034e-07
Tem Trm cytotoxic T cells,40,SRSF7,0.43981876969337463,1.5246339837562697e-07
Tem Trm cytotoxic T cells,41,DUSP2,0.9063771963119507,3.083169374719586e-07
Tem Trm cytotoxic T cells,42,SLF1,0.9224590063095093,3.625780467679586e-07
Tem Trm cytotoxic T cells,43,DRAP1,0.45235732197761536,3.7193972214749785e-07
Tem Trm cytotoxic T cells,44,FYB1,0.4148668050765991,8.99753418570088e-07
Tem Trm cytotoxic T cells,45,CD44,0.40982362627983093,9.096927822678281e-07
Tem Trm cytotoxic T cells,46,GZMB,0.899011492729187,1.289993101124558e-06
Tem Trm cytotoxic T cells,47,CYBA,0.3470900058746338,1.5791543086571128e-06
Tem Trm cytotoxic T cells,48,RUNX3,0.5512700080871582,1.6372953051617932e-06
Tem Trm cytotoxic T cells,49,PTMS,0.6357370018959045,1.8508602515892495e-06
Tem Trm cytotoxic T cells,50,EOMES,2.243381977081299,2.133574924163787e-06
Transitional B cells,1,RNF5,6.330799579620361,1.0
Transitional B cells,2,KPNA4,5.622802257537842,1.0
Transitional B cells,3,NDUFB7,4.53468132019043,1.0
Transitional B cells,4,EIF3A,4.259731292724609,1.0
Transitional B cells,5,PTPRA,5.023092269897461,1.0
Transitional B cells,6,NDUFB2,3.7596657276153564,1.0
Transitional B cells,7,ARPC1B,3.296936273574829,1.0
Transitional B cells,8,ALOX5AP,3.5251502990722656,1.0
Transitional B cells,9,COX7A2,3.423335075378418,1.0
Transitional B cells,10,PPIB,3.1637837886810303,1.0
Transitional B cells,11,COX4I1,2.4216110706329346,1.0
Transitional B cells,12,ATP5MG,2.48612117767334,1.0
Transitional B cells,13,H3F3A,1.9511997699737549,1.0
Transitional B cells,14,IL2RG,3.010103464126587,1.0
Transitional B cells,15,ATP5F1E,1.482434630393982,1.0
Transitional B cells,16,RPL38,1.4463770389556885,1.0
Transitional B cells,17,CD3G,2.5466761589050293,1.0
Transitional B cells,18,RPL6,1.0340315103530884,1.0
Transitional B cells,19,HLA-A,0.9839818477630615,1.0
Transitional B cells,20,CALM1,1.5400283336639404,1.0
Transitional B cells,21,RPS3A,0.9276924729347229,1.0
Transitional B cells,22,RACK1,1.5262268781661987,1.0
Transitional B cells,23,HSP90AA1,1.907596468925476,1.0
Transitional B cells,24,RPL34,0.8041312098503113,1.0
Transitional B cells,25,PTPRC,1.3481372594833374,1.0
Transitional B cells,26,RPL26,0.8285433053970337,1.0
Transitional B cells,27,HLA-E,1.6687878370285034,1.0
Transitional B cells,28,HLA-C,1.1120704412460327,1.0
Transitional B cells,29,SH3BGRL3,1.2521936893463135,1.0
Transitional B cells,30,USP28,6.271307468414307,1.0
Transitional B cells,31,RPLP1,0.5513396263122559,1.0
Transitional B cells,32,TGFBR1,5.509683609008789,1.0
Transitional B cells,33,RPL27A,1.1006073951721191,1.0
Transitional B cells,34,ACTB,0.7687986493110657,1.0
Transitional B cells,35,RPS15A,0.6710000038146973,1.0
Transitional B cells,36,GOLGA2,5.182041168212891,1.0
Transitional B cells,37,ALKBH5,4.750779151916504,1.0
Transitional B cells,38,ZRSR2,4.948272228240967,1.0
Transitional B cells,39,SACM1L,4.756990432739258,1.0
Transitional B cells,40,RPL17,1.7408695220947266,1.0
Transitional B cells,41,ZFP91,4.821603775024414,1.0
Transitional B cells,42,GBP1,4.446823596954346,1.0
Transitional B cells,43,CRBN,4.228987216949463,1.0
Transitional B cells,44,RPL24,1.0602580308914185,1.0
Transitional B cells,45,PFDN6,4.308910846710205,1.0
Transitional B cells,46,UBA52,1.0065230131149292,1.0
Transitional B cells,47,SHOC2,4.2568278312683105,1.0
Transitional B cells,48,DNAJA2,3.779872417449951,1.0
Transitional B cells,49,MAPK1,3.7391579151153564,1.0
Transitional B cells,50,COPB1,3.788429021835327,1.0
Transitional NK,1,IFITM2,2.429541826248169,1.0
Transitional NK,2,TMSB10,0.8324400186538696,1.0
Transitional NK,3,RPS29,0.7026515603065491,1.0
Transitional NK,4,ACTB,0.7945469617843628,1.0
Transitional NK,5,MALAT1,0.5254834294319153,1.0
Transitional NK,6,RPL13,0.4677324593067169,1.0
Transitional NK,7,CALM1,0.8834855556488037,1.0
Transitional NK,8,SH3BGRL3,0.9049802422523499,1.0
Transitional NK,9,TMSB4X,0.40794503688812256,1.0
Transitional NK,10,PTMA,0.6737878322601318,1.0
Transitional NK,11,RPS24,0.3095989525318146,1.0
Transitional NK,12,FAU,0.5569568872451782,1.0
Transitional NK,13,RPS27A,0.5472148060798645,1.0
Transitional NK,14,B2M,0.37363237142562866,1.0
Transitional NK,15,RPL37A,0.5754556059837341,1.0
Transitional NK,16,MT-ATP6,0.5056620836257935,1.0
Transitional NK,17,RPL32,0.27171412110328674,1.0
Transitional NK,18,MT-ND3,0.589055061340332,1.0
Transitional NK,19,RPL28,0.4758288562297821,1.0
Transitional NK,20,RPL21,0.47699102759361267,1.0
Transitional NK,21,RPL39,0.3044653534889221,1.0
Transitional NK,22,RPL35A,0.5132031440734863,1.0
Transitional NK,23,RPL18A,0.36984783411026,1.0
Transitional NK,24,MT-CO2,0.43667569756507874,1.0
Transitional NK,25,KLRD1,2.4169466495513916,1.0
Transitional NK,26,RPL10,0.11539566516876221,1.0
Transitional NK,27,MT-CO1,0.39435866475105286,1.0
Transitional NK,28,RPS27,0.15510420501232147,1.0
Transitional NK,29,RPL34,0.2599283456802368,1.0
Transitional NK,30,RPS21,0.516463041305542,1.0
Transitional NK,31,RPL29,0.3104521930217743,1.0
Transitional NK,32,PFN1,0.6069080829620361,1.0
Transitional NK,33,RPLP1,0.3697539269924164,1.0
Transitional NK,34,RPS18,0.43942195177078247,1.0
Transitional NK,35,S100A10,0.9201919436454773,1.0
Transitional NK,36,EEF1A1,0.07784491777420044,1.0
Transitional NK,37,TPT1,0.03416271135210991,1.0
Transitional NK,38,RPL41,0.06276824325323105,1.0
Transitional NK,39,RPS14,0.028281573206186295,1.0
Transitional NK,40,H1FX,1.8057202100753784,1.0
Transitional NK,41,RPL37,0.33312204480171204,1.0
Transitional NK,42,CRIP1,1.1775970458984375,1.0
Transitional NK,43,RPL6,0.12703172862529755,1.0
Transitional NK,44,RPL26,0.23375512659549713,1.0
Transitional NK,45,CCL5,1.0190949440002441,1.0
Transitional NK,46,HLA-E,0.4312164783477783,1.0
Transitional NK,47,RPS12,0.13466379046440125,1.0
Transitional NK,48,ATP5F1E,0.5133638978004456,1.0
Transitional NK,49,RPL14,0.13150906562805176,1.0
Transitional NK,50,FOSB,1.6441075801849365,1.0
Treg(diff),1,RPL8,0.7347428202629089,1.0
Treg(diff),2,MT-ND5,0.9424253106117249,1.0
Treg(diff),3,RPL30,0.40575990080833435,1.0
Treg(diff),4,RPL32,0.4255870580673218,1.0
Treg(diff),5,RPS6,0.5593571662902832,1.0
Treg(diff),6,RPL12,0.5486975312232971,1.0
Treg(diff),7,RPL10,0.3222366273403168,1.0
Treg(diff),8,RPS15,0.5060555338859558,1.0
Treg(diff),9,RPS23,0.4819391965866089,1.0
Treg(diff),10,RPS12,0.3547787070274353,1.0
Treg(diff),11,HSP90AB1,1.0730953216552734,1.0
Treg(diff),12,CCNL1,1.5222976207733154,1.0
Treg(diff),13,TAF7,1.814060926437378,1.0
Treg(diff),14,LUC7L3,1.6106995344161987,1.0
Treg(diff),15,EIF1,0.4421499967575073,1.0
Treg(diff),16,RPS7,0.5458760857582092,1.0
Treg(diff),17,LUC7L,2.6864025592803955,1.0
Treg(diff),18,RPS27A,0.31923967599868774,1.0
Treg(diff),19,RPL14,0.5322794914245605,1.0
Treg(diff),20,ACTG1,0.5805466175079346,1.0
Treg(diff),21,MALAT1,0.25854232907295227,1.0
Treg(diff),22,RPL13,0.2661604583263397,1.0
Treg(diff),23,MT-ND4,0.45057016611099243,1.0
Treg(diff),24,SAFB2,2.32936429977417,1.0
Treg(diff),25,CHD2,1.7465450763702393,1.0
Treg(diff),26,ZFAS1,1.011191964149475,1.0
Treg(diff),27,RPS8,0.2055339813232422,1.0
Treg(diff),28,NDUFV2,1.5908671617507935,1.0
Treg(diff),29,STK17B,0.9042465090751648,1.0
Treg(diff),30,RPL18A,0.46600595116615295,1.0
Treg(diff),31,SRI,1.6168363094329834,1.0
Treg(diff),32,RPL9,0.40836820006370544,1.0
Treg(diff),33,SLTM,1.4992831945419312,1.0
Treg(diff),34,MT-CO2,0.26199832558631897,1.0
Treg(diff),35,RPS24,0.12178321182727814,1.0
Treg(diff),36,RPL37,0.27952733635902405,1.0
Treg(diff),37,CEP350,1.6594089269638062,1.0
Treg(diff),38,SRRM1,1.081430196762085,1.0
Treg(diff),39,RPL26,0.3929910659790039,1.0
Treg(diff),40,TPT1,0.015599929727613926,1.0
Treg(diff),41,RPS27,0.1780390739440918,1.0
Treg(diff),42,HIST1H1D,2.2680323123931885,1.0
Treg(diff),43,MT-ND2,0.16217315196990967,1.0
Treg(diff),44,RPL7A,0.3084341585636139,1.0
Treg(diff),45,RPS18,0.1415073722600937,1.0
Treg(diff),46,CALM1,0.48228368163108826,1.0
Treg(diff),47,RPL5,0.2656148374080658,1.0
Treg(diff),48,PTMA,0.3590950071811676,1.0
Treg(diff),49,MT-ATP6,0.27086666226387024,1.0
Treg(diff),50,RPS28,0.17776639759540558,1.0
Trm cytotoxic T cells,1,CCL5,1.9270391464233398,3.318731734946605e-190
Trm cytotoxic T cells,2,CD8A,2.2206943035125732,2.9712447905304906e-96
Trm cytotoxic T cells,3,KLRK1,2.179124593734741,1.217187102169203e-44
Trm cytotoxic T cells,4,ITGA1,2.2651498317718506,3.854095675305663e-43
Trm cytotoxic T cells,5,KLRD1,1.533416509628296,1.000809622935125e-42
Trm cytotoxic T cells,6,MALAT1,0.25126156210899353,4.102851982117135e-41
Trm cytotoxic T cells,7,B2M,0.18088845908641815,2.95968129766279e-39
Trm cytotoxic T cells,8,TMSB4X,0.17525614798069,4.1274768775230997e-38
Trm cytotoxic T cells,9,CD8B,1.7175023555755615,1.9984932830398398e-33
Trm cytotoxic T cells,10,JUN,0.6486675143241882,5.794481813232016e-28
Trm cytotoxic T cells,11,NKG7,1.0897586345672607,2.3615637141150076e-27
Trm cytotoxic T cells,12,HLA-B,0.08360356837511063,2.9981734634412724e-26
Trm cytotoxic T cells,13,CD3D,0.5411199927330017,2.370706416600361e-25
Trm cytotoxic T cells,14,IFNG,1.6641709804534912,2.0034165391673926e-24
Trm cytotoxic T cells,15,SH3BGRL3,0.27608364820480347,2.480141090454744e-24
Trm cytotoxic T cells,16,CCL4,1.2658061981201172,3.402284691929686e-24
Trm cytotoxic T cells,17,MT-CO2,0.13954497873783112,1.381231938816009e-22
Trm cytotoxic T cells,18,RPS27,0.16475145518779755,1.5807091631416518e-21
Trm cytotoxic T cells,19,MT-ND3,0.15587332844734192,7.688691494935958e-21
Trm cytotoxic T cells,20,HLA-C,0.09460850059986115,8.891122644625598e-21
Trm cytotoxic T cells,21,PTMA,0.13512566685676575,8.891122644625598e-21
Trm cytotoxic T cells,22,MT-CO1,0.0922597348690033,1.0416648018545191e-20
Trm cytotoxic T cells,23,ACTB,0.10766249895095825,1.7333209096142864e-20
Trm cytotoxic T cells,24,MT-ATP6,0.11478200554847717,2.595257304537063e-20
Trm cytotoxic T cells,25,RPLP1,0.16588154435157776,3.9161924635843235e-20
Trm cytotoxic T cells,26,CD52,0.30737122893333435,4.791870865691549e-18
Trm cytotoxic T cells,27,ANKRD28,1.2795051336288452,7.962092931115069e-18
Trm cytotoxic T cells,28,KLF6,0.2962788939476013,2.7047359362555107e-17
Trm cytotoxic T cells,29,CD3G,0.5335599780082703,1.0768486750283507e-16
Trm cytotoxic T cells,30,RPS29,0.14240509271621704,5.54475569467465e-15
Trm cytotoxic T cells,31,KLRC1,1.5026640892028809,5.75903022846725e-15
Trm cytotoxic T cells,32,JUND,0.14501802623271942,1.0471556236464735e-14
Trm cytotoxic T cells,33,RPS12,0.12637804448604584,1.0610561989806177e-14
Trm cytotoxic T cells,34,IL32,0.26347118616104126,1.5014128395533882e-14
Trm cytotoxic T cells,35,CD2,0.35373544692993164,2.38352846296476e-14
Trm cytotoxic T cells,36,RPL41,0.08929450809955597,2.768018372586817e-14
Trm cytotoxic T cells,37,EIF1,0.03290531784296036,6.098874988299522e-14
Trm cytotoxic T cells,38,RPLP2,0.11761084944009781,6.430668611200714e-14
Trm cytotoxic T cells,39,RPL39,0.13562484085559845,1.3654990048818941e-13
Trm cytotoxic T cells,40,MT-ND4,0.06339793652296066,2.1349956975546694e-13
Trm cytotoxic T cells,41,CD69,0.6006393432617188,2.1686747655110652e-13
Trm cytotoxic T cells,42,RPS19,0.060307491570711136,3.075034950147006e-13
Trm cytotoxic T cells,43,PTPN22,0.9988420605659485,1.3533269392576173e-12
Trm cytotoxic T cells,44,GZMA,0.7302740216255188,1.3533269392576173e-12
Trm cytotoxic T cells,45,RPL13A,0.09948554635047913,1.891981559658981e-12
Trm cytotoxic T cells,46,DDX5,0.105794757604599,2.08069131742585e-12
Trm cytotoxic T cells,47,ZNF683,1.163150429725647,2.3964561487617545e-12
Trm cytotoxic T cells,48,CD7,0.6966525912284851,7.011458707607296e-12
Trm cytotoxic T cells,49,MT-CO3,0.032814886420965195,1.3045491413120554e-11
Trm cytotoxic T cells,50,HOPX,0.9527144432067871,2.832762185660244e-11
Type 1 helper T cells,1,ANXA1,0.991977870464325,1.4401353803561826e-26
Type 1 helper T cells,2,CD40LG,2.186915636062622,2.9117410975786627e-25
Type 1 helper T cells,3,KLRB1,1.0541205406188965,8.253881333656425e-15
Type 1 helper T cells,4,CRIP1,0.7490221261978149,1.1193670655484526e-13
Type 1 helper T cells,5,S100A6,0.4618254005908966,1.4760923539172065e-12
Type 1 helper T cells,6,CD2,0.5564317107200623,1.6830753803184097e-12
Type 1 helper T cells,7,S100A4,0.43955227732658386,5.6100833444271774e-11
Type 1 helper T cells,8,CKLF,0.6535384654998779,1.1445339386666867e-10
Type 1 helper T cells,9,VIM,0.38965556025505066,6.107694114383979e-10
Type 1 helper T cells,10,AHNAK,0.6723213195800781,3.3816498361449445e-09
Type 1 helper T cells,11,LINC00892,1.7760449647903442,5.7893656152536775e-09
Type 1 helper T cells,12,S100A11,0.4618854224681854,6.489062297168271e-09
Type 1 helper T cells,13,TXN,0.69532310962677,9.191012180808502e-09
Type 1 helper T cells,14,PLP2,0.7133263349533081,1.2408688146125674e-08
Type 1 helper T cells,15,EMP3,0.5753400921821594,1.2634250132183928e-08
Type 1 helper T cells,16,CXCR3,1.1432807445526123,3.8060655875940407e-08
Type 1 helper T cells,17,TXNIP,0.4620645046234131,2.6098087674736756e-07
Type 1 helper T cells,18,RBPJ,0.6739619970321655,7.437229518283743e-07
Type 1 helper T cells,19,CEBPB,0.6892906427383423,8.305639914630353e-07
Type 1 helper T cells,20,GZMA,0.7073481678962708,1.207944972843694e-06
Type 1 helper T cells,21,S100A10,0.42158907651901245,1.3088080017414374e-06
Type 1 helper T cells,22,RGCC,0.8433250188827515,1.6680264692724333e-06
Type 1 helper T cells,23,ANXA2,0.6361177563667297,3.1689702242939154e-06
Type 1 helper T cells,24,MYL12A,0.3255288004875183,1.006522338852518e-05
Type 1 helper T cells,25,CD99,0.4483296275138855,1.0315049748215816e-05
Type 1 helper T cells,26,CALM1,0.302700012922287,2.812256352011676e-05
Type 1 helper T cells,27,MIF,0.566848635673523,6.59347075461921e-05
Type 1 helper T cells,28,LGALS1,0.616736114025116,6.916325696736849e-05
Type 1 helper T cells,29,PFN1,0.28326836228370667,0.00019819740629663083
Type 1 helper T cells,30,LINC01943,1.0984464883804321,0.00026758606821700756
Type 1 helper T cells,31,PLEKHO1,0.7683066725730896,0.00031709691198269217
Type 1 helper T cells,32,IFNG,0.8970564007759094,0.0003178541343409854
Type 1 helper T cells,33,MAF,0.7699756622314453,0.00034926945724325425
Type 1 helper T cells,34,CD52,0.2659047245979309,0.000760194692546637
Type 1 helper T cells,35,SLAMF1,1.0740243196487427,0.0008004456436564022
Type 1 helper T cells,36,RPL36AL,0.30384162068367004,0.001100250461892482
Type 1 helper T cells,37,ID2,0.4664119780063629,0.0035818231697357207
Type 1 helper T cells,38,SSR2,0.4393623471260071,0.005569545151430104
Type 1 helper T cells,39,MYL12B,0.26065561175346375,0.005803354808063792
Type 1 helper T cells,40,SH3BGRL3,0.13923723995685577,0.005835152473506072
Type 1 helper T cells,41,SARAF,0.3540293872356415,0.00909806607546152
Type 1 helper T cells,42,TPT1,0.11692662537097931,0.00954651971625817
Type 1 helper T cells,43,EIF1,0.14661139249801636,0.011409194071896812
Type 1 helper T cells,44,RFLNB,0.8292468786239624,0.01365938120343116
Type 1 helper T cells,45,LAPTM5,0.3693156838417053,0.01365938120343116
Type 1 helper T cells,46,HIGD2A,0.4832628071308136,0.01785461554263604
Type 1 helper T cells,47,CD6,0.6834543347358704,0.019924805439376376
Type 1 helper T cells,48,PPIB,0.3724183440208435,0.02299752694966839
Type 1 helper T cells,49,NDUFA13,0.4243530333042145,0.027574517977629626
Type 1 helper T cells,50,NIBAN1,1.0020142793655396,0.02877317753282603
Type 17 helper T cells,1,KLRB1,2.0204572677612305,8.825477941773056e-28
Type 17 helper T cells,2,IL7R,1.6794893741607666,4.3128297676860084e-17
Type 17 helper T cells,3,RORA,1.4268795251846313,1.7269762398597868e-11
Type 17 helper T cells,4,LTB,1.132552146911621,6.985437547460056e-11
Type 17 helper T cells,5,CCR6,2.74288010597229,2.24560299223959e-09
Type 17 helper T cells,6,SPOCK2,1.2004317045211792,9.154654803419571e-08
Type 17 helper T cells,7,CCL20,2.7355287075042725,1.3414996630579642e-07
Type 17 helper T cells,8,ADAM19,1.7193652391433716,1.988410971638824e-07
Type 17 helper T cells,9,TNFRSF25,1.6377525329589844,7.641716088881374e-07
Type 17 helper T cells,10,IL4I1,3.327599048614502,5.898113327988349e-06
Type 17 helper T cells,11,MAF,1.292850136756897,6.917507198395699e-06
Type 17 helper T cells,12,RPLP0,0.5675310492515564,3.203589695739086e-05
Type 17 helper T cells,13,S100A4,0.5644257664680481,6.743198798019012e-05
Type 17 helper T cells,14,ZFP36L1,0.81898432970047,0.0012396911513976921
Type 17 helper T cells,15,YWHAH,1.0115001201629639,0.0012396911513976921
Type 17 helper T cells,16,EFHD2,1.0369905233383179,0.003295897404209359
Type 17 helper T cells,17,CMTM6,0.9715513586997986,0.00640504392147633
Type 17 helper T cells,18,PDE4D,1.3799688816070557,0.0077068504465856134
Type 17 helper T cells,19,GPSM3,0.7934802174568176,0.008288471689038221
Type 17 helper T cells,20,MGAT4A,1.1318795680999756,0.009228230580254727
Type 17 helper T cells,21,ERN1,1.375182867050171,0.009228230580254727
Type 17 helper T cells,22,TTC39C,1.009731650352478,0.01006424018746376
Type 17 helper T cells,23,CXCR6,1.207198143005371,0.012711152508836691
Type 17 helper T cells,24,ANKRD28,0.9558301568031311,0.012711152508836691
Type 17 helper T cells,25,TNFAIP8,0.806294322013855,0.01503349182606887
Type 17 helper T cells,26,CD69,0.6299721002578735,0.02573212870362455
Type 17 helper T cells,27,FURIN,1.5542445182800293,0.036345795635901866
Type 17 helper T cells,28,TNFSF13B,2.118037223815918,0.03798154394230313
Type 17 helper T cells,29,TNFAIP3,0.7104772329330444,0.03989418341482986
Type 17 helper T cells,30,CTSH,1.5417239665985107,0.04012413654209503
Type 17 helper T cells,31,CD40LG,1.267879605293274,0.042229981089663145
Type 17 helper T cells,32,CDC42EP3,1.019301414489746,0.05014671605870796
Type 17 helper T cells,33,CD44,0.5268924832344055,0.05602905037137183
Type 17 helper T cells,34,EML4,0.7082479000091553,0.059084528138432034
Type 17 helper T cells,35,ODF2L,0.8685348033905029,0.07331622269448536
Type 17 helper T cells,36,NMRK1,1.2494263648986816,0.08799512484864071
Type 17 helper T cells,37,FKBP11,0.9377296566963196,0.1200597696952246
Type 17 helper T cells,38,ANP32E,0.7986741065979004,0.13415144480286872
Type 17 helper T cells,39,SERP1,0.6008042693138123,0.1404172802296177
Type 17 helper T cells,40,TNFRSF4,1.329376220703125,0.14651615319910888
Type 17 helper T cells,41,GPR183,0.8551480174064636,0.169539598639345
Type 17 helper T cells,42,AAK1,0.661913275718689,0.169539598639345
Type 17 helper T cells,43,FNBP1,0.5964864492416382,0.1809435842627634
Type 17 helper T cells,44,SLAMF1,1.1355124711990356,0.1809435842627634
Type 17 helper T cells,45,GPRIN3,0.7786354422569275,0.18643781298417025
Type 17 helper T cells,46,PBXIP1,0.7370871901512146,0.18897646044690655
Type 17 helper T cells,47,CERK,1.2664138078689575,0.23848238679190856
Type 17 helper T cells,48,PPP1R15A,0.6136607527732849,0.28960382230222803
Type 17 helper T cells,49,RGS1,0.7933985590934753,0.29469966452199936
Type 17 helper T cells,50,MSN,0.5336818695068359,0.3082303294162808
gamma-delta T cells,1,KLRC2,3.6869447231292725,7.08078538203117e-38
gamma-delta T cells,2,CD7,2.2537457942962646,7.162518993781088e-26
gamma-delta T cells,3,ITGA1,3.0872139930725098,4.274109389893928e-24
gamma-delta T cells,4,KLRC1,3.0071566104888916,8.25799925448414e-21
gamma-delta T cells,5,TRGC2,2.3207883834838867,8.41259246613111e-18
gamma-delta T cells,6,CD63,1.788960576057434,3.0555764186515445e-17
gamma-delta T cells,7,KLRD1,2.1036603450775146,1.7582715551273618e-15
gamma-delta T cells,8,KIR2DL4,5.2471489906311035,3.8250563893190566e-15
gamma-delta T cells,9,HOPX,2.1057324409484863,9.060926497620396e-15
gamma-delta T cells,10,GNLY,2.527252435684204,5.256269042486681e-14
gamma-delta T cells,11,CCL5,1.5774205923080444,3.1261621722347087e-12
gamma-delta T cells,12,TRG-AS1,2.0535926818847656,6.090350379983935e-11
gamma-delta T cells,13,CTSW,1.7223395109176636,1.9526423318378223e-09
gamma-delta T cells,14,FOSB,1.497512698173523,1.2693046804152653e-08
gamma-delta T cells,15,ATP8B4,3.9373939037323,3.6158576113048674e-08
gamma-delta T cells,16,EVL,1.130744457244873,1.9790530133936182e-07
gamma-delta T cells,17,IKZF2,2.3113832473754883,3.6654047681388757e-07
gamma-delta T cells,18,ACAP1,1.269091010093689,5.672234818972279e-07
gamma-delta T cells,19,DAPK2,3.049490451812744,1.1344060936704637e-06
gamma-delta T cells,20,ENTPD1,3.086609363555908,1.834520192885434e-06
gamma-delta T cells,21,IL2RB,1.4304429292678833,4.063027647018842e-06
gamma-delta T cells,22,CLNK,3.070918321609497,1.9788459875497083e-05
gamma-delta T cells,23,ARHGAP9,1.6172665357589722,1.989379198852361e-05
gamma-delta T cells,24,PRF1,1.6506319046020508,2.0529871182722387e-05
gamma-delta T cells,25,TUBA1A,1.3015815019607544,2.1655343488377534e-05
gamma-delta T cells,26,FUS,1.1372541189193726,2.487021825987401e-05
gamma-delta T cells,27,DUSP1,1.1096570491790771,5.806328120105045e-05
gamma-delta T cells,28,GZMB,1.7919657230377197,7.480434109644842e-05
gamma-delta T cells,29,STOM,1.4197094440460205,0.00011477521283324216
gamma-delta T cells,30,ABI3,2.2860255241394043,0.00015149059684221552
gamma-delta T cells,31,SCML4,1.9146445989608765,0.00016653994435232775
gamma-delta T cells,32,PTPN6,1.6207232475280762,0.0001843725338025365
gamma-delta T cells,33,CHST12,1.5192877054214478,0.00018785656190071535
gamma-delta T cells,34,TRDC,1.8205788135528564,0.00018788199108838883
gamma-delta T cells,35,CD160,3.3452186584472656,0.00019402818381397384
gamma-delta T cells,36,DZIP3,2.2153940200805664,0.000259680128959479
gamma-delta T cells,37,SRSF7,0.9763931035995483,0.0002682908986713054
gamma-delta T cells,38,MAP2K2,1.203912615776062,0.000276053968436243
gamma-delta T cells,39,CD8A,1.2669488191604614,0.0003008879926099981
gamma-delta T cells,40,CD96,1.1948859691619873,0.0003249675404393033
gamma-delta T cells,41,SRGAP3,2.3091838359832764,0.0003282016751809497
gamma-delta T cells,42,CSF1,2.442317247390747,0.00038244164442066805
gamma-delta T cells,43,CCL4,1.2642298936843872,0.00046761369999550527
gamma-delta T cells,44,HCST,0.9814016222953796,0.0005566747770022715
gamma-delta T cells,45,RSRP1,0.9625778198242188,0.0014571296087011866
gamma-delta T cells,46,CD69,0.9544142484664917,0.0015303595737759439
gamma-delta T cells,47,IFNG,1.3924763202667236,0.0021555064280849964
gamma-delta T cells,48,SERPINB6,2.01969575881958,0.0021555064280849964
gamma-delta T cells,49,AOAH,2.0599327087402344,0.002263612803248328
gamma-delta T cells,50,RIN3,2.2788686752319336,0.0023088969316759217
pDC,1,TCF4,8.976348876953125,5.596917188356314e-05
pDC,2,MT-ND5,1.9859076738357544,5.596917188356314e-05
pDC,3,IRF4,6.230937957763672,0.001310700724481969
pDC,4,MALAT1,0.7250636219978333,0.0016396380547174737
pDC,5,MT-CO1,0.5982480645179749,0.009313484495326225
pDC,6,NEAT1,1.6051486730575562,0.03375020958372667
pDC,7,DDX5,0.8475675582885742,0.03780944087384859
pDC,8,BCL11A,9.258243560791016,0.044236362471061
pDC,9,MAP1A,8.8629150390625,0.044236362471061
pDC,10,IRF7,3.9384660720825195,0.05274451091146839
pDC,11,MT-ND2,1.0088533163070679,0.06298263967073187
pDC,12,MT-CO2,0.48626622557640076,0.0830936227355464
pDC,13,IFI44L,3.9239628314971924,0.12220963786824596
pDC,14,MT-ND4,0.7088321447372437,0.12903144755490795
pDC,15,CD74,2.783435821533203,0.1324653368983474
pDC,16,FCHSD2,5.28871488571167,0.17591473153588952
pDC,17,MT-ND3,0.4073518216609955,0.18150343921189602
pDC,18,AC103591.3,4.695888519287109,0.21301369854425686
pDC,19,PLCG2,4.416018486022949,0.24238537828810303
pDC,20,RRBP1,3.932145595550537,0.3145037749771372
pDC,21,MT-ATP6,0.4644949436187744,0.32434432461718604
pDC,22,GRASP,7.203643798828125,0.33161553199413524
pDC,23,IRF8,7.110965251922607,0.33526588535696933
pDC,24,LINC00996,6.365182876586914,0.34862341307678957
pDC,25,SLC20A1,3.7781050205230713,0.34862341307678957
pDC,26,MT-ND4L,2.379037618637085,0.35708041566671417
pDC,27,SON,1.534442663192749,0.36527404950351555
pDC,28,MT-ND1,0.7950915694236755,0.40170586876155295
pDC,29,MT-CO3,0.33214861154556274,0.46217982995096496
pDC,30,GZMB,2.9446651935577393,0.7351031459580557
pDC,31,PLD4,10.618849754333496,0.7421058564487683
pDC,32,UGCG,3.5009326934814453,0.83497612380471
pDC,33,TRAF4,5.918097972869873,0.8731809428736712
pDC,34,B4GALT1,3.3739330768585205,0.8994448086580473
pDC,35,TSPYL2,3.3867435455322266,0.9509560383174306
pDC,36,JAML,2.521754741668701,0.9530516242589481
pDC,37,GTF2I,2.5393309593200684,0.9549355125583743
pDC,38,HSP90B1,1.576377034187317,1.0
pDC,39,SLC15A4,4.462709903717041,1.0
pDC,40,MT-CYB,0.3273228108882904,1.0
pDC,41,CDYL,4.005402088165283,1.0
pDC,42,ZEB2,2.815338373184204,1.0
pDC,43,PNISR,1.2355669736862183,1.0
pDC,44,RASSF2,3.5946059226989746,1.0
pDC,45,CD2AP,3.645867347717285,1.0
pDC,46,NIBAN3,11.683381080627441,1.0
pDC,47,ZNF207,2.0494980812072754,1.0
pDC,48,RAB11FIP1,2.106719493865967,1.0
pDC,49,NR3C1,2.0880112648010254,1.0
pDC,50,PLAC8,3.319319486618042,1.0
